epoch,lr,stage,step,time,train_data,train_ic,train_phys,train_total,val_data,val_ic,val_phys,val_total
0,0.0009999731555581093,adam,20,16.619943380355835,0.006010070647539847,0.0,0.1318302668317662,1.324312738965202,0.006377542610706518,0.0,0.0854012941315448,0.8603904839261546
1,0.000999892596155405,adam,40,19.23966956138611,0.004076432516954496,0.0,0.0774418372436583,0.7784948049535375,0.003222657430514101,0.0,0.07488471547939697,0.7520698122244838
2,0.0009997582528740168,adam,60,20.101715564727783,0.003803196614654814,0.0,0.07012051550357046,0.7050083516503592,0.003906421499345034,0.0,0.0667384747525326,0.671291169024671
3,0.0009995702421292663,adam,80,20.90672540664673,0.003273378356141507,0.0,0.06028278063452365,0.6061011847013782,0.0028910998175802165,0.0,0.05224834682197207,0.5253745680373009
4,0.0009993285639211535,adam,100,21.76862120628357,0.0023465602953484724,0.0,0.04288615927057804,0.4312081530011289,0.0018170269255498633,0.0,0.03518329286261762,0.35364995555172607
5,0.0009990331018343568,adam,120,22.548315286636353,0.0012120778023009652,0.0,0.028203362818901113,0.28324570599131205,0.0011490196733770412,0.0,0.02326546910556344,0.23380371072901146
6,0.0009986842051148415,adam,140,23.3768630027771,0.0007570317695203396,0.0,0.021230717784411438,0.21306420961363468,0.001073304306292498,0.0,0.03129973265154603,0.3140706308217528
7,0.000998281524516642,adam,160,24.2861647605896,0.000515770539730612,0.0,0.016673148372067386,0.1672472542604045,0.0004960744281976372,0.0,0.01522286198123654,0.15272469424056304
8,0.0009978254092857242,adam,180,25.13242816925049,0.0003723615556034319,0.0,0.013012076216733965,0.13049312372294306,0.0003313341807990653,0.0,0.01181533866146046,0.11848472079540365
9,0.0009973157430067658,adam,200,26.053330183029175,0.00030772293114859716,0.0,0.01089449813441237,0.1092527042752723,0.0002883432505921534,0.0,0.010123856368555836,0.10152690693615052
10,0.000996752642095089,adam,220,26.91425323486328,0.0002750508429609131,0.0,0.009703128607947044,0.09730633692243136,0.00023766117154029321,0.0,0.008796952243266222,0.08820718360420252
11,0.0009961363393813372,adam,240,27.846252918243408,0.0002600996552622174,0.0,0.009128082414734897,0.09154092380261115,0.0002359243910407603,0.0,0.008428943447287514,0.08452535886391589
12,0.000995466485619545,adam,260,28.698030710220337,0.0002185863257075272,0.0,0.007262870888264059,0.07284729520834812,0.00021760213988962601,0.0,0.007370717146229584,0.07392477360218547
13,0.0009947435464709997,adam,280,29.58031725883484,0.0002719771941593378,0.0,0.009027882831298888,0.09055080550714822,0.0001849311959343722,0.0,0.0067567253792030196,0.06775218498796458
14,0.0009939672891050577,adam,300,30.464170455932617,0.00022522738050131325,0.0,0.007613156789529866,0.07635679527579997,0.00017954842921219839,0.0,0.0061927829674063625,0.06210737810327582
15,0.0009931380627676845,adam,320,31.393407106399536,0.00015883805846739535,0.0,0.005543918217938518,0.055598020237852576,0.0001606887978109107,0.0,0.005838081737543337,0.05854150617324429
16,0.00099225586745888,adam,340,32.23754835128784,0.00015424427034120203,0.0,0.005260432075568309,0.052758565026024315,0.00013576324925153422,0.0,0.0050312585364562104,0.050448348613813636
17,0.000991320819593966,adam,360,33.1064076423645,0.0001430222553235886,0.0,0.005002923578667226,0.05017225804199584,0.00015489867533929845,0.0,0.005335949752167253,0.05351439619701183
18,0.0009903329191729426,adam,380,33.96585130691528,0.00017783149234406188,0.0,0.005962992239030381,0.05980775388264788,0.0001320466292349392,0.0,0.0045959915982046375,0.04609196261128132
19,0.0009892923990264535,adam,400,34.8377902507782,0.00012099470505373847,0.0,0.00405783590085463,0.04069935371360004,0.00010540311450076276,0.0,0.003940648024308821,0.03951188335758897
20,0.0009881992591544986,adam,420,35.71975922584534,0.00010642413030121105,0.0,0.003730589172802562,0.037412315858326835,0.00012065914895186774,0.0,0.003971293979417594,0.0398335989431278
21,0.0009870537323877215,adam,440,36.533881187438965,0.0001306403143142309,0.0,0.004388525431793923,0.04401589463225347,0.0002808438574525486,0.0,0.00802843494418833,0.08056519329933583
22,0.0009858558187261224,adam,460,37.397987604141235,0.00016162209687502666,0.0,0.005189379459568531,0.05205541669256035,0.00010206722326504112,0.0,0.003702603297371426,0.037128100196979305
23,0.0009846057510003448,adam,480,38.2460515499115,9.355198583487181e-05,0.0,0.003368548870845854,0.03377904069429341,9.005187172418133e-05,0.0,0.0030959762600682897,0.031049814472407077
24,0.0009833037620410323,adam,500,39.10036659240723,8.044469092908889e-05,0.0,0.002902417741428779,0.02910462210521688,7.543148938383626e-05,0.0,0.0028737142553199434,0.02881257404258327
25,0.0009819496190175414,adam,520,39.98061013221741,9.257017102073503e-05,0.0,0.0031467038407275625,0.03155960857829635,8.737795117868057e-05,0.0,0.0029907870142894186,0.029995248094072866
26,0.0009805439040064812,adam,540,40.8688223361969,7.564157329708511e-05,0.0,0.002603932487863204,0.026114966451929122,6.907491513975942e-05,0.0,0.002614070627505922,0.026209781190198976
27,0.0009790866170078516,adam,560,41.68260622024536,7.910365227585016e-05,0.0,0.0027467499282907543,0.02754660293518339,9.977008832020524e-05,0.0,0.0032285864110600023,0.03238563419892023
28,0.0009775777580216527,adam,580,42.56124782562256,9.04968121512152e-05,0.0,0.0030601205883580987,0.030691702695732202,9.194514690694952e-05,0.0,0.003080272885461213,0.030894674001519077
29,0.0009760176762938499,adam,600,43.42468786239624,6.959391046361708e-05,0.0,0.002421385583048266,0.02428344974094628,7.558257372740674e-05,0.0,0.0026744267251901715,0.026819849825629124
30,0.000974406604655087,adam,620,44.22698736190796,8.350937831351355e-05,0.0,0.0028834821948690763,0.028918331327004266,0.00011326620912733964,0.0,0.004394225867953582,0.04405552488866316
31,0.000972744426690042,adam,640,45.0302894115448,7.278114953783588e-05,0.0,0.002621018456325057,0.026282965712788396,9.758488990351586e-05,0.0,0.0030806406354224043,0.03090399124412756
32,0.0009710316662676632,adam,660,45.88491487503052,6.164848136930813e-05,0.0,0.002204757679204133,0.022109225273410645,5.982872493451234e-05,0.0,0.002204726118905306,0.022107089913987573
33,0.0009692682069726288,adam,680,46.71262073516846,5.7659458699597746e-05,0.0,0.0020943537227444435,0.021001196686144037,8.168016225922991e-05,0.0,0.002853994011299535,0.02862162027525458
34,0.0009674543980509043,adam,700,47.5169632434845,6.646233068255717e-05,0.0,0.002385995102926531,0.023926413359947874,5.256805115908192e-05,0.0,0.0019235459218661956,0.01928802726982104
35,0.0009655905305407941,adam,720,48.34587335586548,5.6546841289168955e-05,0.0,0.0020406627539541066,0.020463174380830233,5.28192791511676e-05,0.0,0.001977670093638552,0.01982952021553669
36,0.0009636766626499593,adam,740,49.210272789001465,4.869755119666428e-05,0.0,0.0018074603286254783,0.01812330083745145,0.00010288064801156275,0.0,0.003749706991303548,0.03759995056104704
37,0.0009617129690013826,adam,760,50.08810496330261,0.00010572152101126104,0.0,0.003458363053250297,0.034689352053514234,9.781767239791541e-05,0.0,0.003064030645376986,0.030738124126167776
38,0.0009596997988410294,adam,780,50.978009939193726,4.981160760247997e-05,0.0,0.0018570962112089528,0.018620773719692008,4.297898504907859e-05,0.0,0.0017285945850643487,0.017328924835692566
39,0.0009576372685842216,adam,800,51.841893434524536,4.764518934422352e-05,0.0,0.001767233300400233,0.01771997819334655,5.717062632658676e-05,0.0,0.00208140878847426,0.020871258511069187
40,0.0009555257274769247,adam,820,52.63227701187134,4.9711708869118975e-05,0.0,0.0018085056046257015,0.018134767755126128,4.984757852826069e-05,0.0,0.0019344703652605965,0.019394551231134226
41,0.0009533652919344604,adam,840,53.50714707374573,4.0230363884692045e-05,0.0,0.0014815099140348994,0.014855329504233688,4.980623622234233e-05,0.0,0.0017336351365106644,0.017386157601328986
42,0.0009511563112027943,adam,860,54.33700513839722,4.170263767864687e-05,0.0,0.00160487334156072,0.016090436053285844,3.720678554280217e-05,0.0,0.0015990336991777692,0.016027543777320494
43,0.0009488988434895873,adam,880,55.18133068084717,3.8108567136501155e-05,0.0,0.001462187200864407,0.01465998057578057,3.4277379750756723e-05,0.0,0.0014467182295248245,0.014501459674999
44,0.0009465932380408049,adam,900,55.98025417327881,5.388218079098714e-05,0.0,0.0019053455074552503,0.019107337255343495,6.622479806700596e-05,0.0,0.0025908488695799542,0.02597471349386655
45,0.0009442397858947515,adam,920,56.796422719955444,4.6406719415475694e-05,0.0,0.0017265278876270915,0.01731168559568639,4.033644662831497e-05,0.0,0.0016702065078902414,0.01674240152553073
46,0.0009418387780897319,adam,940,57.7755389213562,6.478145150548441e-05,0.0,0.0023455112427350922,0.023519893878856404,7.944983529635249e-05,0.0,0.002913078460970734,0.02921023444500369
47,0.0009393903310410678,adam,960,58.61231803894043,5.824330604009232e-05,0.0,0.00206083188474765,0.02066656215351659,6.342921759381043e-05,0.0,0.0024210376879660843,0.024273806097254654
48,0.0009368948522023857,adam,980,59.58039689064026,3.9327198777778056e-05,0.0,0.001486939699416772,0.0149087241929455,3.935612471223745e-05,0.0,0.0015413285094780396,0.015452641219492634
49,0.0009343525161966681,adam,1000,60.400362968444824,3.6492571252208855e-05,0.0,0.001416861425516672,0.014205106826418932,6.346759394182883e-05,0.0,0.002112078209046859,0.02118424968441042
50,0.0009317636722698808,adam,1020,61.25585055351257,3.713079676254143e-05,0.0,0.0014090786639691234,0.01412791743645378,3.879199247275903e-05,0.0,0.0015489118611735546,0.015527910604208304
51,0.0009291285532526672,adam,1040,62.060593605041504,3.470599693345468e-05,0.0,0.001391681830327286,0.013951524300206315,3.0097666475350033e-05,0.0,0.0012861733677214371,0.012891831343689722
52,0.000926447450183332,adam,1060,62.89963912963867,2.851416714760607e-05,0.0,0.0011399166309084376,0.011427680476231983,2.7796752839583875e-05,0.0,0.0012344862025039885,0.012372658777879469
53,0.0009237207123078406,adam,1080,63.771822452545166,2.803020512429912e-05,0.0,0.0011683751135804837,0.011711781340929138,3.72162531960833e-05,0.0,0.0015149103791908584,0.015186320045104668
54,0.0009209486306644976,adam,1100,64.62784481048584,3.5494008563633265e-05,0.0,0.001418911530388882,0.014224609312452452,5.1913332973638844e-05,0.0,0.0017091805947449296,0.017143719280422933
55,0.0009181314380839467,adam,1120,65.45764183998108,3.1227853489470285e-05,0.0,0.0012428297872324051,0.012459525725813523,2.8731928296578393e-05,0.0,0.0012987195052799065,0.013015926981095645
56,0.0009152695420198143,adam,1140,66.36148977279663,2.8342299739201542e-05,0.0,0.0011767783381814614,0.011796125681553814,2.8183074203853383e-05,0.0,0.0011785124361555494,0.011813307435759349
57,0.0009123631753027439,adam,1160,67.20064043998718,2.7808919786880292e-05,0.0,0.001152538613089107,0.011553195050677954,4.0822066035919933e-05,0.0,0.0015605654853888499,0.015646476919924417
58,0.0009094126871787012,adam,1180,68.05413913726807,5.242963154952865e-05,0.0,0.0017874536842521827,0.01792696647407136,2.3667907032496985e-05,0.0,0.0010683505149205329,0.010707173056237826
59,0.0009064183686859906,adam,1200,68.88193941116333,3.6292007933896444e-05,0.0,0.0013499705994760838,0.013535998002694737,2.3354699284962997e-05,0.0,0.001095633990051167,0.010979694599796634
60,0.0009033806272782385,adam,1220,69.78906846046448,2.529177912739444e-05,0.0,0.0010843826784066892,0.010869118563194289,2.5562811546029346e-05,0.0,0.0010672660826620576,0.010698223638166606
61,0.0009002997539937496,adam,1240,70.6363365650177,2.9436173731635944e-05,0.0,0.001146454236408602,0.011493978537817653,2.4964299854167514e-05,0.0,0.0011794623233719141,0.01181958753357331
62,0.0008971759816631675,adam,1260,71.48441791534424,2.3354524977949852e-05,0.0,0.0009950846892441336,0.00997420141741929,2.4149980611123334e-05,0.0,0.0011639172327915146,0.011663322308526269
63,0.0008940098341554403,adam,1280,72.32328367233276,4.827536880419272e-05,0.0,0.0018241329936348658,0.01828960530515285,4.429474796432707e-05,0.0,0.001667479636418313,0.016719091112147456
64,0.0008908016025088727,adam,1300,73.15298771858215,2.9935857173539627e-05,0.0,0.0012269368338684301,0.012299304195857843,4.530632044061383e-05,0.0,0.001600187727197165,0.016047183592412265
65,0.0008875515195541084,adam,1320,74.05572319030762,3.208913803750623e-05,0.0,0.001251006529443396,0.012542154432471465,2.3602473737891145e-05,0.0,0.0010158082003305022,0.010181684477042914
66,0.0008842601091600955,adam,1340,74.93643045425415,2.506948757494586e-05,0.0,0.0010443305425012004,0.01046837491258695,2.8652005293615372e-05,0.0,0.0010114042691588164,0.010142694696881779
67,0.0008809275459498167,adam,1360,75.78856825828552,2.271921524716796e-05,0.0,0.0009109321469741577,0.009132040684988744,1.9424509587918824e-05,0.0,0.0009235786276661445,0.009255210786249364
68,0.0008775544702075422,adam,1380,76.70340776443481,2.1720334735954604e-05,0.0,0.0009526826328724164,0.009548546663460118,3.866596007647968e-05,0.0,0.0013966830263231768,0.01400549622330825
69,0.0008741409401409328,adam,1400,77.505446434021,2.066430872346345e-05,0.0,0.0008999958879525319,0.009020623188248783,1.8105104242631332e-05,0.0,0.0008694334973631456,0.008712440077874088
70,0.0008706876542419195,adam,1420,78.36763548851013,2.3506057765211693e-05,0.0,0.0009916053369556299,0.00993955942732151,1.8039532612992238e-05,0.0,0.0008659232259970011,0.008677271792583003
71,0.0008671946125105023,adam,1440,79.19261693954468,2.130754199386745e-05,0.0,0.0008992963197559624,0.009014270739553496,2.38319507977965e-05,0.0,0.0011184807492033103,0.0112086394428309
72,0.0008636625716462731,adam,1460,79.9753520488739,2.1660107136639264e-05,0.0,0.0009495797122652493,0.00951745722978913,1.6845681153296404e-05,0.0,0.0008311226310398718,0.008328071991552015
73,0.0008600915898568928,adam,1480,80.88158679008484,1.699273629528923e-05,0.0,0.0007726016712994879,0.007743009449290168,2.895980101338167e-05,0.0,0.0011201605291317263,0.011230565092330645
74,0.0008564823656342924,adam,1500,81.6795437335968,1.983302432279541e-05,0.0,0.0008771489624367857,0.008791322648690654,1.8979926994016822e-05,0.0,0.0009813763061810277,0.009832742988804294
75,0.0008528350736014545,adam,1520,82.53062534332275,2.2438448153656537e-05,0.0,0.0009198754781229678,0.009221193229383336,2.009185145321279e-05,0.0,0.0009043783251251793,0.009063875102705007
76,0.0008491502376273274,adam,1540,83.34359645843506,1.8123825551197284e-05,0.0,0.0007888076413760526,0.007906200239311722,2.0378859135122525e-05,0.0,0.0010341464892286115,0.010361843751421237
77,0.0008454281487502158,adam,1560,84.18280577659607,2.8377371408499417e-05,0.0,0.001068547107722178,0.010713848448630279,5.391395218574432e-05,0.0,0.002436392014617465,0.024417834098360396
78,0.0008416692144237459,adam,1580,85.04685640335083,5.3831469050399405e-05,0.0,0.0018895462977422442,0.01894929444647284,3.27709239134817e-05,0.0,0.0011755204189479575,0.011787975113393056
79,0.0008378740167245269,adam,1600,85.90268588066101,2.3814993060916406e-05,0.0,0.0009074463110327105,0.00909827810338802,2.2848157627816438e-05,0.0,0.0009155198627554712,0.009178046785182527
80,0.0008340428466908634,adam,1620,86.74105381965637,2.1024325897475294e-05,0.0,0.0008460895678058696,0.00848192000395617,1.816717814441421e-05,0.0,0.0008391121088132845,0.008409288266277258
81,0.0008301761117763817,adam,1640,87.55620050430298,1.8631782374833696e-05,0.0,0.0007500876253747062,0.0075195080361218965,1.657112566836484e-05,0.0,0.0007455856467755973,0.007472427593424338
82,0.0008262743358500302,adam,1660,88.37265992164612,1.620894166635695e-05,0.0,0.0007347133994721295,0.0073633429363876525,1.796269769269695e-05,0.0,0.0007888343430183687,0.007906306127876383
83,0.0008223378099501133,adam,1680,89.16340684890747,1.658580454211511e-05,0.0,0.000716484556261073,0.007181431367152845,1.9826288706956924e-05,0.0,0.0007810154331415755,0.007829980620122712
84,0.0008183670579455793,adam,1700,89.9604241847992,1.4595021402819724e-05,0.0,0.0006891002965849672,0.006905597987252492,1.823243157930563e-05,0.0,0.0007697024889483699,0.007715257321063004
85,0.0008143624872900546,adam,1720,90.78428840637207,1.7934323514800894e-05,0.0,0.0007704880995002239,0.00772281531851704,2.2606984689845376e-05,0.0,0.0009077767146246416,0.009100374130936261
86,0.0008103244472295046,adam,1740,91.66923666000366,1.7167424014616865e-05,0.0,0.0007446490018211138,0.007463657442225752,1.4032830286484294e-05,0.0,0.0006848681192575026,0.00686271402286151
87,0.0008062535780481994,adam,1760,92.5288634300232,1.5411863088661103e-05,0.0,0.0006602468078435875,0.006617879941524535,1.4412994313195026e-05,0.0,0.0006988254434193884,0.0070026674285070785
88,0.0008021501707844436,adam,1780,93.35807180404663,1.580216977576163e-05,0.0,0.0007086900194305766,0.0071027023640815295,3.077091871460755e-05,0.0,0.0012469796811980208,0.012500567730694814
89,0.0007980148075148463,adam,1800,94.19503951072693,1.955503499473504e-05,0.0,0.0008282967476550051,0.008302522511544789,4.174229469121558e-05,0.0,0.001350469688989777,0.013546439184588985
90,0.0007938477792777121,adam,1820,95.00864052772522,1.9338902273824787e-05,0.0,0.0007840930483952261,0.007860269386226085,1.5337034499749058e-05,0.0,0.0007044427114155543,0.0070597641486552926
91,0.0007896496681496501,adam,1840,95.85022830963135,1.4467106834758388e-05,0.0,0.0006531599874089278,0.006546066980924037,1.2969136817758302e-05,0.0,0.000667579457710213,0.006688763713919889
92,0.0007854208815842867,adam,1860,96.70248675346375,1.729006082211007e-05,0.0,0.0007165131762048602,0.007182421822870709,1.579001153842157e-05,0.0,0.0007288806863489543,0.007304596875027965
93,0.0007811618270352483,adam,1880,97.55280494689941,2.6694804012773736e-05,0.0,0.0010084914433020134,0.01011160923703291,1.5239187390283977e-05,0.0,0.0006585924015032915,0.006601163202423199
94,0.0007768731447868049,adam,1900,98.41540145874023,1.6767388290670122e-05,0.0,0.0007061041154353401,0.007077808542644071,1.4420868897944112e-05,0.0,0.0006318547442846764,0.006332968311744708
95,0.0007725550676696002,adam,1920,99.27576756477356,1.3965554613199583e-05,0.0,0.0006026236290834178,0.006040201845447378,1.262443959296004e-05,0.0,0.0005970308027478659,0.005982932467071619
96,0.0007682084105908871,adam,1940,100.08056616783142,1.2884936823281704e-05,0.0,0.000570456910205655,0.0057174540388798345,1.2817040214293546e-05,0.0,0.0006047718470814815,0.0060605355110291085
97,0.0007638333481736481,adam,1960,100.9963493347168,1.3618293519529604e-05,0.0,0.0006111405421480032,0.006125023714999562,1.2762352943730075e-05,0.0,0.0006081925297288945,0.006094687650232675
98,0.0007594302878715098,adam,1980,101.86160588264465,1.3771233300128408e-05,0.0,0.000609238568771727,0.006106156921017398,1.2102232849223793e-05,0.0,0.0006179831558247498,0.006191933791096722
99,0.0007550000445917249,adam,2000,102.69203495979309,1.8332866255685e-05,0.0,0.0007306771397848954,0.007325104264104637,1.8001381724794117e-05,0.0,0.000724671305069938,0.007264714432424175
100,0.000750542851164937,adam,2020,103.58015704154968,1.748103302600693e-05,0.0,0.0007161879413564449,0.007179360446590455,1.615446970866864e-05,0.0,0.0006572974379018018,0.006589128848726687
101,0.0007460592896677554,adam,2040,104.46273708343506,1.3188987889537599e-05,0.0,0.0005644860982585253,0.005658049970474791,1.593651687520129e-05,0.0,0.0007002394580182538,0.007018331097057739
102,0.0007415498839691281,adam,2060,105.33677625656128,1.5815342098587228e-05,0.0,0.0006472550923031994,0.006488366265130581,1.6331718195395604e-05,0.0,0.0006934876627949323,0.006951208346144719
103,0.0007370150997303426,adam,2080,106.2348473072052,1.3025622364433508e-05,0.0,0.0005606682656224769,0.005619708278589203,1.2436024033416273e-05,0.0,0.0005717697052956068,0.005730133076989484
104,0.0007324554026126862,adam,2100,107.14797878265381,1.2103393438585961e-05,0.0,0.0005432513125270463,0.005444616518709048,1.345848229094236e-05,0.0,0.0005842296847221049,0.005855755329511991
105,0.000727871258277446,adam,2120,107.95930361747742,1.2816156613529503e-05,0.0,0.0005493874833465474,0.005506690990079005,1.2117757486475242e-05,0.0,0.0005359484232484897,0.005371601989971372
106,0.0007232632488012314,adam,2140,108.7903847694397,1.2081171548298534e-05,0.0,0.0005402502459712268,0.005414583631260566,1.052787349186725e-05,0.0,0.0005311673957304221,0.0053222018307960885
107,0.0007186318398453295,adam,2160,109.60806703567505,1.657833615430577e-05,0.0,0.0006665577818220045,0.006682156154374353,3.327238292842569e-05,0.0,0.0012594603161784693,0.012627875544713119
108,0.0007139776134863496,adam,2180,110.44806289672852,3.1780009530736894e-05,0.0,0.0011259448613354607,0.011291228622885344,1.4283902021027213e-05,0.0,0.0005423839507841696,0.005438123409862723
109,0.000709300977177918,adam,2200,111.34384727478027,1.6493956338208683e-05,0.0,0.0006096080659465394,0.006112574615803603,1.8305908286551113e-05,0.0,0.0006025380068412744,0.006043685976699295
110,0.0007046025129966438,adam,2220,112.15852618217468,1.1310579539978836e-05,0.0,0.0004760342574467717,0.0047716531540076945,1.0014885794948663e-05,0.0,0.0004876642905081986,0.004886657790876935
111,0.0006998826866038144,adam,2240,112.96759223937988,1.175008782999963e-05,0.0,0.0005109213288875676,0.005120963376705674,1.112229948720863e-05,0.0,0.0005032028628426834,0.005043150927914043
112,0.0006951420218683779,adam,2260,113.87160420417786,1.0054965231385297e-05,0.0,0.0004433295738242199,0.004443350703473586,1.1220669950175964e-05,0.0,0.0004979140913948086,0.004990361583898263
113,0.0006903810426592827,adam,2280,114.74071073532104,1.1039809418035093e-05,0.0,0.0004703339486134035,0.004714379295552069,1.0568041053416288e-05,0.0,0.00048159533954045817,0.0048265214364579985
114,0.0006856003310531378,adam,2300,115.56873369216919,1.0640368013882975e-05,0.0,0.00047590378326168355,0.004769678200630719,9.827304834596126e-06,0.0,0.00045808792909243003,0.004590706595758897
115,0.0006808002945035696,adam,2320,116.44207572937012,1.0474597320871577e-05,0.0,0.00044174603549306825,0.004427934952251555,1.5082240756961109e-05,0.0,0.0005599635179186262,0.0056147174199432225
116,0.0006759816315025091,adam,2340,117.2706949710846,1.0475168487995502e-05,0.0,0.0004492586631259967,0.0045030617997479615,1.0018234097709944e-05,0.0,0.00045042006715148824,0.004514218905612592
117,0.0006711446330882609,adam,2360,118.1492018699646,1.2913732827429151e-05,0.0,0.0005358926330465054,0.005371840063292483,1.3110883865320697e-05,0.0,0.0005835798369670658,0.005848909253535979
118,0.0006662900559604168,adam,2380,118.99200773239136,1.1277533861401667e-05,0.0,0.00047234970090598587,0.0047347745429212615,2.738269756838973e-05,0.0,0.0009596473923053344,0.009623856620621733
119,0.0006614183657802641,adam,2400,119.88180541992188,1.3289720683099308e-05,0.0,0.00051883454522575,0.005201635172940599,1.0985341889268563e-05,0.0,0.0004806787256829478,0.004817772598718747
120,0.0006565299700014293,adam,2420,120.68398714065552,9.248341519856952e-06,0.0,0.0004201537810110404,0.0042107861516302615,9.038287516216026e-06,0.0,0.00044313533922817647,0.004440391679797981
121,0.0006516256253235042,adam,2440,121.54399752616882,9.91118417105644e-06,0.0,0.00043231550296241473,0.004333066213795204,8.914201072765696e-06,0.0,0.00042169508920331935,0.004225865093105959
122,0.0006467056809924543,adam,2460,122.36884641647339,9.309256342938333e-06,0.0,0.00042016125358497496,0.004210921792192688,1.0288507409396233e-05,0.0,0.00042797812686348177,0.004290069776044214
123,0.0006417707772925496,adam,2480,123.26761507987976,9.712719489093568e-06,0.0,0.00041945274301263293,0.004204240149615422,1.0926354071938698e-05,0.0,0.00042980659153339315,0.00430899226940587
124,0.0006368213798850775,adam,2500,124.13123297691345,1.1057729870023155e-05,0.0,0.0004368845829469681,0.004379903559339703,1.1387482801193079e-05,0.0,0.0005125257508354751,0.005136644991155944
125,0.0006318581290543079,adam,2520,125.03446888923645,9.527918827388923e-06,0.0,0.00041922428166635544,0.004201770735490943,1.0421186253285409e-05,0.0,0.0004816818588464702,0.004827239774717987
126,0.0006268814322538674,adam,2540,125.86707592010498,1.113539475168175e-05,0.0,0.00047446053067983504,0.004755740701550033,7.855273605106738e-06,0.0,0.0004032251625239349,0.004040106898844455
127,0.000621891871560365,adam,2560,126.76175498962402,1.0945124401433512e-05,0.0,0.0004606038424517193,0.004616983548918626,1.3652184748140254e-05,0.0,0.0005482057283410154,0.005495709468158295
128,0.0006168902036733925,adam,2580,127.60388326644897,1.0589086421300615e-05,0.0,0.00042948651653184613,0.004305454251739762,8.76637937538891e-06,0.0,0.0004087196401750701,0.00409596278112609
129,0.0006118767196312547,adam,2600,128.52762174606323,9.016681743919502e-06,0.0,0.0003877271767258427,0.0038862884490023465,1.0078970996362727e-05,0.0,0.0004465179914005177,0.004475258885001539
130,0.0006068521179258823,adam,2620,129.42113590240479,9.173873155037397e-06,0.0,0.000372289940460979,0.0037320732777648266,8.8934564908034e-06,0.0,0.00042543949655095503,0.004263288422000354
131,0.0006018168642185628,adam,2640,130.24967694282532,9.941327584439894e-06,0.0,0.00038507259266968907,0.003860667254281329,9.328637851383847e-06,0.0,0.00041170509272914246,0.004126379565142809
132,0.0005967714823782444,adam,2660,131.04517364501953,9.286047478442248e-06,0.0,0.00038619793001828066,0.0038712653476612484,1.2078364075428934e-05,0.0,0.0005063057826113839,0.005075136190189268
133,0.0005917167291045189,adam,2680,131.8501124382019,1.0362461184460473e-05,0.0,0.00042114816150137324,0.004221844076198191,9.764094193603741e-06,0.0,0.00047619369330263316,0.004771701027219935
134,0.0005866529536433518,adam,2700,132.67382383346558,8.428143384338441e-06,0.0,0.0003577773463534936,0.003586201606919275,8.378103121773453e-06,0.0,0.00036357195487392156,0.003644097651860989
135,0.0005815806798636913,adam,2720,133.48732614517212,7.509854609672409e-06,0.0,0.0003275657124300682,0.0032831669789103535,7.602765935087674e-06,0.0,0.0003402806793159999,0.0034104095590950867
136,0.0005765006062574685,adam,2740,134.32830119132996,8.260632454125945e-06,0.0,0.00034290469303156627,0.0034373075627697884,9.82786032912437e-06,0.0,0.00044972391900590454,0.004507067050388169
137,0.0005714132566936314,adam,2760,135.23539781570435,7.5606031988977745e-06,0.0,0.0003398662551903235,0.0034062231551021333,9.029192875514972e-06,0.0,0.00037594434468823815,0.003768472639757896
138,0.0005663192132487893,adam,2780,136.08827137947083,8.189976634115103e-06,0.0,0.00035122965876338964,0.0035204865642680114,8.547852056959678e-06,0.0,0.00039843490474440556,0.0039928968995010155
139,0.0005612189415842295,adam,2800,136.92847323417664,9.505359889693907e-06,0.0,0.0003999423339108809,0.004008928698998503,8.744746851980653e-06,0.0,0.00034377220980339937,0.0034464668448859746
140,0.0005561130819842219,adam,2820,137.7450134754181,8.223235530892994e-06,0.0,0.0003244450667493331,0.0032526739030242237,7.997757580053618e-06,0.0,0.00033622718579588186,0.003370269615538872
141,0.0005510021583177149,adam,2840,138.5521366596222,8.102489459374083e-06,0.0,0.0003349595246637738,0.0033576977360971127,8.645378785368544e-06,0.0,0.0003916701755940103,0.003925347134725471
142,0.0005458866944536567,adam,2860,139.37464380264282,8.29655830764015e-06,0.0,0.0003422338108805999,0.0034306346671136396,7.095055011779581e-06,0.0,0.00032641224305320673,0.003271217485543847
143,0.0005407673888839781,adam,2880,140.19795989990234,7.894694949393023e-06,0.0,0.0003316640786132453,0.003324535481081847,7.910597589893618e-06,0.0,0.000324675958979737,0.0032546701873872636
144,0.0005356445908546448,adam,2900,140.9536783695221,7.155827173958345e-06,0.0,0.00031179856208119453,0.0031251414479859046,1.0506441062269765e-05,0.0,0.0003754727221141384,0.0037652336622036537
145,0.0005305190570652485,adam,2920,141.8264455795288,1.0263217660674549e-05,0.0,0.00040449921106128857,0.00405525532827356,7.382770737677717e-06,0.0,0.000371324103229827,0.003720623803035948
146,0.0005253912531770766,adam,2940,142.6753478050232,8.269754642705308e-06,0.0,0.00033155848136721033,0.0033238545683148086,1.1436003052936337e-05,0.0,0.00046862208800552954,0.004697656883108232
147,0.0005202617030590773,adam,2960,143.5681972503662,7.6248256202347954e-06,0.0,0.00033526711942999355,0.0033602960199201706,6.839205514894562e-06,0.0,0.0003580583208273368,0.003587422413788262
148,0.0005151311634108424,adam,2980,144.45369625091553,7.216134541652172e-06,0.0,0.0003138307196917182,0.0031455233314588342,9.686587273017456e-06,0.0,0.0004271772529467538,0.004281459116740556
149,0.0005100000416859984,adam,3000,145.2985861301422,7.959074859217437e-06,0.0,0.0003374972890605064,0.003382931965464281,6.670024426121424e-06,0.0,0.00031839865582166527,0.0031906565826427744
150,0.0005048688035458326,adam,3020,146.17525911331177,7.205047660161148e-06,0.0,0.00030207101073385006,0.0030279151549986623,7.0870654713824744e-06,0.0,0.0003156597637939535,0.0031636847034109176
151,0.0004997382638975978,adam,3040,147.0487539768219,6.801212433908362e-06,0.0,0.0002847774599936957,0.0028545758123708644,6.476695324562633e-06,0.0,0.0003253741473872294,0.0032602181691968567
152,0.0004946087719872594,adam,3060,147.89106559753418,7.071701752489974e-06,0.0,0.00028359408626925516,0.0028430125644450417,6.433686427316225e-06,0.0,0.0003021577014170775,0.0030280107005980915
153,0.0004894809680990875,adam,3080,148.7227907180786,6.898149061135657e-06,0.0,0.00029286387129151727,0.0029355368619763083,8.26586324327848e-06,0.0,0.00030949308052089387,0.003103196668452217
154,0.0004843554343096912,adam,3100,149.5512340068817,6.797717749308722e-06,0.0,0.00029012283402328324,0.002908026057982142,6.804766411850863e-06,0.0,0.00032088669854920615,0.003215671751903912
155,0.0004792327235918492,adam,3120,150.42832779884338,7.370552412246339e-06,0.0,0.00030596960218863285,0.0030670665742985746,1.1136068685613061e-05,0.0,0.00041871819991065617,0.004198318067792174
156,0.00047411330160684884,adam,3140,151.33802962303162,7.280592326919958e-06,0.0,0.00030498809215389515,0.003057161513865872,7.494687420583636e-06,0.0,0.00034681431366362516,0.0034756378240568355
157,0.00046899792505428195,adam,3160,152.1151418685913,6.2400100783525486e-06,0.0,0.00026916807426130465,0.0026979207526913996,7.313484198186988e-06,0.0,0.0002951610301671083,0.00295892378586927
158,0.0004638869722839445,adam,3180,152.91506433486938,6.175043580758779e-06,0.0,0.00025540925632080096,0.002560267606788768,5.976980346559225e-06,0.0,0.000308749674851529,0.003093473728861849
159,0.0004587810253724456,adam,3200,153.75084376335144,6.040831438345389e-06,0.0,0.0002669833613186423,0.0026758744446247684,6.560465621611515e-06,0.0,0.0002775007106709271,0.0027815675723308823
160,0.0004536807828117162,adam,3220,154.5963170528412,6.523746791495223e-06,0.0,0.0002850653573576356,0.002857177320367851,9.102408777510604e-06,0.0,0.0003274946999412206,0.0032840494081897167
161,0.00044858671026304364,adam,3240,155.48893070220947,7.032599282370352e-06,0.0,0.0003035701977976993,0.003042734577259363,6.952853256748223e-06,0.0,0.0003249969452838171,0.003256922306094919
162,0.0004434994189068675,adam,3260,156.32625436782837,6.600003540864603e-06,0.0,0.0002910183733632351,0.0029167837371732153,7.469520515355659e-06,0.0,0.0003137072179666442,0.0031445417001817974
163,0.0004384192870929837,adam,3280,157.01614952087402,6.43767715561969e-06,0.0,0.0002702569212100389,0.002709006889256009,6.66826558872469e-06,0.0,0.00029206938529668534,0.0029273621185555783
164,0.0004333471297286451,adam,3300,157.68917870521545,5.678766127346225e-06,0.0,0.00024032285962464814,0.0024089073623738276,5.676820530070416e-06,0.0,0.00025737210527817096,0.0025793978733117803
165,0.00042828332516364753,adam,3320,158.37209486961365,5.345302381756577e-06,0.0,0.00024726383220345514,0.0024779836244163077,5.5801971445969534e-06,0.0,0.000255443431917008,0.002560014516314677
166,0.00042322848457843065,adam,3340,159.1025242805481,5.448073601810144e-06,0.0,0.0002371531480715523,0.0023769795543173338,6.130789695020924e-06,0.0,0.000273989069020223,0.002746021479897251
167,0.0004181831900496036,adam,3360,159.81192231178284,5.559976322806959e-06,0.0,0.00025693062429764694,0.002574866219299276,5.494922831741102e-06,0.0,0.00025546617765870387,0.00256015669941878
168,0.0004131479072384536,adam,3380,160.46583461761475,5.726506193401381e-06,0.0,0.0002530495341122283,0.0025362218473156837,5.75486772498896e-06,0.0,0.00026060085835299485,0.002611763451254937
169,0.0004081233055330813,adam,3400,161.20845818519592,5.614953630937392e-06,0.0,0.00023968940892493372,0.002402509042880275,5.475342222884613e-06,0.0,0.00025710544223022665,0.0025765297645251512
170,0.00040310987969860435,adam,3420,161.93580961227417,5.330274852410199e-06,0.0,0.00023972296375127485,0.00240255991236516,7.404304344750536e-06,0.0,0.00029132367199964984,0.0029206410243412494
171,0.00039810812450014055,adam,3440,162.68628907203674,5.213890478810921e-06,0.0,0.00022886406597424441,0.0022938545502212545,5.63571908962343e-06,0.0,0.000253101839429798,0.0025366541133876033
172,0.00039311862201429904,adam,3460,163.40184593200684,5.210808597197744e-06,0.0,0.00023393306301114236,0.0023445414387086223,5.614625808550093e-06,0.0,0.0002625540970125915,0.002631155595934465
173,0.0003881419834215194,adam,3480,164.06052899360657,5.261756474641854e-06,0.0,0.00022858330623112526,0.0022910948187858946,5.886862653375416e-06,0.0,0.00025916529022328193,0.002597539764886195
174,0.00038317873259074986,adam,3500,164.820054769516,5.352150867126348e-06,0.0,0.00022918092412321393,0.0022971613920992656,5.605282324299708e-06,0.0,0.00024965272051554675,0.0025021324874797673
175,0.0003782293351832777,adam,3520,165.55466032028198,5.1325254894069926e-06,0.0,0.0002344094559135075,0.0023492270846244825,5.966749071486628e-06,0.0,0.00025304048462973375,0.0025363715953688245
176,0.0003732944605872035,adam,3540,166.33074259757996,6.259514857862768e-06,0.0,0.00027147515141862143,0.0027210110290440776,5.8991691980346086e-06,0.0,0.0002669948779344583,0.0026758479485426176
177,0.0003683744871523231,adam,3560,167.09349918365479,5.109680862264533e-06,0.0,0.00022523578102423653,0.00225746749110463,5.727512205514844e-06,0.0,0.0002553727181951646,0.002559454694157161
178,0.00036346999695524573,adam,3580,167.8044307231903,5.0923472400301304e-06,0.0,0.0002214940502269269,0.0022200328495092995,5.264358611813697e-06,0.0,0.0002442692498541066,0.00244795685715288
179,0.00035858163028024137,adam,3600,168.52567839622498,5.203208730591034e-06,0.0,0.00022628374994443858,0.002268040708174977,5.976665721571748e-06,0.0,0.00024167006331448748,0.0024226772988664466
180,0.00035370991099625826,adam,3620,169.24208450317383,5.122999619096793e-06,0.0,0.0002306773760940788,0.002311896760559885,4.856324315420535e-06,0.0,0.00023343568380313864,0.002339213162346807
181,0.00034885533386841416,adam,3640,169.96247482299805,4.654348178970211e-06,0.0,0.0002146317099961919,0.0021509714481408896,5.315724856935865e-06,0.0,0.00023493413717286197,0.0023546570965855555
182,0.0003440184227656573,adam,3660,170.78975343704224,4.616469386601292e-06,0.0,0.0002113278355553464,0.002117894824940065,5.763073996377387e-06,0.0,0.00023020511631926432,0.0023078142371890206
183,0.0003391997015569359,adam,3680,171.6125512123108,4.788489137071981e-06,0.0,0.00020882362612885825,0.0020930247504256554,5.023768496536143e-06,0.0,0.00023706491024395288,0.002375672870936065
184,0.0003343996941111982,adam,3700,172.38592648506165,4.7884614926005265e-06,0.0,0.00021771122488329638,0.002181900710325564,4.966430046216987e-06,0.0,0.0002392873402168553,0.00239783983221477
185,0.0003296189825050533,adam,3720,173.10387468338013,4.902650605819205e-06,0.0,0.0002176157182827352,0.0021810598334331714,5.160117996593401e-06,0.0,0.0002569226501022428,0.0025743866190190215
186,0.0003248580323997885,adam,3740,173.82168221473694,4.616449088554494e-06,0.0,0.00020670256968347223,0.0020716421459232768,4.986195720086275e-06,0.0,0.00023352922816875137,0.0023402784774076
187,0.00032011742587201297,adam,3760,174.54060411453247,4.45737055399051e-06,0.0,0.00020158053293081502,0.002020262699862141,4.981680628053389e-06,0.0,0.0002267979211359571,0.0022729608919876245
188,0.00031539754127152264,adam,3780,175.2577383518219,4.554945462827648e-06,0.0,0.00019365456347512027,0.0019411005802140303,4.671162828321671e-06,0.0,0.00022552223173699036,0.002259893480198225
189,0.000310699047986418,adam,3800,175.98569178581238,4.507604187983037e-06,0.0,0.0002075702980985757,0.00208021058517374,4.6678468401878585e-06,0.0,0.00022864975211526683,0.002291165367992856
190,0.00030602244078181684,adam,3820,176.72178387641907,4.5720666018691245e-06,0.0,0.00019633203804549486,0.001967892447056818,5.079527640509934e-06,0.0,0.000231923265147113,0.00232431217911164
191,0.000301368156215176,adam,3840,177.42690420150757,4.566772270735958e-06,0.0,0.00021270905173182485,0.002131657289588984,4.60749379616597e-06,0.0,0.0002220919847848007,0.002225527341644173
192,0.0002967368345707655,adam,3860,178.15093755722046,4.577220598683208e-06,0.0,0.000194451790031618,0.0019490951209148633,4.6120316416289465e-06,0.0,0.00021993522489614697,0.0022039642806030986
193,0.00029212882509455085,adam,3880,178.86703753471375,4.273092958431593e-06,0.0,0.0001892068010874684,0.0018963411038331155,4.534214810079887e-06,0.0,0.00022720899556806243,0.002276624170490704
194,0.0002875447680708021,adam,3900,179.5942461490631,4.414505179080103e-06,0.0,0.0001864933443977899,0.001869347949156979,4.727991877933336e-06,0.0,0.0002168825352683817,0.0021735533445617506
195,0.00028298498364165425,adam,3920,180.33206486701965,4.360944843487967e-06,0.0,0.00020265585905177111,0.0020309195353611985,4.802099815108758e-06,0.0,0.00021191469681940828,0.0021239490680091916
196,0.0002784501702990383,adam,3940,181.100337266922,4.218011134820391e-06,0.0,0.0001914842711406447,0.0019190607225412673,4.808679994645371e-06,0.0,0.00021417928679364924,0.0021466015479311377
197,0.0002739406772889197,adam,3960,181.8070774078369,4.419698287025892e-06,0.0,0.0001981634314506034,0.0019860540127930597,4.480523346255896e-06,0.0,0.0002098153121407283,0.0021026336447535388
198,0.0002694570866879076,adam,3980,182.5250198841095,4.139795304669025e-06,0.0,0.00018993424034054133,0.0019034821987100822,4.285717507386481e-06,0.0,0.00020772480528121446,0.0020815337703195312
199,0.00026500000967644155,adam,4000,183.2488729953766,4.037416136712572e-06,0.0,0.00018247380458751472,0.0018287754620118595,4.872119498071487e-06,0.0,0.00022100319253484134,0.0022149040448464848
200,0.00026056967908516526,adam,4020,183.98354578018188,4.142467452273184e-06,0.0,0.0001924600633079788,0.0019287431005320609,4.42816851644051e-06,0.0,0.00021398455795372068,0.0021442737480536476
201,0.0002561667934060097,adam,4040,184.69559049606323,4.082481376807437e-06,0.0,0.0001919245380373462,0.0019233278617502697,4.470731307175699e-06,0.0,0.00021372490549236272,0.002141719786230803
202,0.0002517916727811098,adam,4060,185.41219806671143,4.030161996599412e-06,0.0,0.0001822988455982227,0.0018270186179788264,4.592656206032136e-06,0.0,0.0002153109698218949,0.002157702354424981
203,0.00024744481197558343,adam,4080,186.12444186210632,4.033473789411572e-06,0.0,0.00018485292564231881,0.0018525627302125995,4.215124513162749e-06,0.0,0.00021077161761462064,0.0021119313006593694
204,0.00024312688037753105,adam,4100,186.84451246261597,3.867276936224709e-06,0.0,0.00018219048919482182,0.0018257721688844431,4.232066038786049e-06,0.0,0.0002022987101724349,0.0020272191677631352
205,0.0002388380962656811,adam,4120,187.56339192390442,3.9983083582929586e-06,0.0,0.00018345827610367218,0.0018385810693950153,4.290371757963861e-06,0.0,0.00020534519447155364,0.0020577423164735
206,0.00023457908537238836,adam,4140,188.28465604782104,4.069638788494624e-06,0.0,0.0001813702707028303,0.001817772345816798,4.496950866361078e-06,0.0,0.00020615214820559813,0.0020660184329223423
207,0.00023035035701468587,adam,4160,189.00852918624878,4.157190289592902e-06,0.0,0.00018100184143158386,0.0018141756046054316,4.995885047698527e-06,0.0,0.00021992448519555258,0.002204240737003224
208,0.00022615218767896295,adam,4180,189.7472140789032,4.12908452643082e-06,0.0,0.00018259092414588452,0.001830038325985276,4.069106108596864e-06,0.0,0.00020450532832745082,0.002049122389383105
209,0.0002219852467533201,adam,4200,190.45246720314026,3.7821093747873926e-06,0.0,0.00017683504031808158,0.0017721325125556037,4.048264555136583e-06,0.0,0.00020017412599047864,0.002005789524459923
210,0.00021784979617223144,adam,4220,191.176340341568,3.858176319997367e-06,0.0,0.00017501973253558666,0.0017540555016758643,3.970423237235241e-06,0.0,0.00019825950517464235,0.0019865654749836583
211,0.0002137463743565604,adam,4240,191.89985060691833,3.761675834622427e-06,0.0,0.0001825353252278027,0.0018291149281126494,4.17459723706042e-06,0.0,0.0001956228101073737,0.0019604026983107976
212,0.00020967556338291615,adam,4260,192.3766906261444,3.815961256639494e-06,0.0,0.00017916099915450426,0.0017954259528016824,4.018260960366981e-06,0.0,0.0002004376811688861,0.0020083950726492283
213,0.0002056375815300271,adam,4280,192.84137630462646,3.922394739650806e-06,0.0,0.0001835201073855816,0.0018391234685954667,4.049370718563062e-06,0.0,0.00019810176275539615,0.0019850669982725243
214,0.00020163303997833282,adam,4300,193.30693817138672,3.78828340335746e-06,0.0,0.00017662231448356476,0.0017700114282390047,3.9850300091824686e-06,0.0,0.00019833377352974753,0.0019873227653066576
215,0.00019766217155847698,adam,4320,194.19218826293945,3.818239973420494e-06,0.0,0.00017896063317113006,0.0017934245716847209,4.055129421746445e-06,0.0,0.00020227847875010978,0.0020268399169228444
216,0.00019372571841813624,adam,4340,195.1293363571167,3.776248470591528e-06,0.0,0.00017919319597944151,0.0017957082082650066,4.130586543967279e-06,0.0,0.0001921769570942148,0.0019259001574861152
217,0.0001898238406283781,adam,4360,196.1419177055359,3.64592473248102e-06,0.0,0.00017336512774929414,0.0017372972022254227,4.038726580998786e-06,0.0,0.00019838893141055277,0.0019879280406865265
218,0.00018595710571389645,adam,4380,197.11826467514038,3.7145024702482514e-06,0.0,0.0001699592963928543,0.0017033074663987916,3.916694743855595e-06,0.0,0.00018606222626517497,0.0018645389573956053
219,0.00018212597933597863,adam,4400,198.1146354675293,3.564860384652963e-06,0.0,0.00016500842035103245,0.0016536490638949773,4.194204752993857e-06,0.0,0.00019424267919827443,0.001946620996735738
220,0.00017833069432526827,adam,4420,199.0971667766571,3.7612693328525116e-06,0.0,0.00016319776809841025,0.0016357389503169554,4.379924104409178e-06,0.0,0.0001940920741775506,0.001945300665879915
221,0.00017457190551795065,adam,4440,200.06817293167114,3.9754190890874555e-06,0.0,0.0001872810872750089,0.0018767862918391766,4.159369345288839e-06,0.0,0.00019677853353583955,0.0019719447047036845
222,0.00017084980208892375,adam,4460,201.0845241546631,3.923611531040925e-06,0.0,0.00017752121747366355,0.001779135786267676,4.165592136898174e-06,0.0,0.00019212116061686268,0.0019253771983055248
223,0.00016716490790713578,adam,4480,202.0210943222046,3.659658023795498e-06,0.0,0.00016320439178809518,0.0016357035759047476,3.914010484945907e-06,0.0,0.0001841252779111251,0.0018451667895961969
224,0.00016351768863387406,adam,4500,202.99510073661804,3.541380058460331e-06,0.0,0.00017240048251719887,0.0017275462052304485,4.044368407293242e-06,0.0,0.00018792020848550688,0.0018832464532623622
225,0.00015990834799595177,adam,4520,203.95986533164978,3.592213075474853e-06,0.0,0.00016337978060510284,0.0016373900191265032,3.998673867926447e-06,0.0,0.00018696467219394614,0.0018736453958073877
226,0.0001563375408295542,adam,4540,204.87941575050354,3.5166166978804084e-06,0.0,0.00016050769991218423,0.0016085936158197229,3.821921164964654e-06,0.0,0.00018314020721081254,0.00183522399327309
227,0.00015280538355000317,adam,4560,205.85252332687378,3.484505818198419e-06,0.0,0.00016935004209072012,0.0016969849267253995,3.83418707452754e-06,0.0,0.00018631206972854754,0.0018669548843600029
228,0.0001493124000262469,adam,4580,206.76797723770142,3.5217548103592555e-06,0.0,0.0001616221124092581,0.0016197428789029404,3.744226348564062e-06,0.0,0.00018090447667428784,0.0018127889930914425
229,0.0001458590559195727,adam,4600,207.70834159851074,3.43964407200446e-06,0.0,0.00016151505015960546,0.0016185901456680588,3.841074836651075e-06,0.0,0.00017815700942810036,0.0017854111691176548
230,0.000142445569508709,adam,4620,208.6430869102478,3.4358737894631882e-06,0.0,0.00015512988057660566,0.0015547346795555203,3.6956231501773714e-06,0.0,0.00017672158202633592,0.0017709114434135366
231,0.0001390723919030279,adam,4640,209.55801558494568,3.375193191919641e-06,0.0,0.00015697249037444996,0.0015731000969364192,3.864238593881025e-06,0.0,0.00017677051573555496,0.0017715693959494308
232,0.0001357399596599862,adam,4660,210.4747359752655,3.4202580363847113e-06,0.0,0.0001530759601004661,0.001534179859041046,3.5780464085406638e-06,0.0,0.00017808127700118077,0.0017843908164203483
233,0.00013244849105831236,adam,4680,211.4178910255432,3.3999183914562964e-06,0.0,0.00015767996296033818,0.0015801995479948379,3.5565320240675927e-06,0.0,0.00018075665202670166,0.0018111230522910842
234,0.00012919845175929368,adam,4700,212.30726289749146,3.377289139951996e-06,0.0,0.00015482076110052645,0.0015515849001452161,3.55105603713434e-06,0.0,0.0001758838303417086,0.0017623893594542206
235,0.00012599014735314995,adam,4720,213.32770776748657,3.2978551467934165e-06,0.0,0.00015630685714130313,0.0015663664265598246,3.6076375231903146e-06,0.0,0.0001743325902617095,0.0017469335401402851
236,0.00012282402894925326,adam,4740,214.26202130317688,3.3722794943014504e-06,0.0,0.00015252174851183801,0.0015285897646126819,3.7568252327102666e-06,0.0,0.00017754657262017333,0.0017792225514344435
237,0.0001197003002744168,adam,4760,215.16646361351013,3.347625146817306e-06,0.0,0.0001587150204432432,0.0015904978295792492,3.6026491851061163e-06,0.0,0.0001756852829213619,0.0017604554783987251
238,0.0001166193833341822,adam,4780,216.0771996974945,3.3543822857228846e-06,0.0,0.00015563541498364608,0.0015597085321221837,3.6080897105236285e-06,0.0,0.00017589333287689818,0.0017625414184795057
239,0.00011358164920238778,adam,4800,217.0050015449524,3.262981608391401e-06,0.0,0.00016147292353381687,0.00161799221694656,3.681636733675569e-06,0.0,0.00017605557392112693,0.0017642373759449448
240,0.00011058733070967719,adam,4820,217.91934156417847,3.3086881659769343e-06,0.0,0.00015691473291485513,0.0015724560173145277,3.6317038814102743e-06,0.0,0.00017522736145954217,0.001755905318476832
241,0.00010763688624138013,adam,4840,218.8392562866211,3.3653239703519203e-06,0.0,0.00015771918545531095,0.0015805571785234614,3.5529414886874355e-06,0.0,0.00017705232996258975,0.0017740762411145848
242,0.00010473050497239456,adam,4860,219.7647922039032,3.3065709504308947e-06,0.0,0.0001562691312209893,0.0015659978831603233,3.688460719773302e-06,0.0,0.00017164781078648835,0.0017201665685846568
243,0.0001018685579765588,adam,4880,220.70297384262085,3.2807227487440906e-06,0.0,0.00015824735509674913,0.001585754273716235,3.5037152153293644e-06,0.0,0.00017200267220713938,0.0017235304372867234
244,9.905143815558404e-05,adam,4900,221.6247169971466,3.3505928371939637e-06,0.0,0.0001573472953353296,0.0015768235461904902,3.553228569604373e-06,0.0,0.00017338985580976957,0.0017374517866673
245,9.627929830458015e-05,adam,4920,222.54890704154968,3.279831703097628e-06,0.0,0.0001533110406108515,0.0015363902378116123,3.440477191104547e-06,0.0,0.00017052093145747906,0.001708649791765895
246,9.355259680887684e-05,adam,4940,223.4803273677826,3.234123512431409e-06,0.0,0.00015088989047676491,0.0015121330282800805,3.517216470378609e-06,0.0,0.00017117352900292355,0.0017152525064996142
247,9.087151556741446e-05,adam,4960,224.49888730049133,3.205113649563454e-06,0.0,0.00015169503665585004,0.0015201554802080639,3.5816502155760212e-06,0.0,0.00017519767656935152,0.0017555584159090912
248,8.823638199828565e-05,adam,4980,225.51978206634521,3.3219624046332902e-06,0.0,0.00015984121635789718,0.001601734125983605,3.561602181838136e-06,0.0,0.00017041529696784925,0.0017077145718603305
249,8.564755989937112e-05,adam,5000,226.4990794658661,3.2020466913787703e-06,0.0,0.0001473560996212858,0.0014767630429042369,3.4651051201674694e-06,0.0,0.00016864159987655853,0.0016898811038857527
250,8.310520934173837e-05,adam,5020,227.56974720954895,3.1682230560987117e-06,0.0,0.0001502102457168683,0.001505270680224782,3.6084450048500728e-06,0.0,0.00016922510510369797,0.0016958594960418297
251,8.060977415880188e-05,adam,5040,228.49482369422913,3.2087266898777582e-06,0.0,0.00016602351080009724,0.0016634438346908504,3.4513034745175494e-06,0.0,0.00016843453134027163,0.0016877966168772338
252,7.816132711013779e-05,adam,5060,229.45985078811646,3.15467176681481e-06,0.0,0.00014986085151415295,0.0015017631869083442,3.6031765213204604e-06,0.0,0.00016631693998653648,0.001666772576386685
253,7.576024654554203e-05,adam,5080,230.3484001159668,3.196706393169158e-06,0.0,0.00015049650125691566,0.001508161718962326,3.5450769243673356e-06,0.0,0.00016642942965027134,0.0016678393734270807
254,7.340677257161587e-05,adam,5100,231.37224173545837,3.1144092284149964e-06,0.0,0.0001463069964577693,0.0014661843738061077,3.3878453389057814e-06,0.0,0.00016737299352940618,0.0016771177806329674
255,7.110117439879104e-05,adam,5120,232.30298709869385,3.1301049341078046e-06,0.0,0.00014216423570081085,0.0014247724619422162,3.4055767413267144e-06,0.0,0.00016555559586063203,0.001658961535347647
256,6.884379399707541e-05,adam,5140,233.35234808921814,3.1490550157348155e-06,0.0,0.00014072398843067193,0.0014103889393224545,3.5413429373591658e-06,0.0,0.00016572394565264077,0.001660780799463767
257,6.663471867796034e-05,adam,5160,234.36974143981934,3.1257253844838436e-06,0.0,0.0001482500031150773,0.0014856257565352563,3.4688200697103557e-06,0.0,0.0001651718290209615,0.0016551871102793254
258,6.447430496336892e-05,adam,5180,235.33665084838867,3.1891239906357762e-06,0.0,0.00014756842671490738,0.0014788733911397095,3.443154163953612e-06,0.0,0.0001643401524672311,0.0016468446788362647
259,6.236271292436868e-05,adam,5200,236.3849380016327,3.1454004953798547e-06,0.0,0.00014657431552571624,0.0014688885557525423,3.4632027549553703e-06,0.0,0.00016410128728556593,0.0016444760756106147
260,6.0300197219476104e-05,adam,5220,237.39989280700684,3.133369565911404e-06,0.0,0.00014819673484651582,0.0014851007180310698,3.5761089986933475e-06,0.0,0.00016296555802785306,0.0016332316892772238
261,5.828706343891099e-05,adam,5240,238.34457659721375,3.080560921821766e-06,0.0,0.00014805403155130896,0.0014836208764349114,3.383130333919664e-06,0.0,0.00016279254509429718,0.0016313085812768916
262,5.632341344607994e-05,adam,5260,239.37840795516968,3.0870713684409628e-06,0.0,0.00013664142679685926,0.0013695013393370341,3.3169665893702533e-06,0.0,0.00016413981396661264,0.0016447151062554967
263,5.440949462354183e-05,adam,5280,240.309180021286,3.059456804967938e-06,0.0,0.00014703050550710133,0.0014733645118759813,3.4163305948085866e-06,0.0,0.0001620717427647278,0.0016241337582420866
264,5.25455798197072e-05,adam,5300,241.27139973640442,3.063684233275923e-06,0.0,0.0001406183449687794,0.0014092471339210697,3.417376447932669e-06,0.0,0.00016214320116169132,0.0016248493880648457
265,5.073181091574952e-05,adam,5320,242.24939823150635,3.0525849149540957e-06,0.0,0.00014553322004522238,0.0014583847853671776,3.3991011712410646e-06,0.0,0.000164201898014779,0.001645418081319031
266,4.8968420742312446e-05,adam,5340,243.21025371551514,3.0217573176168116e-06,0.0,0.00014523131651728713,0.001455334922490488,3.309180762932481e-06,0.0,0.00016040483598184332,0.0016073575405813657
267,4.7255562094505876e-05,adam,5360,244.1877474784851,3.0169683415491034e-06,0.0,0.0001445032079422797,0.001448049047764346,3.316786557194507e-06,0.0,0.00016283136610368155,0.00163163044759401
268,4.559346052701585e-05,adam,5380,245.18035244941711,3.0423397199232043e-06,0.0,0.00014358114120827787,0.0014388537518027023,3.4173893360587523e-06,0.0,0.00016112706482133274,0.001614688037549386
269,4.3982330680591986e-05,adam,5400,246.22364830970764,3.0425893021761073e-06,0.0,0.00014373534972252904,0.0014403960865274664,3.310822771664377e-06,0.0,0.00016007810702766185,0.0016040918930482829
270,4.2422245314810425e-05,adam,5420,247.23161029815674,2.9973951590366903e-06,0.0,0.00014091906634800395,0.0014121880586390756,3.2869976816319963e-06,0.0,0.00015987805080395616,0.0016020675057211936
271,4.091341907042079e-05,adam,5440,248.2062726020813,2.9940425710635254e-06,0.0,0.00014214126576967144,0.0014244067002677776,3.3596256479999486e-06,0.0,0.00016075405835509074,0.0016109002091989073
272,3.945605567423627e-05,adam,5460,249.29452466964722,3.0268223270170298e-06,0.0,0.00013959167329418616,0.0013989435552688788,3.36837026955197e-06,0.0,0.00016044353704315107,0.0016078037407010626
273,3.80503261112608e-05,adam,5480,250.3043406009674,2.998357532912551e-06,0.0,0.00014019163228840454,0.001404914680416958,3.375944103810973e-06,0.0,0.00015996071038361053,0.0016029830479399162
274,3.669632496894337e-05,adam,5500,251.15335369110107,3.0516237171128046e-06,0.0,0.00014326054867203517,0.0014356571104374644,3.279077218411758e-06,0.0,0.00016080987058386234,0.001611377783057035
275,3.5394219594309106e-05,adam,5520,252.13659596443176,3.0107221804306106e-06,0.0,0.00014226201775144142,0.0014256308996948447,3.3963856380357736e-06,0.0,0.00015871922107917356,0.0015905885964297712
276,3.414419188629836e-05,adam,5540,253.10035037994385,2.9908884851547725e-06,0.0,0.00014512514806150635,0.0014542423691002184,3.2314554388573767e-06,0.0,0.00015843723139246364,0.0015876037693634939
277,3.29463291564025e-05,adam,5560,254.13713812828064,2.9771171660517394e-06,0.0,0.0001362120670200896,0.0013650977873669475,3.3190313945456566e-06,0.0,0.00015947252437539577,0.0015980442751485034
278,3.1800795113667846e-05,adam,5580,255.04368710517883,2.9492799426156335e-06,0.0,0.00013879024704232824,0.001390851750365898,3.2736595936053075e-06,0.0,0.0001577884557487305,0.0015811582170809101
279,3.070766615564935e-05,adam,5600,256.0762782096863,2.9478315994658757e-06,0.0,0.00014649412718694283,0.0014678891034688943,3.316316754787376e-06,0.0,0.00015862413609500135,0.0015895576777048008
280,2.966710235341452e-05,adam,5620,257.0301284790039,2.9678495663146742e-06,0.0,0.00014387972453638732,0.0014417650949301885,3.2492094609101515e-06,0.0,0.00015712013804055678,0.001574450589866478
281,2.8679260140052065e-05,adam,5640,258.04215693473816,2.9277099091354065e-06,0.0,0.00013914234651524936,0.001394351175061629,3.2800906516287397e-06,0.0,0.00015872227705018366,0.0015905028611534653
282,2.774413223960437e-05,adam,5660,259.13511085510254,2.952227582713892e-06,0.0,0.00013939073229157152,0.0013968595504984288,3.2659648944158467e-06,0.0,0.0001579088952642294,0.0015823549175367098
283,2.6861956939683296e-05,adam,5680,260.13374638557434,2.9562145622609953e-06,0.0,0.00013808629174093747,0.001383819131971636,3.253974848296938e-06,0.0,0.000157636543592002,0.001579619410768317
284,2.6032701498479582e-05,adam,5700,261.13705706596375,2.9608616865415522e-06,0.0,0.00014152140385887782,0.00141817490027532,3.3299503001961614e-06,0.0,0.00015792335124856322,0.0015825634627858285
285,2.525654599594418e-05,adam,5720,262.17275953292847,2.991959035495693e-06,0.0,0.00014341747862357855,0.0014371667452712815,3.369974969629624e-06,0.0,0.00015880988318990946,0.0015914688068687241
286,2.453357410558965e-05,adam,5740,263.18675208091736,2.963554264391893e-06,0.0,0.00014034999534896182,0.0014064635077540096,3.3019155905021653e-06,0.0,0.00015762231109863487,0.0015795250265768508
287,2.3863785827415995e-05,adam,5760,264.2440359592438,2.953940109085627e-06,0.0,0.0001438742673076081,0.0014416966131851664,3.2776637479855392e-06,0.0,0.00015765423382684668,0.0015798200020164523
288,2.32473284995649e-05,adam,5780,265.25740242004395,2.943418735614195e-06,0.0,0.00014445446152500853,0.0014474880339856997,3.2524622737028947e-06,0.0,0.00015889964656499216,0.0015922489279236245
289,2.2684262148686685e-05,adam,5800,266.26406693458557,2.979838564813735e-06,0.0,0.00013644721743996056,0.0013674520129644194,3.2286178397749444e-06,0.0,0.00015636660748388854,0.0015668946926786602
290,2.2174612240632996e-05,adam,5820,267.3947911262512,2.910565376401548e-06,0.0,0.0001393405615955971,0.0013963161813323724,3.2675337070092547e-06,0.0,0.00015661693171226465,0.0015694368508296559
291,2.1718497009715065e-05,adam,5840,268.3766233921051,2.9230833042783634e-06,0.0,0.0001407726007112828,0.0014106490904171065,3.2285369142884253e-06,0.0,0.00015632984637193873,0.001566527000633676
292,2.131588917109184e-05,adam,5860,269.42137241363525,2.9290304372785404e-06,0.0,0.00013585872213566015,0.0013615162517938803,3.2145018123016823e-06,0.0,0.00015724256807707508,0.0015756401825830525
293,2.0966903321095742e-05,adam,5880,270.5059564113617,2.9484364801001047e-06,0.0,0.00014206807421948767,0.0014236291786749768,3.2111553358525396e-06,0.0,0.00015676934240486362,0.0015709045793844889
294,2.067151217488572e-05,adam,5900,271.540070772171,2.9375504215642125e-06,0.0,0.00013650386503500546,0.0013679762007716193,3.3128485202641156e-06,0.0,0.00015765539928503335,0.0015798668413705976
295,2.0429799405974336e-05,adam,5920,272.6103210449219,2.9252835817396108e-06,0.0,0.00013795753470205728,0.0013825006306023124,3.221644849907516e-06,0.0,0.0001564617646933173,0.0015678392917830807
296,2.0241799575160258e-05,adam,5940,273.6111466884613,2.8924954333290834e-06,0.0,0.00014388628103577104,0.0014417553057910395,3.2233907723899696e-06,0.0,0.0001552210257607144,0.001555433648379534
297,2.0107450836803764e-05,adam,5960,274.63425874710083,2.9103749999623812e-06,0.0,0.00013589939485770378,0.0013619043235770004,3.1966602435789886e-06,0.0,0.0001545951798623733,0.001549148458867312
298,2.0026871425216086e-05,adam,5980,275.67838883399963,2.9169043506454746e-06,0.0,0.0001449625833534797,0.001452542737885442,3.2213933001259555e-06,0.0,0.00015597144632720588,0.0015629358565721848
299,2.0000001313746907e-05,adam,6000,276.6136682033539,2.918146980790009e-06,0.0,0.00013900650718975417,0.001392983218878332,3.226899676199528e-06,0.0,0.00015512652483819271,0.0015544921480581265
301,0.0,lbfgs,6001,279.32974338531494,,,,0.0014031289152453938,3.2101125112514398e-06,0.0,0.00015434056924786452,0.0015466158049898967
302,0.0,lbfgs,6002,279.68605852127075,,,,0.0014016027334819417,3.207307177464722e-06,0.0,0.0001542298046092794,0.001545505353270259
303,0.0,lbfgs,6003,279.9864037036896,,,,0.0014007170961957433,3.2092485160310488e-06,0.0,0.00015417712752089028,0.0015449805237249337
304,0.0,lbfgs,6004,280.26463627815247,,,,0.0014001695996586835,3.215523752019851e-06,0.0,0.00015418356936656075,0.0015450512174176273
305,0.0,lbfgs,6005,280.5883152484894,,,,0.0013990493758055257,3.2153229189259826e-06,0.0,0.0001542371699696702,0.0015455870226156279
306,0.0,lbfgs,6006,280.940137386322,,,,0.0013977704550650583,3.2092910618840296e-06,0.0,0.00015436059140708162,0.0015468152051327003
307,0.0,lbfgs,6007,281.31543493270874,,,,0.001396911458500647,3.207515573068754e-06,0.0,0.00015459153968527285,0.0015491229124257972
308,0.0,lbfgs,6008,281.6915092468262,,,,0.0013960662868774858,3.2018787250920407e-06,0.0,0.00015445049313680915,0.0015477068100931835
309,0.0,lbfgs,6009,282.10153102874756,,,,0.0013954840726348207,3.2002732961513065e-06,0.0,0.00015438266693007426,0.0015470269425968942
310,0.0,lbfgs,6010,282.5168535709381,,,,0.001394647340687649,3.1996158100278053e-06,0.0,0.00015436319483628963,0.001546831564172924
311,0.0,lbfgs,6011,282.89465379714966,,,,0.0013934278421110116,3.195375592560788e-06,0.0,0.00015439232952189585,0.0015471186708115193
312,0.0,lbfgs,6012,283.27996730804443,,,,0.0013919659863691383,3.194424432245697e-06,0.0,0.00015444916074788985,0.0015476860319111442
313,0.0,lbfgs,6013,283.64542746543884,,,,0.001391236569023395,3.1933065642208254e-06,0.0,0.00015468603128226667,0.0015500536193868877
314,0.0,lbfgs,6014,284.0353090763092,,,,0.0013898745983840016,3.188557877114367e-06,0.0,0.0001545657101698888,0.0015488456595760024
315,0.0,lbfgs,6015,284.4247169494629,,,,0.0013891352194582561,3.1877114716682296e-06,0.0,0.00015449854914667018,0.00154817320293837
316,0.0,lbfgs,6016,284.90919160842896,,,,0.0013882913739248757,3.189155514090038e-06,0.0,0.00015444548707263428,0.001547644026240433
317,0.0,lbfgs,6017,285.2600767612457,,,,0.0013865420469572178,3.1955510778295534e-06,0.0,0.00015436095761996982,0.0015468051272775278
318,0.0,lbfgs,6018,285.5037090778351,,,,0.0013830084770869498,3.2035814615660324e-06,0.0,0.000154186750530124,0.001545071086762806
319,0.0,lbfgs,6019,285.8351504802704,,,,0.001380080290012844,3.2217428586169384e-06,0.0,0.00015408829275236912,0.0015441046703823082
320,0.0,lbfgs,6020,286.124794960022,,,,0.0013783881286819604,3.212410089463092e-06,0.0,0.0001540067847725023,0.001543280257814486
321,0.0,lbfgs,6021,286.50386095046997,,,,0.0013774266267798819,3.200659035959475e-06,0.0,0.00015396644834682574,0.001542865142504217
322,0.0,lbfgs,6022,286.90835309028625,,,,0.0013763994575444946,3.1919943454548446e-06,0.0,0.0001538902233900515,0.0015420942282459698
323,0.0,lbfgs,6023,287.32600140571594,,,,0.0013728607139696911,3.177448439600177e-06,0.0,0.00015383405765411357,0.0015415180249807358
324,0.0,lbfgs,6024,287.7538957595825,,,,0.001370269485338672,3.1674052830051205e-06,0.0,0.00015353351559425305,0.0015385025612255356
325,0.0,lbfgs,6025,288.16487193107605,,,,0.0013682708755331327,3.1671443273644534e-06,0.0,0.00015337501282722146,0.001536917272599579
326,0.0,lbfgs,6026,288.5922632217407,,,,0.0013660250971785372,3.1788829831172742e-06,0.0,0.0001531484552908337,0.0015346634358914546
327,0.0,lbfgs,6027,289.00630712509155,,,,0.0013642505643936384,3.183611650262064e-06,0.0,0.0001529329894085842,0.001532513505736104
328,0.0,lbfgs,6028,289.39125061035156,,,,0.0013592618688779146,3.185895659426771e-06,0.0,0.00015237532502502266,0.0015269391459096534
329,0.0,lbfgs,6029,289.70116686820984,,,,0.0013561764638517606,3.2317850767159057e-06,0.0,0.000151982762078612,0.0015230594058628357
330,0.0,lbfgs,6030,289.9876334667206,,,,0.0013525853021441932,3.2090739489068287e-06,0.0,0.00015171490731584383,0.001520358147107345
331,0.0,lbfgs,6031,290.34114241600037,,,,0.0013488442653021946,3.192591045311496e-06,0.0,0.00015156716247419666,0.0015188642157872782
332,0.0,lbfgs,6032,290.6994831562042,,,,0.0013457717848665918,3.190733754273777e-06,0.0,0.00015148102116783595,0.0015180009454326333
333,0.0,lbfgs,6033,291.1100697517395,,,,0.0013389017293644466,3.167620392752323e-06,0.0,0.00015101405610984408,0.001513308181491193
334,0.0,lbfgs,6034,291.43848609924316,,,,0.0013333858508241783,3.173866814836445e-06,0.0,0.00015081008770245917,0.0015112747438394282
335,0.0,lbfgs,6035,291.75885248184204,,,,0.001329430825981588,3.152271122228712e-06,0.0,0.00015031865837525834,0.0015063388548748123
336,0.0,lbfgs,6036,292.07519125938416,,,,0.0013277398697387741,3.1397657231407018e-06,0.0,0.0001499895727694937,0.0015030354934180779
337,0.0,lbfgs,6037,292.4809339046478,,,,0.0013262596462337477,3.131526055879732e-06,0.0,0.0001497075771985552,0.001500207298041432
338,0.0,lbfgs,6038,292.76883816719055,,,,0.00132249850461052,3.1144035401396956e-06,0.0,0.00014915188107861012,0.001494633214326241
339,0.0,lbfgs,6039,293.11343932151794,,,,0.0013162625573032286,3.0882324234427203e-06,0.0,0.00014849248261904904,0.0014880130586139332
340,0.0,lbfgs,6040,293.447847366333,,,,0.0013096606622105753,3.0572948163567506e-06,0.0,0.00014797665965736063,0.001482823891389963
341,0.0,lbfgs,6041,293.7541661262512,,,,0.0013027284061535153,3.025849157388707e-06,0.0,0.00014758442180250826,0.0014788700671824714
342,0.0,lbfgs,6042,294.16846895217896,,,,0.0012945169383997942,2.9922879932594675e-06,0.0,0.00014738108915297982,0.0014768031795230577
343,0.0,lbfgs,6043,294.49892139434814,,,,0.001288476011936622,2.9685640226674967e-06,0.0,0.00014698857497555992,0.0014728543137782666
344,0.0,lbfgs,6044,294.8931725025177,,,,0.0012817718120073725,2.9452391246192648e-06,0.0,0.00014656193075201202,0.0014685645466447396
345,0.0,lbfgs,6045,295.27241230010986,,,,0.0012742230820305452,2.916537583950791e-06,0.0,0.00014580451608302636,0.0014609616984142145
346,0.0,lbfgs,6046,295.6799473762512,,,,0.0012687085364382353,2.903093467692453e-06,0.0,0.00014534238056866132,0.0014563268991543057
347,0.0,lbfgs,6047,296.0868513584137,,,,0.0012642159876954371,2.899965226335387e-06,0.0,0.00014495095497852234,0.0014524095150115588
348,0.0,lbfgs,6048,296.518972158432,,,,0.0012600972188176972,2.8973119387396432e-06,0.0,0.0001445841839861281,0.0014487391518000206
349,0.0,lbfgs,6049,296.9240972995758,,,,0.0012485770883985422,2.8888005008994083e-06,0.0,0.0001436460464413741,0.0014393492649146403
350,0.0,lbfgs,6050,297.3334593772888,,,,0.0012415736167508008,2.8651691651373764e-06,0.0,0.00014253472488794447,0.0014282124180445821
351,0.0,lbfgs,6051,297.67555499076843,,,,0.00123002745817429,2.847227668343938e-06,0.0,0.00014177630211533699,0.0014206102488217138
352,0.0,lbfgs,6052,298.02638006210327,,,,0.0012240342500676898,2.8369774321057923e-06,0.0,0.00014133846778423555,0.0014162216552744613
353,0.0,lbfgs,6053,298.3517310619354,,,,0.0012206011118802472,2.8308544669533526e-06,0.0,0.00014099676515856013,0.0014127985060525545
354,0.0,lbfgs,6054,298.7205822467804,,,,0.0012164650033765524,2.8320205274340262e-06,0.0,0.00014037825785368288,0.0014066145990642629
355,0.0,lbfgs,6055,299.06080317497253,,,,0.0012118729094616166,2.8174155747347006e-06,0.0,0.00013973664262307856,0.0014001838418055204
356,0.0,lbfgs,6056,299.41319251060486,,,,0.0012061643165759712,2.804344561561747e-06,0.0,0.00013898909889150762,0.0013926953334766378
357,0.0,lbfgs,6057,299.81434965133667,,,,0.0011984944120085586,2.7704334813490995e-06,0.0,0.00013764617017270452,0.0013792321352083944
358,0.0,lbfgs,6058,300.1286668777466,,,,0.001193366204604585,2.7434999328037346e-06,0.0,0.00013714119132114412,0.001374155413144245
359,0.0,lbfgs,6059,300.5206859111786,,,,0.001189027937920492,2.7242090217474224e-06,0.0,0.00013665759189229734,0.0013693001279447207
360,0.0,lbfgs,6060,300.7800238132477,,,,0.0011838672372227938,2.7045834603777255e-06,0.0,0.0001360181495708399,0.0013628860791687768
361,0.0,lbfgs,6061,301.12422609329224,,,,0.0011783443484869587,2.683998641481414e-06,0.0,0.00013531866287877546,0.001355870627429236
362,0.0,lbfgs,6062,301.430303812027,,,,0.0011715282384048987,2.646520113324474e-06,0.0,0.00013423965623848155,0.0013450430824981398
363,0.0,lbfgs,6063,301.76416063308716,,,,0.0011657435274420847,2.625580073579166e-06,0.0,0.00013407406766850237,0.001343366256758603
364,0.0,lbfgs,6064,302.14035534858704,,,,0.0011628280215555393,2.621986242751421e-06,0.0,0.00013378385737303734,0.0013404605599731249
365,0.0,lbfgs,6065,302.5188477039337,,,,0.0011591305628141555,2.6161190978440666e-06,0.0,0.00013347067994854715,0.0013373229185833155
366,0.0,lbfgs,6066,302.9361364841461,,,,0.0011560495526478027,2.6113626924860528e-06,0.0,0.00013312648857002787,0.0013338762483927648
367,0.0,lbfgs,6067,303.32842993736267,,,,0.0011517385932977965,2.5995621319389005e-06,0.0,0.0001325541944885991,0.00132814150701793
368,0.0,lbfgs,6068,303.6600112915039,,,,0.0011473934021823632,2.590493104509917e-06,0.0,0.0001320109234493347,0.0013226997275978568
369,0.0,lbfgs,6069,304.04900646209717,,,,0.00114125837185681,2.5858908978023066e-06,0.0,0.00013115229432453124,0.0013141088341431149
370,0.0,lbfgs,6070,304.48994612693787,,,,0.0011363242369061416,2.5863868689105246e-06,0.0,0.0001306787864572993,0.0013093742514419036
371,0.0,lbfgs,6071,304.88377690315247,,,,0.0011315252860390895,2.5862031090384393e-06,0.0,0.0001302838832850676,0.0013054250359597144
372,0.0,lbfgs,6072,305.32492423057556,,,,0.0011266220855022566,2.5812937270914812e-06,0.0,0.00012981066309965096,0.001300687924723601
373,0.0,lbfgs,6073,305.6678614616394,,,,0.0011225697274183804,2.5597935639104237e-06,0.0,0.00012991859476608092,0.0013017457412247196
374,0.0,lbfgs,6074,306.0383083820343,,,,0.001118560994740583,2.541284182404427e-06,0.0,0.00012954655755491036,0.001298006859731508
375,0.0,lbfgs,6075,306.5160026550293,,,,0.0011105020134312383,2.5038770325380806e-06,0.0,0.00012886893961428422,0.0012911932731753803
376,0.0,lbfgs,6076,306.95113229751587,,,,0.0011075245813058662,2.493930886793676e-06,0.0,0.00012861745796634495,0.0012886685105502431
377,0.0,lbfgs,6077,307.39770245552063,,,,0.0010990825300611616,2.4807192230250813e-06,0.0,0.0001278095443118772,0.0012805761623417972
378,0.0,lbfgs,6078,308.0723457336426,,,,0.0010946257741619842,2.459346596897236e-06,0.0,0.00012774199992197108,0.001279879345816608
379,0.0,lbfgs,6079,308.48414516448975,,,,0.0010872339271918985,2.4567822984199076e-06,0.0,0.0001269583197366425,0.0012720399796648449
380,0.0,lbfgs,6080,308.73195934295654,,,,0.0010798503135987783,2.44915270308406e-06,0.0,0.00012620252566138823,0.0012644744093169664
381,0.0,lbfgs,6081,309.1436126232147,,,,0.0010724919736001051,2.4349442196565973e-06,0.0,0.00012549259789902616,0.0012573609232099181
382,0.0,lbfgs,6082,309.5515501499176,,,,0.0010617749103510221,2.424863558549451e-06,0.0,0.00012435703433491286,0.001245995206907678
383,0.0,lbfgs,6083,310.11585903167725,,,,0.0010558344058013635,2.3793773690786064e-06,0.0,0.00012411883340868074,0.0012435677114558859
384,0.0,lbfgs,6084,310.4705436229706,,,,0.0010463178467313282,2.369980360855016e-06,0.0,0.00012292297742745012,0.0012315997546353563
385,0.0,lbfgs,6085,310.8151659965515,,,,0.0010384318228215147,2.342793481018553e-06,0.0,0.00012188451780266403,0.001221187971507659
386,0.0,lbfgs,6086,311.2620792388916,,,,0.0010309811429601219,2.322917327656754e-06,0.0,0.00012079152592723807,0.0012102381766000373
387,0.0,lbfgs,6087,311.5937490463257,,,,0.0010241630718510312,2.3039768805666213e-06,0.0,0.0001198689554888758,0.0012009935317693246
388,0.0,lbfgs,6088,312.3332517147064,,,,0.0010209631987201382,2.2827366090518434e-06,0.0,0.00011938635337188743,0.0011961462703279262
389,0.0,lbfgs,6089,312.6839392185211,,,,0.0010158274208100576,2.280677545778684e-06,0.0,0.00011872074051856188,0.0011894880827313975
390,0.0,lbfgs,6090,313.06687688827515,,,,0.0010140022519998491,2.273207395101901e-06,0.0,0.00011860044587065743,0.0011882776661016762
391,0.0,lbfgs,6091,313.480402469635,,,,0.0010099695207315155,2.2600436365475592e-06,0.0,0.00011823880617453975,0.001184648105381945
392,0.0,lbfgs,6092,313.92921924591064,,,,0.0010001313057449522,2.237301410237309e-06,0.0,0.0001171442164401425,0.0011736794658116622
393,0.0,lbfgs,6093,314.34244179725647,,,,0.0009883153998508658,2.205479358276454e-06,0.0,0.00011576299745117907,0.0011598354538700673
394,0.0,lbfgs,6094,315.0080044269562,,,,0.0009845733886665966,2.211021757547081e-06,0.0,0.0001152149329741816,0.0011543603514993631
395,0.0,lbfgs,6095,315.38329458236694,,,,0.0009781524649270905,2.1798839161584623e-06,0.0,0.00011436325993925227,0.0011458124833086812
396,0.0,lbfgs,6096,315.70836210250854,,,,0.000970981174187109,2.157668106844033e-06,0.0,0.00011342131600889605,0.0011363708281958045
397,0.0,lbfgs,6097,316.10859966278076,,,,0.0009639072824484767,2.1466433357898558e-06,0.0,0.00011256249680276868,0.0011277716113634766
398,0.0,lbfgs,6098,316.46798157691956,,,,0.0009543938113064065,2.134164532645084e-06,0.0,0.00011180121368582821,0.0011201463013909272
399,0.0,lbfgs,6099,316.89881801605225,,,,0.000951963863531595,2.164585351707938e-06,0.0,0.0001111660907699229,0.0011138254930509368
400,0.0,lbfgs,6100,317.2450740337372,,,,0.0009390938098809658,2.0879104468605456e-06,0.0,0.0001102669441924958,0.0011047573523718184
401,0.0,lbfgs,6101,317.6331298351288,,,,0.0009335808134755717,2.0679494273297736e-06,0.0,0.00010990250752983346,0.0011010930247256645
402,0.0,lbfgs,6102,318.01363348960876,,,,0.0009260912427212843,2.045774094761926e-06,0.0,0.00010927884990782311,0.0010948342731729932
403,0.0,lbfgs,6103,318.4010925292969,,,,0.0009192807069606934,2.021549837866892e-06,0.0,0.00010847820564571184,0.0010868036062949853
404,0.0,lbfgs,6104,318.7162547111511,,,,0.0009139222364461021,2.00305511144744e-06,0.0,0.00010768987162420279,0.0010789017713534754
405,0.0,lbfgs,6105,318.9945557117462,,,,0.0009104299089514645,2.0044971457685013e-06,0.0,0.00010699903696358943,0.0010719948667816627
406,0.0,lbfgs,6106,319.332072019577,,,,0.0009069386974777586,2.011975575840446e-06,0.0,0.00010640256895133287,0.0010660376650891692
407,0.0,lbfgs,6107,319.71007537841797,,,,0.0009029214287636314,1.9991580486163513e-06,0.0,0.00010580926162920179,0.0010600917743406343
408,0.0,lbfgs,6108,319.9878604412079,,,,0.0008972564639168305,2.0050126801783336e-06,0.0,0.00010534475184856492,0.0010554525311658276
409,0.0,lbfgs,6109,320.26286029815674,,,,0.0008932266786567415,1.9786714575099764e-06,0.0,0.00010519116081201269,0.001053890279577637
410,0.0,lbfgs,6110,320.6292371749878,,,,0.0008921083426991424,1.9655422695876155e-06,0.0,0.0001055925394599637,0.0010578909368692245
411,0.0,lbfgs,6111,321.0813283920288,,,,0.0008877973340192723,1.9523051502052083e-06,0.0,0.00010494777932947033,0.0010514300984449084
412,0.0,lbfgs,6112,321.50884079933167,,,,0.0008856057597787538,1.9480554827546446e-06,0.0,0.00010462003149932569,0.0010481483704760115
413,0.0,lbfgs,6113,321.86212635040283,,,,0.0008807408470098954,1.942380480533181e-06,0.0,0.00010392740828897184,0.0010412164633702516
414,0.0,lbfgs,6114,322.2226734161377,,,,0.0008767544669500835,1.938415119403862e-06,0.0,0.0001034634685042006,0.0010365731001614098
415,0.0,lbfgs,6115,322.80722761154175,,,,0.0008733370937483992,1.930355229830696e-06,0.0,0.00010262566429389542,0.0010281869981687848
416,0.0,lbfgs,6116,323.21156215667725,,,,0.0008671639067882334,1.9236580003712643e-06,0.0,0.00010209772011412556,0.001022900859141627
417,0.0,lbfgs,6117,323.56138134002686,,,,0.0008617965592603623,1.9093455053343212e-06,0.0,0.00010161780557003201,0.0010180874012056544
418,0.0,lbfgs,6118,323.9530220031738,,,,0.000857836216780983,1.8927132975507357e-06,0.0,0.00010118454053258607,0.0010137381186234114
419,0.0,lbfgs,6119,324.2721281051636,,,,0.0008521462997982105,1.8693347900759116e-06,0.0,0.00010046977821466799,0.0010065671169367557
420,0.0,lbfgs,6120,324.6529223918915,,,,0.0008484392676656509,1.877161063851494e-06,0.0,9.974478194694658e-05,0.0009993249805333173
421,0.0,lbfgs,6121,324.972939491272,,,,0.0008404679926336619,1.8457306189707386e-06,0.0,9.875349121926761e-05,0.0009893806428116468
422,0.0,lbfgs,6122,325.4204125404358,,,,0.0008385282942527956,1.8407783689103748e-06,0.0,9.856492758750885e-05,0.000987490054243999
423,0.0,lbfgs,6123,325.7585566043854,,,,0.0008337380351993628,1.8375241946439342e-06,0.0,9.801778227418742e-05,0.000982015346936518
424,0.0,lbfgs,6124,326.07769083976746,,,,0.0008278587943803001,1.8514133244984912e-06,0.0,9.737162649057526e-05,0.0009755676782302511
425,0.0,lbfgs,6125,326.46859645843506,,,,0.0008230688687343807,1.852518318812482e-06,0.0,9.702675820450693e-05,0.0009721201003638817
426,0.0,lbfgs,6126,327.16618275642395,,,,0.0008196697683859001,1.8747346367893169e-06,0.0,9.621017743646267e-05,0.0009639765090014161
427,0.0,lbfgs,6127,327.537606716156,,,,0.0008159109737673817,1.878127058428146e-06,0.0,9.583889650626283e-05,0.0009602670921210564
428,0.0,lbfgs,6128,327.8880727291107,,,,0.0008129571174817561,1.8642088261329047e-06,0.0,9.562926963308019e-05,0.0009581569051569348
429,0.0,lbfgs,6129,328.30145931243896,,,,0.0008104535741357982,1.8593223552134136e-06,0.0,9.531009914400573e-05,0.0009549603137952707
430,0.0,lbfgs,6130,328.68917322158813,,,,0.0008026521761600556,1.846721592740741e-06,0.0,9.427926998885947e-05,0.0009446394214813354
431,0.0,lbfgs,6131,328.9960641860962,,,,0.0007969414398401658,1.8203055778370845e-06,0.0,9.346623116899572e-05,0.0009364826172677943
432,0.0,lbfgs,6132,329.6593370437622,,,,0.0007938458569020274,1.8433718965927656e-06,0.0,9.295755872356284e-05,0.0009314189591322212
433,0.0,lbfgs,6133,329.9449770450592,,,,0.0007896502745232878,1.824017903563279e-06,0.0,9.23738083932352e-05,0.0009255621018359152
434,0.0,lbfgs,6134,330.27037286758423,,,,0.0007870626204931164,1.815126241575554e-06,0.0,9.19920746144789e-05,0.0009217358723863646
435,0.0,lbfgs,6135,330.6146287918091,,,,0.0007822259872238366,1.8109955131366106e-06,0.0,9.132506059810863e-05,0.0009150616014942229
436,0.0,lbfgs,6136,330.9116458892822,,,,0.0007753064565319544,1.8302723013288363e-06,0.0,9.008812868901429e-05,0.0009027115591914717
437,0.0,lbfgs,6137,331.304470539093,,,,0.0007677660496321964,1.8490982400309971e-06,0.0,8.930203393738867e-05,0.0008948694376139177
438,0.0,lbfgs,6138,331.5622606277466,,,,0.0007620932179346133,1.8472219937628564e-06,0.0,8.86934095475251e-05,0.0008887813174690138
439,0.0,lbfgs,6139,331.90567803382874,,,,0.0007557874136827019,1.8390282145650728e-06,0.0,8.815165762639106e-05,0.0008833556044784757
440,0.0,lbfgs,6140,332.25042605400085,,,,0.0007513112891110236,1.823813446474888e-06,0.0,8.785712821612318e-05,0.0008803950956077066
441,0.0,lbfgs,6141,332.59752106666565,,,,0.0007440621325532563,1.7810497481048517e-06,0.0,8.72590044573837e-05,0.0008743710943219418
442,0.0,lbfgs,6142,333.0187740325928,,,,0.0007403889666974881,1.7667088536290418e-06,0.0,8.701492705569698e-05,0.0008719159794105989
443,0.0,lbfgs,6143,333.4169337749481,,,,0.0007378485405238122,1.753020406557723e-06,0.0,8.664357993297576e-05,0.0008681888197363153
444,0.0,lbfgs,6144,333.8587963581085,,,,0.0007353697768099318,1.741869280469763e-06,0.0,8.620099969807714e-05,0.0008637518662612411
445,0.0,lbfgs,6145,334.2393727302551,,,,0.0007329395276693604,1.7374226365284224e-06,0.0,8.576993846780553e-05,0.0008594368073145837
446,0.0,lbfgs,6146,334.60989022254944,,,,0.0007283406044285113,1.7351726656221001e-06,0.0,8.50634803748172e-05,0.0008523699764137942
447,0.0,lbfgs,6147,334.978150844574,,,,0.0007274744715531629,1.7922878343512596e-06,0.0,8.484371959731399e-05,0.0008502294838074911
448,0.0,lbfgs,6148,335.3461699485779,,,,0.0007197202569281064,1.7448414816094472e-06,0.0,8.394734914502211e-05,0.0008412183329318306
449,0.0,lbfgs,6149,335.74358892440796,,,,0.000716509208475653,1.728349616147313e-06,0.0,8.36472844896472e-05,0.0008382011945126193
450,0.0,lbfgs,6150,336.083190202713,,,,0.0007110749154677972,1.7034624813311416e-06,0.0,8.30452380407376e-05,0.0008321558428887071
451,0.0,lbfgs,6151,336.4750645160675,,,,0.0007060369823939466,1.6807106697129545e-06,0.0,8.247600271498418e-05,0.0008264407378195547
452,0.0,lbfgs,6152,336.94276690483093,,,,0.0007025653010875665,1.6516383939352769e-06,0.0,8.192168067654592e-05,0.0008208684451593945
453,0.0,lbfgs,6153,337.3244252204895,,,,0.0007007293339858585,1.6408684478255016e-06,0.0,8.169756090752621e-05,0.0008186164775230876
454,0.0,lbfgs,6154,337.722279548645,,,,0.0006992531740578397,1.6305537616265894e-06,0.0,8.149053188818984e-05,0.000816535872643525
455,0.0,lbfgs,6155,338.09025406837463,,,,0.0006957906015578571,1.6128189357564299e-06,0.0,8.097914355695044e-05,0.0008114042545052608
456,0.0,lbfgs,6156,338.64423274993896,,,,0.0006937631178646346,1.6075434086599778e-06,0.0,8.058343527583852e-05,0.0008074418961670453
457,0.0,lbfgs,6157,339.10615372657776,,,,0.0006906201688490432,1.5995364758345792e-06,0.0,7.996201475460985e-05,0.0008012196840219331
458,0.0,lbfgs,6158,339.43268156051636,,,,0.0006889551555415017,1.5996438180346136e-06,0.0,7.96114036248738e-05,0.0007977136800667727
459,0.0,lbfgs,6159,339.8513231277466,,,,0.0006876393470641308,1.6007653097737297e-06,0.0,7.931532021121798e-05,0.0007947539674219536
460,0.0,lbfgs,6160,340.2204966545105,,,,0.0006866091930564481,1.596303572835278e-06,0.0,7.900145452411677e-05,0.000791610848814003
461,0.0,lbfgs,6161,340.5040092468262,,,,0.0006854263022997286,1.5920691263681722e-06,0.0,7.883005218321945e-05,0.0007898925909585626
462,0.0,lbfgs,6162,340.8851430416107,,,,0.0006832927848513618,1.58293804696383e-06,0.0,7.850673163027719e-05,0.0007866502543497358
463,0.0,lbfgs,6163,341.21112298965454,,,,0.000682262890274064,1.579485999030912e-06,0.0,7.837390690653361e-05,0.000785318555064367
464,0.0,lbfgs,6164,341.9405343532562,,,,0.0006807625349565477,1.5735970496184218e-06,0.0,7.818437867469721e-05,0.0007834173837965905
465,0.0,lbfgs,6165,342.31805300712585,,,,0.0006776904047919663,1.5642657965528726e-06,0.0,7.78431250793849e-05,0.0007799955165904019
466,0.0,lbfgs,6166,342.6927351951599,,,,0.0006753260460489792,1.5604702418483379e-06,0.0,7.756470053643274e-05,0.0007772074756061758
467,0.0,lbfgs,6167,343.199636220932,,,,0.000673448624646939,1.5627361421239464e-06,0.0,7.736903016786251e-05,0.000775253037820749
468,0.0,lbfgs,6168,343.5800426006317,,,,0.0006722931029835763,1.5665161516648514e-06,0.0,7.706793074657359e-05,0.0007722458236174007
469,0.0,lbfgs,6169,344.01715111732483,,,,0.0006712844019997011,1.5625272045574335e-06,0.0,7.696188639540962e-05,0.0007711813911586537
470,0.0,lbfgs,6170,344.44397234916687,,,,0.0006690027688737727,1.5483706701044787e-06,0.0,7.66391702443052e-05,0.0007679400731131564
471,0.0,lbfgs,6171,344.8629307746887,,,,0.0006672703664669479,1.5391173324861787e-06,0.0,7.636353670658513e-05,0.0007651744843983375
472,0.0,lbfgs,6172,345.21599793434143,,,,0.0006635813627332561,1.525832615385338e-06,0.0,7.584974936952964e-05,0.0007600233263106818
473,0.0,lbfgs,6173,345.85404229164124,,,,0.000662045395230973,1.5118939860005606e-06,0.0,7.551441205438947e-05,0.0007566560145298952
474,0.0,lbfgs,6174,346.1226534843445,,,,0.000658891151214619,1.503514178128932e-06,0.0,7.510807264103206e-05,0.0007525842405884496
475,0.0,lbfgs,6175,346.4567885398865,,,,0.0006557856509826197,1.494861539184162e-06,0.0,7.47557683333964e-05,0.0007490525448731482
476,0.0,lbfgs,6176,346.7669851779938,,,,0.0006519685530849769,1.4836488645065662e-06,0.0,7.428916888008604e-05,0.0007443753376653669
477,0.0,lbfgs,6177,347.1135790348053,,,,0.0006465345991318574,1.4714428099139574e-06,0.0,7.366150940374289e-05,0.0007380865368473427
478,0.0,lbfgs,6178,347.793842792511,,,,0.0006453124718758394,1.465542693947912e-06,0.0,7.330901405172155e-05,0.0007345556832111634
479,0.0,lbfgs,6179,348.13475608825684,,,,0.0006413017596190359,1.458512355048441e-06,0.0,7.289770574225545e-05,0.000730435569777603
480,0.0,lbfgs,6180,348.4835481643677,,,,0.0006393255017280193,1.4528612956126365e-06,0.0,7.273623903261156e-05,0.0007288152516217283
481,0.0,lbfgs,6181,348.84367275238037,,,,0.0006364819072522495,1.4501929904908766e-06,0.0,7.257986801294493e-05,0.0007272488731199401
482,0.0,lbfgs,6182,349.22610354423523,,,,0.0006340112011176806,1.438423245624489e-06,0.0,7.229351851278011e-05,0.0007243736083734256
483,0.0,lbfgs,6183,349.63791608810425,,,,0.0006310464354144682,1.4338591830976157e-06,0.0,7.212439793169659e-05,0.0007226778385000636
484,0.0,lbfgs,6184,349.9904601573944,,,,0.0006284429472564223,1.4168009521082087e-06,0.0,7.178763718743051e-05,0.0007192931728264133
485,0.0,lbfgs,6185,350.3559274673462,,,,0.0006254834355713565,1.3952116565387322e-06,0.0,7.137414735685587e-05,0.0007151366852250974
486,0.0,lbfgs,6186,350.6960184574127,,,,0.0006225379905563784,1.3750079335645824e-06,0.0,7.0940073747452e-05,0.0007107757454080846
487,0.0,lbfgs,6187,351.051881313324,,,,0.0006196464545418555,1.3567949265735774e-06,0.0,7.053599516431222e-05,0.0007067167465696957
488,0.0,lbfgs,6188,351.3872084617615,,,,0.0006154177121997394,1.3383942866308398e-06,0.0,6.998257261866549e-05,0.0007011641204732858
489,0.0,lbfgs,6189,351.7471148967743,,,,0.0006124253701986096,1.3298265966111674e-06,0.0,6.958679353986352e-05,0.0006971977619952464
490,0.0,lbfgs,6190,352.1197097301483,,,,0.0006095874568896039,1.325068433424954e-06,0.0,6.92398505804655e-05,0.00069372357423808
491,0.0,lbfgs,6191,352.57122564315796,,,,0.0006067631160526055,1.3161359314662573e-06,0.0,6.896133883219987e-05,0.0006909295242534649
492,0.0,lbfgs,6192,353.01053285598755,,,,0.0006022301513643707,1.308525482194547e-06,0.0,6.84668439785159e-05,0.0006859769652673536
493,0.0,lbfgs,6193,353.6750977039337,,,,0.000600982183506981,1.30832799847274e-06,0.0,6.846688953924038e-05,0.0006859772233908766
494,0.0,lbfgs,6194,354.085547208786,,,,0.0005984516416118805,1.3014384825242587e-06,0.0,6.823397055148924e-05,0.0006836411439974167
495,0.0,lbfgs,6195,354.474809885025,,,,0.0005968286517197758,1.2964294284376948e-06,0.0,6.81008950718995e-05,0.0006823053801474327
496,0.0,lbfgs,6196,354.83818888664246,,,,0.0005956760085655694,1.2927779172278357e-06,0.0,6.801703937267509e-05,0.0006814631716439789
497,0.0,lbfgs,6197,355.25325536727905,,,,0.0005938278703212941,1.2872509315878999e-06,0.0,6.787009328992499e-05,0.0006799881838308378
498,0.0,lbfgs,6198,355.68928599357605,,,,0.0005912526128969557,1.2784608897395693e-06,0.0,6.765303453603935e-05,0.0006778088062501331
499,0.0,lbfgs,6199,356.3751859664917,,,,0.0005900618737220307,1.2843083034378248e-06,0.0,6.750858078208085e-05,0.0006763701161242463
500,0.0,lbfgs,6200,356.7363750934601,,,,0.0005885052581065055,1.27868321569099e-06,0.0,6.734561118157528e-05,0.0006747347950314439
501,0.0,lbfgs,6201,357.1395845413208,,,,0.0005868663494292378,1.276192312061314e-06,0.0,6.713063379267606e-05,0.0006725825302388218
502,0.0,lbfgs,6202,357.5633637905121,,,,0.000584054185274649,1.2743398005230964e-06,0.0,6.673334007460475e-05,0.0006686077405465706
503,0.0,lbfgs,6203,357.9780101776123,,,,0.0005807004457522209,1.2779216845481817e-06,0.0,6.617355114090698e-05,0.000663013433093618
504,0.0,lbfgs,6204,358.2656981945038,,,,0.000577786932915026,1.2782320073289114e-06,0.0,6.559958860950507e-05,0.0006572741181023796
505,0.0,lbfgs,6205,358.64865803718567,,,,0.0005758274153453698,1.2710834556169557e-06,0.0,6.540505516510453e-05,0.0006553216351066622
506,0.0,lbfgs,6206,358.98504853248596,,,,0.000574262678843579,1.2656047915104184e-06,0.0,6.522925825341839e-05,0.0006535581873256944
507,0.0,lbfgs,6207,359.3407003879547,,,,0.0005728764492961843,1.2612302068629777e-06,0.0,6.503861013869286e-05,0.0006516473315937916
508,0.0,lbfgs,6208,359.6645050048828,,,,0.0005685786861076243,1.2485028889894136e-06,0.0,6.440566731522706e-05,0.00064530517604126
509,0.0,lbfgs,6209,360.36348152160645,,,,0.0005666370951275049,1.2416241039700363e-06,0.0,6.416913444828698e-05,0.0006429329685868398
510,0.0,lbfgs,6210,360.7310757637024,,,,0.0005639027874005987,1.2261344970801104e-06,0.0,6.38223720982159e-05,0.0006394498554792391
511,0.0,lbfgs,6211,361.0935311317444,,,,0.0005617879673816877,1.2177600304494413e-06,0.0,6.355631819500202e-05,0.0006367809419804696
512,0.0,lbfgs,6212,361.80842304229736,,,,0.0005610494543061108,1.2086317003366553e-06,0.0,6.337466211044108e-05,0.0006349552528047474
513,0.0,lbfgs,6213,362.11125206947327,,,,0.000560306569131091,1.2044747393622152e-06,0.0,6.329685702937066e-05,0.0006341730450330688
514,0.0,lbfgs,6214,362.483389377594,,,,0.0005590357919041174,1.198493520606239e-06,0.0,6.308771291556882e-05,0.0006320756226762945
515,0.0,lbfgs,6215,362.82621002197266,,,,0.0005579363705322542,1.1963956545342146e-06,0.0,6.286902839545477e-05,0.0006298866796090819
516,0.0,lbfgs,6216,363.1575264930725,,,,0.000556024553476396,1.1941969321026579e-06,0.0,6.251674033702753e-05,0.000626361600302378
517,0.0,lbfgs,6217,363.77788281440735,,,,0.0005551711899549499,1.1990558392594575e-06,0.0,6.232974100504533e-05,0.0006244964658897128
518,0.0,lbfgs,6218,364.14915657043457,,,,0.0005531217527810259,1.1969084109010952e-06,0.0,6.203529226341235e-05,0.0006215498310450246
519,0.0,lbfgs,6219,364.5270404815674,,,,0.0005511722454898096,1.195937851351496e-06,0.0,6.178722511462355e-05,0.0006190681889975871
520,0.0,lbfgs,6220,364.86121702194214,,,,0.0005495172279079998,1.194782924320679e-06,0.0,6.176498358714882e-05,0.0006188446187958089
521,0.0,lbfgs,6221,365.2197926044464,,,,0.0005478585877092413,1.1874951330274349e-06,0.0,6.164064444098481e-05,0.0006175939395428755
522,0.0,lbfgs,6222,365.49482893943787,,,,0.0005460479508511469,1.1729216099143724e-06,0.0,6.156629550242848e-05,0.0006168358766341992
523,0.0,lbfgs,6223,365.848281621933,,,,0.000544367060351938,1.161562657416411e-06,0.0,6.145247923103064e-05,0.0006156863549677228
524,0.0,lbfgs,6224,366.15414667129517,,,,0.000542041891770211,1.1517756818475904e-06,0.0,6.121313367387954e-05,0.000613283112420643
525,0.0,lbfgs,6225,366.5095453262329,,,,0.0005397365031246983,1.1486563890063333e-06,0.0,6.096219097635725e-05,0.0006107705661525789
526,0.0,lbfgs,6226,366.8675537109375,,,,0.0005379748513563279,1.1470764561842904e-06,0.0,6.076097242177972e-05,0.0006087568006739814
527,0.0,lbfgs,6227,367.22038650512695,,,,0.0005362147042996955,1.148370273029534e-06,0.0,6.062960506280537e-05,0.0006074444209010833
528,0.0,lbfgs,6228,367.63177156448364,,,,0.0005352586843038889,1.148505719098792e-06,0.0,6.054961736577373e-05,0.0006066446793768362
529,0.0,lbfgs,6229,367.9761309623718,,,,0.0005338668409697433,1.1504444234609347e-06,0.0,6.04153088626898e-05,0.0006053035330503589
530,0.0,lbfgs,6230,368.22897505760193,,,,0.0005327527135081118,1.1491916383873781e-06,0.0,6.0297706744875156e-05,0.0006041262590871389
531,0.0,lbfgs,6231,368.59292340278625,,,,0.0005305952121722707,1.1507786080841495e-06,0.0,5.98736143199938e-05,0.0005998869218080222
532,0.0,lbfgs,6232,369.1974079608917,,,,0.0005297030781722552,1.142150112392421e-06,0.0,5.98377537642854e-05,0.0005995196877552465
533,0.0,lbfgs,6233,369.65060329437256,,,,0.0005284995936147696,1.137915203238555e-06,0.0,5.96150676139266e-05,0.0005972885913425045
534,0.0,lbfgs,6234,369.95471692085266,,,,0.0005265179186985992,1.1312303310581095e-06,0.0,5.918768835076016e-05,0.0005930081138386596
535,0.0,lbfgs,6235,370.33404874801636,,,,0.0005255400788105507,1.1278977152980202e-06,0.0,5.896231003712407e-05,0.0005907509980865387
536,0.0,lbfgs,6236,370.72617053985596,,,,0.0005217750386784175,1.118776666409884e-06,0.0,5.8251712307855916e-05,0.0005836358997449691
537,0.0,lbfgs,6237,371.1424608230591,,,,0.0005211261113128548,1.1504885000714695e-06,0.0,5.802795714958053e-05,0.0005814300599958767
538,0.0,lbfgs,6238,371.60054874420166,,,,0.0005163479704581206,1.1152751875215665e-06,0.0,5.740953145119475e-05,0.000575210589699469
539,0.0,lbfgs,6239,371.9774045944214,,,,0.0005151463183465999,1.1106622903021676e-06,0.0,5.739799378536664e-05,0.0005750906001439686
540,0.0,lbfgs,6240,372.4174134731293,,,,0.0005141111888832915,1.1086460575263325e-06,0.0,5.7369554980510894e-05,0.0005748041958626353
541,0.0,lbfgs,6241,372.85158228874207,,,,0.0005118897599111528,1.1059717703735769e-06,0.0,5.7182703612757246e-05,0.000572933007897946
542,0.0,lbfgs,6242,373.29925060272217,,,,0.000509283893894094,1.1046650454399495e-06,0.0,5.685060378504451e-05,0.0005696107028958851
543,0.0,lbfgs,6243,373.71679496765137,,,,0.0005073775607693168,1.100981982300694e-06,0.0,5.6504688481571483e-05,0.0005661478667980156
544,0.0,lbfgs,6244,374.1623229980469,,,,0.0005054964590077277,1.0968757514449469e-06,0.0,5.6120663237474196e-05,0.0005623035081261869
545,0.0,lbfgs,6245,374.60189056396484,,,,0.0005035604475090087,1.0928518368326113e-06,0.0,5.5726566618172075e-05,0.0005583585180185533
546,0.0,lbfgs,6246,375.292005777359,,,,0.0005029111789430702,1.0899862198689449e-06,0.0,5.555857795462356e-05,0.0005566757657661045
547,0.0,lbfgs,6247,375.6382267475128,,,,0.0005015133597543305,1.0852362838102838e-06,0.0,5.537165653820939e-05,0.0005548018016659042
548,0.0,lbfgs,6248,376.0711464881897,,,,0.0004998529493795977,1.0792536658443681e-06,0.0,5.520045464066267e-05,0.0005530838000724711
549,0.0,lbfgs,6249,376.42698884010315,,,,0.0004990966118867212,1.0779968863782288e-06,0.0,5.513353704778326e-05,0.0005524133673642107
550,0.0,lbfgs,6250,376.8100802898407,,,,0.0004980752037104434,1.0778204618690783e-06,0.0,5.5023400632789976e-05,0.0005513118267897688
551,0.0,lbfgs,6251,377.21043372154236,,,,0.0004965320465252757,1.0736845130216214e-06,0.0,5.485829410241346e-05,0.0005496566255371563
552,0.0,lbfgs,6252,377.82373213768005,,,,0.0004956755009446774,1.0778633968976288e-06,0.0,5.470588618018542e-05,0.0005481367251987518
553,0.0,lbfgs,6253,378.22265887260437,,,,0.0004944815774502077,1.070332194229833e-06,0.0,5.4585567056529947e-05,0.0005469260027595294
554,0.0,lbfgs,6254,378.57721519470215,,,,0.0004936613887382616,1.0655164821914075e-06,0.0,5.4495962117296144e-05,0.0005460251376551528
555,0.0,lbfgs,6255,378.89054679870605,,,,0.0004929901761851737,1.0632245103357721e-06,0.0,5.442777893936193e-05,0.0005453410139039551
556,0.0,lbfgs,6256,379.23240876197815,,,,0.0004915179272889088,1.060636457656166e-06,0.0,5.428280063929873e-05,0.0005438886428506435
557,0.0,lbfgs,6257,379.9017345905304,,,,0.0004906993860374837,1.0630916412341863e-06,0.0,5.411873947189447e-05,0.0005422504863601788
558,0.0,lbfgs,6258,380.2561628818512,,,,0.0004893369306678708,1.0620674889685152e-06,0.0,5.3989593813967535e-05,0.000540958005628644
559,0.0,lbfgs,6259,380.613737821579,,,,0.0004881978775904415,1.0601646467043351e-06,0.0,5.384545797662341e-05,0.0005395147444129385
560,0.0,lbfgs,6260,381.0106554031372,,,,0.0004864102272077303,1.0604263022631947e-06,0.0,5.356135411407908e-05,0.000536673967443054
561,0.0,lbfgs,6261,381.39302802085876,,,,0.0004854645353431951,1.0620035935039884e-06,0.0,5.3270312079256375e-05,0.0005337651243860677
562,0.0,lbfgs,6262,381.79902267456055,,,,0.00048304830016061715,1.053786522923453e-06,0.0,5.300858436878561e-05,0.0005311396302107796
563,0.0,lbfgs,6263,382.1839168071747,,,,0.00048172146380309923,1.047008930158433e-06,0.0,5.284945705837656e-05,0.0005295415795139241
564,0.0,lbfgs,6264,382.5260238647461,,,,0.00048084457846960665,1.040807505661933e-06,0.0,5.274159454840098e-05,0.0005284567529896718
565,0.0,lbfgs,6265,382.8798668384552,,,,0.00047945735926767895,1.0329342857151966e-06,0.0,5.2579813688154506e-05,0.0005268310711672602
566,0.0,lbfgs,6266,383.2992672920227,,,,0.0004777400983129972,1.0369799862874224e-06,0.0,5.241369576695535e-05,0.0005251739376558409
567,0.0,lbfgs,6267,383.7208127975464,,,,0.0004754841538720441,1.0235392889870092e-06,0.0,5.217001907222211e-05,0.0005227237300112082
568,0.0,lbfgs,6268,384.1349022388458,,,,0.00047484448479292893,1.0259852540150699e-06,0.0,5.208081823287888e-05,0.0005218341675828039
569,0.0,lbfgs,6269,384.53439021110535,,,,0.0004741946952698301,1.0285859663009272e-06,0.0,5.1990747833984986e-05,0.0005209360643061507
570,0.0,lbfgs,6270,384.8615984916687,,,,0.00047365734467748056,1.0286058284819484e-06,0.0,5.186018438161352e-05,0.0005196304496446171
571,0.0,lbfgs,6271,385.11735367774963,,,,0.00047263764523231927,1.0271092641346448e-06,0.0,5.173893021304724e-05,0.000518416411394607
572,0.0,lbfgs,6272,385.4971857070923,,,,0.00047168372261246897,1.0259640861074315e-06,0.0,5.1689170152973436e-05,0.0005179176656158419
573,0.0,lbfgs,6273,385.8877127170563,,,,0.0004708442025774189,1.0197428433192732e-06,0.0,5.158869994029352e-05,0.0005169067422462545
574,0.0,lbfgs,6274,386.2923183441162,,,,0.0004702494632377507,1.0165516845800139e-06,0.0,5.1568225816179956e-05,0.0005166988098463796
575,0.0,lbfgs,6275,386.67090034484863,,,,0.0004694002232014743,1.0122922982619806e-06,0.0,5.1536030532893016e-05,0.0005163725976271922
576,0.0,lbfgs,6276,387.099485874176,,,,0.0004684859918732138,1.0091908044540187e-06,0.0,5.147385879908968e-05,0.0005157477787953508
577,0.0,lbfgs,6277,387.55745339393616,,,,0.00046646766956009577,1.0006366827468023e-06,0.0,5.131120845839906e-05,0.0005141127212667374
578,0.0,lbfgs,6278,388.2338924407959,,,,0.0004653146905217261,1.001028211076003e-06,0.0,5.1329282279874316e-05,0.0005142938510098191
579,0.0,lbfgs,6279,388.5357611179352,,,,0.00046356645814661255,9.93940240230828e-07,0.0,5.1111668629946277e-05,0.0005121106265396936
580,0.0,lbfgs,6280,388.919704914093,,,,0.0004621121971064185,9.932988436681125e-07,0.0,5.095996563662647e-05,0.0005105929552099329
581,0.0,lbfgs,6281,389.3525607585907,,,,0.0004604781231604481,9.92535436675443e-07,0.0,5.086019346205173e-05,0.0005095944700571928
582,0.0,lbfgs,6282,389.7746887207031,,,,0.0004592005820022886,9.97723890737327e-07,0.0,5.0860571727878085e-05,0.0005096034411695182
583,0.0,lbfgs,6283,390.1964476108551,,,,0.00045806346376337203,9.913338370566525e-07,0.0,5.074374057094588e-05,0.0005084287395465154
584,0.0,lbfgs,6284,390.61856484413147,,,,0.0004568378278925962,9.856420447952619e-07,0.0,5.064231999720671e-05,0.0005074088420168624
585,0.0,lbfgs,6285,391.03511095046997,,,,0.00045573275661304964,9.794523786651624e-07,0.0,5.052825932040893e-05,0.0005062620455827544
586,0.0,lbfgs,6286,391.42978072166443,,,,0.00045429810190372093,9.722670114332204e-07,0.0,5.036219684801034e-05,0.0005045942354915367
587,0.0,lbfgs,6287,391.80440521240234,,,,0.00045164281321153976,9.715811219399624e-07,0.0,5.004143720934698e-05,0.0005013859532154097
588,0.0,lbfgs,6288,392.1862485408783,,,,0.00045060707726847396,9.630371612927026e-07,0.0,4.985961184369976e-05,0.0004995591555982903
589,0.0,lbfgs,6289,392.4887025356293,,,,0.0004487243929881145,9.619000752894244e-07,0.0,4.9644733572815375e-05,0.0004974092358034432
590,0.0,lbfgs,6290,392.83036160469055,,,,0.0004479859483448571,9.61964357176276e-07,0.0,4.962381440667209e-05,0.0004972001084238972
591,0.0,lbfgs,6291,393.0786430835724,,,,0.00044691529895017455,9.60045664897111e-07,0.0,4.954187078846516e-05,0.0004963787535495487
592,0.0,lbfgs,6292,393.541876077652,,,,0.0004456499521712832,9.57587932583691e-07,0.0,4.951785498044346e-05,0.0004961361377370183
593,0.0,lbfgs,6293,393.9431550502777,,,,0.00044394797834402703,9.510710155187341e-07,0.0,4.929618051305909e-05,0.0004939128761461097
594,0.0,lbfgs,6294,394.3308336734772,,,,0.0004420370439971615,9.434172806469757e-07,0.0,4.9069170778101446e-05,0.0004916351250616615
595,0.0,lbfgs,6295,394.74340748786926,,,,0.0004404148697517614,9.407587198211768e-07,0.0,4.8900315337696536e-05,0.0004899439120967865
596,0.0,lbfgs,6296,395.09771156311035,,,,0.00043848339630431465,9.471637435747564e-07,0.0,4.8656402624012346e-05,0.0004875111899836982
597,0.0,lbfgs,6297,395.3561933040619,,,,0.00043637195677093116,9.456947924144951e-07,0.0,4.8391115823521026e-05,0.00048485685302762475
598,0.0,lbfgs,6298,395.77811074256897,,,,0.00043502018966379714,9.417180126720794e-07,0.0,4.829683360815501e-05,0.0004839100540942222
599,0.0,lbfgs,6299,396.0657730102539,,,,0.0004340675497573177,9.379739456804331e-07,0.0,4.8117585496564684e-05,0.0004821138289113272
600,0.0,lbfgs,6300,396.429402589798,,,,0.0004334975186791161,9.340354753304659e-07,0.0,4.805583226775442e-05,0.0004814923581528747
601,0.0,lbfgs,6301,396.7440254688263,,,,0.00043207116125686075,9.241272967472112e-07,0.0,4.792717631449992e-05,0.0004801958904417464
602,0.0,lbfgs,6302,397.1479334831238,,,,0.0004308592431081474,9.160456381827603e-07,0.0,4.780233836897949e-05,0.00047893942932797763
603,0.0,lbfgs,6303,397.5150697231293,,,,0.00042939830070787695,9.098893811501105e-07,0.0,4.7652283372456485e-05,0.000477432723105715
604,0.0,lbfgs,6304,397.93267846107483,,,,0.00042785370415371235,9.047367626986962e-07,0.0,4.745962516243782e-05,0.0004755009883870769
605,0.0,lbfgs,6305,398.3269250392914,,,,0.0004264985895618215,9.074485642285079e-07,0.0,4.725503946893872e-05,0.00047345784325361563
606,0.0,lbfgs,6306,398.75477862358093,,,,0.0004251879463573234,9.070138406455099e-07,0.0,4.708395330209234e-05,0.0004717465468615689
607,0.0,lbfgs,6307,399.08042430877686,,,,0.0004221427510919535,9.071482330060437e-07,0.0,4.662526838218785e-05,0.0004671598320548845
608,0.0,lbfgs,6308,399.7556691169739,,,,0.00042135435686417545,9.082823566012029e-07,0.0,4.6575855911704264e-05,0.0004666668414736438
609,0.0,lbfgs,6309,400.0846519470215,,,,0.00041976349371402574,9.020511171175184e-07,0.0,4.6339551219681185e-05,0.0004642975633139294
610,0.0,lbfgs,6310,400.47564029693604,,,,0.0004186406079132731,8.95971258167411e-07,0.0,4.621408424141835e-05,0.0004630368136723509
611,0.0,lbfgs,6311,400.85606026649475,,,,0.00041729936738870343,8.890179109428357e-07,0.0,4.611915707314188e-05,0.0004620805886423616
612,0.0,lbfgs,6312,401.24979972839355,,,,0.00041559313697669725,8.833133646521773e-07,0.0,4.600753997272693e-05,0.0004609587130919215
613,0.0,lbfgs,6313,401.66343998908997,,,,0.0004128670441333797,8.809886919803017e-07,0.0,4.576108232613768e-05,0.0004584918119533571
614,0.0,lbfgs,6314,402.2921748161316,,,,0.00041167024731628534,8.80836762850419e-07,0.0,4.575683060337695e-05,0.0004584491427966199
615,0.0,lbfgs,6315,402.6943824291229,,,,0.00040921621011470846,8.842008866488379e-07,0.0,4.5511219852499844e-05,0.00045599639941164727
616,0.0,lbfgs,6316,403.1035921573639,,,,0.0004076826738338433,8.84727255266965e-07,0.0,4.533963577006314e-05,0.0004542810849558984
617,0.0,lbfgs,6317,403.51399755477905,,,,0.00040462063031514867,8.858510034764088e-07,0.0,4.498817371796243e-05,0.00045076758818310067
618,0.0,lbfgs,6318,403.91984510421753,,,,0.00040201476835515236,8.785073073960921e-07,0.0,4.467993563999244e-05,0.0004476778637073205
619,0.0,lbfgs,6319,404.5776391029358,,,,0.00040151914303969454,8.774305638362089e-07,0.0,4.461986773634757e-05,0.0004470761079273119
620,0.0,lbfgs,6320,404.9906978607178,,,,0.00040018920751412395,8.718011640396333e-07,0.0,4.4442029099097805e-05,0.0004452920921550177
621,0.0,lbfgs,6321,405.43276810646057,,,,0.0003992308280996942,8.714156460955142e-07,0.0,4.434343011933764e-05,0.0004443057168394719
622,0.0,lbfgs,6322,405.84890961647034,,,,0.0003984904832619517,8.71080882827471e-07,0.0,4.4260408138159404e-05,0.0004434751622644215
623,0.0,lbfgs,6323,406.21382308006287,,,,0.00039785028249185477,8.761517838190499e-07,0.0,4.417286568999128e-05,0.00044260480868373183
624,0.0,lbfgs,6324,406.6064610481262,,,,0.00039652063402489544,8.719118004924408e-07,0.0,4.397641839755526e-05,0.00044063609577604503
625,0.0,lbfgs,6325,406.95850110054016,,,,0.00039528534468445903,8.684150038984185e-07,0.0,4.375562268191927e-05,0.0004384246418230911
626,0.0,lbfgs,6326,407.31016755104065,,,,0.00039425111990419495,8.66848297389232e-07,0.0,4.354823104787825e-05,0.00043634915877617173
627,0.0,lbfgs,6327,407.59198904037476,,,,0.0003929338073094154,8.624755920488294e-07,0.0,4.334160373072707e-05,0.00043427851289931955
628,0.0,lbfgs,6328,408.0068552494049,,,,0.0003914272351714159,8.595824950746136e-07,0.0,4.3134270701803927e-05,0.00043220228951311386
629,0.0,lbfgs,6329,408.30971121788025,,,,0.0003904059975424033,8.559508635229969e-07,0.0,4.3059139860868366e-05,0.0004314473494722066
630,0.0,lbfgs,6330,408.6544530391693,,,,0.0003894555834214074,8.531497782429932e-07,0.0,4.303611570921726e-05,0.0004312143068704156
631,0.0,lbfgs,6331,409.0027823448181,,,,0.00038823830331588007,8.499280817403259e-07,0.0,4.292189284520093e-05,0.0004300688565337496
632,0.0,lbfgs,6332,409.3676846027374,,,,0.00038768954079757283,8.590290393846275e-07,0.0,4.3014182397370996e-05,0.0004310008530130946
633,0.0,lbfgs,6333,409.72688126564026,,,,0.00038582279435336154,8.507431112829668e-07,0.0,4.267807668770275e-05,0.00042763150998831047
634,0.0,lbfgs,6334,410.0278820991516,,,,0.0003853014011940831,8.508164825641753e-07,0.0,4.258614648010148e-05,0.000426712281283579
635,0.0,lbfgs,6335,410.3887424468994,,,,0.0003840328765132729,8.524570343915786e-07,0.0,4.235524826479737e-05,0.00042440493968236526
636,0.0,lbfgs,6336,411.0471351146698,,,,0.0003833257033172666,8.58400002499522e-07,0.0,4.223954197826321e-05,0.00042325381978513166
637,0.0,lbfgs,6337,411.31551027297974,,,,0.0003823147411561047,8.577363930854214e-07,0.0,4.210106190817195e-05,0.00042186835547480497
638,0.0,lbfgs,6338,411.6611738204956,,,,0.0003810144678187066,8.567352794395873e-07,0.0,4.194924991238447e-05,0.00042034923440328425
639,0.0,lbfgs,6339,412.07638120651245,,,,0.00038016850101968154,8.552760566495231e-07,0.0,4.186626983034834e-05,0.0004195179743601329
640,0.0,lbfgs,6340,412.4331634044647,,,,0.00037855521521746433,8.491282457897479e-07,0.0,4.1705787893957286e-05,0.00041790700718536257
641,0.0,lbfgs,6341,413.03227829933167,,,,0.000377627520162234,8.460240344241858e-07,0.0,4.161249747475962e-05,0.00041697099878202043
642,0.0,lbfgs,6342,413.41057658195496,,,,0.0003761024355562013,8.370728017248289e-07,0.0,4.146059231596163e-05,0.00041544299596134115
643,0.0,lbfgs,6343,413.68538880348206,,,,0.0003749196298544672,8.302026367028427e-07,0.0,4.1333837666763535e-05,0.0004141685793043382
644,0.0,lbfgs,6344,413.99190497398376,,,,0.00037383446271177826,8.229701402071515e-07,0.0,4.1210912310965326e-05,0.0004129320932498604
645,0.0,lbfgs,6345,414.3417146205902,,,,0.00037173270104338464,8.117404338122219e-07,0.0,4.102714000877858e-05,0.00041108314052159796
646,0.0,lbfgs,6346,414.77479338645935,,,,0.0003702246791357374,7.943485597883175e-07,0.0,4.0777989307115266e-05,0.000408574241630941
647,0.0,lbfgs,6347,415.1450340747833,,,,0.0003678109161776079,7.905106395777662e-07,0.0,4.063220571673627e-05,0.00040711256780694046
648,0.0,lbfgs,6348,415.5410120487213,,,,0.0003667920511355417,7.91667770743175e-07,0.0,4.0528311095690484e-05,0.00040607477872764804
649,0.0,lbfgs,6349,415.86148023605347,,,,0.00036542886293768723,7.932404578308222e-07,0.0,4.0397456026338503e-05,0.00040476780072121584
650,0.0,lbfgs,6350,416.2326912879944,,,,0.00036441355886110204,7.929261876168697e-07,0.0,4.022902149804166e-05,0.00040308314116803347
651,0.0,lbfgs,6351,416.5737030506134,,,,0.0003633291962807681,7.895307791523189e-07,0.0,4.0207167667707615e-05,0.0004028612074562285
652,0.0,lbfgs,6352,416.8911633491516,,,,0.0003625246494055243,7.838931047340746e-07,0.0,4.012178176902186e-05,0.00040200171079495266
653,0.0,lbfgs,6353,417.2773189544678,,,,0.0003615152474829854,7.783218780248187e-07,0.0,3.999371132203099e-05,0.00040071543509833475
654,0.0,lbfgs,6354,417.62767457962036,,,,0.0003604799630093009,7.735840300682587e-07,0.0,3.9896546186909576e-05,0.000399739045899164
655,0.0,lbfgs,6355,417.8712134361267,,,,0.00035889282134950184,7.670914012651362e-07,0.0,3.9703225458814415e-05,0.0003977993459894093
656,0.0,lbfgs,6356,418.21443796157837,,,,0.0003580264309029589,7.683481498382464e-07,0.0,3.95911704815298e-05,0.00039668005296513624
657,0.0,lbfgs,6357,418.52730894088745,,,,0.0003573265932527636,7.660360007706477e-07,0.0,3.951546409101194e-05,0.00039592067691089004
658,0.0,lbfgs,6358,418.9198851585388,,,,0.00035667429504735934,7.65987678931769e-07,0.0,3.942871189253424e-05,0.0003950531066042741
659,0.0,lbfgs,6359,419.2065932750702,,,,0.00035573965847608414,7.64752044590188e-07,0.0,3.9275413306232574e-05,0.0003935188851069159
660,0.0,lbfgs,6360,419.5756914615631,,,,0.0003542903773360875,7.646907923972565e-07,0.0,3.8932369642486344e-05,0.00039008838721726067
661,0.0,lbfgs,6361,419.8631386756897,,,,0.0003538133916598283,7.558427240518356e-07,0.0,3.880893182478812e-05,0.000388845160971933
662,0.0,lbfgs,6362,420.2427225112915,,,,0.00035245424223983885,7.542222333209389e-07,0.0,3.867564426359329e-05,0.00038751066486925387
663,0.0,lbfgs,6363,420.58569264411926,,,,0.00035198020246994283,7.530004524161872e-07,0.0,3.861739452377045e-05,0.00038692694569012067
664,0.0,lbfgs,6364,420.9261317253113,,,,0.000351369004593199,7.505761620669771e-07,0.0,3.855237837698816e-05,0.0003862743599319486
665,0.0,lbfgs,6365,421.2265374660492,,,,0.0003502013797680158,7.46603974462085e-07,0.0,3.8477736438839656e-05,0.0003855239683628586
666,0.0,lbfgs,6366,421.5672438144684,,,,0.0003487541113025119,7.428759298099597e-07,0.0,3.828108265398474e-05,0.00038355370246965733
667,0.0,lbfgs,6367,421.87331199645996,,,,0.0003469422754384601,7.3548805952329e-07,0.0,3.82943709113005e-05,0.0003836791971725283
668,0.0,lbfgs,6368,422.2149636745453,,,,0.0003461211750057666,7.352681591137688e-07,0.0,3.821149255789897e-05,0.0003828501937381035
669,0.0,lbfgs,6369,422.47721767425537,,,,0.0003450813170781249,7.357363427848815e-07,0.0,3.8078707344489605e-05,0.00038152280978768095
670,0.0,lbfgs,6370,422.8513939380646,,,,0.0003442249509832186,7.356696681069066e-07,0.0,3.7938971409887284e-05,0.00038012538376697977
671,0.0,lbfgs,6371,423.1532995700836,,,,0.0003431157903180972,7.329725349279679e-07,0.0,3.773679214230646e-05,0.00037810089395799257
672,0.0,lbfgs,6372,423.59059596061707,,,,0.0003426024625580201,7.297402236095936e-07,0.0,3.7642969012917395e-05,0.00037715943035278353
673,0.0,lbfgs,6373,423.88774514198303,,,,0.00034186872565582926,7.254496302199515e-07,0.0,3.756382459284371e-05,0.0003763636955586571
674,0.0,lbfgs,6374,424.2703866958618,,,,0.00034101626318639334,7.209973533173995e-07,0.0,3.747335004435423e-05,0.0003754544977968597
675,0.0,lbfgs,6375,424.66454553604126,,,,0.00033995417191501917,7.16525073947356e-07,0.0,3.7385992824227834e-05,0.0003745764533162257
676,0.0,lbfgs,6376,425.2483277320862,,,,0.00033941297488122407,7.178079373155419e-07,0.0,3.732941027954469e-05,0.0003740119107327624
677,0.0,lbfgs,6377,425.59590768814087,,,,0.0003385489238042639,7.15377628505507e-07,0.0,3.727090006115169e-05,0.0003734243782400224
678,0.0,lbfgs,6378,425.9341335296631,,,,0.0003378309729118484,7.131213903082486e-07,0.0,3.7197210704507644e-05,0.0003726852284353847
679,0.0,lbfgs,6379,426.3272154331207,,,,0.00033661097401181314,7.087368293807665e-07,0.0,3.7043902249380105e-05,0.0003711477593231818
680,0.0,lbfgs,6380,426.94582509994507,,,,0.0003360988724815022,7.034094310610505e-07,0.0,3.696711499291402e-05,0.00037037455936020125
681,0.0,lbfgs,6381,427.3249795436859,,,,0.00033540075159791327,7.001307561798368e-07,0.0,3.685342706465014e-05,0.0003692344014026812
682,0.0,lbfgs,6382,427.6412603855133,,,,0.00033480992303839917,6.969619840956973e-07,0.0,3.676172854816805e-05,0.0003683142474657762
683,0.0,lbfgs,6383,427.96922063827515,,,,0.0003338175281419702,6.933584248006124e-07,0.0,3.6636547264146414e-05,0.00036705883106626476
684,0.0,lbfgs,6384,428.5147249698639,,,,0.00033223429652390996,6.892442911078266e-07,0.0,3.645008631017902e-05,0.000365190107392898
685,0.0,lbfgs,6385,428.8960597515106,,,,0.00033088658254382494,6.859980191465521e-07,0.0,3.6227652457267485e-05,0.00036296252259182136
686,0.0,lbfgs,6386,429.29276037216187,,,,0.0003295558993031186,6.843441661601907e-07,0.0,3.612875279964453e-05,0.0003619718721626055
687,0.0,lbfgs,6387,429.6867039203644,,,,0.0003283549501273297,6.82614612180257e-07,0.0,3.5979945878206315e-05,0.00036048207339424345
688,0.0,lbfgs,6388,430.1448986530304,,,,0.00032698137728211354,6.785385435409526e-07,0.0,3.578716966251181e-05,0.0003585502351686591
689,0.0,lbfgs,6389,430.567795753479,,,,0.0003266972002225785,6.799652072659079e-07,0.0,3.5738466129652064e-05,0.00035806462650378657
690,0.0,lbfgs,6390,430.90037727355957,,,,0.000325391700728185,6.737492081407526e-07,0.0,3.560472332254712e-05,0.000356720982433612
691,0.0,lbfgs,6391,431.2978677749634,,,,0.0003246075438725607,6.715931235823694e-07,0.0,3.5544471388485026e-05,0.00035611630700843264
692,0.0,lbfgs,6392,431.6503875255585,,,,0.0003237361352755,6.704279187866511e-07,0.0,3.550843748422247e-05,0.0003557548027610114
693,0.0,lbfgs,6393,431.99726819992065,,,,0.00032320440708571106,6.734560868432574e-07,0.0,3.559970269157238e-05,0.00035667048300256705
694,0.0,lbfgs,6394,432.3613910675049,,,,0.0003220181395236364,6.738181691871168e-07,0.0,3.5510037732791904e-05,0.00035577419549710613
695,0.0,lbfgs,6395,432.8643493652344,,,,0.00032140287826269183,6.747658301678142e-07,0.0,3.546815421872641e-05,0.00035535630801743196
696,0.0,lbfgs,6396,433.30356073379517,,,,0.0003204548086402596,6.763170919405128e-07,0.0,3.539794796700854e-05,0.00035465579676202593
697,0.0,lbfgs,6397,433.7328703403473,,,,0.0003188063272800917,6.760613030357052e-07,0.0,3.519361441095888e-05,0.0003526122054126245
698,0.0,lbfgs,6398,434.10601687431335,,,,0.0003170270412288466,6.77548462963111e-07,0.0,3.497383126322665e-05,0.0003504158610952296
699,0.0,lbfgs,6399,434.5233519077301,,,,0.00031624801775698754,6.736604364525404e-07,0.0,3.481607383361976e-05,0.0003488343987726501
700,0.0,lbfgs,6400,434.97893500328064,,,,0.00031526891874819596,6.702598808962166e-07,0.0,3.4687810952370463e-05,0.00034754836940460086
701,0.0,lbfgs,6401,435.39740109443665,,,,0.00031449458208219713,6.690311545474466e-07,0.0,3.460307911346057e-05,0.0003466998222891531
702,0.0,lbfgs,6402,435.8335962295532,,,,0.0003135553030210904,6.687643470566302e-07,0.0,3.4505366807515076e-05,0.0003457224324222074
703,0.0,lbfgs,6403,436.2138020992279,,,,0.0003132791600583122,6.683433148920571e-07,0.0,3.461059706933765e-05,0.00034677431400826855
704,0.0,lbfgs,6404,436.53829741477966,,,,0.0003119259404318045,6.688079926771082e-07,0.0,3.440336433238704e-05,0.0003447024513165475
705,0.0,lbfgs,6405,436.83064007759094,,,,0.0003113728840879723,6.673532941951941e-07,0.0,3.434288754251047e-05,0.0003440962287192999
706,0.0,lbfgs,6406,437.2406430244446,,,,0.00031044759536782014,6.653960000018411e-07,0.0,3.4278939325243834e-05,0.0003434547892524402
707,0.0,lbfgs,6407,437.6294343471527,,,,0.0003096906351069713,6.709478789545168e-07,0.0,3.4214053425881796e-05,0.00034281148213777246
708,0.0,lbfgs,6408,438.0756013393402,,,,0.0003083509913185869,6.635675556766554e-07,0.0,3.4138179850743094e-05,0.0003420453660631076
709,0.0,lbfgs,6409,438.4908723831177,,,,0.00030746188506753893,6.603933655595041e-07,0.0,3.406554241604011e-05,0.0003413158175259606
710,0.0,lbfgs,6410,438.8704912662506,,,,0.0003067740588828257,6.610917552234549e-07,0.0,3.399456050576853e-05,0.0003406066968129088
711,0.0,lbfgs,6411,439.2115423679352,,,,0.0003058787680840692,6.650200323811288e-07,0.0,3.385606203982566e-05,0.00033922564043063774
712,0.0,lbfgs,6412,439.53009152412415,,,,0.00030481616096638553,6.661920827618944e-07,0.0,3.379437632556928e-05,0.0003386099553384547
713,0.0,lbfgs,6413,439.9250659942627,,,,0.00030405513223391334,6.608849595567848e-07,0.0,3.36675681611041e-05,0.0003373365665705978
714,0.0,lbfgs,6414,440.3416097164154,,,,0.0003032369872101485,6.534862696558923e-07,0.0,3.357444096391385e-05,0.00033639789590879436
715,0.0,lbfgs,6415,440.7254271507263,,,,0.00030239009879258846,6.475593128796327e-07,0.0,3.348307183165998e-05,0.00033547827762947947
716,0.0,lbfgs,6416,441.1084921360016,,,,0.0003007283779294268,6.409645466820063e-07,0.0,3.3299337925531295e-05,0.00033363434380199493
717,0.0,lbfgs,6417,441.49179005622864,,,,0.0002987923507855913,6.3806140675776e-07,0.0,3.3055050553565194e-05,0.0003311885669424097
718,0.0,lbfgs,6418,441.8518500328064,,,,0.00029834892927455546,6.462107468225998e-07,0.0,3.315125903097482e-05,0.0003321588010565708
719,0.0,lbfgs,6419,442.22977089881897,,,,0.0002965029070587921,6.473189865016655e-07,0.0,3.2826592897067095e-05,0.0003289132479571726
720,0.0,lbfgs,6420,442.6050605773926,,,,0.00029606479055359526,6.485659752065972e-07,0.0,3.276650821549648e-05,0.0003283136481301714
721,0.0,lbfgs,6421,442.96343207359314,,,,0.0002950206444775134,6.537148973345087e-07,0.0,3.2652597345358695e-05,0.0003271796883509215
722,0.0,lbfgs,6422,443.31510829925537,,,,0.0002938664741533074,6.484546931440159e-07,0.0,3.247194299285498e-05,0.00032536788462169384
723,0.0,lbfgs,6423,443.7412257194519,,,,0.0002935233443719645,6.476860398240969e-07,0.0,3.240149475313055e-05,0.0003246626335711296
724,0.0,lbfgs,6424,444.1608130931854,,,,0.00029261132424077515,6.432600624349814e-07,0.0,3.233825727332848e-05,0.00032402583279571984
725,0.0,lbfgs,6425,444.52097606658936,,,,0.0002922071689664281,6.396616508971948e-07,0.0,3.2313718042880275e-05,0.0003237768420796999
726,0.0,lbfgs,6426,444.95376539230347,,,,0.0002919112055660634,6.371557461535266e-07,0.0,3.229338870213304e-05,0.0003235710427674839
727,0.0,lbfgs,6427,445.3553557395935,,,,0.00029109962819412726,6.34027659486861e-07,0.0,3.225461805717683e-05,0.00032318020823125516
728,0.0,lbfgs,6428,445.7925775051117,,,,0.00029057211762714604,6.30093415767201e-07,0.0,3.223704263101844e-05,0.0003230005197259516
729,0.0,lbfgs,6429,446.1814396381378,,,,0.00028962583975117366,6.309143740013677e-07,0.0,3.2203442563411926e-05,0.00032266534000812065
730,0.0,lbfgs,6430,446.55237317085266,,,,0.0002892464538288921,6.319129678470601e-07,0.0,3.217792548137062e-05,0.00032241116778155323
731,0.0,lbfgs,6431,446.8703420162201,,,,0.0002885796430138206,6.303768100517841e-07,0.0,3.2133725423588e-05,0.0003219676310459318
732,0.0,lbfgs,6432,447.1776897907257,,,,0.00028827638074844494,6.35870037245692e-07,0.0,3.21585637900063e-05,0.0003222215079373086
733,0.0,lbfgs,6433,447.50279450416565,,,,0.0002876878908054556,6.290026710828701e-07,0.0,3.208152732050926e-05,0.0003214442758761754
734,0.0,lbfgs,6434,447.8244025707245,,,,0.0002872728694947215,6.245546902819524e-07,0.0,3.203462776547902e-05,0.00032097083234507216
735,0.0,lbfgs,6435,448.2037959098816,,,,0.00028678682649234595,6.227045854985278e-07,0.0,3.1991238794044196e-05,0.0003205350925259405
736,0.0,lbfgs,6436,448.4813039302826,,,,0.00028548692488834863,6.205661082057858e-07,0.0,3.1873493339233226e-05,0.00031935549950053805
737,0.0,lbfgs,6437,448.82408595085144,,,,0.0002850449430589519,6.249821554329966e-07,0.0,3.191590005218833e-05,0.00031978398267731633
738,0.0,lbfgs,6438,449.166836977005,,,,0.00028389512040196617,6.202900963886136e-07,0.0,3.1758761564302455e-05,0.00031820790573941314
739,0.0,lbfgs,6439,449.48939037323,,,,0.00028352007128649303,6.192331924850597e-07,0.0,3.170846001042647e-05,0.00031770383329674976
740,0.0,lbfgs,6440,449.7633318901062,,,,0.000282803949988286,6.184517085436542e-07,0.0,3.1606333837622634e-05,0.00031668179008477
741,0.0,lbfgs,6441,450.14112544059753,,,,0.0002818295852062837,6.193247677315749e-07,0.0,3.1481767284456646e-05,0.00031543699761229805
742,0.0,lbfgs,6442,450.5513496398926,,,,0.0002806437676233677,6.16014252176956e-07,0.0,3.130920000787322e-05,0.0003137080143309092
743,0.0,lbfgs,6443,450.95869493484497,,,,0.000279262925561378,6.184493594146499e-07,0.0,3.110132663273236e-05,0.0003116317156867383
744,0.0,lbfgs,6444,451.3430926799774,,,,0.00027874045952359374,6.156826498495997e-07,0.0,3.103708646308452e-05,0.00031098654728069485
745,0.0,lbfgs,6445,451.7523603439331,,,,0.0002779238223304658,6.136230150491889e-07,0.0,3.09370574790326e-05,0.0003099841978053752
746,0.0,lbfgs,6446,452.09894371032715,,,,0.0002770490044388182,6.12665500231395e-07,0.0,3.0824551566102966e-05,0.0003088581811612611
747,0.0,lbfgs,6447,452.45392537117004,,,,0.0002759958359884324,6.126682006015493e-07,0.0,3.071364259927516e-05,0.0003077490941933531
748,0.0,lbfgs,6448,452.7506432533264,,,,0.00027549894522982724,6.139999686663864e-07,0.0,3.059050376022252e-05,0.0003065190375708916
749,0.0,lbfgs,6449,453.1408021450043,,,,0.00027449973152471774,6.100975173062829e-07,0.0,3.05216365917459e-05,0.00030582646343476526
750,0.0,lbfgs,6450,453.48402881622314,,,,0.0002740151892075219,6.080030811612979e-07,0.0,3.048251237254799e-05,0.00030543312680664117
751,0.0,lbfgs,6451,453.84460258483887,,,,0.0002733523355427812,6.059642452421892e-07,0.0,3.0416953030486317e-05,0.0003047754945501053
752,0.0,lbfgs,6452,454.1451470851898,,,,0.0002722032570970038,6.050063543988664e-07,0.0,3.027964934040924e-05,0.0003034014997584913
753,0.0,lbfgs,6453,454.51604104042053,,,,0.00027112948528100874,5.995963919649943e-07,0.0,3.0112260061819883e-05,0.00030172219701016386
754,0.0,lbfgs,6454,454.7683062553406,,,,0.00026990460821367074,6.028780888056205e-07,0.0,2.991802912677934e-05,0.00029978316935659903
755,0.0,lbfgs,6455,455.1333782672882,,,,0.0002693875126928025,6.021601125991656e-07,0.0,2.986992798818338e-05,0.00029930143999443295
756,0.0,lbfgs,6456,455.46816968917847,,,,0.000269094298984686,6.015960163903756e-07,0.0,2.979693452736287e-05,0.0002985709412900191
757,0.0,lbfgs,6457,455.84704422950745,,,,0.0002685538520077774,6.025893402375719e-07,0.0,2.9800828518744757e-05,0.0002986108745276851
758,0.0,lbfgs,6458,456.28233528137207,,,,0.00026825713831022817,6.036280570723565e-07,0.0,2.9809297320190483e-05,0.00029869660125897716
759,0.0,lbfgs,6459,456.68876218795776,,,,0.00026794801150478774,6.048874249598561e-07,0.0,2.9820049667279142e-05,0.0002988053840977513
760,0.0,lbfgs,6460,457.0254261493683,,,,0.0002676113583807535,6.049047245281364e-07,0.0,2.9824011838125872e-05,0.0002988450231057868
761,0.0,lbfgs,6461,457.3483135700226,,,,0.00026703985942702667,6.111601682206212e-07,0.0,2.9802942088132674e-05,0.00029864058104954737
762,0.0,lbfgs,6462,457.76930809020996,,,,0.0002660627550756755,6.048949410156382e-07,0.0,2.9788236855429723e-05,0.00029848726349531287
763,0.0,lbfgs,6463,458.14183712005615,,,,0.00026554543310617723,6.02897557691633e-07,0.0,2.9695912846479605e-05,0.0002975620260224877
764,0.0,lbfgs,6464,458.4873766899109,,,,0.0002648983843526197,6.007971121147927e-07,0.0,2.957765327927736e-05,0.00029637732990488836
765,0.0,lbfgs,6465,458.8641097545624,,,,0.0002644770824059412,6.00921543645409e-07,0.0,2.9495814856782264e-05,0.00029555907011146804
766,0.0,lbfgs,6466,459.27060198783875,,,,0.0002642378582441996,6.008422709748046e-07,0.0,2.946925355429516e-05,0.00029529337781392643
767,0.0,lbfgs,6467,459.67634892463684,,,,0.00026323370988093277,5.979935584612257e-07,0.0,2.9378063298011176e-05,0.000294378626538573
768,0.0,lbfgs,6468,460.08966994285583,,,,0.0002627620847972484,5.970402013013567e-07,0.0,2.9359018766601925e-05,0.0002941872278673206
769,0.0,lbfgs,6469,460.4590153694153,,,,0.0002623664145498256,5.955432616906416e-07,0.0,2.9351206718225583e-05,0.0002941076104439465
770,0.0,lbfgs,6470,460.8507912158966,,,,0.0002618204507145134,5.937865225668241e-07,0.0,2.9315497200269406e-05,0.00029374875852526087
771,0.0,lbfgs,6471,461.24226117134094,,,,0.00026154152329364524,5.926748044012711e-07,0.0,2.9477444361029197e-05,0.00029536711841469325
772,0.0,lbfgs,6472,461.6541178226471,,,,0.0002605657415604574,5.916109473610884e-07,0.0,2.9267232219236715e-05,0.00029326393313972824
773,0.0,lbfgs,6473,462.0522382259369,,,,0.000260153191962173,5.908993327526367e-07,0.0,2.9193508817086832e-05,0.000292525987503621
774,0.0,lbfgs,6474,462.4598300457001,,,,0.0002593084856693296,5.898655545715524e-07,0.0,2.9080398402137336e-05,0.0002913938495759449
775,0.0,lbfgs,6475,463.13150358200073,,,,0.0002589751462974789,5.885718120480738e-07,0.0,2.901729588875059e-05,0.00029076153069955397
776,0.0,lbfgs,6476,463.46823620796204,,,,0.00025819344965364037,5.880567609017086e-07,0.0,2.8973070348885915e-05,0.00029031876024976084
777,0.0,lbfgs,6477,463.8425784111023,,,,0.00025740872848787315,5.878101612708199e-07,0.0,2.8942197100054134e-05,0.0002900097811618122
778,0.0,lbfgs,6478,464.1868476867676,,,,0.0002565385097191234,5.876855861826855e-07,0.0,2.8916564294815193e-05,0.0002897533285343346
779,0.0,lbfgs,6479,464.47373270988464,,,,0.00025573122744308805,5.870034449848058e-07,0.0,2.8896310905768408e-05,0.00028955011250266893
780,0.0,lbfgs,6480,465.0637483596802,,,,0.00025527886945897243,5.866928862598052e-07,0.0,2.8855713135346684e-05,0.00028914382423972666
781,0.0,lbfgs,6481,465.4180338382721,,,,0.0002542534301863833,5.839625240855666e-07,0.0,2.8808131146470354e-05,0.00028866527398878914
782,0.0,lbfgs,6482,465.84371423721313,,,,0.0002534266417118062,5.805499870269021e-07,0.0,2.8737290520540218e-05,0.0002879534551924291
783,0.0,lbfgs,6483,466.29084277153015,,,,0.00025244249377005964,5.766787094296751e-07,0.0,2.8661070303414192e-05,0.0002871873817435716
784,0.0,lbfgs,6484,467.00088834762573,,,,0.00025204533280929364,5.752204002235773e-07,0.0,2.8587911796791647e-05,0.00028645433836814004
785,0.0,lbfgs,6485,467.4688169956207,,,,0.0002516186983229978,5.752559347870632e-07,0.0,2.8554128470243126e-05,0.00028611654063721837
786,0.0,lbfgs,6486,467.8182988166809,,,,0.0002509781473897622,5.753220977792552e-07,0.0,2.8497118753899223e-05,0.0002855465096367715
787,0.0,lbfgs,6487,468.22509026527405,,,,0.00025006863613152744,5.754923942823671e-07,0.0,2.845140051266618e-05,0.0002850894975209442
788,0.0,lbfgs,6488,468.65567564964294,,,,0.00024930254697047333,5.735481246313039e-07,0.0,2.8354344873241462e-05,0.00028411699685704597
789,0.0,lbfgs,6489,469.0541822910309,,,,0.00024838951059034367,5.699522290221504e-07,0.0,2.8299217044596462e-05,0.00028356212267498677
790,0.0,lbfgs,6490,469.5047905445099,,,,0.00024775179645634965,5.670986107242073e-07,0.0,2.826384812290082e-05,0.00028320557983973246
791,0.0,lbfgs,6491,469.96196389198303,,,,0.00024704147598246724,5.637329056836415e-07,0.0,2.8182854736667775e-05,0.0002823922802723614
792,0.0,lbfgs,6492,470.33371329307556,,,,0.00024620942513434326,5.593689061217858e-07,0.0,2.8091485762457374e-05,0.0002814742265306955
793,0.0,lbfgs,6493,470.6564209461212,,,,0.00024550823152187683,5.589771941888601e-07,0.0,2.802151173244762e-05,0.00028077409451866505
794,0.0,lbfgs,6494,471.0853650569916,,,,0.0002444796024924529,5.591270747362001e-07,0.0,2.7921030217093624e-05,0.00027976942924567245
795,0.0,lbfgs,6495,471.45792627334595,,,,0.000243660507786684,5.599581912318855e-07,0.0,2.7848520288433473e-05,0.00027904516107556663
796,0.0,lbfgs,6496,471.8023028373718,,,,0.00024278232281883726,5.588085971671188e-07,0.0,2.7739023839030644e-05,0.00027794904698747353
797,0.0,lbfgs,6497,472.13020181655884,,,,0.0002414301582429411,5.567496196013042e-07,0.0,2.7533270921961625e-05,0.0002758894588392175
798,0.0,lbfgs,6498,472.80647826194763,,,,0.00024094565990921942,5.550236469248244e-07,0.0,2.7459131288630262e-05,0.00027514633653322743
799,0.0,lbfgs,6499,473.1397931575775,,,,0.00024028283057972335,5.535045949680886e-07,0.0,2.7356451771297327e-05,0.00027411802230794136
800,0.0,lbfgs,6500,473.4341850280762,,,,0.00023959121694231092,5.533088040022792e-07,0.0,2.727354153890718e-05,0.00027328872419307406
801,0.0,lbfgs,6501,473.7772858142853,,,,0.0002390231456545634,5.524549018086047e-07,0.0,2.722350071598447e-05,0.0002727874620616533
802,0.0,lbfgs,6502,474.0372369289398,,,,0.0002384696285566717,5.560483704466128e-07,0.0,2.7256653390808802e-05,0.0002731225822785346
803,0.0,lbfgs,6503,474.4341642856598,,,,0.00023771439307381062,5.509838680877645e-07,0.0,2.7219136029718744e-05,0.00027274234416527524
804,0.0,lbfgs,6504,474.7320206165314,,,,0.00023700857950610516,5.472891373915227e-07,0.0,2.721957369156799e-05,0.0002727430260530714
805,0.0,lbfgs,6505,475.0063691139221,,,,0.00023646923456507524,5.444211893792399e-07,0.0,2.72297170155367e-05,0.00027284159134474624
806,0.0,lbfgs,6506,475.40808606147766,,,,0.0002357786735809596,5.414178187888667e-07,0.0,2.71967131255315e-05,0.00027250854907410387
807,0.0,lbfgs,6507,476.124614238739,,,,0.00023534192310039554,5.376746906054425e-07,0.0,2.7200430566267827e-05,0.00027254198035328375
808,0.0,lbfgs,6508,476.5143599510193,,,,0.0002347607024745087,5.3568228985013e-07,0.0,2.7089828299414698e-05,0.0002714339652839971
809,0.0,lbfgs,6509,476.78591680526733,,,,0.00023429326379658758,5.359678908793329e-07,0.0,2.700999466282287e-05,0.00027063591451910804
810,0.0,lbfgs,6510,477.15850043296814,,,,0.0002335520469359211,5.362766577973319e-07,0.0,2.6826138074502366e-05,0.000268797657402821
811,0.0,lbfgs,6511,477.5059595108032,,,,0.00023275523123892676,5.374649495329192e-07,0.0,2.677212803649324e-05,0.0002682587453144653
812,0.0,lbfgs,6512,477.88873648643494,,,,0.00023229232767526276,5.371887595235321e-07,0.0,2.676188057184174e-05,0.0002681559944779409
813,0.0,lbfgs,6513,478.241153717041,,,,0.0002319081379085344,5.367818735222627e-07,0.0,2.6745761331417657e-05,0.0002679943951876989
814,0.0,lbfgs,6514,478.5741078853607,,,,0.0002314440834657425,5.349110734529863e-07,0.0,2.670632247615965e-05,0.00026759813583504945
815,0.0,lbfgs,6515,478.88601064682007,,,,0.00023111330527135886,5.349603968829425e-07,0.0,2.6587802603135467e-05,0.00026641298642823765
816,0.0,lbfgs,6516,479.19275093078613,,,,0.0002304446414840658,5.301206685364445e-07,0.0,2.651166599113442e-05,0.00026564678057988065
817,0.0,lbfgs,6517,479.55952405929565,,,,0.0002301990681721174,5.280944635546498e-07,0.0,2.6454651380716355e-05,0.0002650746082707182
818,0.0,lbfgs,6518,479.8734562397003,,,,0.00022995367064619686,5.266642966191268e-07,0.0,2.6391995612841704e-05,0.00026444662042503616
819,0.0,lbfgs,6519,480.1878206729889,,,,0.00022957021763548823,5.247042974467178e-07,0.0,2.6287380312125316e-05,0.00026339850741869986
820,0.0,lbfgs,6520,480.4940974712372,,,,0.00022915997885971482,5.247981876111509e-07,0.0,2.6230211046407673e-05,0.00026282690865168793
821,0.0,lbfgs,6521,480.88214921951294,,,,0.00022877809315797172,5.237170587721661e-07,0.0,2.6200926465086035e-05,0.00026253298170963253
822,0.0,lbfgs,6522,481.1805565357208,,,,0.000228254671688772,5.243397318155062e-07,0.0,2.619327602445677e-05,0.0002624570999763832
823,0.0,lbfgs,6523,481.4767396450043,,,,0.00022788292308672682,5.245272500597356e-07,0.0,2.6170918155375017e-05,0.0002622337088038099
824,0.0,lbfgs,6524,481.8195083141327,,,,0.00022705439383689905,5.248991980189356e-07,0.0,2.6191185779679957e-05,0.0002624367569948185
825,0.0,lbfgs,6525,482.17534017562866,,,,0.00022669344248004808,5.260706696050462e-07,0.0,2.6080866843015097e-05,0.000261334739099756
826,0.0,lbfgs,6526,482.51167583465576,,,,0.00022619745992289838,5.23628276729464e-07,0.0,2.6048667889045304e-05,0.00026101030716718253
827,0.0,lbfgs,6527,482.84554052352905,,,,0.00022582470774924778,5.218026766447564e-07,0.0,2.6010846264510643e-05,0.00026063026532175115
828,0.0,lbfgs,6528,483.1586365699768,,,,0.0002252713705210794,5.200912721279622e-07,0.0,2.5941151990468217e-05,0.00025993161117681015
829,0.0,lbfgs,6529,483.824098110199,,,,0.0002250811906248106,5.189797677559785e-07,0.0,2.5893622113145742e-05,0.0002594552008992134
830,0.0,lbfgs,6530,484.090628862381,,,,0.00022457624110286888,5.189946912322815e-07,0.0,2.582200562750455e-05,0.00025873905096627777
831,0.0,lbfgs,6531,484.37959241867065,,,,0.00022419107876928986,5.193238533236602e-07,0.0,2.5771788138361426e-05,0.00025823720523693793
832,0.0,lbfgs,6532,484.72887325286865,,,,0.00022373928975825274,5.182770407236523e-07,0.0,2.5717928982776113e-05,0.0002576975668684848
833,0.0,lbfgs,6533,485.05154609680176,,,,0.00022329865173764194,5.177772088853219e-07,0.0,2.5671807842467012e-05,0.00025723585563355546
834,0.0,lbfgs,6534,485.36125206947327,,,,0.00022291242124639283,5.13925744814019e-07,0.0,2.5670794366516423e-05,0.0002572218694099783
835,0.0,lbfgs,6535,485.70655941963196,,,,0.00022245868459396694,5.136045373040796e-07,0.0,2.5617377444057484e-05,0.0002566873789778789
836,0.0,lbfgs,6536,486.1166706085205,,,,0.00022202878563587657,5.13483996146042e-07,0.0,2.5601747034344175e-05,0.0002565309543395878
837,0.0,lbfgs,6537,486.4336531162262,,,,0.00022180345699307337,5.137887209492847e-07,0.0,2.5592692838257138e-05,0.0002564407171035207
838,0.0,lbfgs,6538,486.69687700271606,,,,0.00022152208003931175,5.181749831184874e-07,0.0,2.567933215228766e-05,0.00025731149650599515
839,0.0,lbfgs,6539,487.05990767478943,,,,0.000220675950179741,5.177926880539736e-07,0.0,2.554109169167626e-05,0.0002559287096048166
840,0.0,lbfgs,6540,487.3482012748718,,,,0.0002202449602584112,5.181289640000719e-07,0.0,2.5469813054558117e-05,0.00025521625950958125
841,0.0,lbfgs,6541,487.721905708313,,,,0.00021961658172111177,5.190785719708733e-07,0.0,2.5380139445101693e-05,0.0002543204730229878
842,0.0,lbfgs,6542,488.0507836341858,,,,0.0002188020958099216,5.192827251982744e-07,0.0,2.527662906681364e-05,0.00025328557339333467
843,0.0,lbfgs,6543,488.42540192604065,,,,0.00021828147211813768,5.180244607581239e-07,0.0,2.516478916764706e-05,0.0002521659161372288
844,0.0,lbfgs,6544,488.82070231437683,,,,0.00021762673008086757,5.181643376656572e-07,0.0,2.5128985110971486e-05,0.00025180801544738053
845,0.0,lbfgs,6545,489.2155604362488,,,,0.00021735585500740786,5.147261743247637e-07,0.0,2.5106545921297124e-05,0.000251580185387296
846,0.0,lbfgs,6546,489.60167813301086,,,,0.00021689179964684517,5.095868771424773e-07,0.0,2.506079531366016e-05,0.0002511175400137441
847,0.0,lbfgs,6547,490.02007269859314,,,,0.00021633478565840746,5.042949316059946e-07,0.0,2.5014152991610762e-05,0.00025064582484771365
848,0.0,lbfgs,6548,490.415589094162,,,,0.00021571130008573038,4.999920492644018e-07,0.0,2.492671505522761e-05,0.0002497671426015405
849,0.0,lbfgs,6549,490.8433356285095,,,,0.00021513867020954132,4.976170504874139e-07,0.0,2.4836259522366566e-05,0.0002488602122741531
850,0.0,lbfgs,6550,491.2150979042053,,,,0.00021461142008372485,4.991741270466408e-07,0.0,2.4776830967848823e-05,0.0002482674838055349
851,0.0,lbfgs,6551,491.59399580955505,,,,0.00021429524218207833,5.023330665229246e-07,0.0,2.470820370093117e-05,0.00024758437007583463
852,0.0,lbfgs,6552,491.98357248306274,,,,0.00021380202170558869,4.988191234828358e-07,0.0,2.4616804174853986e-05,0.0002466668608720227
853,0.0,lbfgs,6553,492.3448574542999,,,,0.0002134030976489417,4.97916832107607e-07,0.0,2.4554140046699988e-05,0.0002460393172991075
854,0.0,lbfgs,6554,492.72727847099304,,,,0.00021300706180121237,4.982943253708217e-07,0.0,2.4482251373813644e-05,0.00024532080806350726
855,0.0,lbfgs,6555,493.1484377384186,,,,0.00021238522086256898,4.976051120645854e-07,0.0,2.4367078497946745e-05,0.000244168390091532
856,0.0,lbfgs,6556,493.78705525398254,,,,0.00021192291791784432,5.006832503822855e-07,0.0,2.4282580860144064e-05,0.00024332649185182292
857,0.0,lbfgs,6557,494.1973650455475,,,,0.0002113930281199241,4.984243776794858e-07,0.0,2.4209534702600215e-05,0.00024259377140368164
858,0.0,lbfgs,6558,494.65022468566895,,,,0.00021098502196158933,4.962387489337245e-07,0.0,2.4170834777383202e-05,0.00024220458652276573
859,0.0,lbfgs,6559,495.0004436969757,,,,0.00021045190738511676,4.924088871059524e-07,0.0,2.4153074880411215e-05,0.00024202315769121809
860,0.0,lbfgs,6560,495.4501254558563,,,,0.00020997159621417776,4.897564730178986e-07,0.0,2.4096399723753362e-05,0.00024145375371055152
861,0.0,lbfgs,6561,495.81796646118164,,,,0.00020963910585846592,4.88126888857387e-07,0.0,2.408336575054816e-05,0.00024132178439433902
862,0.0,lbfgs,6562,496.08182072639465,,,,0.00020935161419763007,4.844486198090477e-07,0.0,2.4008853534412156e-05,0.0002405729839639306
863,0.0,lbfgs,6563,496.39636754989624,,,,0.0002091071648659778,4.842184292505364e-07,0.0,2.401996510895726e-05,0.00024068386951882315
864,0.0,lbfgs,6564,496.7133438587189,,,,0.00020890284934474825,4.836831669958285e-07,0.0,2.3999526851878336e-05,0.0002404789516857792
865,0.0,lbfgs,6565,497.0342891216278,,,,0.00020837754817938363,4.814916390682582e-07,0.0,2.391451653368665e-05,0.00023962665697593475
866,0.0,lbfgs,6566,497.3886318206787,,,,0.00020807723436998192,4.798867880563764e-07,0.0,2.3855693861371026e-05,0.00023903682540176664
867,0.0,lbfgs,6567,497.7004635334015,,,,0.00020725463646376483,4.782387101919086e-07,0.0,2.3781526447157865e-05,0.00023829350318177055
868,0.0,lbfgs,6568,498.35142755508423,,,,0.0002068337084872934,4.791250202142991e-07,0.0,2.3726507585056004e-05,0.00023774420087077432
869,0.0,lbfgs,6569,498.6975691318512,,,,0.00020630498873558018,4.780465502754184e-07,0.0,2.3704322296502016e-05,0.00023752126951529558
870,0.0,lbfgs,6570,499.11110758781433,,,,0.0002059227446046991,4.776116940488781e-07,0.0,2.3697985120295936e-05,0.00023745746289700824
871,0.0,lbfgs,6571,499.5036885738373,,,,0.0002056319700892504,4.774640617635475e-07,0.0,2.3679430641741723e-05,0.00023727177047918078
872,0.0,lbfgs,6572,499.90535283088684,,,,0.00020500314784174743,4.775582434967455e-07,0.0,2.3611721807742172e-05,0.00023659477632091846
873,0.0,lbfgs,6573,500.57277631759644,,,,0.00020485270537945179,4.768525840376088e-07,0.0,2.3568229043297558e-05,0.0002361591430170132
874,0.0,lbfgs,6574,500.9039726257324,,,,0.00020447940977231114,4.773022549313248e-07,0.0,2.3504470299223397e-05,0.0002355220052471653
875,0.0,lbfgs,6575,501.34625220298767,,,,0.0002041384571030269,4.769119308502585e-07,0.0,2.345616207437816e-05,0.00023503853267463186
876,0.0,lbfgs,6576,501.7520110607147,,,,0.0002034472639497664,4.757119640519322e-07,0.0,2.3378710779661072e-05,0.00023426281976066265
877,0.0,lbfgs,6577,502.1602985858917,,,,0.00020279079649551356,4.7570740104374296e-07,0.0,2.330738772537981e-05,0.00023354958465484184
878,0.0,lbfgs,6578,502.552627325058,,,,0.00020236909868229412,4.7646480314671116e-07,0.0,2.340702584870171e-05,0.00023454672329016382
879,0.0,lbfgs,6579,502.8712360858917,,,,0.00020162669115809408,4.760432434217755e-07,0.0,2.3297366637413755e-05,0.00023344970961755931
880,0.0,lbfgs,6580,503.13039469718933,,,,0.00020139428925986647,4.7622342932999436e-07,0.0,2.328633517606965e-05,0.00023333957519002646
881,0.0,lbfgs,6581,503.4642987251282,,,,0.0002012191604789848,4.764876590667033e-07,0.0,2.3281497660372228e-05,0.000233291464262789
882,0.0,lbfgs,6582,503.82272028923035,,,,0.00020091054508484746,4.765196554494982e-07,0.0,2.3277247122456766e-05,0.00023324899088001714
883,0.0,lbfgs,6583,504.1810653209686,,,,0.0002006863155690484,4.758122496383914e-07,0.0,2.3253087455215388e-05,0.0002330066868017923
884,0.0,lbfgs,6584,504.4489369392395,,,,0.0002000949424157156,4.735224503269729e-07,0.0,2.3171120176181336e-05,0.00023218472421214034
885,0.0,lbfgs,6585,504.82895159721375,,,,0.00019964944568400244,4.7180815628431113e-07,0.0,2.3102487034756488e-05,0.0002314966785038492
886,0.0,lbfgs,6586,505.14814472198486,,,,0.0001989521512310074,4.709889651979515e-07,0.0,2.299725912648579e-05,0.00023044358023005583
887,0.0,lbfgs,6587,505.7641451358795,,,,0.00019876960533977565,4.696930919692343e-07,0.0,2.298220850221478e-05,0.00023029177811411704
888,0.0,lbfgs,6588,506.0834288597107,,,,0.00019844318298002281,4.6955662318196794e-07,0.0,2.2949037924285328e-05,0.00022995993586603523
889,0.0,lbfgs,6589,506.42213225364685,,,,0.00019814527100825766,4.6864708015006073e-07,0.0,2.2939535089494498e-05,0.00022986399797509505
890,0.0,lbfgs,6590,506.7710201740265,,,,0.00019776225137762508,4.6799484391218777e-07,0.0,2.2967007817578157e-05,0.00023013807301969376
891,0.0,lbfgs,6591,507.1255042552948,,,,0.00019769440544368315,4.6517232484920303e-07,0.0,2.2960858133717928e-05,0.00023007375366202847
892,0.0,lbfgs,6592,507.56148862838745,,,,0.00019712909430427862,4.6603080223391826e-07,0.0,2.2975502149922158e-05,0.00023022105230145547
893,0.0,lbfgs,6593,507.99285912513733,,,,0.00019684293669110667,4.663127855573985e-07,0.0,2.2959501747178566e-05,0.00023006133025734306
894,0.0,lbfgs,6594,508.3804843425751,,,,0.000196269598955377,4.657977580495967e-07,0.0,2.2900967990509334e-05,0.00022947547766314293
895,0.0,lbfgs,6595,508.8020439147949,,,,0.00019548311642788254,4.648943685837524e-07,0.0,2.277001170900554e-05,0.00022816501145863917
896,0.0,lbfgs,6596,509.20815563201904,,,,0.00019479790338192504,4.6776261060688343e-07,0.0,2.2550800095971677e-05,0.00022597576357032365
897,0.0,lbfgs,6597,509.57849407196045,,,,0.00019370563424734983,4.654451835819284e-07,0.0,2.238990409591759e-05,0.0002243644861427578
898,0.0,lbfgs,6598,510.01459217071533,,,,0.00019325387760285326,4.6488445202734346e-07,0.0,2.2320806994800906e-05,0.0002236729544000364
899,0.0,lbfgs,6599,510.38269782066345,,,,0.00019278228381969928,4.662138868657881e-07,0.0,2.2238775624610064e-05,0.0002228539701329664
900,0.0,lbfgs,6600,510.6486403942108,,,,0.00019232591826673834,4.659691250619145e-07,0.0,2.2179941364249388e-05,0.0002222653827675558
901,0.0,lbfgs,6601,511.0094277858734,,,,0.0001917747298804051,4.6896301973519006e-07,0.0,2.2098668188780264e-05,0.0002214556449075378
902,0.0,lbfgs,6602,511.3695857524872,,,,0.0001913326191772587,4.6620885701694264e-07,0.0,2.2061843571266372e-05,0.00022108464456968064
903,0.0,lbfgs,6603,511.79641127586365,,,,0.00019101501825252864,4.63028803781877e-07,0.0,2.205612046282783e-05,0.00022102423343206017
904,0.0,lbfgs,6604,512.2071862220764,,,,0.00019090841534039646,4.632966135013027e-07,0.0,2.2093853873577015e-05,0.00022140183534927145
905,0.0,lbfgs,6605,512.6217470169067,,,,0.0001903601529457864,4.5972611927880206e-07,0.0,2.2027734031124174e-05,0.00022073706643052052
906,0.0,lbfgs,6606,512.961136341095,,,,0.0001899612578578268,4.5822950056722406e-07,0.0,2.197036272478241e-05,0.00022016185674839136
907,0.0,lbfgs,6607,513.3156037330627,,,,0.00018940568438449438,4.563923782203255e-07,0.0,2.1894385211413793e-05,0.00021940024449235826
908,0.0,lbfgs,6608,513.6535832881927,,,,0.00018889293049834287,4.544870039522743e-07,0.0,2.1844430712110654e-05,0.0002188987941250588
909,0.0,lbfgs,6609,514.0709133148193,,,,0.00018853620916187762,4.513618097225832e-07,0.0,2.1808797945262005e-05,0.00021853934126234265
910,0.0,lbfgs,6610,514.4017786979675,,,,0.00018785066657742123,4.5144875370769535e-07,0.0,2.177767789313056e-05,0.0002182282276850133
911,0.0,lbfgs,6611,514.8796198368073,,,,0.00018747482519422488,4.5118521423351053e-07,0.0,2.1754531319694813e-05,0.00021799649841118163
912,0.0,lbfgs,6612,515.179514169693,,,,0.00018696950438382243,4.506351162020029e-07,0.0,2.170106635811088e-05,0.0002174612986973108
913,0.0,lbfgs,6613,515.5357434749603,,,,0.00018681590340950745,4.5161518976328906e-07,0.0,2.171907559168866e-05,0.00021764237110664987
914,0.0,lbfgs,6614,515.8098163604736,,,,0.0001865951931977307,4.5051767125716085e-07,0.0,2.1675301845916048e-05,0.00021720353613041764
915,0.0,lbfgs,6615,516.1801130771637,,,,0.00018641213585478755,4.498510511986663e-07,0.0,2.1636800121339776e-05,0.00021681785226459641
916,0.0,lbfgs,6616,516.5111680030823,,,,0.000186302867959616,4.496956974092993e-07,0.0,2.1622029306674997e-05,0.00021666998876415926
917,0.0,lbfgs,6617,516.8451178073883,,,,0.00018600443325128915,4.4911523930035436e-07,0.0,2.159486452373216e-05,0.00021639776047662198
918,0.0,lbfgs,6618,517.2347705364227,,,,0.00018535738642588343,4.479595600060227e-07,0.0,2.149767549589294e-05,0.0002154247145189354
919,0.0,lbfgs,6619,517.8675715923309,,,,0.0001851492079789505,4.478447983096672e-07,0.0,2.147999660252252e-05,0.00021524781082353487
920,0.0,lbfgs,6620,518.2156562805176,,,,0.0001847370457475136,4.46570082483377e-07,0.0,2.1447785771214785e-05,0.00021492442779463123
921,0.0,lbfgs,6621,518.5237476825714,,,,0.0001845659596135515,4.4601863098352206e-07,0.0,2.142510468902528e-05,0.00021469706552123633
922,0.0,lbfgs,6622,518.8827819824219,,,,0.00018428211898240246,4.452755442517559e-07,0.0,2.1388999967055414e-05,0.0002143352752148059
923,0.0,lbfgs,6623,519.1602947711945,,,,0.00018370514474860047,4.428501631404951e-07,0.0,2.128569663996889e-05,0.0002132998165628294
924,0.0,lbfgs,6624,519.5026299953461,,,,0.0001832635147253173,4.436414460014911e-07,0.0,2.1162860156296563e-05,0.00021207224300896711
925,0.0,lbfgs,6625,519.8405513763428,,,,0.0001828205899110016,4.395825734885852e-07,0.0,2.1108547279537672e-05,0.00021152505536886531
926,0.0,lbfgs,6626,520.2248961925507,,,,0.00018261492642752773,4.3864373207799977e-07,0.0,2.108461794162155e-05,0.0002112848231482935
927,0.0,lbfgs,6627,520.5355594158173,,,,0.000182225880177596,4.369694808752263e-07,0.0,2.1039972312819197e-05,0.00021083669260906718
928,0.0,lbfgs,6628,520.8931910991669,,,,0.0001817438672588339,4.3618403585073766e-07,0.0,2.0961556573951635e-05,0.0002100517497753671
929,0.0,lbfgs,6629,521.1550657749176,,,,0.00018111343384485823,4.357209001736152e-07,0.0,2.089100620369106e-05,0.00020934578293708422
930,0.0,lbfgs,6630,521.4909389019012,,,,0.00018051202245083627,4.397660170583294e-07,0.0,2.0793468302829033e-05,0.00020837444904534867
931,0.0,lbfgs,6631,521.839834690094,,,,0.00018011484672143962,4.3980803710033385e-07,0.0,2.0730153466333506e-05,0.0002077413427004354
932,0.0,lbfgs,6632,522.2483379840851,,,,0.00017972514725823208,4.3713614500207116e-07,0.0,2.073310952202726e-05,0.00020776823136527467
933,0.0,lbfgs,6633,522.6337842941284,,,,0.0001794567416132217,4.3492120676122556e-07,0.0,2.077162121166417e-05,0.0002081511333234029
934,0.0,lbfgs,6634,523.0474007129669,,,,0.00017918313261692967,4.3377401911837806e-07,0.0,2.0776045952695756e-05,0.00020819423354607593
935,0.0,lbfgs,6635,523.4237668514252,,,,0.00017898429496137347,4.3365850642143416e-07,0.0,2.0755793994902666e-05,0.0002079915984554481
936,0.0,lbfgs,6636,523.8520376682281,,,,0.00017857054362851245,4.338704806902612e-07,0.0,2.069801161891662e-05,0.00020741398666985646
937,0.0,lbfgs,6637,524.1986119747162,,,,0.00017829209306282945,4.337780220188539e-07,0.0,2.065623772103327e-05,0.00020699615523235156
938,0.0,lbfgs,6638,524.5901970863342,,,,0.0001777753856168545,4.331567014436757e-07,0.0,2.0589888346216746e-05,0.00020633204016361111
939,0.0,lbfgs,6639,525.1958918571472,,,,0.00017754180617049616,4.344732015076515e-07,0.0,2.054734200030997e-05,0.00020590789320460736
940,0.0,lbfgs,6640,525.5250291824341,,,,0.000177255331291365,4.341407650463939e-07,0.0,2.0502677223952597e-05,0.0002054609130045724
941,0.0,lbfgs,6641,525.8745250701904,,,,0.0001769359730306635,4.3367327499114365e-07,0.0,2.0463576557627186e-05,0.000205069438851263
942,0.0,lbfgs,6642,526.2408874034882,,,,0.0001766246553706072,4.3365866338405173e-07,0.0,2.0431146613559636e-05,0.00020474512479898041
943,0.0,lbfgs,6643,526.5944464206696,,,,0.00017610629444315227,4.348042739691911e-07,0.0,2.038805591250302e-05,0.0002043153633989994
944,0.0,lbfgs,6644,527.237676858902,,,,0.0001758763420692089,4.3573856532759946e-07,0.0,2.0333890572411972e-05,0.0002037746442894473
945,0.0,lbfgs,6645,527.6192054748535,,,,0.00017553936127039308,4.368125256523884e-07,0.0,2.0309381464217278e-05,0.00020353062716782519
946,0.0,lbfgs,6646,527.8855919837952,,,,0.0001752389911266729,4.378983351750421e-07,0.0,2.0282192447439695e-05,0.00020325982280957198
947,0.0,lbfgs,6647,528.2179996967316,,,,0.00017499179065763357,4.3872642439834034e-07,0.0,2.0255565997503645e-05,0.0002029943863994348
948,0.0,lbfgs,6648,528.5775928497314,,,,0.00017467525732313123,4.3925889271852554e-07,0.0,2.0215765862552734e-05,0.00020259691751824585
949,0.0,lbfgs,6649,529.189338684082,,,,0.00017454148299303967,4.395813521584147e-07,0.0,2.0214108850374718e-05,0.00020258066985590558
950,0.0,lbfgs,6650,529.5602829456329,,,,0.00017417435646697131,4.3924761566400453e-07,0.0,2.016009557596801e-05,0.0002020402033753441
951,0.0,lbfgs,6651,529.8748819828033,,,,0.0001738036333010443,4.382550170944355e-07,0.0,2.011029720862802e-05,0.00020154122710337467
952,0.0,lbfgs,6652,530.2134597301483,,,,0.0001733863360781818,4.365928638398754e-07,0.0,2.0063155205416953e-05,0.0002010681449180094
953,0.0,lbfgs,6653,530.5808155536652,,,,0.00017296157412321944,4.344355857925136e-07,0.0,2.0024407567761048e-05,0.00020067851126340298
954,0.0,lbfgs,6654,530.9629490375519,,,,0.00017264414385674003,4.3234347150146834e-07,0.0,2.0000992754770685e-05,0.0002004422710192083
955,0.0,lbfgs,6655,531.3044691085815,,,,0.00017222174962498247,4.3019829483582716e-07,0.0,1.993774948404789e-05,0.0001998076931353147
956,0.0,lbfgs,6656,531.6253726482391,,,,0.00017201568913563321,4.3005136782070965e-07,0.0,1.9905654714360427e-05,0.00019948659851142498
957,0.0,lbfgs,6657,531.9297270774841,,,,0.0001715995779698025,4.297548682313725e-07,0.0,1.982955110535254e-05,0.00019872526592175675
958,0.0,lbfgs,6658,532.3323307037354,,,,0.00017110144676862912,4.3010429822309677e-07,0.0,1.9738229089141516e-05,0.00019781239518963827
959,0.0,lbfgs,6659,532.6544713973999,,,,0.00017049665996929735,4.303937872131509e-07,0.0,1.962544770238906e-05,0.00019668487081110373
960,0.0,lbfgs,6660,533.0143537521362,,,,0.00017035394878583734,4.31792910366461e-07,0.0,1.9546200114403993e-05,0.0001958937940544064
961,0.0,lbfgs,6661,533.2909264564514,,,,0.000169552901285574,4.272658185527156e-07,0.0,1.950133307246621e-05,0.0001954405965432148
962,0.0,lbfgs,6662,533.5927596092224,,,,0.00016913374171222066,4.2538748436566603e-07,0.0,1.9507259274334368e-05,0.00019549798022770935
963,0.0,lbfgs,6663,533.9284775257111,,,,0.00016867451519466715,4.227144076730056e-07,0.0,1.949331452088953e-05,0.0001953558596165683
964,0.0,lbfgs,6664,534.2546670436859,,,,0.0001682666225399165,4.208726086839297e-07,0.0,1.9497354853551308e-05,0.000195394421144197
965,0.0,lbfgs,6665,534.5933437347412,,,,0.00016796814153341135,4.1981090481860916e-07,0.0,1.9449896992469325e-05,0.00019491878082951187
966,0.0,lbfgs,6666,535.3153429031372,,,,0.00016785684040700058,4.206255326276312e-07,0.0,1.943738046789584e-05,0.00019479443021158603
967,0.0,lbfgs,6667,535.675984621048,,,,0.00016766311614373365,4.206159499138489e-07,0.0,1.937924616197421e-05,0.00019421307756965593
968,0.0,lbfgs,6668,536.0868680477142,,,,0.00016748758611915938,4.2071457054501855e-07,0.0,1.933403534296778e-05,0.00019376106800022283
969,0.0,lbfgs,6669,536.495014667511,,,,0.0001670942089275288,4.208981761390613e-07,0.0,1.924789768995029e-05,0.00019289987507564195
970,0.0,lbfgs,6670,536.9142804145813,,,,0.00016659264904973382,4.2175054789947736e-07,0.0,1.916173792758378e-05,0.00019203912982373726
971,0.0,lbfgs,6671,537.6687948703766,,,,0.0001664944258539862,4.2197194404551486e-07,0.0,1.9159676418130225e-05,0.0001920187361253478
972,0.0,lbfgs,6672,538.015474319458,,,,0.00016609187636772236,4.2304939453750153e-07,0.0,1.9115221018201776e-05,0.00019157525957655527
973,0.0,lbfgs,6673,538.439421415329,,,,0.00016586029412394787,4.225870605942495e-07,0.0,1.911023882262462e-05,0.00019152497528684048
974,0.0,lbfgs,6674,538.8536446094513,,,,0.00016553279731164802,4.2176356184604386e-07,0.0,1.910428553731965e-05,0.00019146461893504256
975,0.0,lbfgs,6675,539.2176134586334,,,,0.00016520816995438725,4.2074749756355403e-07,0.0,1.908754355835709e-05,0.00019129618308113443
976,0.0,lbfgs,6676,539.9735491275787,,,,0.0001650244770857325,4.194873305736975e-07,0.0,1.9070634649030163e-05,0.00019112583382087533
977,0.0,lbfgs,6677,540.3157517910004,,,,0.0001648380543604972,4.186556377181998e-07,0.0,1.9037481324594965e-05,0.00019079346888366787
978,0.0,lbfgs,6678,540.5919613838196,,,,0.00016460410387688994,4.177086736189981e-07,0.0,1.8992721608905632e-05,0.00019034492476267532
979,0.0,lbfgs,6679,540.9182741641998,,,,0.00016438506142578055,4.173608327884176e-07,0.0,1.894601594833814e-05,0.00018987752031616981
980,0.0,lbfgs,6680,541.2694120407104,,,,0.0001639769356398872,4.1611398028597e-07,0.0,1.8913788832899863e-05,0.0001895540023092846
981,0.0,lbfgs,6681,541.5519132614136,,,,0.00016357589509165125,4.166818443818362e-07,0.0,1.883622660457947e-05,0.00018877894789017652
982,0.0,lbfgs,6682,541.8580048084259,,,,0.00016325695560178533,4.1614417742228206e-07,0.0,1.8808071728550298e-05,0.00018849686146292527
983,0.0,lbfgs,6683,542.2057366371155,,,,0.0001630080625374981,4.1595307663108164e-07,0.0,1.879618297398058e-05,0.00018837778281643685
984,0.0,lbfgs,6684,542.533716917038,,,,0.00016283837681415592,4.1546604856196783e-07,0.0,1.878813620496314e-05,0.00018829682809819338
985,0.0,lbfgs,6685,543.2147114276886,,,,0.00016271944618396854,4.1552243314880706e-07,0.0,1.8786025201503854e-05,0.00018827577444818734
986,0.0,lbfgs,6686,543.6165952682495,,,,0.0001624750272682761,4.1443222846569535e-07,0.0,1.8764181055675083e-05,0.00018805624278521655
987,0.0,lbfgs,6687,543.94833111763,,,,0.0001622767737961882,4.132779964469426e-07,0.0,1.873957587803963e-05,0.00018780903677684323
988,0.0,lbfgs,6688,544.3025782108307,,,,0.00016205061378959194,4.11886830260562e-07,0.0,1.871092011284211e-05,0.00018752108795868166
989,0.0,lbfgs,6689,544.6133344173431,,,,0.00016174129997821094,4.102931055379471e-07,0.0,1.8667661000722388e-05,0.0001870869031127618
990,0.0,lbfgs,6690,545.0180933475494,,,,0.00016145412141088517,4.1011691894403687e-07,0.0,1.8621505286327326e-05,0.0001866251697822173
991,0.0,lbfgs,6691,545.3296675682068,,,,0.00016110964146147665,4.087236937968671e-07,0.0,1.8571903339000894e-05,0.00018612775708380582
992,0.0,lbfgs,6692,545.6253564357758,,,,0.00016097803228605655,4.0903947283195164e-07,0.0,1.8558878686826117e-05,0.00018599782634109313
993,0.0,lbfgs,6693,545.9629549980164,,,,0.00016079529353435587,4.100282791255506e-07,0.0,1.8542158962738016e-05,0.0001858316179065057
994,0.0,lbfgs,6694,546.2359075546265,,,,0.00016059052461616746,4.1102118038711854e-07,0.0,1.85276943985801e-05,0.0001856879651661881
995,0.0,lbfgs,6695,546.5489208698273,,,,0.00016014837796722594,4.122639206043324e-07,0.0,1.8497229424568488e-05,0.0001853845581662892
996,0.0,lbfgs,6696,547.2169981002808,,,,0.00015988527339365889,4.122762112627003e-07,0.0,1.84890754658047e-05,0.00018530303086930968
997,0.0,lbfgs,6697,547.5397617816925,,,,0.0001593985745595423,4.1121198913491816e-07,0.0,1.8432138872819466e-05,0.0001847326007173296
998,0.0,lbfgs,6698,547.9054729938507,,,,0.00015907745913296115,4.0827924908998516e-07,0.0,1.8380365857025475e-05,0.00018421193781934474
999,0.0,lbfgs,6699,548.293890953064,,,,0.00015879184379117363,4.054251908912228e-07,0.0,1.8318126196381232e-05,0.00018358668715470354
1000,0.0,lbfgs,6700,548.5745348930359,,,,0.00015840002198005203,4.0127039007128384e-07,0.0,1.8232765338939868e-05,0.00018272892377946997
1001,0.0,lbfgs,6701,548.9672503471375,,,,0.00015803624241015617,3.9712310777158406e-07,0.0,1.8154716347882592e-05,0.0001819442865865975
1002,0.0,lbfgs,6702,549.3305394649506,,,,0.00015786219206833968,3.9955123300493124e-07,0.0,1.810011757024476e-05,0.0001814007269354525
1003,0.0,lbfgs,6703,549.7151510715485,,,,0.00015750096543703872,3.9802333411767737e-07,0.0,1.809375819801431e-05,0.00018133560531426076
1004,0.0,lbfgs,6704,550.1504702568054,,,,0.0001573854406081612,3.9863963149551757e-07,0.0,1.8092520449022626e-05,0.00018132384412172177
1005,0.0,lbfgs,6705,550.4823317527771,,,,0.00015721742805779531,3.999518338884883e-07,0.0,1.8084704470827798e-05,0.00018124699654216645
1006,0.0,lbfgs,6706,550.8348860740662,,,,0.0001569290970546192,4.0126219693777374e-07,0.0,1.806191280524927e-05,0.00018102039024943045
1007,0.0,lbfgs,6707,551.1535701751709,,,,0.00015642237909289558,4.0105563339747996e-07,0.0,1.800184011248718e-05,0.00018041945675826928
1008,0.0,lbfgs,6708,551.8259599208832,,,,0.00015620205702139607,4.048340659164842e-07,0.0,1.794070046954492e-05,0.0001798118387613657
1009,0.0,lbfgs,6709,552.1985940933228,,,,0.00015562806803366092,4.006962210570888e-07,0.0,1.7864985407586116e-05,0.00017905055029691824
1010,0.0,lbfgs,6710,552.5694255828857,,,,0.00015515871688551264,3.9750979331327673e-07,0.0,1.77911838331637e-05,0.00017830934812495028
1011,0.0,lbfgs,6711,553.0128650665283,,,,0.00015478904489700046,3.963245439122348e-07,0.0,1.7735170430301198e-05,0.0001777480288469242
1012,0.0,lbfgs,6712,553.4427254199982,,,,0.00015443482733047323,3.962836020344827e-07,0.0,1.768960000846183e-05,0.0001772922836866528
1013,0.0,lbfgs,6713,553.8396360874176,,,,0.00015380256868726303,3.9572063610862814e-07,0.0,1.7618243121581454e-05,0.00017657815185192317
1014,0.0,lbfgs,6714,554.2732605934143,,,,0.0001536544052938019,3.97512843590079e-07,0.0,1.754101144617017e-05,0.00017580762730529177
1015,0.0,lbfgs,6715,554.6418998241425,,,,0.00015307160001854552,3.9504679124004785e-07,0.0,1.752635467389424e-05,0.00017565859353018244
1016,0.0,lbfgs,6716,554.9880058765411,,,,0.0001529254327167943,3.9422306912711525e-07,0.0,1.7517397262442182e-05,0.00017556819569354893
1017,0.0,lbfgs,6717,555.3149089813232,,,,0.0001528694006022468,3.9684949994617836e-07,0.0,1.7516057054226282e-05,0.000175557420042209
1018,0.0,lbfgs,6718,555.6164660453796,,,,0.00015255798318157096,3.939500769031472e-07,0.0,1.7455815375726367e-05,0.00017495210383416682
1019,0.0,lbfgs,6719,555.9967184066772,,,,0.0001523759771478456,3.929565299734475e-07,0.0,1.7413264782691786e-05,0.0001745256043568913
1020,0.0,lbfgs,6720,556.2804033756256,,,,0.0001521060302514883,3.9240827310495457e-07,0.0,1.7346945863186094e-05,0.0001738618669049659
1021,0.0,lbfgs,6721,556.5677227973938,,,,0.0001518236634346213,3.926190489135725e-07,0.0,1.7311378849803712e-05,0.0001735064075469507
1022,0.0,lbfgs,6722,556.8597736358643,,,,0.00015143843308594156,3.960251453469627e-07,0.0,1.726726934909196e-05,0.00017306871863626656
1023,0.0,lbfgs,6723,557.5403168201447,,,,0.00015124179759763145,3.9652479242472326e-07,0.0,1.7241071040199436e-05,0.00017280723519441906
1024,0.0,lbfgs,6724,557.9591925144196,,,,0.00015108119447242784,3.968835931066552e-07,0.0,1.723737452900706e-05,0.00017277062888317724
1025,0.0,lbfgs,6725,558.3584358692169,,,,0.0001507730757578942,3.9730198817490167e-07,0.0,1.7211340483631854e-05,0.00017251070682449345
1026,0.0,lbfgs,6726,558.7408514022827,,,,0.0001504224037583819,3.971259184403118e-07,0.0,1.716988965419694e-05,0.00017209602246040975
1027,0.0,lbfgs,6727,559.1902720928192,,,,0.000150004530428933,3.962337682448112e-07,0.0,1.7107662406705368e-05,0.0001714728578352985
1028,0.0,lbfgs,6728,559.6253912448883,,,,0.000149636704899444,3.955409340057669e-07,0.0,1.7052398669233116e-05,0.00017091952762633692
1029,0.0,lbfgs,6729,560.033613204956,,,,0.00014930462816984872,3.933096635797748e-07,0.0,1.7013508380698122e-05,0.00017052839347056101
1030,0.0,lbfgs,6730,560.4434118270874,,,,0.00014904500756779705,3.909739723930869e-07,0.0,1.69919716522717e-05,0.0001703106904951101
1031,0.0,lbfgs,6731,560.8400776386261,,,,0.00014890209809978583,3.8963825426438927e-07,0.0,1.6986079358075368e-05,0.00017025043183501807
1032,0.0,lbfgs,6732,561.2519176006317,,,,0.00014866852263326657,3.874666655126227e-07,0.0,1.6977592956477667e-05,0.0001701633962302893
1033,0.0,lbfgs,6733,561.6302840709686,,,,0.0001484021707851499,3.8545053123724437e-07,0.0,1.6954937675288757e-05,0.00016993482728412483
1034,0.0,lbfgs,6734,562.2227962017059,,,,0.00014816959127481022,3.8282294306401564e-07,0.0,1.693283881795947e-05,0.0001697112111226587
1035,0.0,lbfgs,6735,562.6293301582336,,,,0.00014774521427397136,3.806238963869649e-07,0.0,1.686308821833166e-05,0.0001690115060797036
1036,0.0,lbfgs,6736,563.0171141624451,,,,0.0001474648883676027,3.808572619891923e-07,0.0,1.6798457023563766e-05,0.00016836542749762686
1037,0.0,lbfgs,6737,563.4179401397705,,,,0.0001471838108356518,3.818229756052049e-07,0.0,1.6726494780702692e-05,0.0001676467707826321
1038,0.0,lbfgs,6738,563.8401963710785,,,,0.0001468692890401749,3.82733755889307e-07,0.0,1.6659265049112304e-05,0.00016697538424701233
1039,0.0,lbfgs,6739,564.217423915863,,,,0.00014655721214809904,3.8252523659250675e-07,0.0,1.658771772646884e-05,0.0001662597025012809
1040,0.0,lbfgs,6740,564.5597035884857,,,,0.00014638394469984644,3.816012568926858e-07,0.0,1.6585692071949558e-05,0.00016623852197638828
1041,0.0,lbfgs,6741,564.9406518936157,,,,0.000146243200354526,3.8064032029368707e-07,0.0,1.6586853626634155e-05,0.00016624917658663525
1042,0.0,lbfgs,6742,565.3650879859924,,,,0.0001460020375483749,3.7938087118528696e-07,0.0,1.6583475986269226e-05,0.00016621414073387755
1043,0.0,lbfgs,6743,566.087539434433,,,,0.0001458352193346006,3.790124030707127e-07,0.0,1.6571066107828085e-05,0.00016608967348135157
1044,0.0,lbfgs,6744,566.4558944702148,,,,0.00014562287727447773,3.7785268763519955e-07,0.0,1.6561244867489183e-05,0.00016599030136252703
1045,0.0,lbfgs,6745,566.8093655109406,,,,0.00014550072297546046,3.775667052955684e-07,0.0,1.6541732846383912e-05,0.00016579489516913468
1046,0.0,lbfgs,6746,567.1832973957062,,,,0.00014532629700393142,3.773776945552929e-07,0.0,1.6508914838444994e-05,0.00016546652607900525
1047,0.0,lbfgs,6747,567.56414103508,,,,0.00014504620910093475,3.7724457470821947e-07,0.0,1.646361024250944e-05,0.00016501334699980263
1048,0.0,lbfgs,6748,567.9033441543579,,,,0.00014485663350768973,3.7594232777655153e-07,0.0,1.642364569481023e-05,0.00016461239927587884
1049,0.0,lbfgs,6749,568.2196140289307,,,,0.00014457660706811975,3.761951176230332e-07,0.0,1.6403569831882626e-05,0.00016441189343644928
1050,0.0,lbfgs,6750,568.4847717285156,,,,0.0001443890036109476,3.756958491192253e-07,0.0,1.64053322644541e-05,0.00016442901849366022
1051,0.0,lbfgs,6751,568.8423228263855,,,,0.00014404139702891726,3.749396906329503e-07,0.0,1.6395675634691723e-05,0.00016433169603755017
1052,0.0,lbfgs,6752,569.255309343338,,,,0.00014382628559883438,3.749406860902736e-07,0.0,1.6421484921642e-05,0.00016458978990251027
1053,0.0,lbfgs,6753,569.5800976753235,,,,0.00014356861908466467,3.741164611529381e-07,0.0,1.6387156303503524e-05,0.00016424567949618817
1054,0.0,lbfgs,6754,569.9074614048004,,,,0.00014335083930634365,3.762023615620162e-07,0.0,1.635093613069203e-05,0.00016388556366848229
1055,0.0,lbfgs,6755,570.2256214618683,,,,0.0001431786877786894,3.7559967606624856e-07,0.0,1.6319266533234872e-05,0.00016356826500841498
1056,0.0,lbfgs,6756,570.6098551750183,,,,0.00014306306660441013,3.7557334762062124e-07,0.0,1.630227089343663e-05,0.00016339828228198694
1057,0.0,lbfgs,6757,571.0130386352539,,,,0.00014284220545743935,3.752438659598664e-07,0.0,1.62774290855341e-05,0.00016314953472130084
1058,0.0,lbfgs,6758,571.388993024826,,,,0.0001425528171246281,3.748278125730845e-07,0.0,1.6256549823471313e-05,0.0001629403260472862
1059,0.0,lbfgs,6759,571.7775790691376,,,,0.00014235825213605288,3.7461140209744637e-07,0.0,1.623937438036426e-05,0.00016276835520574002
1060,0.0,lbfgs,6760,572.1715121269226,,,,0.00014216726280905776,3.7466991171338925e-07,0.0,1.621336575014018e-05,0.00016250832741311518
1061,0.0,lbfgs,6761,572.547945022583,,,,0.00014203568179293525,3.7461311306648855e-07,0.0,1.6207507325782586e-05,0.00016244968637089234
1062,0.0,lbfgs,6762,572.9870710372925,,,,0.00014189116263793903,3.747140179539307e-07,0.0,1.6196939249685002e-05,0.00016234410651480395
1063,0.0,lbfgs,6763,573.4421849250793,,,,0.0001415902835059678,3.735476194602754e-07,0.0,1.619268198444738e-05,0.00016230036746393405
1064,0.0,lbfgs,6764,573.862352848053,,,,0.00014127813817231682,3.729638165444211e-07,0.0,1.6162633093703078e-05,0.0001619992947535752
1065,0.0,lbfgs,6765,574.2497100830078,,,,0.00014097153381014503,3.7157475307452643e-07,0.0,1.6137086879387587e-05,0.00016174244354695037
1066,0.0,lbfgs,6766,574.654602766037,,,,0.00014068650393122967,3.6995844279274896e-07,0.0,1.611177235360474e-05,0.00016148768197884013
1067,0.0,lbfgs,6767,575.0930860042572,,,,0.00014016569798819235,3.6710484983717577e-07,0.0,1.6065539657392256e-05,0.00016102250142375975
1068,0.0,lbfgs,6768,575.4973499774933,,,,0.00013965851240924744,3.6534500262034316e-07,0.0,1.602626962208311e-05,0.00016062804122345142
1069,0.0,lbfgs,6769,575.862918138504,,,,0.0001395524799446436,3.658975500238285e-07,0.0,1.6033491152429546e-05,0.0001607008090743193
1070,0.0,lbfgs,6770,576.2572903633118,,,,0.0001389906352407051,3.6363384279228317e-07,0.0,1.5960304139027795e-05,0.00015996667523307024
1071,0.0,lbfgs,6771,576.7084414958954,,,,0.0001387851001747602,3.6360395673858706e-07,0.0,1.5935894630224366e-05,0.00015972255025898226
1072,0.0,lbfgs,6772,577.0977876186371,,,,0.00013863592631314854,3.636465643274717e-07,0.0,1.592497278340922e-05,0.00015961337439841967
1073,0.0,lbfgs,6773,577.5223331451416,,,,0.00013841939175832435,3.6409131214306823e-07,0.0,1.5918598395758697e-05,0.00015955007526973004
1074,0.0,lbfgs,6774,577.8786926269531,,,,0.0001383776676420773,3.615038293011635e-07,0.0,1.5937183058951806e-05,0.00015973333441881923
1075,0.0,lbfgs,6775,578.3217873573303,,,,0.00013808480858007945,3.6126066139570077e-07,0.0,1.589600278330869e-05,0.0001593212884944826
1076,0.0,lbfgs,6776,578.6633026599884,,,,0.00013798578721291638,3.603650799024189e-07,0.0,1.5886997704866128e-05,0.0001592303421285637
1077,0.0,lbfgs,6777,579.0579030513763,,,,0.00013787101455784876,3.589696258678441e-07,0.0,1.5880968231913733e-05,0.00015916865194500517
1078,0.0,lbfgs,6778,579.4355592727661,,,,0.0001376883853435013,3.57690762338041e-07,0.0,1.5857110770432585e-05,0.0001589287984666639
1079,0.0,lbfgs,6779,579.876362323761,,,,0.00013758397160395952,3.562429800371106e-07,0.0,1.583880245632974e-05,0.00015874426754333452
1080,0.0,lbfgs,6780,580.252331495285,,,,0.0001374212617471877,3.564116006941914e-07,0.0,1.580974864900188e-05,0.00015845389809071299
1081,0.0,lbfgs,6781,580.6586751937866,,,,0.00013733133042276267,3.568850264692234e-07,0.0,1.579530815358765e-05,0.0001583099665623457
1082,0.0,lbfgs,6782,581.0347723960876,,,,0.00013712140806588783,3.5818783010596353e-07,0.0,1.5766064476556582e-05,0.00015801883259567177
1083,0.0,lbfgs,6783,581.4060297012329,,,,0.0001368703845223482,3.586529884359211e-07,0.0,1.575484557315944e-05,0.0001579071087200303
1084,0.0,lbfgs,6784,581.6502642631531,,,,0.00013665752205882853,3.626056509385255e-07,0.0,1.5740481685916812e-05,0.00015776742251010666
1085,0.0,lbfgs,6785,581.9474699497223,,,,0.00013649307254539732,3.6028868612627155e-07,0.0,1.5757502344442446e-05,0.00015793531213055073
1086,0.0,lbfgs,6786,582.3648271560669,,,,0.0001363714015622337,3.588874088412785e-07,0.0,1.5753897421580753e-05,0.00015789786162464882
1087,0.0,lbfgs,6787,582.6852788925171,,,,0.00013624908076533687,3.5802818284311384e-07,0.0,1.575480620846045e-05,0.0001579060902674476
1088,0.0,lbfgs,6788,582.9552977085114,,,,0.00013605581118990935,3.5721067700767425e-07,0.0,1.5751654608269207e-05,0.00015787375675969974
1089,0.0,lbfgs,6789,583.2743558883667,,,,0.0001358103760530386,3.560416998903423e-07,0.0,1.5750719751849717e-05,0.0001578632392183875
1090,0.0,lbfgs,6790,583.9161157608032,,,,0.00013571643071826653,3.555905005452547e-07,0.0,1.5742257791322356e-05,0.00015777816841376882
1091,0.0,lbfgs,6791,584.3132698535919,,,,0.00013562123791127634,3.558930437288448e-07,0.0,1.572209064965371e-05,0.00015757679954026595
1092,0.0,lbfgs,6792,584.6660444736481,,,,0.0001355083511869072,3.563601706619637e-07,0.0,1.5694961402565223e-05,0.0001573059741963142
1093,0.0,lbfgs,6793,585.0572555065155,,,,0.00013540994804488556,3.564798946661153e-07,0.0,1.5675797854879903e-05,0.00015711445844346516
1094,0.0,lbfgs,6794,585.4384605884552,,,,0.0001352136092350336,3.5644367224426086e-07,0.0,1.5647908573972868e-05,0.00015683552941197294
1095,0.0,lbfgs,6795,585.746301651001,,,,0.00013507848267614592,3.5570723207005224e-07,0.0,1.5646080495029112e-05,0.0001568165121823612
1096,0.0,lbfgs,6796,586.1169919967651,,,,0.00013484760760339214,3.554553813186564e-07,0.0,1.5632008676521882e-05,0.00015667554214653746
1097,0.0,lbfgs,6797,586.5455603599548,,,,0.0001347078553807137,3.545298926413978e-07,0.0,1.563537544591615e-05,0.00015670828435180288
1098,0.0,lbfgs,6798,586.8549447059631,,,,0.00013456410350260776,3.5372910908128634e-07,0.0,1.5642407545481233e-05,0.00015677780456389362
1099,0.0,lbfgs,6799,587.1641104221344,,,,0.0001343942804324441,3.5350471027793234e-07,0.0,1.5636844455627597e-05,0.00015672194926655392
1100,0.0,lbfgs,6800,587.4410972595215,,,,0.00013404235529757382,3.527327409443281e-07,0.0,1.561183367180569e-05,0.0001564710694590012
1101,0.0,lbfgs,6801,588.1612679958344,,,,0.00013389822611768333,3.5260759456112723e-07,0.0,1.560306856727601e-05,0.00015638329326732122
1102,0.0,lbfgs,6802,588.5771381855011,,,,0.0001336963593214615,3.5192197569779104e-07,0.0,1.5571660968528632e-05,0.00015606853166098413
1103,0.0,lbfgs,6803,589.019124507904,,,,0.0001335073299590829,3.506829575742189e-07,0.0,1.5540017270778822e-05,0.00015575085566536242
1104,0.0,lbfgs,6804,589.3986737728119,,,,0.00013336519048156705,3.4950918139115177e-07,0.0,1.5523449116600352e-05,0.00015558400034739467
1105,0.0,lbfgs,6805,589.7471282482147,,,,0.0001331215179179254,3.4763330804554436e-07,0.0,1.5508658804711327e-05,0.0001554342213551588
1106,0.0,lbfgs,6806,590.4036445617676,,,,0.00013302391597914642,3.4641132805277517e-07,0.0,1.550101412071521e-05,0.0001553565525352049
1107,0.0,lbfgs,6807,590.7641699314117,,,,0.00013289236753254703,3.4600535149183676e-07,0.0,1.549707311881497e-05,0.00015531673653964152
1108,0.0,lbfgs,6808,591.0843722820282,,,,0.00013276523347868874,3.4578126378506644e-07,0.0,1.549108007852742e-05,0.00015525658204905925
1109,0.0,lbfgs,6809,591.4797403812408,,,,0.0001326286248081867,3.464021485108385e-07,0.0,1.5469081012856427e-05,0.0001550372122770751
1110,0.0,lbfgs,6810,591.8903484344482,,,,0.00013242233430040587,3.4713339060161794e-07,0.0,1.5427190398291883e-05,0.00015461903737352045
1111,0.0,lbfgs,6811,592.3554654121399,,,,0.00013207503563904355,3.489440970095317e-07,0.0,1.5363482511521063e-05,0.00015398376921222016
1112,0.0,lbfgs,6812,593.0703716278076,,,,0.00013192800670638465,3.4948891511717586e-07,0.0,1.5334506123045424e-05,0.00015369455014557141
1113,0.0,lbfgs,6813,593.414644241333,,,,0.00013175491809231413,3.4996304998485504e-07,0.0,1.5311173626454373e-05,0.0001534616993145286
1114,0.0,lbfgs,6814,593.7653458118439,,,,0.0001315708534667996,3.500545828831163e-07,0.0,1.53024617270885e-05,0.0001533746718537681
1115,0.0,lbfgs,6815,594.0351114273071,,,,0.0001313869024483393,3.5098035799602743e-07,0.0,1.528427632988728e-05,0.00015319374365686884
1116,0.0,lbfgs,6816,594.3471095561981,,,,0.00013121215157210571,3.505331509692368e-07,0.0,1.5281589375613382e-05,0.00015316642690710306
1117,0.0,lbfgs,6817,594.7364230155945,,,,0.00013107096859691475,3.505040968795789e-07,0.0,1.5265337850399885e-05,0.00015300388260087845
1118,0.0,lbfgs,6818,595.0945897102356,,,,0.00013092080942820673,3.4906704719504005e-07,0.0,1.5248074522868859e-05,0.00015282981227588362
1119,0.0,lbfgs,6819,595.3633692264557,,,,0.00013070037911852656,3.46922466982946e-07,0.0,1.5211145747432058e-05,0.00015245837994130353
1120,0.0,lbfgs,6820,595.7307662963867,,,,0.00013052440622842048,3.4564616756370037e-07,0.0,1.5178429427344047e-05,0.00015212994044100416
1121,0.0,lbfgs,6821,596.1258749961853,,,,0.00013029795417963274,3.4417030391224594e-07,0.0,1.5135972331699048e-05,0.00015170389362090272
1122,0.0,lbfgs,6822,596.7710175514221,,,,0.00013023056078377454,3.4467561973236706e-07,0.0,1.513556482517069e-05,0.00015170032387143924
1123,0.0,lbfgs,6823,597.0283217430115,,,,0.00013007986334037032,3.437994840177282e-07,0.0,1.5113621414824963e-05,0.00015148001363226736
1124,0.0,lbfgs,6824,597.3422813415527,,,,0.0001299444913776273,3.431430684922983e-07,0.0,1.5105605045397925e-05,0.00015139919352247157
1125,0.0,lbfgs,6825,597.674348115921,,,,0.00012978171134401292,3.425015742191907e-07,0.0,1.5103922293730702e-05,0.0001513817245115262
1126,0.0,lbfgs,6826,598.0623054504395,,,,0.0001295766096952501,3.4189982075982047e-07,0.0,1.5101341507852415e-05,0.00015135531489928397
1127,0.0,lbfgs,6827,598.4955275058746,,,,0.00012923053505019733,3.413609613659279e-07,0.0,1.5086288541022968e-05,0.0001512042463715956
1128,0.0,lbfgs,6828,598.8802890777588,,,,0.0001288968088368518,3.4144253483185745e-07,0.0,1.5083259779725413e-05,0.000151174040332086
1129,0.0,lbfgs,6829,599.5469226837158,,,,0.0001287717220620648,3.424837851608239e-07,0.0,1.506177748792305e-05,0.00015096025866439132
1130,0.0,lbfgs,6830,599.8709950447083,,,,0.000128604518141503,3.4241258500455806e-07,0.0,1.5050732045274747e-05,0.00015084973303775205
1131,0.0,lbfgs,6831,600.2476282119751,,,,0.00012827801109192713,3.412054349071017e-07,0.0,1.5017779947640398e-05,0.00015051900491131108
1132,0.0,lbfgs,6832,600.8144819736481,,,,0.0001281327025891177,3.406697776532259e-07,0.0,1.4989790295515849e-05,0.00015023857273281172
1133,0.0,lbfgs,6833,601.1920742988586,,,,0.00012799283787036744,3.3972970778580843e-07,0.0,1.4967574602153148e-05,0.0001500154757293173
1134,0.0,lbfgs,6834,601.5431234836578,,,,0.00012778586167675547,3.389473236876666e-07,0.0,1.4939974583388272e-05,0.00014973869315757039
1135,0.0,lbfgs,6835,601.9010651111603,,,,0.00012758309758878546,3.380461862215026e-07,0.0,1.4912088295285074e-05,0.00014945892913907223
1136,0.0,lbfgs,6836,602.2779948711395,,,,0.0001273349866881454,3.3666410669067407e-07,0.0,1.4899664725566436e-05,0.00014933331136235504
1137,0.0,lbfgs,6837,602.9696624279022,,,,0.0001271928864877638,3.3774509469066204e-07,0.0,1.4856469240936175e-05,0.0001489024375040524
1138,0.0,lbfgs,6838,603.3870677947998,,,,0.00012703087897447763,3.370591327650455e-07,0.0,1.4845707424566705e-05,0.0001487941333784321
1139,0.0,lbfgs,6839,603.7377562522888,,,,0.00012691675621290951,3.3666689087919755e-07,0.0,1.4835305746372487e-05,0.00014868972435460407
1140,0.0,lbfgs,6840,604.0703363418579,,,,0.0001268275246130973,3.36398671474328e-07,0.0,1.4822431478000852e-05,0.00014856071345148284
1141,0.0,lbfgs,6841,604.4559478759766,,,,0.00012667413668854152,3.3551263733914204e-07,0.0,1.4797511118104042e-05,0.00014831062381837957
1142,0.0,lbfgs,6842,604.8346381187439,,,,0.00012647316005290799,3.343789098993944e-07,0.0,1.4759129091176861e-05,0.000147925669821668
1143,0.0,lbfgs,6843,605.1991477012634,,,,0.00012637179030870066,3.338827339409646e-07,0.0,1.4741935256259143e-05,0.0001477532352965324
1144,0.0,lbfgs,6844,605.6338744163513,,,,0.000126264160737858,3.333609382746931e-07,0.0,1.4725733480886617e-05,0.00014759069574714088
1145,0.0,lbfgs,6845,605.9923751354218,,,,0.00012612443767887215,3.3296912263349386e-07,0.0,1.4709368838977663e-05,0.0001474266575124101
1146,0.0,lbfgs,6846,606.3384535312653,,,,0.00012582148253251555,3.326420274546785e-07,0.0,1.4683527772133862e-05,0.00014716791974879332
1147,0.0,lbfgs,6847,607.0417649745941,,,,0.00012575054531658255,3.3199767949050604e-07,0.0,1.4689379113852744e-05,0.00014722578881801795
1148,0.0,lbfgs,6848,607.285313129425,,,,0.00012562592741476885,3.317425923795525e-07,0.0,1.4687054266918111e-05,0.00014720228526156066
1149,0.0,lbfgs,6849,607.6049253940582,,,,0.00012552682424177332,3.3160085661988593e-07,0.0,1.4690454575720705e-05,0.00014723614661382695
1150,0.0,lbfgs,6850,608.0101368427277,,,,0.0001254247095627729,3.314111127464842e-07,0.0,1.469207026053927e-05,0.00014725211371813916
1151,0.0,lbfgs,6851,608.3947937488556,,,,0.00012519498409060357,3.307673256159034e-07,0.0,1.4693611087507832e-05,0.00014726687820069422
1152,0.0,lbfgs,6852,608.8048152923584,,,,0.00012493256346625826,3.3039485611000806e-07,0.0,1.468894731233815e-05,0.0001472198679794915
1153,0.0,lbfgs,6853,609.5593931674957,,,,0.00012478154364918643,3.291929645813177e-07,0.0,1.4688861424621288e-05,0.00014721780721079422
1154,0.0,lbfgs,6854,609.8801741600037,,,,0.00012457070279037026,3.2934633506775513e-07,0.0,1.4683527649077403e-05,0.0001471646228258418
1155,0.0,lbfgs,6855,610.2500288486481,,,,0.00012440308925788215,3.2850429498769613e-07,0.0,1.468276904438315e-05,0.0001471561947388192
1156,0.0,lbfgs,6856,610.6543755531311,,,,0.00012427334805152745,3.278395391947758e-07,0.0,1.4662270182028332e-05,0.0001469505413594781
1157,0.0,lbfgs,6857,611.0411732196808,,,,0.00012408244503761084,3.2633470109345e-07,0.0,1.4638068411458244e-05,0.0001467070188156759
1158,0.0,lbfgs,6858,611.4377648830414,,,,0.0001239069225702384,3.248562389535449e-07,0.0,1.4622052849032217e-05,0.00014654538472927571
1159,0.0,lbfgs,6859,611.8274691104889,,,,0.0001236670983507861,3.2157554740711796e-07,0.0,1.4602231067640289e-05,0.00014634388622381
1160,0.0,lbfgs,6860,612.2066624164581,,,,0.00012348136123958747,3.220534617488685e-07,0.0,1.4579838083117008e-05,0.00014612043429291895
1161,0.0,lbfgs,6861,612.6105937957764,,,,0.0001233188738304622,3.2077627120259685e-07,0.0,1.45590128266045e-05,0.00014591090453724758
1162,0.0,lbfgs,6862,612.9668147563934,,,,0.00012316639797626234,3.198383535671713e-07,0.0,1.4532848721285626e-05,0.00014564832556642341
1163,0.0,lbfgs,6863,613.3063583374023,,,,0.00012302263970000721,3.1951223164556243e-07,0.0,1.4505294341947962e-05,0.00014537245565112518
1164,0.0,lbfgs,6864,613.6822121143341,,,,0.0001226658495046581,3.195323778401974e-07,0.0,1.4432919843090336e-05,0.00014464873080874356
1165,0.0,lbfgs,6865,614.3627333641052,,,,0.00012247163923011624,3.1906268028645763e-07,0.0,1.4407858690134314e-05,0.00014439764958162958
1166,0.0,lbfgs,6866,614.689608335495,,,,0.00012221051162710617,3.1906969980411885e-07,0.0,1.4350230162166852e-05,0.00014382137132147265
1167,0.0,lbfgs,6867,615.1034045219421,,,,0.00012204305488039096,3.191259712516549e-07,0.0,1.4320148682295568e-05,0.00014352061279420734
1168,0.0,lbfgs,6868,615.5108349323273,,,,0.00012188139969559697,3.1782566848634106e-07,0.0,1.4293209187330766e-05,0.00014324991754179398
1169,0.0,lbfgs,6869,615.9366796016693,,,,0.00012170478539088301,3.169262900687752e-07,0.0,1.42654715171601e-05,0.00014297164146166976
1170,0.0,lbfgs,6870,616.2823448181152,,,,0.0001215288597685182,3.14471430695289e-07,0.0,1.4241874842500959e-05,0.00014273321985570488
1171,0.0,lbfgs,6871,616.7193307876587,,,,0.00012132000308122181,3.136605571148372e-07,0.0,1.4221746375677607e-05,0.0001425311243138909
1172,0.0,lbfgs,6872,617.0874271392822,,,,0.00012117670625728754,3.128457252374343e-07,0.0,1.4213872218843272e-05,0.00014245156791367015
1173,0.0,lbfgs,6873,617.4494984149933,,,,0.00012100897396995843,3.1228561048593037e-07,0.0,1.4210767642180375e-05,0.00014241996203228968
1174,0.0,lbfgs,6874,617.7940657138824,,,,0.00012088096434105708,3.1227289725260376e-07,0.0,1.42050921833373e-05,0.0001423631947306256
1175,0.0,lbfgs,6875,618.3610780239105,,,,0.0001208088103007458,3.1282931837351807e-07,0.0,1.4198621810058256e-05,0.00014229904741895608
1176,0.0,lbfgs,6876,618.738002538681,,,,0.00012065876846068099,3.134132259195296e-07,0.0,1.4187491757721586e-05,0.00014218833080313541
1177,0.0,lbfgs,6877,619.1628122329712,,,,0.00012053332592110532,3.1382930712785504e-07,0.0,1.4164021020732147e-05,0.00014195403951444932
1178,0.0,lbfgs,6878,619.559671163559,,,,0.00012030939417324046,3.148419356477003e-07,0.0,1.4105234703509784e-05,0.00014136718897074554
1179,0.0,lbfgs,6879,619.9640729427338,,,,0.00012016917455297817,3.1521680708531035e-07,0.0,1.4062115517102364e-05,0.00014093637197810894
1180,0.0,lbfgs,6880,620.3087501525879,,,,0.00011992647991814964,3.153753172898002e-07,0.0,1.400250985616573e-05,0.00014034047387894712
1181,0.0,lbfgs,6881,620.9789361953735,,,,0.00011984078677284414,3.152077775216785e-07,0.0,1.399215453385646e-05,0.00014023675311608628
1182,0.0,lbfgs,6882,621.3489499092102,,,,0.00011966635804861174,3.1489261835226544e-07,0.0,1.396481461696266e-05,0.00013996303878797885
1183,0.0,lbfgs,6883,621.6674811840057,,,,0.00011955681423188896,3.1443860801597243e-07,0.0,1.39635892280689e-05,0.00013995033088870496
1184,0.0,lbfgs,6884,622.022602558136,,,,0.00011944358276801722,3.142326451899115e-07,0.0,1.3974985777686986e-05,0.00014006409042205978
1185,0.0,lbfgs,6885,622.4089643955231,,,,0.00011932985806605943,3.136556798662814e-07,0.0,1.3979426610554958e-05,0.00014010792178541587
1186,0.0,lbfgs,6886,622.7898695468903,,,,0.00011919222608417512,3.138147376974864e-07,0.0,1.397806003815263e-05,0.0001400944151192238
1187,0.0,lbfgs,6887,623.1870939731598,,,,0.00011901733496120794,3.139596114016557e-07,0.0,1.3962472963762945e-05,0.0001399386892490311
1188,0.0,lbfgs,6888,623.5504148006439,,,,0.00011885266970249799,3.138959036738555e-07,0.0,1.3937673520754723e-05,0.00013969063111122108
1189,0.0,lbfgs,6889,623.9730477333069,,,,0.00011863725220131937,3.1304570460170213e-07,0.0,1.392411613795317e-05,0.00013955420708413338
1190,0.0,lbfgs,6890,624.7164170742035,,,,0.0001184758138874143,3.131669837021703e-07,0.0,1.3895336978831444e-05,0.0001392665367720166
1191,0.0,lbfgs,6891,625.1912944316864,,,,0.00011828605651771012,3.1190699388774436e-07,0.0,1.3895286587030015e-05,0.0001392647728641879
1192,0.0,lbfgs,6892,625.6016855239868,,,,0.00011800605341828902,3.100019277824553e-07,0.0,1.3912654508092641e-05,0.00013943654700870886
1193,0.0,lbfgs,6893,626.3775019645691,,,,0.00011797364211321377,3.0982070456902807e-07,0.0,1.3922686998803626e-05,0.00013953669069260527
1194,0.0,lbfgs,6894,626.8362004756927,,,,0.00011787494708027482,3.092829101036718e-07,0.0,1.3932581830538692e-05,0.0001396351012154906
1195,0.0,lbfgs,6895,627.231164932251,,,,0.00011770514144584435,3.0891873075562506e-07,0.0,1.3929730181861086e-05,0.00013960622054936647
1196,0.0,lbfgs,6896,627.6208777427673,,,,0.00011751967999051222,3.0920505011675427e-07,0.0,1.3905632943690938e-05,0.00013936553448702614
1197,0.0,lbfgs,6897,627.9335412979126,,,,0.00011735580598842036,3.096006694155339e-07,0.0,1.3875493733408978e-05,0.00013906453800350532
1198,0.0,lbfgs,6898,628.328691482544,,,,0.00011703055020607407,3.1056949844781683e-07,0.0,1.381829691791197e-05,0.0001384935386775675
1199,0.0,lbfgs,6899,629.0016317367554,,,,0.00011691415417024211,3.1029813247659804e-07,0.0,1.3816075543812511e-05,0.0001384710535706017
1200,0.0,lbfgs,6900,629.4023509025574,,,,0.00011668094170876491,3.106649505771014e-07,0.0,1.3783489454284555e-05,0.00013814555949342265
1201,0.0,lbfgs,6901,629.790253162384,,,,0.00011651034764233545,3.1041056660603595e-07,0.0,1.3779045310488053e-05,0.00013810086367148656
1202,0.0,lbfgs,6902,630.1767990589142,,,,0.00011636542262235901,3.100438425448779e-07,0.0,1.3786440583130243e-05,0.0001381744496738473
1203,0.0,lbfgs,6903,630.5527908802032,,,,0.00011611579593337656,3.0967838942552297e-07,0.0,1.3789001018092772e-05,0.00013819968857035322
1204,0.0,lbfgs,6904,630.9631712436676,,,,0.00011579849742923325,3.094605216788765e-07,0.0,1.3768861165987266e-05,0.00013799807218155155
1205,0.0,lbfgs,6905,631.6142201423645,,,,0.00011561552946870901,3.0848872879740145e-07,0.0,1.377493777677433e-05,0.0001380578664965407
1206,0.0,lbfgs,6906,632.0213811397552,,,,0.00011543462938196575,3.085612058417413e-07,0.0,1.374242122688578e-05,0.00013773277347469955
1207,0.0,lbfgs,6907,632.3322269916534,,,,0.00011529615191533463,3.0877316667398674e-07,0.0,1.3700410390483048e-05,0.00013731287707150448
1208,0.0,lbfgs,6908,632.6904304027557,,,,0.00011515849638666468,3.092239209325579e-07,0.0,1.3669543333582469e-05,0.00013700465725675724
1209,0.0,lbfgs,6909,633.1095027923584,,,,0.00011498190449124498,3.11332524944245e-07,0.0,1.3607185683639868e-05,0.00013638318936134294
1210,0.0,lbfgs,6910,633.5239124298096,,,,0.00011468813043819162,3.109617413486015e-07,0.0,1.358676369115236e-05,0.00013617859865287218
1211,0.0,lbfgs,6911,633.9365832805634,,,,0.00011453459333059815,3.1090746998553067e-07,0.0,1.3587962085116129e-05,0.00013619052832114682
1212,0.0,lbfgs,6912,634.3338737487793,,,,0.000114335017292043,3.1140753538472915e-07,0.0,1.3577069995434173e-05,0.00013608210748972647
1213,0.0,lbfgs,6913,634.6946048736572,,,,0.00011428224482659804,3.103538243837343e-07,0.0,1.3575890241900107e-05,0.00013606925624338477
1214,0.0,lbfgs,6914,635.1180815696716,,,,0.00011398852345251023,3.1115255744188485e-07,0.0,1.3537035302223516e-05,0.00013568150557967702
1215,0.0,lbfgs,6915,635.5089824199677,,,,0.00011385995366232468,3.1094313976322254e-07,0.0,1.3504628369613895e-05,0.00013535722683590218
1216,0.0,lbfgs,6916,635.92502617836,,,,0.00011366646941719254,3.103053199502182e-07,0.0,1.3453030270561128e-05,0.0001348406080255615
1217,0.0,lbfgs,6917,636.6388568878174,,,,0.00011356995222726706,3.0960873159361343e-07,0.0,1.3415014963599187e-05,0.00013445975836758547
1218,0.0,lbfgs,6918,637.0115954875946,,,,0.00011341439620477906,3.087121584448556e-07,0.0,1.3391031758977244e-05,0.0001342190297482173
1219,0.0,lbfgs,6919,637.4250943660736,,,,0.00011323534354046866,3.080311249588276e-07,0.0,1.337157803727036e-05,0.00013402381149766243
1220,0.0,lbfgs,6920,637.7832906246185,,,,0.00011307690060009922,3.0731478404658094e-07,0.0,1.3362974188823484e-05,0.0001339370566722814
1221,0.0,lbfgs,6921,638.1729190349579,,,,0.0001130382391537658,3.076659367896604e-07,0.0,1.3349625828787803e-05,0.0001338039242246677
1222,0.0,lbfgs,6922,638.4945447444916,,,,0.0001127924171870094,3.0654793610460087e-07,0.0,1.3329284942926651e-05,0.0001335993973653711
1223,0.0,lbfgs,6923,638.7932000160217,,,,0.00011264865987641556,3.064148223407046e-07,0.0,1.3310822230322243e-05,0.00013341463712556313
1224,0.0,lbfgs,6924,639.1663117408752,,,,0.00011247815515804867,3.062457911630152e-07,0.0,1.3274160286336872e-05,0.00013304784865453176
1225,0.0,lbfgs,6925,639.5412549972534,,,,0.00011239695226773884,3.065522316562497e-07,0.0,1.3251280285065552e-05,0.00013281935508231178
1226,0.0,lbfgs,6926,639.8729293346405,,,,0.00011232967270599573,3.057358103402169e-07,0.0,1.3236705463409625e-05,0.00013267279044443646
1227,0.0,lbfgs,6927,640.2785885334015,,,,0.00011228134155393363,3.0561660729563497e-07,0.0,1.323123436462859e-05,0.00013261796025358153
1228,0.0,lbfgs,6928,640.6023509502411,,,,0.00011220449587178733,3.0543460178305323e-07,0.0,1.3214837415118576e-05,0.00013245380875296882
1229,0.0,lbfgs,6929,640.9621260166168,,,,0.00011211298682229338,3.051577856130997e-07,0.0,1.3195988918850537e-05,0.00013226504697411848
1230,0.0,lbfgs,6930,641.3339912891388,,,,0.00011196192939470466,3.0457976551908343e-07,0.0,1.3168972658443624e-05,0.00013199430634995533
1231,0.0,lbfgs,6931,641.6594302654266,,,,0.00011170549031260692,3.0333530610864974e-07,0.0,1.3130784190557393e-05,0.00013161117721168257
1232,0.0,lbfgs,6932,642.2723784446716,,,,0.00011162266207358587,3.0316793829529164e-07,0.0,1.3117472810534153e-05,0.00013147789604363682
1233,0.0,lbfgs,6933,642.5996487140656,,,,0.00011138150316222109,3.024230011673158e-07,0.0,1.308671625504853e-05,0.00013116958555165262
1234,0.0,lbfgs,6934,642.9396755695343,,,,0.00011125294053955696,3.023600258142753e-07,0.0,1.3072089139730046e-05,0.00013102325142311472
1235,0.0,lbfgs,6935,643.2626066207886,,,,0.00011115893929636392,3.0258724266257655e-07,0.0,1.3067092302372299e-05,0.00013097351026638556
1236,0.0,lbfgs,6936,643.6248495578766,,,,0.00011108099542180865,3.027887048371457e-07,0.0,1.3060579829041126e-05,0.00013090858699524842
1237,0.0,lbfgs,6937,643.9414260387421,,,,0.00011101508058603639,3.029237352499449e-07,0.0,1.3056750210185976e-05,0.00013087042583710971
1238,0.0,lbfgs,6938,644.2514097690582,,,,0.00011086395904504107,3.033369896948975e-07,0.0,1.3057075796495347e-05,0.00013087409495464835
1239,0.0,lbfgs,6939,644.5725138187408,,,,0.00011071292794017933,3.03652121077594e-07,0.0,1.3063544793821817e-05,0.00013093910005929578
1240,0.0,lbfgs,6940,644.9970421791077,,,,0.00011045522944514528,3.032369377774689e-07,0.0,1.3069685687535061e-05,0.0001310000938131281
1241,0.0,lbfgs,6941,645.7435314655304,,,,0.00011037241017092909,3.029420704490764e-07,0.0,1.3073780936730433e-05,0.00013104075143775343
1242,0.0,lbfgs,6942,646.0475437641144,,,,0.00011023527695659484,3.0226661395580195e-07,0.0,1.3068578898069744e-05,0.00013098805559465324
1243,0.0,lbfgs,6943,646.4167902469635,,,,0.00011016313433235013,3.018601602294326e-07,0.0,1.3054970610237424e-05,0.00013085156626260367
1244,0.0,lbfgs,6944,646.8656039237976,,,,0.00011007548065565505,3.0169011794368597e-07,0.0,1.3023991448680414e-05,0.00013054160460474783
1245,0.0,lbfgs,6945,647.2799997329712,,,,0.0001100165464559571,3.001708090045876e-07,0.0,1.3003126305837804e-05,0.00013033143386738264
1246,0.0,lbfgs,6946,647.6183068752289,,,,0.00010990240701190491,3.007709032323343e-07,0.0,1.297541865542498e-05,0.00013005495745748214
1247,0.0,lbfgs,6947,647.9166340827942,,,,0.00010981861961968101,3.011841458640972e-07,0.0,1.2958475082929379e-05,0.0001298859349751579
1248,0.0,lbfgs,6948,648.2150828838348,,,,0.00010968910837121126,3.0186298069050696e-07,0.0,1.293345448893231e-05,0.00012963640787001362
1249,0.0,lbfgs,6949,648.621570110321,,,,0.00010944653087663434,3.026459129932186e-07,0.0,1.2901250213207974e-05,0.00012931514804507296
1250,0.0,lbfgs,6950,648.9776685237885,,,,0.00010917076887914462,3.033873853561698e-07,0.0,1.2865843293403723e-05,0.0001289618203193934
1251,0.0,lbfgs,6951,649.5169353485107,,,,0.00010906810470325912,3.0363193744775656e-07,0.0,1.2866025554444323e-05,0.000128963887481891
1252,0.0,lbfgs,6952,649.8569195270538,,,,0.00010894270557812285,3.0297288301333356e-07,0.0,1.2867052818875263e-05,0.00012897350107176597
1253,0.0,lbfgs,6953,650.1816174983978,,,,0.00010883499970772709,3.0232974748287037e-07,0.0,1.2862892452091984e-05,0.00012893125426840268
1254,0.0,lbfgs,6954,650.5409791469574,,,,0.00010871670710542283,3.0155627728128715e-07,0.0,1.285328367254989e-05,0.0001288343930027802
1255,0.0,lbfgs,6955,650.882931470871,,,,0.00010849598324271486,3.011767380955471e-07,0.0,1.2823684589134744e-05,0.00012853802262944298
1256,0.0,lbfgs,6956,651.1709253787994,,,,0.00010821984402975089,3.0108297062399215e-07,0.0,1.2769649707403094e-05,0.00012799758004465494
1257,0.0,lbfgs,6957,651.7695572376251,,,,0.00010804407637894028,3.0123934860183664e-07,0.0,1.272432780933985e-05,0.00012754451744200035
1258,0.0,lbfgs,6958,652.1574532985687,,,,0.00010788512404496434,3.0106522007836707e-07,0.0,1.2706582644674063e-05,0.00012736689166681898
1259,0.0,lbfgs,6959,652.54416847229,,,,0.00010778839028731495,3.005686546624159e-07,0.0,1.2690785491755389e-05,0.00012720842357221633
1260,0.0,lbfgs,6960,652.8547005653381,,,,0.00010768075325189993,2.997238659683089e-07,0.0,1.2674285590137845e-05,0.00012704257976734674
1261,0.0,lbfgs,6961,653.1951894760132,,,,0.00010758442930497558,2.9869202870483335e-07,0.0,1.2659470137481277e-05,0.0001268933934035176
1262,0.0,lbfgs,6962,653.6045339107513,,,,0.00010745478618376677,2.9725750655487e-07,0.0,1.263980680898367e-05,0.00012669532559639156
1263,0.0,lbfgs,6963,653.9650027751923,,,,0.00010729960968135876,2.9649216833477247e-07,0.0,1.2611425908477194e-05,0.00012641075125310674
1264,0.0,lbfgs,6964,654.3091251850128,,,,0.00010714354284914762,2.9648986840824704e-07,0.0,1.2588678528162492e-05,0.00012618327515003316
1265,0.0,lbfgs,6965,654.5961177349091,,,,0.00010688366358001666,2.962893885791225e-07,0.0,1.2549424876505084e-05,0.00012579053815362998
1266,0.0,lbfgs,6966,655.2334654331207,,,,0.00010679507036020145,2.9726730373035953e-07,0.0,1.2526762015593368e-05,0.00012556488745966404
1267,0.0,lbfgs,6967,655.608877658844,,,,0.00010666500988125851,2.9688034258191594e-07,0.0,1.2508236445330723e-05,0.00012537924479588916
1268,0.0,lbfgs,6968,655.9310712814331,,,,0.00010645595219935137,2.9612293173830475e-07,0.0,1.2477377330076196e-05,0.00012506989623250025
1269,0.0,lbfgs,6969,656.2807371616364,,,,0.00010629320644016929,2.9531542027886885e-07,0.0,1.2457156351200537e-05,0.00012486687893228425
1270,0.0,lbfgs,6970,656.6985154151917,,,,0.00010602346897711755,2.940789089772139e-07,0.0,1.2430165491363558e-05,0.0001245957338226128
1271,0.0,lbfgs,6971,657.3173170089722,,,,0.00010593274221396886,2.939993708813257e-07,0.0,1.2409339629457144e-05,0.00012438739566545277
1272,0.0,lbfgs,6972,657.6874077320099,,,,0.00010576030322727233,2.931623720613219e-07,0.0,1.2400552427286082e-05,0.00012429868664492214
1273,0.0,lbfgs,6973,658.0769650936127,,,,0.00010562139186187542,2.926420489247016e-07,0.0,1.2392620622959138e-05,0.00012421884827851608
1274,0.0,lbfgs,6974,658.4387695789337,,,,0.00010543364282927374,2.919932566954228e-07,0.0,1.2373460017929822e-05,0.00012402659343599366
1275,0.0,lbfgs,6975,658.899112701416,,,,0.00010512410682005704,2.9021582640266487e-07,0.0,1.233081659699863e-05,0.00012359838179638896
1276,0.0,lbfgs,6976,659.2875869274139,,,,0.00010483370585743164,2.8859412856547375e-07,0.0,1.2267939065494251e-05,0.00012296798478350797
1277,0.0,lbfgs,6977,659.9366128444672,,,,0.00010468390293514767,2.865864295940602e-07,0.0,1.2229156579385767e-05,0.00012257815222345173
1278,0.0,lbfgs,6978,660.2650809288025,,,,0.0001045316723890797,2.8589997719537663e-07,0.0,1.2210015627838408e-05,0.00012238605625557945
1279,0.0,lbfgs,6979,660.6348457336426,,,,0.00010428751836268264,2.843357705849685e-07,0.0,1.2167774743947816e-05,0.00012196208321006313
1280,0.0,lbfgs,6980,661.0444447994232,,,,0.0001041554839114734,2.835291863929185e-07,0.0,1.2139274308999564e-05,0.00012167627227638855
1281,0.0,lbfgs,6981,661.6997435092926,,,,0.00010401213524305842,2.830146603037787e-07,0.0,1.2107572488986314e-05,0.00012135873955016693
1282,0.0,lbfgs,6982,661.9665083885193,,,,0.00010381880825498826,2.819963963021136e-07,0.0,1.207126154659636e-05,0.00012099461186226572
1283,0.0,lbfgs,6983,662.2993824481964,,,,0.00010362234974652949,2.818757702388378e-07,0.0,1.2038443188628912e-05,0.00012066630765652795
1284,0.0,lbfgs,6984,662.7172298431396,,,,0.00010351903584922552,2.8265522620280823e-07,0.0,1.2011686311202892e-05,0.00012039951833823174
1285,0.0,lbfgs,6985,663.0798761844635,,,,0.00010340117771936882,2.8365946793482496e-07,0.0,1.200174251203505e-05,0.00012030108458828531
1286,0.0,lbfgs,6986,663.3654956817627,,,,0.00010332075918957112,2.8315351851264175e-07,0.0,1.199487900307799e-05,0.00012023194354929253
1287,0.0,lbfgs,6987,663.6739068031311,,,,0.00010324425269911656,2.8299863416103806e-07,0.0,1.1986028487346996e-05,0.00012014328350763099
1288,0.0,lbfgs,6988,663.9809522628784,,,,0.00010320458953393459,2.8299664689310936e-07,0.0,1.1982434730077196e-05,0.00012010734394766507
1289,0.0,lbfgs,6989,664.3250420093536,,,,0.00010305552697773151,2.826444578226747e-07,0.0,1.1978001059219645e-05,0.00012006265505001913
1290,0.0,lbfgs,6990,665.0729143619537,,,,0.0001029826929770328,2.8230807857393804e-07,0.0,1.1966465274621057e-05,0.0001199469608247845
1291,0.0,lbfgs,6991,665.3311550617218,,,,0.00010287183617086435,2.817559296082829e-07,0.0,1.1972470359871035e-05,0.00012000645952831863
1292,0.0,lbfgs,6992,665.6784703731537,,,,0.0001027594503476262,2.811370596134438e-07,0.0,1.196921650683325e-05,0.00011997330212794594
1293,0.0,lbfgs,6993,666.0310699939728,,,,0.00010265008447715276,2.805338176343711e-07,0.0,1.1951072421287266e-05,0.00011979125803050703
1294,0.0,lbfgs,6994,666.3673894405365,,,,0.0001025072952035335,2.8019600474759535e-07,0.0,1.1942141050043004e-05,0.00011970160650517763
1295,0.0,lbfgs,6995,666.8242726325989,,,,0.00010242850722798028,2.7995362353804356e-07,0.0,1.1930693423663466e-05,0.0001195868878601727
1296,0.0,lbfgs,6996,667.2481336593628,,,,0.00010229412398289826,2.7971658304449645e-07,0.0,1.191191284693863e-05,0.00011939884505243079
1297,0.0,lbfgs,6997,667.6391501426697,,,,0.0001021249659390558,2.793692729418149e-07,0.0,1.190308169529106e-05,0.00011931018622585241
1298,0.0,lbfgs,6998,668.0509145259857,,,,0.00010205150536612685,2.8148925501404874e-07,0.0,1.1900679524558082e-05,0.00011928828450059486
1299,0.0,lbfgs,6999,668.4542436599731,,,,0.0001017103700255672,2.7955758318683685e-07,0.0,1.1883860317896807e-05,0.0001191181607621549
1300,0.0,lbfgs,7000,668.7809309959412,,,,0.00010161590903016318,2.7933501459224774e-07,0.0,1.1877645882862554e-05,0.00011905579384321778
1301,0.0,lbfgs,7001,669.1303434371948,,,,0.0001014879733831362,2.7972834029734757e-07,0.0,1.1862859904906015e-05,0.00011890832738935751
1302,0.0,lbfgs,7002,669.5753688812256,,,,0.00010136654846009477,2.797985205394022e-07,0.0,1.1835843315298237e-05,0.00011863823167352177
1303,0.0,lbfgs,7003,670.0285043716431,,,,0.00010133099156520595,2.807345406970769e-07,0.0,1.1824757133386112e-05,0.0001185283058745582
1304,0.0,lbfgs,7004,670.3789007663727,,,,0.00010119880491645513,2.799894968720793e-07,0.0,1.1806276219250375e-05,0.00011834275168937584
1305,0.0,lbfgs,7005,670.6313257217407,,,,0.00010116418823037833,2.796188559629414e-07,0.0,1.1796471093578408e-05,0.00011824432979174701
1306,0.0,lbfgs,7006,670.9776725769043,,,,0.00010110783125117825,2.792243977451741e-07,0.0,1.1777470732435163e-05,0.0001180539317220968
1307,0.0,lbfgs,7007,671.316668510437,,,,0.00010100438038978907,2.7876087897544616e-07,0.0,1.174308280220754e-05,0.00011770958890105086
1308,0.0,lbfgs,7008,671.6106488704681,,,,0.00010083557170644184,2.780775301362776e-07,0.0,1.1697425605312835e-05,0.00011725233358326463
1309,0.0,lbfgs,7009,671.9659056663513,,,,0.00010057719101837062,2.763346558410849e-07,0.0,1.1652068369643293e-05,0.00011679701835227402
1310,0.0,lbfgs,7010,672.3013343811035,,,,0.00010048020100969831,2.754634577158752e-07,0.0,1.1610834997490807e-05,0.00011638381343262394
1311,0.0,lbfgs,7011,672.5711004734039,,,,0.00010018402204220422,2.733401882705559e-07,0.0,1.1606953676137507e-05,0.00011634287694964562
1312,0.0,lbfgs,7012,672.8675546646118,,,,0.00010008302917508272,2.7257143362085744e-07,0.0,1.1611235284629175e-05,0.0001163849242799126
1313,0.0,lbfgs,7013,673.2365050315857,,,,9.99655742397908e-05,2.720903054798578e-07,0.0,1.1616645778662148e-05,0.00011643854809210134
1314,0.0,lbfgs,7014,673.561039686203,,,,9.980704268947919e-05,2.70731077697783e-07,0.0,1.1591571912475904e-05,0.00011618645020245682
1315,0.0,lbfgs,7015,673.9984707832336,,,,9.959647533665682e-05,2.690307001772718e-07,0.0,1.154580036860066e-05,0.00011572703438618387
1316,0.0,lbfgs,7016,674.2865695953369,,,,9.939710350283561e-05,2.6844015346656503e-07,0.0,1.149335044065187e-05,0.00011520194455998526
1317,0.0,lbfgs,7017,674.5633165836334,,,,9.919516055404051e-05,2.669991528847877e-07,0.0,1.144186289860941e-05,0.00011468562813897888
1318,0.0,lbfgs,7018,674.8726217746735,,,,9.905394185470888e-05,2.6733011614938924e-07,0.0,1.1390706254750215e-05,0.00011417439266365153
1319,0.0,lbfgs,7019,675.2193500995636,,,,9.886989531819723e-05,2.6627630871410947e-07,0.0,1.1389575770844727e-05,0.00011416203401716138
1320,0.0,lbfgs,7020,675.5603196620941,,,,9.872297376597601e-05,2.6573970783356474e-07,0.0,1.1400725602668954e-05,0.0001142729957345231
1321,0.0,lbfgs,7021,675.8987593650818,,,,9.861106481973544e-05,2.6548808812320764e-07,0.0,1.1404242943042226e-05,0.00011430791751854546
1322,0.0,lbfgs,7022,676.2699921131134,,,,9.840877977433229e-05,2.6464509701954516e-07,0.0,1.1409654073511356e-05,0.0001143611858321331
1323,0.0,lbfgs,7023,676.6382603645325,,,,9.823382033717241e-05,2.642636387702104e-07,0.0,1.1398332230160055e-05,0.00011424758594037075
1324,0.0,lbfgs,7024,677.0583431720734,,,,9.803502424788558e-05,2.6273076896264236e-07,0.0,1.1375345505042684e-05,0.00011401618581938949
1325,0.0,lbfgs,7025,677.4507443904877,,,,9.786801889532575e-05,2.6118869637731126e-07,0.0,1.1342553274704704e-05,0.00011368672144342435
1326,0.0,lbfgs,7026,677.8927612304688,,,,9.767839770305512e-05,2.601240949968056e-07,0.0,1.1316275324229376e-05,0.00011342287733729057
1327,0.0,lbfgs,7027,678.2810308933258,,,,9.734302027513195e-05,2.5895303230396737e-07,0.0,1.1272947465192018e-05,0.00011298842768422415
1328,0.0,lbfgs,7028,678.9377210140228,,,,9.728596063165545e-05,2.5966817953510296e-07,0.0,1.127396129023572e-05,0.00011299928108189229
1329,0.0,lbfgs,7029,679.3553876876831,,,,9.718116287609506e-05,2.5940630431638523e-07,0.0,1.1263238035707604e-05,0.00011289178666139243
1330,0.0,lbfgs,7030,679.8163921833038,,,,9.706460911397043e-05,2.5909829700963283e-07,0.0,1.1247246346021421e-05,0.00011273156175722384
1331,0.0,lbfgs,7031,680.2385349273682,,,,9.698186865701e-05,2.5902715429949773e-07,0.0,1.1236125330479771e-05,0.0001126202804590972
1332,0.0,lbfgs,7032,680.5819971561432,,,,9.68082241468498e-05,2.5891428380959727e-07,0.0,1.1209375115407319e-05,0.00011235266543788279
1333,0.0,lbfgs,7033,680.9425983428955,,,,9.665574835052464e-05,2.5888125740754345e-07,0.0,1.1187581670069793e-05,0.00011213469795810546
1334,0.0,lbfgs,7034,681.3111066818237,,,,9.654608233867854e-05,2.58672373201058e-07,0.0,1.1170660658007206e-05,0.00011196527895327312
1335,0.0,lbfgs,7035,681.7568242549896,,,,9.640803310257125e-05,2.5843240055877423e-07,0.0,1.1147057796722181e-05,0.00011172901036778058
1336,0.0,lbfgs,7036,682.0830373764038,,,,9.62992750977888e-05,2.580376937469243e-07,0.0,1.112756343304927e-05,0.00011153367202423962
1337,0.0,lbfgs,7037,682.7498202323914,,,,9.626142675420881e-05,2.580252495153688e-07,0.0,1.1113644858568789e-05,0.00011139447383520326
1338,0.0,lbfgs,7038,683.1244697570801,,,,9.613584652358359e-05,2.575197849417781e-07,0.0,1.1087574669769733e-05,0.00011113326648263912
1339,0.0,lbfgs,7039,683.4974236488342,,,,9.604098649046972e-05,2.5716868272882087e-07,0.0,1.1064152739105497e-05,0.00011089869607378378
1340,0.0,lbfgs,7040,683.8883979320526,,,,9.594571031248295e-05,2.567857054987681e-07,0.0,1.103935261324814e-05,0.00011065031183798018
1341,0.0,lbfgs,7041,684.2471606731415,,,,9.581882327448408e-05,2.562805165150259e-07,0.0,1.1014563243706246e-05,0.00011040191295357748
1342,0.0,lbfgs,7042,684.5670228004456,,,,9.570920318663401e-05,2.564435010697448e-07,0.0,1.096631492998325e-05,0.00010991959280090225
1343,0.0,lbfgs,7043,685.017195224762,,,,9.545387574546345e-05,2.5545666854192286e-07,0.0,1.0958036384664315e-05,0.00010983582051518507
1344,0.0,lbfgs,7044,685.3729228973389,,,,9.534226537052149e-05,2.5529281194285454e-07,0.0,1.0960202473730848e-05,0.00010985731754925133
1345,0.0,lbfgs,7045,685.7727479934692,,,,9.52211896664684e-05,2.550669956563901e-07,0.0,1.0963633053889174e-05,0.00010989139753454814
1346,0.0,lbfgs,7046,685.9841592311859,,,,9.514445518859071e-05,2.5470554137039846e-07,0.0,1.0957862646647812e-05,0.00010983333200784852
1347,0.0,lbfgs,7047,686.3229248523712,,,,9.502627325692784e-05,2.540129774945569e-07,0.0,1.0952195600940363e-05,0.00010977596898689819
1348,0.0,lbfgs,7048,686.7184593677521,,,,9.491559222138228e-05,2.5332910731065356e-07,0.0,1.0936954747853085e-05,0.00010962287658584151
1349,0.0,lbfgs,7049,687.093133687973,,,,9.478720740203413e-05,2.5272038681407127e-07,0.0,1.0918909998876969e-05,0.00010944182037558376
1350,0.0,lbfgs,7050,687.7514338493347,,,,9.474528562203095e-05,2.5165717695021156e-07,0.0,1.0908932612807943e-05,0.00010934098330502964
1351,0.0,lbfgs,7051,688.0914850234985,,,,9.464909065384754e-05,2.516312026137216e-07,0.0,1.0896438754463265e-05,0.00010921601874724636
1352,0.0,lbfgs,7052,688.4380881786346,,,,9.456993133537275e-05,2.51710712673863e-07,0.0,1.0886447797211635e-05,0.00010911618868479021
1353,0.0,lbfgs,7053,688.7753412723541,,,,9.443695002329059e-05,2.5191921791916136e-07,0.0,1.0869515301499842e-05,0.00010894707223291758
1354,0.0,lbfgs,7054,689.11052942276,,,,9.431490237559058e-05,2.518855425671417e-07,0.0,1.0855397126001087e-05,0.00010880585680257801
1355,0.0,lbfgs,7055,689.77099609375,,,,9.427316749751424e-05,2.5175088496957044e-07,0.0,1.0844096614780605e-05,0.00010869271703277562
1356,0.0,lbfgs,7056,690.1078493595123,,,,9.411704071889942e-05,2.514878846598629e-07,0.0,1.0822118400213156e-05,0.00010847267188679142
1357,0.0,lbfgs,7057,690.510534286499,,,,9.400174004149035e-05,2.511107608580533e-07,0.0,1.0803681405754966e-05,0.00010828792481840772
1358,0.0,lbfgs,7058,690.866587638855,,,,9.390946698862233e-05,2.505259991410623e-07,0.0,1.0790449359001057e-05,0.00010815501958915163
1359,0.0,lbfgs,7059,691.2058119773865,,,,9.38321471026519e-05,2.5060663858776937e-07,0.0,1.0774476622846637e-05,0.00010799537286705414
1360,0.0,lbfgs,7060,691.5347654819489,,,,9.373309799754891e-05,2.499361980428865e-07,0.0,1.0769816276766796e-05,0.00010794809896571083
1361,0.0,lbfgs,7061,691.8901937007904,,,,9.359101923827131e-05,2.4942310300869686e-07,0.0,1.0767681517790344e-05,0.00010792623828091214
1362,0.0,lbfgs,7062,692.2161371707916,,,,9.34549499842279e-05,2.4902618281658843e-07,0.0,1.0763534892192972e-05,0.00010788437510474632
1363,0.0,lbfgs,7063,692.5800955295563,,,,9.326493315439568e-05,2.4823530489741856e-07,0.0,1.0758217206716163e-05,0.00010783040737205905
1364,0.0,lbfgs,7064,692.9371576309204,,,,9.307253395281735e-05,2.47167675419648e-07,0.0,1.0744152759119462e-05,0.00010768869526661426
1365,0.0,lbfgs,7065,693.5965347290039,,,,9.30041688050977e-05,2.465476461180334e-07,0.0,1.075332230815016e-05,0.00010777977072761964
1366,0.0,lbfgs,7066,693.9448645114899,,,,9.283776212665274e-05,2.4597283121327773e-07,0.0,1.0735253560375492e-05,0.0001075985084349682
1367,0.0,lbfgs,7067,694.2903597354889,,,,9.261556752907382e-05,2.452150683222361e-07,0.0,1.0711063674796621e-05,0.00010735585181628845
1368,0.0,lbfgs,7068,694.640873670578,,,,9.243083492140699e-05,2.448633211773659e-07,0.0,1.06935588324687e-05,0.00010718045164586438
1369,0.0,lbfgs,7069,694.985787153244,,,,9.227638925906995e-05,2.4385182220995077e-07,0.0,1.0683323769177463e-05,0.00010707708951398458
1370,0.0,lbfgs,7070,695.3394794464111,,,,9.21440635263907e-05,2.436442082208415e-07,0.0,1.0661905565286247e-05,0.00010686269986108332
1371,0.0,lbfgs,7071,695.6839416027069,,,,9.201682493198289e-05,2.430885085232214e-07,0.0,1.0653045211666006e-05,0.00010677354062518328
1372,0.0,lbfgs,7072,696.0202310085297,,,,9.190478345840735e-05,2.432329201271135e-07,0.0,1.0629113021397575e-05,0.00010653436313410287
1373,0.0,lbfgs,7073,696.3705530166626,,,,9.179819428728491e-05,2.436244822904118e-07,0.0,1.0599405448874996e-05,0.00010623767897104037
1374,0.0,lbfgs,7074,696.7007722854614,,,,9.169512648235026e-05,2.4379019266061783e-07,0.0,1.0573956785351468e-05,0.0001059833580461753
1375,0.0,lbfgs,7075,697.0744204521179,,,,9.154588286136274e-05,2.439370360947963e-07,0.0,1.0527744498439963e-05,0.00010552138202049443
1376,0.0,lbfgs,7076,697.4174690246582,,,,9.143457857985622e-05,2.4390274797201596e-07,0.0,1.051380583656393e-05,0.0001053819611136113
1377,0.0,lbfgs,7077,697.7630474567413,,,,9.134678252177717e-05,2.4334393822150647e-07,0.0,1.0509767768863241e-05,0.00010534102162685392
1378,0.0,lbfgs,7078,698.1248700618744,,,,9.122932704031015e-05,2.426461481835643e-07,0.0,1.0506761613894077e-05,0.00010531026228712432
1379,0.0,lbfgs,7079,698.4888532161713,,,,9.112891027683644e-05,2.4223722650226775e-07,0.0,1.0501229945470823e-05,0.0001052545366812105
1380,0.0,lbfgs,7080,698.8554701805115,,,,9.094381963559808e-05,2.411122521763822e-07,0.0,1.0482357025560871e-05,0.0001050646825077851
1381,0.0,lbfgs,7081,699.5102496147156,,,,9.086714071482053e-05,2.4046236838608713e-07,0.0,1.0480565042205892e-05,0.000105046112790445
1382,0.0,lbfgs,7082,699.8519148826599,,,,9.080439589250932e-05,2.3999358672843436e-07,0.0,1.0473073421224408e-05,0.00010497072779897252
1383,0.0,lbfgs,7083,700.1857323646545,,,,9.073859014253679e-05,2.3975281000469594e-07,0.0,1.046653726450026e-05,0.00010490512545500729
1384,0.0,lbfgs,7084,700.5645189285278,,,,9.059905664896765e-05,2.393650369996908e-07,0.0,1.0453414232734637e-05,0.00010477350736434606
1385,0.0,lbfgs,7085,700.9413092136383,,,,9.050127581069584e-05,2.399514894339572e-07,0.0,1.0436967936783483e-05,0.00010460963085726878
1386,0.0,lbfgs,7086,701.3196589946747,,,,9.029548843002832e-05,2.3914244060649096e-07,0.0,1.0420389185616417e-05,0.00010444303429677067
1387,0.0,lbfgs,7087,701.7363927364349,,,,9.017610440217375e-05,2.391768032172894e-07,0.0,1.0405961891652813e-05,0.00010429879571974542
1388,0.0,lbfgs,7088,702.138111114502,,,,9.009278909905302e-05,2.393803957917354e-07,0.0,1.0390785342251788e-05,0.00010414723381830962
1389,0.0,lbfgs,7089,702.4731013774872,,,,8.999118287976371e-05,2.3959331740008427e-07,0.0,1.0367407121757662e-05,0.00010391366453497671
1390,0.0,lbfgs,7090,703.1864964962006,,,,8.992715162262572e-05,2.397317813567002e-07,0.0,1.0352740141670913e-05,0.00010376713319806583
1391,0.0,lbfgs,7091,703.5551040172577,,,,8.978501214400222e-05,2.3991904345627173e-07,0.0,1.0314932722574523e-05,0.00010338924626920149
1392,0.0,lbfgs,7092,703.9241588115692,,,,8.969157656881046e-05,2.397807334757748e-07,0.0,1.0294620957569357e-05,0.00010318599030916935
1393,0.0,lbfgs,7093,704.2944240570068,,,,8.960629186014901e-05,2.3934501015770206e-07,0.0,1.0285640423296645e-05,0.00010309574924312414
1394,0.0,lbfgs,7094,704.6601479053497,,,,8.950525987742163e-05,2.3858011627244625e-07,0.0,1.0281781406317504e-05,0.00010305639417944749
1395,0.0,lbfgs,7095,705.0418899059296,,,,8.931487952451566e-05,2.3675012242387166e-07,0.0,1.026049128245609e-05,0.00010284166294698477
1396,0.0,lbfgs,7096,705.4205360412598,,,,8.9287285412015e-05,2.3460736598976954e-07,0.0,1.0308176752868764e-05,0.00010331637489467742
1397,0.0,lbfgs,7097,705.8108367919922,,,,8.908859923991558e-05,2.3452783460847604e-07,0.0,1.0259850744101601e-05,0.00010283303527562449
1398,0.0,lbfgs,7098,706.184428691864,,,,8.903957046357102e-05,2.3437795281628157e-07,0.0,1.0247273713910698e-05,0.00010270711509192327
1399,0.0,lbfgs,7099,706.5462365150452,,,,8.896653695527927e-05,2.3392545440619963e-07,0.0,1.0233303020825261e-05,0.00010256695566265882
1400,0.0,lbfgs,7100,706.9008750915527,,,,8.880886056297688e-05,2.331187184399396e-07,0.0,1.021082670563022e-05,0.00010234138577474215
1401,0.0,lbfgs,7101,707.5962960720062,,,,8.875965413640916e-05,2.3253840931715885e-07,0.0,1.019862932059739e-05,0.00010221883161529106
1402,0.0,lbfgs,7102,707.9758019447327,,,,8.857231609148925e-05,2.3172644817983534e-07,0.0,1.0180291367607334e-05,0.00010203464012425318
1403,0.0,lbfgs,7103,708.6604526042938,,,,8.849436038637783e-05,2.3107755016834977e-07,0.0,1.0173185140130463e-05,0.00010196292895147298
1404,0.0,lbfgs,7104,709.013747215271,,,,8.833595272655753e-05,2.3072947211191462e-07,0.0,1.0162245839685533e-05,0.00010185318786896724
1405,0.0,lbfgs,7105,709.3793439865112,,,,8.819127377726931e-05,2.3071430091877999e-07,0.0,1.0152466456024157e-05,0.00010175537886116034
1406,0.0,lbfgs,7106,709.7528085708618,,,,8.80396007037777e-05,2.307923534305805e-07,0.0,1.013318378173033e-05,0.00010156263017073389
1407,0.0,lbfgs,7107,710.1232175827026,,,,8.798480656228166e-05,2.309995750492933e-07,0.0,1.012597847163578e-05,0.00010149078429140708
1408,0.0,lbfgs,7108,710.4946837425232,,,,8.787254301851598e-05,2.3057835392364287e-07,0.0,1.0106784123293508e-05,0.00010129841958685872
1409,0.0,lbfgs,7109,710.860226392746,,,,8.780328335441632e-05,2.3012356138754245e-07,0.0,1.0090437830810959e-05,0.00010113450186949713
1410,0.0,lbfgs,7110,711.2255756855011,,,,8.769980128862592e-05,2.2954567006529486e-07,0.0,1.0067362292539356e-05,0.00010090316859545886
1411,0.0,lbfgs,7111,711.5931127071381,,,,8.7511088189538e-05,2.2890129366793532e-07,0.0,1.0029445329707474e-05,0.00010052335459074267
1412,0.0,lbfgs,7112,711.9639899730682,,,,8.729490804974248e-05,2.2901115153743314e-07,0.0,9.994972219679133e-06,0.00010017873334832876
1413,0.0,lbfgs,7113,712.3322353363037,,,,8.714227914337831e-05,2.292212475301814e-07,0.0,9.955736631219517e-06,9.978658755972536e-05
1414,0.0,lbfgs,7114,712.6928334236145,,,,8.700938647793277e-05,2.291210965992618e-07,0.0,9.95651048145174e-06,9.979422591111665e-05
1415,0.0,lbfgs,7115,713.0751111507416,,,,8.683332755017989e-05,2.2888477253899755e-07,0.0,9.944340021657159e-06,9.967228498911058e-05
1416,0.0,lbfgs,7116,713.4404010772705,,,,8.65459711422635e-05,2.2855358027519334e-07,0.0,9.922894130113315e-06,9.945749488140835e-05
1417,0.0,lbfgs,7117,713.8065230846405,,,,8.63123481752334e-05,2.286637841211145e-07,0.0,9.880426588852684e-06,9.903292967264796e-05
1418,0.0,lbfgs,7118,714.4938216209412,,,,8.614922056198592e-05,2.288245668677314e-07,0.0,9.880682317449652e-06,9.903564774136425e-05
1419,0.0,lbfgs,7119,714.8589491844177,,,,8.598267350877932e-05,2.2873478988114388e-07,0.0,9.854250947424271e-06,9.877124426412385e-05
1420,0.0,lbfgs,7120,715.2329111099243,,,,8.584284182307395e-05,2.2883968993588034e-07,0.0,9.834266822057717e-06,9.857150791051305e-05
1421,0.0,lbfgs,7121,715.612006187439,,,,8.57345132968751e-05,2.2940438136878974e-07,0.0,9.820187678130963e-06,9.843128116267842e-05
1422,0.0,lbfgs,7122,715.9853739738464,,,,8.564792155096893e-05,2.29904980430186e-07,0.0,9.814874812156288e-06,9.837865310199306e-05
1423,0.0,lbfgs,7123,716.3540415763855,,,,8.549251283150979e-05,2.3086481567674887e-07,0.0,9.794292541859196e-06,9.81737902342687e-05
1424,0.0,lbfgs,7124,716.7214288711548,,,,8.542926592905521e-05,2.3057242208101368e-07,0.0,9.790603407135606e-06,9.813660649343707e-05
1425,0.0,lbfgs,7125,717.0863225460052,,,,8.533862696492627e-05,2.3007714438676678e-07,0.0,9.777394881052937e-06,9.800402595491613e-05
1426,0.0,lbfgs,7126,717.4567332267761,,,,8.519289234562507e-05,2.2892392596775816e-07,0.0,9.754829773698349e-06,9.777722166295124e-05
1427,0.0,lbfgs,7127,717.8228104114532,,,,8.504056697500882e-05,2.2771901187782817e-07,0.0,9.716794419543767e-06,9.73956632073155e-05
1428,0.0,lbfgs,7128,718.1860439777374,,,,8.490752564255903e-05,2.2640110858067027e-07,0.0,9.702407367865956e-06,9.725047478724024e-05
1429,0.0,lbfgs,7129,718.5515155792236,,,,8.483446594937001e-05,2.2610580122027755e-07,0.0,9.695758009265219e-06,9.718368589387247e-05
1430,0.0,lbfgs,7130,718.9205267429352,,,,8.472595437029038e-05,2.2605164686180603e-07,0.0,9.691263035848305e-06,9.713868200534485e-05
1431,0.0,lbfgs,7131,719.2878949642181,,,,8.46357062478835e-05,2.2562902241553289e-07,0.0,9.689899905077146e-06,9.712462807318699e-05
1432,0.0,lbfgs,7132,719.9687809944153,,,,8.459178502890654e-05,2.2595270378127735e-07,0.0,9.69103725942401e-06,9.713632529802138e-05
1433,0.0,lbfgs,7133,720.3227796554565,,,,8.450050621530456e-05,2.255177369178822e-07,0.0,9.687686033280775e-06,9.710237806972564e-05
1434,0.0,lbfgs,7134,720.7134118080139,,,,8.441207830813155e-05,2.251680814671879e-07,0.0,9.681115252141133e-06,9.703632060287853e-05
1435,0.0,lbfgs,7135,721.0954184532166,,,,8.433374062247537e-05,2.2489655812272974e-07,0.0,9.670152250880237e-06,9.692641906692511e-05
1436,0.0,lbfgs,7136,721.4689438343048,,,,8.420901720130267e-05,2.2464673887319381e-07,0.0,9.648061952537726e-06,9.670526626425045e-05
1437,0.0,lbfgs,7137,721.8365316390991,,,,8.402668380070344e-05,2.2442471101614118e-07,0.0,9.617585577123024e-06,9.640028048224638e-05
1438,0.0,lbfgs,7138,722.5361585617065,,,,8.39684334327877e-05,2.2424169827365273e-07,0.0,9.60461715440478e-06,9.627041324232145e-05
1439,0.0,lbfgs,7139,722.9001557826996,,,,8.376289644698683e-05,2.2394302112044187e-07,0.0,9.569960602661877e-06,9.592354904773921e-05
1440,0.0,lbfgs,7140,723.2644054889679,,,,8.359231548776483e-05,2.2353844597918345e-07,0.0,9.542526690076317e-06,9.564880534674235e-05
1441,0.0,lbfgs,7141,723.6322016716003,,,,8.3422887550787e-05,2.2305637683056257e-07,0.0,9.523977690162274e-06,9.546283327845329e-05
1442,0.0,lbfgs,7142,723.9910311698914,,,,8.338640985386523e-05,2.2223498518820985e-07,0.0,9.52894228085475e-06,9.551165779373571e-05
1443,0.0,lbfgs,7143,724.3599753379822,,,,8.32710643266048e-05,2.2228300002144156e-07,0.0,9.514294998627777e-06,9.536523298629922e-05
1444,0.0,lbfgs,7144,724.7306890487671,,,,8.320880729489522e-05,2.2223861976182488e-07,0.0,9.506866262902399e-06,9.529090124878581e-05
1445,0.0,lbfgs,7145,725.1004021167755,,,,8.308323238497344e-05,2.2192196790659734e-07,0.0,9.490511337877348e-06,9.512703534668008e-05
1446,0.0,lbfgs,7146,725.4653239250183,,,,8.302742258678644e-05,2.2072441437514883e-07,0.0,9.487244660308356e-06,9.50931710174587e-05
1447,0.0,lbfgs,7147,725.8251204490662,,,,8.286992780226753e-05,2.2033883720351096e-07,0.0,9.477885632727091e-06,9.499919516447443e-05
1448,0.0,lbfgs,7148,726.1821715831757,,,,8.285934303315023e-05,2.2093149166015603e-07,0.0,9.454143842153733e-06,9.476236991319748e-05
1449,0.0,lbfgs,7149,726.528621673584,,,,8.275656347938178e-05,2.201393647169731e-07,0.0,9.464386952069541e-06,9.486400888541238e-05
1450,0.0,lbfgs,7150,726.8713412284851,,,,8.269655568256697e-05,2.1969460266006826e-07,0.0,9.46961986878327e-06,9.491589329049276e-05
1451,0.0,lbfgs,7151,727.2302849292755,,,,8.259449853609747e-05,2.192476412487586e-07,0.0,9.47377066673585e-06,9.495695430860727e-05
1452,0.0,lbfgs,7152,727.5895669460297,,,,8.244454834867093e-05,2.1881358703938904e-07,0.0,9.46472475524585e-06,9.486606113949789e-05
1453,0.0,lbfgs,7153,728.2867789268494,,,,8.235507914539618e-05,2.1909779297743566e-07,0.0,9.462921261728857e-06,9.4848310410266e-05
1454,0.0,lbfgs,7154,728.6941547393799,,,,8.217586615653992e-05,2.1825004752528875e-07,0.0,9.436467864005561e-06,9.458292868758091e-05
1455,0.0,lbfgs,7155,729.3764259815216,,,,8.209913206517386e-05,2.1869008712076586e-07,0.0,9.42341334365271e-06,9.445282352364786e-05
1456,0.0,lbfgs,7156,729.7460680007935,,,,8.194362622125683e-05,2.1787233321958712e-07,0.0,9.397556457611858e-06,9.419343690933817e-05
1457,0.0,lbfgs,7157,730.1111035346985,,,,8.170695381888345e-05,2.169176124083801e-07,0.0,9.363891050152898e-06,9.385582811393736e-05
1458,0.0,lbfgs,7158,730.4775903224945,,,,8.155082131845998e-05,2.168382150349108e-07,0.0,9.341612811711897e-06,9.363296633215388e-05
1459,0.0,lbfgs,7159,730.8467290401459,,,,8.151703693675954e-05,2.1694877170366599e-07,0.0,9.337722195067328e-06,9.359417072237695e-05
1460,0.0,lbfgs,7160,731.2158348560333,,,,8.138130232985719e-05,2.1692241457036693e-07,0.0,9.328529125929938e-06,9.350221367386975e-05
1461,0.0,lbfgs,7161,731.588249206543,,,,8.131704766717535e-05,2.1709096300832262e-07,0.0,9.325642549626041e-06,9.347351645926873e-05
1462,0.0,lbfgs,7162,731.94842004776,,,,8.121852806293693e-05,2.1753319310976616e-07,0.0,9.317981918349875e-06,9.339735237660851e-05
1463,0.0,lbfgs,7163,732.2995808124542,,,,8.107736930266113e-05,2.1811520763078253e-07,0.0,9.306950641077558e-06,9.328762161840636e-05
1464,0.0,lbfgs,7164,732.65824842453,,,,8.103105245524896e-05,2.1960398650390868e-07,0.0,9.304446766390795e-06,9.326407165041186e-05
1465,0.0,lbfgs,7165,733.0129034519196,,,,8.0804479815441e-05,2.1958477374946e-07,0.0,9.284836208859805e-06,9.306794686234752e-05
1466,0.0,lbfgs,7166,733.3726284503937,,,,8.074927713822018e-05,2.1887491790994764e-07,0.0,9.27660675519938e-06,9.298494246990374e-05
1467,0.0,lbfgs,7167,733.7292549610138,,,,8.067113617193554e-05,2.1857623542307283e-07,0.0,9.266656649175738e-06,9.288514272718045e-05
1468,0.0,lbfgs,7168,734.0904383659363,,,,8.051190128122683e-05,2.1843051149205058e-07,0.0,9.241021907189672e-06,9.262864958338877e-05
1469,0.0,lbfgs,7169,734.4516544342041,,,,8.027615962692942e-05,2.1837681605678092e-07,0.0,9.19855975685118e-06,9.22039743845686e-05
1470,0.0,lbfgs,7170,734.8134093284607,,,,8.018000540622112e-05,2.2033113426767768e-07,0.0,9.170646609115849e-06,9.192679722542616e-05
1471,0.0,lbfgs,7171,735.182089805603,,,,7.998743606603256e-05,2.192577402798132e-07,0.0,9.15052041420988e-06,9.172446188237861e-05
1472,0.0,lbfgs,7172,735.5472791194916,,,,7.988657378796336e-05,2.1851283589963925e-07,0.0,9.146184545787657e-06,9.168035829377622e-05
1473,0.0,lbfgs,7173,735.9108595848083,,,,7.979786112468147e-05,2.1828813664295602e-07,0.0,9.138524811427148e-06,9.160353625091444e-05
1474,0.0,lbfgs,7174,736.2615535259247,,,,7.965338756432973e-05,2.175489708952408e-07,0.0,9.134003533868798e-06,9.155758430958323e-05
1475,0.0,lbfgs,7175,736.6107542514801,,,,7.952556268410428e-05,2.170479363436949e-07,0.0,9.12552947446543e-06,9.147234268099799e-05
1476,0.0,lbfgs,7176,736.9773693084717,,,,7.94132294531787e-05,2.1663579390296237e-07,0.0,9.112042136625806e-06,9.133705716016101e-05
1477,0.0,lbfgs,7177,737.3456158638,,,,7.931263942508524e-05,2.160606771383294e-07,0.0,9.099774926417904e-06,9.121380994131738e-05
1478,0.0,lbfgs,7178,737.7194373607635,,,,7.91521654019335e-05,2.1569965715182084e-07,0.0,9.073843038529339e-06,9.09541300424452e-05
1479,0.0,lbfgs,7179,738.3576462268829,,,,7.911702698103486e-05,2.158987584316343e-07,0.0,9.065709737030149e-06,9.087299612873312e-05
1480,0.0,lbfgs,7180,738.7257568836212,,,,7.903982044029484e-05,2.1602253543181412e-07,0.0,9.052854360222286e-06,9.074456613765467e-05
1481,0.0,lbfgs,7181,739.0917317867279,,,,7.894411384511669e-05,2.1603316559642878e-07,0.0,9.039116289632848e-06,9.060719606192492e-05
1482,0.0,lbfgs,7182,739.4476175308228,,,,7.88114068747177e-05,2.1585796209459825e-07,0.0,9.023703380535662e-06,9.04528917674512e-05
1483,0.0,lbfgs,7183,739.8118319511414,,,,7.865539857820733e-05,2.1554810465111277e-07,0.0,9.008751243608268e-06,9.03030605407338e-05
1484,0.0,lbfgs,7184,740.499480009079,,,,7.859243212565799e-05,2.1571533728212389e-07,0.0,9.006720605356718e-06,9.02829213908493e-05
1485,0.0,lbfgs,7185,740.8982360363007,,,,7.850015183559711e-05,2.15328663862068e-07,0.0,9.001865123370371e-06,9.023397989756579e-05
1486,0.0,lbfgs,7186,741.2888758182526,,,,7.84534855068952e-05,2.151557905112139e-07,0.0,9.00030186158746e-06,9.021817440638581e-05
1487,0.0,lbfgs,7187,741.6839921474457,,,,7.839895717208757e-05,2.1514074360603776e-07,0.0,8.99707151288305e-06,9.018585587243655e-05
1488,0.0,lbfgs,7188,742.0751934051514,,,,7.829811215885095e-05,2.1527563876423882e-07,0.0,8.98791566884662e-06,9.009443232723043e-05
1489,0.0,lbfgs,7189,742.463850736618,,,,7.814966433848369e-05,2.1538545004871928e-07,0.0,8.965730463870843e-06,8.987269008875714e-05
1490,0.0,lbfgs,7190,743.1736719608307,,,,7.807330289850428e-05,2.1560198054643862e-07,0.0,8.951219177816522e-06,8.972779375871166e-05
1491,0.0,lbfgs,7191,743.5465278625488,,,,7.794951889370762e-05,2.1581610030470983e-07,0.0,8.928249425126386e-06,8.949831035156857e-05
1492,0.0,lbfgs,7192,743.916491985321,,,,7.788703202295626e-05,2.1598699639285759e-07,0.0,8.91568750392378e-06,8.937286203563065e-05
1493,0.0,lbfgs,7193,744.2872197628021,,,,7.784418544348028e-05,2.1570157325351558e-07,0.0,8.910260291287289e-06,8.93183044861264e-05
1494,0.0,lbfgs,7194,744.655033826828,,,,7.779701195961409e-05,2.1557907393440561e-07,0.0,8.904412162479891e-06,8.925970069873332e-05
1495,0.0,lbfgs,7195,745.0251004695892,,,,7.769764544691305e-05,2.151437698831635e-07,0.0,8.897929075626452e-06,8.919443452614768e-05
1496,0.0,lbfgs,7196,745.3973872661591,,,,7.758741701218847e-05,2.155727012266861e-07,0.0,8.880584784202475e-06,8.902142054325144e-05
1497,0.0,lbfgs,7197,745.7819709777832,,,,7.743438602793292e-05,2.1593138094623703e-07,0.0,8.86589392496404e-06,8.887487063058663e-05
1498,0.0,lbfgs,7198,746.1767311096191,,,,7.730639323932162e-05,2.169509600649548e-07,0.0,8.844748640121856e-06,8.866443736128352e-05
1499,0.0,lbfgs,7199,746.5702040195465,,,,7.71915808014258e-05,2.169305457503551e-07,0.0,8.827260596368778e-06,8.848953650943814e-05
1500,0.0,lbfgs,7200,746.9610092639923,,,,7.712594232651699e-05,2.1688082519162958e-07,0.0,8.816235498755442e-06,8.837923581274605e-05
1501,0.0,lbfgs,7201,747.315808057785,,,,7.703664747459472e-05,2.1708605860502514e-07,0.0,8.785360821735117e-06,8.80706942759562e-05
1502,0.0,lbfgs,7202,747.6755912303925,,,,7.693500001967875e-05,2.1688980952505312e-07,0.0,8.769061836600499e-06,8.790750817553004e-05
1503,0.0,lbfgs,7203,748.0336694717407,,,,7.686661838845231e-05,2.1673807514044238e-07,0.0,8.757082461208786e-06,8.77875626872283e-05
1504,0.0,lbfgs,7204,748.3801372051239,,,,7.675479498339665e-05,2.1642984272761186e-07,0.0,8.748209895521264e-06,8.769852879794025e-05
1505,0.0,lbfgs,7205,748.7233152389526,,,,7.66435898689813e-05,2.174838435155291e-07,0.0,8.751183153147415e-06,8.772931537498969e-05
1506,0.0,lbfgs,7206,749.1089975833893,,,,7.652259581443605e-05,2.1626243979460194e-07,0.0,8.76108122152477e-06,8.78270746550423e-05
1507,0.0,lbfgs,7207,749.4512076377869,,,,7.643323656824644e-05,2.16523306828857e-07,0.0,8.755733808847701e-06,8.777386139530588e-05
1508,0.0,lbfgs,7208,749.8005533218384,,,,7.635161579153213e-05,2.1684345451191366e-07,0.0,8.758481155237447e-06,8.780165500688637e-05
1509,0.0,lbfgs,7209,750.1471531391144,,,,7.629314061267745e-05,2.1681883634407568e-07,0.0,8.755634033084735e-06,8.777315916719143e-05
1510,0.0,lbfgs,7210,750.5059728622437,,,,7.614985970728048e-05,2.175447873661397e-07,0.0,8.740990376578655e-06,8.762744855315269e-05
1511,0.0,lbfgs,7211,750.8851418495178,,,,7.612670107926139e-05,2.1681452899806835e-07,0.0,8.743674966417762e-06,8.765356419317568e-05
1512,0.0,lbfgs,7212,751.2960782051086,,,,7.601529224863661e-05,2.1688774084765024e-07,0.0,8.726000117967611e-06,8.747688892052377e-05
1513,0.0,lbfgs,7213,751.6904017925262,,,,7.597306768059718e-05,2.1694444808979227e-07,0.0,8.719732322500107e-06,8.741426767309086e-05
1514,0.0,lbfgs,7214,752.1025714874268,,,,7.590815876006803e-05,2.171802484074954e-07,0.0,8.712220419743056e-06,8.733938444583805e-05
1515,0.0,lbfgs,7215,752.4918711185455,,,,7.583602085928558e-05,2.1750302525450018e-07,0.0,8.703523715064096e-06,8.725274017589545e-05
1516,0.0,lbfgs,7216,752.8606770038605,,,,7.573694399927718e-05,2.1752916463579913e-07,0.0,8.696062263093474e-06,8.717815179557054e-05
1517,0.0,lbfgs,7217,753.5449321269989,,,,7.566470499501365e-05,2.180076745953179e-07,0.0,8.684198943505463e-06,8.705999710964995e-05
1518,0.0,lbfgs,7218,753.8495392799377,,,,7.561673330762578e-05,2.1770171199558144e-07,0.0,8.677524167222054e-06,8.699294338421613e-05
1519,0.0,lbfgs,7219,754.2308340072632,,,,7.555605215983177e-05,2.1745414789960658e-07,0.0,8.667769281585402e-06,8.689514696375364e-05
1520,0.0,lbfgs,7220,754.5906920433044,,,,7.550381624300606e-05,2.175389743805417e-07,0.0,8.659700050808761e-06,8.681453948246814e-05
1521,0.0,lbfgs,7221,754.9243762493134,,,,7.5391428230321e-05,2.1805060179745752e-07,0.0,8.641056072723998e-06,8.662861132903744e-05
1522,0.0,lbfgs,7222,755.2709648609161,,,,7.528204555422825e-05,2.1859702951694043e-07,0.0,8.638434910932896e-06,8.660294613884591e-05
1523,0.0,lbfgs,7223,755.5247461795807,,,,7.518342336652122e-05,2.1950201447914536e-07,0.0,8.618861081494424e-06,8.640811282942338e-05
1524,0.0,lbfgs,7224,755.8684639930725,,,,7.512730562511449e-05,2.197759137626978e-07,0.0,8.618927192325775e-06,8.640904783702046e-05
1525,0.0,lbfgs,7225,756.2276935577393,,,,7.507169491308958e-05,2.196408217081278e-07,0.0,8.616220320982866e-06,8.638184403153679e-05
1526,0.0,lbfgs,7226,756.564427614212,,,,7.502032697689473e-05,2.19554863176528e-07,0.0,8.617406103386783e-06,8.639361589704435e-05
1527,0.0,lbfgs,7227,756.9009890556335,,,,7.494098912519032e-05,2.189161598777485e-07,0.0,8.612979755125711e-06,8.634871371113485e-05
1528,0.0,lbfgs,7228,757.2197074890137,,,,7.486292581672064e-05,2.1906008298281448e-07,0.0,8.60186391798467e-06,8.623769926282952e-05
1529,0.0,lbfgs,7229,757.5119247436523,,,,7.478262390234278e-05,2.1853826349919772e-07,0.0,8.59157983041219e-06,8.61343365676211e-05
1530,0.0,lbfgs,7230,757.8095736503601,,,,7.469531675891362e-05,2.1820507486807348e-07,0.0,8.575026082096139e-06,8.596846589582946e-05
1531,0.0,lbfgs,7231,758.2040657997131,,,,7.461258467543452e-05,2.1784220753614614e-07,0.0,8.559852628216274e-06,8.58163684896989e-05
1532,0.0,lbfgs,7232,758.8474609851837,,,,7.457066865650404e-05,2.1827498666999937e-07,0.0,8.547643596870411e-06,8.56947109553741e-05
1533,0.0,lbfgs,7233,759.2455720901489,,,,7.450982338008892e-05,2.181109141924889e-07,0.0,8.539393430397592e-06,8.561204521816841e-05
1534,0.0,lbfgs,7234,759.7680847644806,,,,7.445664110888804e-05,2.1812965249957028e-07,0.0,8.533387626585086e-06,8.555200591835043e-05
1535,0.0,lbfgs,7235,760.1743705272675,,,,7.438367900695148e-05,2.1814991490778293e-07,0.0,8.525342915229665e-06,8.547157906720443e-05
1536,0.0,lbfgs,7236,760.5620267391205,,,,7.43703615769001e-05,2.1813292368872214e-07,0.0,8.527063691056117e-06,8.548876983424987e-05
1537,0.0,lbfgs,7237,760.9944519996643,,,,7.4255533825387e-05,2.1779413343539521e-07,0.0,8.512512903950098e-06,8.534292317293637e-05
1538,0.0,lbfgs,7238,761.4159450531006,,,,7.420950279935706e-05,2.1758831411305918e-07,0.0,8.50683321624931e-06,8.528592047660616e-05
1539,0.0,lbfgs,7239,761.8693542480469,,,,7.416515894231967e-05,2.1725658352173992e-07,0.0,8.501820185301881e-06,8.523545843654055e-05
1540,0.0,lbfgs,7240,762.3025979995728,,,,7.411941797872932e-05,2.169417796329676e-07,0.0,8.496477374710668e-06,8.518171552673965e-05
1541,0.0,lbfgs,7241,762.6621353626251,,,,7.400936036965056e-05,2.1629697087850953e-07,0.0,8.48101364193665e-06,8.5026433390245e-05
1542,0.0,lbfgs,7242,763.0987582206726,,,,7.397891508873495e-05,2.155410574780143e-07,0.0,8.47951030615746e-06,8.501064411905262e-05
1543,0.0,lbfgs,7243,763.5341353416443,,,,7.387785770095416e-05,2.1584179533412427e-07,0.0,8.458548286622726e-06,8.480132466156138e-05
1544,0.0,lbfgs,7244,763.842232465744,,,,7.383087951286707e-05,2.1597381972515288e-07,0.0,8.454062071890853e-06,8.475659453863368e-05
1545,0.0,lbfgs,7245,764.1841657161713,,,,7.378063837226494e-05,2.1613661862657983e-07,0.0,8.447440044685675e-06,8.469053706548333e-05
1546,0.0,lbfgs,7246,764.4727747440338,,,,7.372488656869246e-05,2.1590895831033912e-07,0.0,8.440940192728234e-06,8.462531088559267e-05
1547,0.0,lbfgs,7247,764.8226315975189,,,,7.362253389667455e-05,2.1531409697675337e-07,0.0,8.433176899207219e-06,8.454708308904894e-05
1548,0.0,lbfgs,7248,765.178343296051,,,,7.352707270446745e-05,2.1453305471517598e-07,0.0,8.42419429851504e-06,8.445647603986557e-05
1549,0.0,lbfgs,7249,765.4386291503906,,,,7.343164967208639e-05,2.1403541119938516e-07,0.0,8.413513424689074e-06,8.434916965809014e-05
1550,0.0,lbfgs,7250,765.7915983200073,,,,7.336621814435226e-05,2.1349894489704803e-07,0.0,8.410328304515143e-06,8.431678199004846e-05
1551,0.0,lbfgs,7251,766.2074327468872,,,,7.333414542943472e-05,2.1322035823335575e-07,0.0,8.411146312027757e-06,8.432468347851093e-05
1552,0.0,lbfgs,7252,766.5489592552185,,,,7.329716559434759e-05,2.129533066057337e-07,0.0,8.409411373397207e-06,8.43070670405778e-05
1553,0.0,lbfgs,7253,766.8200752735138,,,,7.32064255403226e-05,2.1235388481486478e-07,0.0,8.398684436348924e-06,8.41991982483041e-05
1554,0.0,lbfgs,7254,767.1675510406494,,,,7.31239616904346e-05,2.1178675859605898e-07,0.0,8.394579433594458e-06,8.415758109454064e-05
1555,0.0,lbfgs,7255,767.5079700946808,,,,7.306765388588586e-05,2.115067500448141e-07,0.0,8.388151163048689e-06,8.40930183805317e-05
1556,0.0,lbfgs,7256,767.8400480747223,,,,7.297681020760947e-05,2.1111934494397452e-07,0.0,8.37685078647259e-06,8.397962720966988e-05
1557,0.0,lbfgs,7257,768.244133234024,,,,7.290238450926482e-05,2.114869250669625e-07,0.0,8.359704918391141e-06,8.380853610897837e-05
1558,0.0,lbfgs,7258,768.6203434467316,,,,7.284555467741741e-05,2.1086132210576488e-07,0.0,8.354760642558586e-06,8.375846774769162e-05
1559,0.0,lbfgs,7259,768.8756227493286,,,,7.27701900254167e-05,2.1113721509617882e-07,0.0,8.340418051932908e-06,8.361531773442526e-05
1560,0.0,lbfgs,7260,769.180507183075,,,,7.271909264515551e-05,2.1144144506499807e-07,0.0,8.328770684892135e-06,8.349914829398635e-05
1561,0.0,lbfgs,7261,769.4992179870605,,,,7.267418041654396e-05,2.1153264742219117e-07,0.0,8.318022231074431e-06,8.33917549581665e-05
1562,0.0,lbfgs,7262,769.8612060546875,,,,7.254677597739167e-05,2.1139002986662738e-07,0.0,8.291226224557324e-06,8.312365227543986e-05
1563,0.0,lbfgs,7263,770.6301729679108,,,,7.250374080195623e-05,2.1159802591420515e-07,0.0,8.281570835237107e-06,8.302730637828528e-05
1564,0.0,lbfgs,7264,770.9758231639862,,,,7.235280039034154e-05,2.1105676690284208e-07,0.0,8.25545781511048e-06,8.276563491800764e-05
1565,0.0,lbfgs,7265,771.3606169223785,,,,7.222702573718811e-05,2.10479217846053e-07,0.0,8.241288781421722e-06,8.262336703206327e-05
1566,0.0,lbfgs,7266,771.7872271537781,,,,7.213629100936076e-05,2.09900270617492e-07,0.0,8.238044090686907e-06,8.259034117748657e-05
1567,0.0,lbfgs,7267,772.1749572753906,,,,7.204936857202312e-05,2.095143615429064e-07,0.0,8.236571536866044e-06,8.257522973020335e-05
1568,0.0,lbfgs,7268,772.556250333786,,,,7.189130913942197e-05,2.0919452999151538e-07,0.0,8.227050572063633e-06,8.247970025062785e-05
1569,0.0,lbfgs,7269,773.1308972835541,,,,7.186706150531307e-05,2.0912178849686464e-07,0.0,8.228067778549754e-06,8.24897995739944e-05
1570,0.0,lbfgs,7270,773.4693520069122,,,,7.178730522461858e-05,2.0933321870982802e-07,0.0,8.221534291227041e-06,8.242467613098023e-05
1571,0.0,lbfgs,7271,773.8679056167603,,,,7.172621614108582e-05,2.093561192711527e-07,0.0,8.214733064952317e-06,8.235668676879432e-05
1572,0.0,lbfgs,7272,774.2138125896454,,,,7.160589669834519e-05,2.0920770626669933e-07,0.0,8.196580656194199e-06,8.217501426820869e-05
1573,0.0,lbfgs,7273,774.585930109024,,,,7.14877931164821e-05,2.0895147580502814e-07,0.0,8.172239800523757e-06,8.19313494810426e-05
1574,0.0,lbfgs,7274,775.2748332023621,,,,7.138821720415764e-05,2.08628741287652e-07,0.0,8.162080552309086e-06,8.182943426437852e-05
1575,0.0,lbfgs,7275,775.5681395530701,,,,7.12623089269897e-05,2.0790258574260568e-07,0.0,8.133271891578145e-06,8.154062150152405e-05
1576,0.0,lbfgs,7276,776.0040853023529,,,,7.11589796440902e-05,2.0743131584967125e-07,0.0,8.116274407255854e-06,8.137017538840823e-05
1577,0.0,lbfgs,7277,776.3949563503265,,,,7.105080567026608e-05,2.0734084542693925e-07,0.0,8.101529536505191e-06,8.122263621047885e-05
1578,0.0,lbfgs,7278,776.7810645103455,,,,7.097991376609488e-05,2.084904555072808e-07,0.0,8.10463580826934e-06,8.125484853820067e-05
1579,0.0,lbfgs,7279,777.2309358119965,,,,7.089642026507847e-05,2.0841877358030357e-07,0.0,8.093760718246066e-06,8.114602595604096e-05
1580,0.0,lbfgs,7280,777.6448185443878,,,,7.086746146364408e-05,2.082909492499106e-07,0.0,8.09171295576453e-06,8.112542050689522e-05
1581,0.0,lbfgs,7281,778.0267639160156,,,,7.080366617039777e-05,2.0786800701447888e-07,0.0,8.086327280039177e-06,8.107114080740625e-05
1582,0.0,lbfgs,7282,778.4436693191528,,,,7.07324651089201e-05,2.0726401605018639e-07,0.0,8.077984607035393e-06,8.098711008640412e-05
1583,0.0,lbfgs,7283,778.7965779304504,,,,7.061282321797693e-05,2.0576308034845619e-07,0.0,8.06727226257064e-06,8.087848570605485e-05
1584,0.0,lbfgs,7284,779.6886067390442,,,,7.056741899165754e-05,2.057048528592966e-07,0.0,8.058361230789758e-06,8.078931716075687e-05
1585,0.0,lbfgs,7285,780.103437423706,,,,7.049044356661814e-05,2.0502151826626824e-07,0.0,8.05532157242633e-06,8.075823724252958e-05
1586,0.0,lbfgs,7286,780.5517823696136,,,,7.0442933062563e-05,2.0465411106171792e-07,0.0,8.055211273214967e-06,8.075676684321138e-05
1587,0.0,lbfgs,7287,780.9139890670776,,,,7.040997123312097e-05,2.0453500743113752e-07,0.0,8.055741942609367e-06,8.07619544335248e-05
1588,0.0,lbfgs,7288,781.3354644775391,,,,7.036839881881161e-05,2.0458723193227244e-07,0.0,8.054714678067873e-06,8.0751734012611e-05
1589,0.0,lbfgs,7289,781.7616329193115,,,,7.031519777515977e-05,2.0447179194045564e-07,0.0,8.053945164292173e-06,8.074392343486218e-05
1590,0.0,lbfgs,7290,782.2208638191223,,,,7.027367576872965e-05,2.0453111000166542e-07,0.0,8.047857251613467e-06,8.068310362613633e-05
1591,0.0,lbfgs,7291,782.581437587738,,,,7.015620193278955e-05,2.047027229062204e-07,0.0,8.025081610186398e-06,8.04555188247702e-05
1592,0.0,lbfgs,7292,782.9922389984131,,,,7.006124072103049e-05,2.0586448598747004e-07,0.0,7.996269970227777e-06,8.016856418826525e-05
1593,0.0,lbfgs,7293,783.3635556697845,,,,6.994438379883487e-05,2.058099967088379e-07,0.0,7.966386791419771e-06,7.986967791090656e-05
1594,0.0,lbfgs,7294,783.7750644683838,,,,6.986956168711092e-05,2.057673586748272e-07,0.0,7.955119213218139e-06,7.975695949085622e-05
1595,0.0,lbfgs,7295,784.1373281478882,,,,6.979815533758001e-05,2.057775622580661e-07,0.0,7.94243437463486e-06,7.963012130860667e-05
1596,0.0,lbfgs,7296,784.8322720527649,,,,6.97698417796899e-05,2.058592666767149e-07,0.0,7.945319561650864e-06,7.965905488318536e-05
1597,0.0,lbfgs,7297,785.2007069587708,,,,6.971803036760509e-05,2.0569176327130817e-07,0.0,7.94134127715357e-06,7.9619104534807e-05
1598,0.0,lbfgs,7298,785.6100544929504,,,,6.959635085379689e-05,2.051838405058988e-07,0.0,7.935928236190062e-06,7.956446620240651e-05
1599,0.0,lbfgs,7299,786.0278487205505,,,,6.953603802568547e-05,2.0491031597599975e-07,0.0,7.932572553875452e-06,7.953063585473051e-05
1600,0.0,lbfgs,7300,786.461140871048,,,,6.944101886117276e-05,2.0427473116569354e-07,0.0,7.924139785391664e-06,7.944567258508232e-05
1601,0.0,lbfgs,7301,786.8802704811096,,,,6.937199968701006e-05,2.0306335361244744e-07,0.0,7.914355830092097e-06,7.934662165453341e-05
1602,0.0,lbfgs,7302,787.310272693634,,,,6.927978296929081e-05,2.030976369782891e-07,0.0,7.898333458058274e-06,7.918643221756104e-05
1603,0.0,lbfgs,7303,787.7189292907715,,,,6.920451736291303e-05,2.0315505386535353e-07,0.0,7.881593597290402e-06,7.901909102676937e-05
1604,0.0,lbfgs,7304,788.1008167266846,,,,6.913619134432025e-05,2.0310475251023872e-07,0.0,7.86959811031219e-06,7.889908585563214e-05
1605,0.0,lbfgs,7305,788.5262899398804,,,,6.897128356949002e-05,2.028290785762935e-07,0.0,7.845739625175386e-06,7.866022533033016e-05
1606,0.0,lbfgs,7306,789.24285364151,,,,6.893936474612794e-05,2.0297636675084482e-07,0.0,7.839932568177777e-06,7.860230204852861e-05
1607,0.0,lbfgs,7307,789.6371183395386,,,,6.886382407138259e-05,2.0280921523631633e-07,0.0,7.83326716978594e-06,7.853548091309572e-05
1608,0.0,lbfgs,7308,790.0711495876312,,,,6.879039404175418e-05,2.0268938039968467e-07,0.0,7.82408155957911e-06,7.844350497619078e-05
1609,0.0,lbfgs,7309,790.5180106163025,,,,6.87000717172412e-05,2.0231766222256181e-07,0.0,7.812853321237778e-06,7.833085087460034e-05
1610,0.0,lbfgs,7310,791.097571849823,,,,6.866008960044945e-05,2.030321995727218e-07,0.0,7.79936397228677e-06,7.819667192244041e-05
1611,0.0,lbfgs,7311,791.3926229476929,,,,6.858038143045497e-05,2.0224757733578128e-07,0.0,7.788998303621956e-06,7.809223061355534e-05
1612,0.0,lbfgs,7312,791.8466048240662,,,,6.850392940461611e-05,2.0164209384208285e-07,0.0,7.775634751612326e-06,7.795798960996534e-05
1613,0.0,lbfgs,7313,792.1812379360199,,,,6.845427349628152e-05,2.0134854296695107e-07,0.0,7.766310345213525e-06,7.78644519951022e-05
1614,0.0,lbfgs,7314,792.4973514080048,,,,6.83932114968342e-05,2.0124918625315125e-07,0.0,7.756677856962865e-06,7.776802775588181e-05
1615,0.0,lbfgs,7315,793.1797473430634,,,,6.837316926566539e-05,2.008102947414264e-07,0.0,7.756178687053135e-06,7.776259716527278e-05
1616,0.0,lbfgs,7316,793.5133512020111,,,,6.830548529879086e-05,2.0085658231586216e-07,0.0,7.747199848576433e-06,7.76728550680802e-05
1617,0.0,lbfgs,7317,793.864640712738,,,,6.826342685364151e-05,2.008157093319802e-07,0.0,7.743913669198439e-06,7.763995240131637e-05
1618,0.0,lbfgs,7318,794.2113790512085,,,,6.821940422329623e-05,2.0065664453709414e-07,0.0,7.741765456651552e-06,7.761831121105262e-05
1619,0.0,lbfgs,7319,794.5304725170135,,,,6.81674711986276e-05,2.0044470295208856e-07,0.0,7.73806309628097e-06,7.758107566576178e-05
1620,0.0,lbfgs,7320,794.8353381156921,,,,6.804373478401323e-05,1.999319013088937e-07,0.0,7.729353616298249e-06,7.749346806429138e-05
1621,0.0,lbfgs,7321,795.5134835243225,,,,6.799105631832872e-05,1.999775993787485e-07,0.0,7.718305920170396e-06,7.73830368010827e-05
1622,0.0,lbfgs,7322,795.7869811058044,,,,6.792065670893491e-05,1.9995280159581744e-07,0.0,7.714540793895567e-06,7.734536074055148e-05
1623,0.0,lbfgs,7323,796.1293573379517,,,,6.787339939491209e-05,2.0008834146930348e-07,0.0,7.710367073789768e-06,7.730375907936698e-05
1624,0.0,lbfgs,7324,796.4421973228455,,,,6.781668755050056e-05,2.0024155226268886e-07,0.0,7.704226832192186e-06,7.724250987418454e-05
1625,0.0,lbfgs,7325,796.7964968681335,,,,6.771487877861206e-05,2.0026334898892382e-07,0.0,7.69263061373821e-06,7.712656948637103e-05
1626,0.0,lbfgs,7326,797.4476273059845,,,,6.767164510790035e-05,2.00422287845912e-07,0.0,7.680866095418897e-06,7.700908324203488e-05
1627,0.0,lbfgs,7327,797.7743670940399,,,,6.759870119285085e-05,2.0029581453945887e-07,0.0,7.673387747138228e-06,7.693417328592174e-05
1628,0.0,lbfgs,7328,798.0573537349701,,,,6.751238890460454e-05,1.999740791312416e-07,0.0,7.66262338014926e-06,7.682620788062385e-05
1629,0.0,lbfgs,7329,798.4119474887848,,,,6.738471185164678e-05,1.9928499244210757e-07,0.0,7.64331108159509e-06,7.663239580839301e-05
1630,0.0,lbfgs,7330,798.6892421245575,,,,6.722430077459931e-05,1.9810560382987778e-07,0.0,7.6090079114909385e-06,7.628818471873926e-05
1631,0.0,lbfgs,7331,799.3596301078796,,,,6.715021124383882e-05,1.9752747901964106e-07,0.0,7.6026181261115345e-06,7.622370874013499e-05
1632,0.0,lbfgs,7332,799.7159669399261,,,,6.706904379333062e-05,1.9704339844094374e-07,0.0,7.591548499533518e-06,7.611252839377611e-05
1633,0.0,lbfgs,7333,800.1110513210297,,,,6.69728390314634e-05,1.9673710485621447e-07,0.0,7.5784809873070555e-06,7.598154697792678e-05
1634,0.0,lbfgs,7334,800.4894988536835,,,,6.689119137439073e-05,1.9672572359542285e-07,0.0,7.569178607470907e-06,7.588851179830448e-05
1635,0.0,lbfgs,7335,800.9061579704285,,,,6.672466993898083e-05,1.9702160639629871e-07,0.0,7.554667900952911e-06,7.574370061592542e-05
1636,0.0,lbfgs,7336,801.3601207733154,,,,6.660869605989124e-05,1.9759977767457437e-07,0.0,7.543287458664211e-06,7.563047436431669e-05
1637,0.0,lbfgs,7337,801.9249606132507,,,,6.653804990651527e-05,1.9721286334922222e-07,0.0,7.545140068123342e-06,7.564861354458263e-05
1638,0.0,lbfgs,7338,802.2987470626831,,,,6.646238579466203e-05,1.972216531877859e-07,0.0,7.540377739098183e-06,7.560099904416961e-05
1639,0.0,lbfgs,7339,802.6950163841248,,,,6.638626822691306e-05,1.9698197623768248e-07,0.0,7.537626935844315e-06,7.557325133468083e-05
1640,0.0,lbfgs,7340,803.1202349662781,,,,6.634665152062912e-05,1.966717736047447e-07,0.0,7.535654765596009e-06,7.555321942956482e-05
1641,0.0,lbfgs,7341,803.7911200523376,,,,6.632212431056472e-05,1.966415046957205e-07,0.0,7.5371769406980104e-06,7.556841091167581e-05
1642,0.0,lbfgs,7342,804.1846935749054,,,,6.626748578134543e-05,1.9606350542054705e-07,0.0,7.533332244173442e-06,7.552938594715497e-05
1643,0.0,lbfgs,7343,804.654280424118,,,,6.621697706806098e-05,1.9564754548514818e-07,0.0,7.5289934987588e-06,7.548558253307316e-05
1644,0.0,lbfgs,7344,805.0564658641815,,,,6.615413864148083e-05,1.9523435095974615e-07,0.0,7.523337468050494e-06,7.542860903146469e-05
1645,0.0,lbfgs,7345,805.393532037735,,,,6.610565818979876e-05,1.950013847973139e-07,0.0,7.517780349779931e-06,7.537280488259662e-05
1646,0.0,lbfgs,7346,805.649977684021,,,,6.60382111393327e-05,1.9468974970562447e-07,0.0,7.506240884238965e-06,7.525709859209528e-05
1647,0.0,lbfgs,7347,806.0648760795593,,,,6.594698865393321e-05,1.9400302450406542e-07,0.0,7.484028943956494e-06,7.5034292464069e-05
1648,0.0,lbfgs,7348,806.6856710910797,,,,6.591942046086257e-05,1.9404165541123225e-07,0.0,7.474091087351746e-06,7.49349525289287e-05
1649,0.0,lbfgs,7349,807.0944657325745,,,,6.585820275911327e-05,1.934578851864301e-07,0.0,7.4583078118855855e-06,7.477653600404229e-05
1650,0.0,lbfgs,7350,807.5679953098297,,,,6.580377174159791e-05,1.9290512197052456e-07,0.0,7.445637476274805e-06,7.464927988471857e-05
1651,0.0,lbfgs,7351,807.9910969734192,,,,6.57539731623218e-05,1.9244330396488637e-07,0.0,7.437702719604994e-06,7.456947050001483e-05
1652,0.0,lbfgs,7352,808.4227087497711,,,,6.57000816281116e-05,1.9205275781193074e-07,0.0,7.429148784203981e-06,7.448354059985173e-05
1653,0.0,lbfgs,7353,809.1576480865479,,,,6.567039733408386e-05,1.917392142181962e-07,0.0,7.428999117007984e-06,7.448173038429804e-05
1654,0.0,lbfgs,7354,809.6430950164795,,,,6.561043012689293e-05,1.9151058076069865e-07,0.0,7.4234041754824636e-06,7.442555233558533e-05
1655,0.0,lbfgs,7355,810.0531165599823,,,,6.54926755589904e-05,1.9123839044411843e-07,0.0,7.416217219912584e-06,7.435341058956996e-05
1656,0.0,lbfgs,7356,810.4836263656616,,,,6.541213814717857e-05,1.9122759779689973e-07,0.0,7.410399695294051e-06,7.429522455073741e-05
1657,0.0,lbfgs,7357,810.9216527938843,,,,6.532430122344553e-05,1.9136700854984244e-07,0.0,7.39979964784623e-06,7.418936348701214e-05
1658,0.0,lbfgs,7358,811.3269934654236,,,,6.521544832327151e-05,1.9144837669962142e-07,0.0,7.38130312432028e-06,7.400447961990242e-05
1659,0.0,lbfgs,7359,811.7399368286133,,,,6.505115839268452e-05,1.9087686138643427e-07,0.0,7.360097476302266e-06,7.37918516244091e-05
1660,0.0,lbfgs,7360,812.4077548980713,,,,6.495972737964957e-05,1.90116637599178e-07,0.0,7.340752545478464e-06,7.359764209238381e-05
1661,0.0,lbfgs,7361,812.6937408447266,,,,6.486579628016223e-05,1.8904624412132256e-07,0.0,7.331954143603174e-06,7.350858768015306e-05
1662,0.0,lbfgs,7362,813.3005254268646,,,,6.483573182657246e-05,1.8907736197308215e-07,0.0,7.325899280495634e-06,7.344807016692941e-05
1663,0.0,lbfgs,7363,813.7230916023254,,,,6.480496644029776e-05,1.8860494129625481e-07,0.0,7.324547382174559e-06,7.343407876304184e-05
1664,0.0,lbfgs,7364,814.1043395996094,,,,6.475644154281909e-05,1.881768711249751e-07,0.0,7.320983934275202e-06,7.339801621387699e-05
1665,0.0,lbfgs,7365,814.454607963562,,,,6.466033010625323e-05,1.8758280941880661e-07,0.0,7.31073306640024e-06,7.32949134734212e-05
1666,0.0,lbfgs,7366,814.8271436691284,,,,6.45593532049118e-05,1.8712279005490339e-07,0.0,7.300441145298502e-06,7.319153424303993e-05
1667,0.0,lbfgs,7367,815.5394670963287,,,,6.453784692609738e-05,1.8745335294274358e-07,0.0,7.296414713000984e-06,7.315160048295258e-05
1668,0.0,lbfgs,7368,815.9848625659943,,,,6.445962537279863e-05,1.8724938105611047e-07,0.0,7.287294749177507e-06,7.306019687283117e-05
1669,0.0,lbfgs,7369,816.4226353168488,,,,6.441621227155954e-05,1.8715672891744815e-07,0.0,7.280891032520708e-06,7.299606705412453e-05
1670,0.0,lbfgs,7370,816.8320300579071,,,,6.435998825787552e-05,1.8707799704265244e-07,0.0,7.272133842268399e-06,7.290841641972665e-05
1671,0.0,lbfgs,7371,817.1814107894897,,,,6.430246833371343e-05,1.870005049535733e-07,0.0,7.263346858060449e-06,7.282046908555806e-05
1672,0.0,lbfgs,7372,817.53111743927,,,,6.420932759056822e-05,1.8683099443263983e-07,0.0,7.250204777365347e-06,7.268887876808611e-05
1673,0.0,lbfgs,7373,817.909334897995,,,,6.415915625042673e-05,1.8740524735433328e-07,0.0,7.230066362471258e-06,7.24880688720669e-05
1674,0.0,lbfgs,7374,818.3228902816772,,,,6.407041305961612e-05,1.8683049053436446e-07,0.0,7.226880061959501e-06,7.245563111012938e-05
1675,0.0,lbfgs,7375,818.7743439674377,,,,6.402629023351498e-05,1.865625340945331e-07,0.0,7.224064256223586e-06,7.24272050963304e-05
1676,0.0,lbfgs,7376,819.1239078044891,,,,6.397873967135932e-05,1.8628840664239828e-07,0.0,7.217811495963658e-06,7.236440336627898e-05
1677,0.0,lbfgs,7377,819.4820263385773,,,,6.389239314737263e-05,1.8578877409575564e-07,0.0,7.205591110241371e-06,7.224169987650946e-05
1678,0.0,lbfgs,7378,820.2037472724915,,,,6.385170138345702e-05,1.8523004992617075e-07,0.0,7.2053001997676065e-06,7.223823204760224e-05
1679,0.0,lbfgs,7379,820.4646596908569,,,,6.376040442360597e-05,1.8475306846561303e-07,0.0,7.192243846714433e-06,7.210719153560994e-05
1680,0.0,lbfgs,7380,820.838294506073,,,,6.368097450261771e-05,1.8426176570053239e-07,0.0,7.18335691165406e-06,7.201783088224113e-05
1681,0.0,lbfgs,7381,821.1984541416168,,,,6.359815708402897e-05,1.8373377419663e-07,0.0,7.177151670946551e-06,7.195525048366214e-05
1682,0.0,lbfgs,7382,821.5488927364349,,,,6.349568836664835e-05,1.8321146287717686e-07,0.0,7.173929230682627e-06,7.192250376970345e-05
1683,0.0,lbfgs,7383,821.9651906490326,,,,6.346580389099612e-05,1.8218334193188794e-07,0.0,7.174501627417561e-06,7.19271996161075e-05
1684,0.0,lbfgs,7384,822.4131088256836,,,,6.33462932358936e-05,1.823177371987412e-07,0.0,7.163138467202384e-06,7.181370240922258e-05
1685,0.0,lbfgs,7385,822.8498542308807,,,,6.32966528626035e-05,1.823377697957338e-07,0.0,7.1563271329608735e-06,7.174560909940446e-05
1686,0.0,lbfgs,7386,823.2195839881897,,,,6.323809830456802e-05,1.8225276217831734e-07,0.0,7.145604494746913e-06,7.163829770964744e-05
1687,0.0,lbfgs,7387,823.603627204895,,,,6.31521949211986e-05,1.8225696075498204e-07,0.0,7.131083461293875e-06,7.149309157369372e-05
1688,0.0,lbfgs,7388,824.041214466095,,,,6.303362492512484e-05,1.8216345478755977e-07,0.0,7.115011418932883e-06,7.13322776441164e-05
1689,0.0,lbfgs,7389,824.4488327503204,,,,6.29619462084215e-05,1.8212894975856025e-07,0.0,7.100807749280172e-06,7.119020644256029e-05
1690,0.0,lbfgs,7390,824.772266626358,,,,6.287318346751025e-05,1.817495179298045e-07,0.0,7.089686279364508e-06,7.107861231157488e-05
1691,0.0,lbfgs,7391,825.1378402709961,,,,6.27944786580587e-05,1.8118529307252804e-07,0.0,7.083636607920923e-06,7.101755137228175e-05
1692,0.0,lbfgs,7392,825.4961197376251,,,,6.261689463471382e-05,1.8043050073294488e-07,0.0,7.0829822592335955e-06,7.101025309306891e-05
1693,0.0,lbfgs,7393,825.890951871872,,,,6.255312103332683e-05,1.7983232590978465e-07,0.0,7.066126169238825e-06,7.084109401829804e-05
1694,0.0,lbfgs,7394,826.2760775089264,,,,6.246543585272168e-05,1.800267491011539e-07,0.0,7.055991928783362e-06,7.073994603693477e-05
1695,0.0,lbfgs,7395,826.5388250350952,,,,6.244282148116514e-05,1.802131848775357e-07,0.0,7.051572981037129e-06,7.069594299524882e-05
1696,0.0,lbfgs,7396,826.8570241928101,,,,6.240046009497141e-05,1.8052747885106186e-07,0.0,7.0418587968796855e-06,7.059911544764791e-05
1697,0.0,lbfgs,7397,827.277841091156,,,,6.234448870068415e-05,1.8066967532307383e-07,0.0,7.03057931377926e-06,7.048646281311567e-05
1698,0.0,lbfgs,7398,827.6379964351654,,,,6.224019916117125e-05,1.808533518493637e-07,0.0,7.014833487995744e-06,7.03291882318068e-05
1699,0.0,lbfgs,7399,828.227258682251,,,,6.221970599007064e-05,1.808975925476081e-07,0.0,7.018758228345906e-06,7.036847987600668e-05
1700,0.0,lbfgs,7400,828.5329139232635,,,,6.216916763086316e-05,1.8083638550630263e-07,0.0,7.019181298345127e-06,7.037264936895758e-05
1701,0.0,lbfgs,7401,828.926774263382,,,,6.209633262320426e-05,1.8101385838206755e-07,0.0,7.023980922614985e-06,7.042082308453192e-05
1702,0.0,lbfgs,7402,829.3671300411224,,,,6.201915968264981e-05,1.807091322975072e-07,0.0,7.026323529048747e-06,7.044394442278497e-05
1703,0.0,lbfgs,7403,829.7529942989349,,,,6.194207837244591e-05,1.8069269250449612e-07,0.0,7.032151701047876e-06,7.050220970298326e-05
1704,0.0,lbfgs,7404,830.1565456390381,,,,6.187126428871138e-05,1.801267035414123e-07,0.0,7.023508130125573e-06,7.041520800479715e-05
1705,0.0,lbfgs,7405,830.8468523025513,,,,6.184379466704878e-05,1.8005680955499606e-07,0.0,7.0163024540416205e-06,7.034308134997121e-05
1706,0.0,lbfgs,7406,831.2792999744415,,,,6.181342928432819e-05,1.7968977125779872e-07,0.0,7.005818933846643e-06,7.023787910972422e-05
1707,0.0,lbfgs,7407,831.6004905700684,,,,6.177705813380608e-05,1.793882757430181e-07,0.0,6.9958604128973266e-06,7.013799240471629e-05
1708,0.0,lbfgs,7408,831.9825479984283,,,,6.171289169333535e-05,1.789457680873681e-07,0.0,6.981910066755222e-06,6.999804643563958e-05
1709,0.0,lbfgs,7409,832.3838777542114,,,,6.165116406272846e-05,1.7869825029593154e-07,0.0,6.974202984049477e-06,6.99207280907907e-05
1710,0.0,lbfgs,7410,832.7808890342712,,,,6.152832721775361e-05,1.785628979179184e-07,0.0,6.96146199491348e-06,6.979318284705273e-05
1711,0.0,lbfgs,7411,833.5017518997192,,,,6.146391966165616e-05,1.7898590436730655e-07,0.0,6.9643262963089325e-06,6.982224886745664e-05
1712,0.0,lbfgs,7412,833.7599840164185,,,,6.134152909819141e-05,1.7908876067578155e-07,0.0,6.955805587921027e-06,6.973714463988605e-05
1713,0.0,lbfgs,7413,834.1108231544495,,,,6.128746185525307e-05,1.7923694033792194e-07,0.0,6.95852710228756e-06,6.976450796321353e-05
1714,0.0,lbfgs,7414,834.384085893631,,,,6.123980190311447e-05,1.7958577177814913e-07,0.0,6.957131317657817e-06,6.975089894835632e-05
1715,0.0,lbfgs,7415,834.7584817409515,,,,6.119778443434162e-05,1.7970051793604721e-07,0.0,6.954698734301732e-06,6.972668786095337e-05
1716,0.0,lbfgs,7416,835.1222133636475,,,,6.111339302331937e-05,1.7994962187508008e-07,0.0,6.947839683232059e-06,6.965834645419567e-05
1717,0.0,lbfgs,7417,835.4516634941101,,,,6.101793096517592e-05,1.7962830170463478e-07,0.0,6.94294080459964e-06,6.960903634770104e-05
1718,0.0,lbfgs,7418,835.8028564453125,,,,6.090904757404003e-05,1.7872060412865914e-07,0.0,6.935505240646393e-06,6.95337730105926e-05
1719,0.0,lbfgs,7419,836.1733245849609,,,,6.085763355603521e-05,1.7888134201005663e-07,0.0,6.929948002951042e-06,6.947836137152048e-05
1720,0.0,lbfgs,7420,836.5278890132904,,,,6.077673063845136e-05,1.7844776806688076e-07,0.0,6.920830266294186e-06,6.938675043100875e-05
1721,0.0,lbfgs,7421,836.8824291229248,,,,6.074955369623451e-05,1.782992581178594e-07,0.0,6.9168605448797265e-06,6.934690470691513e-05
1722,0.0,lbfgs,7422,837.3054511547089,,,,6.070502881558678e-05,1.780726909357031e-07,0.0,6.911629971942084e-06,6.929437241035654e-05
1723,0.0,lbfgs,7423,837.6876275539398,,,,6.062463996471014e-05,1.7772190977610492e-07,0.0,6.904491074318811e-06,6.922263265296422e-05
1724,0.0,lbfgs,7424,838.0975217819214,,,,6.050882452204565e-05,1.7728088998479127e-07,0.0,6.894599619722101e-06,6.912327708720581e-05
1725,0.0,lbfgs,7425,838.4987058639526,,,,6.048085562724209e-05,1.7720866281378182e-07,0.0,6.902090072408731e-06,6.919810938690108e-05
1726,0.0,lbfgs,7426,838.8367321491241,,,,6.037474332975787e-05,1.7693252674697e-07,0.0,6.889518556015208e-06,6.907211808689906e-05
1727,0.0,lbfgs,7427,839.2310554981232,,,,6.0332197650714695e-05,1.76776992123377e-07,0.0,6.8804650764398485e-06,6.898142775652185e-05
1728,0.0,lbfgs,7428,839.5731241703033,,,,6.030021829229e-05,1.7668346277116739e-07,0.0,6.878537307995107e-06,6.896205654272224e-05
1729,0.0,lbfgs,7429,839.9534034729004,,,,6.02449221098717e-05,1.7652513273306326e-07,0.0,6.877537610091577e-06,6.895190123364884e-05
1730,0.0,lbfgs,7430,840.3238959312439,,,,6.023221826262827e-05,1.7685677162025676e-07,0.0,6.87493937766014e-06,6.892625054822165e-05
1731,0.0,lbfgs,7431,840.704422712326,,,,6.0198409948042345e-05,1.7661248413785938e-07,0.0,6.8735092103761916e-06,6.891170458789978e-05
1732,0.0,lbfgs,7432,841.1346716880798,,,,6.0171997703327503e-05,1.765042906865937e-07,0.0,6.872110689785075e-06,6.889761118853735e-05
1733,0.0,lbfgs,7433,841.5828387737274,,,,6.01479923848114e-05,1.7649505657073764e-07,0.0,6.8709686671296595e-06,6.888618172786732e-05
1734,0.0,lbfgs,7434,841.9912662506104,,,,6.010770055027286e-05,1.7654514527799975e-07,0.0,6.868544213162249e-06,6.88619872769005e-05
1735,0.0,lbfgs,7435,842.4223403930664,,,,6.0024181027971306e-05,1.764368817035493e-07,0.0,6.858953024943508e-06,6.876596713113863e-05
1736,0.0,lbfgs,7436,843.0680837631226,,,,6.000014667635131e-05,1.7670642790784158e-07,0.0,6.858219704591805e-06,6.875890347382589e-05
1737,0.0,lbfgs,7437,843.4058682918549,,,,5.993424720565022e-05,1.7666064042594226e-07,0.0,6.849583476682981e-06,6.867249540725576e-05
1738,0.0,lbfgs,7438,843.6897878646851,,,,5.98928527631391e-05,1.7663580268949897e-07,0.0,6.844294227939752e-06,6.861957808208702e-05
1739,0.0,lbfgs,7439,843.9933578968048,,,,5.9847133181613996e-05,1.764792708012104e-07,0.0,6.838986947563557e-06,6.856634874643678e-05
1740,0.0,lbfgs,7440,844.5294358730316,,,,5.9783751756716746e-05,1.7610135959339007e-07,0.0,6.834545368032602e-06,6.852155503991941e-05
1741,0.0,lbfgs,7441,844.8930902481079,,,,5.973880059292138e-05,1.7536052338942832e-07,0.0,6.841104594481928e-06,6.858640646820871e-05
1742,0.0,lbfgs,7442,845.2200138568878,,,,5.9650782431594334e-05,1.7514671518134414e-07,0.0,6.836418168202995e-06,6.85393283972113e-05
1743,0.0,lbfgs,7443,845.5510807037354,,,,5.961221618606372e-05,1.7509968460024515e-07,0.0,6.837653516464315e-06,6.85516348492434e-05
1744,0.0,lbfgs,7444,845.8651337623596,,,,5.956237561681952e-05,1.7495792999082767e-07,0.0,6.8437920701781775e-06,6.86128786317726e-05
1745,0.0,lbfgs,7445,846.5330789089203,,,,5.9542718701438965e-05,1.7513298961511302e-07,0.0,6.847105825288753e-06,6.864619124250263e-05
1746,0.0,lbfgs,7446,846.9529311656952,,,,5.952524189099411e-05,1.7504277196227205e-07,0.0,6.847653826593298e-06,6.865158103789525e-05
1747,0.0,lbfgs,7447,847.3044605255127,,,,5.9476746451809914e-05,1.7476790911327928e-07,0.0,6.848119156565121e-06,6.865595947476449e-05
1748,0.0,lbfgs,7448,847.6882207393646,,,,5.9420890413764344e-05,1.7455772162443993e-07,0.0,6.845922495928084e-06,6.863378268090528e-05
1749,0.0,lbfgs,7449,848.0936150550842,,,,5.934650499013889e-05,1.7449593030232407e-07,0.0,6.839263941249148e-06,6.85671353427938e-05
1750,0.0,lbfgs,7450,848.4872581958771,,,,5.9220877432187656e-05,1.7460266572317311e-07,0.0,6.822263201236911e-06,6.839723467809227e-05
1751,0.0,lbfgs,7451,849.0596106052399,,,,5.916650109206404e-05,1.7468712194388047e-07,0.0,6.825851967941268e-06,6.843320680135657e-05
1752,0.0,lbfgs,7452,849.4448103904724,,,,5.907728359055036e-05,1.7496960552716901e-07,0.0,6.809509551528394e-06,6.82700651208111e-05
1753,0.0,lbfgs,7453,849.7338597774506,,,,5.9026626486606855e-05,1.7511451224364479e-07,0.0,6.801158849662009e-06,6.818670300886374e-05
1754,0.0,lbfgs,7454,850.0680108070374,,,,5.896618068700986e-05,1.7512689350316792e-07,0.0,6.79831541603069e-06,6.815828105381007e-05
1755,0.0,lbfgs,7455,850.3801062107086,,,,5.88536311516818e-05,1.748125597680103e-07,0.0,6.795031689101464e-06,6.812512945078264e-05
1756,0.0,lbfgs,7456,851.0248594284058,,,,5.87958506937325e-05,1.748160384779183e-07,0.0,6.806650886475875e-06,6.824132490323668e-05
1757,0.0,lbfgs,7457,851.4473314285278,,,,5.871738623515847e-05,1.7410617225776083e-07,0.0,6.807165106151781e-06,6.824575723377556e-05
1758,0.0,lbfgs,7458,851.7436017990112,,,,5.8683043786865105e-05,1.734651559766857e-07,0.0,6.804942028548601e-06,6.822288544146269e-05
1759,0.0,lbfgs,7459,852.0408067703247,,,,5.8656789536784945e-05,1.7337816691463398e-07,0.0,6.80222128795874e-06,6.819559104650204e-05
1760,0.0,lbfgs,7460,852.3254013061523,,,,5.861919449612225e-05,1.7319807374812958e-07,0.0,6.795970253076011e-06,6.813290060450824e-05
1761,0.0,lbfgs,7461,852.7041742801666,,,,5.8584879453122055e-05,1.729631314335242e-07,0.0,6.789143824634953e-06,6.806440137778305e-05
1762,0.0,lbfgs,7462,853.0720753669739,,,,5.8536675072714604e-05,1.7262951192851223e-07,0.0,6.781406364168431e-06,6.798669315361282e-05
1763,0.0,lbfgs,7463,853.4454336166382,,,,5.848378175541374e-05,1.720432266486917e-07,0.0,6.773282666812883e-06,6.790486989477751e-05
1764,0.0,lbfgs,7464,854.1411638259888,,,,5.8450994395341715e-05,1.722217858973419e-07,0.0,6.779953551671644e-06,6.797175730261378e-05
1765,0.0,lbfgs,7465,854.5181500911713,,,,5.840592685134813e-05,1.720296658798205e-07,0.0,6.774578610025101e-06,6.791781576613083e-05
1766,0.0,lbfgs,7466,854.892853975296,,,,5.8370629656931526e-05,1.7185752497696722e-07,0.0,6.775284364159969e-06,6.792470116657666e-05
1767,0.0,lbfgs,7467,855.1705543994904,,,,5.8337338159705106e-05,1.7174064374188458e-07,0.0,6.7760126712989085e-06,6.793186735673098e-05
1768,0.0,lbfgs,7468,855.5059328079224,,,,5.8274342490453205e-05,1.7157993350425248e-07,0.0,6.770788076487364e-06,6.787946069837789e-05
1769,0.0,lbfgs,7469,855.849814414978,,,,5.818896046058439e-05,1.7113147223761325e-07,0.0,6.75860382968157e-06,6.775716976905333e-05
1770,0.0,lbfgs,7470,856.2545900344849,,,,5.815871336565403e-05,1.7165630841157568e-07,0.0,6.7458032718478296e-06,6.762968902688986e-05
1771,0.0,lbfgs,7471,856.6186754703522,,,,5.80905840569667e-05,1.7145915625723378e-07,0.0,6.737128811745513e-06,6.754274727371236e-05
1772,0.0,lbfgs,7472,857.0203533172607,,,,5.805740686260771e-05,1.7151916111487608e-07,0.0,6.7293773846235344e-06,6.746529300735023e-05
1773,0.0,lbfgs,7473,857.4474289417267,,,,5.802818047523388e-05,1.7161025338141913e-07,0.0,6.721893075731734e-06,6.739054101069877e-05
1774,0.0,lbfgs,7474,857.8739216327667,,,,5.7979975996033106e-05,1.7166353722397442e-07,0.0,6.712304733329346e-06,6.729471087051744e-05
1775,0.0,lbfgs,7475,858.2524724006653,,,,5.792129302290772e-05,1.7109437104935182e-07,0.0,6.715227502906439e-06,6.732336940011375e-05
1776,0.0,lbfgs,7476,858.6494286060333,,,,5.78419715493102e-05,1.7111566951817828e-07,0.0,6.7052560392104134e-06,6.722367606162231e-05
1777,0.0,lbfgs,7477,859.0565268993378,,,,5.7811137695101475e-05,1.7076764902324926e-07,0.0,6.706330131476947e-06,6.723406896379273e-05
1778,0.0,lbfgs,7478,859.4220149517059,,,,5.777637971015237e-05,1.7028820573691226e-07,0.0,6.708868595422457e-06,6.725897415996148e-05
1779,0.0,lbfgs,7479,859.7494287490845,,,,5.773609542054945e-05,1.6990045318461777e-07,0.0,6.708355923263964e-06,6.725345968582426e-05
1780,0.0,lbfgs,7480,860.0788872241974,,,,5.768727277226208e-05,1.6977814229488826e-07,0.0,6.705075270167425e-06,6.722053084396915e-05
1781,0.0,lbfgs,7481,860.3799488544464,,,,5.7619857063534874e-05,1.690026460665193e-07,0.0,6.699253634086318e-06,6.71615389869297e-05
1782,0.0,lbfgs,7482,860.7089562416077,,,,5.75716034578519e-05,1.6916080127833877e-07,0.0,6.689442834190871e-06,6.706358914318705e-05
1783,0.0,lbfgs,7483,861.1262950897217,,,,5.750520371516271e-05,1.6955548807803157e-07,0.0,6.672552839134845e-06,6.689508387942648e-05
1784,0.0,lbfgs,7484,861.4429030418396,,,,5.747404822725894e-05,1.695114866406974e-07,0.0,6.668508919405844e-06,6.685460068069913e-05
1785,0.0,lbfgs,7485,861.7795855998993,,,,5.742564547050328e-05,1.6968001632296384e-07,0.0,6.6584086881837645e-06,6.67537668981606e-05
1786,0.0,lbfgs,7486,862.0885343551636,,,,5.737505964775376e-05,1.6920451061796875e-07,0.0,6.655315596027717e-06,6.672236047089515e-05
1787,0.0,lbfgs,7487,862.4649968147278,,,,5.730194185713571e-05,1.6829917035503717e-07,0.0,6.6511838141006715e-06,6.668013731136175e-05
1788,0.0,lbfgs,7488,862.7179653644562,,,,5.7245410109790926e-05,1.6777018695578993e-07,0.0,6.645241276675612e-06,6.662018295371191e-05
1789,0.0,lbfgs,7489,863.1399254798889,,,,5.715443711213356e-05,1.6733031408091126e-07,0.0,6.632508937687728e-06,6.649241969095819e-05
1790,0.0,lbfgs,7490,863.7278928756714,,,,5.7133495562133765e-05,1.6728965420739178e-07,0.0,6.625395829042688e-06,6.642124794463427e-05
1791,0.0,lbfgs,7491,864.0764107704163,,,,5.709343261280603e-05,1.6734711314842784e-07,0.0,6.617308340509445e-06,6.634043051824289e-05
1792,0.0,lbfgs,7492,864.4216969013214,,,,5.7073607556837075e-05,1.67479039967112e-07,0.0,6.612016538518231e-06,6.628764442514943e-05
1793,0.0,lbfgs,7493,864.8125274181366,,,,5.705404514657247e-05,1.6754058099520452e-07,0.0,6.6070401105625184e-06,6.62379416866204e-05
1794,0.0,lbfgs,7494,865.2372863292694,,,,5.701319505600685e-05,1.6740418424440137e-07,0.0,6.597587862216776e-06,6.614328280641215e-05
1795,0.0,lbfgs,7495,865.6363210678101,,,,5.6965340558160056e-05,1.6709361500359516e-07,0.0,6.580949755702595e-06,6.597659117202955e-05
1796,0.0,lbfgs,7496,866.2419421672821,,,,5.694343014000567e-05,1.6689696864731878e-07,0.0,6.57988135381436e-06,6.596571050679092e-05
1797,0.0,lbfgs,7497,866.5968058109283,,,,5.691682648562083e-05,1.6661482957828986e-07,0.0,6.577073930067168e-06,6.593735413024997e-05
1798,0.0,lbfgs,7498,867.0538096427917,,,,5.688427509090206e-05,1.6602087985161626e-07,0.0,6.572887347410553e-06,6.589489435395713e-05
1799,0.0,lbfgs,7499,867.3771748542786,,,,5.687340777640592e-05,1.6585625594368653e-07,0.0,6.570976143767618e-06,6.587561769361986e-05
1800,0.0,lbfgs,7500,867.7057254314423,,,,5.683201939280256e-05,1.6537445991462372e-07,0.0,6.562999697620383e-06,6.579537143611845e-05
1801,0.0,lbfgs,7501,868.0956056118011,,,,5.679611817117042e-05,1.6518401884783855e-07,0.0,6.556433597762314e-06,6.572951999647098e-05
1802,0.0,lbfgs,7502,868.4890041351318,,,,5.675724510273981e-05,1.6546312513995208e-07,0.0,6.541784268949366e-06,6.558330581463361e-05
1803,0.0,lbfgs,7503,868.8650166988373,,,,5.6698053724797104e-05,1.6527820215016877e-07,0.0,6.53151076021829e-06,6.548038580433306e-05
1804,0.0,lbfgs,7504,869.2436468601227,,,,5.666141898797005e-05,1.6534822691629526e-07,0.0,6.531178056778042e-06,6.547712879469672e-05
1805,0.0,lbfgs,7505,869.6063923835754,,,,5.662341382600621e-05,1.6546998958950073e-07,0.0,6.527535863756701e-06,6.544082862715651e-05
1806,0.0,lbfgs,7506,869.9297885894775,,,,5.655943837932289e-05,1.6524614548786717e-07,0.0,6.5268731471336044e-06,6.543397761682391e-05
1807,0.0,lbfgs,7507,870.2843616008759,,,,5.6474396225391075e-05,1.6494155492638878e-07,0.0,6.519643263777044e-06,6.536137419269682e-05
1808,0.0,lbfgs,7508,870.6489899158478,,,,5.641887697224532e-05,1.6443552944000658e-07,0.0,6.518728232755117e-06,6.535171785699118e-05
1809,0.0,lbfgs,7509,871.0353808403015,,,,5.6369140215065655e-05,1.640052529497609e-07,0.0,6.5091396378539335e-06,6.525540163148909e-05
1810,0.0,lbfgs,7510,871.4336116313934,,,,5.632561049769909e-05,1.6369317800397687e-07,0.0,6.502420209706581e-06,6.518789527506979e-05
1811,0.0,lbfgs,7511,871.7799797058105,,,,5.628726748952376e-05,1.643333355422195e-07,0.0,6.4956277866747455e-06,6.512061120228967e-05
1812,0.0,lbfgs,7512,872.1343069076538,,,,5.626572632081581e-05,1.6411384886213474e-07,0.0,6.493675022279662e-06,6.510086407165876e-05
1813,0.0,lbfgs,7513,872.4793827533722,,,,5.623567695860094e-05,1.638581501931024e-07,0.0,6.490352051858725e-06,6.506737866878034e-05
1814,0.0,lbfgs,7514,872.8427166938782,,,,5.620076026041047e-05,1.6352790651198839e-07,0.0,6.485563474190787e-06,6.501916264841986e-05
1815,0.0,lbfgs,7515,873.2501411437988,,,,5.6136795669864555e-05,1.6287049869100208e-07,0.0,6.476110714161161e-06,6.49239776403026e-05
1816,0.0,lbfgs,7516,873.6982538700104,,,,5.6083451745393004e-05,1.6248712210562812e-07,0.0,6.47553524855826e-06,6.491783960768823e-05
1817,0.0,lbfgs,7517,874.1146392822266,,,,5.603147513908481e-05,1.6166368593590632e-07,0.0,6.463787044719897e-06,6.479953413313489e-05
1818,0.0,lbfgs,7518,874.4419708251953,,,,5.599688131749374e-05,1.6171156167039382e-07,0.0,6.4623228485336424e-06,6.478494004700683e-05
1819,0.0,lbfgs,7519,874.8177783489227,,,,5.59573050277973e-05,1.6177937773777713e-07,0.0,6.459952261663254e-06,6.476130199437032e-05
1820,0.0,lbfgs,7520,875.0691289901733,,,,5.592966411638659e-05,1.617232839157948e-07,0.0,6.456747470671313e-06,6.472919799062893e-05
1821,0.0,lbfgs,7521,875.4160070419312,,,,5.585528201018849e-05,1.61300625315631e-07,0.0,6.4445181503761215e-06,6.460648212907684e-05
1822,0.0,lbfgs,7522,876.0594184398651,,,,5.582567961485657e-05,1.616716465446953e-07,0.0,6.435402674280556e-06,6.451569838935026e-05
1823,0.0,lbfgs,7523,876.4717221260071,,,,5.575855478856965e-05,1.6083644484028452e-07,0.0,6.42279970714101e-06,6.438883351625039e-05
1824,0.0,lbfgs,7524,876.8424878120422,,,,5.5706746247725355e-05,1.602582827600502e-07,0.0,6.411970011810288e-06,6.427995840086293e-05
1825,0.0,lbfgs,7525,877.237330198288,,,,5.5655049728200305e-05,1.597804707760298e-07,0.0,6.401996789435564e-06,6.417974836513166e-05
1826,0.0,lbfgs,7526,877.6067700386047,,,,5.559911544096899e-05,1.5944854963137282e-07,0.0,6.394582248918909e-06,6.410527103882047e-05
1827,0.0,lbfgs,7527,877.99609375,,,,5.5481134868599666e-05,1.59017785150306e-07,0.0,6.384393320598661e-06,6.400295099113691e-05
1828,0.0,lbfgs,7528,878.8138680458069,,,,5.546317627904806e-05,1.5873660787667701e-07,0.0,6.384143285899244e-06,6.400016946686911e-05
1829,0.0,lbfgs,7529,879.2517461776733,,,,5.538156591191343e-05,1.5867549525178174e-07,0.0,6.3823593669923316e-06,6.39822691651751e-05
1830,0.0,lbfgs,7530,879.6469180583954,,,,5.532033467538853e-05,1.5855264978046225e-07,0.0,6.380365071489579e-06,6.396220336467625e-05
1831,0.0,lbfgs,7531,880.0014457702637,,,,5.5235567749310214e-05,1.58237605973285e-07,0.0,6.374702050903679e-06,6.390525811501007e-05
1832,0.0,lbfgs,7532,880.6213455200195,,,,5.520435769115779e-05,1.580005485153401e-07,0.0,6.372472496802122e-06,6.388272551653656e-05
1833,0.0,lbfgs,7533,880.9939429759979,,,,5.514948126064598e-05,1.575969341777491e-07,0.0,6.362240998803238e-06,6.378000692221012e-05
1834,0.0,lbfgs,7534,881.4307758808136,,,,5.50766314217494e-05,1.56986931671204e-07,0.0,6.342690754898997e-06,6.358389448066119e-05
1835,0.0,lbfgs,7535,881.8388240337372,,,,5.500755043835326e-05,1.5650293695707387e-07,0.0,6.322276157472789e-06,6.337926451168495e-05
1836,0.0,lbfgs,7536,882.2736191749573,,,,5.4910539932841846e-05,1.558648291619536e-07,0.0,6.291426784696153e-06,6.307013267612348e-05
1837,0.0,lbfgs,7537,882.6886138916016,,,,5.481863892326086e-05,1.5541716554339738e-07,0.0,6.265138310736741e-06,6.280680027291081e-05
1838,0.0,lbfgs,7538,883.040887594223,,,,5.474251300583371e-05,1.554431995368301e-07,0.0,6.2609062249664716e-06,6.276450544920155e-05
1839,0.0,lbfgs,7539,883.407800912857,,,,5.465697166529784e-05,1.5555436494364223e-07,0.0,6.25728766447214e-06,6.272843100966504e-05
1840,0.0,lbfgs,7540,883.7662258148193,,,,5.457580258091144e-05,1.5560915563952023e-07,0.0,6.251400417971717e-06,6.26696133353567e-05
1841,0.0,lbfgs,7541,884.0705399513245,,,,5.455084818021314e-05,1.551275599264987e-07,0.0,6.269117449778498e-06,6.284630205771149e-05
1842,0.0,lbfgs,7542,884.4877514839172,,,,5.443274532457046e-05,1.5500775018919564e-07,0.0,6.2423637477470505e-06,6.25786452276597e-05
1843,0.0,lbfgs,7543,884.9221186637878,,,,5.440126049642339e-05,1.547007761854926e-07,0.0,6.236250928346934e-06,6.251721005965484e-05
1844,0.0,lbfgs,7544,885.3486456871033,,,,5.435228370312364e-05,1.5420370122453006e-07,0.0,6.2285544218266725e-06,6.243974791949126e-05
1845,0.0,lbfgs,7545,885.7591512203217,,,,5.4293519473158333e-05,1.5382590269326423e-07,0.0,6.219530906357624e-06,6.23491349662695e-05
1846,0.0,lbfgs,7546,886.1878638267517,,,,5.42175076724554e-05,1.531116902103717e-07,0.0,6.20800769267993e-06,6.223318861700966e-05
1847,0.0,lbfgs,7547,886.8843610286713,,,,5.420665606213813e-05,1.5304719431622633e-07,0.0,6.2077489032482754e-06,6.223053622679899e-05
1848,0.0,lbfgs,7548,887.2224125862122,,,,5.415727588893726e-05,1.528852163731167e-07,0.0,6.201764856262455e-06,6.217053377899766e-05
1849,0.0,lbfgs,7549,887.5929706096649,,,,5.409267155002208e-05,1.5304859170315694e-07,0.0,6.196575261399115e-06,6.211880120569431e-05
1850,0.0,lbfgs,7550,887.9019577503204,,,,5.404251199629014e-05,1.5340425383291726e-07,0.0,6.1909217882444505e-06,6.206262213627742e-05
1851,0.0,lbfgs,7551,888.2786524295807,,,,5.401462856109621e-05,1.5329827812504533e-07,0.0,6.192705672147282e-06,6.208035499959786e-05
1852,0.0,lbfgs,7552,888.6478383541107,,,,5.392450165630661e-05,1.5317319761951812e-07,0.0,6.179082540012501e-06,6.194399859774453e-05
1853,0.0,lbfgs,7553,889.0153028964996,,,,5.385950278561564e-05,1.5304659006745276e-07,0.0,6.166543291011391e-06,6.181847950018137e-05
1854,0.0,lbfgs,7554,889.4174559116364,,,,5.379769680852638e-05,1.5290532297119562e-07,0.0,6.152717622036091e-06,6.168008154333211e-05
1855,0.0,lbfgs,7555,889.8198223114014,,,,5.3714873286212036e-05,1.5296087935455174e-07,0.0,6.1362607521521525e-06,6.151556840087607e-05
1856,0.0,lbfgs,7556,890.2384030818939,,,,5.370040130094897e-05,1.534489449011064e-07,0.0,6.127369000415145e-06,6.142713894905256e-05
1857,0.0,lbfgs,7557,890.5506582260132,,,,5.3552152509528286e-05,1.5329999934437795e-07,0.0,6.115550270303722e-06,6.130880270238159e-05
1858,0.0,lbfgs,7558,890.8329186439514,,,,5.3496767929526295e-05,1.5333298640297406e-07,0.0,6.116197937598096e-06,6.131531236238394e-05
1859,0.0,lbfgs,7559,891.1870477199554,,,,5.3421179985453396e-05,1.5355797933182779e-07,0.0,6.115556031433765e-06,6.130911829366949e-05
1860,0.0,lbfgs,7560,891.8311991691589,,,,5.339205038115263e-05,1.5332077401557908e-07,0.0,6.121790565006594e-06,6.137122642408153e-05
1861,0.0,lbfgs,7561,892.0883629322052,,,,5.334299622719679e-05,1.5343974073001835e-07,0.0,6.117333566486685e-06,6.132677540559687e-05
1862,0.0,lbfgs,7562,892.4458124637604,,,,5.331015748648561e-05,1.5335615960366684e-07,0.0,6.113312947349165e-06,6.128648563309531e-05
1863,0.0,lbfgs,7563,892.7721185684204,,,,5.328429483807459e-05,1.5326608244954825e-07,0.0,6.108751667182616e-06,6.124078275427572e-05
1864,0.0,lbfgs,7564,893.1262590885162,,,,5.3257161606154255e-05,1.5295953577691841e-07,0.0,6.1060676487160565e-06,6.121363602293748e-05
1865,0.0,lbfgs,7565,893.4585363864899,,,,5.3203996820654454e-05,1.5260448262106542e-07,0.0,6.10101541060239e-06,6.116275858864497e-05
1866,0.0,lbfgs,7566,894.0576026439667,,,,5.3170994132787525e-05,1.520492910851614e-07,0.0,6.096602042101612e-06,6.111806971210129e-05
1867,0.0,lbfgs,7567,894.3989944458008,,,,5.3129781112796385e-05,1.519990293543333e-07,0.0,6.09213659810327e-06,6.107336501038703e-05
1868,0.0,lbfgs,7568,894.726870059967,,,,5.30864028900992e-05,1.5197880028224848e-07,0.0,6.084558724148758e-06,6.099756604176983e-05
1869,0.0,lbfgs,7569,895.1463718414307,,,,5.3051707233181047e-05,1.5203450591800597e-07,0.0,6.078684034781285e-06,6.093887485373085e-05
1870,0.0,lbfgs,7570,895.5097556114197,,,,5.301302856113601e-05,1.517869441481312e-07,0.0,6.067002072844548e-06,6.0821807672593613e-05
1871,0.0,lbfgs,7571,895.8744571208954,,,,5.298089224187372e-05,1.5149763703544402e-07,0.0,6.061929256372782e-06,6.077079020076327e-05
1872,0.0,lbfgs,7572,896.2883486747742,,,,5.292089533015563e-05,1.5085880214676517e-07,0.0,6.055220407636386e-06,6.0703062878510624e-05
1873,0.0,lbfgs,7573,896.6957900524139,,,,5.2869683628024874e-05,1.5061265400641311e-07,0.0,6.050943626753566e-06,6.0660048921542075e-05
1874,0.0,lbfgs,7574,897.4351754188538,,,,5.283428730735503e-05,1.5005610582312927e-07,0.0,6.054721586949761e-06,6.069727197532074e-05
1875,0.0,lbfgs,7575,897.7821094989777,,,,5.27848448644668e-05,1.5011597281735646e-07,0.0,6.053559566293011e-06,6.068571163574747e-05
1876,0.0,lbfgs,7576,898.0310068130493,,,,5.2762006779642244e-05,1.5016818132762546e-07,0.0,6.053472508331475e-06,6.068489326464237e-05
1877,0.0,lbfgs,7577,898.5183434486389,,,,5.2719463773659946e-05,1.5011237359297488e-07,0.0,6.0501195476344325e-06,6.0651307849937293e-05
1878,0.0,lbfgs,7578,898.8962233066559,,,,5.2652458201804546e-05,1.4989131208956505e-07,0.0,6.0420694046333745e-06,6.057058535842331e-05
1879,0.0,lbfgs,7579,899.2701008319855,,,,5.255919446031028e-05,1.4961020617952396e-07,0.0,6.0303513428498805e-06,6.045312363467833e-05
1880,0.0,lbfgs,7580,899.987473487854,,,,5.252698407822469e-05,1.4925314968601744e-07,0.0,6.027302536024395e-06,6.042227850992997e-05
1881,0.0,lbfgs,7581,900.3512470722198,,,,5.2484591799749275e-05,1.4903075405073655e-07,0.0,6.019250996364337e-06,6.03415407176941e-05
1882,0.0,lbfgs,7582,900.7295761108398,,,,5.245348237607104e-05,1.4892193039490383e-07,0.0,6.01424741267957e-06,6.029139605719061e-05
1883,0.0,lbfgs,7583,901.0957882404327,,,,5.242625921056427e-05,1.4886538935572494e-07,0.0,6.010295274827809e-06,6.025181813763381e-05
1884,0.0,lbfgs,7584,901.4793517589569,,,,5.239967896382009e-05,1.4915240587993448e-07,0.0,6.004353666743413e-06,6.019268907331406e-05
1885,0.0,lbfgs,7585,901.8398551940918,,,,5.233552065738396e-05,1.4907460796621867e-07,0.0,5.9988539825598706e-06,6.0137614433564924e-05
1886,0.0,lbfgs,7586,902.1974620819092,,,,5.2277706004254666e-05,1.491910844513285e-07,0.0,5.994142692154611e-06,6.009061800599744e-05
1887,0.0,lbfgs,7587,902.5413019657135,,,,5.223885802019154e-05,1.494165927349543e-07,0.0,5.989948178934357e-06,6.0048898382078526e-05
1888,0.0,lbfgs,7588,902.9554343223572,,,,5.218253738815685e-05,1.494124798435974e-07,0.0,5.980148829972449e-06,5.995090077956808e-05
1889,0.0,lbfgs,7589,903.7198684215546,,,,5.2145718215894435e-05,1.496718305264801e-07,0.0,5.9747315143878635e-06,5.9896986974405114e-05
1890,0.0,lbfgs,7590,904.1419231891632,,,,5.207055901226311e-05,1.4925879900078402e-07,0.0,5.958286671051235e-06,5.973212550951314e-05
1891,0.0,lbfgs,7591,904.4834408760071,,,,5.202356757726164e-05,1.4877048863059223e-07,0.0,5.94766669108362e-06,5.96254373994668e-05
1892,0.0,lbfgs,7592,904.7384040355682,,,,5.1933852816640114e-05,1.480743724237257e-07,0.0,5.928155251398613e-06,5.942962688640985e-05
1893,0.0,lbfgs,7593,905.4017977714539,,,,5.191376088708656e-05,1.4774425973265165e-07,0.0,5.930221000831242e-06,5.944995426804507e-05
1894,0.0,lbfgs,7594,905.7539973258972,,,,5.1872529686302185e-05,1.4754351024724125e-07,0.0,5.92496202328739e-06,5.939716374312114e-05
1895,0.0,lbfgs,7595,906.0920443534851,,,,5.1820060553801335e-05,1.473836970991243e-07,0.0,5.923282609793332e-06,5.9380209795032445e-05
1896,0.0,lbfgs,7596,906.3739140033722,,,,5.1754068853560175e-05,1.4736523021333108e-07,0.0,5.925521809751719e-06,5.9402583327730525e-05
1897,0.0,lbfgs,7597,906.7268965244293,,,,5.1674008979614565e-05,1.4730808956754597e-07,0.0,5.927298541203017e-06,5.942029350159772e-05
1898,0.0,lbfgs,7598,907.3093748092651,,,,5.164290925075244e-05,1.4742644272121415e-07,0.0,5.932511611022462e-06,5.947254255294583e-05
1899,0.0,lbfgs,7599,907.7577023506165,,,,5.157212938509197e-05,1.4749293765247892e-07,0.0,5.9326671933409255e-06,5.9474164871061736e-05
1900,0.0,lbfgs,7600,908.0873372554779,,,,5.15178906223186e-05,1.4762081616553514e-07,0.0,5.9295943212780665e-06,5.94435640289462e-05
1901,0.0,lbfgs,7601,908.323370218277,,,,5.146592440064459e-05,1.4769179201007875e-07,0.0,5.923980484088618e-06,5.938749663289626e-05
1902,0.0,lbfgs,7602,908.6343450546265,,,,5.1392551986298126e-05,1.4769275443941328e-07,0.0,5.914706038315764e-06,5.929475313759706e-05
1903,0.0,lbfgs,7603,909.3780510425568,,,,5.133657411523461e-05,1.4743419905927116e-07,0.0,5.907284336849175e-06,5.922027756755102e-05
1904,0.0,lbfgs,7604,909.7482750415802,,,,5.125749059482842e-05,1.4716743911310808e-07,0.0,5.898955165882026e-06,5.913671909793337e-05
1905,0.0,lbfgs,7605,910.1713616847992,,,,5.1216771691349845e-05,1.4691442565809126e-07,0.0,5.895045487852566e-06,5.909736930418375e-05
1906,0.0,lbfgs,7606,910.5124206542969,,,,5.115769825764538e-05,1.4639623440153474e-07,0.0,5.889525698831423e-06,5.904165322271576e-05
1907,0.0,lbfgs,7607,910.8884551525116,,,,5.109743483791823e-05,1.4613361708855236e-07,0.0,5.883837367366597e-06,5.898450729075452e-05
1908,0.0,lbfgs,7608,911.213093996048,,,,5.09683741298411e-05,1.458384499652135e-07,0.0,5.871394970482265e-06,5.885978815478787e-05
1909,0.0,lbfgs,7609,911.5734255313873,,,,5.0883506554719544e-05,1.4563395237906535e-07,0.0,5.863277012198413e-06,5.877840407436319e-05
1910,0.0,lbfgs,7610,911.8921132087708,,,,5.079665329195714e-05,1.45855384099784e-07,0.0,5.854569661153153e-06,5.869155199563131e-05
1911,0.0,lbfgs,7611,912.3081221580505,,,,5.0727388186242235e-05,1.461138731686688e-07,0.0,5.846094706879747e-06,5.860706094196614e-05
1912,0.0,lbfgs,7612,912.5836610794067,,,,5.067118386181556e-05,1.459536015647763e-07,0.0,5.841909263618147e-06,5.856504623774625e-05
1913,0.0,lbfgs,7613,912.8845596313477,,,,5.0625097839571105e-05,1.4608790931440952e-07,0.0,5.832479418568457e-06,5.847088209499898e-05
1914,0.0,lbfgs,7614,913.2131979465485,,,,5.05761613270958e-05,1.4608050681713669e-07,0.0,5.8320812122969245e-06,5.846689262978638e-05
1915,0.0,lbfgs,7615,913.5646531581879,,,,5.0546606635424227e-05,1.462015469643899e-07,0.0,5.829302730834422e-06,5.8439228855308606e-05
1916,0.0,lbfgs,7616,913.8625693321228,,,,5.046577300441516e-05,1.4647475862177043e-07,0.0,5.816212910549342e-06,5.830860386411519e-05
1917,0.0,lbfgs,7617,914.2135519981384,,,,5.040384694346031e-05,1.4668027005320705e-07,0.0,5.805246764017485e-06,5.819914791022806e-05
1918,0.0,lbfgs,7618,914.5978133678436,,,,5.03805085365795e-05,1.4788270919022412e-07,0.0,5.790753013652417e-06,5.8055412845714394e-05
1919,0.0,lbfgs,7619,914.9505233764648,,,,5.03027791382121e-05,1.4713493065449303e-07,0.0,5.786834561652703e-06,5.801548054718152e-05
1920,0.0,lbfgs,7620,915.2736260890961,,,,5.026575043361661e-05,1.4686414651382002e-07,0.0,5.78500199839618e-06,5.799688413047562e-05
1921,0.0,lbfgs,7621,915.6328556537628,,,,5.0217747176920165e-05,1.4679777655698462e-07,0.0,5.782166536003509e-06,5.796846313659208e-05
1922,0.0,lbfgs,7622,916.0185310840607,,,,5.0175291761665724e-05,1.4662912154822373e-07,0.0,5.776930419711656e-06,5.791593331866478e-05
1923,0.0,lbfgs,7623,916.4233272075653,,,,5.01014157315398e-05,1.467399175450701e-07,0.0,5.769972958107814e-06,5.784646949862321e-05
1924,0.0,lbfgs,7624,916.8336551189423,,,,5.0059705174062836e-05,1.4687018367082536e-07,0.0,5.763239528511728e-06,5.77792654687881e-05
1925,0.0,lbfgs,7625,917.2559351921082,,,,5.00321818452677e-05,1.469104032359242e-07,0.0,5.757357477886268e-06,5.772048518209861e-05
1926,0.0,lbfgs,7626,917.6694152355194,,,,4.999986206194541e-05,1.4667870447792227e-07,0.0,5.753115891528743e-06,5.767783761976535e-05
1927,0.0,lbfgs,7627,918.087114572525,,,,4.997708362397911e-05,1.470612023272944e-07,0.0,5.741748004441654e-06,5.7564541246743835e-05
1928,0.0,lbfgs,7628,918.5819926261902,,,,4.993037129864512e-05,1.4646847081676986e-07,0.0,5.743527971112437e-06,5.7581748181941135e-05
1929,0.0,lbfgs,7629,918.968807220459,,,,4.9910708416721824e-05,1.4632961050417614e-07,0.0,5.744697859506726e-06,5.759330820557143e-05
1930,0.0,lbfgs,7630,919.3816096782684,,,,4.9873267494074635e-05,1.4628640671044807e-07,0.0,5.7437008546914945e-06,5.7583294953625394e-05
1931,0.0,lbfgs,7631,919.7310650348663,,,,4.981706437552482e-05,1.4654461207374366e-07,0.0,5.739917012052033e-06,5.754571473259408e-05
1932,0.0,lbfgs,7632,920.3414969444275,,,,4.9781591468387746e-05,1.4631221596898786e-07,0.0,5.7345927718278115e-06,5.74922399342471e-05
1933,0.0,lbfgs,7633,920.7520356178284,,,,4.9750613045818675e-05,1.4632156942127205e-07,0.0,5.727516767744496e-06,5.742148924686624e-05
1934,0.0,lbfgs,7634,921.1326811313629,,,,4.9716619534847296e-05,1.4620221527717913e-07,0.0,5.717478492726593e-06,5.732098714254311e-05
1935,0.0,lbfgs,7635,921.5501594543457,,,,4.9686700822732216e-05,1.4612703320254772e-07,0.0,5.7115431838787254e-06,5.72615588719898e-05
1936,0.0,lbfgs,7636,921.9359123706818,,,,4.9620993953226646e-05,1.4589046941055809e-07,0.0,5.70162975647136e-06,5.716218803412416e-05
1937,0.0,lbfgs,7637,922.5055596828461,,,,4.960451423323906e-05,1.4596098975345614e-07,0.0,5.699966334281489e-06,5.714562433256835e-05
1938,0.0,lbfgs,7638,922.934398651123,,,,4.9574841013869294e-05,1.459396116552774e-07,0.0,5.698167687153279e-06,5.712761648318807e-05
1939,0.0,lbfgs,7639,923.3184895515442,,,,4.953083694758576e-05,1.4601443572454763e-07,0.0,5.697036167616697e-06,5.7116376111891516e-05
1940,0.0,lbfgs,7640,923.6823222637177,,,,4.949229981247314e-05,1.461451652280512e-07,0.0,5.69514277048827e-06,5.709757287011076e-05
1941,0.0,lbfgs,7641,924.259857416153,,,,4.9482829279373705e-05,1.4622196654638224e-07,0.0,5.6959990235391125e-06,5.7106212201937505e-05
1942,0.0,lbfgs,7642,924.6045935153961,,,,4.945276263659442e-05,1.4629466285802838e-07,0.0,5.69191265278763e-06,5.7065421190734325e-05
1943,0.0,lbfgs,7643,924.983321428299,,,,4.940471776117849e-05,1.4601769816666823e-07,0.0,5.682482245784967e-06,5.6970840156016336e-05
1944,0.0,lbfgs,7644,925.3171308040619,,,,4.934028967731874e-05,1.4573806749006368e-07,0.0,5.663392983580682e-06,5.6779667903296885e-05
1945,0.0,lbfgs,7645,925.6723372936249,,,,4.929852507456602e-05,1.4506534434561918e-07,0.0,5.65651364236446e-06,5.671020176799021e-05
1946,0.0,lbfgs,7646,926.0309536457062,,,,4.9253842688324656e-05,1.444633715155827e-07,0.0,5.648815095504067e-06,5.663261432655625e-05
1947,0.0,lbfgs,7647,926.4700117111206,,,,4.9201385357946276e-05,1.440592852673521e-07,0.0,5.643438565668927e-06,5.657844494195663e-05
1948,0.0,lbfgs,7648,926.8734283447266,,,,4.910638711950521e-05,1.4373682118377494e-07,0.0,5.635145831082976e-06,5.6495195132013534e-05
1949,0.0,lbfgs,7649,927.2525279521942,,,,4.905442727283137e-05,1.433526283673887e-07,0.0,5.619008676266645e-06,5.6333439391033836e-05
1950,0.0,lbfgs,7650,927.6627948284149,,,,4.9008316968450736e-05,1.433950238329469e-07,0.0,5.617016057638536e-06,5.6313555600218306e-05
1951,0.0,lbfgs,7651,927.9912376403809,,,,4.899377793631554e-05,1.4341042038916103e-07,0.0,5.6135267713964906e-06,5.627867813435407e-05
1952,0.0,lbfgs,7652,928.2332634925842,,,,4.8974800813710696e-05,1.4341386319801838e-07,0.0,5.608273629660519e-06,5.622615015980321e-05
1953,0.0,lbfgs,7653,928.5787441730499,,,,4.8945606224125986e-05,1.4338859346789435e-07,0.0,5.601806633310073e-06,5.616145492656862e-05
1954,0.0,lbfgs,7654,928.9697344303131,,,,4.889178537429169e-05,1.4336749583123127e-07,0.0,5.593178081742313e-06,5.6075148313254365e-05
1955,0.0,lbfgs,7655,929.3442273139954,,,,4.8848277177614056e-05,1.4345236536383978e-07,0.0,5.59240036081666e-06,5.6067455973530435e-05
1956,0.0,lbfgs,7656,929.7401022911072,,,,4.878831059799011e-05,1.431237146017191e-07,0.0,5.581325086854508e-06,5.59563745831468e-05
1957,0.0,lbfgs,7657,930.1094291210175,,,,4.876099079243686e-05,1.429442475545055e-07,0.0,5.5826894385526966e-06,5.5969838633081476e-05
1958,0.0,lbfgs,7658,930.4260504245758,,,,4.872084633785403e-05,1.4272080862106988e-07,0.0,5.584289905571975e-06,5.598561986434082e-05
1959,0.0,lbfgs,7659,930.79305768013,,,,4.867453936959961e-05,1.4250178666456276e-07,0.0,5.581795441924183e-06,5.5960456205906385e-05
1960,0.0,lbfgs,7660,931.1230645179749,,,,4.85622497179317e-05,1.4226612919289e-07,0.0,5.571262380195069e-06,5.585488993114358e-05
1961,0.0,lbfgs,7661,931.7449431419373,,,,4.8513970199342944e-05,1.4172949038549003e-07,0.0,5.5594020511698085e-06,5.573575000208357e-05
1962,0.0,lbfgs,7662,932.0619215965271,,,,4.844108654635428e-05,1.417319099708388e-07,0.0,5.548435223307947e-06,5.562608414305031e-05
1963,0.0,lbfgs,7663,932.3546345233917,,,,4.843109306402637e-05,1.424820889282043e-07,0.0,5.537441818098691e-06,5.5516900269915116e-05
1964,0.0,lbfgs,7664,932.6799247264862,,,,4.837077758562856e-05,1.4197725492678877e-07,0.0,5.530926461156782e-06,5.54512418664946e-05
1965,0.0,lbfgs,7665,933.0487451553345,,,,4.8345980218577976e-05,1.4187425575964047e-07,0.0,5.528486065864716e-06,5.54267349144068e-05
1966,0.0,lbfgs,7666,933.3915243148804,,,,4.828109375126333e-05,1.418139897769224e-07,0.0,5.522676803007771e-06,5.536858201985463e-05
1967,0.0,lbfgs,7667,933.7883906364441,,,,4.82487391938118e-05,1.4221534095440223e-07,0.0,5.5226600979456836e-06,5.536881632041124e-05
1968,0.0,lbfgs,7668,934.2045104503632,,,,4.819945786561857e-05,1.4209530194072542e-07,0.0,5.519562161296914e-06,5.533771691490986e-05
1969,0.0,lbfgs,7669,934.549565076828,,,,4.816956926036512e-05,1.4205934286169446e-07,0.0,5.519822260601534e-06,5.534028194887703e-05
1970,0.0,lbfgs,7670,934.9826357364655,,,,4.813941801057303e-05,1.419118604740611e-07,0.0,5.520875584891841e-06,5.535066770939247e-05
1971,0.0,lbfgs,7671,935.4180679321289,,,,4.808382817416393e-05,1.4124466883329246e-07,0.0,5.518513363608144e-06,5.5326378304914737e-05
1972,0.0,lbfgs,7672,936.2443463802338,,,,4.806598628421539e-05,1.4122522532746952e-07,0.0,5.516491414072323e-06,5.53061393660507e-05
1973,0.0,lbfgs,7673,936.580159664154,,,,4.80288513994252e-05,1.4058334554654694e-07,0.0,5.513072427414358e-06,5.527130761969013e-05
1974,0.0,lbfgs,7674,936.9950802326202,,,,4.7993458008436915e-05,1.4021792860578322e-07,0.0,5.506488438316441e-06,5.520510231177019e-05
1975,0.0,lbfgs,7675,937.5700032711029,,,,4.796902800976568e-05,1.398585861739258e-07,0.0,5.504262971833141e-06,5.518248830450534e-05
1976,0.0,lbfgs,7676,937.9455361366272,,,,4.7917954320220127e-05,1.3971917817582153e-07,0.0,5.494692616325907e-06,5.5086645341434893e-05
1977,0.0,lbfgs,7677,938.3647119998932,,,,4.7841043862193396e-05,1.3967192901823912e-07,0.0,5.482071086003469e-06,5.496038278905293e-05
1978,0.0,lbfgs,7678,938.7259087562561,,,,4.775434477157738e-05,1.3965703470884729e-07,0.0,5.470075706435135e-06,5.48404140990602e-05
1979,0.0,lbfgs,7679,939.1024389266968,,,,4.767435050946201e-05,1.402425656425352e-07,0.0,5.450561246307228e-06,5.464585502871482e-05
1980,0.0,lbfgs,7680,939.4310989379883,,,,4.759748215949672e-05,1.3964155707184825e-07,0.0,5.448800559649243e-06,5.462764715356429e-05
1981,0.0,lbfgs,7681,939.7962336540222,,,,4.753092061004135e-05,1.3948364019146687e-07,0.0,5.440456193450757e-06,5.4544045574699035e-05
1982,0.0,lbfgs,7682,940.0977075099945,,,,4.746145864346212e-05,1.3912376499016747e-07,0.0,5.431184369909758e-06,5.4450967464087746e-05
1983,0.0,lbfgs,7683,940.386218547821,,,,4.7426757853451045e-05,1.3892073641194304e-07,0.0,5.425637237548071e-06,5.439529311189265e-05
1984,0.0,lbfgs,7684,940.7750070095062,,,,4.7326430188489554e-05,1.3831650940621945e-07,0.0,5.409814167778816e-06,5.423645818719438e-05
1985,0.0,lbfgs,7685,941.4645147323608,,,,4.7290590707190515e-05,1.3826668048120226e-07,0.0,5.4059820459655985e-06,5.4198087140137186e-05
1986,0.0,lbfgs,7686,941.7829730510712,,,,4.724313435837993e-05,1.378977739463468e-07,0.0,5.4000860782793784e-06,5.413875855674013e-05
1987,0.0,lbfgs,7687,942.0996387004852,,,,4.72018302671605e-05,1.3763024876461187e-07,0.0,5.39797535347801e-06,5.411738378354471e-05
1988,0.0,lbfgs,7688,942.4438905715942,,,,4.715687516258628e-05,1.3738094872827586e-07,0.0,5.397682149046954e-06,5.4114202439197815e-05
1989,0.0,lbfgs,7689,943.1099333763123,,,,4.713935604385966e-05,1.3733062440192871e-07,0.0,5.397439249527968e-06,5.411172311968161e-05
1990,0.0,lbfgs,7690,943.4032309055328,,,,4.7103051831122645e-05,1.3722011973154852e-07,0.0,5.397140851222395e-06,5.4108628631955496e-05
1991,0.0,lbfgs,7691,943.7245855331421,,,,4.706996232841948e-05,1.371786475122825e-07,0.0,5.39595531795216e-06,5.409673182703389e-05
1992,0.0,lbfgs,7692,944.0859124660492,,,,4.7040912725128526e-05,1.3716115624111397e-07,0.0,5.3915692785879255e-06,5.405285394212037e-05
1993,0.0,lbfgs,7693,944.4223897457123,,,,4.7023510163562545e-05,1.3762924093337998e-07,0.0,5.389232514887515e-06,5.402995438980854e-05
1994,0.0,lbfgs,7694,944.786367893219,,,,4.698029807552169e-05,1.3728323794258982e-07,0.0,5.378477444951599e-06,5.392205768745858e-05
1995,0.0,lbfgs,7695,945.2181060314178,,,,4.6959081989785026e-05,1.371128388585013e-07,0.0,5.3739377203491274e-06,5.3876490042349775e-05
1996,0.0,lbfgs,7696,945.6619770526886,,,,4.690967565125497e-05,1.3696759349872722e-07,0.0,5.364801827660708e-06,5.378498587010581e-05
1997,0.0,lbfgs,7697,946.051999092102,,,,4.688039217291941e-05,1.3653756868710336e-07,0.0,5.365971633613454e-06,5.3796253904821645e-05
1998,0.0,lbfgs,7698,946.4161217212677,,,,4.6823949325770354e-05,1.3666566305923257e-07,0.0,5.359392756189201e-06,5.373059322495125e-05
1999,0.0,lbfgs,7699,946.7827472686768,,,,4.677821804409244e-05,1.3682131022491254e-07,0.0,5.3595170241371e-06,5.3731991551595914e-05
2000,0.0,lbfgs,7700,947.0943012237549,,,,4.674901566954982e-05,1.3671391284338503e-07,0.0,5.358587649996501e-06,5.372259041280839e-05
2001,0.0,lbfgs,7701,947.8772447109222,,,,4.674336799681015e-05,1.367362165506951e-07,0.0,5.360508270541094e-06,5.374181892196164e-05
2002,0.0,lbfgs,7702,948.2744982242584,,,,4.673077355200156e-05,1.366399823740993e-07,0.0,5.3604002898421515e-06,5.374064288079562e-05
2003,0.0,lbfgs,7703,948.6830232143402,,,,4.6705276418418544e-05,1.3646087281140108e-07,0.0,5.358980746166237e-06,5.3726268334473775e-05
2004,0.0,lbfgs,7704,949.0721971988678,,,,4.6674278053572545e-05,1.3629769890659896e-07,0.0,5.356031556394451e-06,5.369661326285111e-05
2005,0.0,lbfgs,7705,949.4699294567108,,,,4.6619471290555046e-05,1.36112185636178e-07,0.0,5.34968957349274e-06,5.3633007920563585e-05
2006,0.0,lbfgs,7706,949.8390543460846,,,,4.651432812952162e-05,1.3594293525671575e-07,0.0,5.336713800274097e-06,5.3503080937997684e-05
2007,0.0,lbfgs,7707,950.1772620677948,,,,4.6438075742126104e-05,1.3631709908272024e-07,0.0,5.330790603034547e-06,5.3444223129428195e-05
2008,0.0,lbfgs,7708,950.5340476036072,,,,4.63748744713508e-05,1.361875186298974e-07,0.0,5.320088731690815e-06,5.333707483553804e-05
2009,0.0,lbfgs,7709,950.9189703464508,,,,4.633064355201296e-05,1.3666596703944159e-07,0.0,5.314555244093038e-06,5.328221840796982e-05
2010,0.0,lbfgs,7710,951.3179981708527,,,,4.6294778680815656e-05,1.3674489042881e-07,0.0,5.310238204087567e-06,5.323912693130448e-05
2011,0.0,lbfgs,7711,951.6801266670227,,,,4.624194262604102e-05,1.3693232409255257e-07,0.0,5.306356990259229e-06,5.320050222668485e-05
2012,0.0,lbfgs,7712,952.0429413318634,,,,4.616030363026225e-05,1.371581215863871e-07,0.0,5.2993341098193165e-06,5.313049921977956e-05
2013,0.0,lbfgs,7713,952.3506212234497,,,,4.605943512542098e-05,1.3732807473160062e-07,0.0,5.2864592646229145e-06,5.3001920720960746e-05
2014,0.0,lbfgs,7714,952.7477829456329,,,,4.601048518229595e-05,1.3660981777599042e-07,0.0,5.26472013489119e-06,5.278381116668788e-05
2015,0.0,lbfgs,7715,953.1460452079773,,,,4.593448448726872e-05,1.364299548122383e-07,0.0,5.261300711629863e-06,5.2749437071110864e-05
2016,0.0,lbfgs,7716,953.5367302894592,,,,4.5906129255552425e-05,1.3619438268999104e-07,0.0,5.256470342332015e-06,5.270089780601014e-05
2017,0.0,lbfgs,7717,953.9451513290405,,,,4.5862127201369035e-05,1.3582796364573108e-07,0.0,5.2472663308281265e-06,5.260849127192699e-05
2018,0.0,lbfgs,7718,954.3726880550385,,,,4.5819758260479324e-05,1.3597419178467698e-07,0.0,5.2318659648433115e-06,5.245463384021779e-05
2019,0.0,lbfgs,7719,954.8030757904053,,,,4.578309426687537e-05,1.3591083194385848e-07,0.0,5.224367513929704e-06,5.23795859712409e-05
2020,0.0,lbfgs,7720,955.2103879451752,,,,4.575258733325232e-05,1.360878690123873e-07,0.0,5.218113673350868e-06,5.2317224602521065e-05
2021,0.0,lbfgs,7721,955.6193428039551,,,,4.572632429493959e-05,1.3601105768501437e-07,0.0,5.20981088806494e-06,5.223411993833441e-05
2022,0.0,lbfgs,7722,955.9834785461426,,,,4.5684152484364435e-05,1.3603092727685315e-07,0.0,5.20680748115015e-06,5.220410573877836e-05
2023,0.0,lbfgs,7723,956.3962025642395,,,,4.5625424471555376e-05,1.3595923406729564e-07,0.0,5.203132718270668e-06,5.216728641677398e-05
2024,0.0,lbfgs,7724,956.7859001159668,,,,4.557485823711742e-05,1.3579445524006215e-07,0.0,5.199994542508519e-06,5.213573988032525e-05
2025,0.0,lbfgs,7725,957.1834411621094,,,,4.551091259018946e-05,1.354011252691345e-07,0.0,5.1962289356863296e-06,5.209769048213243e-05
2026,0.0,lbfgs,7726,957.8401057720184,,,,4.547961534661572e-05,1.3558382327045608e-07,0.0,5.194681442845983e-06,5.2082398251730287e-05
2027,0.0,lbfgs,7727,958.1205825805664,,,,4.5444797614820505e-05,1.3522545122187545e-07,0.0,5.191434260751706e-06,5.204956805873894e-05
2028,0.0,lbfgs,7728,958.5055763721466,,,,4.542174488696808e-05,1.3504868502688385e-07,0.0,5.188134979522038e-06,5.2016398480247264e-05
2029,0.0,lbfgs,7729,958.7533092498779,,,,4.539970731195779e-05,1.349642200715117e-07,0.0,5.1851041244445685e-06,5.19860054645172e-05
2030,0.0,lbfgs,7730,959.1119999885559,,,,4.535260251096543e-05,1.3486913054186123e-07,0.0,5.179480501852463e-06,5.19296741490665e-05
2031,0.0,lbfgs,7731,959.7587471008301,,,,4.533209749565569e-05,1.3501660138131455e-07,0.0,5.173661257840136e-06,5.1871629179782674e-05
2032,0.0,lbfgs,7732,960.1629943847656,,,,4.528114109971315e-05,1.3504749279876956e-07,0.0,5.169480563797952e-06,5.1829853130778283e-05
2033,0.0,lbfgs,7733,960.4827585220337,,,,4.52364497771401e-05,1.350776886844732e-07,0.0,5.16572194259058e-06,5.179229711459028e-05
2034,0.0,lbfgs,7734,960.8307421207428,,,,4.519248786646362e-05,1.3507343632813858e-07,0.0,5.161945673914657e-06,5.175453017547471e-05
2035,0.0,lbfgs,7735,961.2334711551666,,,,4.514949683839783e-05,1.3498978236267836e-07,0.0,5.158913156064101e-06,5.172412134300369e-05
2036,0.0,lbfgs,7736,961.6543159484863,,,,4.511400060387735e-05,1.3508602773870002e-07,0.0,5.153508942080343e-06,5.1670175448542134e-05
2037,0.0,lbfgs,7737,962.0304002761841,,,,4.5052200084711076e-05,1.3463025016158616e-07,0.0,5.150619282055138e-06,5.1640823070712965e-05
2038,0.0,lbfgs,7738,962.4392881393433,,,,4.503347086802933e-05,1.344846366182548e-07,0.0,5.148944344338022e-06,5.1623928079998476e-05
2039,0.0,lbfgs,7739,962.833975315094,,,,4.500322702771281e-05,1.342859763275419e-07,0.0,5.146789169299175e-06,5.160217766931929e-05
2040,0.0,lbfgs,7740,963.1984150409698,,,,4.495994477532108e-05,1.3405763301967352e-07,0.0,5.144175060547596e-06,5.157580823849564e-05
2041,0.0,lbfgs,7741,963.4890584945679,,,,4.494565841073494e-05,1.3372424593346996e-07,0.0,5.147589554226129e-06,5.160961978819475e-05
2042,0.0,lbfgs,7742,963.7397639751434,,,,4.4871317947607815e-05,1.3363233957482935e-07,0.0,5.139594039949123e-06,5.152957273906606e-05
2043,0.0,lbfgs,7743,964.010395526886,,,,4.481831693315834e-05,1.3362264248445282e-07,0.0,5.135511937997916e-06,5.148874202246362e-05
2044,0.0,lbfgs,7744,964.2410509586334,,,,4.4776393964952606e-05,1.3355952465942982e-07,0.0,5.133526300807677e-06,5.146882253273619e-05
2045,0.0,lbfgs,7745,964.4683315753937,,,,4.474209795324391e-05,1.3344189647665303e-07,0.0,5.132391359207892e-06,5.1457355488555577e-05
2046,0.0,lbfgs,7746,964.947343826294,,,,4.47275470938603e-05,1.334161174369905e-07,0.0,5.130537606601996e-06,5.143879218345695e-05
2047,0.0,lbfgs,7747,965.2201535701752,,,,4.467461679990879e-05,1.33255537747277e-07,0.0,5.1293756651023e-06,5.142701218877028e-05
2048,0.0,lbfgs,7748,965.4655721187592,,,,4.462908073541305e-05,1.333840230344789e-07,0.0,5.126282879063365e-06,5.1396212813668123e-05
2049,0.0,lbfgs,7749,965.7040193080902,,,,4.4572877889417146e-05,1.337154608062024e-07,0.0,5.118178392960157e-06,5.131549939040777e-05
2050,0.0,lbfgs,7750,965.9111435413361,,,,4.4511411582635264e-05,1.3376959458820988e-07,0.0,5.1124637263409635e-06,5.125840685799785e-05
2051,0.0,lbfgs,7751,966.1233699321747,,,,4.448348114553008e-05,1.3382144234771937e-07,0.0,5.109155173691668e-06,5.122537317926439e-05
2052,0.0,lbfgs,7752,966.3571076393127,,,,4.442821382553219e-05,1.3391078013303538e-07,0.0,5.10301941477153e-06,5.116410492784833e-05
2053,0.0,lbfgs,7753,966.7964985370636,,,,4.4416033089880746e-05,1.340405206914012e-07,0.0,5.106332704182008e-06,5.119736756251148e-05
2054,0.0,lbfgs,7754,967.0422842502594,,,,4.438756925281408e-05,1.3402482332814417e-07,0.0,5.1049754442076685e-06,5.118377926540483e-05
2055,0.0,lbfgs,7755,967.2716016769409,,,,4.435331577548999e-05,1.3391925269955804e-07,0.0,5.103451313225457e-06,5.1168432384954123e-05
2056,0.0,lbfgs,7756,967.5226335525513,,,,4.431132920474045e-05,1.3381825168088518e-07,0.0,5.1053597093139135e-06,5.1187415344820016e-05
2057,0.0,lbfgs,7757,967.7360098361969,,,,4.4271992842275065e-05,1.336975449117831e-07,0.0,5.105200979009339e-06,5.1185707335005176e-05
2058,0.0,lbfgs,7758,967.9374277591705,,,,4.4234106456737574e-05,1.3380014089220132e-07,0.0,5.112629372520114e-06,5.1260093866093345e-05
2059,0.0,lbfgs,7759,968.1676914691925,,,,4.419144881136453e-05,1.3380723041142205e-07,0.0,5.110654976194761e-06,5.124035699235903e-05
2060,0.0,lbfgs,7760,968.4181671142578,,,,4.4165374251083095e-05,1.3377567507977502e-07,0.0,5.1024824479142715e-06,5.1158600154222496e-05
2061,0.0,lbfgs,7761,968.6803603172302,,,,4.4135905787281006e-05,1.3362117219506403e-07,0.0,5.093514853728954e-06,5.10687697094846e-05
2062,0.0,lbfgs,7762,968.9376907348633,,,,4.41074493483003e-05,1.335461478157792e-07,0.0,5.082574517280509e-06,5.095929132062088e-05
2063,0.0,lbfgs,7763,969.167032957077,,,,4.4081892706038154e-05,1.3341508899625573e-07,0.0,5.078613432733279e-06,5.0919549416329053e-05
2064,0.0,lbfgs,7764,969.403623342514,,,,4.401544827458259e-05,1.330049321708171e-07,0.0,5.067381681568497e-06,5.0806821747855784e-05
2065,0.0,lbfgs,7765,969.6653716564178,,,,4.396948450097557e-05,1.3313671264264662e-07,0.0,5.064710677868799e-06,5.078024349133063e-05
2066,0.0,lbfgs,7766,969.9055681228638,,,,4.390510605282598e-05,1.3301698327737285e-07,0.0,5.0560553764983845e-06,5.069357074826122e-05
2067,0.0,lbfgs,7767,970.1474997997284,,,,4.3852642528811874e-05,1.3335271032420863e-07,0.0,5.0512258319876474e-06,5.064561103020069e-05
2068,0.0,lbfgs,7768,970.3894693851471,,,,4.381699266106164e-05,1.3375686804820766e-07,0.0,5.051000431112954e-06,5.064376117917775e-05
2069,0.0,lbfgs,7769,970.6230454444885,,,,4.3801692566945195e-05,1.3385512353217767e-07,0.0,5.050897132705979e-06,5.064282645059196e-05
2070,0.0,lbfgs,7770,970.905503988266,,,,4.37620410572829e-05,1.3426962186387953e-07,0.0,5.0464747704847625e-06,5.0599017326711505e-05
2071,0.0,lbfgs,7771,971.3353197574615,,,,4.373798345342707e-05,1.343611673150265e-07,0.0,5.048256123740993e-06,5.061692240472495e-05
2072,0.0,lbfgs,7772,971.5850234031677,,,,4.37056525093599e-05,1.3435897628567352e-07,0.0,5.0430914889739275e-06,5.0565273866024945e-05
2073,0.0,lbfgs,7773,971.8171768188477,,,,4.3647445041851886e-05,1.3431108250486247e-07,0.0,5.033848439015969e-06,5.047279547266455e-05
2074,0.0,lbfgs,7774,972.0379858016968,,,,4.361672830161184e-05,1.3433245408203826e-07,0.0,5.030846747758565e-06,5.044279993166769e-05
2075,0.0,lbfgs,7775,972.250967502594,,,,4.3576378161758524e-05,1.3438075595768597e-07,0.0,5.02581276530392e-06,5.039250840899688e-05
2076,0.0,lbfgs,7776,972.4551153182983,,,,4.356917414862839e-05,1.34848711605963e-07,0.0,5.026856726682727e-06,5.0403415978433236e-05
2077,0.0,lbfgs,7777,972.6659343242645,,,,4.351881011008122e-05,1.3447213507628921e-07,0.0,5.020462345459417e-06,5.033909558967046e-05
2078,0.0,lbfgs,7778,972.8828752040863,,,,4.3492939121590365e-05,1.344337703440623e-07,0.0,5.017295730529987e-06,5.0307391075643926e-05
2079,0.0,lbfgs,7779,973.0984461307526,,,,4.3458367225469607e-05,1.3455371776309286e-07,0.0,5.013111114425197e-06,5.026566486201506e-05
2080,0.0,lbfgs,7780,973.3982837200165,,,,4.341797485087566e-05,1.3474154706636294e-07,0.0,5.008858567860087e-06,5.0223327225667234e-05
2081,0.0,lbfgs,7781,973.634527683258,,,,4.338295761934359e-05,1.3544633511929208e-07,0.0,5.003551811895121e-06,5.01709644540705e-05
2082,0.0,lbfgs,7782,973.8595983982086,,,,4.33249168821885e-05,1.3540520453520024e-07,0.0,4.998326034830641e-06,5.01186655528416e-05
2083,0.0,lbfgs,7783,974.0815615653992,,,,4.32885522614222e-05,1.3501039469937617e-07,0.0,4.996796938618983e-06,5.01029797808892e-05
2084,0.0,lbfgs,7784,974.2916176319122,,,,4.325371274553085e-05,1.3471161914146249e-07,0.0,4.993555795626435e-06,5.0070269575405814e-05
2085,0.0,lbfgs,7785,974.5053730010986,,,,4.322029286286994e-05,1.345004494721158e-07,0.0,4.9905118251054665e-06,5.003961870052678e-05
2086,0.0,lbfgs,7786,974.744579076767,,,,4.315453160299505e-05,1.3415387003759252e-07,0.0,4.98130144981176e-06,4.994716836815519e-05
2087,0.0,lbfgs,7787,975.0034465789795,,,,4.3100121645281465e-05,1.338549892523056e-07,0.0,4.9788542472643366e-06,4.9922397461895665e-05
2088,0.0,lbfgs,7788,975.2471599578857,,,,4.3059854305530386e-05,1.338052260299944e-07,0.0,4.9720564906195315e-06,4.9854370132225305e-05
2089,0.0,lbfgs,7789,975.4762539863586,,,,4.303111130120585e-05,1.3376161279004677e-07,0.0,4.967745757405993e-06,4.981121918684997e-05
2090,0.0,lbfgs,7790,975.7194495201111,,,,4.3009757828484835e-05,1.3370120618530727e-07,0.0,4.966125099580789e-06,4.9794952201993196e-05
2091,0.0,lbfgs,7791,975.9387331008911,,,,4.297425905914573e-05,1.33865531848444e-07,0.0,4.968309460306752e-06,4.981696013491596e-05
2092,0.0,lbfgs,7792,976.3419876098633,,,,4.295342254340955e-05,1.338020857917791e-07,0.0,4.969019810287857e-06,4.982400018867035e-05
2093,0.0,lbfgs,7793,976.5856683254242,,,,4.293150751005993e-05,1.3396104398701588e-07,0.0,4.970002726129049e-06,4.98339883052775e-05
2094,0.0,lbfgs,7794,976.8005766868591,,,,4.29092733765529e-05,1.342374500644161e-07,0.0,4.972021922893354e-06,4.9854456678997956e-05
2095,0.0,lbfgs,7795,977.0487651824951,,,,4.289440606608709e-05,1.34527462254443e-07,0.0,4.971060070156355e-06,4.984512816381799e-05
2096,0.0,lbfgs,7796,977.3001940250397,,,,4.287162125409275e-05,1.3452846428603293e-07,0.0,4.967877240339341e-06,4.981330086767944e-05
2097,0.0,lbfgs,7797,977.5425541400909,,,,4.282283203415013e-05,1.344932114777791e-07,0.0,4.9576894240290614e-06,4.9711387451768395e-05
2098,0.0,lbfgs,7798,977.772055387497,,,,4.2807625338320736e-05,1.3444852499095892e-07,0.0,4.95462764199493e-06,4.968072494494026e-05
2099,0.0,lbfgs,7799,978.0015163421631,,,,4.2760331906845714e-05,1.3437576584468432e-07,0.0,4.947698615082816e-06,4.961136191667284e-05
2100,0.0,lbfgs,7800,978.2473471164703,,,,4.271993039735565e-05,1.3439828340330347e-07,0.0,4.942396058864764e-06,4.955835887205094e-05
2101,0.0,lbfgs,7801,978.4997034072876,,,,4.2664540593555865e-05,1.340231006731964e-07,0.0,4.931426086770973e-06,4.9448283968382925e-05
2102,0.0,lbfgs,7802,978.7666640281677,,,,4.262158640536413e-05,1.3405780640734329e-07,0.0,4.931157011173748e-06,4.944562791814482e-05
2103,0.0,lbfgs,7803,978.990880727768,,,,4.256839572279011e-05,1.3387066771849856e-07,0.0,4.92870849445745e-06,4.9420955612292996e-05
2104,0.0,lbfgs,7804,979.394454240799,,,,4.254620444403015e-05,1.3404011381282125e-07,0.0,4.92441273841312e-06,4.937816749794402e-05
2105,0.0,lbfgs,7805,979.5985689163208,,,,4.250346270049599e-05,1.3415012536911371e-07,0.0,4.921829378166094e-06,4.935244390703006e-05
2106,0.0,lbfgs,7806,979.8142857551575,,,,4.2425777487181855e-05,1.3434527683949512e-07,0.0,4.917933045941384e-06,4.9313675736253344e-05
2107,0.0,lbfgs,7807,980.0599400997162,,,,4.238402239413173e-05,1.3444148084967545e-07,0.0,4.917330902853444e-06,4.930775050938412e-05
2108,0.0,lbfgs,7808,980.2906639575958,,,,4.231881137893649e-05,1.345495294097795e-07,0.0,4.9175326665522685e-06,4.9309876194932464e-05
2109,0.0,lbfgs,7809,980.5347499847412,,,,4.227381505782099e-05,1.345965837312759e-07,0.0,4.915782090881298e-06,4.9292417492544254e-05
2110,0.0,lbfgs,7810,980.7665793895721,,,,4.2238137584385e-05,1.3445571273087557e-07,0.0,4.915131706326336e-06,4.928577277599423e-05
2111,0.0,lbfgs,7811,980.9754683971405,,,,4.21964903893368e-05,1.3426413945284834e-07,0.0,4.909624226356933e-06,4.923050640302218e-05
2112,0.0,lbfgs,7812,981.2244544029236,,,,4.2150696435689176e-05,1.3395344858487733e-07,0.0,4.902994203877674e-06,4.9163895487361614e-05
2113,0.0,lbfgs,7813,981.4726285934448,,,,4.211733999843229e-05,1.337760851514034e-07,0.0,4.900511592384753e-06,4.9138892008998935e-05
2114,0.0,lbfgs,7814,981.7277066707611,,,,4.2080393549882824e-05,1.3369364256352107e-07,0.0,4.8955326529028146e-06,4.908902017159167e-05
2115,0.0,lbfgs,7815,981.9320793151855,,,,4.204927868023749e-05,1.3364157226197091e-07,0.0,4.901863702231744e-06,4.915227859457941e-05
2116,0.0,lbfgs,7816,982.1665794849396,,,,4.203393337930075e-05,1.3370869577061816e-07,0.0,4.901528042262997e-06,4.914898911840059e-05
2117,0.0,lbfgs,7817,982.3787181377411,,,,4.201155903789791e-05,1.3389493888795436e-07,0.0,4.9024637384483214e-06,4.915853232337117e-05
2118,0.0,lbfgs,7818,982.5813205242157,,,,4.1995367487454475e-05,1.339860637748613e-07,0.0,4.902796797434249e-06,4.916195403811735e-05
2119,0.0,lbfgs,7819,982.7919368743896,,,,4.195613720641487e-05,1.341241441736373e-07,0.0,4.903224922138612e-06,4.916637336555976e-05
2120,0.0,lbfgs,7820,983.166166305542,,,,4.194216691336491e-05,1.3411345731357003e-07,0.0,4.90287895295095e-06,4.916290298682307e-05
2121,0.0,lbfgs,7821,983.3720653057098,,,,4.190115875367911e-05,1.3415552284869246e-07,0.0,4.902667486775234e-06,4.916083039060103e-05
2122,0.0,lbfgs,7822,983.5860278606415,,,,4.185899064533677e-05,1.3398728743499867e-07,0.0,4.89967826373869e-06,4.91307699248219e-05
2123,0.0,lbfgs,7823,983.7972574234009,,,,4.1830106680120424e-05,1.3366913330047526e-07,0.0,4.900376701676994e-06,4.913743615007041e-05
2124,0.0,lbfgs,7824,984.0122241973877,,,,4.180966785544802e-05,1.3323345558879637e-07,0.0,4.892704748943497e-06,4.9060280945023764e-05
2125,0.0,lbfgs,7825,984.2324657440186,,,,4.177864328183222e-05,1.3322020726115234e-07,0.0,4.891513581800421e-06,4.904835602526536e-05
2126,0.0,lbfgs,7826,984.4338901042938,,,,4.174206399688418e-05,1.3328908728228577e-07,0.0,4.889234460300129e-06,4.9025633690283575e-05
2127,0.0,lbfgs,7827,984.6484770774841,,,,4.172427605978674e-05,1.3334651736020984e-07,0.0,4.887180258546226e-06,4.9005149102822465e-05
2128,0.0,lbfgs,7828,984.8565208911896,,,,4.169182706821913e-05,1.3343860686099905e-07,0.0,4.881964896432498e-06,4.8953087571185984e-05
2129,0.0,lbfgs,7829,985.0704538822174,,,,4.1638279172840346e-05,1.337086318682564e-07,0.0,4.867047213920953e-06,4.880418077107779e-05
2130,0.0,lbfgs,7830,985.3378119468689,,,,4.159922881744075e-05,1.3366047803688287e-07,0.0,4.853833678833356e-06,4.8671997266370445e-05
2131,0.0,lbfgs,7831,985.5725653171539,,,,4.157199947544916e-05,1.3352712274132675e-07,0.0,4.851266114371211e-06,4.8646188266453433e-05
2132,0.0,lbfgs,7832,985.7937633991241,,,,4.1553905719379304e-05,1.3336218533593187e-07,0.0,4.848606639673828e-06,4.861942858207421e-05
2133,0.0,lbfgs,7833,986.0508275032043,,,,4.153763772766936e-05,1.332090640873471e-07,0.0,4.846131418003118e-06,4.859452324411853e-05
2134,0.0,lbfgs,7834,986.4417843818665,,,,4.152378390750242e-05,1.3298865576452066e-07,0.0,4.846459034179266e-06,4.8597578997557184e-05
2135,0.0,lbfgs,7835,986.6619529724121,,,,4.149193300646103e-05,1.3270541359567053e-07,0.0,4.841235698482849e-06,4.854506239842416e-05
2136,0.0,lbfgs,7836,986.9056279659271,,,,4.146955965850271e-05,1.3256924535511776e-07,0.0,4.8387247179295515e-06,4.851981642465063e-05
2137,0.0,lbfgs,7837,987.1269581317902,,,,4.143884393754275e-05,1.324411091965251e-07,0.0,4.835952876856812e-06,4.849196987776464e-05
2138,0.0,lbfgs,7838,987.3385043144226,,,,4.13986220681611e-05,1.3233258001546998e-07,0.0,4.832751585855836e-06,4.845984843857383e-05
2139,0.0,lbfgs,7839,987.7366828918457,,,,4.1379190951639725e-05,1.32554564937759e-07,0.0,4.8295774920901704e-06,4.842832948583946e-05
2140,0.0,lbfgs,7840,987.9403991699219,,,,4.132300492041099e-05,1.324234055969129e-07,0.0,4.826125658331872e-06,4.839367998891563e-05
2141,0.0,lbfgs,7841,988.1507859230042,,,,4.1287784554009174e-05,1.3239487109399884e-07,0.0,4.823485194566119e-06,4.8367246816755185e-05
2142,0.0,lbfgs,7842,988.3618998527527,,,,4.126179999259014e-05,1.3239947652116828e-07,0.0,4.82116016346281e-06,4.834400111114926e-05
2143,0.0,lbfgs,7843,988.559814453125,,,,4.1238843012071785e-05,1.3233736019612782e-07,0.0,4.8188836137362125e-06,4.832117349755825e-05
2144,0.0,lbfgs,7844,988.7665846347809,,,,4.119288198007245e-05,1.3235324964507906e-07,0.0,4.8125668510794504e-06,4.8258021760439585e-05
2145,0.0,lbfgs,7845,988.9678106307983,,,,4.1158032764711234e-05,1.3149598652431528e-07,0.0,4.805579419636769e-06,4.8187290182892e-05
2146,0.0,lbfgs,7846,989.1671206951141,,,,4.1130167387067166e-05,1.317505468420776e-07,0.0,4.802897011570389e-06,4.816072066254597e-05
2147,0.0,lbfgs,7847,989.3855717182159,,,,4.111925373451937e-05,1.3144350761895933e-07,0.0,4.801395849280907e-06,4.814540200042802e-05
2148,0.0,lbfgs,7848,989.618246793747,,,,4.110580825573347e-05,1.3150509041122216e-07,0.0,4.799538322421465e-06,4.812688831462588e-05
2149,0.0,lbfgs,7849,989.8753027915955,,,,4.1098059680561964e-05,1.3149185408192338e-07,0.0,4.7979995236275164e-06,4.811148709035708e-05
2150,0.0,lbfgs,7850,990.1116759777069,,,,4.1072457397030735e-05,1.3143926416052462e-07,0.0,4.7923655048161386e-06,4.805509431232191e-05
2151,0.0,lbfgs,7851,990.3469355106354,,,,4.104236623302086e-05,1.313439738596115e-07,0.0,4.7854876340235086e-06,4.79862203140947e-05
2152,0.0,lbfgs,7852,990.5809338092804,,,,4.099317563183265e-05,1.310322521249636e-07,0.0,4.775907750833638e-06,4.7890109760461344e-05
2153,0.0,lbfgs,7853,990.9432311058044,,,,4.096593402014591e-05,1.309474639094502e-07,0.0,4.771765406113048e-06,4.7848601525039936e-05
2154,0.0,lbfgs,7854,991.1682906150818,,,,4.09055641109585e-05,1.302944966794399e-07,0.0,4.760822100895805e-06,4.773851550563748e-05
2155,0.0,lbfgs,7855,991.4147372245789,,,,4.0864309244777755e-05,1.297743055935106e-07,0.0,4.757229366192878e-06,4.770206796752229e-05
2156,0.0,lbfgs,7856,991.8284471035004,,,,4.085129317561733e-05,1.2953547712619823e-07,0.0,4.754426023157859e-06,4.7673795708704787e-05
2157,0.0,lbfgs,7857,992.0640609264374,,,,4.082718845132129e-05,1.2928346651849415e-07,0.0,4.7544573827040755e-06,4.7673857293559244e-05
2158,0.0,lbfgs,7858,992.3105003833771,,,,4.080123901589013e-05,1.2898963351817292e-07,0.0,4.752532621506855e-06,4.765431584858672e-05
2159,0.0,lbfgs,7859,992.5356199741364,,,,4.076102339526772e-05,1.2852887170768876e-07,0.0,4.7475238244384496e-06,4.7603767116092184e-05
2160,0.0,lbfgs,7860,992.7646026611328,,,,4.0726162761615386e-05,1.282054272659308e-07,0.0,4.741677456636024e-06,4.754497999362617e-05
2161,0.0,lbfgs,7861,992.9674005508423,,,,4.067667694120303e-05,1.2789597348401657e-07,0.0,4.734148633083222e-06,4.746938230431624e-05
2162,0.0,lbfgs,7862,993.1829619407654,,,,4.065606844680826e-05,1.2774637560578668e-07,0.0,4.726168542075594e-06,4.7389431796361724e-05
2163,0.0,lbfgs,7863,993.4128782749176,,,,4.057488873457106e-05,1.2746996309377111e-07,0.0,4.716797780911302e-06,4.729544777220679e-05
2164,0.0,lbfgs,7864,993.6657998561859,,,,4.053993200807192e-05,1.2744603192532992e-07,0.0,4.712829707197756e-06,4.725574310390289e-05
2165,0.0,lbfgs,7865,993.9076125621796,,,,4.0512695544510125e-05,1.2750369936985023e-07,0.0,4.7100221916700974e-06,4.722772561607083e-05
2166,0.0,lbfgs,7866,994.1534974575043,,,,4.048227816358352e-05,1.275162375923761e-07,0.0,4.709277448749839e-06,4.722029072509076e-05
2167,0.0,lbfgs,7867,994.5563108921051,,,,4.045872094901072e-05,1.2736409183222465e-07,0.0,4.702074453864641e-06,4.714810863047863e-05
2168,0.0,lbfgs,7868,994.7847621440887,,,,4.041660824292346e-05,1.2719190962352415e-07,0.0,4.701252514539891e-06,4.713971705502243e-05
2169,0.0,lbfgs,7869,995.0019299983978,,,,4.0392991786485724e-05,1.2702002281769618e-07,0.0,4.698096164543311e-06,4.71079816682508e-05
2170,0.0,lbfgs,7870,995.2148559093475,,,,4.03571649792346e-05,1.267566469926519e-07,0.0,4.690610392369668e-06,4.7032860570689335e-05
2171,0.0,lbfgs,7871,995.4467158317566,,,,4.032084083999709e-05,1.2661470352935298e-07,0.0,4.684704958949244e-06,4.69736642930218e-05
2172,0.0,lbfgs,7872,995.8218076229095,,,,4.029984942998745e-05,1.2639835186181684e-07,0.0,4.680263209437953e-06,4.6929030446241344e-05
2173,0.0,lbfgs,7873,996.0671496391296,,,,4.02747212622781e-05,1.2643730369810375e-07,0.0,4.678398384473574e-06,4.691042114843384e-05
2174,0.0,lbfgs,7874,996.3063652515411,,,,4.026126067159179e-05,1.2638727709264204e-07,0.0,4.67744928511325e-06,4.6900880128225144e-05
2175,0.0,lbfgs,7875,996.5179855823517,,,,4.022169621146707e-05,1.2625593365480444e-07,0.0,4.675542948578206e-06,4.688168541943686e-05
2176,0.0,lbfgs,7876,996.7618024349213,,,,4.018235984788893e-05,1.2595039933177182e-07,0.0,4.6710283914006966e-06,4.683623431333874e-05
2177,0.0,lbfgs,7877,996.9727914333344,,,,4.01400322087547e-05,1.2589483136093236e-07,0.0,4.6715791229863256e-06,4.684168606122419e-05
2178,0.0,lbfgs,7878,997.1859829425812,,,,4.010757263184907e-05,1.2529024742493353e-07,0.0,4.665907995253075e-06,4.678437019995568e-05
2179,0.0,lbfgs,7879,997.4167420864105,,,,4.00805929135019e-05,1.2537870437254331e-07,0.0,4.662800929201087e-06,4.675338799638342e-05
2180,0.0,lbfgs,7880,997.6558542251587,,,,4.006045968094664e-05,1.254864555990886e-07,0.0,4.659620191247556e-06,4.672168836807465e-05
2181,0.0,lbfgs,7881,997.9014763832092,,,,4.00371683970553e-05,1.255702884866779e-07,0.0,4.65594778550758e-06,4.668504814356248e-05
2182,0.0,lbfgs,7882,998.329925775528,,,,4.0025041241443295e-05,1.2562741550223917e-07,0.0,4.654823282810435e-06,4.6673860243606585e-05
2183,0.0,lbfgs,7883,998.5886316299438,,,,3.99950104057155e-05,1.2570404105492404e-07,0.0,4.650553795777457e-06,4.663124199882949e-05
2184,0.0,lbfgs,7884,998.8285136222839,,,,3.997066594878942e-05,1.256777124068919e-07,0.0,4.647653385675129e-06,4.660221156915818e-05
2185,0.0,lbfgs,7885,999.0416190624237,,,,3.9940115168166135e-05,1.2553771143748599e-07,0.0,4.644694934826747e-06,4.657248705970495e-05
2186,0.0,lbfgs,7886,999.2511353492737,,,,3.990671293025813e-05,1.2533625099580702e-07,0.0,4.642202252666414e-06,4.6547358777659945e-05
2187,0.0,lbfgs,7887,999.4640378952026,,,,3.984125781501982e-05,1.2496979156305668e-07,0.0,4.641746695929129e-06,4.6542436750854344e-05
2188,0.0,lbfgs,7888,999.852855682373,,,,3.980475331332678e-05,1.2476708736558637e-07,0.0,4.638112374296323e-06,4.650589083032882e-05
2189,0.0,lbfgs,7889,1000.0555937290192,,,,3.977041739782824e-05,1.2468528708689257e-07,0.0,4.638613923556588e-06,4.651082452265277e-05
2190,0.0,lbfgs,7890,1000.2687108516693,,,,3.97490304030079e-05,1.2473839050729036e-07,0.0,4.63876395284234e-06,4.6512377918930685e-05
2191,0.0,lbfgs,7891,1000.507063627243,,,,3.9730352166239815e-05,1.2474610095114504e-07,0.0,4.637784081442213e-06,4.650258691537327e-05
2192,0.0,lbfgs,7892,1000.7010369300842,,,,3.972531154210032e-05,1.2522659387938348e-07,0.0,4.6365405652709795e-06,4.649063224658918e-05
2193,0.0,lbfgs,7893,1000.9032907485962,,,,3.967604908590071e-05,1.2478938768331876e-07,0.0,4.63314247575489e-06,4.645621414523222e-05
2194,0.0,lbfgs,7894,1001.1683902740479,,,,3.966104537383505e-05,1.2464278085007656e-07,0.0,4.630703198953276e-06,4.6431674770382835e-05
2195,0.0,lbfgs,7895,1001.4275255203247,,,,3.9638845683678897e-05,1.2450667268213444e-07,0.0,4.626752175046696e-06,4.63920284231491e-05
2196,0.0,lbfgs,7896,1001.661276102066,,,,3.9619039567705e-05,1.243864084583472e-07,0.0,4.623432467353768e-06,4.6358711081996026e-05
2197,0.0,lbfgs,7897,1001.8900737762451,,,,3.9612356379736376e-05,1.2465512926525815e-07,0.0,4.622837083563163e-06,4.635302596489689e-05
2198,0.0,lbfgs,7898,1002.1088831424713,,,,3.9601538001127984e-05,1.2447976151563096e-07,0.0,4.621641213891895e-06,4.634089190043458e-05
2199,0.0,lbfgs,7899,1002.3341581821442,,,,3.959680783245995e-05,1.244379393349159e-07,0.0,4.62132872865241e-06,4.633772522585902e-05
2200,0.0,lbfgs,7900,1002.5359857082367,,,,3.9582191946350194e-05,1.2436112778765818e-07,0.0,4.620380380139976e-06,4.632816492918742e-05
2201,0.0,lbfgs,7901,1002.7661051750183,,,,3.955730312613198e-05,1.242851296815063e-07,0.0,4.6186423471668965e-06,4.631070860135047e-05
2202,0.0,lbfgs,7902,1002.9700963497162,,,,3.952158174396472e-05,1.2414362985841824e-07,0.0,4.616219880193909e-06,4.628634243179751e-05
2203,0.0,lbfgs,7903,1003.3837077617645,,,,3.950721940968497e-05,1.24161268204168e-07,0.0,4.613553757607294e-06,4.62596988442771e-05
2204,0.0,lbfgs,7904,1003.5956501960754,,,,3.947904090818967e-05,1.2408639052129648e-07,0.0,4.611673970560804e-06,4.624082609612934e-05
2205,0.0,lbfgs,7905,1003.8052034378052,,,,3.945272076599014e-05,1.2391573744998856e-07,0.0,4.609989081115091e-06,4.62238065486009e-05
2206,0.0,lbfgs,7906,1004.0070459842682,,,,3.942824897794586e-05,1.2376281527570265e-07,0.0,4.608195938099725e-06,4.620572219627295e-05
2207,0.0,lbfgs,7907,1004.2019190788269,,,,3.940826087734478e-05,1.2345961262218087e-07,0.0,4.606489720405634e-06,4.6188356816678525e-05
2208,0.0,lbfgs,7908,1004.5951926708221,,,,3.9396096307101515e-05,1.2337614018226207e-07,0.0,4.603493958688749e-06,4.615831572706975e-05
2209,0.0,lbfgs,7909,1004.7993185520172,,,,3.9382305225659245e-05,1.2322989010944634e-07,0.0,4.602152000245203e-06,4.614474989256147e-05
2210,0.0,lbfgs,7910,1005.0290794372559,,,,3.936614103652104e-05,1.2318502393360467e-07,0.0,4.600871063319218e-06,4.6131895657125786e-05
2211,0.0,lbfgs,7911,1005.2457797527313,,,,3.935156399165491e-05,1.2310701403601075e-07,0.0,4.59707552931562e-06,4.609386230719221e-05
2212,0.0,lbfgs,7912,1005.4894382953644,,,,3.9334105586225445e-05,1.2316066175487279e-07,0.0,4.594495707978695e-06,4.606811774154183e-05
2213,0.0,lbfgs,7913,1005.7513432502747,,,,3.930226621804569e-05,1.231864755339688e-07,0.0,4.588544752988611e-06,4.600863400542008e-05
2214,0.0,lbfgs,7914,1005.9842731952667,,,,3.92771897533245e-05,1.23091409164959e-07,0.0,4.583271976309562e-06,4.5955811172260584e-05
2215,0.0,lbfgs,7915,1006.214809179306,,,,3.927086213624783e-05,1.2284689564410855e-07,0.0,4.580470498623238e-06,4.592755188187649e-05
2216,0.0,lbfgs,7916,1006.4290592670441,,,,3.9244894028487335e-05,1.2272514383534982e-07,0.0,4.5777012461978465e-06,4.589973760581381e-05
2217,0.0,lbfgs,7917,1006.6430320739746,,,,3.923769849776702e-05,1.226325193802468e-07,0.0,4.577777083777327e-06,4.5900403357153516e-05
2218,0.0,lbfgs,7918,1006.8836226463318,,,,3.922816420806998e-05,1.2248764588921033e-07,0.0,4.577942742036e-06,4.590191506624921e-05
2219,0.0,lbfgs,7919,1007.107471704483,,,,3.921395820996808e-05,1.2221840040849078e-07,0.0,4.575144331503408e-06,4.587366171544258e-05
2220,0.0,lbfgs,7920,1007.3581993579865,,,,3.919429451627103e-05,1.2202902984136006e-07,0.0,4.575133406118087e-06,4.5873363091022234e-05
2221,0.0,lbfgs,7921,1007.6009523868561,,,,3.9164902261729624e-05,1.2181895864076586e-07,0.0,4.569755414054538e-06,4.5819373099186145e-05
2222,0.0,lbfgs,7922,1007.822126865387,,,,3.913400503163305e-05,1.217971863450244e-07,0.0,4.566577913532022e-06,4.5787576321665244e-05
2223,0.0,lbfgs,7923,1008.0528981685638,,,,3.911653520242886e-05,1.2179204756701708e-07,0.0,4.563009694272463e-06,4.5751888990291655e-05
2224,0.0,lbfgs,7924,1008.2784504890442,,,,3.909733154831245e-05,1.2172442759953913e-07,0.0,4.558316511517373e-06,4.570488954277327e-05
2225,0.0,lbfgs,7925,1008.4773495197296,,,,3.907005022940554e-05,1.2170043779677886e-07,0.0,4.552562771316565e-06,4.564732815096243e-05
2226,0.0,lbfgs,7926,1008.680403470993,,,,3.903743020838986e-05,1.2143801989991715e-07,0.0,4.543587909367943e-06,4.555731711357935e-05
2227,0.0,lbfgs,7927,1008.8940629959106,,,,3.901268356444557e-05,1.2131861958741708e-07,0.0,4.5403386968095155e-06,4.552470558768257e-05
2228,0.0,lbfgs,7928,1009.101535320282,,,,3.898806357864367e-05,1.212707616311245e-07,0.0,4.53887293973349e-06,4.5510000158966024e-05
2229,0.0,lbfgs,7929,1009.3035809993744,,,,3.89590988398387e-05,1.211879763408882e-07,0.0,4.537654347837738e-06,4.549773145471827e-05
2230,0.0,lbfgs,7930,1009.6601316928864,,,,3.893614911528032e-05,1.214076420854839e-07,0.0,4.539594497045935e-06,4.551735261254484e-05
2231,0.0,lbfgs,7931,1009.8567807674408,,,,3.890277259111319e-05,1.2131877560420904e-07,0.0,4.538616321609129e-06,4.5507481991695494e-05
2232,0.0,lbfgs,7932,1010.0600879192352,,,,3.888095666779118e-05,1.2128524194293989e-07,0.0,4.537954703426822e-06,4.550083227621116e-05
2233,0.0,lbfgs,7933,1010.261381149292,,,,3.88626907993695e-05,1.2124199210089464e-07,0.0,4.536442527379577e-06,4.548566726589666e-05
2234,0.0,lbfgs,7934,1010.4750354290009,,,,3.881380097728812e-05,1.2114745475062964e-07,0.0,4.531614872422711e-06,4.543729617897773e-05
2235,0.0,lbfgs,7935,1010.737774848938,,,,3.879912097516666e-05,1.2121533067784923e-07,0.0,4.532292844123503e-06,4.544414377191288e-05
2236,0.0,lbfgs,7936,1011.0040316581726,,,,3.8735613142732266e-05,1.210418138128004e-07,0.0,4.526920683250304e-06,4.539024864631584e-05
2237,0.0,lbfgs,7937,1011.2563910484314,,,,3.871253363138075e-05,1.2102793322545162e-07,0.0,4.5250734665751635e-06,4.5371762598977086e-05
2238,0.0,lbfgs,7938,1011.4644191265106,,,,3.867631416017042e-05,1.2099974269482748e-07,0.0,4.522276292962748e-06,4.5343762672322306e-05
2239,0.0,lbfgs,7939,1011.664865732193,,,,3.8615889738956565e-05,1.2100008629867097e-07,0.0,4.514474168496541e-06,4.526574177126408e-05
2240,0.0,lbfgs,7940,1012.0438675880432,,,,3.860004362483851e-05,1.2094108037288338e-07,0.0,4.513695429093461e-06,4.525789537130749e-05
2241,0.0,lbfgs,7941,1012.2496399879456,,,,3.855354016181395e-05,1.210451417174971e-07,0.0,4.505032363166103e-06,4.517136877337853e-05
2242,0.0,lbfgs,7942,1012.4865729808807,,,,3.852359249723517e-05,1.2104586914957806e-07,0.0,4.499259657959626e-06,4.5113642448745834e-05
2243,0.0,lbfgs,7943,1012.7318730354309,,,,3.847282120891273e-05,1.2091043243388643e-07,0.0,4.490024516823735e-06,4.502115560067124e-05
2244,0.0,lbfgs,7944,1012.9790802001953,,,,3.842974774503799e-05,1.2090632293443294e-07,0.0,4.483384676981176e-06,4.4954753092746194e-05
2245,0.0,lbfgs,7945,1013.3401744365692,,,,3.8410421553739974e-05,1.2053979007444366e-07,0.0,4.48173813327032e-06,4.493792112277764e-05
2246,0.0,lbfgs,7946,1013.5713295936584,,,,3.8385349680032576e-05,1.20546246788976e-07,0.0,4.4798626554595194e-06,4.491917280138417e-05
2247,0.0,lbfgs,7947,1013.8020114898682,,,,3.836829018817048e-05,1.20506746560433e-07,0.0,4.4796274257438975e-06,4.49167810039994e-05
2248,0.0,lbfgs,7948,1014.0327003002167,,,,3.835077223369192e-05,1.2043433802396422e-07,0.0,4.478843952516636e-06,4.490887386319033e-05
2249,0.0,lbfgs,7949,1014.2545537948608,,,,3.831261921978618e-05,1.2020164306810606e-07,0.0,4.4751878311023745e-06,4.487207995409185e-05
2250,0.0,lbfgs,7950,1014.6405324935913,,,,3.8293558507905154e-05,1.2044728004618866e-07,0.0,4.473570325920925e-06,4.4856150539255444e-05
2251,0.0,lbfgs,7951,1014.8607318401337,,,,3.826890735629494e-05,1.2027027884076367e-07,0.0,4.469832252737588e-06,4.481859280621665e-05
2252,0.0,lbfgs,7952,1015.0645837783813,,,,3.825256484339127e-05,1.2024858260755384e-07,0.0,4.466844275124679e-06,4.4788691333854345e-05
2253,0.0,lbfgs,7953,1015.2812004089355,,,,3.822923517825639e-05,1.2027135630929633e-07,0.0,4.463068791292475e-06,4.4750959269234044e-05
2254,0.0,lbfgs,7954,1015.4845895767212,,,,3.8186539367500793e-05,1.2035500186854078e-07,0.0,4.457638927293268e-06,4.469674427480122e-05
2255,0.0,lbfgs,7955,1015.8677000999451,,,,3.817713293090811e-05,1.2028147469211765e-07,0.0,4.455744510680171e-06,4.467772658149383e-05
2256,0.0,lbfgs,7956,1016.0766637325287,,,,3.815165762858878e-05,1.2027992811965285e-07,0.0,4.453688336731253e-06,4.4657163295432185e-05
2257,0.0,lbfgs,7957,1016.3025574684143,,,,3.812835003138471e-05,1.201762332284105e-07,0.0,4.452910521217406e-06,4.464928144540247e-05
2258,0.0,lbfgs,7958,1016.5072300434113,,,,3.8095821683719336e-05,1.2000596144031447e-07,0.0,4.453080993114804e-06,4.4650815892588355e-05
2259,0.0,lbfgs,7959,1016.7410252094269,,,,3.80612165586754e-05,1.1986580038749837e-07,0.0,4.453208329902012e-06,4.4651949099407616e-05
2260,0.0,lbfgs,7960,1017.1453382968903,,,,3.80406535823002e-05,1.1993177847646358e-07,0.0,4.456096245906098e-06,4.468089423753744e-05
2261,0.0,lbfgs,7961,1017.3820037841797,,,,3.801383241145773e-05,1.1988901436613218e-07,0.0,4.455453199472468e-06,4.4674421009090816e-05
2262,0.0,lbfgs,7962,1017.6086311340332,,,,3.799652389076672e-05,1.1992353439241076e-07,0.0,4.454498402936526e-06,4.4664907563757665e-05
2263,0.0,lbfgs,7963,1017.8547041416168,,,,3.7978531900579796e-05,1.199486101971451e-07,0.0,4.452983396164343e-06,4.4649782571840574e-05
2264,0.0,lbfgs,7964,1018.1193497180939,,,,3.7945243904682086e-05,1.1983331669407115e-07,0.0,4.448460205718617e-06,4.4604435373880246e-05
2265,0.0,lbfgs,7965,1018.5017340183258,,,,3.7929004808371416e-05,1.1992564345468963e-07,0.0,4.4500049770093185e-06,4.461997541354787e-05
2266,0.0,lbfgs,7966,1018.6957907676697,,,,3.7895622093796895e-05,1.195573357295226e-07,0.0,4.444113575554158e-06,4.45606930912711e-05
2267,0.0,lbfgs,7967,1018.9561767578125,,,,3.786877998953494e-05,1.1913577951544188e-07,0.0,4.439084655517003e-06,4.450998233468547e-05
2268,0.0,lbfgs,7968,1019.2081096172333,,,,3.784809650295785e-05,1.1878598940561454e-07,0.0,4.435536508036824e-06,4.447415106977385e-05
2269,0.0,lbfgs,7969,1019.4435932636261,,,,3.782931817719971e-05,1.1852869910682948e-07,0.0,4.431923954982599e-06,4.4437768248932815e-05
2270,0.0,lbfgs,7970,1019.6400954723358,,,,3.780257261954818e-05,1.1831388127603998e-07,0.0,4.426948304412956e-06,4.4387796925405604e-05
2271,0.0,lbfgs,7971,1019.8416786193848,,,,3.775991541940328e-05,1.1820907381643016e-07,0.0,4.418281152908595e-06,4.430102060290238e-05
2272,0.0,lbfgs,7972,1020.1026961803436,,,,3.7725369272208645e-05,1.1802706384347966e-07,0.0,4.409242105321996e-06,4.4210448117063434e-05
2273,0.0,lbfgs,7973,1020.3540313243866,,,,3.7707855081955536e-05,1.1807713307862716e-07,0.0,4.405228840910438e-06,4.4170365542183e-05
2274,0.0,lbfgs,7974,1020.598347902298,,,,3.7681711317498054e-05,1.1811603596209311e-07,0.0,4.400089187566212e-06,4.411900791162421e-05
2275,0.0,lbfgs,7975,1020.8109934329987,,,,3.763994712825864e-05,1.1813340630387068e-07,0.0,4.393225608549101e-06,4.405038949179488e-05
2276,0.0,lbfgs,7976,1021.0267181396484,,,,3.758778637851871e-05,1.1824903519592518e-07,0.0,4.3869749695851285e-06,4.398799873104721e-05
2277,0.0,lbfgs,7977,1021.2590951919556,,,,3.753586656199101e-05,1.184409254581453e-07,0.0,4.3832200110582535e-06,4.395064103604068e-05
2278,0.0,lbfgs,7978,1021.6637051105499,,,,3.7516069646741084e-05,1.184479278580244e-07,0.0,4.38054267560053e-06,4.392387468386333e-05
2279,0.0,lbfgs,7979,1021.8728532791138,,,,3.748781426724873e-05,1.1853414552535039e-07,0.0,4.380559420378025e-06,4.39241283493056e-05
2280,0.0,lbfgs,7980,1022.1381130218506,,,,3.747021481070352e-05,1.1849482685140412e-07,0.0,4.380204689144622e-06,4.392054171829763e-05
2281,0.0,lbfgs,7981,1022.3668937683105,,,,3.744353335608705e-05,1.1835922196392593e-07,0.0,4.3779360984417975e-06,4.38977202063819e-05
2282,0.0,lbfgs,7982,1022.6002669334412,,,,3.741100441920205e-05,1.181895808519685e-07,0.0,4.375253721156055e-06,4.387072679241252e-05
2283,0.0,lbfgs,7983,1022.8384869098663,,,,3.7403119504001036e-05,1.1786776511772413e-07,0.0,4.372929071834037e-06,4.3847158483458096e-05
2284,0.0,lbfgs,7984,1023.0467305183411,,,,3.736557221674181e-05,1.1780507471120608e-07,0.0,4.368749826903256e-06,4.3805303343743765e-05
2285,0.0,lbfgs,7985,1023.3466217517853,,,,3.735495520591e-05,1.1775798152727962e-07,0.0,4.3672263155623385e-06,4.379002113715067e-05
2286,0.0,lbfgs,7986,1023.5883820056915,,,,3.734332839467526e-05,1.1764988524611817e-07,0.0,4.365934844272572e-06,4.377699832797185e-05
2287,0.0,lbfgs,7987,1023.787116765976,,,,3.732017920250432e-05,1.1743091175516474e-07,0.0,4.364381591916254e-06,4.376124683091771e-05
2288,0.0,lbfgs,7988,1024.0210585594177,,,,3.730311744346547e-05,1.172079607061112e-07,0.0,4.3606941177029325e-06,4.3724149137735436e-05
2289,0.0,lbfgs,7989,1024.228315114975,,,,3.725003201561904e-05,1.1673122765435737e-07,0.0,4.357911928714866e-06,4.3695850514803016e-05
2290,0.0,lbfgs,7990,1024.4788591861725,,,,3.722532654684964e-05,1.1661304624959256e-07,0.0,4.355463009691785e-06,4.367124314316745e-05
2291,0.0,lbfgs,7991,1024.711790561676,,,,3.719442060227235e-05,1.1650076180835143e-07,0.0,4.350042705713379e-06,4.361692781894214e-05
2292,0.0,lbfgs,7992,1024.9457054138184,,,,3.7177449028431225e-05,1.1633792387244225e-07,0.0,4.34653088116038e-06,4.3581646735476244e-05
2293,0.0,lbfgs,7993,1025.1747920513153,,,,3.715236442300357e-05,1.1641614418578039e-07,0.0,4.338388165455304e-06,4.3500297798738814e-05
2294,0.0,lbfgs,7994,1025.3976895809174,,,,3.7133613208645345e-05,1.1644326897078901e-07,0.0,4.333034206906449e-06,4.344678533803528e-05
2295,0.0,lbfgs,7995,1025.630853176117,,,,3.710986617737141e-05,1.1645743603095637e-07,0.0,4.328491845375929e-06,4.3401375889790255e-05
2296,0.0,lbfgs,7996,1025.8606855869293,,,,3.708471137253422e-05,1.1635430746079426e-07,0.0,4.325422141761239e-06,4.337057572507319e-05
2297,0.0,lbfgs,7997,1026.3164508342743,,,,3.7074564267277974e-05,1.1661780265704829e-07,0.0,4.324347638291558e-06,4.336009418557262e-05
2298,0.0,lbfgs,7998,1026.5524549484253,,,,3.705574212029322e-05,1.164510690752986e-07,0.0,4.323583396570239e-06,4.335228503477769e-05
2299,0.0,lbfgs,7999,1026.7752118110657,,,,3.7039745095857194e-05,1.1634760609087016e-07,0.0,4.32346627271887e-06,4.3351010333279566e-05
2300,0.0,lbfgs,8000,1027.0236897468567,,,,3.70278233336736e-05,1.1631703968647191e-07,0.0,4.322973145406155e-06,4.334604849374802e-05
