epoch,lr,stage,step,time,train_data,train_ic,train_phys,train_total,val_data,val_ic,val_phys,val_total
0,0.001,adam,1,21.164072036743164,0.03575808304929737,0.0,4.67380296711017,0.040431886238401264,,,,
1,0.001,adam,2,21.203816175460815,0.02644918779145437,0.0,3.9061343464001808,0.030355322323385975,,,,
2,0.001,adam,3,21.256335496902466,0.0219799137689384,0.0,2.780834358563564,0.02476074825958451,,,,
3,0.001,adam,4,21.30285143852234,0.017493884729799507,0.0,2.4877572004572293,0.019981642048418864,,,,
4,0.001,adam,5,21.35454249382019,0.014566276486538868,0.0,1.8635304595745956,0.01642980703462641,,,,
5,0.001,adam,6,21.405550241470337,0.01379016249269626,0.0,1.7565413931507892,0.015546703969278288,,,,
6,0.001,adam,7,21.461096048355103,0.013987300791958802,0.0,1.5896191534805293,0.01557692002094219,,,,
7,0.001,adam,8,21.505068063735962,0.014288552188700931,0.0,1.3624140156237992,0.015650966269035924,,,,
8,0.001,adam,9,21.545989990234375,0.014587965272981325,0.0,1.0327317538700047,0.015620697075903456,,,,
9,0.001,adam,10,21.59078884124756,0.014566449649536958,0.0,0.9471219167246179,0.015513571611247452,,,,
10,0.001,adam,11,21.64816117286682,0.014237542849595542,0.0,0.8161988482000471,0.015053741736562954,,,,
11,0.001,adam,12,21.708566427230835,0.013970905123435535,0.0,0.7822161638580262,0.014753121324446835,,,,
12,0.001,adam,13,21.776789903640747,0.013801123413299286,0.0,0.8176882146324302,0.014618811666769822,,,,
13,0.001,adam,14,21.83698534965515,0.013535685664964086,0.0,0.9438972854654656,0.014479582995262266,,,,
14,0.001,adam,15,21.895957469940186,0.013175705484951606,0.0,1.1620931872957931,0.014337798727443864,,,,
15,0.001,adam,16,21.94532608985901,0.012819699347393307,0.0,1.1710350648460373,0.013990734467860526,,,,
16,0.001,adam,17,21.99967312812805,0.012472090105125868,0.0,1.2210354462062627,0.013693125609328203,,,,
17,0.001,adam,18,22.038466930389404,0.01213962362167017,0.0,1.2080893099378311,0.013347712988989164,,,,
18,0.001,adam,19,22.078275442123413,0.011890370289565737,0.0,1.3266671745482028,0.013217037527127249,,,,
19,0.001,adam,20,22.131614685058594,0.011732433648713961,0.0,1.1954137986864075,0.012927847504179477,0.012936564536379083,0.0,1.3426231621989801,0.014279187762349242
20,0.001,adam,21,24.585993766784668,0.011617754371381983,0.0,1.3230262170034537,0.01294078065122581,,,,
21,0.001,adam,22,24.643933534622192,0.011537764442816317,0.0,1.2176278558328648,0.012755392356483403,,,,
22,0.001,adam,23,24.686548233032227,0.01147208215659231,0.0,1.4282818680331713,0.01290036409246523,,,,
23,0.001,adam,24,24.724790811538696,0.011359702332319626,0.0,1.3701259367070826,0.012729828334104198,,,,
24,0.001,adam,25,24.77246403694153,0.01120345119496179,0.0,1.0226329118966972,0.012226084155430944,,,,
25,0.001,adam,26,24.826587200164795,0.011062218472071925,0.0,1.026488716314743,0.012088707237142267,,,,
26,0.001,adam,27,24.873231887817383,0.01094648091891063,0.0,1.0517881127355366,0.01199826908160342,,,,
27,0.001,adam,28,24.928682565689087,0.010847142455350905,0.0,0.8526762673936961,0.011699818763244552,,,,
28,0.001,adam,29,24.99156093597412,0.010765789804141359,0.0,0.8805694127770701,0.011646359258743232,,,,
29,0.001,adam,30,25.043988704681396,0.010651555833483994,0.0,0.6817551921254192,0.011333311057991046,,,,
30,0.001,adam,31,25.10088300704956,0.010463465234613509,0.0,0.8673499347693635,0.011330815210579784,,,,
31,0.001,adam,32,25.15696883201599,0.010244969431546196,0.0,0.6929584689027705,0.010937927933362727,,,,
32,0.001,adam,33,25.206180334091187,0.01000475136143144,0.0,0.6881877393604636,0.010692939133479067,,,,
33,0.001,adam,34,25.25757384300232,0.009740391605323327,0.0,0.7248561147043528,0.010465247754456498,,,,
34,0.001,adam,35,25.29609251022339,0.009471213859102249,0.0,0.709861296977364,0.010181075189796215,,,,
35,0.001,adam,36,25.345947265625,0.009191218171907293,0.0,0.8804048264408394,0.010071623040165118,,,,
36,0.001,adam,37,25.389004707336426,0.008904781701627548,0.0,0.8715478094378242,0.009776329552461672,,,,
37,0.001,adam,38,25.43594980239868,0.008622004970569266,0.0,0.78986981978473,0.0094118748278708,,,,
38,0.001,adam,39,25.472218990325928,0.008340985696081885,0.0,0.949071200672174,0.009290056941832523,,,,
39,0.001,adam,40,25.526339054107666,0.008062351230394409,0.0,0.7110005440885537,0.008773351808253676,0.009152310475913108,0.0,0.775659284036853,0.0099279697967918
40,0.001,adam,41,25.6094012260437,0.007784769320865922,0.0,0.7201289333399064,0.008504898288410117,,,,
41,0.001,adam,42,25.681583642959595,0.007527101965627222,0.0,0.8326280593677874,0.00835973006454272,,,,
42,0.001,adam,43,25.737033128738403,0.007291454753383256,0.0,0.792918654032976,0.008084373445077847,,,,
43,0.001,adam,44,25.80341339111328,0.007068410879368025,0.0,0.7742701153084388,0.00784268103145232,,,,
44,0.001,adam,45,25.84569215774536,0.006859430110681862,0.0,0.7653302481642215,0.00762476039519732,,,,
45,0.001,adam,46,25.883251428604126,0.00666293666152182,0.0,0.7974605278459246,0.007460397227245088,,,,
46,0.001,adam,47,25.931843519210815,0.006489154983983622,0.0,0.7816203217177741,0.007270775342826369,,,,
47,0.001,adam,48,25.97524333000183,0.006335819867378879,0.0,0.7394660970882484,0.007075285999589883,,,,
48,0.001,adam,49,26.022027730941772,0.00620729961662087,0.0,0.962585499505672,0.0071698851618469,,,,
49,0.001,adam,50,26.073846340179443,0.006113498069992398,0.0,0.7544602921299339,0.0068679583979572734,,,,
50,0.001,adam,51,26.12488055229187,0.006040255520541702,0.0,0.796201964405314,0.0068364575227645805,,,,
51,0.001,adam,52,26.17808485031128,0.005970706756716781,0.0,0.8368754946277518,0.006807582291093986,,,,
52,0.001,adam,53,26.22219204902649,0.00590384066127222,0.0,0.8167712616258218,0.006720611961692595,,,,
53,0.001,adam,54,26.26268982887268,0.00583483950307808,0.0,0.7431703344529575,0.006578009872829734,,,,
54,0.001,adam,55,26.301518201828003,0.005750680302540661,0.0,0.7890741110698929,0.006539754451089563,,,,
55,0.001,adam,56,26.364261150360107,0.005658028222620371,0.0,0.8301361095920123,0.006488164371641732,,,,
56,0.001,adam,57,26.413743019104004,0.005557086273117119,0.0,0.8756576350181238,0.006432743949726749,,,,
57,0.001,adam,58,26.457502603530884,0.005453955598886293,0.0,0.7125338268631329,0.006166489459592967,,,,
58,0.001,adam,59,26.50356674194336,0.005342782627648868,0.0,0.9005124818125025,0.006243295152233418,,,,
59,0.001,adam,60,26.56006956100464,0.005236839307798485,0.0,0.7604214520161611,0.005997260795932727,0.006752770594406527,0.0,0.8171076453551412,0.0075698782785721995
60,0.001,adam,61,26.63821268081665,0.0051379550700060735,0.0,0.7968861892529711,0.005934841297109108,,,,
61,0.001,adam,62,26.70416235923767,0.005051151401332989,0.0,0.8187935109716932,0.005869944951195287,,,,
62,0.001,adam,63,26.757152318954468,0.004977838735888854,0.0,0.8298276758772787,0.005807666451180833,,,,
63,0.001,adam,64,26.81131410598755,0.004914866581756854,0.0,0.8101860817813021,0.0057250527020199305,,,,
64,0.001,adam,65,26.859365224838257,0.004856416084208808,0.0,0.7617822164996279,0.00561819833689115,,,,
65,0.001,adam,66,26.92777919769287,0.004799013587711921,0.0,0.867031945631757,0.005666045574525486,,,,
66,0.001,adam,67,26.97505497932434,0.004739273273488088,0.0,0.7154709900168955,0.005454744297488032,,,,
67,0.001,adam,68,27.012096643447876,0.004676474963087956,0.0,0.8829122431871333,0.00555938724821117,,,,
68,0.001,adam,69,27.05824303627014,0.004611539758534979,0.0,0.766885396919543,0.005378425191879624,,,,
69,0.001,adam,70,27.106404781341553,0.004542257881788583,0.0,0.8094796177301374,0.005351737537966939,,,,
70,0.001,adam,71,27.145987033843994,0.00446590032349784,0.0,0.9167508617565371,0.005382651228797706,,,,
71,0.001,adam,72,27.198122024536133,0.0043956109884718715,0.0,0.8257710041476631,0.005221382031841553,,,,
72,0.001,adam,73,27.246108531951904,0.004327725209595334,0.0,0.782640333014635,0.00511036557978339,,,,
73,0.001,adam,74,27.295563220977783,0.004282573047475474,0.0,0.8161070761216939,0.0050986801623601734,,,,
74,0.001,adam,75,27.33235764503479,0.0043017792054461015,0.0,0.797330773874015,0.005099110017191296,,,,
75,0.001,adam,76,27.386638164520264,0.004442855108773763,0.0,0.8268512247823672,0.005269706372829456,,,,
76,0.001,adam,77,27.43409490585327,0.004450897448645103,0.0,0.7084874903724552,0.0051593849726689085,,,,
77,0.001,adam,78,27.47173500061035,0.004100045708380669,0.0,0.7069889583346224,0.004807034700295466,,,,
78,0.001,adam,79,27.525141716003418,0.0040236564438129825,0.0,0.8088400378413025,0.0048324965200721255,,,,
79,0.001,adam,80,27.57838225364685,0.004184939513497558,0.0,0.7819469520801613,0.004966886502718207,0.005541249655527535,0.0,0.770545431180413,0.006311795123306892
80,0.001,adam,81,27.656234979629517,0.003960725044647996,0.0,0.9156559837888063,0.004876381071928128,,,,
81,0.001,adam,82,27.709354877471924,0.0038782993059648546,0.0,0.8656817065275624,0.004743981053610092,,,,
82,0.001,adam,83,27.755046129226685,0.00400989877591427,0.0,0.8917193163141196,0.004901618134582784,,,,
83,0.001,adam,84,27.820577144622803,0.0038212031624619584,0.0,0.8379745707749897,0.004659177773038604,,,,
84,0.001,adam,85,27.876904249191284,0.0037962976842082718,0.0,0.7302207990350601,0.0045265185179269585,,,,
85,0.001,adam,86,27.9273202419281,0.0038413494070059172,0.0,0.824603093709311,0.004665952539881774,,,,
86,0.001,adam,87,27.97373652458191,0.003659919953360015,0.0,0.7048963967819414,0.004364816383622738,,,,
87,0.001,adam,88,28.02425241470337,0.0036742534960026887,0.0,0.6743302855038689,0.004348583813535528,,,,
88,0.001,adam,89,28.079171419143677,0.0036497356800632218,0.0,0.7663788346154955,0.004416114551079759,,,,
89,0.001,adam,90,28.136366844177246,0.0035202247306649875,0.0,0.7691241690184135,0.004289348936214838,,,,
90,0.001,adam,91,28.17963457107544,0.0035581871472518687,0.0,0.737337997690469,0.004295525179964013,,,,
91,0.001,adam,92,28.223908185958862,0.0034951390959951324,0.0,0.6931489582042379,0.004188288087122179,,,,
92,0.001,adam,93,28.29858922958374,0.0034108522477126527,0.0,0.6875004560097522,0.004098352736376924,,,,
93,0.001,adam,94,28.359642267227173,0.0034390025786273483,0.0,0.7300043067610318,0.004169006920061724,,,,
94,0.001,adam,95,28.41622233390808,0.003379720550994187,0.0,0.7178714912425436,0.004097592076333797,,,,
95,0.001,adam,96,28.485195875167847,0.003319599251540685,0.0,0.6812274203676429,0.004000826704264894,,,,
96,0.001,adam,97,28.538654327392578,0.003340071408598726,0.0,0.696166882541803,0.004036238324206682,,,,
97,0.001,adam,98,28.59946894645691,0.003283870226269973,0.0,0.7324657934852363,0.004016336054545468,,,,
98,0.001,adam,99,28.643773555755615,0.003210858433598048,0.0,0.6361055762125404,0.003846964040023982,,,,
99,0.001,adam,100,28.71494483947754,0.003198868318461849,0.0,0.7121256632066998,0.003910994015492703,0.004753757991994995,0.0,0.6750436298951878,0.0054288016539530345
100,0.001,adam,101,28.829017400741577,0.003162848271561543,0.0,0.7741747341343233,0.0039370230424671925,,,,
101,0.001,adam,102,28.882726430892944,0.0030982689779470727,0.0,0.6295086437054911,0.00372777765155262,,,,
102,0.001,adam,103,28.931129932403564,0.003076054365433271,0.0,0.6344364669158272,0.003710490862483213,,,,
103,0.001,adam,104,28.98180389404297,0.0030614010633926163,0.0,0.6458976367227844,0.0037072987307938923,,,,
104,0.001,adam,105,29.034512758255005,0.0030140909078500353,0.0,0.7758465361154332,0.0037899374808162013,,,,
105,0.001,adam,106,29.07299304008484,0.0029655315619510135,0.0,0.6779820951928309,0.003643513689346266,,,,
106,0.001,adam,107,29.12112021446228,0.002948265431668949,0.0,0.6209836898815485,0.0035692491510456404,,,,
107,0.001,adam,108,29.179165601730347,0.0029400618764352363,0.0,0.6909856018081,0.0036310475110633914,,,,
108,0.001,adam,109,29.227751970291138,0.0029152215359400913,0.0,0.581083644138511,0.0034963052076785943,,,,
109,0.001,adam,110,29.293335914611816,0.002873731354155443,0.0,0.6512697098088246,0.0035250010948979188,,,,
110,0.001,adam,111,29.350496292114258,0.00282640391361383,0.0,0.5937991717912425,0.00342020311360902,,,,
111,0.001,adam,112,29.399551153182983,0.002796528185819115,0.0,0.5662832695849722,0.003362811482301099,,,,
112,0.001,adam,113,29.45114278793335,0.0027744554290311135,0.0,0.6708283541653806,0.0034452838150591312,,,,
113,0.001,adam,114,29.506784439086914,0.0027547649994797705,0.0,0.6226507879410986,0.0033774158169951945,,,,
114,0.001,adam,115,29.55856490135193,0.002736495319304857,0.0,0.6363786819020392,0.003372874031433262,,,,
115,0.001,adam,116,29.607707262039185,0.0027187045327511416,0.0,0.6231230576439619,0.0033418276199918607,,,,
116,0.001,adam,117,29.652528762817383,0.0027033002178855426,0.0,0.5865501657801866,0.003289850411525367,,,,
117,0.001,adam,118,29.70060443878174,0.0026802417313648514,0.0,0.5532018401195458,0.003233443597760075,,,,
118,0.001,adam,119,29.735456228256226,0.0026682205020960807,0.0,0.5687287772641509,0.003236949306373399,,,,
119,0.001,adam,120,29.807875156402588,0.002671047284038805,0.0,0.6478662711106782,0.0033189135859214795,0.00410579841648898,0.0,0.5792710069591247,0.004685069450962001
120,0.001,adam,121,29.91446018218994,0.002701676604095893,0.0,0.6009725766439656,0.0033026492092845246,,,,
121,0.001,adam,122,29.957337617874146,0.002767753729337409,0.0,0.6764205244274317,0.0034441742858930917,,,,
122,0.001,adam,123,29.99258852005005,0.0028556501280281067,0.0,0.5583615921057816,0.0034140117466546407,,,,
123,0.001,adam,124,30.052457094192505,0.002848366368098732,0.0,0.6079536546211187,0.0034563200515960995,,,,
124,0.001,adam,125,30.12016463279724,0.0026836213487402266,0.0,0.5688091080251287,0.003252430483782338,,,,
125,0.001,adam,126,30.165690660476685,0.0024783799121980486,0.0,0.5463354319570006,0.00302471537010459,,,,
126,0.001,adam,127,30.206276178359985,0.002450878694415587,0.0,0.6266825028599211,0.00307756122704133,,,,
127,0.001,adam,128,30.267440795898438,0.0025718101069715452,0.0,0.4944535769337399,0.00306626370739057,,,,
128,0.001,adam,129,30.322230100631714,0.002613698068576252,0.0,0.47152752868546166,0.0030852256196580697,,,,
129,0.001,adam,130,30.393016815185547,0.0024878518553763016,0.0,0.5107667386112771,0.0029986186182476967,,,,
130,0.001,adam,131,30.474382638931274,0.0023480521925385084,0.0,0.5097341088242437,0.0028577863255738233,,,,
131,0.001,adam,132,30.52687644958496,0.0023501554246704607,0.0,0.5827217025117519,0.0029328771548600085,,,,
132,0.001,adam,133,30.58087396621704,0.0024235929039975773,0.0,0.5054100462740551,0.0029290029742773216,,,,
133,0.001,adam,134,30.637434005737305,0.002418637053671998,0.0,0.5216811522896722,0.002940318230740195,,,,
134,0.001,adam,135,30.70252227783203,0.002329451444470407,0.0,0.5421788798606502,0.002871630350083172,,,,
135,0.001,adam,136,30.755438327789307,0.0022604510653307522,0.0,0.49129987741521086,0.002751750966081455,,,,
136,0.001,adam,137,30.812939882278442,0.0022728272079275713,0.0,0.4845729003767948,0.0027574001313203436,,,,
137,0.001,adam,138,30.85817790031433,0.0023123717731003985,0.0,0.5044906530008711,0.00281686245006329,,,,
138,0.001,adam,139,30.89714479446411,0.0023077696970770483,0.0,0.586832661824901,0.002894602386775005,,,,
139,0.001,adam,140,30.959248304367065,0.0022513570877325533,0.0,0.5654978975334286,0.0028168550121256907,0.003462380764659844,0.0,0.4935747913195687,0.003955955579422957
140,0.001,adam,141,31.060400009155273,0.00218324814270651,0.0,0.5288158374056049,0.002712064005229519,,,,
141,0.001,adam,142,31.105640411376953,0.0021526418150363967,0.0,0.4769998359067089,0.0026296416735993823,,,,
142,0.001,adam,143,31.158820629119873,0.0021619539324105345,0.0,0.5479899895672379,0.0027099439480059,,,,
143,0.001,adam,144,31.2098708152771,0.002188073379933831,0.0,0.46644254732160234,0.0026545159494102653,,,,
144,0.001,adam,145,31.262269020080566,0.0022124767867955733,0.0,0.4833138839975343,0.0026957906937492854,,,,
145,0.001,adam,146,31.30946397781372,0.0022130587625466013,0.0,0.4767331070555577,0.0026897918922457664,,,,
146,0.001,adam,147,31.37113904953003,0.002199873605140456,0.0,0.445821714412096,0.0026456953407279476,,,,
147,0.001,adam,148,31.423707962036133,0.0021654347506492124,0.0,0.5019168768481187,0.0026673516513371037,,,,
148,0.001,adam,149,31.478678226470947,0.0021234918457416485,0.0,0.4821940171687502,0.0026056858858133857,,,,
149,0.001,adam,150,31.531794548034668,0.002079107478898055,0.0,0.48053929894306424,0.0025596468006655114,,,,
150,0.001,adam,151,31.565651893615723,0.002039870734428525,0.0,0.43913670821632794,0.002479007463502727,,,,
151,0.001,adam,152,31.621622562408447,0.0020073699098269848,0.0,0.4372612579849323,0.0024446311885807123,,,,
152,0.001,adam,153,31.674123287200928,0.0019832536482364818,0.0,0.400322653964468,0.0023835763212152554,,,,
153,0.001,adam,154,31.7455792427063,0.001963160548595059,0.0,0.42263863889389874,0.002385799207563216,,,,
154,0.001,adam,155,31.807735204696655,0.0019477201396864447,0.0,0.5227414284877795,0.0024704615930031095,,,,
155,0.001,adam,156,31.849432706832886,0.0019397128910269394,0.0,0.44035374334279176,0.0023800666552854116,,,,
156,0.001,adam,157,31.88653016090393,0.0019332470010692835,0.0,0.3851548525801455,0.0023184018719433026,,,,
157,0.001,adam,158,31.947218656539917,0.0019281286548161304,0.0,0.3893377429594752,0.002317466416268156,,,,
158,0.001,adam,159,32.00623059272766,0.0019392708653531814,0.0,0.4064186958595989,0.0023456895805166324,,,,
159,0.001,adam,160,32.045549631118774,0.002008901969545636,0.0,0.3966869398237756,0.0024055889282110303,0.0034298616243474164,0.0,0.40978134607288513,0.003839642989883871
160,0.001,adam,161,32.15296006202698,0.0022459527205200202,0.0,0.38380352798264916,0.002629756266732359,,,,
161,0.001,adam,162,32.20359230041504,0.0028724689056966886,0.0,0.47464486874647827,0.0033471137969875884,,,,
162,0.001,adam,163,32.25180983543396,0.0037843462060464616,0.0,0.4762900474251068,0.004260636276094132,,,,
163,0.001,adam,164,32.295937061309814,0.003330627903630786,0.0,0.458798689744501,0.0037894266151670556,,,,
164,0.001,adam,165,32.3448166847229,0.0019067728911599893,0.0,0.42024588038621724,0.0023270187915068147,,,,
165,0.001,adam,166,32.3966178894043,0.002500403453434108,0.0,0.3917839587038622,0.0028921874307467096,,,,
166,0.001,adam,167,32.452324867248535,0.002710917083038237,0.0,0.39270016879695224,0.0031036172704874466,,,,
167,0.001,adam,168,32.504257678985596,0.0018342154146060623,0.0,0.3841564184970749,0.002218371851349588,,,,
168,0.001,adam,169,32.55290246009827,0.0024593963311676133,0.0,0.4186459168927451,0.0028780422679449726,,,,
169,0.001,adam,170,32.61654806137085,0.0020736406683528196,0.0,0.41880160590194854,0.002492442294146777,,,,
170,0.001,adam,171,32.66446495056152,0.0019763216083559343,0.0,0.4206958078143039,0.0023970174361522168,,,,
171,0.001,adam,172,32.708412170410156,0.002236314743284251,0.0,0.3623193054569276,0.002598634065950422,,,,
172,0.001,adam,173,32.75487494468689,0.0017765693480294772,0.0,0.40636810352116387,0.00218293747085209,,,,
173,0.001,adam,174,32.81088829040527,0.002169273139315169,0.0,0.39724103493752805,0.002566514193120634,,,,
174,0.001,adam,175,32.852266788482666,0.0017976439402466687,0.0,0.3417325565464025,0.0021393765130244967,,,,
175,0.001,adam,176,32.923110008239746,0.001981073622672035,0.0,0.36618222421116114,0.0023472558642759185,,,,
176,0.001,adam,177,32.97953820228577,0.001863389430470793,0.0,0.31890638629606916,0.0021822958319141026,,,,
177,0.001,adam,178,33.039772033691406,0.0018223015204535387,0.0,0.3825169666030724,0.0022048185052251923,,,,
178,0.001,adam,179,33.103490591049194,0.0018948852327244122,0.0,0.34224290052474615,0.002237128149504824,,,,
179,0.001,adam,180,33.163925886154175,0.001726345603756323,0.0,0.3314107691884075,0.0020577563886858973,0.0029832765442817013,0.0,0.33651165882790185,0.0033197882190930494
180,0.001,adam,181,33.22892212867737,0.0018870863993571611,0.0,0.3339057040638945,0.0022209921192807257,,,,
181,0.001,adam,182,33.27855682373047,0.001692990899472977,0.0,0.3235245861275232,0.0020165155009670933,,,,
182,0.001,adam,183,33.32260990142822,0.001823194268494304,0.0,0.40052931646069007,0.002223723603979116,,,,
183,0.001,adam,184,33.374109745025635,0.0017082939671852642,0.0,0.31974044855855555,0.0020280344309306763,,,,
184,0.001,adam,185,33.42115330696106,0.0017476276224997803,0.0,0.3059837112247593,0.002053611348257986,,,,
185,0.001,adam,186,33.47086429595947,0.0017206814987218173,0.0,0.36616460178772336,0.002086846117901426,,,,
186,0.001,adam,187,33.52096772193909,0.0016720460181915608,0.0,0.27219449035876364,0.001944240521478869,,,,
187,0.001,adam,188,33.569783449172974,0.001720132642686646,0.0,0.2929077485925181,0.0020130404051915355,,,,
188,0.001,adam,189,33.618224143981934,0.0016273189556410802,0.0,0.37022437916751505,0.0019975433523933095,,,,
189,0.001,adam,190,33.66611933708191,0.00168495697635652,0.0,0.34128778223207246,0.002026244774798892,,,,
190,0.001,adam,191,33.71394944190979,0.0016218347940272057,0.0,0.27819712418315073,0.0019000319314240108,,,,
191,0.001,adam,192,33.78061771392822,0.0016356722482873906,0.0,0.30407812485760044,0.0019397503875879269,,,,
192,0.001,adam,193,33.84252715110779,0.001623750075513761,0.0,0.27112690208412255,0.0018948769904757203,,,,
193,0.001,adam,194,33.90282940864563,0.0015873012761538085,0.0,0.24061467738444278,0.0018279159649668352,,,,
194,0.001,adam,195,33.99754881858826,0.0016137158679184662,0.0,0.27671784281271533,0.0018904337238745737,,,,
195,0.001,adam,196,34.0528724193573,0.0015632923757819734,0.0,0.30320393196813555,0.001866496322151523,,,,
196,0.001,adam,197,34.09572768211365,0.0015750253974773974,0.0,0.35011754326309114,0.0019251429573701796,,,,
197,0.001,adam,198,34.14714527130127,0.00156189622685921,0.0,0.3338914820924737,0.001895787724810678,,,,
198,0.001,adam,199,34.19897651672363,0.001540179600530682,0.0,0.326210707177537,0.0018663903232023962,,,,
199,0.001,adam,200,34.25995755195618,0.0015564962334239628,0.0,0.26833132228795,0.0018248275684569666,0.0025714212148193116,0.0,0.26974180539053,0.0028411630330218898
200,0.001,adam,201,34.34420561790466,0.0015228627578782483,0.0,0.2820083112406523,0.0018048710825135767,,,,
201,0.001,adam,202,34.39156889915466,0.0015247412112682857,0.0,0.29685332806340725,0.0018215945534314694,,,,
202,0.001,adam,203,34.44715237617493,0.0015166931083494407,0.0,0.31937726563588414,0.001836070389154931,,,,
203,0.001,adam,204,34.499340295791626,0.0014902981580306237,0.0,0.27313478453204715,0.0017634329555358769,,,,
204,0.001,adam,205,34.55719304084778,0.001498195787185274,0.0,0.25952441973712403,0.0017577202192491466,,,,
205,0.001,adam,206,34.61064267158508,0.0014781018173567614,0.0,0.2985642374917666,0.0017766660690295682,,,,
206,0.001,adam,207,34.653337240219116,0.0014664563075406348,0.0,0.26115151759195426,0.0017276078375366205,,,,
207,0.001,adam,208,34.70525765419006,0.0014704526288227312,0.0,0.2594126261327289,0.0017298652672768987,,,,
208,0.001,adam,209,34.753565311431885,0.0014508239999719637,0.0,0.24503453548790438,0.001695858547098384,,,,
209,0.001,adam,210,34.793094635009766,0.0014446575402764996,0.0,0.24026824178860698,0.0016849257934772356,,,,
210,0.001,adam,211,34.847254514694214,0.001441632063255478,0.0,0.2718466885062495,0.0017134787646737523,,,,
211,0.001,adam,212,34.897369384765625,0.0014224131246016152,0.0,0.24937358869466272,0.0016717867251408878,,,,
212,0.001,adam,213,34.94500398635864,0.0014169839197522708,0.0,0.2367818586951655,0.001653765789693971,,,,
213,0.001,adam,214,34.988877058029175,0.0014117195650377656,0.0,0.25743961827890127,0.0016691591955443927,,,,
214,0.001,adam,215,35.042389154434204,0.0013968201651887793,0.0,0.32297543760674374,0.0017197956181360331,,,,
215,0.001,adam,216,35.08770275115967,0.0013901642051094355,0.0,0.2572666923074621,0.0016474309096364097,,,,
216,0.001,adam,217,35.14669370651245,0.0013871100445576679,0.0,0.24847570164635915,0.0016355857580059895,,,,
217,0.001,adam,218,35.18860650062561,0.001375738396280967,0.0,0.2534676646490042,0.0016292060729690395,,,,
218,0.001,adam,219,35.244508266448975,0.0013683553651490845,0.0,0.25012147243947497,0.001618476849468692,,,,
219,0.001,adam,220,35.31144666671753,0.0013646921221468226,0.0,0.2551371566067085,0.0016198292908718957,0.0023493314062503585,0.0,0.22857085636339403,0.0025779022734702855
220,0.001,adam,221,35.401121854782104,0.0013558808245281346,0.0,0.2791108077305885,0.001634991645515775,,,,
221,0.001,adam,222,35.46364760398865,0.001346609394128172,0.0,0.23525051693073595,0.001581859922232708,,,,
222,0.001,adam,223,35.52364993095398,0.001341074756165258,0.0,0.28605108237986737,0.0016271258521318227,,,,
223,0.001,adam,224,35.57836937904358,0.0013330777673272829,0.0,0.2089589745558357,0.0015420367518081373,,,,
224,0.001,adam,225,35.624345779418945,0.001322980718646102,0.0,0.20893370521712146,0.0015319144337870418,,,,
225,0.001,adam,226,35.67282199859619,0.0013145415961107688,0.0,0.24536279328094035,0.0015599044010458165,,,,
226,0.001,adam,227,35.72359251976013,0.0013094998376942488,0.0,0.23809389534078176,0.0015475937443438837,,,,
227,0.001,adam,228,35.78178286552429,0.0013048007493081538,0.0,0.2661162555726997,0.0015709170175206974,,,,
228,0.001,adam,229,35.835318088531494,0.001297756878340384,0.0,0.20261365074588739,0.0015003705387099035,,,,
229,0.001,adam,230,35.87938380241394,0.0012900019518650133,0.0,0.23398125787307392,0.0015239832208516005,,,,
230,0.001,adam,231,35.91647148132324,0.001285233358591012,0.0,0.1859007877518807,0.0014711341551727063,,,,
231,0.001,adam,232,35.97711944580078,0.001281599770276923,0.0,0.27711263671633635,0.0015587124201554034,,,,
232,0.001,adam,233,36.0219349861145,0.0012800918873074193,0.0,0.21796647849618478,0.0014980583761564563,,,,
233,0.001,adam,234,36.09618043899536,0.0012825853407056106,0.0,0.22711108240654335,0.0015096964338993514,,,,
234,0.001,adam,235,36.142377853393555,0.0013019818284569573,0.0,0.25557726553144683,0.0015575591061276729,,,,
235,0.001,adam,236,36.18986988067627,0.0013506235894189767,0.0,0.23180282810512431,0.0015824264285341446,,,,
236,0.001,adam,237,36.24429988861084,0.0014367994436626204,0.0,0.2305948757615302,0.0016673943303768194,,,,
237,0.001,adam,238,36.31227731704712,0.0015456857037823763,0.0,0.21468390284893965,0.0017603696168282542,,,,
238,0.001,adam,239,36.37364339828491,0.0015974846872661434,0.0,0.20008910723192014,0.0017975738040017862,,,,
239,0.001,adam,240,36.436344385147095,0.0014808621963567122,0.0,0.28375210455790956,0.0017646143143921235,0.0022574342448852917,0.0,0.20470192089030054,0.002462136175498412
240,0.001,adam,241,36.52127027511597,0.0012975423852469746,0.0,0.18945165037128758,0.0014869940446167328,,,,
241,0.001,adam,242,36.56530976295471,0.0012378899130045047,0.0,0.21939128492630341,0.001457281208351335,,,,
242,0.001,adam,243,36.629711627960205,0.0013070269102214158,0.0,0.21905589138751633,0.0015260828120135287,,,,
243,0.001,adam,244,36.693631410598755,0.0013369671930974253,0.0,0.20986750004377058,0.0015468347031093671,,,,
244,0.001,adam,245,36.74969458580017,0.0012741735574048761,0.0,0.23318246440712467,0.0015073560328875736,,,,
245,0.001,adam,246,36.81115984916687,0.0012502455960354804,0.0,0.218363685076265,0.001468609291483464,,,,
246,0.001,adam,247,36.888570070266724,0.0012934275914511697,0.0,0.1749884090981408,0.001468416008860814,,,,
247,0.001,adam,248,36.937729597091675,0.0012826131225998406,0.0,0.24776356708466976,0.0015303767014526483,,,,
248,0.001,adam,249,36.98723769187927,0.0011966772195716629,0.0,0.17801512499017316,0.0013746923530171009,,,,
249,0.001,adam,250,37.033191442489624,0.0011604340174947599,0.0,0.21393803453590507,0.0013743720621921763,,,,
250,0.001,adam,251,37.08446025848389,0.0011932138931979334,0.0,0.19893778682041927,0.0013921516894673906,,,,
251,0.001,adam,252,37.126991987228394,0.0012061904929897404,0.0,0.19602829115938625,0.001402218793459971,,,,
252,0.001,adam,253,37.18755602836609,0.0011705474983912249,0.0,0.16357960183178819,0.0013341271079926273,,,,
253,0.001,adam,254,37.23114562034607,0.0011539983457093833,0.0,0.1792202639912363,0.0013332186182131254,,,,
254,0.001,adam,255,37.27479815483093,0.0011702960252601223,0.0,0.20270856094388873,0.001373004595832151,,,,
255,0.001,adam,256,37.321226596832275,0.0011668180445244148,0.0,0.200505637987857,0.0013673236920357787,,,,
256,0.001,adam,257,37.37187075614929,0.001136765882833409,0.0,0.22384530424152507,0.0013606111977070153,,,,
257,0.001,adam,258,37.432642698287964,0.0011206034335621005,0.0,0.169765982581678,0.0012903694242072299,,,,
258,0.001,adam,259,37.49546432495117,0.0011246232131661533,0.0,0.19839446837259458,0.0013230176909619796,,,,
259,0.001,adam,260,37.56130766868591,0.001120407669764124,0.0,0.21317434390447235,0.0013335820237938343,0.0020239408385119098,0.0,0.1870840135336472,0.0022110248609315706
260,0.001,adam,261,37.66301679611206,0.0011037348282501927,0.0,0.19503115285467842,0.0012987659903683539,,,,
261,0.001,adam,262,37.73026514053345,0.0010909071068800616,0.0,0.1963706085159876,0.0012872777247231524,,,,
262,0.001,adam,263,37.79499578475952,0.0010912281757688494,0.0,0.20141934247280752,0.0012926475278085623,,,,
263,0.001,adam,264,37.8561646938324,0.0010919731214862605,0.0,0.14861918411431785,0.0012405923126596109,,,,
264,0.001,adam,265,37.91957688331604,0.0010815060664566601,0.0,0.19370727228716453,0.0012752133479444264,,,,
265,0.001,adam,266,37.96140742301941,0.0010698799394779491,0.0,0.594385419227179,0.0016642653869369207,,,,
266,0.001,adam,267,38.03253412246704,0.0010674606679903192,0.0,0.15983414538662213,0.0012272948209686558,,,,
267,0.001,adam,268,38.09158682823181,0.0010701981710913452,0.0,0.18667793737666877,0.00125687611733474,,,,
268,0.001,adam,269,38.14391040802002,0.0010686292040586525,0.0,0.17414376397255688,0.0012427729763025944,,,,
269,0.001,adam,270,38.201478719711304,0.0010731966879798348,0.0,0.21733897570899732,0.0012905356740118795,,,,
270,0.001,adam,271,38.25562071800232,0.0011032128738866092,0.0,0.20010102740655383,0.001303313910797452,,,,
271,0.001,adam,272,38.308403730392456,0.0012069972280637292,0.0,0.1529895204693194,0.0013599867557996608,,,,
272,0.001,adam,273,38.361424684524536,0.0014926715475753098,0.0,0.17506398819535723,0.0016677355440857604,,,,
273,0.001,adam,274,38.43187713623047,0.0021820697575855074,0.0,0.19645653655463396,0.002378526303471326,,,,
274,0.001,adam,275,38.50067663192749,0.003412895249761017,0.0,0.20578221699111623,0.003618677476526264,,,,
275,0.001,adam,276,38.549333810806274,0.0034627141741943993,0.0,0.19255838114955984,0.0036552725644899914,,,,
276,0.001,adam,277,38.63495683670044,0.0017231858519099355,0.0,0.17542766571693086,0.0018986135259592334,,,,
277,0.001,adam,278,38.70475387573242,0.001231086259989506,0.0,0.20122041984751698,0.00143230668939448,,,,
278,0.001,adam,279,38.770071506500244,0.002366189001073516,0.0,0.20347124103660397,0.0025696602517744855,,,,
279,0.001,adam,280,38.82767724990845,0.00145932931534062,0.0,0.16618514587965177,0.0016255144691136427,0.002190977998649768,0.0,0.18302872113651852,0.0023740067284796842
280,0.001,adam,281,38.90101671218872,0.0013287616679369609,0.0,0.17204837702595593,0.0015008100531347763,,,,
281,0.001,adam,282,38.94028687477112,0.0018556016425397921,0.0,0.18781557478664937,0.0020434172262472025,,,,
282,0.001,adam,283,38.9992356300354,0.0010575128699186777,0.0,0.22526328832213074,0.0012827761689402405,,,,
283,0.001,adam,284,39.0490345954895,0.001596363883380792,0.0,0.19576288452911622,0.0017921267772081464,,,,
284,0.001,adam,285,39.09422945976257,0.0012063490052257367,0.0,0.17353522301630497,0.0013798842364845226,,,,
285,0.001,adam,286,39.13548159599304,0.0012709759271712423,0.0,0.21655383637018052,0.0014875297738271781,,,,
286,0.001,adam,287,39.1917622089386,0.001340001200488372,0.0,0.17164088185962184,0.0015116420905004983,,,,
287,0.001,adam,288,39.25282669067383,0.0010788589293552896,0.0,0.20531141626182783,0.0012841703553688865,,,,
288,0.001,adam,289,39.30898857116699,0.0013646586214626757,0.0,0.18651148953262142,0.0015511701198541177,,,,
289,0.001,adam,290,39.36388111114502,0.0010121339856129321,0.0,0.14382051246331495,0.001155954504907355,,,,
290,0.001,adam,291,39.40776705741882,0.0012877047154235032,0.0,0.17045513237644302,0.0014581598558961305,,,,
291,0.001,adam,292,39.45349383354187,0.001013984711815679,0.0,0.16558311775390178,0.001179567837434357,,,,
292,0.001,adam,293,39.491143465042114,0.0011962689880678117,0.0,0.16606263107407035,0.0013623316270294338,,,,
293,0.001,adam,294,39.53755569458008,0.0010409780795517189,0.0,0.17922682711872046,0.0012202049151832568,,,,
294,0.001,adam,295,39.582767486572266,0.0011044393079357722,0.0,0.1935583889991056,0.0012979977061284079,,,,
295,0.001,adam,296,39.62404012680054,0.001066854840437048,0.0,0.17668710007911576,0.0012435419489083507,,,,
296,0.001,adam,297,39.671289682388306,0.0010365653129932922,0.0,0.16145109906209534,0.0011980164197239033,,,,
297,0.001,adam,298,39.71468234062195,0.001072705310258851,0.0,0.16658134476581843,0.0012392866629368587,,,,
298,0.001,adam,299,39.76305794715881,0.0009936740763560985,0.0,0.16990576152918418,0.0011635798459553733,,,,
299,0.001,adam,300,39.807957887649536,0.0010670885698983966,0.0,0.16861059487407198,0.0012356991727810421,0.0018591720799481103,0.0,0.1683355821330806,0.002027507670076702
300,0.001,adam,301,39.888094425201416,0.000967808624337067,0.0,0.15770781966765438,0.0011255164514954409,,,,
301,0.001,adam,302,39.9471755027771,0.001042303339433962,0.0,0.1746360340641237,0.001216939381792852,,,,
302,0.001,adam,303,40.01397776603699,0.0009616798188588415,0.0,0.15951290392022827,0.001121192730355526,,,,
303,0.001,adam,304,40.070337772369385,0.0010139048351913843,0.0,0.17672447195894941,0.0011906293155442957,,,,
304,0.001,adam,305,40.12120056152344,0.0009612491485842842,0.0,0.21325673904777687,0.0011745058977612125,,,,
305,0.001,adam,306,40.17603945732117,0.0009772845449914965,0.0,0.16431231072063862,0.0011415968635165512,,,,
306,0.001,adam,307,40.24381065368652,0.0009644320802897813,0.0,0.21000136566357058,0.0011744334559278815,,,,
307,0.001,adam,308,40.29674482345581,0.000953626418446348,0.0,0.15918809033007966,0.0011128145163374562,,,,
308,0.001,adam,309,40.34120202064514,0.0009662580332556653,0.0,0.1572263680682946,0.0011234844087918117,,,,
309,0.001,adam,310,40.38155722618103,0.000932040021885669,0.0,0.13885960918940482,0.0010708996376705513,,,,
310,0.001,adam,311,40.44046878814697,0.0009538988326193817,0.0,0.16144807626945598,0.0011153469165572098,,,,
311,0.001,adam,312,40.48685097694397,0.0009203895215878831,0.0,0.1546535776263657,0.0010750431065598995,,,,
312,0.001,adam,313,40.551355838775635,0.0009386678698934694,0.0,0.16113861409176197,0.001099806491638905,,,,
313,0.001,adam,314,40.58778667449951,0.0009148127536225441,0.0,0.19076734376250468,0.0011055801064460114,,,,
314,0.001,adam,315,40.6426842212677,0.0009197653685396873,0.0,0.16876618035571428,0.001088531556911365,,,,
315,0.001,adam,316,40.717700242996216,0.0009163071741011754,0.0,0.17376890455016286,0.0010900760869049183,,,,
316,0.001,adam,317,40.77623271942139,0.000901404509941566,0.0,0.1397338761101734,0.0010411383926887425,,,,
317,0.001,adam,318,40.84847855567932,0.0009087125300535267,0.0,0.15466339511123406,0.0010633759325108778,,,,
318,0.001,adam,319,40.91954731941223,0.0008900608689874459,0.0,0.14863687988409138,0.0010386977559314102,,,,
319,0.001,adam,320,40.986371755599976,0.0008988024691002334,0.0,0.18044112232133674,0.0010792435999920635,0.0017562481610457737,0.0,0.15852314603122755,0.0019147713146064466
320,0.001,adam,321,41.06427192687988,0.0008842511135066795,0.0,0.17223244397142742,0.001056483565658709,,,,
321,0.001,adam,322,41.118786096572876,0.0008871268931224158,0.0,0.1785529666223982,0.0010656798682256248,,,,
322,0.001,adam,323,41.16654419898987,0.0008801777647922792,0.0,0.1768589563866579,0.0010570367295792869,,,,
323,0.001,adam,324,41.22114825248718,0.0008713402415462193,0.0,0.162745322480184,0.0010340855717563913,,,,
324,0.001,adam,325,41.26635432243347,0.0008757805104826151,0.0,0.19886170788375174,0.0010746422278117911,,,,
325,0.001,adam,326,41.321184396743774,0.000862883660683077,0.0,0.14956347290062727,0.001012447140687588,,,,
326,0.001,adam,327,41.36653661727905,0.0008644681384196328,0.0,0.1694074866261109,0.0010338756330921675,,,,
327,0.001,adam,328,41.41990566253662,0.0008585710026803914,0.0,0.15063855596078768,0.0010092095657961266,,,,
328,0.001,adam,329,41.45905900001526,0.0008536340172496898,0.0,0.1685624615641958,0.0010221964868201729,,,,
329,0.001,adam,330,41.50917077064514,0.0008514514279465391,0.0,0.13467485340343294,0.0009861262877466843,,,,
330,0.001,adam,331,41.569605588912964,0.0008434663366012996,0.0,0.17150533677119562,0.0010149716815185616,,,,
331,0.001,adam,332,41.61493992805481,0.0008430174136723067,0.0,0.1363845556670808,0.0009794019758173063,,,,
332,0.001,adam,333,41.66759490966797,0.0008367953672825101,0.0,0.1584754724207482,0.0009952708472304394,,,,
333,0.001,adam,334,41.739473819732666,0.0008330635731545431,0.0,0.15530297190039405,0.0009883665524314325,,,,
334,0.001,adam,335,41.79171013832092,0.0008311577857374796,0.0,0.15053641816325633,0.0009816942110508322,,,,
335,0.001,adam,336,41.83410620689392,0.0008261924381097374,0.0,0.1787181499750627,0.0010049105965734568,,,,
336,0.001,adam,337,41.873597621917725,0.0008223208782822736,0.0,0.17299671709569453,0.0009953176035948713,,,,
337,0.001,adam,338,41.921334743499756,0.0008191474044815667,0.0,0.13410965465321203,0.0009532570655046455,,,,
338,0.001,adam,339,41.966681718826294,0.0008150402767493825,0.0,0.14928061780119323,0.0009643209016410246,,,,
339,0.001,adam,340,42.00039863586426,0.0008121026125294506,0.0,0.18042365077471367,0.0009925262718738278,0.0016619407659023843,0.0,0.15000415686837396,0.0018119449298955733
340,0.001,adam,341,42.07753777503967,0.0008090462344963532,0.0,0.15550213700002524,0.0009645483788823337,,,,
341,0.001,adam,342,42.11735773086548,0.0008058640043044938,0.0,0.12869288518858188,0.0009345568956056597,,,,
342,0.001,adam,343,42.17216944694519,0.0008009594798862257,0.0,0.15537648417598288,0.0009563359714421956,,,,
343,0.001,adam,344,42.2165687084198,0.0007974119209366121,0.0,0.17909936528309217,0.0009765112947264676,,,,
344,0.001,adam,345,42.26818251609802,0.0007950536127221444,0.0,0.18078652284555835,0.0009758401441546018,,,,
345,0.001,adam,346,42.321560859680176,0.0007916962767412576,0.0,0.1436128467486164,0.0009353091303111182,,,,
346,0.001,adam,347,42.37530016899109,0.0007889924515779793,0.0,0.14366149029820016,0.0009326539486997341,,,,
347,0.001,adam,348,42.43883228302002,0.0007856859254153662,0.0,0.1524277972718809,0.000938113729927179,,,,
348,0.001,adam,349,42.504056215286255,0.0007819208420654565,0.0,0.16409002716188317,0.0009460108770211978,,,,
349,0.001,adam,350,42.56603169441223,0.0007783147561009569,0.0,0.16411493561223395,0.000942429699508232,,,,
350,0.001,adam,351,42.62525415420532,0.0007749462953625587,0.0,0.15450664120159155,0.0009294529439028219,,,,
351,0.001,adam,352,42.68411111831665,0.0007727643288153426,0.0,0.15745398485114218,0.0009302183211451477,,,,
352,0.001,adam,353,42.75506949424744,0.0007690899172245113,0.0,0.1561014743868725,0.000925191399025806,,,,
353,0.001,adam,354,42.8359751701355,0.0007657196988248898,0.0,0.1428790813447535,0.0009085987869560354,,,,
354,0.001,adam,355,42.87508821487427,0.0007628185305882694,0.0,0.15422481751982037,0.0009170433554333754,,,,
355,0.001,adam,356,42.92616677284241,0.000759977439953111,0.0,0.1224349488199414,0.0008824123945884003,,,,
356,0.001,adam,357,42.97481560707092,0.0007569505808164515,0.0,0.12080031011775713,0.0008777508966719155,,,,
357,0.001,adam,358,43.03257465362549,0.000753814356535512,0.0,0.14805207352295122,0.0009018664370905594,,,,
358,0.001,adam,359,43.08643436431885,0.0007503225584864462,0.0,0.1463170838084745,0.0008966396492446093,,,,
359,0.001,adam,360,43.13474249839783,0.0007466723468544885,0.0,0.141046308978172,0.0008877186625320006,0.0015748854246901817,0.0,0.14355234123610466,0.0017184377727446566
360,0.001,adam,361,43.20978283882141,0.0007436102437517951,0.0,0.1371779338457048,0.0008807881841131021,,,,
361,0.001,adam,362,43.28276181221008,0.0007405697889672679,0.0,0.14563726644377467,0.0008862070623284415,,,,
362,0.001,adam,363,43.34303045272827,0.0007379433105600394,0.0,0.147398277266293,0.0008853415948273748,,,,
363,0.001,adam,364,43.396830558776855,0.0007355153520286606,0.0,0.1382851943114584,0.0008738005529083133,,,,
364,0.001,adam,365,43.44966149330139,0.0007333220039484546,0.0,0.1347850853077057,0.0008681070956581083,,,,
365,0.001,adam,366,43.5220947265625,0.0007303212939317359,0.0,0.1321047993189526,0.0008624260995253297,,,,
366,0.001,adam,367,43.56171178817749,0.0007273701736303215,0.0,0.14045464326858395,0.000867824823570143,,,,
367,0.001,adam,368,43.628620624542236,0.0007246158945354668,0.0,0.1286240345710454,0.000853239935215826,,,,
368,0.001,adam,369,43.69058918952942,0.0007216935745462939,0.0,0.13213774086002392,0.0008538313216825237,,,,
369,0.001,adam,370,43.73668122291565,0.0007191914229740454,0.0,0.14288092254301046,0.0008620723523035355,,,,
370,0.001,adam,371,43.77958798408508,0.000717020868890559,0.0,0.1357158081803599,0.0008527366835170739,,,,
371,0.001,adam,372,43.83157658576965,0.0007142714742257463,0.0,0.1520441984166842,0.0008663156798641424,,,,
372,0.001,adam,373,43.86692237854004,0.0007120085628827467,0.0,0.1348345885381635,0.0008468431578252095,,,,
373,0.001,adam,374,43.922346115112305,0.000709789687835875,0.0,0.15854179774104327,0.0008683314931072497,,,,
374,0.001,adam,375,43.973843812942505,0.0007084010962445379,0.0,0.1627989212002634,0.0008712000251773352,,,,
375,0.001,adam,376,44.02403998374939,0.0007077792748569291,0.0,0.1328984899638117,0.0008406777711330803,,,,
376,0.001,adam,377,44.078123807907104,0.0007086833116286681,0.0,0.1335991444751682,0.0008422824624494551,,,,
377,0.001,adam,378,44.14608120918274,0.0007111976890486571,0.0,0.16658456341401123,0.0008777822603750105,,,,
378,0.001,adam,379,44.201154470443726,0.0007179551195780158,0.0,0.11929353591543204,0.0008372486611595868,,,,
379,0.001,adam,380,44.24189066886902,0.0007319151179531194,0.0,0.14614893849904695,0.0008780640633938684,0.0015880575502277103,0.0,0.13791134946428418,0.001725968906242432
380,0.001,adam,381,44.32267236709595,0.0007566179220294927,0.0,0.14201602402807664,0.0008986339528029685,,,,
381,0.001,adam,382,44.37741732597351,0.000796905887339875,0.0,0.13564421277267297,0.0009325501065553023,,,,
382,0.001,adam,383,44.43156361579895,0.0008638275084198486,0.0,0.1365200289186869,0.001000347543822889,,,,
383,0.001,adam,384,44.4880588054657,0.0009423647227457306,0.0,0.13796157648020335,0.0010803263057787573,,,,
384,0.001,adam,385,44.53348422050476,0.000998935515750245,0.0,0.1298969501455873,0.0011288324720656064,,,,
385,0.001,adam,386,44.57658910751343,0.0009572671220027067,0.0,0.11473812238152652,0.0010720052498340016,,,,
386,0.001,adam,387,44.62780141830444,0.0008265072958769966,0.0,0.1412295057156503,0.0009677368083006885,,,,
387,0.001,adam,388,44.670520067214966,0.0006958353572030095,0.0,0.17534775469555783,0.0008711831202271388,,,,
388,0.001,adam,389,44.72681975364685,0.0006790409776013458,0.0,0.16243674957241266,0.0008414777348890901,,,,
389,0.001,adam,390,44.77961325645447,0.0007604060103732035,0.0,0.14440800735910334,0.0009048140245913191,,,,
390,0.001,adam,391,44.8259654045105,0.000815014576983728,0.0,0.13090646126858027,0.0009459210444700316,,,,
391,0.001,adam,392,44.88079857826233,0.0007715063352013438,0.0,0.16307552211202256,0.000934581865059038,,,,
392,0.001,adam,393,44.92338705062866,0.0006843858190798369,0.0,0.12008029322935618,0.000804466118012701,,,,
393,0.001,adam,394,44.97852087020874,0.0006623959583287529,0.0,0.1578789509980482,0.0008202749168256489,,,,
394,0.001,adam,395,45.01957392692566,0.0007101232599061287,0.0,0.11462078001102946,0.0008247440453613531,,,,
395,0.001,adam,396,45.05846405029297,0.0007411536079895335,0.0,0.17496678538658966,0.0009161204016865995,,,,
396,0.001,adam,397,45.109925270080566,0.0007077294190927027,0.0,0.14154206678959938,0.0008492714926051896,,,,
397,0.001,adam,398,45.15911817550659,0.000656802674843742,0.0,0.14299681408931905,0.0007997994957250453,,,,
398,0.001,adam,399,45.20097541809082,0.0006546440797385078,0.0,0.12641087585947214,0.0007810549616021744,,,,
399,0.001,adam,400,45.2394163608551,0.0006845428376879403,0.0,0.15053337600261568,0.0008350762208405077,0.0014733917429757362,0.0,0.13552913269158193,0.0016089208821046064
400,0.001,adam,401,45.324907541275024,0.0006959681178201649,0.0,0.18404051969391982,0.0008800086462555403,,,,
401,0.001,adam,402,45.37458419799805,0.0006701424053488334,0.0,0.1415663736082004,0.0008117087856810757,,,,
402,0.001,adam,403,45.41945290565491,0.0006431079447663693,0.0,0.13958944970112194,0.0007826974010976343,,,,
403,0.001,adam,404,45.463839054107666,0.0006456852031801773,0.0,0.13503791804687199,0.0007807231276410063,,,,
404,0.001,adam,405,45.512126445770264,0.0006628282285490476,0.0,0.129165646962717,0.0007919938816468037,,,,
405,0.001,adam,406,45.55936884880066,0.0006653410538552508,0.0,0.14043847044074728,0.0008057795309664676,,,,
406,0.001,adam,407,45.61215400695801,0.0006474217289954862,0.0,0.13119756535595672,0.0007786193005829929,,,,
407,0.001,adam,408,45.66002011299133,0.0006307301915035445,0.0,0.12321472879275093,0.0007539449261486811,,,,
408,0.001,adam,409,45.70917057991028,0.0006341911838615358,0.0,0.1403589092179789,0.0007745500997462052,,,,
409,0.001,adam,410,45.7677366733551,0.0006454322380269868,0.0,0.13947705382677206,0.0007849092984785635,,,,
410,0.001,adam,411,45.81369161605835,0.0006463883799110175,0.0,0.13131738152477163,0.00077770576767303,,,,
411,0.001,adam,412,45.88185954093933,0.0006324625353806071,0.0,0.11077987869343156,0.0007432424193358005,,,,
412,0.001,adam,413,45.950926780700684,0.000621304924191611,0.0,0.12479723161008985,0.0007461021617292513,,,,
413,0.001,adam,414,45.99713635444641,0.0006212030341239497,0.0,0.15099124316636664,0.0007721942844620156,,,,
414,0.001,adam,415,46.054343938827515,0.0006252288142449997,0.0,0.13815254229265497,0.0007633813630995483,,,,
415,0.001,adam,416,46.11176323890686,0.0006254223104034498,0.0,0.1222615305852843,0.0007476838467958452,,,,
416,0.001,adam,417,46.15546774864197,0.0006195966339442548,0.0,0.12530084537907443,0.0007448974852748,,,,
417,0.001,adam,418,46.20599842071533,0.0006133326433330978,0.0,0.1567106846987809,0.0007700433354752368,,,,
418,0.001,adam,419,46.25950050354004,0.0006105322668856853,0.0,0.14255994382728288,0.0007530922174842022,,,,
419,0.001,adam,420,46.31228566169739,0.00061055654719475,0.0,0.1354584353521689,0.0007460149889808493,0.0013822470748873212,0.0,0.1301266860153942,0.0015123737670834014
420,0.001,adam,421,46.41093468666077,0.00061199431153527,0.0,0.1251395943161416,0.0007371339117952234,,,,
421,0.001,adam,422,46.446173667907715,0.0006084331728612045,0.0,0.13636256826642784,0.0007447957476045069,,,,
422,0.001,adam,423,46.48899555206299,0.0006034092581635356,0.0,0.1524583563551469,0.0007558676217600659,,,,
423,0.001,adam,424,46.54425668716431,0.0006014479584720405,0.0,0.15285248075890062,0.0007543004464910444,,,,
424,0.001,adam,425,46.605278968811035,0.0005984854474441203,0.0,0.14699494699181576,0.0007454804014178215,,,,
425,0.001,adam,426,46.642393827438354,0.0006012515524036542,0.0,0.1414287792526243,0.0007426803383737851,,,,
426,0.001,adam,427,46.68821430206299,0.0006006408122602759,0.0,0.13207652624586824,0.0007327173447794425,,,,
427,0.001,adam,428,46.75377178192139,0.000595744056761856,0.0,0.13706821263535693,0.0007328122759076036,,,,
428,0.001,adam,429,46.816057443618774,0.0005939469350798255,0.0,0.14161778719329848,0.0007355647289996078,,,,
429,0.001,adam,430,46.876524686813354,0.0005897489524728641,0.0,0.14415787008614678,0.0007339068294061423,,,,
430,0.001,adam,431,46.93401265144348,0.0005860640162497477,0.0,0.10699329517870892,0.0006930573165103655,,,,
431,0.001,adam,432,46.98203659057617,0.0005873199188106267,0.0,0.13527993161113122,0.0007225998568472099,,,,
432,0.001,adam,433,47.01953458786011,0.0005861524663513694,0.0,0.14529140865581755,0.0007314438819081585,,,,
433,0.001,adam,434,47.074212074279785,0.0005848410331121359,0.0,0.1532044399666511,0.0007380454803556074,,,,
434,0.001,adam,435,47.11312913894653,0.0005884322336325606,0.0,0.14277360748907944,0.0007312058479030225,,,,
435,0.001,adam,436,47.15780997276306,0.0005812071214011956,0.0,0.1207895897396097,0.0007019967168780029,,,,
436,0.001,adam,437,47.20686912536621,0.0005788025345363345,0.0,0.1290315906819167,0.0007078341313469229,,,,
437,0.001,adam,438,47.25336575508118,0.0005759896667479483,0.0,0.12318900462875612,0.0006991786772278681,,,,
438,0.001,adam,439,47.323020458221436,0.0005706933208482642,0.0,0.15385630414417711,0.0007245496323002237,,,,
439,0.001,adam,440,47.37656593322754,0.0005725902886500494,0.0,0.12451283495992282,0.0006971031295240145,0.0013334985246347525,0.0,0.12708946872847532,0.0014605879993996537
440,0.001,adam,441,47.47142577171326,0.00057020998016781,0.0,0.12029440249357744,0.000690504388375065,,,,
441,0.001,adam,442,47.5364944934845,0.000566115633520692,0.0,0.13655625975512953,0.0007026718997618958,,,,
442,0.001,adam,443,47.58930039405823,0.0005670498927800512,0.0,0.12507276941917062,0.0006921226681398596,,,,
443,0.001,adam,444,47.63175582885742,0.0005642218631780656,0.0,0.12586453634473566,0.000690086405501046,,,,
444,0.001,adam,445,47.696067571640015,0.0005604966160168554,0.0,0.1109159994089716,0.0006714126206940543,,,,
445,0.001,adam,446,47.75186586380005,0.0005610424963915264,0.0,0.1522300363417837,0.0007132725399638488,,,,
446,0.001,adam,447,47.804940700531006,0.0005596366827328115,0.0,0.13681614414886217,0.0006964528333800919,,,,
447,0.001,adam,448,47.86676549911499,0.0005572938623975952,0.0,0.14986149714517832,0.0007071553666608127,,,,
448,0.001,adam,449,47.91306662559509,0.000558485055892264,0.0,0.12168073842509494,0.0006801658000968839,,,,
449,0.001,adam,450,47.95227384567261,0.0005563403016877873,0.0,0.11773585505398305,0.0006740761623339233,,,,
450,0.001,adam,451,48.00435519218445,0.0005563223418190304,0.0,0.13528895508788039,0.0006916113033327914,,,,
451,0.001,adam,452,48.053826093673706,0.0005564124803038137,0.0,0.14785305736201088,0.000704265544688468,,,,
452,0.001,adam,453,48.09924364089966,0.0005553493271013767,0.0,0.1592946130269502,0.000714643947694415,,,,
453,0.001,adam,454,48.15458607673645,0.0005593900702643054,0.0,0.1358434048467465,0.0006952334815632674,,,,
454,0.001,adam,455,48.20085382461548,0.0005653994170070305,0.0,0.12952176439506943,0.0006949211875540537,,,,
455,0.001,adam,456,48.274895668029785,0.0005773995476889205,0.0,0.1278972755185483,0.0007052968292822634,,,,
456,0.001,adam,457,48.31743550300598,0.0006002964479183546,0.0,0.12736246597533657,0.0007276589199430837,,,,
457,0.001,adam,458,48.372352838516235,0.0006410944258300347,0.0,0.13487431095334865,0.0007759687431895694,,,,
458,0.001,adam,459,48.435643672943115,0.0007201043280080484,0.0,0.14667489085402208,0.000866779225828754,,,,
459,0.001,adam,460,48.490724325180054,0.0008443017615651828,0.0,0.12750969256608707,0.0009718114601876553,0.0018373357695001247,0.0,0.12715659181283617,0.001964492367352575
460,0.001,adam,461,48.5658061504364,0.001040339540682255,0.0,0.12405638224750275,0.0011643959288221196,,,,
461,0.001,adam,462,48.63010025024414,0.001226843898425831,0.0,0.1263967045872671,0.0013532406090166194,,,,
462,0.001,adam,463,48.6896276473999,0.0013351494067539967,0.0,0.13281851244998982,0.0014679679255125274,,,,
463,0.001,adam,464,48.73118782043457,0.0011057108684331294,0.0,0.13154042258475718,0.0012372512972657213,,,,
464,0.001,adam,465,48.78198981285095,0.000785325513286329,0.0,0.1409725677735473,0.000926298087755714,,,,
465,0.001,adam,466,48.82338094711304,0.0006846192907811904,0.0,0.12313932177015101,0.0008077586184001453,,,,
466,0.001,adam,467,48.89546728134155,0.0008832545048732584,0.0,0.1490356090368349,0.0010322901209889048,,,,
467,0.001,adam,468,48.95575761795044,0.000986471208614155,0.0,0.10251359394474957,0.001088984807428039,,,,
468,0.001,adam,469,49.00651454925537,0.0007253830894611327,0.0,0.11609986656160101,0.0008414829615371815,,,,
469,0.001,adam,470,49.06736874580383,0.0005288122726460963,0.0,0.12422974665205255,0.0006530420251987452,,,,
470,0.001,adam,471,49.12737441062927,0.0006661999759662381,0.0,0.12493377039087841,0.0007911337522911522,,,,
471,0.001,adam,472,49.18450736999512,0.0007757631017076903,0.0,0.12438874039987247,0.0009001518480157109,,,,
472,0.001,adam,473,49.23662281036377,0.000639629087334572,0.0,0.1155492554310451,0.0007551783482539123,,,,
473,0.001,adam,474,49.2734375,0.0005535783127084917,0.0,0.1403587416544645,0.0006939370610296386,,,,
474,0.001,adam,475,49.332109451293945,0.0006575764703259977,0.0,0.12021638352520228,0.0007777928595611717,,,,
475,0.001,adam,476,49.39082479476929,0.0006614477617117988,0.0,0.12161124116523159,0.0007830590086532543,,,,
476,0.001,adam,477,49.44076991081238,0.0005359359945347075,0.0,0.15745993172258788,0.0006933959337362407,,,,
477,0.001,adam,478,49.50352334976196,0.000560210988442343,0.0,0.13565132844077316,0.0006958623233262085,,,,
478,0.001,adam,479,49.561583518981934,0.0006375969255657324,0.0,0.09966389678197074,0.0007372608270814842,,,,
479,0.001,adam,480,49.616018533706665,0.0005745431470275342,0.0,0.15244357215717974,0.0007269867264253951,0.001240937943115485,0.0,0.11978919437612112,0.0013607271431812875
480,0.001,adam,481,49.70894694328308,0.0005196332996126685,0.0,0.13658953622958694,0.0006562228423299103,,,,
481,0.001,adam,482,49.75944113731384,0.0005704239501560304,0.0,0.12245322786863526,0.0006928771838408819,,,,
482,0.001,adam,483,49.82500433921814,0.0005746135073485095,0.0,0.11608973626854344,0.0006907032491310196,,,,
483,0.001,adam,484,49.87462759017944,0.000520374128962276,0.0,0.1131857413757753,0.0006335598757140855,,,,
484,0.001,adam,485,49.943530559539795,0.0005312909643870422,0.0,0.13535056227969014,0.0006666415330955391,,,,
485,0.001,adam,486,50.00674366950989,0.0005638997483337005,0.0,0.11575431367723858,0.000679654067508974,,,,
486,0.001,adam,487,50.05296277999878,0.0005292994394622424,0.0,0.10618046638446836,0.0006354799108900123,,,,
487,0.001,adam,488,50.125242710113525,0.0005063176482666197,0.0,0.0931753085220753,0.0005994929612142847,,,,
488,0.001,adam,489,50.186073303222656,0.0005325659589784192,0.0,0.12532299102725722,0.000657888955958199,,,,
489,0.001,adam,490,50.2408344745636,0.0005330172193272388,0.0,0.11215413453847459,0.0006451713591927489,,,,
490,0.001,adam,491,50.29032063484192,0.000508125669846756,0.0,0.10731970298035218,0.0006154453779245205,,,,
491,0.001,adam,492,50.34267330169678,0.0005131319925484346,0.0,0.13891330405034574,0.0006520453031968082,,,,
492,0.001,adam,493,50.39479041099548,0.0005240809506973456,0.0,0.12887291593730404,0.0006529538727557847,,,,
493,0.001,adam,494,50.44080090522766,0.0005082841667612028,0.0,0.10848618328090012,0.0006167703551949201,,,,
494,0.001,adam,495,50.47995185852051,0.0004962096906244549,0.0,0.14338022516264032,0.0006395899225972905,,,,
495,0.001,adam,496,50.5444221496582,0.0005070823774335709,0.0,0.1394055461939653,0.0006464879302489443,,,,
496,0.001,adam,497,50.61263084411621,0.0005095005971659568,0.0,0.12841659299582847,0.0006379171962612462,,,,
497,0.001,adam,498,50.67434597015381,0.0004951358148993544,0.0,0.15159804606733676,0.000646733868167212,,,,
498,0.001,adam,499,50.71846890449524,0.0004964118810341897,0.0,0.11035647975139687,0.0006067683660272381,,,,
499,0.001,adam,500,50.75766205787659,0.000505665861225412,0.0,0.11713736667186136,0.0006228032334609998,0.0012255311204258745,0.0,0.11500001569030756,0.0013405311415783897
500,0.001,adam,501,50.84082627296448,0.0005023069921234436,0.0,0.12190873590792684,0.0006242157338217248,,,,
501,0.001,adam,502,50.915658712387085,0.000493438240226172,0.0,0.12630876547468223,0.0006197470117001987,,,,
502,0.001,adam,503,50.967556953430176,0.0004943116198081,0.0,0.09794095640589018,0.000592252580865936,,,,
503,0.001,adam,504,51.04153823852539,0.0004950820117664897,0.0,0.1257645434294052,0.0006208465611693901,,,,
504,0.001,adam,505,51.08629488945007,0.0004894370045737697,0.0,0.13445042922192796,0.0006238874401817503,,,,
505,0.001,adam,506,51.13615870475769,0.0004837535852478112,0.0,0.12436499423168934,0.0006081185853865209,,,,
506,0.001,adam,507,51.17186999320984,0.0004840442566623901,0.0,0.10933547630797662,0.0005933797381635231,,,,
507,0.001,adam,508,51.22139859199524,0.00048392707137812313,0.0,0.12151647985686125,0.0006054435570067075,,,,
508,0.001,adam,509,51.26664423942566,0.0004798175447452536,0.0,0.09065081284727175,0.0005704683618982079,,,,
509,0.001,adam,510,51.311487674713135,0.00047870078463270753,0.0,0.13720686794385012,0.0006159076590935342,,,,
510,0.001,adam,511,51.37259125709534,0.0004830245064866066,0.0,0.10843858693409976,0.0005914630985712629,,,,
511,0.001,adam,512,51.425633907318115,0.0004847005460640006,0.0,0.12663804836950368,0.0006113386004484888,,,,
512,0.001,adam,513,51.488661766052246,0.0004800591553979267,0.0,0.10640733699926701,0.000586466497451271,,,,
513,0.001,adam,514,51.53131675720215,0.0004773243272422359,0.0,0.11657319233581154,0.000593897525114977,,,,
514,0.001,adam,515,51.58710193634033,0.00047609422091330397,0.0,0.13065797296391005,0.0006067522000831347,,,,
515,0.001,adam,516,51.641891956329346,0.00047552154021051935,0.0,0.1494342069556763,0.0006249557542639397,,,,
516,0.001,adam,517,51.69529366493225,0.0004716660666309332,0.0,0.13350147693996695,0.0006051675499118801,,,,
517,0.001,adam,518,51.738109827041626,0.000469025625547987,0.0,0.11509660294335977,0.000584122233958142,,,,
518,0.001,adam,519,51.796406745910645,0.0004687631665846877,0.0,0.11074030009033091,0.0005795034719349006,,,,
519,0.001,adam,520,51.85097789764404,0.00046886392995673843,0.0,0.09656973749263878,0.0005654336720361936,0.001166031516646948,0.0,0.1123246498313908,0.0012783561718134734
520,0.001,adam,521,51.939131021499634,0.00046833706007669973,0.0,0.11096236949119453,0.000579299434838324,,,,
521,0.001,adam,522,51.99248433113098,0.00046883254301330373,0.0,0.11155159777019774,0.000580384146081918,,,,
522,0.001,adam,523,52.05298113822937,0.00047101501651835865,0.0,0.10685971534918406,0.0005778747369431068,,,,
523,0.001,adam,524,52.101725816726685,0.00047885239350409144,0.0,0.11355585949916129,0.0005924082583968666,,,,
524,0.001,adam,525,52.14380121231079,0.00048748796781089175,0.0,0.11064862930743473,0.0005981366023738543,,,,
525,0.001,adam,526,52.193586111068726,0.0004995635090791413,0.0,0.10944274385256292,0.0006090062581299556,,,,
526,0.001,adam,527,52.254948139190674,0.0005158161363630276,0.0,0.10151843362794188,0.0006173345748128364,,,,
527,0.001,adam,528,52.315550088882446,0.0005451713296161138,0.0,0.1236619353687648,0.0006688332708585053,,,,
528,0.001,adam,529,52.368154525756836,0.000588911504160512,0.0,0.1165015446208431,0.0007054130543148815,,,,
529,0.001,adam,530,52.41589307785034,0.0006403069208476824,0.0,0.13253272688206166,0.0007728396540247108,,,,
530,0.001,adam,531,52.4748899936676,0.0006988336166437869,0.0,0.1376343152180426,0.0008364679383991087,,,,
531,0.001,adam,532,52.513431787490845,0.000750574664061463,0.0,0.12686194641927714,0.0008774366165063593,,,,
532,0.001,adam,533,52.57345700263977,0.0007532140503210384,0.0,0.11572067899721934,0.0008689347348146951,,,,
533,0.001,adam,534,52.62102389335632,0.0006809261506601178,0.0,0.1020779941211705,0.0007830041496297329,,,,
534,0.001,adam,535,52.678481340408325,0.0005715515155340157,0.0,0.12256945358892432,0.0006941209749446766,,,,
535,0.001,adam,536,52.72422218322754,0.0004782983712874492,0.0,0.10754778270110968,0.0005858461590968044,,,,
536,0.001,adam,537,52.78477597236633,0.000448279729093788,0.0,0.09228983854366606,0.0005405695720209862,,,,
537,0.001,adam,538,52.837454319000244,0.00048278258610947764,0.0,0.10499661690610582,0.0005877792080026551,,,,
538,0.001,adam,539,52.885494232177734,0.0005357521063033249,0.0,0.11246205498522466,0.0006482141666302105,,,,
539,0.001,adam,540,52.940598487854004,0.0005509943524759254,0.0,0.10560653747947264,0.0006566008949714394,0.001204071086110779,0.0,0.1096733070507948,0.0013137443983707764
540,0.001,adam,541,53.01773190498352,0.0005147836884066304,0.0,0.14292294229133162,0.0006577066374864375,,,,
541,0.001,adam,542,53.06279373168945,0.00046310585224962304,0.0,0.10207525595443454,0.000565181113052372,,,,
542,0.001,adam,543,53.10430884361267,0.000441779663479997,0.0,0.11839106616421331,0.0005601707352674842,,,,
543,0.001,adam,544,53.146228313446045,0.0004609313455375597,0.0,0.11398286665265316,0.0005749142176041085,,,,
544,0.001,adam,545,53.19026160240173,0.000488391217645547,0.0,0.1002755466045135,0.0005886667690128934,,,,
545,0.001,adam,546,53.24074864387512,0.00048578456182223393,0.0,0.10250846829067958,0.0005882930349818045,,,,
546,0.001,adam,547,53.29249167442322,0.00046256347826193346,0.0,0.11209031397898608,0.0005746537975649238,,,,
547,0.001,adam,548,53.33171248435974,0.00044195953515080227,0.0,0.11422976402709654,0.0005561893046035215,,,,
548,0.001,adam,549,53.38774371147156,0.00043735154315278094,0.0,0.14505486477864854,0.0005824064148211659,,,,
549,0.001,adam,550,53.4430935382843,0.00044833189444841095,0.0,0.11201223307046033,0.0005603441328391669,,,,
550,0.001,adam,551,53.50393724441528,0.0004589480508573165,0.0,0.13929933182411133,0.000598247389297791,,,,
551,0.001,adam,552,53.550971269607544,0.0004553897806946423,0.0,0.09285011607912205,0.0005482399011839082,,,,
552,0.001,adam,553,53.620293855667114,0.0004418041124380224,0.0,0.09868832911182882,0.0005404924462372953,,,,
553,0.001,adam,554,53.68632531166077,0.00043187688241971465,0.0,0.11700017063597992,0.0005488770586129045,,,,
554,0.001,adam,555,53.741581439971924,0.00043216888063969325,0.0,0.12828911847942842,0.0005604580052125278,,,,
555,0.001,adam,556,53.788004636764526,0.00043709292037630087,0.0,0.10716699282711258,0.0005442599182935724,,,,
556,0.001,adam,557,53.829007387161255,0.00043842413646514694,0.0,0.1107261075853416,0.0005491502493096965,,,,
557,0.001,adam,558,53.87642788887024,0.00043573830831106995,0.0,0.1093941532260996,0.000545132466733113,,,,
558,0.001,adam,559,53.93054986000061,0.0004311334384221521,0.0,0.12620359948569362,0.000557337043902195,,,,
559,0.001,adam,560,53.98596954345703,0.00042599561651415036,0.0,0.0995484215838897,0.0005255440428263364,0.0011028341453267806,0.0,0.10697303604245977,0.001209807186450187
560,0.001,adam,561,54.074212312698364,0.0004236963393352365,0.0,0.12928230550297007,0.0005529786509787866,,,,
561,0.001,adam,562,54.13555455207825,0.0004262372267313213,0.0,0.1593979126713621,0.0005856351469736781,,,,
562,0.001,adam,563,54.205923318862915,0.00042753882679719856,0.0,0.10542967387745439,0.0005329685056822938,,,,
563,0.001,adam,564,54.28282856941223,0.000427035564000868,0.0,0.11701907995668488,0.000544054649515661,,,,
564,0.001,adam,565,54.34597134590149,0.0004260191378217818,0.0,0.11201273411200488,0.0005380318772541061,,,,
565,0.001,adam,566,54.393327951431274,0.0004224094940537242,0.0,0.09783838708753445,0.0005202478857883327,,,,
566,0.001,adam,567,54.44254922866821,0.0004190508855381104,0.0,0.10785520538331048,0.0005269060960442683,,,,
567,0.001,adam,568,54.50342345237732,0.0004185734882929028,0.0,0.11894198015532105,0.0005375154740976648,,,,
568,0.001,adam,569,54.57468867301941,0.0004180677003684516,0.0,0.10862834662535534,0.0005266960521533766,,,,
569,0.001,adam,570,54.638691425323486,0.0004193460644268343,0.0,0.11732330294035138,0.0005366693729397436,,,,
570,0.001,adam,571,54.68855810165405,0.00042077263456164984,0.0,0.10251709068392265,0.000523289730114873,,,,
571,0.001,adam,572,54.738988637924194,0.00041978461214084943,0.0,0.09957670113185449,0.0005193613180023434,,,,
572,0.001,adam,573,54.80033254623413,0.000417125018367181,0.0,0.11242753536237318,0.0005295525590695755,,,,
573,0.001,adam,574,54.862313985824585,0.0004160523702937153,0.0,0.08709296378574867,0.0005031453382161578,,,,
574,0.001,adam,575,54.907981395721436,0.0004137281121904335,0.0,0.11303808361813732,0.0005267662011775917,,,,
575,0.001,adam,576,54.95400404930115,0.00041111226966145147,0.0,0.09975230305236653,0.0005108645774517982,,,,
576,0.001,adam,577,55.00835967063904,0.00040879160327132063,0.0,0.11704607791288424,0.0005258376867435953,,,,
577,0.001,adam,578,55.06173324584961,0.00040824609446504583,0.0,0.09720575420151885,0.0005054518532835902,,,,
578,0.001,adam,579,55.119165658950806,0.00040816138070227053,0.0,0.11509811180430311,0.0005232594979734406,,,,
579,0.001,adam,580,55.187938928604126,0.00040793204649128094,0.0,0.1070739634586739,0.0005150060150356952,0.0010742873890163675,0.0,0.1046286001445465,0.0011789159941305058
580,0.001,adam,581,55.269503116607666,0.00040687336964008257,0.0,0.11768343700630088,0.0005245568122360468,,,,
581,0.001,adam,582,55.31270241737366,0.0004060543272828536,0.0,0.09912631676269154,0.0005051806487537925,,,,
582,0.001,adam,583,55.353520154953,0.00040533598160153535,0.0,0.11714588516113097,0.0005224818723267973,,,,
583,0.001,adam,584,55.40115237236023,0.0004043100321465789,0.0,0.1000747599146925,0.0005043847968145674,,,,
584,0.001,adam,585,55.4465754032135,0.00040387367621115013,0.0,0.09386498266194242,0.00049773866333144,,,,
585,0.001,adam,586,55.50964164733887,0.0004033759888093156,0.0,0.11362974593708622,0.0005170057401435251,,,,
586,0.001,adam,587,55.54441738128662,0.000402626939482571,0.0,0.11265835048266162,0.0005152852953162171,,,,
587,0.001,adam,588,55.62067747116089,0.00040191656922812963,0.0,0.09670500225678527,0.0004986215760781561,,,,
588,0.001,adam,589,55.67334747314453,0.0004007123312965226,0.0,0.10805277601138945,0.0005087651124401436,,,,
589,0.001,adam,590,55.72329759597778,0.0004006788453826367,0.0,0.11933039589863656,0.0005200092469491629,,,,
590,0.001,adam,591,55.772905349731445,0.0004007802499531439,0.0,0.10300590870983325,0.0005037861635554953,,,,
591,0.001,adam,592,55.81700849533081,0.0004004887836218849,0.0,0.09378357935603494,0.0004942723674324008,,,,
592,0.001,adam,593,55.866172313690186,0.00040040414394644215,0.0,0.10438437153829874,0.0005047885204427325,,,,
593,0.001,adam,594,55.91097617149353,0.00040408478858079347,0.0,0.09606978055277554,0.0005001545736966387,,,,
594,0.001,adam,595,55.95812773704529,0.0004082202103165205,0.0,0.08512586761250404,0.0004933460819722862,,,,
595,0.001,adam,596,56.002798557281494,0.000415384190524179,0.0,0.11147948746998444,0.000526863683289155,,,,
596,0.001,adam,597,56.04348373413086,0.0004250845726480133,0.0,0.09474650040978745,0.0005198310775580181,,,,
597,0.001,adam,598,56.11057233810425,0.00044563461037114695,0.0,0.09608781893618348,0.000541722433871257,,,,
598,0.001,adam,599,56.170047760009766,0.00047969889339854517,0.0,0.0822013249689632,0.0005619002222718618,,,,
599,0.001,adam,600,56.249563694000244,0.0005365019474004458,0.0,0.09298331360513956,0.0006294852654220558,0.001263930498883963,0.0,0.10774267677539055,0.001371673180776856
600,0.001,adam,601,56.32033348083496,0.0006266378575427856,0.0,0.11617015847035181,0.0007428080215309238,,,,
601,0.001,adam,602,56.37151885032654,0.0007575924639438807,0.0,0.10909188283611546,0.0008666843519615825,,,,
602,0.001,adam,603,56.41892147064209,0.0008974634921911168,0.0,0.12839919504517602,0.0010258626933349272,,,,
603,0.001,adam,604,56.46574854850769,0.0009911589542870318,0.0,0.0946060890518276,0.0010857650478324076,,,,
604,0.001,adam,605,56.52020215988159,0.000892414392235428,0.0,0.10499169625208718,0.0009974060934743532,,,,
605,0.001,adam,606,56.55385899543762,0.0006331313532519941,0.0,0.1123482899516088,0.0007454796485398603,,,,
606,0.001,adam,607,56.614001512527466,0.0004439803556910448,0.0,0.11599638705625212,0.0005599767482568297,,,,
607,0.001,adam,608,56.666561126708984,0.0005052413797958971,0.0,0.11277572672801775,0.0006180171118804745,,,,
608,0.001,adam,609,56.71808695793152,0.0006787106733467645,0.0,0.09823560876343451,0.0007769462867761401,,,,
609,0.001,adam,610,56.76508021354675,0.0007189684572599653,0.0,0.09756704123529833,0.0008165355031294494,,,,
610,0.001,adam,611,56.802857398986816,0.0005408652709120852,0.0,0.10278550496493696,0.0006436507807590716,,,,
611,0.001,adam,612,56.87403464317322,0.0004231758875772524,0.0,0.10226968533216008,0.0005254455777669619,,,,
612,0.001,adam,613,56.90938639640808,0.00048009728788358776,0.0,0.0986205611118383,0.0005787178536796514,,,,
613,0.001,adam,614,56.95843768119812,0.0005522006457894329,0.0,0.09876796393931495,0.0006509686144199743,,,,
614,0.001,adam,615,57.00939321517944,0.0004788961114738049,0.0,0.10175288117374359,0.000580648997480551,,,,
615,0.001,adam,616,57.075173139572144,0.0003845962962189013,0.0,0.0994177534123967,0.0004840140543533879,,,,
616,0.001,adam,617,57.127058029174805,0.0004193604715135498,0.0,0.08943248208699679,0.0005087929578483616,,,,
617,0.001,adam,618,57.174110651016235,0.00047690210733984174,0.0,0.10243178788016168,0.0005793339000852522,,,,
618,0.001,adam,619,57.212371587753296,0.0004435299097220087,0.0,0.11796356169884467,0.0005614934770238219,,,,
619,0.001,adam,620,57.26122570037842,0.0003885789629087895,0.0,0.08891516982369926,0.0004774941369557327,0.00106432220652776,0.0,0.10350998937168188,0.0011678322008159027
620,0.001,adam,621,57.32450342178345,0.0004143410583863031,0.0,0.09550906831316194,0.0005098501312359024,,,,
621,0.001,adam,622,57.38745427131653,0.0004541862518574964,0.0,0.10452194584823478,0.0005587082026702572,,,,
622,0.001,adam,623,57.43041944503784,0.00041922810131703826,0.0,0.11598032191493705,0.000535208428740745,,,,
623,0.001,adam,624,57.48581552505493,0.0003814538652394728,0.0,0.09923068983079035,0.000480684559783468,,,,
624,0.001,adam,625,57.53495478630066,0.00039702337666060384,0.0,0.09751327157065026,0.000494536652862886,,,,
625,0.001,adam,626,57.60200333595276,0.0004154914755239801,0.0,0.10813766690161519,0.0005236291475618588,,,,
626,0.001,adam,627,57.65964317321777,0.0003948280093052725,0.0,0.11740987782857108,0.0005122378927105135,,,,
627,0.001,adam,628,57.719934940338135,0.00037319980652095674,0.0,0.1078507100258774,0.000481050521669468,,,,
628,0.001,adam,629,57.79681181907654,0.0003899021630188915,0.0,0.09765419462462636,0.0004875563622818432,,,,
629,0.001,adam,630,57.842806816101074,0.00040260743751830823,0.0,0.09730306012147477,0.0004999105022614304,,,,
630,0.001,adam,631,57.88513970375061,0.00038680052505654335,0.0,0.10574171001543368,0.0004925422400944388,,,,
631,0.001,adam,632,57.9315505027771,0.0003734299730984096,0.0,0.11410882607644457,0.0004875388045947326,,,,
632,0.001,adam,633,57.99934935569763,0.00037984899306689376,0.0,0.11062076383556,0.0004904697621566581,,,,
633,0.001,adam,634,58.053457498550415,0.0003877763177161779,0.0,0.10592793716741573,0.0004937042599149007,,,,
634,0.001,adam,635,58.10037136077881,0.00037731697689699504,0.0,0.10644203009167566,0.0004837590120443958,,,,
635,0.001,adam,636,58.143559217453,0.00036767996316239683,0.0,0.0903892518739112,0.0004580692193295671,,,,
636,0.001,adam,637,58.20524072647095,0.00037260518825850777,0.0,0.09721415355453769,0.00046981934643047,,,,
637,0.001,adam,638,58.2565484046936,0.0003792587694367407,0.0,0.10599001307266949,0.00048524878754366567,,,,
638,0.001,adam,639,58.31566071510315,0.0003721339041209401,0.0,0.10258741755443546,0.0004747213265480164,,,,
639,0.001,adam,640,58.377864599227905,0.0003649628263926947,0.0,0.10045329098717981,0.00046541612215114984,0.0010115809138795124,0.0,0.09798454930199113,0.00110956546783552
640,0.001,adam,641,58.47199082374573,0.0003674514023262924,0.0,0.10347256165619971,0.00047092396889717505,,,,
641,0.001,adam,642,58.534501791000366,0.0003727878887838128,0.0,0.0798197036046597,0.000452607596179705,,,,
642,0.001,adam,643,58.58701038360596,0.00037070949934100197,0.0,0.08354910090969299,0.0004542586042190643,,,,
643,0.001,adam,644,58.664676666259766,0.00036367195021473815,0.0,0.11436174062099073,0.0004780336962676201,,,,
644,0.001,adam,645,58.727988719940186,0.0003616513879223172,0.0,0.08428939137094972,0.00044594078329679817,,,,
645,0.001,adam,646,58.783119678497314,0.0003643256725433391,0.0,0.11120169633496438,0.00047552737416010064,,,,
646,0.001,adam,647,58.84784412384033,0.00036460931817357815,0.0,0.11444405498509469,0.00047905337859447376,,,,
647,0.001,adam,648,58.89118051528931,0.0003633508622386384,0.0,0.10145737941209074,0.0004648082464696961,,,,
648,0.001,adam,649,58.95259118080139,0.0003612610129604285,0.0,0.11398759043695517,0.0004752486088115037,,,,
649,0.001,adam,650,59.028271198272705,0.0003625617273279691,0.0,0.11242412263367636,0.00047498585530150473,,,,
650,0.001,adam,651,59.08959770202637,0.0003674720195523564,0.0,0.0980826062736142,0.00046555463048464444,,,,
651,0.001,adam,652,59.16723155975342,0.00037056292721919396,0.0,0.10174812571920244,0.00047231105777117304,,,,
652,0.001,adam,653,59.232357025146484,0.0003735975369243836,0.0,0.08630170183343208,0.00045989924285692657,,,,
653,0.001,adam,654,59.26880407333374,0.0003817804298690156,0.0,0.09299989881511042,0.0004747803331013842,,,,
654,0.001,adam,655,59.322365045547485,0.00039641015757429566,0.0,0.09192763036730378,0.0004883377923079275,,,,
655,0.001,adam,656,59.375927209854126,0.00042572289767952247,0.0,0.08934958087024909,0.0005150724827936489,,,,
656,0.001,adam,657,59.423728704452515,0.00047896453233046445,0.0,0.09846219753021504,0.0005774267345373829,,,,
657,0.001,adam,658,59.481324672698975,0.0005585842944700689,0.0,0.09171524448688352,0.0006502995433131927,,,,
658,0.001,adam,659,59.52645564079285,0.0007007190452161759,0.0,0.12215401780516348,0.000822873068823344,,,,
659,0.001,adam,660,59.567805767059326,0.0008734020436452454,0.0,0.09325370090131423,0.0009666557489758727,0.0017911800794152904,0.0,0.10266692363633988,0.0018938470079280475
660,0.001,adam,661,59.664937257766724,0.0010820724995731605,0.0,0.1159404107296184,0.001198012915809653,,,,
661,0.001,adam,662,59.7190887928009,0.0010660088226592372,0.0,0.10015946999032259,0.0011661682974068793,,,,
662,0.001,adam,663,59.790980100631714,0.0008395403295033921,0.0,0.097179221073605,0.0009367195551927623,,,,
663,0.001,adam,664,59.847872257232666,0.00046362849471074893,0.0,0.10491855612596272,0.0005685470558200756,,,,
664,0.001,adam,665,59.8926796913147,0.00037159608100169247,0.0,0.11068305810670007,0.0004822791443655557,,,,
665,0.001,adam,666,59.95258665084839,0.0005676318569538845,0.0,0.10542007207381957,0.0006730519340348887,,,,
666,0.001,adam,667,60.019110918045044,0.0006798295032540053,0.0,0.08964301154004595,0.0007694725190518658,,,,
667,0.001,adam,668,60.06490397453308,0.0005459588522076993,0.0,0.12128624036857602,0.0006672450983370626,,,,
668,0.001,adam,669,60.11768913269043,0.0003654666328838235,0.0,0.10458207195158764,0.00047004870980279297,,,,
669,0.001,adam,670,60.16375017166138,0.00041690233248234404,0.0,0.09083198392186888,0.0005077343207185006,,,,
670,0.001,adam,671,60.21575117111206,0.0005440348872287784,0.0,0.09008691658897738,0.0006341218080966547,,,,
671,0.001,adam,672,60.26419115066528,0.0004810841089951342,0.0,0.11637322887178672,0.0005974573433943527,,,,
672,0.001,adam,673,60.310571908950806,0.000361300609269205,0.0,0.0911576713467227,0.00045245828494568476,,,,
673,0.001,adam,674,60.361254930496216,0.0003911152137551308,0.0,0.0911479640412324,0.0004822631821256592,,,,
674,0.001,adam,675,60.39886713027954,0.00046925421342829826,0.0,0.10060240664777846,0.0005698566248544347,,,,
675,0.001,adam,676,60.453240394592285,0.00042627121369666164,0.0,0.12304314872599927,0.0005493143682668969,,,,
676,0.001,adam,677,60.505502462387085,0.00035414982733385014,0.0,0.10603831163706408,0.00046018814400746377,,,,
677,0.001,adam,678,60.55951976776123,0.00038709046470397174,0.0,0.10326854981663072,0.0004903590194255954,,,,
678,0.001,adam,679,60.6275110244751,0.0004287556462564443,0.0,0.09176052671463948,0.0005205161773294749,,,,
679,0.001,adam,680,60.66757822036743,0.00038038215201040726,0.0,0.09949431948904233,0.0004798764762251762,0.0009651132515267609,0.0,0.09472068532647503,0.0010598339413522271
680,0.001,adam,681,60.733896255493164,0.00034511181067606653,0.0,0.08226371011302656,0.00042737552469640966,,,,
681,0.001,adam,682,60.777873516082764,0.0003812720270705015,0.0,0.08322584473920205,0.00046449787576271904,,,,
682,0.001,adam,683,60.828914165496826,0.0003960992061092176,0.0,0.09263463587482992,0.0004887338463839566,,,,
683,0.001,adam,684,60.8814172744751,0.00035608414742985153,0.0,0.10134795934830312,0.0004574321115919244,,,,
684,0.001,adam,685,60.936558961868286,0.00034397469567322815,0.0,0.08955562238873055,0.00043353032231562255,,,,
685,0.001,adam,686,60.991158962249756,0.00037504691275407656,0.0,0.09530415704026325,0.00047035107432104436,,,,
686,0.001,adam,687,61.05465221405029,0.0003753304810970397,0.0,0.09003924009841387,0.000465369725472088,,,,
687,0.001,adam,688,61.108062744140625,0.0003450666002124335,0.0,0.10652892510262661,0.00045159553037491256,,,,
688,0.001,adam,689,61.16456937789917,0.00034570740971069376,0.0,0.10482747790468597,0.00045053489259441775,,,,
689,0.001,adam,690,61.21557664871216,0.00036533960383723396,0.0,0.09615111463017516,0.000461490723034342,,,,
690,0.001,adam,691,61.26756024360657,0.0003563125957246806,0.0,0.09029085088815914,0.00044660345090142504,,,,
691,0.001,adam,692,61.32070255279541,0.0003385202110483298,0.0,0.10542974398709162,0.0004439499600430655,,,,
692,0.001,adam,693,61.38250017166138,0.00034512526411956823,0.0,0.10174912848858728,0.00044687439744097975,,,,
693,0.001,adam,694,61.45991897583008,0.00035456350997344576,0.0,0.09947716827475503,0.00045404068297311275,,,,
694,0.001,adam,695,61.50306701660156,0.0003444745226723044,0.0,0.08753352372943313,0.00043200805055935683,,,,
695,0.001,adam,696,61.55419874191284,0.0003365557898242612,0.0,0.11443202784547543,0.0004509878231049663,,,,
696,0.001,adam,697,61.62041664123535,0.0003440326706861428,0.0,0.10787756900800946,0.0004519102448180618,,,,
697,0.001,adam,698,61.67607617378235,0.00034758813928293693,0.0,0.09259042824358557,0.00044017857192433184,,,,
698,0.001,adam,699,61.70966935157776,0.000337399328315294,0.0,0.07221720791297152,0.0004096165396583988,,,,
699,0.001,adam,700,61.760234355926514,0.0003339506658626099,0.0,0.11982258963574277,0.0004537732611896203,0.00095739488256608,0.0,0.09291138695519212,0.0010503062739343262
700,0.001,adam,701,61.85020327568054,0.00033973475449727494,0.0,0.08661416848100625,0.00042634892709223345,,,,
701,0.001,adam,702,61.90756034851074,0.0003402665328512798,0.0,0.09227881973626532,0.00043254535697055386,,,,
702,0.001,adam,703,61.97601532936096,0.00033284900301195757,0.0,0.0995491742819725,0.00043239818202226213,,,,
703,0.001,adam,704,62.040783405303955,0.0003298206219073833,0.0,0.11814723179710285,0.00044796785931617856,,,,
704,0.001,adam,705,62.11698603630066,0.00033385778024678565,0.0,0.10018158993591357,0.0004340393749410694,,,,
705,0.001,adam,706,62.17959785461426,0.00033429376840577346,0.0,0.08551075362450276,0.00041980452609181906,,,,
706,0.001,adam,707,62.23121905326843,0.0003297331284153232,0.0,0.09341902369888219,0.0004231521565513709,,,,
707,0.001,adam,708,62.290464878082275,0.0003270732234378105,0.0,0.11099469218552509,0.0004380679208953006,,,,
708,0.001,adam,709,62.33712553977966,0.00032852074071456754,0.0,0.10859810488752594,0.0004371188507602267,,,,
709,0.001,adam,710,62.394877910614014,0.00032906643664755403,0.0,0.10197599384897779,0.00043104243534013164,,,,
710,0.001,adam,711,62.44205045700073,0.0003263059437102797,0.0,0.0874166892431935,0.0004137226371055432,,,,
711,0.001,adam,712,62.50868344306946,0.00032504476163597616,0.0,0.10958637277146188,0.00043463113961251143,,,,
712,0.001,adam,713,62.55515217781067,0.0003264769782158388,0.0,0.09335197376081902,0.00041982895641063864,,,,
713,0.001,adam,714,62.62075090408325,0.0003279108498689093,0.0,0.07336488261909298,0.00040127573597264723,,,,
714,0.001,adam,715,62.67917323112488,0.00032605517347439675,0.0,0.09057629450422744,0.0004166314722807673,,,,
715,0.001,adam,716,62.71586871147156,0.0003222593137090898,0.0,0.09504868618211643,0.0004173080044057766,,,,
716,0.001,adam,717,62.7592077255249,0.00032277904229022127,0.0,0.10433035171349594,0.000427109398959143,,,,
717,0.001,adam,718,62.804638385772705,0.0003239196764942224,0.0,0.09915215101976231,0.00042307183222345916,,,,
718,0.001,adam,719,62.86757564544678,0.0003230487758405559,0.0,0.09769618328944477,0.0004207449637703204,,,,
719,0.001,adam,720,62.93688631057739,0.0003216834711630262,0.0,0.10521371309258003,0.00042689718925298945,0.000921318819760716,0.0,0.08955395442597999,0.0010108727784402805
720,0.001,adam,721,63.00289583206177,0.00031976725921594503,0.0,0.09086604060178041,0.0004106333041336308,,,,
721,0.001,adam,722,63.04576373100281,0.0003206209179359799,0.0,0.08188541449936046,0.00040250633632468887,,,,
722,0.001,adam,723,63.09362816810608,0.000322127116073579,0.0,0.08891980500605481,0.0004110469253030979,,,,
723,0.001,adam,724,63.15987157821655,0.0003208507728786588,0.0,0.09431430769188069,0.00041516508505022874,,,,
724,0.001,adam,725,63.476194858551025,0.0003182054750862221,0.0,0.10763209842815116,0.0004258375786266236,,,,
725,0.001,adam,726,63.53608012199402,0.0003178095596119857,0.0,0.08439847159240507,0.0004022080352131031,,,,
726,0.001,adam,727,63.59937620162964,0.00031714742346766853,0.0,0.10504419418614533,0.00042219162264314536,,,,
727,0.001,adam,728,63.662797927856445,0.000319393544801226,0.0,0.07899089149334046,0.0003983844400464325,,,,
728,0.001,adam,729,63.73282027244568,0.00031893490019681313,0.0,0.0836654333601092,0.0004026003375308172,,,,
729,0.001,adam,730,63.78960418701172,0.0003157791291398692,0.0,0.07816308596969494,0.00039394221882211146,,,,
730,0.001,adam,731,63.84469294548035,0.0003145723502271351,0.0,0.07799252782184349,0.0003925648817534249,,,,
731,0.001,adam,732,63.92847514152527,0.0003135179344356972,0.0,0.09662707883607624,0.0004101450178613134,,,,
732,0.001,adam,733,63.994974851608276,0.0003146855345247487,0.0,0.07088229149197918,0.0003855678293834561,,,,
733,0.001,adam,734,64.05230164527893,0.00031431199712291896,0.0,0.09136535839903073,0.0004056773598615713,,,,
734,0.001,adam,735,64.11855626106262,0.00031274315619627346,0.0,0.1008738200712164,0.0004136169810587392,,,,
735,0.001,adam,736,64.16759586334229,0.00031190195439297216,0.0,0.08815098319743533,0.00040005294177735453,,,,
736,0.001,adam,737,64.22203183174133,0.0003110596254651443,0.0,0.08482583770462263,0.000395885467198778,,,,
737,0.001,adam,738,64.27561068534851,0.00031133803462221106,0.0,0.09671702924094434,0.0004080550684569678,,,,
738,0.001,adam,739,64.34287595748901,0.00031045121316427307,0.0,0.0827979566599748,0.0003932491737569398,,,,
739,0.001,adam,740,64.38368129730225,0.000310020755768626,0.0,0.11127129651829253,0.0004212920575720215,0.0009083199507693836,0.0,0.0885396388344672,0.000996859593809258
740,0.001,adam,741,64.45530962944031,0.00031042620786518837,0.0,0.09418418877715613,0.00040461040111585344,,,,
741,0.001,adam,742,64.50234794616699,0.00031121741916112104,0.0,0.08877129761926761,0.00039998872099679904,,,,
742,0.001,adam,743,64.56157445907593,0.0003122578501769871,0.0,0.0869237576866189,0.00039918161199226294,,,,
743,0.001,adam,744,64.6094160079956,0.0003127959552567798,0.0,0.10315917574380089,0.0004159551359003786,,,,
744,0.001,adam,745,64.67713642120361,0.0003141997652189014,0.0,0.07993115146823407,0.00039413092048366143,,,,
745,0.001,adam,746,64.7207465171814,0.0003148175936301246,0.0,0.07543779384109477,0.00039025539105432233,,,,
746,0.001,adam,747,64.76789045333862,0.00031641625962009195,0.0,0.07845323510469371,0.00039486949845111437,,,,
747,0.001,adam,748,64.81144165992737,0.00031763354003441286,0.0,0.09177301271164742,0.00040940655710504446,,,,
748,0.001,adam,749,64.87829351425171,0.0003229269298944716,0.0,0.08593707542527255,0.00040886400940153624,,,,
749,0.001,adam,750,64.91931772232056,0.0003286778204924019,0.0,0.09305443659416503,0.00042173226150641556,,,,
750,0.001,adam,751,64.98161721229553,0.00033759429536084297,0.0,0.09161921023673432,0.0004292135099492563,,,,
751,0.001,adam,752,65.04151153564453,0.00035154205208795785,0.0,0.09036673958251426,0.0004419087959626619,,,,
752,0.001,adam,753,65.11464786529541,0.0003754070952851264,0.0,0.07615863632735097,0.00045156573522981845,,,,
753,0.001,adam,754,65.17430329322815,0.0004066239084314437,0.0,0.07380653390393428,0.0004804304458410002,,,,
754,0.001,adam,755,65.23884606361389,0.0004493628571167875,0.0,0.08655379763275073,0.0005359166588606231,,,,
755,0.001,adam,756,65.30082845687866,0.0004980887280113481,0.0,0.08996608027861895,0.0005880548125631266,,,,
756,0.001,adam,757,65.35476422309875,0.0005570631366918997,0.0,0.09844529856824018,0.0006555084399360406,,,,
757,0.001,adam,758,65.40655207633972,0.0005969016208641145,0.0,0.08065607861286234,0.000677557703307935,,,,
758,0.001,adam,759,65.45455956459045,0.0006017655627740905,0.0,0.09134465570329604,0.0006931102228160249,,,,
759,0.001,adam,760,65.52237367630005,0.0005428565691040054,0.0,0.07897842022101421,0.0006218349930762933,0.0010288795587389866,0.0,0.08652951121327855,0.0011154090740621964
760,0.001,adam,761,65.61399269104004,0.0004392582180141213,0.0,0.08083154110800468,0.0005200897629614182,,,,
761,0.001,adam,762,65.66172933578491,0.00033726387179073175,0.0,0.08526678346350378,0.0004225306593041904,,,,
762,0.001,adam,763,65.72405076026917,0.00029765546574726055,0.0,0.09857726509149015,0.00039623273552091956,,,,
763,0.001,adam,764,65.78197360038757,0.00032932657840031756,0.0,0.08800830823574621,0.0004173348908162341,,,,
764,0.001,adam,765,65.84036684036255,0.00038517124693924966,0.0,0.09533029785401602,0.0004805015493212119,,,,
765,0.001,adam,766,65.91314172744751,0.0004088689996202459,0.0,0.08552516289401169,0.0004943941665764848,,,,
766,0.001,adam,767,65.95913648605347,0.0003753333418732668,0.0,0.0869528019678228,0.00046228614797112603,,,,
767,0.001,adam,768,66.0023901462555,0.0003211244038773545,0.0,0.08429115082874679,0.00040541555870971614,,,,
768,0.001,adam,769,66.04573059082031,0.00029543241574469555,0.0,0.10179387284893601,0.0003972262934285811,,,,
769,0.001,adam,770,66.11057233810425,0.0003134134817563976,0.0,0.0929473258188535,0.00040636081199001215,,,,
770,0.001,adam,771,66.16738176345825,0.000344842700379092,0.0,0.09353923203877249,0.0004383819368607396,,,,
771,0.001,adam,772,66.23408627510071,0.0003502481854984858,0.0,0.07718756711809788,0.0004274357562827964,,,,
772,0.001,adam,773,66.29638314247131,0.0003267984972213472,0.0,0.0873220480616715,0.00041412054943059344,,,,
773,0.001,adam,774,66.34344053268433,0.0002989320301108904,0.0,0.08850715346496181,0.0003874391877797164,,,,
774,0.001,adam,775,66.39259815216064,0.0002949279169202388,0.0,0.0804586612752555,0.00037538658201707566,,,,
775,0.001,adam,776,66.45078659057617,0.00031135108137596783,0.0,0.09761831898764481,0.000408969405000234,,,,
776,0.001,adam,777,66.52776050567627,0.00032197115789598014,0.0,0.1129957244561151,0.0004349668877191041,,,,
777,0.001,adam,778,66.59170508384705,0.00031737725140537236,0.0,0.10930917063385212,0.00042668642723113145,,,,
778,0.001,adam,779,66.63965559005737,0.00030260059165312724,0.0,0.09110102816758725,0.00039370162414778114,,,,
779,0.001,adam,780,66.69168996810913,0.0002923118126427056,0.0,0.08389576876447254,0.00037620758539201333,0.0008811200915359916,0.0,0.0852644673116353,0.0009663845628974717
780,0.001,adam,781,66.77944898605347,0.0002943834246711141,0.0,0.08699517201246373,0.0003813786008156268,,,,
781,0.001,adam,782,66.83968186378479,0.00030563274944918914,0.0,0.10343482860340222,0.0004090675829654821,,,,
782,0.001,adam,783,66.90640354156494,0.0003136548959578614,0.0,0.08846499966507433,0.0004021198998247977,,,,
783,0.001,adam,784,66.96383810043335,0.0003079408401005194,0.0,0.08515049837307649,0.00039309134251802754,,,,
784,0.001,adam,785,67.00905179977417,0.0002982206771359843,0.0,0.0720637767093185,0.0003702844572681485,,,,
785,0.001,adam,786,67.06075358390808,0.0002915695312223884,0.0,0.08629481567712756,0.00037786435099829976,,,,
786,0.001,adam,787,67.12782144546509,0.0002923867162344557,0.0,0.08723846808546616,0.00037962518846352677,,,,
787,0.001,adam,788,67.18274402618408,0.000297810877114055,0.0,0.09360544885362024,0.0003914163304136955,,,,
788,0.001,adam,789,67.25443983078003,0.0003009337517787977,0.0,0.08656616005288346,0.00038749991594335314,,,,
789,0.001,adam,790,67.31120228767395,0.0002987946061756775,0.0,0.07494978049519363,0.0003737443902307947,,,,
790,0.001,adam,791,67.3704788684845,0.0002915249481226102,0.0,0.10164685663480393,0.0003931718095853807,,,,
791,0.001,adam,792,67.4274001121521,0.0002866444522929162,0.0,0.09677769109221235,0.00038342214798182223,,,,
792,0.001,adam,793,67.48116970062256,0.00028630714184301663,0.0,0.10850188775121758,0.00039480903474779734,,,,
793,0.001,adam,794,67.53489232063293,0.00028893231524649193,0.0,0.08573301558214866,0.0003746653349007403,,,,
794,0.001,adam,795,67.6036651134491,0.0002918441290398508,0.0,0.07639629295493519,0.0003682404256234152,,,,
795,0.001,adam,796,67.6565670967102,0.00029134790056640754,0.0,0.07925781489070606,0.0003706057192216578,,,,
796,0.001,adam,797,67.70461463928223,0.000288904636748009,0.0,0.09608666232668989,0.00038499130363857045,,,,
797,0.001,adam,798,67.74421501159668,0.0002861631617697534,0.0,0.0910356355596574,0.00037719880165337143,,,,
798,0.001,adam,799,67.7957878112793,0.00028500713010437437,0.0,0.08945186124634572,0.0003744589955994555,,,,
799,0.001,adam,800,67.83834481239319,0.0002874923895331579,0.0,0.08268421286438302,0.00037017660632483024,0.0008734465321046095,0.0,0.0829660693840145,0.0009564126054293008
800,0.001,adam,801,67.92322182655334,0.00028898684063716635,0.0,0.08347093721714743,0.00037245778181897054,,,,
801,0.001,adam,802,67.97843313217163,0.00029181633754315166,0.0,0.08741895056097307,0.00037923529225630207,,,,
802,0.001,adam,803,68.03212022781372,0.0002927650089774933,0.0,0.08722597075582426,0.00037999098387632885,,,,
803,0.001,adam,804,68.08960485458374,0.0002940268903748394,0.0,0.08999931772190117,0.0003840262123714788,,,,
804,0.001,adam,805,68.14599514007568,0.00029121245012458203,0.0,0.09117005101027459,0.00038238250546520166,,,,
805,0.001,adam,806,68.19985890388489,0.000291124062369863,0.0,0.11159724578433523,0.00040272131345478294,,,,
806,0.001,adam,807,68.26012444496155,0.0002923223985612817,0.0,0.07615204526281116,0.0003684744474411209,,,,
807,0.001,adam,808,68.30097246170044,0.0002957346066722573,0.0,0.08437980009735999,0.00038011441077744274,,,,
808,0.001,adam,809,68.34907531738281,0.000301512603674976,0.0,0.07806772363212641,0.0003795803310151203,,,,
809,0.001,adam,810,68.40694046020508,0.0003091941344254074,0.0,0.0795783620600005,0.0003887725002651773,,,,
810,0.001,adam,811,68.47778582572937,0.00031940784482159225,0.0,0.07735219571722836,0.00039676004421285274,,,,
811,0.001,adam,812,68.52499055862427,0.00033026880646965087,0.0,0.07750282832538016,0.00040777163847621783,,,,
812,0.001,adam,813,68.56560564041138,0.00034724446330603457,0.0,0.09035655915111154,0.0004376010267488524,,,,
813,0.001,adam,814,68.61328196525574,0.0003717838838679405,0.0,0.07609404269977929,0.0004478779301819929,,,,
814,0.001,adam,815,68.66310524940491,0.0004047975387288405,0.0,0.07966402506930562,0.0004844615675819843,,,,
815,0.001,adam,816,68.70521378517151,0.00044128207446956315,0.0,0.08002752740659107,0.0005213096056772578,,,,
816,0.001,adam,817,68.74388027191162,0.00048554139933506006,0.0,0.09081095824013422,0.0005763523618884834,,,,
817,0.001,adam,818,68.80635285377502,0.000511687714875077,0.0,0.08310125371074945,0.0005947889725329243,,,,
818,0.001,adam,819,68.85875272750854,0.0005252968389157571,0.0,0.10635362106566063,0.0006316504650329437,,,,
819,0.001,adam,820,68.91446995735168,0.0004806383010714409,0.0,0.10343231547230972,0.000584070621456522,0.0010101121599862379,0.0,0.08476532123753124,0.0010948774852499058
820,0.001,adam,821,69.01960396766663,0.0004113121632853888,0.0,0.08352040931683388,0.0004948325765692293,,,,
821,0.001,adam,822,69.05419325828552,0.00032544552177303575,0.0,0.08845878938809952,0.0004139043153627023,,,,
822,0.001,adam,823,69.12736654281616,0.0002783394112975152,0.0,0.08759009571597774,0.0003659295111737992,,,,
823,0.001,adam,824,69.19671058654785,0.00028138631782851,0.0,0.0874666399924752,0.00036885296197542767,,,,
824,0.001,adam,825,69.25184369087219,0.0003213537685278001,0.0,0.08356214324197425,0.0004049159157387632,,,,
825,0.001,adam,826,69.3158004283905,0.0003598919787641329,0.0,0.09391023428868112,0.00045380221751331075,,,,
826,0.001,adam,827,69.3687150478363,0.0003688992621598341,0.0,0.07488265627270811,0.00044378192198927754,,,,
827,0.001,adam,828,69.42626142501831,0.0003452270798691346,0.0,0.09281805147914632,0.0004380451357569018,,,,
828,0.001,adam,829,69.48507714271545,0.0003025493628961036,0.0,0.07517967327980621,0.0003777290397467527,,,,
829,0.001,adam,830,69.53725123405457,0.00027586769529714815,0.0,0.0894811125793074,0.0003653488121265803,,,,
830,0.001,adam,831,69.59357213973999,0.0002753070055626436,0.0,0.08126789962342408,0.00035657490904608577,,,,
831,0.001,adam,832,69.65766191482544,0.00029625356797828974,0.0,0.07501688451784276,0.0003712704560592433,,,,
832,0.001,adam,833,69.71717858314514,0.0003152105537502408,0.0,0.11341407858538863,0.00042862463772250914,,,,
833,0.001,adam,834,69.77475118637085,0.0003196364160452344,0.0,0.07796344675747988,0.0003975998665057793,,,,
834,0.001,adam,835,69.82640242576599,0.0003051211000267844,0.0,0.0863671455858601,0.00039148824971486375,,,,
835,0.001,adam,836,69.86842012405396,0.0002816318506688594,0.0,0.08938723580179639,0.0003710190907163217,,,,
836,0.001,adam,837,69.92027115821838,0.00026970621131775137,0.0,0.08004832671247371,0.00034975454183231656,,,,
837,0.001,adam,838,69.96717572212219,0.00027446018446647874,0.0,0.08100236181647863,0.0003554625501303631,,,,
838,0.001,adam,839,70.02018690109253,0.000287903288767901,0.0,0.08329481147907339,0.0003711981042032656,,,,
839,0.001,adam,840,70.06274485588074,0.0002950742021975503,0.0,0.0757234793809306,0.0003707976851751532,0.0008322848761044959,0.0,0.08022277389450692,0.0009125076538093801
840,0.001,adam,841,70.14247703552246,0.00029161080715703526,0.0,0.0793603233162932,0.00037097113424274154,,,,
841,0.001,adam,842,70.19116353988647,0.0002802678971497058,0.0,0.08678688702185246,0.0003670547882937142,,,,
842,0.001,adam,843,70.23384261131287,0.0002692938249574592,0.0,0.08777366008478046,0.0003570674892112648,,,,
843,0.001,adam,844,70.28449988365173,0.0002669317979876662,0.0,0.10166680697830097,0.0003685986097948814,,,,
844,0.001,adam,845,70.34808015823364,0.00027361187944413334,0.0,0.10304683937814714,0.0003766587237167427,,,,
845,0.001,adam,846,70.38493347167969,0.00028090760725467596,0.0,0.08629217650134884,0.00036719978785468326,,,,
846,0.001,adam,847,70.43967604637146,0.0002834937596846745,0.0,0.07404388864428588,0.0003575376518458564,,,,
847,0.001,adam,848,70.48799204826355,0.00028084359584836156,0.0,0.07805035916534007,0.00035889395872089477,,,,
848,0.001,adam,849,70.54237937927246,0.0002769483427052595,0.0,0.08445255668512217,0.0003614009034016629,,,,
849,0.001,adam,850,70.5915539264679,0.00027566598840865573,0.0,0.09404650779228658,0.00036971250066791177,,,,
850,0.001,adam,851,70.65508437156677,0.0002821390207735602,0.0,0.07463662759957976,0.00035677565191818956,,,,
851,0.001,adam,852,70.71287083625793,0.000295173796187098,0.0,0.09337752780077331,0.00038855132842306587,,,,
852,0.001,adam,853,70.78598618507385,0.00031887769195429753,0.0,0.09385439733522562,0.0004127320937473678,,,,
853,0.001,adam,854,70.8305172920227,0.0003509436362096608,0.0,0.09233335925357926,0.0004432769998488393,,,,
854,0.001,adam,855,70.90937113761902,0.0004059800915382299,0.0,0.08471588995404924,0.000490695985516068,,,,
855,0.001,adam,856,70.97193789482117,0.000494400188294211,0.0,0.08717366016013268,0.0005815738525948704,,,,
856,0.001,adam,857,71.04650568962097,0.0006336164584861507,0.0,0.08464123995488312,0.000718257702461277,,,,
857,0.001,adam,858,71.10590267181396,0.0007893858194699364,0.0,0.07636528592146677,0.0008657511090185597,,,,
858,0.001,adam,859,71.14391446113586,0.0009216079968135467,0.0,0.07776670633012095,0.000999374706837388,,,,
859,0.001,adam,860,71.19531416893005,0.0008791089543410554,0.0,0.08065151414226598,0.0009597604723140627,0.0012182207454845587,0.0,0.07948526859272191,0.0012977060178526283
860,0.001,adam,861,71.28093981742859,0.0006442502487133633,0.0,0.09305564272886836,0.0007373058958621376,,,,
861,0.001,adam,862,71.34119009971619,0.0003557488606393504,0.0,0.0863828204818194,0.00044213168522413363,,,,
862,0.001,adam,863,71.40180969238281,0.00028411899743701545,0.0,0.08696091931877689,0.00037107992088621436,,,,
863,0.001,adam,864,71.48666715621948,0.0004282167090313209,0.0,0.09729124322907039,0.0005255079568814774,,,,
864,0.001,adam,865,71.5505702495575,0.0005287562758970721,0.0,0.08506732917216711,0.0006138236091097206,,,,
865,0.001,adam,866,71.60302639007568,0.0004333221464404125,0.0,0.088231539732082,0.0005215536903632678,,,,
866,0.001,adam,867,71.69050812721252,0.00028451531349656404,0.0,0.07544645544437652,0.0003599617725244549,,,,
867,0.001,adam,868,71.74436569213867,0.0002962495320841779,0.0,0.0774677436600963,0.00037371727942379457,,,,
868,0.001,adam,869,71.79284882545471,0.00040144320440103985,0.0,0.07627421246199259,0.00047771742048586315,,,,
869,0.001,adam,870,71.86238980293274,0.00039299483519637606,0.0,0.08337426273347401,0.00047636910188991505,,,,
870,0.001,adam,871,71.92195248603821,0.00028646205903779974,0.0,0.08133518824431882,0.0003677972511453327,,,,
871,0.001,adam,872,71.97704982757568,0.00026932871725699565,0.0,0.09487924427322189,0.0003642079660367398,,,,
872,0.001,adam,873,72.0211853981018,0.00033709837197570743,0.0,0.09201961556711664,0.0004291179919135213,,,,
873,0.001,adam,874,72.08423089981079,0.0003429911104547008,0.0,0.11970768216222641,0.000462698798302737,,,,
874,0.001,adam,875,72.13034129142761,0.0002764156124634951,0.0,0.08533341308956391,0.00036174902960617864,,,,
875,0.001,adam,876,72.1726405620575,0.0002670213031616324,0.0,0.08790634607662412,0.0003549276534135839,,,,
876,0.001,adam,877,72.24219584465027,0.00031266751915914697,0.0,0.08112700370526642,0.0003937945267177393,,,,
877,0.001,adam,878,72.30102920532227,0.00030769001407411015,0.0,0.081946244389357,0.00038963626235570493,,,,
878,0.001,adam,879,72.35870838165283,0.00026383401081015806,0.0,0.08727518502979087,0.0003511091999852978,,,,
879,0.001,adam,880,72.42484879493713,0.0002643227929354168,0.0,0.0917940218585454,0.0003561168191539443,0.0008435431814452679,0.0,0.08021027341439206,0.0009237534586694435
880,0.001,adam,881,72.50019693374634,0.000294190931005171,0.0,0.08183579159270604,0.0003760267264848686,,,,
881,0.001,adam,882,72.55292296409607,0.00028957126139651616,0.0,0.08333997072741066,0.00037291123608236304,,,,
882,0.001,adam,883,72.61559414863586,0.0002605923011778139,0.0,0.07212890312275666,0.0003327212077265096,,,,
883,0.001,adam,884,72.6786584854126,0.00026216430862789045,0.0,0.09884558483232024,0.00036100989815512403,,,,
884,0.001,adam,885,72.73189187049866,0.0002813267057463939,0.0,0.08588304787314412,0.00036720975769876393,,,,
885,0.001,adam,886,72.79552102088928,0.00027659145149323095,0.0,0.0895945419699355,0.0003661859977186788,,,,
886,0.001,adam,887,72.85680985450745,0.0002570285845046819,0.0,0.09354904422784752,0.0003505776331758706,,,,
887,0.001,adam,888,72.91356468200684,0.0002581770380135342,0.0,0.08358588081297608,0.0003417629227966266,,,,
888,0.001,adam,889,72.96128344535828,0.00027065378712260737,0.0,0.09637336639651867,0.0003670271580966153,,,,
889,0.001,adam,890,73.01287889480591,0.00026794411575689105,0.0,0.07671973777406482,0.0003446638571749479,,,,
890,0.001,adam,891,73.0628547668457,0.0002547956070979,0.0,0.07658216268702296,0.0003313777734223805,,,,
891,0.001,adam,892,73.12864661216736,0.00025438121087717686,0.0,0.08691418826710604,0.0003412954032724853,,,,
892,0.001,adam,893,73.18214869499207,0.00026428789386277377,0.0,0.08820466390535686,0.0003524925619576274,,,,
893,0.001,adam,894,73.22618317604065,0.0002626643517799575,0.0,0.07979057143796446,0.00034245492700777074,,,,
894,0.001,adam,895,73.27837681770325,0.000253739615354242,0.0,0.080332178659921,0.00033407179782973676,,,,
895,0.001,adam,896,73.31997990608215,0.0002517423123026568,0.0,0.08809771156011104,0.0003398400280471846,,,,
896,0.001,adam,897,73.36246156692505,0.000256726877635717,0.0,0.06501614202886158,0.0003217430227526796,,,,
897,0.001,adam,898,73.41869783401489,0.00025774248086993994,0.0,0.08650705724839496,0.00034424954222719964,,,,
898,0.001,adam,899,73.46041321754456,0.00025268750654487747,0.0,0.08518589823616358,0.00033787340882715413,,,,
899,0.001,adam,900,73.5052182674408,0.0002502035087326285,0.0,0.07567998581311798,0.0003258834981403529,0.0008051153322613895,0.0,0.0764507050123981,0.0008815660409050013
900,0.001,adam,901,73.56931257247925,0.00025215700770583806,0.0,0.07153044650959053,0.0003236874576129425,,,,
901,0.001,adam,902,73.6190984249115,0.00025290615909130475,0.0,0.0844845317168155,0.00033739069482092017,,,,
902,0.001,adam,903,73.65671992301941,0.00025013575145019294,0.0,0.07648814130982101,0.00032662389639300573,,,,
903,0.001,adam,904,73.70716452598572,0.0002471440784283132,0.0,0.08051876999160472,0.00032766285224435424,,,,
904,0.001,adam,905,73.77781391143799,0.00024794161290298173,0.0,0.08356785739477707,0.000331509474267019,,,,
905,0.001,adam,906,73.82989192008972,0.000249335563916298,0.0,0.07968190727685451,0.00032901747497784,,,,
906,0.001,adam,907,73.88936018943787,0.00024866491137497245,0.0,0.07915625290373554,0.0003278211680384283,,,,
907,0.001,adam,908,73.93686842918396,0.00024618077167190924,0.0,0.09373228724943436,0.00033991306337338836,,,,
908,0.001,adam,909,73.99964213371277,0.0002461902429365459,0.0,0.07696152825836108,0.00032315177485038344,,,,
909,0.001,adam,910,74.06367182731628,0.00024734866794582337,0.0,0.07588534151697474,0.0003232340130671584,,,,
910,0.001,adam,911,74.11681032180786,0.00024683649383119,0.0,0.07718369332645122,0.0003240201908236699,,,,
911,0.001,adam,912,74.18082571029663,0.0002456230430787714,0.0,0.1003031953756754,0.0003459262432185929,,,,
912,0.001,adam,913,74.23463916778564,0.0002458820222131516,0.0,0.08289480472756858,0.00032877683087801214,,,,
913,0.001,adam,914,74.2790265083313,0.00024555086451368403,0.0,0.08072776522137551,0.00032627863356942267,,,,
914,0.001,adam,915,74.31560254096985,0.00024515682486787383,0.0,0.07364177058537427,0.0003187985989510445,,,,
915,0.001,adam,916,74.3710823059082,0.0002457570277906812,0.0,0.07732844267846121,0.00032308547414204635,,,,
916,0.001,adam,917,74.42968821525574,0.00024549884425654,0.0,0.08018434687475089,0.000325683194939843,,,,
917,0.001,adam,918,74.49962878227234,0.0002439102014924981,0.0,0.0675977163007964,0.00031150792100401376,,,,
918,0.001,adam,919,74.55393147468567,0.00024380791149167266,0.0,0.07693353132149508,0.0003207414464673144,,,,
919,0.001,adam,920,74.6105740070343,0.00024595642681147736,0.0,0.07892603972723612,0.00032488247028749923,0.0008085352066762912,0.0,0.07668219167600675,0.0008852174019945066
920,0.001,adam,921,74.71311497688293,0.00024801876434129373,0.0,0.07201961757176252,0.0003200383853338045,,,,
921,0.001,adam,922,74.78655624389648,0.0002511609693711444,0.0,0.07705590470020728,0.00032821687773131075,,,,
922,0.001,adam,923,74.84399056434631,0.00025683630384456515,0.0,0.08468465881858268,0.0003415209666854533,,,,
923,0.001,adam,924,74.91666555404663,0.0002661986299792858,0.0,0.09244278709370292,0.00035864142146378546,,,,
924,0.001,adam,925,74.97380638122559,0.0002772062375222976,0.0,0.06988469029362913,0.0003470909311352714,,,,
925,0.001,adam,926,75.03707122802734,0.00029343158327569714,0.0,0.08257258269145283,0.0003760041698891372,,,,
926,0.001,adam,927,75.09982252120972,0.00031407431798735727,0.0,0.07938098031270831,0.0003934553020704598,,,,
927,0.001,adam,928,75.13803577423096,0.0003360592209524234,0.0,0.06534769179025966,0.00040140691584653184,,,,
928,0.001,adam,929,75.18536686897278,0.00036634541824581224,0.0,0.07855205204568103,0.00044489747402251555,,,,
929,0.001,adam,930,75.24173712730408,0.0003904808891164778,0.0,0.07898337110399248,0.0004694642639719791,,,,
930,0.001,adam,931,75.32359004020691,0.0004148833125907414,0.0,0.07824460394878882,0.0004931279202559495,,,,
931,0.001,adam,932,75.3801589012146,0.00041830376286563543,0.0,0.07870836018728229,0.0004970121267913642,,,,
932,0.001,adam,933,75.45247220993042,0.0004117738674075368,0.0,0.07416284544665439,0.0004859367163767373,,,,
933,0.001,adam,934,75.49790835380554,0.0003712946138474887,0.0,0.08349136420822682,0.0004547859820213426,,,,
934,0.001,adam,935,75.54548335075378,0.00032455941175224903,0.0,0.07431503690393586,0.00039887445218595975,,,,
935,0.001,adam,936,75.59239959716797,0.00027581147453890924,0.0,0.07666239419496712,0.0003524738723751447,,,,
936,0.001,adam,937,75.65300178527832,0.00024497121825036133,0.0,0.09620063558178718,0.0003411718584014335,,,,
937,0.001,adam,938,75.70593619346619,0.00023716942753237573,0.0,0.0768902738986463,0.00031405970508311407,,,,
938,0.001,adam,939,75.76653337478638,0.00025005066335879566,0.0,0.0831592461788544,0.00033320991348750233,,,,
939,0.001,adam,940,75.84361720085144,0.0002657558120241859,0.0,0.08449362950513749,0.00035024944554255545,0.0007952919073637743,0.0,0.07475690289763824,0.000870048813812175
940,0.001,adam,941,75.91851854324341,0.00027774464267521786,0.0,0.08096049112476292,0.00035870513764539775,,,,
941,0.001,adam,942,75.98362016677856,0.0002780052014694018,0.0,0.09563911851799331,0.0003736443245300095,,,,
942,0.001,adam,943,76.0432801246643,0.00026870319617605177,0.0,0.08052073070870962,0.00034922393070929085,,,,
943,0.001,adam,944,76.08934569358826,0.00025431467686583243,0.0,0.06709423754576146,0.0003214089175983992,,,,
944,0.001,adam,945,76.13863778114319,0.00024178844879112798,0.0,0.0788839617135466,0.00032067241425146173,,,,
945,0.001,adam,946,76.18437838554382,0.00023601479181138392,0.0,0.07270336085725118,0.00030871815612185945,,,,
946,0.001,adam,947,76.22982144355774,0.0002355507667903686,0.0,0.08169062430844458,0.0003172413949789096,,,,
947,0.001,adam,948,76.2656638622284,0.0002427024275541905,0.0,0.0764663149170037,0.0003191687461031493,,,,
948,0.001,adam,949,76.31470608711243,0.0002479497945800757,0.0,0.0983645744899772,0.00034631437374211947,,,,
949,0.001,adam,950,76.37022185325623,0.00025357103864094473,0.0,0.07019376865469946,0.00032376481062966933,,,,
950,0.001,adam,951,76.42426943778992,0.0002521256477024992,0.0,0.0757522176844244,0.0003278778689849609,,,,
951,0.001,adam,952,76.48146367073059,0.0002447298427683399,0.0,0.2083130564709284,0.00045304290913360755,,,,
952,0.001,adam,953,76.53647565841675,0.00023726840838458454,0.0,0.08948482152356887,0.0003267532341584544,,,,
953,0.001,adam,954,76.5891695022583,0.0002323134058182442,0.0,0.1056847850087532,0.0003379981958467553,,,,
954,0.001,adam,955,76.64103150367737,0.00023281975340200712,0.0,0.07423355857795592,0.0003070533155058679,,,,
955,0.001,adam,956,76.69705986976624,0.00023407028117745563,0.0,0.06411404928850725,0.0002981843335112168,,,,
956,0.001,adam,957,76.75045824050903,0.0002368406115566781,0.0,0.07514154138658491,0.0003119821565122947,,,,
957,0.001,adam,958,76.80255222320557,0.00023907534128275455,0.0,0.08285126609019759,0.0003219266113081761,,,,
958,0.001,adam,959,76.84513974189758,0.00023904297862277753,0.0,0.07922803982193753,0.000318271022207845,,,,
959,0.001,adam,960,76.9006233215332,0.0002371708104463341,0.0,0.07192254513493539,0.0003090933589974071,0.0007582692076407338,0.0,0.07430242065414175,0.0008325716318240511
960,0.001,adam,961,76.9833755493164,0.00023582240254219053,0.0,0.07804689704694577,0.000313869303296165,,,,
961,0.001,adam,962,77.05015754699707,0.00023304548409182937,0.0,0.08336808869332998,0.0003164135767449311,,,,
962,0.001,adam,963,77.11941862106323,0.00023074799167546728,0.0,0.07809131854385551,0.0003088393139284614,,,,
963,0.001,adam,964,77.1553304195404,0.00022968488578910745,0.0,0.07427470296379081,0.00030395959228075734,,,,
964,0.001,adam,965,77.2092387676239,0.00022918698974247923,0.0,0.07083554784158905,0.00030002254094857624,,,,
965,0.001,adam,966,77.26553153991699,0.00022832833972800693,0.0,0.08055780892378943,0.000308886152478087,,,,
966,0.001,adam,967,77.31753921508789,0.00022840548565954504,0.0,0.07170635951408819,0.00030011184857950255,,,,
967,0.001,adam,968,77.37248158454895,0.00022811516816886686,0.0,0.07747912623730535,0.00030559429808623323,,,,
968,0.001,adam,969,77.43503427505493,0.00022761707840990937,0.0,0.07395149528608067,0.0003015685772084976,,,,
969,0.001,adam,970,77.47452521324158,0.00022787360278926264,0.0,0.07387189784267538,0.0003017455041406649,,,,
970,0.001,adam,971,77.5328722000122,0.00022764323166251632,0.0,0.0966439064714352,0.00032428714272429075,,,,
971,0.001,adam,972,77.58148837089539,0.00022782642652002165,0.0,0.07335684912011106,0.0003011832791243961,,,,
972,0.001,adam,973,77.63137030601501,0.0002277238976588577,0.0,0.07406214651668082,0.0003017860476933017,,,,
973,0.001,adam,974,77.67861032485962,0.000227367978082005,0.0,0.07461008886937878,0.00030197807049517285,,,,
974,0.001,adam,975,77.72610569000244,0.00022794873303684645,0.0,0.06457368308072291,0.00029252241918465474,,,,
975,0.001,adam,976,77.78132033348083,0.0002283553930153075,0.0,0.057904547504802596,0.00028625994327042853,,,,
976,0.001,adam,977,77.81959557533264,0.00022833241891610556,0.0,0.0664466814412378,0.0002947791035133914,,,,
977,0.001,adam,978,77.87001657485962,0.00022970726876455266,0.0,0.08565443899975791,0.0003153617118326781,,,,
978,0.001,adam,979,77.92536926269531,0.00023149843302525876,0.0,0.06828351580259003,0.00029978195207114175,,,,
979,0.001,adam,980,77.99685621261597,0.0002330929505826227,0.0,0.08212677095962832,0.0003152197254430633,0.0007769077691237462,0.0,0.07299926789001437,0.0008499070404810398
980,0.001,adam,981,78.07620692253113,0.0002357395251169771,0.0,0.07695234249151542,0.00031269187126353265,,,,
981,0.001,adam,982,78.12904477119446,0.00023952114935527318,0.0,0.07693978045099656,0.0003164609334607132,,,,
982,0.001,adam,983,78.18676900863647,0.0002452726266643862,0.0,0.07083087551776687,0.0003161035055464391,,,,
983,0.001,adam,984,78.22993206977844,0.00025392090272210695,0.0,0.08373884941818718,0.00033765975611767604,,,,
984,0.001,adam,985,78.28892827033997,0.0002666748735268572,0.0,0.07484118157230205,0.00034151605865392464,,,,
985,0.001,adam,986,78.3525276184082,0.0002885272100648068,0.0,0.0652596571312019,0.0003537868702956761,,,,
986,0.001,adam,987,78.39505362510681,0.0003234141241207606,0.0,0.06794699895848741,0.0003913611263065573,,,,
987,0.001,adam,988,78.44178485870361,0.0003699105585152299,0.0,0.07608574978182044,0.00044599631191092953,,,,
988,0.001,adam,989,78.48601484298706,0.0004357260919952695,0.0,0.0741920790721488,0.0005099181745913529,,,,
989,0.001,adam,990,78.54833459854126,0.0005100627172412482,0.0,0.07572059095680898,0.0005857833117945923,,,,
990,0.001,adam,991,78.61147737503052,0.0005894873266940946,0.0,0.08146316762677769,0.0006709504981901651,,,,
991,0.001,adam,992,78.68006372451782,0.0006131330222373472,0.0,0.07154895622023569,0.000684681981855976,,,,
992,0.001,adam,993,78.73726201057434,0.00057019334770939,0.0,0.08089932009457765,0.0006510926716464791,,,,
993,0.001,adam,994,78.79546332359314,0.00042879582522383685,0.0,0.07299116974699829,0.0005017869984377297,,,,
994,0.001,adam,995,78.84615588188171,0.00028397395009253305,0.0,0.08430475748587256,0.0003682787115826667,,,,
995,0.001,adam,996,78.90106391906738,0.00022562840597147038,0.0,0.06440214985003986,0.0002900305588804482,,,,
996,0.001,adam,997,78.94665431976318,0.00027583085248884955,0.0,0.08377935052280445,0.00035961020699095965,,,,
997,0.001,adam,998,79.00367617607117,0.0003576060577279432,0.0,0.07461051581685436,0.0004322165770886069,,,,
998,0.001,adam,999,79.06924533843994,0.00037847026383094976,0.0,0.07344855397287374,0.00045191882129244263,,,,
999,0.001,adam,1000,79.1201114654541,0.0003227640352535733,0.0,0.07321430379468413,0.00039597834252575023,0.0007522124944249826,0.0,0.07158948684988965,0.0008238019846751903
1000,0.001,adam,1001,79.2469642162323,0.0002457205751453838,0.0,0.08002245693956085,0.0003257430358858074,,,,
1001,0.001,adam,1002,79.31294417381287,0.0002329344220822122,0.0,0.0751387392471382,0.000308073164898249,,,,
1002,0.001,adam,1003,79.40535235404968,0.0002794606129038431,0.0,0.08357089619115281,0.0003630315130644005,,,,
1003,0.001,adam,1004,79.45629906654358,0.0003092410282894137,0.0,0.06997631444156831,0.00037921734605467856,,,,
1004,0.001,adam,1005,79.51642394065857,0.0002864050725903688,0.0,0.06398607127311783,0.00035039114690266194,,,,
1005,0.001,adam,1006,79.57123017311096,0.00023801186925632517,0.0,0.06372595877444975,0.0003017378310575955,,,,
1006,0.001,adam,1007,79.63504195213318,0.0002197658199151629,0.0,0.07523465950347734,0.0002950004829920948,,,,
1007,0.001,adam,1008,79.68630790710449,0.00024385868734428843,0.0,0.07410606715521321,0.00031796475801935096,,,,
1008,0.001,adam,1009,79.73966717720032,0.0002666917394008594,0.0,0.06835799107787073,0.0003350497337255605,,,,
1009,0.001,adam,1010,79.77997922897339,0.00025754235947038925,0.0,0.0863038383333605,0.0003438462019029621,,,,
1010,0.001,adam,1011,79.81883597373962,0.00023071633578471693,0.0,0.06812003915850798,0.00029883637817875315,,,,
1011,0.001,adam,1012,79.87298011779785,0.0002197252430734884,0.0,0.07553120593624356,0.00029525645259727176,,,,
1012,0.001,adam,1013,79.94326734542847,0.00023346817187319652,0.0,0.06409831407659965,0.0002975664889943027,,,,
1013,0.001,adam,1014,80.0097541809082,0.0002502854472140241,0.0,0.07859243035869172,0.00032887788130565594,,,,
1014,0.001,adam,1015,80.06738638877869,0.00024548750726816965,0.0,0.1046015802432543,0.0003500890924797324,,,,
1015,0.001,adam,1016,80.11393451690674,0.00022631762559316413,0.0,0.06385854551843215,0.00029017617414471444,,,,
1016,0.001,adam,1017,80.16086411476135,0.00021916496838051894,0.0,0.061383081421748885,0.00028054805271780775,,,,
1017,0.001,adam,1018,80.21515774726868,0.0002271455150646367,0.0,0.07086771301112442,0.00029801323144179685,,,,
1018,0.001,adam,1019,80.267822265625,0.0002360611800597047,0.0,0.07785120968655565,0.00031391239344399436,,,,
1019,0.001,adam,1020,80.31946349143982,0.00023414968624872358,0.0,0.08275386388281122,0.00031690355406213244,0.0007456542646157209,0.0,0.07124212059429537,0.0008168963885938355
1020,0.001,adam,1021,80.40995573997498,0.0002245822469524886,0.0,0.06138269749867855,0.00028596494736668883,,,,
1021,0.001,adam,1022,80.47166514396667,0.0002175384492992353,0.0,0.07124358232218139,0.00028878203500530526,,,,
1022,0.001,adam,1023,80.52217435836792,0.00021906330094647632,0.0,0.09035339339592068,0.0003094166986339529,,,,
1023,0.001,adam,1024,80.58371329307556,0.00022385015288833263,0.0,0.07909505154228784,0.0003029452081874338,,,,
1024,0.001,adam,1025,80.62598133087158,0.000223901247458042,0.0,0.07860871390826096,0.0003025099651000165,,,,
1025,0.001,adam,1026,80.68343567848206,0.00021962955064090223,0.0,0.08337865616461998,0.0003030082107657959,,,,
1026,0.001,adam,1027,80.74648094177246,0.00021380351618535792,0.0,0.08050958524175064,0.00029431310525110865,,,,
1027,0.001,adam,1028,80.79790759086609,0.00021409073849908787,0.0,0.06821190498438687,0.0002823026467233664,,,,
1028,0.001,adam,1029,80.8617217540741,0.0002158661160405034,0.0,0.08318744517793336,0.0002990535651696284,,,,
1029,0.001,adam,1030,80.94770812988281,0.00021855516647950005,0.0,0.08058817799867231,0.0002991433483059054,,,,
1030,0.001,adam,1031,81.01172471046448,0.00021814631468320908,0.0,0.06877054137696166,0.00028691685932659617,,,,
1031,0.001,adam,1032,81.07290387153625,0.00021467499929494994,0.0,0.07112854770034324,0.0002858035503737179,,,,
1032,0.001,adam,1033,81.12759208679199,0.00021277611912242175,0.0,0.06606021690714342,0.0002788363391672571,,,,
1033,0.001,adam,1034,81.1880373954773,0.00021120634620098994,0.0,0.06443113280080617,0.00027563748206211073,,,,
1034,0.001,adam,1035,81.24434852600098,0.00021240607701364524,0.0,0.07595942609655713,0.0002883655067180815,,,,
1035,0.001,adam,1036,81.29474997520447,0.000213654337172852,0.0,0.06891709357766065,0.000282571434023899,,,,
1036,0.001,adam,1037,81.33569240570068,0.00021382799641111766,0.0,0.07773788338133059,0.00029156588348479956,,,,
1037,0.001,adam,1038,81.39978098869324,0.00021417389374701266,0.0,0.07691967621799824,0.00029109357361849946,,,,
1038,0.001,adam,1039,81.44467306137085,0.0002137711996354275,0.0,0.05879008304403788,0.00027256128547184445,,,,
1039,0.001,adam,1040,81.4962568283081,0.0002152663415427841,0.0,0.074083070454227,0.0002893494155157681,0.0007467675015515665,0.0,0.07076270772923617,0.000817530212641851
1040,0.001,adam,1041,81.56643867492676,0.00021867895761624822,0.0,0.06700840568635283,0.0002856873664853295,,,,
1041,0.001,adam,1042,81.61915040016174,0.00022833919292215255,0.0,0.07656237528048201,0.00030490157183915226,,,,
1042,0.001,adam,1043,81.68158888816833,0.00024187369276003175,0.0,0.3616060778049713,0.0006034797877403701,,,,
1043,0.001,adam,1044,81.73615598678589,0.0002689545490997782,0.0,0.0667574108544483,0.0003357119631250334,,,,
1044,0.001,adam,1045,81.81023454666138,0.0003192262881841744,0.0,0.07788408287239955,0.0003971103747558694,,,,
1045,0.001,adam,1046,81.86061978340149,0.0004171237305001959,0.0,0.08042133855635712,0.0004975450728763617,,,,
1046,0.001,adam,1047,81.91475367546082,0.0005899308785544125,0.0,0.07619278080346269,0.000666123662976838,,,,
1047,0.001,adam,1048,81.96619296073914,0.0008374146192036509,0.0,0.09528602776066719,0.0009327006514901616,,,,
1048,0.001,adam,1049,82.01037812232971,0.0011747689082560687,0.0,0.08755507156588817,0.0012623239839805996,,,,
1049,0.001,adam,1050,82.04483079910278,0.0012318976881309602,0.0,0.07947062719938011,0.0013113683191049927,,,,
1050,0.001,adam,1051,82.09693813323975,0.0009794332547579246,0.0,0.08606458778300416,0.0010654978466287774,,,,
1051,0.001,adam,1052,82.15040421485901,0.0004089931124937187,0.0,0.08680751559497832,0.0004958006322118327,,,,
1052,0.001,adam,1053,82.20358276367188,0.0002530282658307307,0.0,0.08760861183187181,0.0003406368818237883,,,,
1053,0.001,adam,1054,82.25819039344788,0.0005714346420454165,0.0,0.07271251103486216,0.0006441471565339376,,,,
1054,0.001,adam,1055,82.31562781333923,0.0006821293552188608,0.0,0.08109099724634643,0.0007632203563168229,,,,
1055,0.001,adam,1056,82.37156963348389,0.0004157733166509936,0.0,0.07203789562887608,0.00048781121570148613,,,,
1056,0.001,adam,1057,82.42335224151611,0.0002168268095307694,0.0,0.18933998118976303,0.0004061667997136989,,,,
1057,0.001,adam,1058,82.4687168598175,0.00041048906302880005,0.0,0.07066477588451076,0.00048115384226970754,,,,
1058,0.001,adam,1059,82.5239007472992,0.0005273326684568456,0.0,0.09026106109895451,0.0006175937338429705,,,,
1059,0.001,adam,1060,82.57510209083557,0.00030200171295245926,0.0,0.07376009569591138,0.0003757618121517872,0.0007459514422972825,0.0,0.07016692824868201,0.0008161183738787148
1060,0.001,adam,1061,82.70697402954102,0.00023294088663224137,0.0,0.06723966456431098,0.000300180554390265,,,,
1061,0.001,adam,1062,82.77661967277527,0.00038867202972361344,0.0,0.06845247311332013,0.0004571245060882516,,,,
1062,0.001,adam,1063,82.84367108345032,0.0003459015346757716,0.0,0.07478767395243913,0.00042068921218043465,,,,
1063,0.001,adam,1064,82.89652752876282,0.00021673408554112196,0.0,0.07369701210888543,0.0002904311011504276,,,,
1064,0.001,adam,1065,82.95154523849487,0.0002808833137040162,0.0,0.08653933043355211,0.00036742264824796595,,,,
1065,0.001,adam,1066,83.00305938720703,0.0003379820234947684,0.0,0.08174901973719859,0.00041973104711483705,,,,
1066,0.001,adam,1067,83.07458329200745,0.00024041840938873534,0.0,0.06786456395377358,0.00030828297656590274,,,,
1067,0.001,adam,1068,83.1394464969635,0.00022446526217334957,0.0,0.06758931773288265,0.0002920545831165526,,,,
1068,0.001,adam,1069,83.20217442512512,0.0002969195410342303,0.0,0.07365528236530497,0.00037057482689797347,,,,
1069,0.001,adam,1070,83.26174402236938,0.0002594025642378555,0.0,0.06771068278218287,0.00032711325023612324,,,,
1070,0.001,adam,1071,83.32077264785767,0.00021070223605254058,0.0,0.06409687601846117,0.00027479911511544,,,,
1071,0.001,adam,1072,83.3878824710846,0.0002581771964163705,0.0,0.07106355582426951,0.0003292407556159778,,,,
1072,0.001,adam,1073,83.43803238868713,0.00026197422636392505,0.0,0.06954536838468708,0.0003315195980518399,,,,
1073,0.001,adam,1074,83.48311400413513,0.000212806811431886,0.0,0.07141220404169235,0.000284219018865476,,,,
1074,0.001,adam,1075,83.5518491268158,0.0002285562366632134,0.0,0.06974331199862327,0.0002982995519744662,,,,
1075,0.001,adam,1076,83.60498309135437,0.00025188064511464807,0.0,0.07940110913183833,0.0003312817580178367,,,,
1076,0.001,adam,1077,83.65150594711304,0.0002186870923001398,0.0,0.08645857157993746,0.00030514566798663903,,,,
1077,0.001,adam,1078,83.71339678764343,0.00021251782981945277,0.0,0.07362038373619798,0.00028613821705243133,,,,
1078,0.001,adam,1079,83.75966763496399,0.00023747904096430158,0.0,0.07821911577932084,0.00031569816045883106,,,,
1079,0.001,adam,1080,83.81249976158142,0.00022333584609306856,0.0,0.07214317646088955,0.00029547902598057513,0.0007292882114486302,0.0,0.06884667118502431,0.0007981348859036959
1080,0.001,adam,1081,83.91393089294434,0.00020640951518886838,0.0,0.06506165800850142,0.00027147117628763273,,,,
1081,0.001,adam,1082,83.96095752716064,0.0002237659618146016,0.0,0.06013987565349961,0.000283905840324592,,,,
1082,0.001,adam,1083,84.01537299156189,0.00022464041021867792,0.0,0.06352969490597524,0.00028817010814215173,,,,
1083,0.001,adam,1084,84.0750024318695,0.00020589427834925286,0.0,0.0848364407883011,0.00029073072316706866,,,,
1084,0.001,adam,1085,84.13207244873047,0.00021038770337939203,0.0,0.08527205852833811,0.00029565976595793557,,,,
1085,0.001,adam,1086,84.1904673576355,0.00022032835206525517,0.0,0.0763640269779153,0.00029669238267026715,,,,
1086,0.001,adam,1087,84.23385429382324,0.0002074458935874148,0.0,0.07562280528417979,0.0002830687024634851,,,,
1087,0.001,adam,1088,84.29606533050537,0.00020455016990010696,0.0,0.10462477450583588,0.00030917494937535297,,,,
1088,0.001,adam,1089,84.34653782844543,0.00021591539837615214,0.0,0.06356763322060396,0.0002794830346160567,,,,
1089,0.001,adam,1090,84.40162563323975,0.0002124923428173129,0.0,0.06295615717011405,0.00027544850297768394,,,,
1090,0.001,adam,1091,84.45449328422546,0.00020257995608706004,0.0,0.07946736022317266,0.0002820473200847298,,,,
1091,0.001,adam,1092,84.51138997077942,0.00020627237904270076,0.0,0.07625439546903526,0.0002825267781336254,,,,
1092,0.001,adam,1093,84.5639476776123,0.00020966725907324292,0.0,0.0712416918335049,0.0002809089542905466,,,,
1093,0.001,adam,1094,84.62661695480347,0.00020344239346662833,0.0,0.06927408081516713,0.00027271647757213776,,,,
1094,0.001,adam,1095,84.68044567108154,0.00020132096045334197,0.0,0.07118680585735304,0.00027250776969188684,,,,
1095,0.001,adam,1096,84.74096274375916,0.00020668731807509463,0.0,0.07617176599461128,0.00028285908768767065,,,,
1096,0.001,adam,1097,84.79279398918152,0.00020628461566178985,0.0,0.06373405571605796,0.00027001867440505303,,,,
1097,0.001,adam,1098,84.84094333648682,0.00020022510045936094,0.0,0.05631228201715146,0.00025653738515120226,,,,
1098,0.001,adam,1099,84.88344860076904,0.00020132102245426386,0.0,0.06194695944109505,0.0002632679848376816,,,,
1099,0.001,adam,1100,84.93619966506958,0.0002043620376304808,0.0,0.07373090130913865,0.0002780929424416493,0.0007194232751927581,0.0,0.06834227435002503,0.0007877655527888669
1100,0.001,adam,1101,85.01833248138428,0.00020071309979871667,0.0,0.08786567779222648,0.0002885787817643389,,,,
1101,0.001,adam,1102,85.0843493938446,0.00020011718323440552,0.0,0.06446635497420916,0.0002645835412706022,,,,
1102,0.001,adam,1103,85.11893606185913,0.00020119417054625623,0.0,0.06397862178387054,0.00026517279536894826,,,,
1103,0.001,adam,1104,85.16940188407898,0.000201469091512738,0.0,0.06977281517828038,0.00027124191000504926,,,,
1104,0.001,adam,1105,85.22049331665039,0.0001996086327125371,0.0,0.2145884410724359,0.0004141970839773771,,,,
1105,0.001,adam,1106,85.26964378356934,0.00019745365786162135,0.0,0.07552456039699082,0.0002729782218458363,,,,
1106,0.001,adam,1107,85.31753420829773,0.00019799925642266457,0.0,0.06880756606048818,0.00026680682575133674,,,,
1107,0.001,adam,1108,85.36907196044922,0.00019940690362341338,0.0,0.06837275507578824,0.0002677796619467332,,,,
1108,0.001,adam,1109,85.42229676246643,0.00019827061468780308,0.0,0.077627281644194,0.0002758979000190951,,,,
1109,0.001,adam,1110,85.48178267478943,0.00019757575711744406,0.0,0.05871067071711228,0.0002562864306231636,,,,
1110,0.001,adam,1111,85.53417944908142,0.00019831016881233465,0.0,0.07472290888749962,0.000273033081248982,,,,
1111,0.001,adam,1112,85.59002804756165,0.00019779707719259063,0.0,0.07315341129151429,0.0002709504919587055,,,,
1112,0.001,adam,1113,85.64589762687683,0.00019626493702564734,0.0,0.07663126037020498,0.00027289620103564187,,,,
1113,0.001,adam,1114,85.70208930969238,0.00019673268926278427,0.0,0.061386530272515595,0.0002581192224510036,,,,
1114,0.001,adam,1115,85.75314617156982,0.00019755404646417977,0.0,0.0746371745690499,0.00027219122457830525,,,,
1115,0.001,adam,1116,85.80348229408264,0.00019673366910610458,0.0,0.0650903681906611,0.00026182404038839225,,,,
1116,0.001,adam,1117,85.8718011379242,0.00019550696758160427,0.0,0.0740058047927984,0.0002695127758894898,,,,
1117,0.001,adam,1118,85.93679928779602,0.00019569866962515373,0.0,0.07550120342518665,0.0002711998766364551,,,,
1118,0.001,adam,1119,85.98425674438477,0.00019607350702095506,0.0,0.06979619758156412,0.00026586970791766065,,,,
1119,0.001,adam,1120,86.03227305412292,0.00019595856975439577,0.0,0.07082902456821354,0.0002667875976868075,0.0007059329501639297,0.0,0.06681021434842158,0.0007727431676856661
1120,0.001,adam,1121,86.13079857826233,0.0001950588371493185,0.0,0.06212471047420013,0.00025718355057428405,,,,
1121,0.001,adam,1122,86.19033741950989,0.00019487813501949778,0.0,0.06291119560596939,0.0002577893336135886,,,,
1122,0.001,adam,1123,86.25158643722534,0.00019547753489972393,0.0,0.062464673117181777,0.00025794221098381846,,,,
1123,0.001,adam,1124,86.33172559738159,0.0001940690459556343,0.0,0.06844836105959909,0.0002625174102663561,,,,
1124,0.001,adam,1125,86.37651467323303,0.00019270880742014454,0.0,0.06505400561793528,0.0002577628161279793,,,,
1125,0.001,adam,1126,86.44518518447876,0.00019321674135218685,0.0,0.06608984132146448,0.00025930658581275036,,,,
1126,0.001,adam,1127,86.49049520492554,0.00019299261763325328,0.0,0.07877726590997296,0.0002717698872849456,,,,
1127,0.001,adam,1128,86.53325247764587,0.00019211186461129311,0.0,0.07089858502228533,0.00026301045300108054,,,,
1128,0.001,adam,1129,86.58225536346436,0.00019244405126716627,0.0,0.07738103293015372,0.0002698250878727218,,,,
1129,0.001,adam,1130,86.64996147155762,0.00019281587510981506,0.0,0.06625566805966751,0.00025907154631645793,,,,
1130,0.001,adam,1131,86.70529246330261,0.00019330027666221344,0.0,0.07181498007325574,0.00026511526014649767,,,,
1131,0.001,adam,1132,86.76152777671814,0.00019327838505112942,0.0,0.06494409030868867,0.00025822247844449687,,,,
1132,0.001,adam,1133,86.82105255126953,0.00019224324077730818,0.0,0.0690601500661105,0.0002613033941235998,,,,
1133,0.001,adam,1134,86.8700921535492,0.00019151402547432512,0.0,0.07777099301308724,0.0002692850221813363,,,,
1134,0.001,adam,1135,86.9305670261383,0.00019178036728304847,0.0,0.06710869409764154,0.00025888906456818196,,,,
1135,0.001,adam,1136,86.98679304122925,0.00019196101652686046,0.0,0.06143637963407008,0.000253397399079002,,,,
1136,0.001,adam,1137,87.04766273498535,0.00019268232222297783,0.0,0.0945562917247551,0.0002872386184389158,,,,
1137,0.001,adam,1138,87.09593272209167,0.0001924447467733144,0.0,0.0618294477454816,0.0002542741974555372,,,,
1138,0.001,adam,1139,87.14169025421143,0.0001931319358825964,0.0,0.07805665581548235,0.00027118859540557094,,,,
1139,0.001,adam,1140,87.2084150314331,0.000194976138202679,0.0,0.06262274436016262,0.0002575988855372624,0.0007023723603595771,0.0,0.06601039246013507,0.0007683827559550376
1140,0.001,adam,1141,87.28546357154846,0.0001975482186169147,0.0,0.05632175147265217,0.0002538699727647065,,,,
1141,0.001,adam,1142,87.34006142616272,0.00020240790104126226,0.0,0.06574021292257468,0.0002681481170863295,,,,
1142,0.001,adam,1143,87.40014696121216,0.0002119958823022399,0.0,0.06178925379822677,0.00027378513903529876,,,,
1143,0.001,adam,1144,87.45898509025574,0.00022701614068714617,0.0,0.07139121207343777,0.00029840735615148454,,,,
1144,0.001,adam,1145,87.53108954429626,0.0002552862608945216,0.0,0.06658334639495857,0.00032186961045201946,,,,
1145,0.001,adam,1146,87.58652210235596,0.000304084610743206,0.0,0.06381620052166881,0.00036790081429598166,,,,
1146,0.001,adam,1147,87.64406538009644,0.00038855783273560637,0.0,0.07220752829149459,0.0004607653644567745,,,,
1147,0.001,adam,1148,87.69731330871582,0.0005311548226292589,0.0,0.08058429844457851,0.0006117391249013862,,,,
1148,0.001,adam,1149,87.75067210197449,0.000719133987343391,0.0,0.09432562053211364,0.0008134596123557312,,,,
1149,0.001,adam,1150,87.80489206314087,0.0009345420362257791,0.0,0.07525599266190819,0.001009798032462155,,,,
1150,0.001,adam,1151,87.87775874137878,0.0009621274694091558,0.0,0.06540787204528248,0.0010275353445611455,,,,
1151,0.001,adam,1152,87.92039179801941,0.0007516025927666714,0.0,0.05988957499769719,0.0008114921706089708,,,,
1152,0.001,adam,1153,87.96233892440796,0.0003500301173264512,0.0,0.06857098003812964,0.00041860110062152766,,,,
1153,0.001,adam,1154,88.01020216941833,0.00020121509970780612,0.0,0.06460200421792725,0.0002658171069941639,,,,
1154,0.001,adam,1155,88.07281184196472,0.00038991080092576406,0.0,0.06594027386031584,0.00045585107791807483,,,,
1155,0.001,adam,1156,88.12944507598877,0.0005401817752055744,0.0,0.08282007359603863,0.0006230018527353554,,,,
1156,0.001,adam,1157,88.1773247718811,0.0004053501873454886,0.0,0.07409584271168723,0.0004794460335765395,,,,
1157,0.001,adam,1158,88.23371291160583,0.0002076456465651396,0.0,0.06762111567609469,0.00027526676545306495,,,,
1158,0.001,adam,1159,88.2794303894043,0.00026400972504216856,0.0,0.06628269545267154,0.0003302924236430992,,,,
1159,0.001,adam,1160,88.33342337608337,0.000396122302217584,0.0,0.06755086320427033,0.0004636731686303482,0.000793874998728427,0.0,0.06663819258082646,0.0008605131944743978
1160,0.001,adam,1161,88.41309928894043,0.0003210421155971626,0.0,0.07492831412851572,0.0003959704332845823,,,,
1161,0.001,adam,1162,88.45349502563477,0.0001998454821101982,0.0,0.07520060927341705,0.00027504609495545255,,,,
1162,0.001,adam,1163,88.51032328605652,0.00024910945153392203,0.0,0.06795614134482941,0.00031706559610649495,,,,
1163,0.001,adam,1164,88.5753767490387,0.0003180968639275907,0.0,0.06487319300455671,0.0003829700600134587,,,,
1164,0.001,adam,1165,88.64097189903259,0.0002542633063110585,0.0,0.07814235547146513,0.00033240566549408635,,,,
1165,0.001,adam,1166,88.70112752914429,0.0001971984991280103,0.0,0.057839216943535054,0.00025503771881876076,,,,
1166,0.001,adam,1167,88.7571496963501,0.00024880762417454737,0.0,0.05936410664866554,0.0003081717336428567,,,,
1167,0.001,adam,1168,88.81792759895325,0.0002673684325806084,0.0,0.06780226906233933,0.0003351707048633827,,,,
1168,0.001,adam,1169,88.87613081932068,0.00020982390252877056,0.0,0.07008893340987452,0.00027991283926769077,,,,
1169,0.001,adam,1170,88.94460082054138,0.00020407652112288153,0.0,0.06875046522503278,0.0002728269896133862,,,,
1170,0.001,adam,1171,88.98469090461731,0.0002436921768900495,0.0,0.07271051119787282,0.0003164026915414863,,,,
1171,0.001,adam,1172,89.04770517349243,0.00022593121312621442,0.0,0.07378822539668863,0.0002997194420276557,,,,
1172,0.001,adam,1173,89.09974431991577,0.0001917227347884632,0.0,0.07244950410853881,0.0002641722423381688,,,,
1173,0.001,adam,1174,89.15803527832031,0.00021327442771578556,0.0,0.0647416361843329,0.00027801606697518117,,,,
1174,0.001,adam,1175,89.21588802337646,0.00022924760976281185,0.0,0.05584226676510886,0.00028508987918028606,,,,
1175,0.001,adam,1176,89.27867794036865,0.00019964117869053591,0.0,0.07676917837761014,0.0002764103607144864,,,,
1176,0.001,adam,1177,89.32944893836975,0.00019185822506734773,0.0,0.0825758813118718,0.0002744341103013634,,,,
1177,0.001,adam,1178,89.40202379226685,0.00021338417279703837,0.0,0.07379867081187799,0.00028718284711416514,,,,
1178,0.001,adam,1179,89.44624423980713,0.0002104378645031626,0.0,0.05951669121924967,0.0002699545585493034,,,,
1179,0.001,adam,1180,89.50112867355347,0.00018991979288856666,0.0,0.07563832711889518,0.00026555812360008963,0.0006870277350271278,0.0,0.06547956470599402,0.0007525073028432342
1180,0.001,adam,1181,89.59838724136353,0.00019294386492381903,0.0,0.0748130023686633,0.0002677568708459093,,,,
1181,0.001,adam,1182,89.66254878044128,0.00020558255158932667,0.0,0.05293781039071201,0.00025852036449444974,,,,
1182,0.001,adam,1183,89.72001433372498,0.00019947845956992075,0.0,0.07061793291616852,0.0002700963958402611,,,,
1183,0.001,adam,1184,89.7676956653595,0.0001880800259300653,0.0,0.060393924195461066,0.00024847395299408385,,,,
1184,0.001,adam,1185,89.82614350318909,0.0001936284682031132,0.0,0.07533300848979833,0.0002689614802710374,,,,
1185,0.001,adam,1186,89.87714219093323,0.00019872395056332905,0.0,0.07591361509775857,0.00027463756926679087,,,,
1186,0.001,adam,1187,89.92651343345642,0.00018943661247612856,0.0,0.059846667680403684,0.0002492832829990964,,,,
1187,0.001,adam,1188,89.98084044456482,0.0001860937956407556,0.0,0.06474120698072201,0.00025083500569651995,,,,
1188,0.001,adam,1189,90.02679061889648,0.0001915255252068937,0.0,0.07988990384852544,0.00027141543284998595,,,,
1189,0.001,adam,1190,90.0687530040741,0.0001916570307914741,0.0,0.0607352054321653,0.00025239223910840684,,,,
1190,0.001,adam,1191,90.10787963867188,0.00018621833499250827,0.0,0.07546258186378631,0.0002616809204405749,,,,
1191,0.001,adam,1192,90.15957379341125,0.00018620792092306817,0.0,0.07336670519992336,0.00025957462960772305,,,,
1192,0.001,adam,1193,90.21168112754822,0.00018917082318526543,0.0,0.07294664974299225,0.0002621174763930376,,,,
1193,0.001,adam,1194,90.25939536094666,0.00018785832709749067,0.0,0.0639111581883045,0.00025176948832141227,,,,
1194,0.001,adam,1195,90.3124463558197,0.00018357562927249577,0.0,0.06927612890236609,0.0002528517614653014,,,,
1195,0.001,adam,1196,90.36839032173157,0.0001843738043552966,0.0,0.07093672669366392,0.00025531053441827425,,,,
1196,0.001,adam,1197,90.41819071769714,0.00018805655111963748,0.0,0.06394276782787194,0.0002519993219846279,,,,
1197,0.001,adam,1198,90.4579553604126,0.0001866145862962208,0.0,0.06587978596592577,0.0002524943753912685,,,,
1198,0.001,adam,1199,90.50751733779907,0.0001832589578725209,0.0,0.08212064091092378,0.0002653796026839658,,,,
1199,0.001,adam,1200,90.57050395011902,0.0001836844165041645,0.0,0.05550203076036584,0.00023918644990073536,0.000686159220727674,0.0,0.06383272944622553,0.0007499919532057914
1200,0.001,adam,1201,90.64482498168945,0.0001857737016215293,0.0,0.06550124896411987,0.0002512749536967915,,,,
1201,0.001,adam,1202,90.69218277931213,0.00018530759422787535,0.0,0.06655542988476254,0.0002518630272738512,,,,
1202,0.001,adam,1203,90.73469614982605,0.00018282329513179927,0.0,0.07332549467935273,0.0002561487932939261,,,,
1203,0.001,adam,1204,90.78772330284119,0.00018190267829034726,0.0,0.0754008472384142,0.0002573035291101095,,,,
1204,0.001,adam,1205,90.8290662765503,0.00018341946289822386,0.0,0.06500975017541108,0.0002484292161614324,,,,
1205,0.001,adam,1206,90.87036728858948,0.0001841547736784352,0.0,0.06732478054046173,0.0002514795574166524,,,,
1206,0.001,adam,1207,90.91909146308899,0.00018365073179863392,0.0,0.059240251326505136,0.00024289098593890002,,,,
1207,0.001,adam,1208,90.97026038169861,0.00018213173934321017,0.0,0.05281978612505298,0.00023495152797706838,,,,
1208,0.001,adam,1209,91.0171365737915,0.00018076236650961744,0.0,0.061202736852621765,0.00024196510626921323,,,,
1209,0.001,adam,1210,91.08662557601929,0.00018078200061762497,0.0,0.05954538253032524,0.00024032738597620413,,,,
1210,0.001,adam,1211,91.13544273376465,0.00018064076783917015,0.0,0.05565452221741898,0.0002362952927000371,,,,
1211,0.001,adam,1212,91.19065690040588,0.00017975739099476104,0.0,0.08800059891114928,0.0002677579940857145,,,,
1212,0.001,adam,1213,91.247474193573,0.0001795698041091341,0.0,0.057662574623708406,0.00023723238147166782,,,,
1213,0.001,adam,1214,91.28915238380432,0.0001793679218507184,0.0,0.06970879505195678,0.0002490767202136653,,,,
1214,0.001,adam,1215,91.34250450134277,0.00017928769191866243,0.0,0.07567946460534945,0.00025496716011859356,,,,
1215,0.001,adam,1216,91.40293788909912,0.00017859691337893794,0.0,0.06402655177684065,0.0002426234681968766,,,,
1216,0.001,adam,1217,91.44599628448486,0.00017884476403095994,0.0,0.06111245093348035,0.00023995721786712596,,,,
1217,0.001,adam,1218,91.50549149513245,0.00017870126262882122,0.0,0.06613364776034475,0.0002448349135303457,,,,
1218,0.001,adam,1219,91.53976202011108,0.0001785042326050678,0.0,0.06829527895361762,0.0002467995148025371,,,,
1219,0.001,adam,1220,91.59483337402344,0.0001779362281922122,0.0,0.06271435099568982,0.00024065058216667389,0.0006746849138866024,0.0,0.06332410209816602,0.0007380090189925019
1220,0.001,adam,1221,91.67240405082703,0.00017793693672668397,0.0,0.07920780170093793,0.0002571447421897906,,,,
1221,0.001,adam,1222,91.71913123130798,0.00017760367754280257,0.0,0.05780724566680111,0.00023541092595530052,,,,
1222,0.001,adam,1223,91.7616274356842,0.00017725254195986268,0.0,0.05936231807864645,0.00023661486285806794,,,,
1223,0.001,adam,1224,91.82191371917725,0.00017715697222754723,0.0,0.06365962824696755,0.0002408166034981849,,,,
1224,0.001,adam,1225,91.87273097038269,0.0001771381316083305,0.0,0.05818869110481615,0.00023532682547696118,,,,
1225,0.001,adam,1226,91.9114019870758,0.00017635957093246521,0.0,0.06339795796511613,0.00023975753190882276,,,,
1226,0.001,adam,1227,91.96059799194336,0.00017647445865434593,0.0,0.06934741847997013,0.0002458218804281417,,,,
1227,0.001,adam,1228,92.01448822021484,0.00017628474873887013,0.0,0.07955698578325236,0.0002558417383008765,,,,
1228,0.001,adam,1229,92.06929659843445,0.00017634082717542498,0.0,0.06384359049246133,0.00024018442070029416,,,,
1229,0.001,adam,1230,92.12133002281189,0.00017526028861977597,0.0,0.06971923420949358,0.0002449795261407555,,,,
1230,0.001,adam,1231,92.17246460914612,0.00017547283642889783,0.0,0.06258447306157702,0.0002380573124630778,,,,
1231,0.001,adam,1232,92.23218154907227,0.0001759254475914462,0.0,0.06268145332024203,0.0002386069038888975,,,,
1232,0.001,adam,1233,92.27730655670166,0.00017522009673862814,0.0,0.061894425623275386,0.000237114525301731,,,,
1233,0.001,adam,1234,92.33680653572083,0.00017452914253406374,0.0,0.07700902293609505,0.0002515381691278911,,,,
1234,0.001,adam,1235,92.38783383369446,0.00017462113846317614,0.0,0.06150420114361157,0.0002361253425280805,,,,
1235,0.001,adam,1236,92.42860627174377,0.0001744232580799653,0.0,0.06942291913091617,0.0002438461805082932,,,,
1236,0.001,adam,1237,92.47987937927246,0.0001745936505212818,0.0,0.061508564869563,0.00023610221831234484,,,,
1237,0.001,adam,1238,92.53507113456726,0.00017463866778507595,0.0,0.05824363386507676,0.00023288230441657686,,,,
1238,0.001,adam,1239,92.58836817741394,0.0001745264381934743,0.0,0.05866125246145617,0.00023318769344119047,,,,
1239,0.001,adam,1240,92.6412250995636,0.00017369754583816625,0.0,0.06542901460297142,0.00023912656354884912,0.0006638644974623776,0.0,0.062800947871574,0.0007266654483168366
1240,0.001,adam,1241,92.73989725112915,0.0001734677908567256,0.0,0.06654050093007038,0.0002400082949473002,,,,
1241,0.001,adam,1242,92.7909848690033,0.00017327795342047273,0.0,0.060302509925773705,0.00023358046621046197,,,,
1242,0.001,adam,1243,92.84939122200012,0.00017336831733454053,0.0,0.26867811623392795,0.0004420464463299942,,,,
1243,0.001,adam,1244,92.90062928199768,0.0001730620595139619,0.0,0.051648254523362705,0.00022471031649048506,,,,
1244,0.001,adam,1245,92.95285701751709,0.00017333034109402932,0.0,0.055135747625588594,0.0002284660913384254,,,,
1245,0.001,adam,1246,93.01147484779358,0.00017332384807747754,0.0,0.052947888960439185,0.0002262717395528065,,,,
1246,0.001,adam,1247,93.07987022399902,0.00017289419295085317,0.0,0.06201850414330353,0.0002349127000398776,,,,
1247,0.001,adam,1248,93.14347791671753,0.00017221545600951745,0.0,0.07660324494096078,0.00024881870458893715,,,,
1248,0.001,adam,1249,93.20399451255798,0.000171639948927576,0.0,0.06966327875072169,0.00024130323098712586,,,,
1249,0.001,adam,1250,93.25820994377136,0.00017210477630570767,0.0,0.06263970557914984,0.0002347444848600839,,,,
1250,0.001,adam,1251,93.31906485557556,0.00017207090657398133,0.0,0.061763938645069315,0.00023383484815268032,,,,
1251,0.001,adam,1252,93.38065314292908,0.00017225449309987058,0.0,0.05851523107090204,0.00023076972695009696,,,,
1252,0.001,adam,1253,93.4254858493805,0.00017162571886663748,0.0,0.06406366980931762,0.00023568939171881613,,,,
1253,0.001,adam,1254,93.47666454315186,0.0001716818034759258,0.0,0.05690352460754102,0.0002285853307862392,,,,
1254,0.001,adam,1255,93.52979707717896,0.00017113863906493624,0.0,0.05742456585490456,0.00022856320764736131,,,,
1255,0.001,adam,1256,93.59472560882568,0.00017046783131315153,0.0,0.08992975675581763,0.0002603975923404034,,,,
1256,0.001,adam,1257,93.6752519607544,0.00017039998181410954,0.0,0.04844410945799353,0.0002188440935730748,,,,
1257,0.001,adam,1258,93.73658752441406,0.00017021079188815014,0.0,0.0803449006866849,0.00025055569639101307,,,,
1258,0.001,adam,1259,93.79225826263428,0.00017023798551014864,0.0,0.06069530533341172,0.00023093329372643267,,,,
1259,0.001,adam,1260,93.84055042266846,0.00017211976535041096,0.0,0.06291191050836295,0.00023503167884692932,0.0006632993193210309,0.0,0.06110475415393539,0.0007244040763772863
1260,0.001,adam,1261,93.90901327133179,0.00017177145264521133,0.0,0.05850034729432594,0.00023027180271815466,,,,
1261,0.001,adam,1262,93.95246839523315,0.0001704621288999048,0.0,0.05329146887973195,0.0002237536003108457,,,,
1262,0.001,adam,1263,94.00365948677063,0.0001701062666049899,0.0,0.06484301505055816,0.00023494928473542602,,,,
1263,0.001,adam,1264,94.0547308921814,0.0001696852827413522,0.0,0.06006906510266154,0.00022975435069714123,,,,
1264,0.001,adam,1265,94.10509252548218,0.00016881949677875142,0.0,0.08356464501992972,0.0002523841457677888,,,,
1265,0.001,adam,1266,94.17493081092834,0.00016857038803127854,0.0,0.059012083541653534,0.00022758247437585564,,,,
1266,0.001,adam,1267,94.23541688919067,0.00016918351768794522,0.0,0.0607823632142246,0.00022996588378917715,,,,
1267,0.001,adam,1268,94.29192638397217,0.00017004197315061064,0.0,0.06371810499666278,0.00023376008117372102,,,,
1268,0.001,adam,1269,94.34930539131165,0.00016998008575574763,0.0,0.06120771612436029,0.00023118780478731843,,,,
1269,0.001,adam,1270,94.4037139415741,0.00016916354522061806,0.0,0.08267940199653705,0.00025184295114421597,,,,
1270,0.001,adam,1271,94.45672488212585,0.00016875525261189086,0.0,0.06427489142353075,0.00023303014708831512,,,,
1271,0.001,adam,1272,94.5128755569458,0.00016915970398391478,0.0,0.0667037223215752,0.00023586342947374677,,,,
1272,0.001,adam,1273,94.55938220024109,0.00016898681919902365,0.0,0.06658210384089132,0.0002355689262023952,,,,
1273,0.001,adam,1274,94.59519982337952,0.00016858272461299585,0.0,0.05748511240309059,0.00022606783974648276,,,,
1274,0.001,adam,1275,94.64749813079834,0.00016795985763585168,0.0,0.06764352269612305,0.00023560338354486967,,,,
1275,0.001,adam,1276,94.6983962059021,0.0001677623782605094,0.0,0.07151347284342743,0.00023927585450064453,,,,
1276,0.001,adam,1277,94.74419140815735,0.00016694909969242286,0.0,0.06240224887898312,0.00022935135153535376,,,,
1277,0.001,adam,1278,94.79461026191711,0.00016654865407142767,0.0,0.06980638832544435,0.00023635504571249753,,,,
1278,0.001,adam,1279,94.83381915092468,0.00016672135131540354,0.0,0.07232196592309428,0.0002390433206736069,,,,
1279,0.001,adam,1280,94.88494157791138,0.00016675988322730032,0.0,0.06388973274472269,0.00023064961900662247,0.0006524998827898941,0.0,0.06090643852846874,0.0007134063242112634
1280,0.001,adam,1281,94.96759867668152,0.00016653536311560507,0.0,0.07220650625865958,0.00023874187280388965,,,,
1281,0.001,adam,1282,95.02956938743591,0.00016634912050045972,0.0,0.06320151093160689,0.0002295506344339773,,,,
1282,0.001,adam,1283,95.07249808311462,0.0001666271927482797,0.0,0.06027628739969315,0.00022690348301094285,,,,
1283,0.001,adam,1284,95.13906931877136,0.00016663380685773271,0.0,0.06435213506288365,0.00023098594497717877,,,,
1284,0.001,adam,1285,95.1885437965393,0.000167522015172532,0.0,0.06924537197628218,0.00023676739043779286,,,,
1285,0.001,adam,1286,95.23527884483337,0.00016763247633467827,0.0,0.05393380859029182,0.00022156628748668853,,,,
1286,0.001,adam,1287,95.27623176574707,0.00016792419835384524,0.0,0.05959568048039889,0.00022751988166488707,,,,
1287,0.001,adam,1288,95.33000206947327,0.00016826230473047116,0.0,0.05530082956770821,0.00022356313692482784,,,,
1288,0.001,adam,1289,95.37436389923096,0.00017007689459555013,0.0,0.0594600118694393,0.00022953690928918845,,,,
1289,0.001,adam,1290,95.4362370967865,0.000171441995350642,0.0,0.05252243639810641,0.00022396443424343028,,,,
1290,0.001,adam,1291,95.50277781486511,0.0001748626971214296,0.0,0.05825563990813461,0.0002331183397965586,,,,
1291,0.001,adam,1292,95.57172513008118,0.00017798756650582828,0.0,0.06695877119086427,0.0002449463408770635,,,,
1292,0.001,adam,1293,95.64092254638672,0.000183228918340984,0.0,0.05310086044359612,0.00023632978130673564,,,,
1293,0.001,adam,1294,95.69323372840881,0.00019002341064525588,0.0,0.0700061774122219,0.0002600295913825928,,,,
1294,0.001,adam,1295,95.74253439903259,0.00020285121133387652,0.0,0.0626692951912152,0.0002655205095017235,,,,
1295,0.001,adam,1296,95.78500652313232,0.00021981766658755867,0.0,0.06262250040498686,0.0002824401699669547,,,,
1296,0.001,adam,1297,95.82338380813599,0.00024340135566324267,0.0,0.1031646173530584,0.00034656597791635744,,,,
1297,0.001,adam,1298,95.86769413948059,0.0002793556775105525,0.0,0.062821867739839,0.0003421775482342701,,,,
1298,0.001,adam,1299,95.91215538978577,0.000323608189272311,0.0,0.06651847960165483,0.0003901266720334241,,,,
1299,0.001,adam,1300,95.96252608299255,0.0003928621022530379,0.0,0.07745077901958594,0.00047031288495133847,0.0008650265582867986,0.0,0.061824439159694565,0.0009268510003829964
1300,0.001,adam,1301,96.04347681999207,0.00044873176120005016,0.0,0.06821489073900942,0.0005169466551790931,,,,
1301,0.001,adam,1302,96.10930919647217,0.0005121194008225872,0.0,0.06889197552437189,0.0005810113796191523,,,,
1302,0.001,adam,1303,96.15769720077515,0.0004795523289132979,0.0,0.07092987879692707,0.0005504822110792135,,,,
1303,0.001,adam,1304,96.2093276977539,0.0004216025512777666,0.0,0.07233600676700944,0.000493938561480552,,,,
1304,0.001,adam,1305,96.26094031333923,0.0003072371088030301,0.0,0.07301081932264583,0.00038024793159350373,,,,
1305,0.001,adam,1306,96.32460761070251,0.00022957813213567385,0.0,0.06271232116591227,0.0002922904562802616,,,,
1306,0.001,adam,1307,96.39209604263306,0.0002313759800800484,0.0,0.06269027100320144,0.00029406625406087797,,,,
1307,0.001,adam,1308,96.44554615020752,0.000309031029486117,0.0,0.05751955923817189,0.0003665505914563213,,,,
1308,0.001,adam,1309,96.49594235420227,0.0004122789782506147,0.0,0.06723089701080487,0.00047950987845471585,,,,
1309,0.001,adam,1310,96.55799961090088,0.0004621718735667793,0.0,0.06199936822441795,0.0005241712447360092,,,,
1310,0.001,adam,1311,96.60914731025696,0.00046115379782299214,0.0,0.057768272941795394,0.0005189220735086332,,,,
1311,0.001,adam,1312,96.66433620452881,0.0003888986098083455,0.0,0.05827860212832216,0.0004471772147047527,,,,
1312,0.001,adam,1313,96.70810151100159,0.00033951295387912547,0.0,0.06578735875166111,0.00040530031575551845,,,,
1313,0.001,adam,1314,96.75149631500244,0.00033507366544249106,0.0,0.06555548609338821,0.00040062915464959776,,,,
1314,0.001,adam,1315,96.80751347541809,0.00033945639954838653,0.0,0.05896573404644271,0.0003984221363955513,,,,
1315,0.001,adam,1316,96.86197829246521,0.000302321096726712,0.0,0.07161102603926219,0.0003739321261673154,,,,
1316,0.001,adam,1317,96.9221601486206,0.00022272216104385673,0.0,0.0679354671240903,0.0002906576313947086,,,,
1317,0.001,adam,1318,96.97747850418091,0.00017417624516467554,0.0,0.0663156784838944,0.00024049192679839564,,,,
1318,0.001,adam,1319,97.02325201034546,0.0001991802896506485,0.0,0.07099834596528216,0.0002701786389881711,,,,
1319,0.001,adam,1320,97.06594467163086,0.00025942598724031703,0.0,0.06418176865359318,0.00032360775894238063,0.0007741177577975299,0.0,0.062856876445321,0.0008369746372283923
1320,0.001,adam,1321,97.14064359664917,0.0002792119791337819,0.0,0.059772249689481485,0.0003389842316622929,,,,
1321,0.001,adam,1322,97.19543743133545,0.0002311941603833839,0.0,0.054600763899609286,0.00028579492687639033,,,,
1322,0.001,adam,1323,97.2382984161377,0.00017746303610783774,0.0,0.05672738598683184,0.00023419042478907583,,,,
1323,0.001,adam,1324,97.31545734405518,0.000173782593023862,0.0,0.06121154400832719,0.0002349941399395815,,,,
1324,0.001,adam,1325,97.37638449668884,0.00020194257915981178,0.0,0.06900811078240628,0.0002709506932199274,,,,
1325,0.001,adam,1326,97.4286048412323,0.00021649209415091012,0.0,0.06482377225562044,0.00028131586948549453,,,,
1326,0.001,adam,1327,97.48721599578857,0.00020263176427277462,0.0,0.06059631214471917,0.00026322807929566417,,,,
1327,0.001,adam,1328,97.53278350830078,0.00018273550581930452,0.0,0.07751001230974132,0.0002602455218105739,,,,
1328,0.001,adam,1329,97.59976696968079,0.00017754649696545842,0.0,0.05305826800495196,0.00023060476749054288,,,,
1329,0.001,adam,1330,97.65286874771118,0.0001858431376660697,0.0,0.061384605973165904,0.0002472277465548479,,,,
1330,0.001,adam,1331,97.71367335319519,0.00018391852170659487,0.0,0.056771575818126065,0.0002406901002212261,,,,
1331,0.001,adam,1332,97.76766037940979,0.00017193437473578995,0.0,0.06819620384845441,0.00024013058182339024,,,,
1332,0.001,adam,1333,97.81856298446655,0.00017040310811299738,0.0,0.06059811396840463,0.000231001224959658,,,,
1333,0.001,adam,1334,97.86786270141602,0.0001783829714833008,0.0,0.07985230609737887,0.00025823528137346066,,,,
1334,0.001,adam,1335,97.91614055633545,0.0001812468888550462,0.0,0.05418813044115668,0.00023543502187000097,,,,
1335,0.001,adam,1336,97.96089673042297,0.00017711858089031367,0.0,0.06830285918814691,0.0002454214433226723,,,,
1336,0.001,adam,1337,97.99715304374695,0.00016654853549830095,0.0,0.06089135911898019,0.00022743989750946553,,,,
1337,0.001,adam,1338,98.05162477493286,0.00016064250836468684,0.0,0.07801479305150955,0.00023865730512170023,,,,
1338,0.001,adam,1339,98.10493302345276,0.0001649115568166939,0.0,0.06349472662043203,0.0002284062864529636,,,,
1339,0.001,adam,1340,98.15121674537659,0.00017328609846564382,0.0,0.13411266234218858,0.00030739876717784205,0.0006660130029179499,0.0,0.05985791025992437,0.0007258709160209724
1340,0.001,adam,1341,98.23075461387634,0.00017533711143212724,0.0,0.06593012547469115,0.0002412672400383313,,,,
1341,0.001,adam,1342,98.27321982383728,0.0001697752134947892,0.0,0.05340822732013365,0.00022318344335167754,,,,
1342,0.001,adam,1343,98.32198357582092,0.00016311132655179024,0.0,0.06188494998273268,0.00022499627947390033,,,,
1343,0.001,adam,1344,98.36744523048401,0.00016228636825262505,0.0,0.05829201095086202,0.00022057838197220902,,,,
1344,0.001,adam,1345,98.41196799278259,0.00016545241551283002,0.0,0.06519372464307367,0.00023064614325243947,,,,
1345,0.001,adam,1346,98.45698976516724,0.00016542743747940036,0.0,0.05378091565499439,0.00021920835568885118,,,,
1346,0.001,adam,1347,98.51148843765259,0.00016421907831162762,0.0,0.06772198615266935,0.0002319410676809187,,,,
1347,0.001,adam,1348,98.56800127029419,0.0001614010787771972,0.0,0.05745139433558055,0.00021885247584157256,,,,
1348,0.001,adam,1349,98.61981582641602,0.00016168677027413362,0.0,0.058762197670645964,0.0002204489707358342,,,,
1349,0.001,adam,1350,98.67741131782532,0.00016515670109998107,0.0,0.057137941659105886,0.00022229464547299355,,,,
1350,0.001,adam,1351,98.734783411026,0.00016616355801891457,0.0,0.06644231224676467,0.00023260587342151972,,,,
1351,0.001,adam,1352,98.7808005809784,0.00016433792750532344,0.0,0.0580325890199437,0.0002223705192816672,,,,
1352,0.001,adam,1353,98.82300591468811,0.00015966826353740662,0.0,0.06137687924823102,0.00022104514570088298,,,,
1353,0.001,adam,1354,98.87419652938843,0.00015762240517622233,0.0,0.07408431625415432,0.00023170672494919283,,,,
1354,0.001,adam,1355,98.93222332000732,0.00015997930838798052,0.0,0.06107985582714611,0.00022105916711626412,,,,
1355,0.001,adam,1356,98.99629044532776,0.0001625076117022552,0.0,0.06906915944537972,0.00023157677442824397,,,,
1356,0.001,adam,1357,99.06226801872253,0.00016437862076510083,0.0,0.06144220275584324,0.0002258208264392921,,,,
1357,0.001,adam,1358,99.13699746131897,0.00016233906156083754,0.0,0.06872270887704998,0.00023106177370204104,,,,
1358,0.001,adam,1359,99.1930627822876,0.00015987051095180298,0.0,0.06299944495722958,0.00022286995890134564,,,,
1359,0.001,adam,1360,99.25452613830566,0.00015891303529831573,0.0,0.058517643942363605,0.0002174306820201183,0.0006471752500841019,0.0,0.05931628539275255,0.0007064915382942269
1360,0.001,adam,1361,99.33244848251343,0.00015968732695054223,0.0,0.06115889762266098,0.00022084622747809497,,,,
1361,0.001,adam,1362,99.39950799942017,0.00016101120974906072,0.0,0.055271444273605294,0.00021628265664791875,,,,
1362,0.001,adam,1363,99.46017599105835,0.00016023639022289378,0.0,0.05122599985302145,0.00021146239250901966,,,,
1363,0.001,adam,1364,99.51083397865295,0.00015976823324486048,0.0,0.06520878097341151,0.0002249770173155229,,,,
1364,0.001,adam,1365,99.56898331642151,0.00015731080287697857,0.0,0.06859593832252124,0.00022590674445763204,,,,
1365,0.001,adam,1366,99.63271856307983,0.00015608532919495453,0.0,0.05252597997790618,0.00020861131166771088,,,,
1366,0.001,adam,1367,99.69505262374878,0.00015547236032138368,0.0,0.06688486940744207,0.00022235723290568656,,,,
1367,0.001,adam,1368,99.76056337356567,0.00015576025332893803,0.0,0.06072700411006708,0.00021648726032338304,,,,
1368,0.001,adam,1369,99.84021210670471,0.00015674728154149272,0.0,0.0707384700819083,0.00022748575498329806,,,,
1369,0.001,adam,1370,99.89379692077637,0.00015667028400226737,0.0,0.06453530571605239,0.0002212055927835823,,,,
1370,0.001,adam,1371,99.96186780929565,0.0001564341815734576,0.0,0.05753824100854478,0.0002139724253149222,,,,
1371,0.001,adam,1372,100.01816534996033,0.00015545433368345402,0.0,0.07119946499313753,0.00022665380205838466,,,,
1372,0.001,adam,1373,100.07329559326172,0.00015548912946041556,0.0,0.05085440000039303,0.00020634353187626298,,,,
1373,0.001,adam,1374,100.1147928237915,0.00015513527019359196,0.0,0.060086570384567085,0.000215221843432118,,,,
1374,0.001,adam,1375,100.17492389678955,0.00015466495919201748,0.0,0.06179414852484912,0.00021645911065193115,,,,
1375,0.001,adam,1376,100.22400712966919,0.00015495069633606663,0.0,0.04759184132840313,0.00020254253992496091,,,,
1376,0.001,adam,1377,100.27518248558044,0.00015470894519673139,0.0,0.0580239679382305,0.00021273291589095247,,,,
1377,0.001,adam,1378,100.33766388893127,0.000153978625628133,0.0,0.058373306775140424,0.00021235193517585673,,,,
1378,0.001,adam,1379,100.38377833366394,0.000153974893853139,0.0,0.05819106672487553,0.0002121659633419419,,,,
1379,0.001,adam,1380,100.43025732040405,0.00015401504800915814,0.0,0.057507425012623334,0.0002115224757532376,0.0006272530657694221,0.0,0.05796582783565523,0.0006852188963583064
1380,0.001,adam,1381,100.5253689289093,0.00015391907483569556,0.0,0.05759143732074753,0.00021151051489188958,,,,
1381,0.001,adam,1382,100.58626556396484,0.0001536070098500645,0.0,0.06021320742239884,0.00021382022013243722,,,,
1382,0.001,adam,1383,100.64449048042297,0.0001533687329640421,0.0,0.056333658295044955,0.00020970239393479226,,,,
1383,0.001,adam,1384,100.69992184638977,0.00015348455973884038,0.0,0.054442001121965844,0.00020792656344666252,,,,
1384,0.001,adam,1385,100.75457692146301,0.00015376273815374968,0.0,0.05736434932505918,0.00021112709020346926,,,,
1385,0.001,adam,1386,100.83367872238159,0.00015482787791047382,0.0,0.04929554004808839,0.00020412342029997474,,,,
1386,0.001,adam,1387,100.88758254051208,0.00015609024283898065,0.0,0.06099761179127714,0.00021708785752748888,,,,
1387,0.001,adam,1388,100.9419333934784,0.00015817138642370442,0.0,0.057190253617774175,0.0002153616427578699,,,,
1388,0.001,adam,1389,100.98093819618225,0.00016035539357307354,0.0,0.07040343158990155,0.00023075882850695864,,,,
1389,0.001,adam,1390,101.03022789955139,0.0001659183551551362,0.0,0.05388693947182517,0.00021980529718645367,,,,
1390,0.001,adam,1391,101.09756565093994,0.00017468613715265112,0.0,0.05695389947626006,0.00023164003933407625,,,,
1391,0.001,adam,1392,101.15509963035583,0.0001914853856559754,0.0,0.05027349303539874,0.00024175888107923693,,,,
1392,0.001,adam,1393,101.22420406341553,0.0002197961208332007,0.0,0.06417376314265467,0.0002839698870239456,,,,
1393,0.001,adam,1394,101.27592015266418,0.0002751528274321619,0.0,0.07422826033598995,0.000349381091293805,,,,
1394,0.001,adam,1395,101.34350037574768,0.0003678158067722723,0.0,0.050712432270446015,0.00041852824145142964,,,,
1395,0.001,adam,1396,101.41613984107971,0.0005242275823235015,0.0,0.057283652742373695,0.0005815112377867027,,,,
1396,0.001,adam,1397,101.5027334690094,0.00072781001755569,0.0,0.06821499512902102,0.0007960250159247495,,,,
1397,0.001,adam,1398,101.54285168647766,0.0009580313944782865,0.0,0.07227560722476792,0.0010303070051359616,,,,
1398,0.001,adam,1399,101.59495663642883,0.0009926704984766612,0.0,0.06375843554612147,0.0010564289370511458,,,,
1399,0.001,adam,1400,101.64280080795288,0.0007514277537342399,0.0,0.0775154277056771,0.0008289431851217022,0.0007836968941039405,0.0,0.05727182592373732,0.0008409687227479435
1400,0.001,adam,1401,101.70186257362366,0.0003192857814548463,0.0,0.06197885417792091,0.0003812646385766048,,,,
1401,0.001,adam,1402,101.75521039962769,0.00016780876100918823,0.0,0.051552508564332335,0.00021936127202213334,,,,
1402,0.001,adam,1403,101.80763173103333,0.0003786427500388417,0.0,0.0619560674487424,0.0004405988204303394,,,,
1403,0.001,adam,1404,101.86648368835449,0.0005134182797387241,0.0,0.08088041303490304,0.0005942986966152406,,,,
1404,0.001,adam,1405,101.94306540489197,0.00034122838106309455,0.0,0.05106196000173265,0.00039229034349014014,,,,
1405,0.001,adam,1406,102.01013278961182,0.00016730002372533076,0.0,0.05976310439777819,0.00022706313096170408,,,,
1406,0.001,adam,1407,102.06155800819397,0.0002691772571233635,0.0,0.06254254938575349,0.0003317198094797287,,,,
1407,0.001,adam,1408,102.11453461647034,0.0003678397669685326,0.0,0.06580265732402533,0.00043364242741801643,,,,
1408,0.001,adam,1409,102.18601894378662,0.0002508155929517442,0.0,0.06109968093263951,0.00031191527678646285,,,,
1409,0.001,adam,1410,102.24497532844543,0.00017126857646058876,0.0,0.07840522925646345,0.0002496738094411008,,,,
1410,0.001,adam,1411,102.28880167007446,0.0002516011961192889,0.0,0.06625950295503617,0.00031786070222148256,,,,
1411,0.001,adam,1412,102.35092997550964,0.0002695861314897746,0.0,0.058981477952219794,0.0003285676122434643,,,,
1412,0.001,adam,1413,102.41400980949402,0.00019024772988058457,0.0,0.05901192876607804,0.0002492596614495788,,,,
1413,0.001,adam,1414,102.47134256362915,0.00018324533812113971,0.0,0.05390958513771763,0.00023715492581942525,,,,
1414,0.001,adam,1415,102.53632855415344,0.0002301616835094966,0.0,0.06103277406825998,0.0002911944604766578,,,,
1415,0.001,adam,1416,102.57875227928162,0.0002111950220618462,0.0,0.061985492212244454,0.00027318051721824353,,,,
1416,0.001,adam,1417,102.61881303787231,0.0001683956684183894,0.0,0.06940344272800769,0.00023779911444288374,,,,
1417,0.001,adam,1418,102.66730904579163,0.00018856401650047553,0.0,0.055548107958913906,0.00024411212709778298,,,,
1418,0.001,adam,1419,102.70501852035522,0.00020278905363477998,0.0,0.06203079900900958,0.00026481985559009445,,,,
1419,0.001,adam,1420,102.76661610603333,0.00017773876407106194,0.0,0.05710453290903876,0.00023484329969242047,0.0006607290247917215,0.0,0.05811502632312686,0.000718844053875164
1420,0.001,adam,1421,102.83149456977844,0.0001709389212959127,0.0,0.060775155013592874,0.00023171407919617053,,,,
1421,0.001,adam,1422,102.87984347343445,0.00018198759905710488,0.0,0.05406103246294451,0.00023604863408781065,,,,
1422,0.001,adam,1423,102.92941761016846,0.00018079482089906898,0.0,0.06597199231923459,0.00024676681635180505,,,,
1423,0.001,adam,1424,102.98521280288696,0.00016851130706133387,0.0,0.06020989755074949,0.00022872120747190005,,,,
1424,0.001,adam,1425,103.05787944793701,0.0001672140291723633,0.0,0.058592551008246105,0.00022580658296360626,,,,
1425,0.001,adam,1426,103.1259913444519,0.00017455733845415225,0.0,0.062112087866257513,0.00023666942927057564,,,,
1426,0.001,adam,1427,103.19503498077393,0.00017106643397565995,0.0,0.05659116877067747,0.0002276576054342737,,,,
1427,0.001,adam,1428,103.25051093101501,0.00016030693651975674,0.0,0.06863097632344328,0.0002289379161029965,,,,
1428,0.001,adam,1429,103.3044261932373,0.00016463883237600744,0.0,0.0867078529331137,0.00025134668942752316,,,,
1429,0.001,adam,1430,103.35738229751587,0.0001715155854236044,0.0,0.06804440776775171,0.00023955999642329205,,,,
1430,0.001,adam,1431,103.40383195877075,0.00015768582205524684,0.0,0.05822805672180461,0.00021591388154273573,,,,
1431,0.001,adam,1432,103.44944143295288,0.0001580500818636615,0.0,0.05606821141081977,0.00021411829593757844,,,,
1432,0.001,adam,1433,103.50291872024536,0.00016721759215910167,0.0,0.06795324511440215,0.00023517084050110978,,,,
1433,0.001,adam,1434,103.55372524261475,0.0001591915276532158,0.0,0.06718498053051161,0.00022637651137484278,,,,
1434,0.001,adam,1435,103.60582280158997,0.0001520646005196761,0.0,0.053038288731354945,0.0002051028917702146,,,,
1435,0.001,adam,1436,103.64974427223206,0.0001584371576634815,0.0,0.06458513286126488,0.00022302229359237558,,,,
1436,0.001,adam,1437,103.70615434646606,0.00016035797220411324,0.0,0.05931062025760427,0.00021966859527882082,,,,
1437,0.001,adam,1438,103.75070142745972,0.0001533325607938512,0.0,0.07021970562238881,0.00022355226975149704,,,,
1438,0.001,adam,1439,103.79760146141052,0.000153733820968473,0.0,0.06347175995494758,0.0002172055839381674,,,,
1439,0.001,adam,1440,103.85984539985657,0.0001568387211020868,0.0,0.05825634084163338,0.00021509506471074788,0.000634072049692633,0.0,0.056703758766977384,0.0006907758111528944
1440,0.001,adam,1441,103.92399334907532,0.00015379214307226783,0.0,0.05503579459959516,0.00020882794028592296,,,,
1441,0.001,adam,1442,103.97790122032166,0.00014942522035494497,0.0,0.06003177949321793,0.00020945700269951942,,,,
1442,0.001,adam,1443,104.03260374069214,0.00015274746966407551,0.0,0.05904832996498934,0.00021179580243371003,,,,
1443,0.001,adam,1444,104.08407282829285,0.00015720079230569688,0.0,0.05607030002789137,0.0002132710949967846,,,,
1444,0.001,adam,1445,104.12668514251709,0.0001526413898955856,0.0,0.06498747310372757,0.0002176288660860525,,,,
1445,0.001,adam,1446,104.16515851020813,0.00015171535747989458,0.0,0.07330326338838292,0.0002250186243499957,,,,
1446,0.001,adam,1447,104.21715712547302,0.00015520379502659206,0.0,0.06411525012217578,0.00021931904819407882,,,,
1447,0.001,adam,1448,104.26426482200623,0.0001522474085728238,0.0,0.06791173972914635,0.0002201591515276047,,,,
1448,0.001,adam,1449,104.31524324417114,0.00014903475945101787,0.0,0.057717357223585494,0.00020675211941603074,,,,
1449,0.001,adam,1450,104.35807132720947,0.00014984591371280975,0.0,0.0558342633914229,0.00020568017975621785,,,,
1450,0.001,adam,1451,104.42345356941223,0.00015082317724571977,0.0,0.06316276525995293,0.00021398594550574307,,,,
1451,0.001,adam,1452,104.47295069694519,0.00014981437005162252,0.0,0.08485319235220445,0.00023466756643413737,,,,
1452,0.001,adam,1453,104.52972722053528,0.0001489426971006547,0.0,0.0543761952191437,0.00020331889490252908,,,,
1453,0.001,adam,1454,104.57119011878967,0.00015034276694379114,0.0,0.06019262768535562,0.00021053539748814315,,,,
1454,0.001,adam,1455,104.61724519729614,0.000151794051000164,0.0,0.047995514280037246,0.00019978956755986583,,,,
1455,0.001,adam,1456,104.65165710449219,0.0001505664159066446,0.0,0.053557689542828045,0.0002041241079933264,,,,
1456,0.001,adam,1457,104.70566868782043,0.0001507722394852949,0.0,0.06650547939280241,0.0002172777220369381,,,,
1457,0.001,adam,1458,104.76422119140625,0.00015076765341532448,0.0,0.08016500453498478,0.00023093266175794265,,,,
1458,0.001,adam,1459,104.81130266189575,0.0001507748096667721,0.0,0.07513246050887293,0.00022590727374424542,,,,
1459,0.001,adam,1460,104.85852360725403,0.00015010858216991924,0.0,0.05593360630034301,0.00020604219112696598,0.0006170973870896104,0.0,0.05486207333019108,0.0006719594630256101
1460,0.001,adam,1461,104.92053842544556,0.0001490499325059521,0.0,0.040861115515537436,0.00018991104996228837,,,,
1461,0.001,adam,1462,104.97170162200928,0.00014842479550344328,0.0,0.0495562963107168,0.00019798109416795784,,,,
1462,0.001,adam,1463,105.02754235267639,0.00014805151457924291,0.0,0.06074875826583089,0.000208800275730485,,,,
1463,0.001,adam,1464,105.08998370170593,0.00014724328820188973,0.0,0.058939260174842065,0.00020618255117619644,,,,
1464,0.001,adam,1465,105.13669419288635,0.00014718458215477663,0.0,0.0517368965264027,0.00019892148113855005,,,,
1465,0.001,adam,1466,105.18757939338684,0.00014697063481051672,0.0,0.06180078943924734,0.00020877142718514404,,,,
1466,0.001,adam,1467,105.24253916740417,0.00014711502377040482,0.0,0.06486644634053126,0.00021198147319192697,,,,
1467,0.001,adam,1468,105.32329845428467,0.000146524538785278,0.0,0.05312875063338148,0.00019965329194213973,,,,
1468,0.001,adam,1469,105.40661287307739,0.00014641429297512513,0.0,0.056948247714409296,0.00020336254339443105,,,,
1469,0.001,adam,1470,105.47759890556335,0.0001457107723668719,0.0,0.05671256763087118,0.0002024233426914455,,,,
1470,0.001,adam,1471,105.52834868431091,0.0001451773451361511,0.0,0.058345614704824265,0.00020352296261224337,,,,
1471,0.001,adam,1472,105.58132123947144,0.0001453231089253969,0.0,0.0528687275172696,0.0001981918389537963,,,,
1472,0.001,adam,1473,105.62889885902405,0.00014497477164203767,0.0,0.05478703946328867,0.00019976181370757106,,,,
1473,0.001,adam,1474,105.70264458656311,0.000145458506273428,0.0,0.05384181584559248,0.0001993003246763695,,,,
1474,0.001,adam,1475,105.7632372379303,0.00014529622933185423,0.0,0.05135521843130013,0.00019665145020239636,,,,
1475,0.001,adam,1476,105.83214855194092,0.0001448123817110787,0.0,0.05713881842657635,0.0002019512028516033,,,,
1476,0.001,adam,1477,105.88729906082153,0.00014451961460029727,0.0,0.06970446233109598,0.00021422408024217754,,,,
1477,0.001,adam,1478,105.94744539260864,0.0001442296994936946,0.0,0.059877698293365644,0.0002041074006310983,,,,
1478,0.001,adam,1479,106.00218367576599,0.0001441702192262529,0.0,0.06655107004388412,0.00021072129243114324,,,,
1479,0.001,adam,1480,106.06256461143494,0.00014426608561378913,0.0,0.06962936652407069,0.00021389545544507727,0.0006127829803520955,0.0,0.055228854688980665,0.000668011837664306
1480,0.001,adam,1481,106.15130662918091,0.00014469489228824552,0.0,0.059002923555081875,0.00020369781864581588,,,,
1481,0.001,adam,1482,106.23448944091797,0.00014493019367202775,0.0,0.06173547062911191,0.00020666566723341717,,,,
1482,0.001,adam,1483,106.29903793334961,0.00014516467201835343,0.0,0.06884791460188264,0.00021401258989033653,,,,
1483,0.001,adam,1484,106.36929655075073,0.00014422375361680285,0.0,0.051288070213040535,0.000195511826265896,,,,
1484,0.001,adam,1485,106.42502546310425,0.0001447079209484498,0.0,0.05420217844655978,0.00019891010196947492,,,,
1485,0.001,adam,1486,106.47187805175781,0.0001441258038363036,0.0,0.06397246039017934,0.00020809826726501176,,,,
1486,0.001,adam,1487,106.53226709365845,0.00014543219248700756,0.0,0.053210653140170726,0.0001986428481545487,,,,
1487,0.001,adam,1488,106.60180187225342,0.00014683668515680278,0.0,0.07171670380026669,0.00021855339236343012,,,,
1488,0.001,adam,1489,106.644455909729,0.0001501897794065296,0.0,0.05592776218372155,0.0002061175442466773,,,,
1489,0.001,adam,1490,106.7124035358429,0.0001571767140287678,0.0,0.06934854828030673,0.00022652526560295385,,,,
1490,0.001,adam,1491,106.76190567016602,0.00017040723679398839,0.0,0.05833881421221295,0.00022874605377714633,,,,
1491,0.001,adam,1492,106.81977987289429,0.00019157965758894574,0.0,0.06021515715333026,0.0002517948176023425,,,,
1492,0.001,adam,1493,106.87501192092896,0.00023163891625296306,0.0,0.06459015146304284,0.00029622907078387346,,,,
1493,0.001,adam,1494,106.92797589302063,0.0002972431464284997,0.0,0.06487624247225483,0.0003621193919822107,,,,
1494,0.001,adam,1495,106.99043369293213,0.0003909107289438889,0.0,0.054741663809830074,0.00044565239535380844,,,,
1495,0.001,adam,1496,107.04733276367188,0.0005628797090605184,0.0,0.05698427009664311,0.0006198639818637691,,,,
1496,0.001,adam,1497,107.10598063468933,0.0006854666471439842,0.0,0.06534892245164932,0.0007508155726995407,,,,
1497,0.001,adam,1498,107.17368078231812,0.0008224191724739329,0.0,0.05827107425334075,0.0008806902494950012,,,,
1498,0.001,adam,1499,107.21886420249939,0.0006358902834356482,0.0,0.062286120374461504,0.0006981764067685416,,,,
1499,0.001,adam,1500,107.25626826286316,0.0003764270097795524,0.0,0.07201805136772485,0.00044844506456795114,0.0006220927564700824,0.0,0.055128324248570185,0.0006772210833371075
1500,0.001,adam,1501,107.32397723197937,0.0001675886857754199,0.0,0.05312225797631413,0.00022071094627490592,,,,
1501,0.001,adam,1502,107.37587451934814,0.00019966799265115452,0.0,0.0599663088849655,0.00025963430438436685,,,,
1502,0.001,adam,1503,107.42745590209961,0.000374468421459727,0.0,0.061551424375812604,0.0004360198487590754,,,,
1503,0.001,adam,1504,107.48162961006165,0.0004423860900530416,0.0,0.05831738033332283,0.0005007034731562914,,,,
1504,0.001,adam,1505,107.52714252471924,0.0003540981812491911,0.0,0.06588373678996728,0.000419981921168468,,,,
1505,0.001,adam,1506,107.5665762424469,0.00018191716457447511,0.0,0.058827887835605955,0.0002407450552042558,,,,
1506,0.001,adam,1507,107.612144947052,0.00016320353622142631,0.0,0.05480789344263728,0.00021801143226729883,,,,
1507,0.001,adam,1508,107.649418592453,0.0002755834925135449,0.0,0.06551828766236181,0.0003411017832878584,,,,
1508,0.001,adam,1509,107.69982886314392,0.0003090068212460952,0.0,0.05693464527142844,0.00036594146922177417,,,,
1509,0.001,adam,1510,107.75295734405518,0.00022826156585007253,0.0,0.05684480605804967,0.0002851063746081056,,,,
1510,0.001,adam,1511,107.81673574447632,0.00014995722795130422,0.0,0.045684379636519654,0.0001956416097577155,,,,
1511,0.001,adam,1512,107.85936164855957,0.00019082352949099756,0.0,0.06493000861578713,0.0002557535411907946,,,,
1512,0.001,adam,1513,107.89609694480896,0.00025167382311567534,0.0,0.05316821115136322,0.00030484203679239307,,,,
1513,0.001,adam,1514,107.94683980941772,0.0002141480208974822,0.0,0.0639895704875659,0.0002781375944243896,,,,
1514,0.001,adam,1515,108.00071549415588,0.00015052266650497103,0.0,0.04388432327839788,0.0001944069918677624,,,,
1515,0.001,adam,1516,108.05949902534485,0.00016216970869872054,0.0,0.06173399386657612,0.00022390370549750402,,,,
1516,0.001,adam,1517,108.12264490127563,0.0002031283466526376,0.0,0.05946368361640032,0.00026259203309341133,,,,
1517,0.001,adam,1518,108.16871309280396,0.0001904902013715433,0.0,0.060952941125031676,0.0002514431453916843,,,,
1518,0.001,adam,1519,108.22753500938416,0.0001513339237219209,0.0,0.04663909686504389,0.00019797302280220302,,,,
1519,0.001,adam,1520,108.28591513633728,0.0001533749375376229,0.0,0.06590549835636758,0.00021928043902433368,0.0006693365273200947,0.0,0.05615361276950571,0.0007254901427567539
1520,0.001,adam,1521,108.39344358444214,0.00017997232450054103,0.0,0.05729322783722719,0.00023726555505905052,,,,
1521,0.001,adam,1522,108.44762420654297,0.00017594523763720578,0.0,0.04596646217241734,0.00022191170199291292,,,,
1522,0.001,adam,1523,108.49572896957397,0.00014821006388425858,0.0,0.05368546363274736,0.00020189553006692864,,,,
1523,0.001,adam,1524,108.55204367637634,0.00014590453496459625,0.0,0.0571321488155595,0.00020303668649378722,,,,
1524,0.001,adam,1525,108.59380221366882,0.0001657589638745466,0.0,0.058392911062588725,0.00022415187771064978,,,,
1525,0.001,adam,1526,108.64649629592896,0.0001671278665981526,0.0,0.0643882203191377,0.00023151608997556665,,,,
1526,0.001,adam,1527,108.70711374282837,0.00014907860610553406,0.0,0.06161576463533436,0.00021069437366746019,,,,
1527,0.001,adam,1528,108.7677652835846,0.00014320848268434917,0.0,0.06300326317847764,0.00020621174885532124,,,,
1528,0.001,adam,1529,108.82300519943237,0.00015712167048215014,0.0,0.053381359226414224,0.00021050303224404287,,,,
1529,0.001,adam,1530,108.88676691055298,0.00015898414478970533,0.0,0.049884619659433506,0.0002088687668185311,,,,
1530,0.001,adam,1531,108.93497920036316,0.00014610727621955336,0.0,0.057867049248850354,0.00020397432821694106,,,,
1531,0.001,adam,1532,108.99154114723206,0.00014210219377845,0.0,0.05840770795605525,0.00020050990450872253,,,,
1532,0.001,adam,1533,109.03713059425354,0.00015127127985246823,0.0,0.06257383373234907,0.00021384511655691494,,,,
1533,0.001,adam,1534,109.08357739448547,0.000153547052439631,0.0,0.05403420661605968,0.00020758126162217778,,,,
1534,0.001,adam,1535,109.13280463218689,0.0001456331082610875,0.0,0.057142458469862246,0.00020277556944507089,,,,
1535,0.001,adam,1536,109.17266368865967,0.0001407892437323185,0.0,0.07615032089820598,0.00021693956824747065,,,,
1536,0.001,adam,1537,109.2139241695404,0.0001430528015980828,0.0,0.06601047926094644,0.00020906328399435874,,,,
1537,0.001,adam,1538,109.2788815498352,0.00014596616564333589,0.0,0.05797139054024473,0.0002039375589370739,,,,
1538,0.001,adam,1539,109.32255434989929,0.00014327457793279863,0.0,0.04979471523350276,0.00019306929553142347,,,,
1539,0.001,adam,1540,109.37432932853699,0.00013968066447438628,0.0,0.042848338738162725,0.0001825290052477359,0.0005999193452448222,0.0,0.05405721049804169,0.0006539765583104436
1540,0.001,adam,1541,109.4764506816864,0.0001414680691611893,0.0,0.051563797309655324,0.00019303186891999355,,,,
1541,0.001,adam,1542,109.56708455085754,0.0001450283728157276,0.0,0.051734204916683804,0.00019676258018965428,,,,
1542,0.001,adam,1543,109.64463472366333,0.00014183098081764608,0.0,0.04640810885548239,0.00018823909187739538,,,,
1543,0.001,adam,1544,109.71450304985046,0.00013980764748920688,0.0,0.05220515469311175,0.00019201280466193043,,,,
1544,0.001,adam,1545,109.78136157989502,0.0001406207031224448,0.0,0.05937785216693381,0.00019999855810967526,,,,
1545,0.001,adam,1546,109.82864499092102,0.00014032539529689085,0.0,0.05986995994908748,0.00020019535808964882,,,,
1546,0.001,adam,1547,109.9014310836792,0.00014194229950359322,0.0,0.0607063400468146,0.00020264864243380425,,,,
1547,0.001,adam,1548,109.96821117401123,0.0001412816618264642,0.0,0.05451199271448097,0.00019579365713012588,,,,
1548,0.001,adam,1549,110.01626992225647,0.0001382148566230083,0.0,0.05177181173772605,0.00018998667081976343,,,,
1549,0.001,adam,1550,110.07765817642212,0.0001397130685804192,0.0,0.06381395874701781,0.0002035270303584374,,,,
1550,0.001,adam,1551,110.11423826217651,0.00014204818469581973,0.0,0.06531205610705293,0.00020736024390502887,,,,
1551,0.001,adam,1552,110.17218947410583,0.00013855150319230103,0.0,0.04589362962326734,0.0001844451349953988,,,,
1552,0.001,adam,1553,110.22040367126465,0.0001385399977574688,0.0,0.05575676680452389,0.000194296767210297,,,,
1553,0.001,adam,1554,110.28330969810486,0.00014137679292046984,0.0,0.05568852723792676,0.0001970653228034597,,,,
1554,0.001,adam,1555,110.32309031486511,0.00013912390588000342,0.0,0.06708686396755886,0.00020621077303401735,,,,
1555,0.001,adam,1556,110.36911463737488,0.00013885757222050006,0.0,0.0561297774700632,0.00019498735235658465,,,,
1556,0.001,adam,1557,110.41338872909546,0.0001387887216208667,0.0,0.06115161265429978,0.00019994033717971222,,,,
1557,0.001,adam,1558,110.45779609680176,0.00013705375266787252,0.0,0.06974858650964066,0.00020680234249039327,,,,
1558,0.001,adam,1559,110.51425790786743,0.00013712781143790433,0.0,0.04706819239389024,0.00018419600606741374,,,,
1559,0.001,adam,1560,110.58253216743469,0.00013930273111667225,0.0,0.060798669719267194,0.00020010140372372128,0.0005916237211431273,0.0,0.053221060912473424,0.0006448447845834655
1560,0.001,adam,1561,110.66733837127686,0.00013957453822870548,0.0,0.055486301937987495,0.0001950608428021509,,,,
1561,0.001,adam,1562,110.72080898284912,0.00013712732928921413,0.0,0.061743587866877794,0.000198870920088755,,,,
1562,0.001,adam,1563,110.75904774665833,0.0001375554808932454,0.0,0.04661641368490766,0.0001841718967923139,,,,
1563,0.001,adam,1564,110.81193804740906,0.00013961647272487215,0.0,0.05414329692608958,0.00019375977222263035,,,,
1564,0.001,adam,1565,110.85442161560059,0.0001368441604086603,0.0,0.05033578049906447,0.00018717994329854604,,,,
1565,0.001,adam,1566,110.90230131149292,0.00013653539261295915,0.0,0.06005891684438982,0.00019659431230999446,,,,
1566,0.001,adam,1567,110.9516932964325,0.00013721217025409638,0.0,0.0724025108241555,0.00020961468451718662,,,,
1567,0.001,adam,1568,111.01183700561523,0.00013656548538012024,0.0,0.05209645021536848,0.00018866193806993734,,,,
1568,0.001,adam,1569,111.06875109672546,0.0001367354418152459,0.0,0.06104459758048793,0.00019778004229519664,,,,
1569,0.001,adam,1570,111.13035106658936,0.00013612872422902417,0.0,0.04602490487080618,0.00018215363128589604,,,,
1570,0.001,adam,1571,111.20065355300903,0.00013630197799687177,0.0,0.052455952503827896,0.00018875793299222372,,,,
1571,0.001,adam,1572,111.24511885643005,0.00013533260890340765,0.0,0.05320934356187641,0.00018854195499259227,,,,
1572,0.001,adam,1573,111.28020191192627,0.0001357236703207458,0.0,0.05836368185269634,0.00019408735494556829,,,,
1573,0.001,adam,1574,111.33123445510864,0.00013670076012386095,0.0,0.06430536824980307,0.00020100613142800514,,,,
1574,0.001,adam,1575,111.39628958702087,0.0001365167040664931,0.0,0.051835221413815843,0.00018835192794234984,,,,
1575,0.001,adam,1576,111.45546841621399,0.00013566541539820223,0.0,0.051947762093644066,0.0001876131799592326,,,,
1576,0.001,adam,1577,111.52384781837463,0.00013536901182533274,0.0,0.05642628270930561,0.00019179529721474297,,,,
1577,0.001,adam,1578,111.56763768196106,0.00013478021803319033,0.0,0.05499270388750904,0.00018977292453271265,,,,
1578,0.001,adam,1579,111.62633919715881,0.00013423766864235264,0.0,0.05264450068330943,0.00018688217182614167,,,,
1579,0.001,adam,1580,111.67248034477234,0.00013430081352687977,0.0,0.05454162183878512,0.0001888424379562529,0.0005900022014786984,0.0,0.052288186926832646,0.0006422903908890866
1580,0.001,adam,1581,111.73649525642395,0.00013451247668762006,0.0,0.0532504346050625,0.0001877629138219425,,,,
1581,0.001,adam,1582,111.77490639686584,0.00013432610445680818,0.0,0.04783891003659409,0.00018216501676562857,,,,
1582,0.001,adam,1583,111.83995962142944,0.00013440488918262764,0.0,0.05106538834930532,0.00018547027995740876,,,,
1583,0.001,adam,1584,111.89432454109192,0.00013433205805402402,0.0,0.07197327257032719,0.0002063053340428982,,,,
1584,0.001,adam,1585,111.93838262557983,0.00013366571496610668,0.0,0.06124306582879822,0.00019490878370379444,,,,
1585,0.001,adam,1586,111.97936296463013,0.0001340960275311426,0.0,0.05436480391400815,0.00018846083402734038,,,,
1586,0.001,adam,1587,112.03549695014954,0.00013449807494807505,0.0,0.046467770571810126,0.00018096584772698583,,,,
1587,0.001,adam,1588,112.102534532547,0.0001335161398564659,0.0,0.05897132554063913,0.00019248746819809268,,,,
1588,0.001,adam,1589,112.16076636314392,0.0001333665685495383,0.0,0.05490963621664885,0.00018827620737425495,,,,
1589,0.001,adam,1590,112.23137331008911,0.0001344451373178531,0.0,0.04956246929622003,0.0001840076089681641,,,,
1590,0.001,adam,1591,112.271240234375,0.00013358095228553814,0.0,0.057254789782151615,0.00019083574478714633,,,,
1591,0.001,adam,1592,112.34032535552979,0.00013331016066476687,0.0,0.0756887946212169,0.00020899895888100862,,,,
1592,0.001,adam,1593,112.39253902435303,0.00013484047458880077,0.0,0.05420729138794424,0.00018904776855145319,,,,
1593,0.001,adam,1594,112.44829082489014,0.00013402662314375706,0.0,0.0483603884612123,0.00018238701390196457,,,,
1594,0.001,adam,1595,112.50803709030151,0.00013256585364026244,0.0,0.0537521253561043,0.0001863179815494557,,,,
1595,0.001,adam,1596,112.56945180892944,0.00013324252601744116,0.0,0.06077866974461853,0.0001940211986488916,,,,
1596,0.001,adam,1597,112.61685228347778,0.00013374716027077094,0.0,0.05319805331531415,0.00018694521611285704,,,,
1597,0.001,adam,1598,112.65968465805054,0.00013319893311663415,0.0,0.05471702756152462,0.00018791596327707812,,,,
1598,0.001,adam,1599,112.71263551712036,0.0001321464426902742,0.0,0.05886234592712299,0.0001910087914132086,,,,
1599,0.001,adam,1600,112.78240656852722,0.00013275554535033667,0.0,0.0658292699168963,0.00019858481839395552,0.0005819903542804784,0.0,0.05141141137469175,0.0006334017680970812
1600,0.001,adam,1601,112.87418675422668,0.00013334559678731395,0.0,0.04303826895713943,0.00017638386778866147,,,,
1601,0.001,adam,1602,112.93720555305481,0.00013219365382006828,0.0,0.049520351186512504,0.00018171400735867126,,,,
1602,0.001,adam,1603,112.99344611167908,0.00013327489601020075,0.0,0.06669661897771577,0.00019997151815583593,,,,
1603,0.001,adam,1604,113.03969025611877,0.00013288579804506673,0.0,0.04958569766358413,0.00018247149806384513,,,,
1604,0.001,adam,1605,113.08281207084656,0.00013249316757416268,0.0,0.05638909987547437,0.00018888227012797557,,,,
1605,0.001,adam,1606,113.15528106689453,0.00013210154414903478,0.0,0.055207890809666614,0.0001873094375809355,,,,
1606,0.001,adam,1607,113.21435689926147,0.00013255014439334623,0.0,0.06281734414188789,0.00019536749151889785,,,,
1607,0.001,adam,1608,113.2925591468811,0.00013314810773880524,0.0,0.059483899466014824,0.0001926320100301537,,,,
1608,0.001,adam,1609,113.35228848457336,0.00013188829978212518,0.0,0.05516153676958211,0.0001870498391717397,,,,
1609,0.001,adam,1610,113.4100444316864,0.00013241084385338717,0.0,0.04800085399826863,0.00018041170013157403,,,,
1610,0.001,adam,1611,113.47662997245789,0.0001327178157525876,0.0,0.055313357433240264,0.00018803117581307137,,,,
1611,0.001,adam,1612,113.54242515563965,0.00013192425785163678,0.0,0.045503134452121716,0.0001774273944650414,,,,
1612,0.001,adam,1613,113.61777901649475,0.00013068814607501865,0.0,0.053224214515098775,0.00018391236311813197,,,,
1613,0.001,adam,1614,113.68362474441528,0.00013110773572744527,0.0,0.04967449502399777,0.00018078223311085494,,,,
1614,0.001,adam,1615,113.73523592948914,0.00013062485805630762,0.0,0.05726487748739241,0.00018788973826363577,,,,
1615,0.001,adam,1616,113.79346680641174,0.00013088204078090597,0.0,0.048340248147989436,0.000179222291224934,,,,
1616,0.001,adam,1617,113.85041522979736,0.00013206684707000173,0.0,0.05460420274369957,0.00018667105240726176,,,,
1617,0.001,adam,1618,113.9102566242218,0.0001330031830939038,0.0,0.061827361112541904,0.00019483054714308778,,,,
1618,0.001,adam,1619,113.9790301322937,0.00013491128738378445,0.0,0.05606007324627923,0.0001909713632927743,,,,
1619,0.001,adam,1620,114.03071141242981,0.00013701643756390794,0.0,0.056543463616672084,0.00019355990386625042,0.0005846498819576974,0.0,0.051428222392268415,0.0006360781067926754
1620,0.001,adam,1621,114.10689568519592,0.00014230881712673895,0.0,0.051995700814143106,0.00019430452041054532,,,,
1621,0.001,adam,1622,114.15114831924438,0.00014816355713623684,0.0,0.05320333684489701,0.00020136689650815674,,,,
1622,0.001,adam,1623,114.21308875083923,0.00015697448227872598,0.0,0.05985460878674942,0.00021682909390841678,,,,
1623,0.001,adam,1624,114.25057554244995,0.00017326770006140292,0.0,0.050183070401790576,0.00022345077284676145,,,,
1624,0.001,adam,1625,114.30754327774048,0.00020477849123157847,0.0,0.05594754334455665,0.0002607260372335008,,,,
1625,0.001,adam,1626,114.36819458007812,0.00025926573472978245,0.0,0.05247099971499616,0.00031173673693701733,,,,
1626,0.001,adam,1627,114.44123601913452,0.0003518769132385235,0.0,0.055838504391750955,0.0004077154202824611,,,,
1627,0.001,adam,1628,114.50184464454651,0.0005095981631965547,0.0,0.06438141976045138,0.0005739795860149594,,,,
1628,0.001,adam,1629,114.56157493591309,0.0007151066867201045,0.0,0.05185005815572359,0.0007669567473385737,,,,
1629,0.001,adam,1630,114.60365653038025,0.0009374314658901908,0.0,0.05846695462516986,0.0009958984232923919,,,,
1630,0.001,adam,1631,114.65608358383179,0.0009560307281034191,0.0,0.05738110244945982,0.001013411833278335,,,,
1631,0.001,adam,1632,114.70693373680115,0.0007008054269337828,0.0,0.05923677639712831,0.000760042206144507,,,,
1632,0.001,adam,1633,114.76348233222961,0.00028620354337043893,0.0,0.057229944605381756,0.0003434334906940972,,,,
1633,0.001,adam,1634,114.82293200492859,0.0001595926483637852,0.0,0.05003171915046369,0.00020962436989062805,,,,
1634,0.001,adam,1635,114.88785195350647,0.0003620522738303679,0.0,0.051699934748134856,0.0004137522110341179,,,,
1635,0.001,adam,1636,114.94158172607422,0.0004708805779706707,0.0,0.05404410783236278,0.0005249246883699909,,,,
1636,0.001,adam,1637,115.0137140750885,0.00030356433809743013,0.0,0.06211979663350211,0.00036568413768146423,,,,
1637,0.001,adam,1638,115.06581950187683,0.0001516595312143829,0.0,0.0543424481857811,0.00020600198198129178,,,,
1638,0.001,adam,1639,115.1242094039917,0.0002478044271054531,0.0,0.05536007750925116,0.0003031645072441669,,,,
1639,0.001,adam,1640,115.19567155838013,0.00033009899076840864,0.0,0.06984163292050685,0.00039994062700621506,0.0006525884967681015,0.0,0.05493448160657931,0.0007075229809839287
1640,0.001,adam,1641,115.2464828491211,0.000223150072588097,0.0,0.05411313696373367,0.00027726321212206674,,,,
1641,0.001,adam,1642,115.28978228569031,0.00016430071939265873,0.0,0.06316933984880327,0.00022747006224184464,,,,
1642,0.001,adam,1643,115.34384536743164,0.0002261740488324882,0.0,0.06360003679374125,0.0002897740886470691,,,,
1643,0.001,adam,1644,115.378164768219,0.00022639171562642872,0.0,0.07669961781817705,0.0003030913370876421,,,,
1644,0.001,adam,1645,115.43485474586487,0.00017272051853621932,0.0,0.056826802838792115,0.00022954732407413973,,,,
1645,0.001,adam,1646,115.48849177360535,0.00017383892350513128,0.0,0.05698112697069894,0.0002308200531822885,,,,
1646,0.001,adam,1647,115.55037450790405,0.00019485121552042015,0.0,0.05420084089398926,0.0002490520589888112,,,,
1647,0.001,adam,1648,115.61563467979431,0.000182662407449866,0.0,0.04974450501657229,0.0002324069148291755,,,,
1648,0.001,adam,1649,115.65647768974304,0.00016576563466120768,0.0,0.06041855172126957,0.00022618418925220447,,,,
1649,0.001,adam,1650,115.70572090148926,0.00016489426177519262,0.0,0.05264744799189562,0.00021754171226770784,,,,
1650,0.001,adam,1651,115.7581114768982,0.00016721587459071904,0.0,0.16234488095464789,0.000329560763256335,,,,
1651,0.001,adam,1652,115.80086612701416,0.00016182911325140624,0.0,0.06206739488877235,0.00022389651108822167,,,,
1652,0.001,adam,1653,115.84253859519958,0.0001549161256817893,0.0,0.040439862133885285,0.00019535598973646496,,,,
1653,0.001,adam,1654,115.89277768135071,0.00014972709775818121,0.0,0.05900740233085251,0.00020873450289173495,,,,
1654,0.001,adam,1655,115.94987392425537,0.00015508528077281823,0.0,0.055158808743543196,0.00021024409213626425,,,,
1655,0.001,adam,1656,116.00817656517029,0.00015780864094272005,0.0,0.0649594870306351,0.00022276813105876522,,,,
1656,0.001,adam,1657,116.07189774513245,0.0001434902451885464,0.0,0.06975717804708778,0.00021324742654892236,,,,
1657,0.001,adam,1658,116.13553881645203,0.0001418122852343743,0.0,0.05901628305657031,0.00020082857109406763,,,,
1658,0.001,adam,1659,116.17835640907288,0.00014763713573560534,0.0,0.04581951019600696,0.00019345664810792226,,,,
1659,0.001,adam,1660,116.22056031227112,0.0001387612990523278,0.0,0.053009688428580205,0.0001917709899987331,0.0005888000689160274,0.0,0.0515427112971699,0.0006403427826613447
1660,0.001,adam,1661,116.30716013908386,0.0001354894649505379,0.0,0.04509666301986119,0.00018058613011237565,,,,
1661,0.001,adam,1662,116.37967991828918,0.00014353508979685965,0.0,0.05509969826365739,0.00019863479067761227,,,,
1662,0.001,adam,1663,116.44481420516968,0.00013860912386641275,0.0,0.06781928335457542,0.0002064284104422313,,,,
1663,0.001,adam,1664,116.50762152671814,0.00013208449619785657,0.0,0.05148595145224342,0.00018357045009555147,,,,
1664,0.001,adam,1665,116.54816579818726,0.00013454835672505226,0.0,0.0510170271424996,0.00018556538629073063,,,,
1665,0.001,adam,1666,116.58497905731201,0.00013556675186957032,0.0,0.060178324708188256,0.00019574507943607563,,,,
1666,0.001,adam,1667,116.6357741355896,0.0001302608935638807,0.0,0.05368836633491153,0.00018394926244885278,,,,
1667,0.001,adam,1668,116.69249224662781,0.00013136399718443857,0.0,0.059706965629362355,0.0001910709656497296,,,,
1668,0.001,adam,1669,116.74183297157288,0.00013567380627286054,0.0,0.05975182540112366,0.00019542563451204362,,,,
1669,0.001,adam,1670,116.8109564781189,0.00013186619678319885,0.0,0.058725076413072994,0.0001905912759855633,,,,
1670,0.001,adam,1671,116.8538007736206,0.0001300219331736609,0.0,0.057712723018246315,0.00018773465893311445,,,,
1671,0.001,adam,1672,116.89492106437683,0.00013276474701569518,0.0,0.05971242845828813,0.00019247717831017146,,,,
1672,0.001,adam,1673,116.93760848045349,0.00013067942095560468,0.0,0.05632732271862044,0.0001870067463496294,,,,
1673,0.001,adam,1674,117.0016279220581,0.00012758561353865867,0.0,0.06092076285672314,0.00018850637928896277,,,,
1674,0.001,adam,1675,117.06963682174683,0.00012837874963837404,0.0,0.05910654600981495,0.00018748529845559928,,,,
1675,0.001,adam,1676,117.1525228023529,0.00012911440999152055,0.0,0.05247255756434838,0.00018158697004818167,,,,
1676,0.001,adam,1677,117.21617388725281,0.00012895767378209898,0.0,0.06287002142215299,0.00019182769819041774,,,,
1677,0.001,adam,1678,117.26645612716675,0.0001293012481735004,0.0,0.05325754944763914,0.0001825588001507374,,,,
1678,0.001,adam,1679,117.32230281829834,0.00012998570367459247,0.0,0.054761764295958824,0.00018474747057159552,,,,
1679,0.001,adam,1680,117.38291716575623,0.00012907647225596764,0.0,0.0527872900937574,0.0001818637648569868,0.0005842623892663995,0.0,0.050741525426288694,0.0006350039171027813
1680,0.001,adam,1681,117.45503425598145,0.00012729550607914447,0.0,0.046339822854737964,0.0001736353311349059,,,,
1681,0.001,adam,1682,117.49949812889099,0.0001272649634427768,0.0,0.061284384541667514,0.00018854935089529637,,,,
1682,0.001,adam,1683,117.54257440567017,0.00012725828155184843,0.0,0.049383621439089795,0.00017664190533653437,,,,
1683,0.001,adam,1684,117.61063814163208,0.00012776538384149852,0.0,0.04986921019990398,0.00017763459641006288,,,,
1684,0.001,adam,1685,117.66126728057861,0.00012818776429345552,0.0,0.04821217144700309,0.00017639993803041389,,,,
1685,0.001,adam,1686,117.71789193153381,0.00012854557128472575,0.0,0.05110273116560784,0.00017964830487758308,,,,
1686,0.001,adam,1687,117.7676613330841,0.00012825275647983603,0.0,0.05739211662377382,0.0001856448758295891,,,,
1687,0.001,adam,1688,117.82740259170532,0.00012734541411119218,0.0,0.059334345694781354,0.00018667976262420373,,,,
1688,0.001,adam,1689,117.88356685638428,0.00012717857170379458,0.0,0.05519795349671297,0.00018237652782226966,,,,
1689,0.001,adam,1690,117.9358160495758,0.00012646102908564743,0.0,0.06316861973769619,0.00018962965182369205,,,,
1690,0.001,adam,1691,117.99126505851746,0.0001264232298730506,0.0,0.05529659271540995,0.00018171982521490777,,,,
1691,0.001,adam,1692,118.05054640769958,0.00012705008875697,0.0,0.04964815491560944,0.00017669824603074028,,,,
1692,0.001,adam,1693,118.10752749443054,0.0001279817129429829,0.0,0.05106017356602908,0.00017904188893424008,,,,
1693,0.001,adam,1694,118.18978238105774,0.0001277505003971486,0.0,0.04892478929288566,0.00017667529201383705,,,,
1694,0.001,adam,1695,118.2440276145935,0.00012696324823365036,0.0,0.045140405905141165,0.00017210365628284575,,,,
1695,0.001,adam,1696,118.29842019081116,0.0001272503419006327,0.0,0.05697143418308999,0.0001842217787897206,,,,
1696,0.001,adam,1697,118.35022282600403,0.00012746956944408312,0.0,0.06312537100476472,0.00019059494344714206,,,,
1697,0.001,adam,1698,118.41228032112122,0.00012657453545214387,0.0,0.0491783724707821,0.00017575291025877333,,,,
1698,0.001,adam,1699,118.47847986221313,0.00012703856412441943,0.0,0.04385694354918129,0.00017089550975669376,,,,
1699,0.001,adam,1700,118.52951836585999,0.0001266521354620435,0.0,0.04255172889378007,0.00016920386637692226,0.0005735855070809603,0.0,0.049065428645397174,0.0006226509380568403
1700,0.001,adam,1701,118.61023426055908,0.00012659194479970666,0.0,0.04737047638787336,0.0001739624234375569,,,,
1701,0.001,adam,1702,118.66539144515991,0.00012579646693631761,0.0,0.050285048454381934,0.0001760815177791112,,,,
1702,0.001,adam,1703,118.73248982429504,0.00012615378058454207,0.0,0.051563205600617244,0.00017771698863428014,,,,
1703,0.001,adam,1704,118.78049993515015,0.00012575057593189207,0.0,0.04452789093776863,0.00017027846898462202,,,,
1704,0.001,adam,1705,118.829598903656,0.00012553570709759318,0.0,0.04617570008661188,0.0001717114093774331,,,,
1705,0.001,adam,1706,118.87749028205872,0.00012521667865396746,0.0,0.05009615538584319,0.00017531283641925035,,,,
1706,0.001,adam,1707,118.93782997131348,0.0001259304585822646,0.0,0.04341143246026054,0.0001693418931044575,,,,
1707,0.001,adam,1708,118.9994854927063,0.0001253325245380717,0.0,0.0658186793276321,0.0001911512069919233,,,,
1708,0.001,adam,1709,119.05480170249939,0.00012598537169080268,0.0,0.04376412465180642,0.00016974949842129349,,,,
1709,0.001,adam,1710,119.10268545150757,0.00012615324478938735,0.0,0.05313096091208748,0.00017928420822506006,,,,
1710,0.001,adam,1711,119.1476321220398,0.00012675446372689093,0.0,0.05275392733704062,0.00017950839356960864,,,,
1711,0.001,adam,1712,119.19639253616333,0.00012722364036995995,0.0,0.05313892050826323,0.00018036256340218647,,,,
1712,0.001,adam,1713,119.26036286354065,0.00013011623609289542,0.0,0.049664222605862916,0.00017978046105768234,,,,
1713,0.001,adam,1714,119.31504416465759,0.0001330676255926488,0.0,0.04253034092073815,0.00017559796853346973,,,,
1714,0.001,adam,1715,119.3707823753357,0.00013686198468108274,0.0,0.04412685516266044,0.00018098884193965632,,,,
1715,0.001,adam,1716,119.41919422149658,0.0001410942389825044,0.0,0.04788729883908326,0.0001889815400961123,,,,
1716,0.001,adam,1717,119.47303938865662,0.00015039127790922167,0.0,0.06646177088970097,0.00021685305195568734,,,,
1717,0.001,adam,1718,119.51241946220398,0.00016254521611577775,0.0,0.04978175809402106,0.00021232697657430543,,,,
1718,0.001,adam,1719,119.56609630584717,0.00018544590241696687,0.0,0.04643356106403636,0.00023187946568647904,,,,
1719,0.001,adam,1720,119.62654185295105,0.00022636062635210562,0.0,0.0528036320473832,0.00027916426090752674,0.0006883403179746212,0.0,0.04884027920946003,0.00073718059950387
1720,0.001,adam,1721,119.7102837562561,0.0002856280074051669,0.0,0.04976347789952107,0.00033539148766832634,,,,
1721,0.001,adam,1722,119.75819206237793,0.00038440226110249065,0.0,0.04307438148104044,0.0004274766446294544,,,,
1722,0.001,adam,1723,119.79731321334839,0.0004669548643343939,0.0,0.06258594689377586,0.0005295408142008427,,,,
1723,0.001,adam,1724,119.8548936843872,0.0005764455734176113,0.0,0.07075090322487791,0.0006471964800029769,,,,
1724,0.001,adam,1725,119.90272283554077,0.0005488315809278216,0.0,0.05243059137089977,0.0006012621747890409,,,,
1725,0.001,adam,1726,119.962087392807,0.00047447609668584346,0.0,0.04505374622302057,0.0005195298450488021,,,,
1726,0.001,adam,1727,120.01722693443298,0.00026791447127723426,0.0,0.06047897781798024,0.0003283934519678118,,,,
1727,0.001,adam,1728,120.08079195022583,0.00014050735814377343,0.0,0.04670886255829093,0.0001872162229206163,,,,
1728,0.001,adam,1729,120.13841462135315,0.00015138826299917958,0.0,0.04394925594355834,0.00019533752103021557,,,,
1729,0.001,adam,1730,120.20248651504517,0.0002526029984327887,0.0,0.0538116790547455,0.0003064146800434518,,,,
1730,0.001,adam,1731,120.24126648902893,0.00034474274966281093,0.0,0.06901845487682884,0.0004137612078178405,,,,
1731,0.001,adam,1732,120.2915210723877,0.0003080446488847842,0.0,0.04338796319470362,0.0003514326141403055,,,,
1732,0.001,adam,1733,120.34413361549377,0.00020482493935628413,0.0,0.04844707028245461,0.0002532720119398511,,,,
1733,0.001,adam,1734,120.40830731391907,0.00012736371890994497,0.0,0.04983840861134988,0.00017720212988849224,,,,
1734,0.001,adam,1735,120.45645046234131,0.0001609108443076536,0.0,0.04792591022779504,0.00020883675681180724,,,,
1735,0.001,adam,1736,120.51057529449463,0.00023572809246209898,0.0,0.05090866045799618,0.0002866367553381268,,,,
1736,0.001,adam,1737,120.56201601028442,0.00023345000548850647,0.0,0.06125395028823556,0.00029470395868614853,,,,
1737,0.001,adam,1738,120.61635756492615,0.0001706650575860486,0.0,0.05284961924095175,0.00022351467933722259,,,,
1738,0.001,adam,1739,120.66055154800415,0.0001272627579760413,0.0,0.05353692903027106,0.00018079968954918006,,,,
1739,0.001,adam,1740,120.72297215461731,0.00015426311806887924,0.0,0.06470950984071278,0.00021897263098312881,0.0006690695664999074,0.0,0.05229118850831867,0.0007213607574919243
1740,0.001,adam,1741,120.80752038955688,0.00019849955054801084,0.0,0.05221645519507567,0.00025071600822323503,,,,
1741,0.001,adam,1742,120.86065578460693,0.00018789497848434932,0.0,0.06349516766662608,0.00025139014916683404,,,,
1742,0.001,adam,1743,120.91170024871826,0.00014222623756088358,0.0,0.05743762332737466,0.00019966386361639895,,,,
1743,0.001,adam,1744,120.97177505493164,0.00012639867671431694,0.0,0.06412469386327682,0.0001905233736233533,,,,
1744,0.001,adam,1745,121.03789210319519,0.0001551784678926425,0.0,0.056449141136068096,0.00021162761170990093,,,,
1745,0.001,adam,1746,121.08779764175415,0.00017193992979374354,0.0,0.05590289872635199,0.00022784283117534076,,,,
1746,0.001,adam,1747,121.13909935951233,0.00015524545936509336,0.0,0.053088501784389674,0.00020833396367105157,,,,
1747,0.001,adam,1748,121.21525859832764,0.00013011328416706746,0.0,0.04585842833595989,0.0001759717146811858,,,,
1748,0.001,adam,1749,121.26310586929321,0.00012823237505418935,0.0,0.06067595867777211,0.00018890833661391486,,,,
1749,0.001,adam,1750,121.33287501335144,0.00014599400448612508,0.0,0.05834516679205126,0.00020433917404942306,,,,
1750,0.001,adam,1751,121.38905382156372,0.0001496988000893674,0.0,0.04645994836327412,0.00019615875065937064,,,,
1751,0.001,adam,1752,121.43541121482849,0.00013589991595975255,0.0,0.044374664302635786,0.00018027458237007178,,,,
1752,0.001,adam,1753,121.48849654197693,0.00012288508954757334,0.0,0.04405829907421187,0.00016694339071444213,,,,
1753,0.001,adam,1754,121.5593490600586,0.00013135557320805558,0.0,0.04850966921473432,0.00017986524472687556,,,,
1754,0.001,adam,1755,121.60989141464233,0.00014208584379883543,0.0,0.04614917671422375,0.00018823502270502745,,,,
1755,0.001,adam,1756,121.6819396018982,0.00013836820515847442,0.0,0.05313670024192156,0.00019150490792425382,,,,
1756,0.001,adam,1757,121.75162959098816,0.00012641336811111095,0.0,0.041978513516181835,0.0001683918836211652,,,,
1757,0.001,adam,1758,121.82338881492615,0.0001232028010315602,0.0,0.050220470122566696,0.0001734232735394712,,,,
1758,0.001,adam,1759,121.88057279586792,0.00012957862765007984,0.0,0.046794632431323716,0.00017637326230402934,,,,
1759,0.001,adam,1760,121.93786215782166,0.0001322287889584578,0.0,0.051033068940726935,0.00018326186032312545,0.0005840772144117401,0.0,0.04840635259492678,0.0006324835693058453
1760,0.001,adam,1761,122.0102608203888,0.00012930891606842908,0.0,0.053914694649962236,0.0001832236132792019,,,,
1761,0.001,adam,1762,122.08668828010559,0.00012523438424743026,0.0,0.05340206563655788,0.00017863645242045015,,,,
1762,0.001,adam,1763,122.15087676048279,0.00012317482579228466,0.0,0.04856760628767741,0.0001717424343867996,,,,
1763,0.001,adam,1764,122.21290063858032,0.00012495466034055845,0.0,0.050526549707873236,0.00017548121244831402,,,,
1764,0.001,adam,1765,122.2695255279541,0.00012824060274717984,0.0,0.05969651132685726,0.00018793711690946925,,,,
1765,0.001,adam,1766,122.32848119735718,0.00012588598198829193,0.0,0.0640102238007211,0.00018989620882933552,,,,
1766,0.001,adam,1767,122.39853096008301,0.00012152905387144228,0.0,0.05777345148613124,0.00017930250810166523,,,,
1767,0.001,adam,1768,122.44411969184875,0.00012178221287289692,0.0,0.05151003581093812,0.00017329225113043044,,,,
1768,0.001,adam,1769,122.47939682006836,0.0001234962331867806,0.0,0.0582663621896519,0.0001817625981439362,,,,
1769,0.001,adam,1770,122.54559254646301,0.00012617536119394432,0.0,0.053783083062795244,0.00017995844681129892,,,,
1770,0.001,adam,1771,122.61075162887573,0.00012445239673888233,0.0,0.05055452442538211,0.0001750069235654755,,,,
1771,0.001,adam,1772,122.6743233203888,0.00012106978480672765,0.0,0.03890438286720589,0.00015997416952179258,,,,
1772,0.001,adam,1773,122.7429141998291,0.00011972033697924344,0.0,0.06891814254993037,0.00018863848280260994,,,,
1773,0.001,adam,1774,122.78392100334167,0.00012108599514158323,0.0,0.0566749690509862,0.000177760966884486,,,,
1774,0.001,adam,1775,122.83708667755127,0.0001238607228448261,0.0,0.04907850577620587,0.0001729392309521359,,,,
1775,0.001,adam,1776,122.91165685653687,0.0001235277231825828,0.0,0.05065867093738037,0.00017418639652612094,,,,
1776,0.001,adam,1777,122.96913266181946,0.00012251098380550624,0.0,0.05477823213127685,0.00017728921853860948,,,,
1777,0.001,adam,1778,123.02861070632935,0.000120387572790131,0.0,0.050220129989727635,0.0001706077051651868,,,,
1778,0.001,adam,1779,123.07202243804932,0.00011963968513049114,0.0,0.043317679207734924,0.00016295736639570542,,,,
1779,0.001,adam,1780,123.11203718185425,0.00011992221330057345,0.0,0.049957184671332575,0.00016987940034474496,0.0005698230153536664,0.0,0.048356616002072215,0.0006181796336525546
1780,0.001,adam,1781,123.20030307769775,0.00011978373615381464,0.0,0.043829157296435384,0.00016361289553202328,,,,
1781,0.001,adam,1782,123.25920748710632,0.00012024076029969577,0.0,0.04524214197729283,0.00016548290442587504,,,,
1782,0.001,adam,1783,123.30960512161255,0.00011954709460019912,0.0,0.04816379896364729,0.0001677108958515041,,,,
1783,0.001,adam,1784,123.37107181549072,0.00011949215834968067,0.0,0.05590667708314512,0.00017539883808825047,,,,
1784,0.001,adam,1785,123.44792819023132,0.00011942463554158827,0.0,0.04851106389175246,0.00016793570173749263,,,,
1785,0.001,adam,1786,123.50984454154968,0.00011903772416754001,0.0,0.04523939174318993,0.00016427711805948574,,,,
1786,0.001,adam,1787,123.56565737724304,0.00012015186665974058,0.0,0.04912548338826124,0.00016927735238133707,,,,
1787,0.001,adam,1788,123.62958574295044,0.00011947723500885493,0.0,0.05373181115557444,0.00017320904871655346,,,,
1788,0.001,adam,1789,123.68483114242554,0.00011926651060621973,0.0,0.06178515717354384,0.00018105167071440106,,,,
1789,0.001,adam,1790,123.75457119941711,0.00011865511428371688,0.0,0.056998066659733004,0.00017565318365071278,,,,
1790,0.001,adam,1791,123.79696130752563,0.0001189176962830597,0.0,0.05826402162150901,0.00017718172067196123,,,,
1791,0.001,adam,1792,123.83707523345947,0.00011881575811878907,0.0,0.05372763338878116,0.00017254339405949588,,,,
1792,0.001,adam,1793,123.8898823261261,0.0001190055710981588,0.0,0.0594536845617622,0.00017845925848381948,,,,
1793,0.001,adam,1794,123.95119786262512,0.00011949389928280385,0.0,0.05312559932058873,0.00017261950112672315,,,,
1794,0.001,adam,1795,124.00780534744263,0.00011898742482492493,0.0,0.04975581319393614,0.00016874324038213537,,,,
1795,0.001,adam,1796,124.05244874954224,0.00011922769435911136,0.0,0.0554422628116598,0.00017466995980413734,,,,
1796,0.001,adam,1797,124.12008762359619,0.00011816195940065484,0.0,0.06215880547143295,0.00018032076782447263,,,,
1797,0.001,adam,1798,124.17742824554443,0.0001193483957869609,0.0,0.05253139333854222,0.00017187979162061042,,,,
1798,0.001,adam,1799,124.23654580116272,0.00011893054296119943,0.0,0.051653359400770024,0.00017058390481537237,,,,
1799,0.001,adam,1800,124.29498314857483,0.00011807216197670228,0.0,0.04930761691091515,0.00016737978122960358,0.0005567007169104796,0.0,0.04668405954872343,0.0006033847786765769
1800,0.001,adam,1801,124.39791464805603,0.00011840198937169855,0.0,0.4077270407257981,0.0005261290494634919,,,,
1801,0.001,adam,1802,124.45405292510986,0.00011765468642364492,0.0,0.04490706635333206,0.00016256175490994817,,,,
1802,0.001,adam,1803,124.50279140472412,0.0001177179328525349,0.0,0.04940787173271517,0.00016712580693199806,,,,
1803,0.001,adam,1804,124.5564341545105,0.00011841826788272085,0.0,0.06320896934924916,0.00018162724023423497,,,,
1804,0.001,adam,1805,124.61957931518555,0.00011838055866164212,0.0,0.04724153872593798,0.0001656220996314328,,,,
1805,0.001,adam,1806,124.66554427146912,0.00011719224570483293,0.0,0.05009812211910168,0.0001672903702034677,,,,
1806,0.001,adam,1807,124.71051025390625,0.0001180423314532088,0.0,0.05661333346274879,0.00017465566760494665,,,,
1807,0.001,adam,1808,124.76365447044373,0.00012015251534516803,0.0,0.04189734899811167,0.00016204986633329698,,,,
1808,0.001,adam,1809,124.84160113334656,0.00011881486233411955,0.0,0.0537320855484358,0.00017254695043469247,,,,
1809,0.001,adam,1810,124.90184569358826,0.0001186297508979166,0.0,0.04199636753639725,0.0001606261204290343,,,,
1810,0.001,adam,1811,124.9638934135437,0.00011837264173156616,0.0,0.05542445902508068,0.0001737971033891674,,,,
1811,0.001,adam,1812,125.00243139266968,0.00011805191600915129,0.0,0.04917006256263916,0.0001672219809072431,,,,
1812,0.001,adam,1813,125.04761147499084,0.0001166106836742265,0.0,0.04657219933081946,0.00016318288521710673,,,,
1813,0.001,adam,1814,125.10750675201416,0.0001165254720366371,0.0,0.049352465361742114,0.00016587793974249553,,,,
1814,0.001,adam,1815,125.16609597206116,0.00011702571600641116,0.0,0.05301575225083134,0.0001700414707753556,,,,
1815,0.001,adam,1816,125.22336792945862,0.0001180024743784013,0.0,0.05416218376799864,0.00017216466071896564,,,,
1816,0.001,adam,1817,125.2846884727478,0.0001172003167990584,0.0,0.04872951505098595,0.00016592983416457212,,,,
1817,0.001,adam,1818,125.34426426887512,0.00011618475785088491,0.0,0.04879231109611346,0.0001649770712645088,,,,
1818,0.001,adam,1819,125.40094947814941,0.00011683509864875726,0.0,0.05603094179891975,0.00017286604310900392,,,,
1819,0.001,adam,1820,125.4476547241211,0.00011711118415322877,0.0,0.04398236518738037,0.00016109355142965938,0.000556455097298011,0.0,0.04627158790457898,0.0006027266874003725
1820,0.001,adam,1821,125.54011225700378,0.0001161504139184485,0.0,0.05340666813667835,0.00016955708459180747,,,,
1821,0.001,adam,1822,125.58911299705505,0.00011550379656333125,0.0,0.04677489616630899,0.0001622786949513286,,,,
1822,0.001,adam,1823,125.63426232337952,0.00011587125601732091,0.0,0.044334105533634226,0.00016020536365671215,,,,
1823,0.001,adam,1824,125.68897700309753,0.00011644614061965923,0.0,0.05064058096072007,0.00016708672398567782,,,,
1824,0.001,adam,1825,125.73564124107361,0.00011580295097195715,0.0,0.051897785450903774,0.00016770073888787345,,,,
1825,0.001,adam,1826,125.78222751617432,0.00011617394856960992,0.0,0.05413591915355028,0.00017030987029447838,,,,
1826,0.001,adam,1827,125.84259152412415,0.00011807674116624769,0.0,0.05619852317579734,0.00017427526701133166,,,,
1827,0.001,adam,1828,125.89740514755249,0.00011793988801930406,0.0,0.050043267352131014,0.00016798315774836273,,,,
1828,0.001,adam,1829,125.94908690452576,0.0001162636117535889,0.0,0.05125954022394517,0.00016752315441223158,,,,
1829,0.001,adam,1830,126.00102424621582,0.00011693499334226878,0.0,0.07277158209505888,0.00018970657889379232,,,,
1830,0.001,adam,1831,126.0556960105896,0.00011611286298390844,0.0,0.05398380673149121,0.00017009667227949288,,,,
1831,0.001,adam,1832,126.09482884407043,0.00011586360480975124,0.0,0.058201598918603104,0.00017406520649278196,,,,
1832,0.001,adam,1833,126.15084767341614,0.00011606128491033876,0.0,0.05023425375404546,0.00016629554105038324,,,,
1833,0.001,adam,1834,126.21804118156433,0.00011485001883645007,0.0,0.049446366475881985,0.00016429638766090845,,,,
1834,0.001,adam,1835,126.27298665046692,0.00011424640376182728,0.0,0.03971164042676337,0.00015395804607479236,,,,
1835,0.001,adam,1836,126.324627161026,0.00011428976091658883,0.0,0.045905089271662466,0.00016019485236862604,,,,
1836,0.001,adam,1837,126.37923240661621,0.00011451631183493485,0.0,0.08103816130564505,0.00019555447698968602,,,,
1837,0.001,adam,1838,126.43627953529358,0.00011443752777488327,0.0,0.05255822347786361,0.00016699575374912854,,,,
1838,0.001,adam,1839,126.48994588851929,0.00011468498346347978,0.0,0.04899997123340757,0.0001636849570242611,,,,
1839,0.001,adam,1840,126.53160452842712,0.00011472470912265103,0.0,0.046227368053440535,0.00016095207937177373,0.0005573931311898173,0.0,0.04513415755331881,0.0006025272908868935
1840,0.001,adam,1841,126.61275291442871,0.00011464445744765262,0.0,0.047049084390940014,0.00016169354407330423,,,,
1841,0.001,adam,1842,126.65660095214844,0.0001140056956226442,0.0,0.04706115795609289,0.00016106685581402215,,,,
1842,0.001,adam,1843,126.69472241401672,0.00011386460384969954,0.0,0.041170334062644844,0.0001550349398678303,,,,
1843,0.001,adam,1844,126.7460367679596,0.00011413230472893307,0.0,0.05291696591302043,0.00016704927315537452,,,,
1844,0.001,adam,1845,126.79824185371399,0.00011405372276552332,0.0,0.06990148843087818,0.00018395521451654404,,,,
1845,0.001,adam,1846,126.8569655418396,0.00011518105584220477,0.0,0.04649964816344291,0.00016168070621426245,,,,
1846,0.001,adam,1847,126.90698432922363,0.00011512713831442114,0.0,0.41155394236785553,0.00052668110023004,,,,
1847,0.001,adam,1848,126.95902991294861,0.00011519284180612306,0.0,0.041465961096833745,0.00015665880487248428,,,,
1848,0.001,adam,1849,127.01949977874756,0.00011464611763708302,0.0,0.060984139237115584,0.00017563025977078978,,,,
1849,0.001,adam,1850,127.08133578300476,0.00011583795321769154,0.0,0.051419758199844234,0.00016725771385984323,,,,
1850,0.001,adam,1851,127.14440369606018,0.00011742803428916351,0.0,0.05562124748892057,0.00017304928441995158,,,,
1851,0.001,adam,1852,127.20267295837402,0.00012173115865995756,0.0,0.054863482466248906,0.00017659464373208204,,,,
1852,0.001,adam,1853,127.26150512695312,0.00012621484109038366,0.0,0.042297904303034026,0.00016851274740246034,,,,
1853,0.001,adam,1854,127.30884385108948,0.00013277807471207822,0.0,0.05530625487067984,0.00018808433220966422,,,,
1854,0.001,adam,1855,127.38788866996765,0.00014067756308437377,0.0,0.05207762999796563,0.0001927551955558941,,,,
1855,0.001,adam,1856,127.44871282577515,0.00015492846460432878,0.0,0.03857467633806868,0.00019350314277459627,,,,
1856,0.001,adam,1857,127.5000593662262,0.00017326148138167583,0.0,0.04844479384753751,0.0002217062775302176,,,,
1857,0.001,adam,1858,127.54638886451721,0.00019830451001571277,0.0,0.04612498356358653,0.0002444294957701185,,,,
1858,0.001,adam,1859,127.59087681770325,0.00023640718270218574,0.0,0.04261448365364656,0.00027902166837991165,,,,
1859,0.001,adam,1860,127.63232231140137,0.00026885495377338857,0.0,0.059115682923937575,0.0003279706395051704,0.0007842783612043609,0.0,0.05019987963112983,0.0008344782432198571
1860,0.001,adam,1861,127.73825359344482,0.0003122267132670816,0.0,0.06279255467611214,0.00037501927092568004,,,,
1861,0.001,adam,1862,127.78304100036621,0.0003269554029477765,0.0,0.05516547819119376,0.0003821208837591899,,,,
1862,0.001,adam,1863,127.8485779762268,0.0003384748182842658,0.0,0.05039145567927612,0.00038886627635700767,,,,
1863,0.001,adam,1864,127.90058517456055,0.0002983901659154031,0.0,0.04793834858755088,0.00034632851677990334,,,,
1864,0.001,adam,1865,127.9727303981781,0.000242527534597159,0.0,0.056785418201272676,0.0002993129554955943,,,,
1865,0.001,adam,1866,128.0189175605774,0.000174388094420921,0.0,0.04869919015278998,0.00022308728688679838,,,,
1866,0.001,adam,1867,128.07311344146729,0.00013143018056575002,0.0,0.04733806586196539,0.00017876824867615288,,,,
1867,0.001,adam,1868,128.12399220466614,0.00012737383072308382,0.0,0.05286236772923734,0.00018023620096314889,,,,
1868,0.001,adam,1869,128.16819787025452,0.00015824625064473944,0.0,0.04781528427292282,0.0002060615371887664,,,,
1869,0.001,adam,1870,128.21151447296143,0.0002037274006231271,0.0,0.054429661253751795,0.00025815706446214907,,,,
1870,0.001,adam,1871,128.26097631454468,0.0002379486206322866,0.0,0.0514009719843961,0.00028934959505809785,,,,
1871,0.001,adam,1872,128.30125284194946,0.000252479532598993,0.0,0.04814346989760226,0.0003006230047832874,,,,
1872,0.001,adam,1873,128.36572170257568,0.0002386060510803859,0.0,0.048878222360249426,0.00028748427576222633,,,,
1873,0.001,adam,1874,128.4277241230011,0.00022985921355470298,0.0,0.04348035708654391,0.00027333957270645306,,,,
1874,0.001,adam,1875,128.49059057235718,0.0002502152016312792,0.0,0.04479029777623346,0.00029500550153493764,,,,
1875,0.001,adam,1876,128.54048681259155,0.00029576901287396164,0.0,0.06546918060146809,0.00036123819658504897,,,,
1876,0.001,adam,1877,128.59157609939575,0.00034783372600078784,0.0,0.0539255456236923,0.0004017592741858061,,,,
1877,0.001,adam,1878,128.6452920436859,0.0003586092809235954,0.0,0.04496806208688846,0.00040357734514635216,,,,
1878,0.001,adam,1879,128.70578813552856,0.00032406341256571616,0.0,0.07232958281779955,0.0003963929988189866,,,,
1879,0.001,adam,1880,128.7539417743683,0.0002471827995708123,0.0,0.042839191604469654,0.0002900219932100344,0.0006000773378577595,0.0,0.04453498877332955,0.0006446123287463876
1880,0.001,adam,1881,128.83162569999695,0.00017576227868031875,0.0,0.04110261414024814,0.0002168648947728363,,,,
1881,0.001,adam,1882,128.88960433006287,0.0001420425532971875,0.0,0.050893238404534726,0.00019293579411902134,,,,
1882,0.001,adam,1883,128.94252824783325,0.00015167889802789186,0.0,0.05289546271475927,0.00020457436325505078,,,,
1883,0.001,adam,1884,128.9911732673645,0.00016986858758294616,0.0,0.045968922578359425,0.00021583751234471226,,,,
1884,0.001,adam,1885,129.0481243133545,0.00017258390780501744,0.0,0.04206804939377409,0.00021465195919691667,,,,
1885,0.001,adam,1886,129.1069724559784,0.00015859268761781264,0.0,0.06179199141383487,0.0002203846819666096,,,,
1886,0.001,adam,1887,129.16200828552246,0.0001453577529851247,0.0,0.050512369144629844,0.00019587012452896335,,,,
1887,0.001,adam,1888,129.23805737495422,0.00014694876338028665,0.0,0.05137312633145387,0.0001983218921518331,,,,
1888,0.001,adam,1889,129.27700209617615,0.0001546552609126064,0.0,0.05120737377773841,0.00020586263712256455,,,,
1889,0.001,adam,1890,129.3260474205017,0.00015436886698261582,0.0,0.03991497445524326,0.00019428384333371862,,,,
1890,0.001,adam,1891,129.3651638031006,0.0001402449762738679,0.0,0.052983632389634584,0.00019322861118008998,,,,
1891,0.001,adam,1892,129.41975498199463,0.00012355016999100307,0.0,0.04585934129111394,0.00016940951346031884,,,,
1892,0.001,adam,1893,129.46468210220337,0.00011912117628467628,0.0,0.04786435690342483,0.0001669855354615361,,,,
1893,0.001,adam,1894,129.52497959136963,0.00012837303213887472,0.0,0.04686145438964774,0.0001752344887543221,,,,
1894,0.001,adam,1895,129.57383465766907,0.00014093197181927356,0.0,0.04528958731369033,0.00018622156128410386,,,,
1895,0.001,adam,1896,129.6310453414917,0.00014080498374707972,0.0,0.05255600866910428,0.00019336099491246047,,,,
1896,0.001,adam,1897,129.68659615516663,0.00013019320041150336,0.0,0.04339362668099667,0.0001735868291535867,,,,
1897,0.001,adam,1898,129.74157428741455,0.00011595254003621262,0.0,0.04428636148707477,0.0001602389036267767,,,,
1898,0.001,adam,1899,129.79629135131836,0.00011209831233696388,0.0,0.05135117018779911,0.00016344948496381268,,,,
1899,0.001,adam,1900,129.85037755966187,0.00011836371385032582,0.0,0.04265089073837103,0.00016101460661450544,0.0005743411276537368,0.0,0.04569435544686825,0.0006200354852709704
1900,0.001,adam,1901,129.94897651672363,0.0001261628724826989,0.0,0.04462854368986262,0.00017079141829230362,,,,
1901,0.001,adam,1902,130.0071210861206,0.00012943122751392746,0.0,0.04965360599972722,0.00017908483587207442,,,,
1902,0.001,adam,1903,130.06084156036377,0.0001221557902954388,0.0,0.04589151139455837,0.00016804730386972701,,,,
1903,0.001,adam,1904,130.10456156730652,0.00011464827006385803,0.0,0.04650361192410983,0.0001611518841967709,,,,
1904,0.001,adam,1905,130.15645027160645,0.00011169755783254342,0.0,0.051442061513967664,0.0001631396217898779,,,,
1905,0.001,adam,1906,130.21077156066895,0.00011531046190695616,0.0,0.04287046482790659,0.00015818092877110056,,,,
1906,0.001,adam,1907,130.28337240219116,0.00011940319372654079,0.0,0.04169287655668604,0.00016109607226353218,,,,
1907,0.001,adam,1908,130.34070348739624,0.00011892898312111084,0.0,0.04498605705336074,0.00016391504231119463,,,,
1908,0.001,adam,1909,130.40196061134338,0.00011869540857766259,0.0,0.05381475789233894,0.00017251016902606537,,,,
1909,0.001,adam,1910,130.44125986099243,0.00011648715198877428,0.0,0.0557835806806974,0.0001722707353190496,,,,
1910,0.001,adam,1911,130.48092889785767,0.00011326780090483933,0.0,0.04961091463972515,0.0001628787179009565,,,,
1911,0.001,adam,1912,130.54910516738892,0.0001150091066121548,0.0,0.0419387601609909,0.00015694786876512993,,,,
1912,0.001,adam,1913,130.61147785186768,0.00011736108496320665,0.0,0.051772043358308,0.00016913313078055476,,,,
1913,0.001,adam,1914,130.67377471923828,0.0001154073425827294,0.0,0.0499186822772914,0.00016532602723103097,,,,
1914,0.001,adam,1915,130.72999048233032,0.00011234782209974,0.0,0.04695036267225091,0.00015929818700201348,,,,
1915,0.001,adam,1916,130.79292511940002,0.00011242097594244474,0.0,0.04134681682333486,0.00015376779472964802,,,,
1916,0.001,adam,1917,130.848562002182,0.00011324928963530008,0.0,0.07857366277525915,0.00019182295614260795,,,,
1917,0.001,adam,1918,130.89813804626465,0.00011266326550272754,0.0,0.04820242604950213,0.00016086569384172206,,,,
1918,0.001,adam,1919,130.95115184783936,0.00011297883750272617,0.0,0.05430049384775566,0.0001672793339296169,,,,
1919,0.001,adam,1920,130.9944167137146,0.0001156302646367057,0.0,0.04997307203183231,0.00016560333904213156,0.0005538323871353837,0.0,0.04387371564955217,0.0005977061048688256
1920,0.001,adam,1921,131.07666492462158,0.00011573331168356222,0.0,0.046638799683044366,0.0001623721135818307,,,,
1921,0.001,adam,1922,131.13805079460144,0.00011239349583985467,0.0,0.040135884550186775,0.00015252938229639367,,,,
1922,0.001,adam,1923,131.19771647453308,0.00011100956575791731,0.0,0.054012546673895746,0.00016502211499727138,,,,
1923,0.001,adam,1924,131.25286889076233,0.00011020564451405872,0.0,0.046778516172545005,0.00015698416290846402,,,,
1924,0.001,adam,1925,131.3022334575653,0.00010991683673325317,0.0,0.053153016660039375,0.00016306985591792536,,,,
1925,0.001,adam,1926,131.3616578578949,0.00011148144141001408,0.0,0.04846851218479745,0.00015994995589694233,,,,
1926,0.001,adam,1927,131.41274666786194,0.00011309425046288632,0.0,0.04815403951456839,0.00016124829226464886,,,,
1927,0.001,adam,1928,131.45104384422302,0.0001138483428487215,0.0,0.04467608861166732,0.00015852443358238915,,,,
1928,0.001,adam,1929,131.49980998039246,0.00011306973316288289,0.0,0.03996727344861671,0.0001530370085098432,,,,
1929,0.001,adam,1930,131.55117440223694,0.00011085349477006136,0.0,0.03740251325511981,0.00014825600980170522,,,,
1930,0.001,adam,1931,131.6034073829651,0.0001091337629336036,0.0,0.04260272908561789,0.00015173649404274253,,,,
1931,0.001,adam,1932,131.68174147605896,0.00011067436503172339,0.0,0.04294061300881874,0.0001536149800801118,,,,
1932,0.001,adam,1933,131.74043536186218,0.0001111000758760199,0.0,0.04299433491181799,0.0001540944128299592,,,,
1933,0.001,adam,1934,131.79653477668762,0.00010990042062468209,0.0,0.04439784563506481,0.00015429826836853142,,,,
1934,0.001,adam,1935,131.87598323822021,0.0001095644102641477,0.0,0.057310271530449784,0.0001668746845166893,,,,
1935,0.001,adam,1936,131.93121647834778,0.00011124673697591555,0.0,0.042958950443129,0.00015420568945948522,,,,
1936,0.001,adam,1937,131.98474788665771,0.00011170476630591304,0.0,0.05256434238676919,0.00016426911118935453,,,,
1937,0.001,adam,1938,132.03364181518555,0.00011196501055160217,0.0,0.039029226559573096,0.00015099423896496405,,,,
1938,0.001,adam,1939,132.09262442588806,0.00011143873560761395,0.0,0.050186433800880816,0.00016162517179222247,,,,
1939,0.001,adam,1940,132.1596884727478,0.00011253415682063821,0.0,0.03933261641131412,0.00015186677510015137,0.0005462464557210319,0.0,0.043624293029600233,0.0005898707508226748
1940,0.001,adam,1941,132.26824140548706,0.00011330302422734246,0.0,0.05219403834557481,0.00016549706505200108,,,,
1941,0.001,adam,1942,132.32804226875305,0.00011366824836351452,0.0,0.19162223873899004,0.0003052904962040725,,,,
1942,0.001,adam,1943,132.38654208183289,0.00011373589555770365,0.0,0.04099426549752541,0.00015473016300235218,,,,
1943,0.001,adam,1944,132.44206190109253,0.00011468375883478263,0.0,0.0558716886928628,0.00017055545018140823,,,,
1944,0.001,adam,1945,132.49055528640747,0.00011549010741965886,0.0,0.043343788145184324,0.00015883389762356265,,,,
1945,0.001,adam,1946,132.5254261493683,0.00011812270046145435,0.0,0.05696349165038674,0.00017508619481746177,,,,
1946,0.001,adam,1947,132.58183574676514,0.00011918012669513842,0.0,0.03819472912325169,0.0001573748576325424,,,,
1947,0.001,adam,1948,132.64376282691956,0.00011936916923322485,0.0,0.043618699267956584,0.00016298787057295847,,,,
1948,0.001,adam,1949,132.69654512405396,0.00011810304067388726,0.0,0.050482272355207414,0.00016858531542687395,,,,
1949,0.001,adam,1950,132.74899339675903,0.00011822367535777578,0.0,0.043789922287943886,0.00016201359972562937,,,,
1950,0.001,adam,1951,132.80772137641907,0.0001176703964166804,0.0,0.04315959406347782,0.00016082999253012894,,,,
1951,0.001,adam,1952,132.8612244129181,0.00011931391379539927,0.0,0.04069054284799222,0.00016000445857608856,,,,
1952,0.001,adam,1953,132.92062067985535,0.00011971920075281189,0.0,0.054117299896369,0.0001738365032196147,,,,
1953,0.001,adam,1954,132.97815322875977,0.00012190452436394894,0.0,0.04250153920607609,0.0001644060655887398,,,,
1954,0.001,adam,1955,133.03300070762634,0.00012300099439938966,0.0,0.048231531907116945,0.00017123252859738145,,,,
1955,0.001,adam,1956,133.0755136013031,0.00012637724386985964,0.0,0.0434236980288459,0.0001698009439612205,,,,
1956,0.001,adam,1957,133.12330293655396,0.00012940538913250554,0.0,0.04448380677162019,0.00017388919801699317,,,,
1957,0.001,adam,1958,133.17388892173767,0.00013597404800195435,0.0,0.042053789398438554,0.0001780278393978407,,,,
1958,0.001,adam,1959,133.22619080543518,0.00014215917142789122,0.0,0.04127702361601321,0.00018343619700445784,,,,
1959,0.001,adam,1960,133.26774978637695,0.00015215290316965432,0.0,0.062037659566823236,0.00021419056568310827,0.0006065152595982521,0.0,0.044578761794693604,0.0006510940235103233
1960,0.001,adam,1961,133.32699179649353,0.00016224764089901186,0.0,0.054911140458112094,0.00021715878396526316,,,,
1961,0.001,adam,1962,133.38010716438293,0.00017682526718312057,0.0,0.04039453265181721,0.00021721980175357512,,,,
1962,0.001,adam,1963,133.4299590587616,0.00019059449906551782,0.0,0.049492383692986724,0.00024008688510926662,,,,
1963,0.001,adam,1964,133.48241138458252,0.0002101483337383767,0.0,0.047983777133822354,0.0002581321131513062,,,,
1964,0.001,adam,1965,133.54293394088745,0.0002277991636668311,0.0,0.04619336668126612,0.0002739925325421644,,,,
1965,0.001,adam,1966,133.5998752117157,0.00024434286742981514,0.0,0.04410661478237828,0.0002884494843071452,,,,
1966,0.001,adam,1967,133.65342259407043,0.00025162732596560155,0.0,0.0448509073268505,0.0002964782354227558,,,,
1967,0.001,adam,1968,133.70579934120178,0.0002481858673914887,0.0,0.044961952473267584,0.00029314782200033445,,,,
1968,0.001,adam,1969,133.76054978370667,0.00022634649902317707,0.0,0.043955080360439346,0.0002703015814713707,,,,
1969,0.001,adam,1970,133.8000032901764,0.00019556844400511032,0.0,0.043856614724007995,0.00023942506081219573,,,,
1970,0.001,adam,1971,133.8429937362671,0.0001583747369387115,0.0,0.04833036155846433,0.00020670510079274482,,,,
1971,0.001,adam,1972,133.87897872924805,0.00012722335098235048,0.0,0.045698488045581465,0.00017292184119849365,,,,
1972,0.001,adam,1973,133.92076301574707,0.00010973951792685752,0.0,0.051627698624621646,0.00016136721900366326,,,,
1973,0.001,adam,1974,133.97835564613342,0.00011249037157897874,0.0,0.0512771652959387,0.0001637675393104521,,,,
1974,0.001,adam,1975,134.03952288627625,0.00012649397579718409,0.0,0.053348959832678525,0.00017984293816380222,,,,
1975,0.001,adam,1976,134.09740090370178,0.00014063377216854558,0.0,0.05027914921984979,0.00019091292377652682,,,,
1976,0.001,adam,1977,134.17655897140503,0.00014920023949902813,0.0,0.04417700221761879,0.00019337724381494193,,,,
1977,0.001,adam,1978,134.22040843963623,0.00014638646555378392,0.0,0.0448903849197766,0.0001912768526057394,,,,
1978,0.001,adam,1979,134.26366782188416,0.00013661077998030824,0.0,0.07392164746400835,0.00021053243095540643,,,,
1979,0.001,adam,1980,134.32113552093506,0.00012218499809474553,0.0,0.03919159697907891,0.0001613765969353254,0.0005464245109189235,0.0,0.043598691751114776,0.000590023204740865
1980,0.001,adam,1981,134.39535999298096,0.00011174809379382073,0.0,0.0413085395134522,0.00015305663526932328,,,,
1981,0.001,adam,1982,134.4412543773651,0.00010926247489173668,0.0,0.0465908954380802,0.00015585337254276567,,,,
1982,0.001,adam,1983,134.50518560409546,0.00011256862102365717,0.0,0.03954641540252697,0.00015211503830453807,,,,
1983,0.001,adam,1984,134.56907868385315,0.00011865850382970154,0.0,0.04958313406686766,0.0001682416402516417,,,,
1984,0.001,adam,1985,134.62022066116333,0.00012225990810856284,0.0,0.045323343334766765,0.00016758325359607292,,,,
1985,0.001,adam,1986,134.6682517528534,0.00012432046509762114,0.0,0.04430832068732637,0.00016862878788947983,,,,
1986,0.001,adam,1987,134.70726943016052,0.00011982588370004759,0.0,0.051867065655811215,0.00017169295181941222,,,,
1987,0.001,adam,1988,134.76017117500305,0.00011506369327958102,0.0,0.04070715537540929,0.00015577085058847645,,,,
1988,0.001,adam,1989,134.8149929046631,0.00011004133764533355,0.0,0.04329024728360461,0.00015333158698511458,,,,
1989,0.001,adam,1990,134.86268186569214,0.0001079945617334949,0.0,0.04124770717531886,0.0001492422708679747,,,,
1990,0.001,adam,1991,134.9047064781189,0.0001084634355836531,0.0,0.04586973414542412,0.00015433317190777267,,,,
1991,0.001,adam,1992,134.96198773384094,0.0001110376464279466,0.0,0.043766295340493755,0.00015480394384722782,,,,
1992,0.001,adam,1993,135.02037048339844,0.00011387235085321898,0.0,0.046372837482903106,0.00016024519053871368,,,,
1993,0.001,adam,1994,135.07358598709106,0.00011605975301476596,0.0,0.047571464960956954,0.00016363122023524626,,,,
1994,0.001,adam,1995,135.11713004112244,0.00011651300335813128,0.0,0.03921215253590259,0.00015572515775651117,,,,
1995,0.001,adam,1996,135.17736506462097,0.00011569903438765037,0.0,0.04202982500909564,0.00015772886139305556,,,,
1996,0.001,adam,1997,135.2218325138092,0.00011331885127773209,0.0,0.048231127895922536,0.00016154998146451028,,,,
1997,0.001,adam,1998,135.29041028022766,0.00011247269280988237,0.0,0.0555799697896483,0.00016805266523943756,,,,
1998,0.001,adam,1999,135.33389592170715,0.00011182448779694427,0.0,0.04148679942895831,0.00015331128919641982,,,,
1999,0.001,adam,2000,135.40298318862915,0.00011288380449559359,0.0,0.041453613046534346,0.0001543374195110689,0.0005535775561914212,0.0,0.042648277585401254,0.000596225835802507
2000,0.001,adam,2001,135.46031546592712,0.00011551753671526433,0.0,0.050358283187955634,0.00016587582229511005,,,,
2001,0.001,adam,2002,135.50977754592896,0.00012018535152408605,0.0,0.041925753479195686,0.00016211110699464816,,,,
2002,0.001,adam,2003,135.55666780471802,0.0001252529714901005,0.0,0.05780277610745348,0.00018305575034303852,,,,
2003,0.001,adam,2004,135.60630464553833,0.00013737243054946663,0.0,0.049330975478727876,0.0001867034083712901,,,,
2004,0.001,adam,2005,135.6534571647644,0.00015296539188004374,0.0,0.041061025597342496,0.0001940264194276803,,,,
2005,0.001,adam,2006,135.7174632549286,0.00017559619192123715,0.0,0.04643917149499795,0.0002220353656219774,,,,
2006,0.001,adam,2007,135.76850080490112,0.00021447631248843903,0.0,0.042151450064936945,0.0002566277645554624,,,,
2007,0.001,adam,2008,135.80445861816406,0.00026502571865081584,0.0,0.04564736862584608,0.00031067308944479556,,,,
2008,0.001,adam,2009,135.85525608062744,0.00034251296159486694,0.0,0.04494411537944583,0.0003874570791090437,,,,
2009,0.001,adam,2010,135.9013171195984,0.00040627240428561394,0.0,0.045965230927597564,0.00045223763739644284,,,,
2010,0.001,adam,2011,135.9515504837036,0.00048326346767799675,0.0,0.05265953006545734,0.0005359230002446475,,,,
2011,0.001,adam,2012,135.99435806274414,0.0004669144725588623,0.0,0.0470116019340167,0.0005139260767258102,,,,
2012,0.001,adam,2013,136.03112936019897,0.00040304065456244593,0.0,0.04888667814089527,0.00045192733502533384,,,,
2013,0.001,adam,2014,136.07936573028564,0.0002487614679980861,0.0,0.04656777101783146,0.000295329241227768,,,,
2014,0.001,adam,2015,136.12970232963562,0.00013824078364618923,0.0,0.05410539206160077,0.00019234617827765824,,,,
2015,0.001,adam,2016,136.1767933368683,0.00012739005316837014,0.0,0.03882333410000821,0.00016621338911238778,,,,
2016,0.001,adam,2017,136.22513723373413,0.0001965327998328399,0.0,0.0399403578259914,0.0002364731595558965,,,,
2017,0.001,adam,2018,136.27788376808167,0.0002724696784760742,0.0,0.045859447120362475,0.0003183291277746435,,,,
2018,0.001,adam,2019,136.33997988700867,0.00026254408766830954,0.0,0.05025839442463016,0.0003128024844800853,,,,
2019,0.001,adam,2020,136.3903625011444,0.0001981239745217426,0.0,0.0500411843122948,0.0002481651612108661,0.0005397474037262153,0.0,0.043218801190728524,0.0005829662069697267
2020,0.001,adam,2021,136.48819184303284,0.00012024334580162344,0.0,0.034577536705823454,0.00015482088414979175,,,,
2021,0.001,adam,2022,136.57504057884216,0.00011452631130285563,0.0,0.05529384849941423,0.00016982016242858675,,,,
2022,0.001,adam,2023,136.63663411140442,0.00016408352089259727,0.0,0.047644226002512634,0.0002117277491580892,,,,
2023,0.001,adam,2024,136.68037915229797,0.0001934139628121787,0.0,0.046171197093129765,0.00023958516209832264,,,,
2024,0.001,adam,2025,136.74663949012756,0.0001751142043050894,0.0,0.046361775223188725,0.0002214759817303443,,,,
2025,0.001,adam,2026,136.79391884803772,0.00012469228990083717,0.0,0.0465648047617573,0.000171257096874304,,,,
2026,0.001,adam,2027,136.86347222328186,0.0001092271595737043,0.0,0.03974070349474519,0.00014896786495603162,,,,
2027,0.001,adam,2028,136.9126660823822,0.00013564676334116774,0.0,0.048974394026194336,0.00018462115969352096,,,,
2028,0.001,adam,2029,136.9741291999817,0.00016071591754817467,0.0,0.039085044121691045,0.0001998009635263057,,,,
2029,0.001,adam,2030,137.0170271396637,0.00015313173104391554,0.0,0.046510464695775626,0.0001996421979488197,,,,
2030,0.001,adam,2031,137.06164002418518,0.0001230389983397563,0.0,0.037596535204609975,0.00016063553533010588,,,,
2031,0.001,adam,2032,137.1218225955963,0.00010690634739127378,0.0,0.044852390021180355,0.00015175873954282834,,,,
2032,0.001,adam,2033,137.1951756477356,0.0001229747585404792,0.0,0.04639956355056088,0.0001693743242949011,,,,
2033,0.001,adam,2034,137.25540041923523,0.00014095564261972497,0.0,0.03987453778028753,0.0001808301822939514,,,,
2034,0.001,adam,2035,137.300279378891,0.00013276622675017694,0.0,0.0630178907786197,0.00019578412052198585,,,,
2035,0.001,adam,2036,137.36694264411926,0.00011436580282730704,0.0,0.04475247306288956,0.00015911827801582502,,,,
2036,0.001,adam,2037,137.41610479354858,0.00010439384320016094,0.0,0.045279345860862186,0.00014967319121167666,,,,
2037,0.001,adam,2038,137.48161482810974,0.00011187741146700274,0.0,0.053632998339852835,0.0001655104123542863,,,,
2038,0.001,adam,2039,137.53633308410645,0.0001226408366837681,0.0,0.03666840326159178,0.00015930924168701556,,,,
2039,0.001,adam,2040,137.58829998970032,0.00012040473464101575,0.0,0.04592963830678333,0.00016633437512933983,0.0005348930635526025,0.0,0.04183953012164393,0.0005767325956615174
2040,0.001,adam,2041,137.65867161750793,0.00011057695091021155,0.0,0.04605842359851371,0.00015663537669638298,,,,
2041,0.001,adam,2042,137.7090606689453,0.00010680600239935481,0.0,0.05281668735288754,0.0001596226922609004,,,,
2042,0.001,adam,2043,137.7597212791443,0.0001130588730787395,0.0,0.04534517478568108,0.0001584040500182008,,,,
2043,0.001,adam,2044,137.8181700706482,0.00012035617102699214,0.0,0.04679298307019628,0.00016714915631973586,,,,
2044,0.001,adam,2045,137.86785626411438,0.00011878175054845284,0.0,0.05676379200770622,0.0001755455452522945,,,,
2045,0.001,adam,2046,137.912770986557,0.00011145395931086576,0.0,0.05049988920625602,0.0001619538509157378,,,,
2046,0.001,adam,2047,137.94852876663208,0.0001044933111875412,0.0,0.045660231289135114,0.00015015354464542092,,,,
2047,0.001,adam,2048,138.01148772239685,0.00010700838600123715,0.0,0.05169837455841673,0.0001587067630151949,,,,
2048,0.001,adam,2049,138.0539858341217,0.0001143305142809981,0.0,0.041534132510668696,0.00015586464876443223,,,,
2049,0.001,adam,2050,138.09962582588196,0.00011591004851124216,0.0,0.04602713910338578,0.00016193718980079974,,,,
2050,0.001,adam,2051,138.15043306350708,0.00011166508042896574,0.0,0.04480831374487062,0.00015647339630211706,,,,
2051,0.001,adam,2052,138.21066880226135,0.00010497688164403267,0.0,0.042474599363307684,0.00014745148302477558,,,,
2052,0.001,adam,2053,138.25053310394287,0.00010556163592232549,0.0,0.053362424455510746,0.0001589240629124154,,,,
2053,0.001,adam,2054,138.31565189361572,0.00011170183587384725,0.0,0.037660261127261806,0.00014936209878987547,,,,
2054,0.001,adam,2055,138.36006140708923,0.0001160171068020019,0.0,0.03930710440368821,0.0001553242130726774,,,,
2055,0.001,adam,2056,138.44652342796326,0.00011395539362115022,0.0,0.04116083802598934,0.00015511623360217445,,,,
2056,0.001,adam,2057,138.51504635810852,0.00010834801987117002,0.0,0.04775332304808425,0.0001561013451874154,,,,
2057,0.001,adam,2058,138.56046438217163,0.00010541968681446256,0.0,0.04851979150037773,0.00015393948061940673,,,,
2058,0.001,adam,2059,138.60375428199768,0.00010689473377728342,0.0,0.04749558735522232,0.0001543903233884251,,,,
2059,0.001,adam,2060,138.65417218208313,0.00010814800540059239,0.0,0.04696904006597806,0.00015511704769748013,0.0005255992312126161,0.0,0.040298314926237075,0.0005658975480529204
2060,0.001,adam,2061,138.73907446861267,0.00010999591717900768,0.0,0.042253308535479324,0.00015224922772141147,,,,
2061,0.001,adam,2062,138.79688048362732,0.00010837738958213215,0.0,0.040892326736784224,0.00014926971826119767,,,,
2062,0.001,adam,2063,138.8388671875,0.00010566996617850606,0.0,0.03870219974614136,0.00014437216776290327,,,,
2063,0.001,adam,2064,138.88671326637268,0.00010417823088476545,0.0,0.04012965353064322,0.00014430788632146494,,,,
2064,0.001,adam,2065,138.94963717460632,0.00010378956234424443,0.0,0.03796815874329157,0.00014175772289092676,,,,
2065,0.001,adam,2066,139.01842522621155,0.00010573172217009801,0.0,0.04763319747722015,0.00015336492190977364,,,,
2066,0.001,adam,2067,139.0752694606781,0.00010592641727194217,0.0,0.04949692906379459,0.00015542334868671472,,,,
2067,0.001,adam,2068,139.11141920089722,0.00010517937009532448,0.0,0.03844535709327477,0.00014362472901465574,,,,
2068,0.001,adam,2069,139.16209650039673,0.00010343424803539592,0.0,0.03930851656498903,0.0001427427664674393,,,,
2069,0.001,adam,2070,139.20462918281555,0.00010237466886281399,0.0,0.04682330618992173,0.00014919797727672341,,,,
2070,0.001,adam,2071,139.23994708061218,0.00010262536353685379,0.0,0.0382293338100516,0.0001408546991627013,,,,
2071,0.001,adam,2072,139.29554414749146,0.0001034877116637183,0.0,0.044855929727976286,0.00014834364352223694,,,,
2072,0.001,adam,2073,139.34921956062317,0.00010520674456987212,0.0,0.04039603442438684,0.00014560278091296764,,,,
2073,0.001,adam,2074,139.39530968666077,0.00010563205764494172,0.0,0.053308684652552764,0.00015894074482952113,,,,
2074,0.001,adam,2075,139.44676446914673,0.00010723670318006082,0.0,0.05972445822413368,0.00016696116424095404,,,,
2075,0.001,adam,2076,139.52500748634338,0.00010824767513102649,0.0,0.03998722981862611,0.0001482349068489441,,,,
2076,0.001,adam,2077,139.5912847518921,0.00011143374383665052,0.0,0.038051399995725446,0.00014948514563972048,,,,
2077,0.001,adam,2078,139.64319777488708,0.00011573179064519666,0.0,0.038839052851287865,0.00015457084534124056,,,,
2078,0.001,adam,2079,139.6999535560608,0.0001236892487114614,0.0,0.03914634083014682,0.00016283559140095965,,,,
2079,0.001,adam,2080,139.73903727531433,0.000135150791586497,0.0,0.05627584483323276,0.00019142663909268897,0.0005687332010186709,0.0,0.04014155399725625,0.0006088747569225486
2080,0.001,adam,2081,139.80184078216553,0.00015349232319594207,0.0,0.044772663512622476,0.00019826498883515194,,,,
2081,0.001,adam,2082,139.85600757598877,0.00017831215763393468,0.0,0.03943726762043457,0.00021774942712753895,,,,
2082,0.001,adam,2083,139.89610600471497,0.00021523531976899734,0.0,0.043226812506002056,0.00025846213432816284,,,,
2083,0.001,adam,2084,139.94835829734802,0.00026583600760197974,0.0,0.04397269224030055,0.0003098087019308711,,,,
2084,0.001,adam,2085,139.99226760864258,0.000337909754920702,0.0,0.05087777288029934,0.0003887875302175659,,,,
2085,0.001,adam,2086,140.03900790214539,0.0004095824267697807,0.0,0.047443689548968646,0.00045702611857220373,,,,
2086,0.001,adam,2087,140.096266746521,0.00047213970728079307,0.0,0.053628755568280194,0.0005257684653963025,,,,
2087,0.001,adam,2088,140.16341996192932,0.0004782832598149202,0.0,0.05555103827267318,0.0005338343007261261,,,,
2088,0.001,adam,2089,140.23173260688782,0.0004117955060816572,0.0,0.043884975760154196,0.0004556804839262359,,,,
2089,0.001,adam,2090,140.2798252105713,0.0002732339895036557,0.0,0.0465550483266539,0.00031978904004155575,,,,
2090,0.001,adam,2091,140.3229057788849,0.00014616434847104174,0.0,0.04433951411984649,0.00019050386469690215,,,,
2091,0.001,adam,2092,140.37009048461914,0.00010389626410890351,0.0,0.04844278945506523,0.00015233905586487778,,,,
2092,0.001,adam,2093,140.4394371509552,0.00015384608376385706,0.0,0.04379418669167197,0.00019764027253564128,,,,
2093,0.001,adam,2094,140.48698949813843,0.00022420840012786286,0.0,0.045147893304163335,0.00026935629557643605,,,,
2094,0.001,adam,2095,140.53730392456055,0.00022867584310930109,0.0,0.04445079077412857,0.00027312663599472894,,,,
2095,0.001,adam,2096,140.5858597755432,0.0001710361808658337,0.0,0.04477830344532953,0.00021581448643801852,,,,
2096,0.001,adam,2097,140.6518533229828,0.00011400300156842058,0.0,0.039562997557960264,0.00015356600100552238,,,,
2097,0.001,adam,2098,140.70322036743164,0.00011575664103240944,0.0,0.04263573457748571,0.00015839237763498387,,,,
2098,0.001,adam,2099,140.76411604881287,0.0001529350468613063,0.0,0.05775116532529338,0.00021068621492963284,,,,
2099,0.001,adam,2100,140.81508088111877,0.00016763791632882659,0.0,0.04030536676481346,0.00020794328500804224,0.0005611846384071578,0.0,0.0410762258841355,0.0006022608662423093
2100,0.001,adam,2101,140.89179801940918,0.0001421462179648861,0.0,0.04225617699166291,0.00018440239696360973,,,,
2101,0.001,adam,2102,140.93284344673157,0.00010915237132092055,0.0,0.04880220616786986,0.00015795457980677082,,,,
2102,0.001,adam,2103,140.97754383087158,0.000109359491542582,0.0,0.045846085901984246,0.00015520557962213848,,,,
2103,0.001,adam,2104,141.04603576660156,0.00013391475132297663,0.0,0.04938485115679609,0.00018329960482542728,,,,
2104,0.001,adam,2105,141.0961570739746,0.00014444681804636058,0.0,0.03527778269035332,0.00017972460241231868,,,,
2105,0.001,adam,2106,141.16234850883484,0.00012441450924010285,0.0,0.04318536543759602,0.00016759987672889366,,,,
2106,0.001,adam,2107,141.22378063201904,0.00010276418519161333,0.0,0.03859166106276136,0.00014135584808738023,,,,
2107,0.001,adam,2108,141.2854664325714,0.00010675007904255987,0.0,0.03764893743617087,0.0001443990182669593,,,,
2108,0.001,adam,2109,141.34655714035034,0.00012153529853888415,0.0,0.03541923582687278,0.00015695453604808036,,,,
2109,0.001,adam,2110,141.4203839302063,0.00012345312822709028,0.0,0.04085497902202932,0.00016430810918962698,,,,
2110,0.001,adam,2111,141.471538066864,0.00011172095284320636,0.0,0.0457174670219157,0.00015743842203658524,,,,
2111,0.001,adam,2112,141.52772450447083,0.00010216832104936404,0.0,0.042304791848786924,0.00014447311490752075,,,,
2112,0.001,adam,2113,141.5799880027771,0.00010438301646106063,0.0,0.04120264296451078,0.00014558566138259195,,,,
2113,0.001,adam,2114,141.62324476242065,0.00011207260532173464,0.0,0.044669991227922576,0.00015674259867136796,,,,
2114,0.001,adam,2115,141.67705631256104,0.00011287759204167076,0.0,0.047451971549026736,0.0001603295658445452,,,,
2115,0.001,adam,2116,141.71556329727173,0.00010650283259447164,0.0,0.064720296002388,0.00017122313167090874,,,,
2116,0.001,adam,2117,141.7695596218109,0.000101022757234424,0.0,0.04961643540192649,0.00015063919499300473,,,,
2117,0.001,adam,2118,141.8157238960266,0.00010326364527878953,0.0,0.04330761103082291,0.00014657125836661358,,,,
2118,0.001,adam,2119,141.8627109527588,0.00010787930332389415,0.0,0.03647727097524378,0.00014435657603171533,,,,
2119,0.001,adam,2120,141.91205620765686,0.00010681036172869218,0.0,0.06303674338187133,0.00016984710810464816,0.0005282486179289321,0.0,0.04004494899606195,0.0005682935688270271
2120,0.001,adam,2121,142.00337195396423,0.00010335499403779865,0.0,0.04043710328797197,0.00014379209924642996,,,,
2121,0.001,adam,2122,142.0682647228241,9.950751592272095e-05,0.0,0.037554816285881774,0.00013706233399236078,,,,
2122,0.001,adam,2123,142.1089470386505,9.993752884293615e-05,0.0,0.03904603670775171,0.00013898356740527508,,,,
2123,0.001,adam,2124,142.16188263893127,0.00010290412546723032,0.0,0.030924799150823044,0.0001338289260869025,,,,
2124,0.001,adam,2125,142.230651140213,0.00010393877040017941,0.0,0.04478440759275706,0.00014872318012008168,,,,
2125,0.001,adam,2126,142.28816318511963,0.00010217920676190198,0.0,0.0411989369490756,0.0001433781456678221,,,,
2126,0.001,adam,2127,142.34151673316956,9.967465406492651e-05,0.0,0.04089447379785705,0.00014056912980516683,,,,
2127,0.001,adam,2128,142.4076864719391,9.957094613111002e-05,0.0,0.040817212821618674,0.00014038816089144228,,,,
2128,0.001,adam,2129,142.46027827262878,0.00010170964008691874,0.0,0.03721590784941954,0.00013892554970399904,,,,
2129,0.001,adam,2130,142.51612043380737,0.00010224338429284238,0.0,0.03937669644169595,0.00014162008260483106,,,,
2130,0.001,adam,2131,142.56966853141785,0.00010068954784898807,0.0,0.04500197723255645,0.00014569152721902374,,,,
2131,0.001,adam,2132,142.64110136032104,9.923999902820144e-05,0.0,0.050408925240616555,0.00014964892666311346,,,,
2132,0.001,adam,2133,142.68851971626282,9.821567409101363e-05,0.0,0.03903722350369315,0.0001372528994488754,,,,
2133,0.001,adam,2134,142.7472846508026,9.921273687959833e-05,0.0,0.043321946506782116,0.0001425346854440625,,,,
2134,0.001,adam,2135,142.80709886550903,9.996740845455017e-05,0.0,0.05968622324092604,0.0001596536345304197,,,,
2135,0.001,adam,2136,142.87728333473206,0.00010067184516963263,0.0,0.049353326966768404,0.00015002517448055828,,,,
2136,0.001,adam,2137,142.92248511314392,9.948570305221219e-05,0.0,0.04463128681898237,0.00014411699199106694,,,,
2137,0.001,adam,2138,142.97195148468018,9.826040640165704e-05,0.0,0.04159706774887147,0.00013985747612628322,,,,
2138,0.001,adam,2139,143.0238618850708,9.776082763519264e-05,0.0,0.042631135083619986,0.00014039196474368288,,,,
2139,0.001,adam,2140,143.07257270812988,9.81165816709558e-05,0.0,0.04214896903617415,0.00014026555270909855,0.0005242390164024324,0.0,0.039682548004939124,0.0005639215662921914
2140,0.001,adam,2141,143.13735938072205,9.88648813272639e-05,0.0,0.039955254701248846,0.00013882013792628552,,,,
2141,0.001,adam,2142,143.19460082054138,9.960559592422806e-05,0.0,0.043389515411957916,0.00014299511339707738,,,,
2142,0.001,adam,2143,143.25095057487488,9.95794431757146e-05,0.0,0.03737072927590283,0.00013695017422663181,,,,
2143,0.001,adam,2144,143.31867694854736,9.792523797732458e-05,0.0,0.03976307058349825,0.00013768831044946734,,,,
2144,0.001,adam,2145,143.37489247322083,9.716825064388785e-05,0.0,0.054643058733698104,0.00015181131197299197,,,,
2145,0.001,adam,2146,143.43128728866577,9.882740833939686e-05,0.0,0.04795749028569092,0.00014678490090294633,,,,
2146,0.001,adam,2147,143.48946619033813,0.00010029015102743522,0.0,0.042833360443725654,0.00014312351350563633,,,,
2147,0.001,adam,2148,143.52829909324646,0.00010033068242309288,0.0,0.0430117831079951,0.00014334246757403805,,,,
2148,0.001,adam,2149,143.5929741859436,9.913946862394607e-05,0.0,0.049571623395832334,0.00014871109437430418,,,,
2149,0.001,adam,2150,143.64853239059448,9.858588270091124e-05,0.0,0.05106588211300891,0.0001496517672394194,,,,
2150,0.001,adam,2151,143.70716953277588,9.898136589601927e-05,0.0,0.037091742709914374,0.0001360731103676969,,,,
2151,0.001,adam,2152,143.7482500076294,0.00010082970551862099,0.0,0.04644066255642326,0.00014727037028085737,,,,
2152,0.001,adam,2153,143.7968463897705,0.00010223133797825563,0.0,0.08579510713297608,0.00018802644918628064,,,,
2153,0.001,adam,2154,143.8468554019928,0.00010365339081836033,0.0,0.037689195516191584,0.00014134258812469264,,,,
2154,0.001,adam,2155,143.89306712150574,0.00010421912721403178,0.0,0.25061044700220203,0.0003548295861195913,,,,
2155,0.001,adam,2156,143.93147468566895,0.00010681149257737105,0.0,0.044444328551504125,0.0001512558232398675,,,,
2156,0.001,adam,2157,143.98103499412537,0.0001072797124696303,0.0,0.041920156396251934,0.00014919987085698283,,,,
2157,0.001,adam,2158,144.03833413124084,0.00010988396048997364,0.0,0.04085600902335547,0.0001507399714538854,,,,
2158,0.001,adam,2159,144.08598065376282,0.00011234014106462423,0.0,0.04611188267836099,0.00015845202593318212,,,,
2159,0.001,adam,2160,144.1388509273529,0.0001155190511000076,0.0,0.03346304180053063,0.00014898209448994742,0.000559935819487003,0.0,0.039994203932761804,0.0005999300253193876
2160,0.001,adam,2161,144.20888137817383,0.00011717826145187798,0.0,0.040129828201825146,0.00015730809155976768,,,,
2161,0.001,adam,2162,144.27480149269104,0.00011999239465822397,0.0,0.04169036600432603,0.00016168276264273614,,,,
2162,0.001,adam,2163,144.33537697792053,0.00012191732153429599,0.0,0.04442752315257946,0.00016634484679706958,,,,
2163,0.001,adam,2164,144.3995156288147,0.00012771505975107798,0.0,0.04114355807339007,0.00016885861977868218,,,,
2164,0.001,adam,2165,144.48220252990723,0.0001326898801298365,0.0,0.04624042574598461,0.00017893030807212347,,,,
2165,0.001,adam,2166,144.54512977600098,0.00014073144506995269,0.0,0.041587466953173,0.00018231891399842436,,,,
2166,0.001,adam,2167,144.60147166252136,0.00014963252600673363,0.0,0.045418685382173786,0.0001950512135461792,,,,
2167,0.001,adam,2168,144.66037440299988,0.00016160171343028348,0.0,0.04746293001866797,0.00020906464570331966,,,,
2168,0.001,adam,2169,144.7320625782013,0.000173662563677351,0.0,0.047175187351652124,0.00022083775326970428,,,,
2169,0.001,adam,2170,144.7974305152893,0.0001835114535815568,0.0,0.058379538392819466,0.00024189099474725557,,,,
2170,0.001,adam,2171,144.86508893966675,0.00019428539267387707,0.0,0.04127459528674048,0.00023555998992105565,,,,
2171,0.001,adam,2172,144.9172763824463,0.0001930213776583686,0.0,0.03552679464397777,0.00022854817398977855,,,,
2172,0.001,adam,2173,144.99131321907043,0.0001896568556017971,0.0,0.037216763550433726,0.00022687362091993225,,,,
2173,0.001,adam,2174,145.04226994514465,0.00017263015708213843,0.0,0.04770457060162421,0.00022033472994960817,,,,
2174,0.001,adam,2175,145.09786748886108,0.00015311447552175667,0.0,0.042029672778130765,0.00019514415029618976,,,,
2175,0.001,adam,2176,145.1414453983307,0.0001310449346743011,0.0,0.04289104606050288,0.00017393598277201934,,,,
2176,0.001,adam,2177,145.18662881851196,0.00011139477048832116,0.0,0.043529630612718986,0.00015492440316858665,,,,
2177,0.001,adam,2178,145.24059581756592,9.930450658966629e-05,0.0,0.05031239630037393,0.0001496169052797508,,,,
2178,0.001,adam,2179,145.28171610832214,9.585840026735044e-05,0.0,0.04375465800218585,0.00013961306034777102,,,,
2179,0.001,adam,2180,145.33468556404114,0.00010160848950265569,0.0,0.043298414202200305,0.0001449069057614203,0.0005144965058570713,0.0,0.03886531430056972,0.0005533618220036444
2180,0.001,adam,2181,145.4067347049713,0.00011137067170713615,0.0,0.07247521089155624,0.00018384588604108019,,,,
2181,0.001,adam,2182,145.4667317867279,0.00011919905404456728,0.0,0.04352917246495898,0.000162728228577051,,,,
2182,0.001,adam,2183,145.51570987701416,0.00012781061633761456,0.0,0.03425318679774612,0.00016206380476229974,,,,
2183,0.001,adam,2184,145.5666003227234,0.00012948050244911797,0.0,0.04107732982362826,0.0001705578342238147,,,,
2184,0.001,adam,2185,145.60759353637695,0.00012680417240821523,0.0,0.04008649851264716,0.0001668906728248689,,,,
2185,0.001,adam,2186,145.68468308448792,0.000117845030117721,0.0,0.038817765596620056,0.000156662797558086,,,,
2186,0.001,adam,2187,145.7473006248474,0.00010801920895288663,0.0,0.04635613551706618,0.0001543753466717511,,,,
2187,0.001,adam,2188,145.82071614265442,9.948101241902442e-05,0.0,0.04315281738656469,0.00014263383185523796,,,,
2188,0.001,adam,2189,145.89697647094727,9.611346560495115e-05,0.0,0.047860046302913975,0.00014397351418109534,,,,
2189,0.001,adam,2190,145.95950627326965,9.623210714144716e-05,0.0,0.04127418115684873,0.0001375062902587143,,,,
2190,0.001,adam,2191,146.0127739906311,9.91776663775765e-05,0.0,0.0401222438014863,0.00013929991208476712,,,,
2191,0.001,adam,2192,146.06831288337708,0.00010343821445297387,0.0,0.056862767045173825,0.0001603009841989842,,,,
2192,0.001,adam,2193,146.12619853019714,0.00010398763354632847,0.0,0.03303425356325579,0.0001370218886786271,,,,
2193,0.001,adam,2194,146.1807382106781,0.00010464369571209862,0.0,0.03924632289395498,0.0001438900204701539,,,,
2194,0.001,adam,2195,146.2256097793579,0.00010206777956486334,0.0,0.04329009015318341,0.0001453578717742157,,,,
2195,0.001,adam,2196,146.26134181022644,0.00010158245347081185,0.0,0.03271566331867042,0.0001342981183433929,,,,
2196,0.001,adam,2197,146.31612420082092,9.843624242747954e-05,0.0,0.037768835203711174,0.00013620507942511414,,,,
2197,0.001,adam,2198,146.37229084968567,9.640002803582843e-05,0.0,0.039106357342300654,0.00013550638723558138,,,,
2198,0.001,adam,2199,146.41764307022095,9.477439505505884e-05,0.0,0.04522158650590176,0.0001399959837088707,,,,
2199,0.001,adam,2200,146.46821999549866,9.52762772247705e-05,0.0,0.038715716213437626,0.00013399199527710598,0.0005156309740449071,0.0,0.038664975164006604,0.0005542959510454015
2200,0.001,adam,2201,146.5648512840271,9.486741224998026e-05,0.0,0.03820616114808659,0.00013307357521276212,,,,
2201,0.001,adam,2202,146.62352514266968,9.474242932672113e-05,0.0,0.03716371281410695,0.00013190614390600972,,,,
2202,0.001,adam,2203,146.6998200416565,9.496855951080036e-05,0.0,0.04236972322115422,0.00013733828474440845,,,,
2203,0.001,adam,2204,146.75554537773132,9.631284749552376e-05,0.0,0.03644142829236028,0.00013275427751875901,,,,
2204,0.001,adam,2205,146.80465078353882,9.49932912736103e-05,0.0,0.055171892099911204,0.00015016518599404575,,,,
2205,0.001,adam,2206,146.8637421131134,9.398159535048426e-05,0.0,0.03627084152996526,0.00013025243860322205,,,,
2206,0.001,adam,2207,146.91247963905334,9.369160200596019e-05,0.0,0.04236730900622878,0.00013605891302452815,,,,
2207,0.001,adam,2208,146.97882652282715,9.535944276600223e-05,0.0,0.04590484812181149,0.000141264293068177,,,,
2208,0.001,adam,2209,147.03297114372253,9.589726304243352e-05,0.0,0.044139204879172445,0.0001400364700181057,,,,
2209,0.001,adam,2210,147.08277940750122,9.54310958749356e-05,0.0,0.04161576134092706,0.00013704685919250524,,,,
2210,0.001,adam,2211,147.12327527999878,9.416837877409478e-05,0.0,0.04974803368807479,0.00014391641482507437,,,,
2211,0.001,adam,2212,147.19211196899414,9.384359143516666e-05,0.0,0.04076245003992246,0.0001346060434112016,,,,
2212,0.001,adam,2213,147.23469758033752,9.366002665179608e-05,0.0,0.04292044850400716,0.00013658047719441516,,,,
2213,0.001,adam,2214,147.3081693649292,9.488884461457936e-05,0.0,0.03470990596423837,0.0001295987522274498,,,,
2214,0.001,adam,2215,147.36360812187195,9.559203695566263e-05,0.0,0.04281503751845632,0.0001384070765077241,,,,
2215,0.001,adam,2216,147.41298651695251,9.624635176026561e-05,0.0,0.043605277934320986,0.00013985163176572616,,,,
2216,0.001,adam,2217,147.46606492996216,9.519270198915854e-05,0.0,0.03645280920708517,0.00013164551292765923,,,,
2217,0.001,adam,2218,147.52387523651123,9.583668198328072e-05,0.0,0.04443464226427828,0.00014027132635809124,,,,
2218,0.001,adam,2219,147.57183814048767,9.610564854466195e-05,0.0,0.0354060025849752,0.00013151165281133202,,,,
2219,0.001,adam,2220,147.62155151367188,9.772516803058363e-05,0.0,0.04209373079894629,0.00013981890082887484,0.0005305664080607193,0.0,0.03843008208943696,0.0005689964919754873
2220,0.001,adam,2221,147.68774437904358,9.98515404641259e-05,0.0,0.042213179046994245,0.00014206472151613857,,,,
2221,0.001,adam,2222,147.74070477485657,0.00010267554011105084,0.0,0.041244343474404324,0.00014391988554445637,,,,
2222,0.001,adam,2223,147.81226801872253,0.00010438188106910026,0.0,0.039757770236365106,0.00014413965319385813,,,,
2223,0.001,adam,2224,147.84982419013977,0.00010675149372274401,0.0,0.03563357254371422,0.0001423850679589621,,,,
2224,0.001,adam,2225,147.89042592048645,0.00011070717499380515,0.0,0.041302911485990676,0.00015201008844157885,,,,
2225,0.001,adam,2226,147.92734026908875,0.00011787812817138624,0.0,0.04493638799902851,0.00016281451830477866,,,,
2226,0.001,adam,2227,147.9790337085724,0.00012615181700622577,0.0,0.04105715784053153,0.00016720897679686764,,,,
2227,0.001,adam,2228,148.0247838497162,0.00013849374607910673,0.0,0.03679952611685182,0.00017529327394384225,,,,
2228,0.001,adam,2229,148.06602811813354,0.0001570120842497673,0.0,0.046849953231134264,0.00020386203970615494,,,,
2229,0.001,adam,2230,148.1153326034546,0.00018358572329379145,0.0,0.03526894349742016,0.00021885466846639654,,,,
2230,0.001,adam,2231,148.16469144821167,0.00022462332719665515,0.0,0.03943121858392652,0.00026405454765346403,,,,
2231,0.001,adam,2232,148.2234981060028,0.0002700009985020669,0.0,0.037924365615417475,0.00030792536591879506,,,,
2232,0.001,adam,2233,148.2743239402771,0.0003373262237061986,0.0,0.054252317476126896,0.0003915785437591723,,,,
2233,0.001,adam,2234,148.3279173374176,0.000370762875336032,0.0,0.03765820991061924,0.00040842108703532026,,,,
2234,0.001,adam,2235,148.38023781776428,0.0004068218095478157,0.0,0.04829839425023361,0.0004551202060920999,,,,
2235,0.001,adam,2236,148.43550539016724,0.00034261546050109445,0.0,0.033827350357146416,0.00037644281246495377,,,,
2236,0.001,adam,2237,148.49138259887695,0.0002593661634334765,0.0,0.04643023171761616,0.00030579639735641036,,,,
2237,0.001,adam,2238,148.54949569702148,0.00015095668936697724,0.0,0.035640583162032516,0.0001865972742218466,,,,
2238,0.001,adam,2239,148.60140347480774,9.911988222578297e-05,0.0,0.0354757165960942,0.0001345956005068833,,,,
2239,0.001,adam,2240,148.66528511047363,0.00011814677736943162,0.0,0.04218273989358447,0.00016032951926658873,0.000563477896764381,0.0,0.038278594790508824,0.0006017564933730255
2240,0.001,adam,2241,148.73297929763794,0.0001825280204376213,0.0,0.04341378664921935,0.00022594180914888484,,,,
2241,0.001,adam,2242,148.79191946983337,0.00024287249167134517,0.0,0.042874989969562786,0.0002857474836773607,,,,
2242,0.001,adam,2243,148.84943437576294,0.000238982031590362,0.0,0.037158305094073564,0.00027614033844936036,,,,
2243,0.001,adam,2244,148.90236043930054,0.00019285010727845597,0.0,0.04544133535333271,0.0002382914447901363,,,,
2244,0.001,adam,2245,148.96323442459106,0.00013475813718541425,0.0,0.0372867495793624,0.00017204488853580222,,,,
2245,0.001,adam,2246,149.00553941726685,0.00012216609426520558,0.0,0.03833432003110014,0.0001605004161170882,,,,
2246,0.001,adam,2247,149.0698585510254,0.00015992070606866632,0.0,0.04417661989461411,0.00020409732806155728,,,,
2247,0.001,adam,2248,149.11901593208313,0.00019756624604070497,0.0,0.04104677043265613,0.00023861301842297808,,,,
2248,0.001,adam,2249,149.17259621620178,0.0002064153363726193,0.0,0.04745968503521388,0.00025387502366204723,,,,
2249,0.001,adam,2250,149.22961592674255,0.00017327901021334778,0.0,0.04230197317500829,0.00021558098539759197,,,,
2250,0.001,adam,2251,149.2953119277954,0.00014399430556328324,0.0,0.039671262742648664,0.00018366557019021577,,,,
2251,0.001,adam,2252,149.35781455039978,0.0001456489903241911,0.0,0.04604913526286869,0.00019169812777427634,,,,
2252,0.001,adam,2253,149.3995339870453,0.00017112020956489682,0.0,0.0380786596525964,0.0002091988710261325,,,,
2253,0.001,adam,2254,149.4392216205597,0.00018751901930865556,0.0,0.0447743011037088,0.00023229332253902956,,,,
2254,0.001,adam,2255,149.48404002189636,0.00017582509258969527,0.0,0.041895745010018234,0.0002177208395896546,,,,
2255,0.001,adam,2256,149.52834558486938,0.0001430018541511826,0.0,0.03615388653038813,0.0001791557423987882,,,,
2256,0.001,adam,2257,149.5672483444214,0.00012273661879569928,0.0,0.04394419043374733,0.00016668081131668365,,,,
2257,0.001,adam,2258,149.62178826332092,0.00012205965462462731,0.0,0.04166164734473796,0.00016372130394818734,,,,
2258,0.001,adam,2259,149.68164825439453,0.0001278554641641863,0.0,0.04199717651360417,0.0001698526426725493,,,,
2259,0.001,adam,2260,149.73854732513428,0.00012486020719802495,0.0,0.044236124315328904,0.000169096333614457,0.0005377544792505674,0.0,0.039013981054810846,0.0005767684621584429
2260,0.001,adam,2261,149.8438014984131,0.00010701312469069,0.0,0.04768431518384303,0.00015469744213941647,,,,
2261,0.001,adam,2262,149.90567326545715,9.420236506690106e-05,0.0,0.03930806658759687,0.0001335104335215309,,,,
2262,0.001,adam,2263,149.96729373931885,9.645330514540042e-05,0.0,0.043611763981778524,0.0001400650711986266,,,,
2263,0.001,adam,2264,150.04306602478027,0.0001081277731433089,0.0,0.042056151441544766,0.00015018392658241368,,,,
2264,0.001,adam,2265,150.0877866744995,0.00011570606181189864,0.0,0.03610562316173209,0.0001518116866885558,,,,
2265,0.001,adam,2266,150.13573813438416,0.00011097641710250224,0.0,0.03683438037027013,0.00014781079922231155,,,,
2266,0.001,adam,2267,150.18002128601074,0.00010402430051480054,0.0,0.041700350945360655,0.0001457246534408216,,,,
2267,0.001,adam,2268,150.22058200836182,0.000101270929137783,0.0,0.037848780104033156,0.00013911971103953676,,,,
2268,0.001,adam,2269,150.28695106506348,0.00010369718046197138,0.0,0.04183742987969446,0.00014553461232883714,,,,
2269,0.001,adam,2270,150.33987545967102,0.00010836535730866448,0.0,0.03986478963437389,0.00014823014883651428,,,,
2270,0.001,adam,2271,150.39276218414307,0.00010610335473539134,0.0,0.04016080356722486,0.000146264160210152,,,,
2271,0.001,adam,2272,150.44937896728516,0.00010020667838101524,0.0,0.04217239221163653,0.0001423790725957329,,,,
2272,0.001,adam,2273,150.4932029247284,9.471828045472251e-05,0.0,0.0429468808652446,0.00013766516335983448,,,,
2273,0.001,adam,2274,150.5454137325287,9.393743477154248e-05,0.0,0.038501626261078524,0.00013243906286135011,,,,
2274,0.001,adam,2275,150.59413194656372,9.675449816445038e-05,0.0,0.04138703001593994,0.00013814153014616876,,,,
2275,0.001,adam,2276,150.64074754714966,9.85300587185859e-05,0.0,0.039795960312785164,0.00013832602092157776,,,,
2276,0.001,adam,2277,150.68759322166443,9.807766146305104e-05,0.0,0.03928150725689198,0.0001373591705857145,,,,
2277,0.001,adam,2278,150.74016332626343,9.402216993537338e-05,0.0,0.03848609108210183,0.00013250826284546646,,,,
2278,0.001,adam,2279,150.78606486320496,9.22366954395486e-05,0.0,0.03465830568039876,0.00012689500276612855,,,,
2279,0.001,adam,2280,150.824848651886,9.363143622712063e-05,0.0,0.0500012469318468,0.00014363268553389922,0.0005180036640657384,0.0,0.03786525863087589,0.0005558689244951176
2280,0.001,adam,2281,150.88761711120605,9.540341146093243e-05,0.0,0.044582001808825586,0.00013998541538728947,,,,
2281,0.001,adam,2282,150.9273808002472,9.677542667656048e-05,0.0,0.04516320936874177,0.00014193863819043958,,,,
2282,0.001,adam,2283,150.97958278656006,9.600031605037911e-05,0.0,0.040752301300258774,0.00013675261928626834,,,,
2283,0.001,adam,2284,151.0331745147705,9.583227792395326e-05,0.0,0.03992293582937449,0.00013575521564956547,,,,
2284,0.001,adam,2285,151.0776870250702,9.556571644772733e-05,0.0,0.033041553785817676,0.00012860727180293458,,,,
2285,0.001,adam,2286,151.11498165130615,9.549150872376954e-05,0.0,0.03233087557679208,0.00012782238583619582,,,,
2286,0.001,adam,2287,151.16663789749146,9.648426472349186e-05,0.0,0.04020938438294426,0.0001366936510162794,,,,
2287,0.001,adam,2288,151.21267580986023,9.568792965401388e-05,0.0,0.03865795897489225,0.00013434589046506064,,,,
2288,0.001,adam,2289,151.2640266418457,9.556560483174943e-05,0.0,0.03468127904042948,0.00013024688551945126,,,,
2289,0.001,adam,2290,151.31590032577515,9.503015361976947e-05,0.0,0.03456466984235208,0.00012959482510385527,,,,
2290,0.001,adam,2291,151.40528869628906,9.525327015657612e-05,0.0,0.04468690376365081,0.00013994017604274098,,,,
2291,0.001,adam,2292,151.4811234474182,9.536974470697038e-05,0.0,0.04800693975815804,0.0001433766867453357,,,,
2292,0.001,adam,2293,151.5296037197113,9.601169119267075e-05,0.0,0.036950486386742955,0.00013296217933446764,,,,
2293,0.001,adam,2294,151.57100629806519,9.765724551757067e-05,0.0,0.04723544650660087,0.00014489269426773486,,,,
2294,0.001,adam,2295,151.61568927764893,9.95618960174147e-05,0.0,0.03218433050648548,0.00013174622805257386,,,,
2295,0.001,adam,2296,151.68665981292725,0.00010104367194512369,0.0,0.03397535433887209,0.0001350190278977385,,,,
2296,0.001,adam,2297,151.73290467262268,0.0001011420701412735,0.0,0.04009153214138464,0.00014123360418690374,,,,
2297,0.001,adam,2298,151.77880835533142,0.00010228727045608077,0.0,0.08486175566689708,0.00018714903015369495,,,,
2298,0.001,adam,2299,151.81629371643066,0.00010573848836029884,0.0,0.036492845891226436,0.00014223133598484245,,,,
2299,0.001,adam,2300,151.86753106117249,0.00011037773824423342,0.0,0.03935909707178934,0.00014973683718547956,0.000527121812079527,0.0,0.03760735869047387,0.0005647291725562546
2300,0.001,adam,2301,151.93867874145508,0.00011759758889419443,0.0,0.08792218691135768,0.0002055197799816319,,,,
2301,0.001,adam,2302,151.99213480949402,0.00012706057012706588,0.0,0.038449087394598805,0.00016550965934789835,,,,
2302,0.001,adam,2303,152.038578748703,0.00014233467577215713,0.0,0.07363623774026717,0.00021597091700995794,,,,
2303,0.001,adam,2304,152.08861446380615,0.00015997684742750042,0.0,0.040346181295850846,0.00020032303063969204,,,,
2304,0.001,adam,2305,152.1328375339508,0.00018551429975939435,0.0,0.03643271654996254,0.00022194701803981807,,,,
2305,0.001,adam,2306,152.1887514591217,0.00021320002900033916,0.0,0.03919845178048101,0.00025239848264264675,,,,
2306,0.001,adam,2307,152.25481462478638,0.00024822504443414726,0.0,0.04148827635854273,0.00028971332276327735,,,,
2307,0.001,adam,2308,152.33056330680847,0.0002799614055259872,0.0,0.04728407259706745,0.00032724548036892757,,,,
2308,0.001,adam,2309,152.3914291858673,0.000309761907466002,0.0,0.03194081421570073,0.00034170272319881,,,,
2309,0.001,adam,2310,152.43618535995483,0.00030898229421719544,0.0,0.04105187961505953,0.0003500341757821146,,,,
2310,0.001,adam,2311,152.49328660964966,0.0002793549004894221,0.0,0.06556168494444255,0.0003449165885478776,,,,
2311,0.001,adam,2312,152.54807209968567,0.00021570783555597815,0.0,0.04105003136730283,0.00025675786887305286,,,,
2312,0.001,adam,2313,152.6205723285675,0.00014822051209020882,0.0,0.044521719639144496,0.00019274223384402152,,,,
2313,0.001,adam,2314,152.67296743392944,0.00010037902051761729,0.0,0.037442819819252834,0.00013782184211530863,,,,
2314,0.001,adam,2315,152.71732568740845,9.314610671952707e-05,0.0,0.04018732053076156,0.00013333342915908394,,,,
2315,0.001,adam,2316,152.75851798057556,0.00011819575256539809,0.0,0.03927696810140539,0.00015747272253235935,,,,
2316,0.001,adam,2317,152.83112335205078,0.00014917731806263768,0.0,0.03805696097914798,0.0001872342808493943,,,,
2317,0.001,adam,2318,152.88974928855896,0.00016146452795744328,0.0,0.039426880647965984,0.0002008914104780856,,,,
2318,0.001,adam,2319,152.95257925987244,0.00014325116209520518,0.0,0.04725270480458181,0.00019050386914417003,,,,
2319,0.001,adam,2320,153.0131552219391,0.00011307263246257892,0.0,0.04999893763439211,0.00016307157247179315,0.0005063799168825489,0.0,0.03652724705603426,0.0005429071656735343
2320,0.001,adam,2321,153.11067008972168,9.34485929593395e-05,0.0,0.036040315124067954,0.00012948890979523056,,,,
2321,0.001,adam,2322,153.1701889038086,9.605675085195032e-05,0.0,0.03700028448067126,0.0001330570370900408,,,,
2322,0.001,adam,2323,153.2232370376587,0.00011359495360860721,0.0,0.040329971086792774,0.0001539249266109708,,,,
2323,0.001,adam,2324,153.27659034729004,0.00012398694659306435,0.0,0.044168163603835006,0.00016815511229477457,,,,
2324,0.001,adam,2325,153.33272504806519,0.00012060129189922501,0.0,0.044588049716059286,0.000165189343733103,,,,
2325,0.001,adam,2326,153.3892011642456,0.00010497367000329528,0.0,0.03608210966680393,0.00014105578138390746,,,,
2326,0.001,adam,2327,153.44019508361816,9.355300435305405e-05,0.0,0.04246151296986419,0.0001360145193397319,,,,
2327,0.001,adam,2328,153.48116970062256,9.196922731579e-05,0.0,0.046283946463167414,0.00013825317597732691,,,,
2328,0.001,adam,2329,153.53414869308472,0.00010008509385513062,0.0,0.04279960940494766,0.00014288470529295064,,,,
2329,0.001,adam,2330,153.59006452560425,0.00010806917662958829,0.0,0.03538009478737543,0.00014344927309742806,,,,
2330,0.001,adam,2331,153.64824056625366,0.00010913947011804627,0.0,0.038596897303647314,0.00014773636925494784,,,,
2331,0.001,adam,2332,153.7154884338379,0.00010222585897431915,0.0,0.04074234545708296,0.00014296820636655968,,,,
2332,0.001,adam,2333,153.76733326911926,9.279351516419133e-05,0.0,0.0424482225502382,0.00013524173973061192,,,,
2333,0.001,adam,2334,153.8242518901825,8.942846328983507e-05,0.0,0.03458199942214083,0.00012401046435453272,,,,
2334,0.001,adam,2335,153.87213373184204,9.489130005224521e-05,0.0,0.04507296025084519,0.00013996426244394114,,,,
2335,0.001,adam,2336,153.92611980438232,0.00010034130638991221,0.0,0.03356974459718044,0.00013391105258156997,,,,
2336,0.001,adam,2337,153.97773432731628,0.00010145926818153796,0.0,0.03847463746793101,0.0001399339074769162,,,,
2337,0.001,adam,2338,154.03045797348022,9.757610420447772e-05,0.0,0.0371133160875949,0.00013468942205486053,,,,
2338,0.001,adam,2339,154.0747411251068,9.450917407289416e-05,0.0,0.029450911389387845,0.00012396008686112523,,,,
2339,0.001,adam,2340,154.1318519115448,9.0733843199019e-05,0.0,0.04517818648157923,0.00013591203182644694,0.0005018501092853012,0.0,0.03669620512566858,0.000538546316153946
2340,0.001,adam,2341,154.20679688453674,9.053802125652221e-05,0.0,0.03566298646330547,0.00012620100941372863,,,,
2341,0.001,adam,2342,154.25066995620728,9.247985296477663e-05,0.0,0.04916070703312831,0.00014164056233291323,,,,
2342,0.001,adam,2343,154.2951922416687,9.523579372682165e-05,0.0,0.04230645656611226,0.00013754225230238275,,,,
2343,0.001,adam,2344,154.35676050186157,9.531510265251728e-05,0.0,0.04750087498923479,0.00014281597989792256,,,,
2344,0.001,adam,2345,154.44256854057312,9.289280141608519e-05,0.0,0.05172828973702178,0.0001446210936100689,,,,
2345,0.001,adam,2346,154.49258255958557,9.025680825282708e-05,0.0,0.04245237842487793,0.00013270918869408478,,,,
2346,0.001,adam,2347,154.54139304161072,8.916627157666055e-05,0.0,0.031839576193870386,0.00012100584928282966,,,,
2347,0.001,adam,2348,154.58990120887756,8.961481617287497e-05,0.0,0.04259604625711946,0.00013221086445319805,,,,
2348,0.001,adam,2349,154.6425862312317,9.31673809762974e-05,0.0,0.030318279596524583,0.000123485662012863,,,,
2349,0.001,adam,2350,154.6853973865509,9.462578372940483e-05,0.0,0.0899938925458153,0.00018461968054970065,,,,
2350,0.001,adam,2351,154.724848985672,9.328435630248774e-05,0.0,0.043482272504095934,0.0001367666308718808,,,,
2351,0.001,adam,2352,154.77771925926208,9.103045970994879e-05,0.0,0.034032690119651765,0.0001250631514460666,,,,
2352,0.001,adam,2353,154.82188963890076,9.078321250376063e-05,0.0,0.054017105062964865,0.00014480032013240032,,,,
2353,0.001,adam,2354,154.86048340797424,9.097554454918191e-05,0.0,0.031546795932215335,0.00012252234197978966,,,,
2354,0.001,adam,2355,154.92176365852356,9.14495665303795e-05,0.0,0.04379294755781123,0.00013524251616824412,,,,
2355,0.001,adam,2356,154.96708607673645,9.117001083420254e-05,0.0,0.04236028250593545,0.00013353029535214344,,,,
2356,0.001,adam,2357,155.01533102989197,9.136795038163276e-05,0.0,0.0354413587265068,0.00012680931079151378,,,,
2357,0.001,adam,2358,155.05231976509094,9.086555398050099e-05,0.0,0.04460530852132526,0.00013547086462046472,,,,
2358,0.001,adam,2359,155.10851430892944,9.003341315080657e-05,0.0,0.04575930436390182,0.0001357927196881587,,,,
2359,0.001,adam,2360,155.15028142929077,8.92096221606442e-05,0.0,0.03889074816196841,0.00012810037216982404,0.0005053855615185197,0.0,0.03614784450466174,0.0005415334077401119
2360,0.001,adam,2361,155.24073481559753,8.876563339767338e-05,0.0,0.03900785523325374,0.00012777349048370083,,,,
2361,0.001,adam,2362,155.31548070907593,8.851031623281987e-05,0.0,0.0398520366238599,0.00012836235474954994,,,,
2362,0.001,adam,2363,155.3756206035614,8.812270075196928e-05,0.0,0.04748298857379541,0.00013560569158108563,,,,
2363,0.001,adam,2364,155.42825555801392,8.88773599439601e-05,0.0,0.034509181445701684,0.00012338654302875994,,,,
2364,0.001,adam,2365,155.4898657798767,8.921998123393731e-05,0.0,0.03916457085691945,0.00012838455395107405,,,,
2365,0.001,adam,2366,155.54117345809937,8.935612277868761e-05,0.0,0.0377661597756838,0.00012712228434816775,,,,
2366,0.001,adam,2367,155.59364247322083,8.98662717516443e-05,0.0,0.03299499583156683,0.00012286126915038933,,,,
2367,0.001,adam,2368,155.66966128349304,9.14341927268094e-05,0.0,0.03265115147265494,0.00012408534575031083,,,,
2368,0.001,adam,2369,155.73705458641052,9.214575155695867e-05,0.0,0.030570276341587592,0.00012271602935055647,,,,
2369,0.001,adam,2370,155.79469680786133,9.419912039797091e-05,0.0,0.034231900547416906,0.00012843102257131583,,,,
2370,0.001,adam,2371,155.86687183380127,9.477995511238281e-05,0.0,0.04509265259562572,0.0001398726098497946,,,,
2371,0.001,adam,2372,155.92042064666748,9.868943716658596e-05,0.0,0.049715708479352576,0.000148405148007308,,,,
2372,0.001,adam,2373,155.95763635635376,0.0001022320842494991,0.0,0.03697804579668497,0.00013921013180254698,,,,
2373,0.001,adam,2374,156.0237522125244,0.0001098699435550523,0.0,0.03775706945113109,0.00014762701479954795,,,,
2374,0.001,adam,2375,156.07883214950562,0.00011929512189036866,0.0,0.039135560796168825,0.00015843068454537688,,,,
2375,0.001,adam,2376,156.13286066055298,0.00013787445609269534,0.0,0.039704453627488055,0.00017757891160604376,,,,
2376,0.001,adam,2377,156.18860030174255,0.00015923438877637252,0.0,0.03988437602597783,0.00019911876669675657,,,,
2377,0.001,adam,2378,156.25056385993958,0.0001861640156725083,0.0,0.043555544683847355,0.00022971956242513302,,,,
2378,0.001,adam,2379,156.30159163475037,0.00022538448312545487,0.0,0.0415130677280678,0.0002668975528252876,,,,
2379,0.001,adam,2380,156.36143112182617,0.0002666260185002099,0.0,0.03716480277999997,0.0003037908230454433,0.0007732332392932424,0.0,0.040945728473157056,0.0008141789697112172
2380,0.001,adam,2381,156.4567129611969,0.0003233033365733413,0.0,0.04885539353134748,0.00037215873242519545,,,,
2381,0.001,adam,2382,156.5124933719635,0.0003376003467820865,0.0,0.04062882219325822,0.00037822917090511027,,,,
2382,0.001,adam,2383,156.56090545654297,0.0003449547015893444,0.0,0.041774035604801016,0.00038672873917830567,,,,
2383,0.001,adam,2384,156.64950823783875,0.00027166657969327043,0.0,0.039593275705060015,0.0003112598572789101,,,,
2384,0.001,adam,2385,156.7151186466217,0.00019247199383820734,0.0,0.03784388277949883,0.00023031587841519413,,,,
2385,0.001,adam,2386,156.77576875686646,0.0001156900363943266,0.0,0.046373060059583825,0.0001620630986565126,,,,
2386,0.001,adam,2387,156.8380115032196,9.067767229226023e-05,0.0,0.03325477414259869,0.00012393244801437594,,,,
2387,0.001,adam,2388,156.90733933448792,0.00011214008252246738,0.0,0.037038183215923046,0.00014917826749760973,,,,
2388,0.001,adam,2389,156.9793722629547,0.00015387622585126648,0.0,0.03153347802801798,0.0001854097053770443,,,,
2389,0.001,adam,2390,157.03340697288513,0.0001857142715914467,0.0,0.04023615343511396,0.0002259504269376754,,,,
2390,0.001,adam,2391,157.0911054611206,0.0001765657277960668,0.0,0.033796485534623034,0.00021036221493593674,,,,
2391,0.001,adam,2392,157.1458878517151,0.0001406859902581663,0.0,0.03763098642449823,0.00017831697847004048,,,,
2392,0.001,adam,2393,157.197035074234,0.00010088374769857484,0.0,0.03985574721787139,0.00014073949680949266,,,,
2393,0.001,adam,2394,157.24666738510132,8.855290656870485e-05,0.0,0.03739176690913943,0.00012594467525385791,,,,
2394,0.001,adam,2395,157.29202461242676,0.0001070988024641867,0.0,0.03447161642279958,0.0001415704205243002,,,,
2395,0.001,adam,2396,157.33695006370544,0.00012958041109891206,0.0,0.039052207855769724,0.00016863262080956212,,,,
2396,0.001,adam,2397,157.39840245246887,0.0001374724222378885,0.0,0.045593032224883326,0.00018306545662832467,,,,
2397,0.001,adam,2398,157.44391322135925,0.0001213083969179662,0.0,0.03331421617024999,0.00015462261467055654,,,,
2398,0.001,adam,2399,157.4944088459015,9.769570916073462e-05,0.0,0.04065918911859819,0.00013835490021054067,,,,
2399,0.001,adam,2400,157.54125380516052,8.827906323623093e-05,0.0,0.03104123787768644,0.00011932030258829706,0.0004937002333125687,0.0,0.036055308707674934,0.0005297555437327789
2400,0.001,adam,2401,157.63725543022156,9.550388635003984e-05,0.0,0.034079589709658284,0.00012958347767839178,,,,
2401,0.001,adam,2402,157.68720293045044,0.00010674108534756876,0.0,0.043962030915093424,0.0001507031183507466,,,,
2402,0.001,adam,2403,157.7396445274353,0.00011260484149368466,0.0,0.04562825545512058,0.00015823309911603108,,,,
2403,0.001,adam,2404,157.78334522247314,0.00010749704502134709,0.0,0.03776451392315126,0.0001452615607382165,,,,
2404,0.001,adam,2405,157.83535075187683,9.83922828697749e-05,0.0,0.04077228701011358,0.0001391645718164682,,,,
2405,0.001,adam,2406,157.88503980636597,8.950438645850492e-05,0.0,0.035327586728115055,0.0001248319748645903,,,,
2406,0.001,adam,2407,157.93354320526123,8.93245355556772e-05,0.0,0.0409189543290835,0.00013024349182830675,,,,
2407,0.001,adam,2408,157.9924509525299,9.737987918426965e-05,0.0,0.03950865027920579,0.00013688853134003563,,,,
2408,0.001,adam,2409,158.05809378623962,0.0001043684139180617,0.0,0.03315464127367631,0.00013752305676649896,,,,
2409,0.001,adam,2410,158.11145997047424,0.00010251901341242334,0.0,0.03365510452361124,0.00013617411953456627,,,,
2410,0.001,adam,2411,158.1620237827301,9.34203324491707e-05,0.0,0.03278086695493095,0.0001262012009611093,,,,
2411,0.001,adam,2412,158.21238470077515,8.724176693828413e-05,0.0,0.03296967089245368,0.00012021143939671315,,,,
2412,0.001,adam,2413,158.28210830688477,8.814591565699762e-05,0.0,0.03569499456819157,0.00012384091192061046,,,,
2413,0.001,adam,2414,158.33054447174072,9.256298413263179e-05,0.0,0.04208632621821527,0.0001346493123498403,,,,
2414,0.001,adam,2415,158.38503575325012,9.749191529729364e-05,0.0,0.036960417237473474,0.00013445233429029273,,,,
2415,0.001,adam,2416,158.43094658851624,9.78540436741234e-05,0.0,0.05959358389891043,0.00015744763040357717,,,,
2416,0.001,adam,2417,158.48796916007996,9.912446239093905e-05,0.0,0.031348878764490364,0.00013047334264442125,,,,
2417,0.001,adam,2418,158.54185032844543,9.454011162724183e-05,0.0,0.03384707806001326,0.00012838719129490504,,,,
2418,0.001,adam,2419,158.59777641296387,8.802309438855556e-05,0.0,0.03798892124811335,0.00012601201744104584,,,,
2419,0.001,adam,2420,158.63881707191467,8.592414574215703e-05,0.0,0.03324835859706247,0.00011917250591843179,0.0005086365073727329,0.0,0.03563698414231982,0.0005442734932077187
2420,0.001,adam,2421,158.70611882209778,8.89751039219264e-05,0.0,0.04204607337604464,0.00013102117929505237,,,,
2421,0.001,adam,2422,158.74419903755188,9.341130698877314e-05,0.0,0.037074465809095986,0.00013048577455881176,,,,
2422,0.001,adam,2423,158.79592299461365,9.457207911036057e-05,0.0,0.034279363858446835,0.00012885144459698982,,,,
2423,0.001,adam,2424,158.8500108718872,9.34835399713538e-05,0.0,0.03602073561857323,0.00012950427730082018,,,,
2424,0.001,adam,2425,158.9156756401062,8.924572768774433e-05,0.0,0.03937614398910035,0.00012862187354711115,,,,
2425,0.001,adam,2426,158.95891571044922,8.663601924199297e-05,0.0,0.04111268998098352,0.00012774871117572447,,,,
2426,0.001,adam,2427,159.01202821731567,8.603035691583261e-05,0.0,0.03517552518955136,0.00012120588377613177,,,,
2427,0.001,adam,2428,159.06959080696106,8.808320626312482e-05,0.0,0.03346022823728568,0.00012154343608968606,,,,
2428,0.001,adam,2429,159.11581325531006,9.06925614531213e-05,0.0,0.03718008032034288,0.00012787264353942323,,,,
2429,0.001,adam,2430,159.1600911617279,9.162436505645717e-05,0.0,0.030546978936318046,0.00012217134544367886,,,,
2430,0.001,adam,2431,159.2077956199646,9.156301192645108e-05,0.0,0.032591873615817495,0.0001241548870902995,,,,
2431,0.001,adam,2432,159.25254225730896,9.020759220146899e-05,0.0,0.04111834310318743,0.00013132593725767293,,,,
2432,0.001,adam,2433,159.30466103553772,9.098560655881408e-05,0.0,0.03832597162773217,0.00012931158000693222,,,,
2433,0.001,adam,2434,159.36774945259094,9.16598529415454e-05,0.0,0.04560563915019524,0.00013726549425789226,,,,
2434,0.001,adam,2435,159.4178602695465,9.412645133226731e-05,0.0,0.0362996616739455,0.00013042611473035423,,,,
2435,0.001,adam,2436,159.479727268219,9.623326716360934e-05,0.0,0.03459883507880996,0.0001308321038857758,,,,
2436,0.001,adam,2437,159.5249538421631,0.0001002359845077393,0.0,0.04994506598453943,0.00015018105286454205,,,,
2437,0.001,adam,2438,159.56761384010315,0.00010809071655585219,0.0,0.03557173497005331,0.00014366245321547225,,,,
2438,0.001,adam,2439,159.60510182380676,0.00012061263225341528,0.0,0.04488720318184221,0.00016549983756728522,,,,
2439,0.001,adam,2440,159.6545548439026,0.00013845485582932422,0.0,0.031955448153155167,0.00017041030550028172,0.0005650898963977131,0.0,0.03616794823932062,0.0006012578463549191
2440,0.001,adam,2441,159.71452450752258,0.0001631794541192897,0.0,0.03754386661144317,0.00020072332251397086,,,,
2441,0.001,adam,2442,159.78804993629456,0.00019611884674233405,0.0,0.037559742718076064,0.00023367859124440217,,,,
2442,0.001,adam,2443,159.83902096748352,0.0002509682880523452,0.0,0.031870519943464265,0.0002828388095095779,,,,
2443,0.001,adam,2444,159.88000440597534,0.0003186988785080125,0.0,0.03256076194855852,0.0003512596420031242,,,,
2444,0.001,adam,2445,159.92028522491455,0.00040145053043736756,0.0,0.04197743199175389,0.0004434279644229425,,,,
2445,0.001,adam,2446,159.9741244316101,0.000457411773857062,0.0,0.039817033506055824,0.0004972288092543254,,,,
2446,0.001,adam,2447,160.02195119857788,0.00047693458348278594,0.0,0.042671281975221756,0.0005196058674847849,,,,
2447,0.001,adam,2448,160.0677752494812,0.0004034447892353057,0.0,0.03668945044326804,0.00044013424142122916,,,,
2448,0.001,adam,2449,160.1186511516571,0.0002675245992949216,0.0,0.0331569311521876,0.00030068153202197895,,,,
2449,0.001,adam,2450,160.17401266098022,0.00013345902473030298,0.0,0.037112939945049425,0.00017057196643812246,,,,
2450,0.001,adam,2451,160.23534321784973,9.315869973329619e-05,0.0,0.04111766826146091,0.00013427636994774154,,,,
2451,0.001,adam,2452,160.29627990722656,0.0001495916825948444,0.0,0.03648500135793563,0.0001860766856857246,,,,
2452,0.001,adam,2453,160.34204721450806,0.00021345619990466452,0.0,0.037362563229825604,0.00025081876490911666,,,,
2453,0.001,adam,2454,160.40312361717224,0.00021072992905308397,0.0,0.033394933617611665,0.00024412486425686987,,,,
2454,0.001,adam,2455,160.46830224990845,0.0001450090861738253,0.0,0.03437049442158664,0.00017937958222792282,,,,
2455,0.001,adam,2456,160.52594661712646,0.00010049329357581969,0.0,0.04222645838223002,0.00014271975396369885,,,,
2456,0.001,adam,2457,160.57077717781067,0.0001115716917135984,0.0,0.04713000457985534,0.00015870169853200884,,,,
2457,0.001,adam,2458,160.62046885490417,0.0001441765966212709,0.0,0.033338679584151966,0.00017751527778892516,,,,
2458,0.001,adam,2459,160.68976950645447,0.00015366364962390272,0.0,0.03634416669506819,0.0001900078180452262,,,,
2459,0.001,adam,2460,160.74428248405457,0.00012759109806800945,0.0,0.04803914038631712,0.0001756302407360633,0.0005279904581050614,0.0,0.03628385352203055,0.0005642743133504825
2460,0.001,adam,2461,160.82948446273804,0.00010084184726879103,0.0,0.035217832178130154,0.00013605968111967846,,,,
2461,0.001,adam,2462,160.87943720817566,9.853073692453941e-05,0.0,0.03154907312457865,0.00013007981154761862,,,,
2462,0.001,adam,2463,160.94680762290955,0.00011492444688200215,0.0,0.0312537656850093,0.00014617821405148567,,,,
2463,0.001,adam,2464,161.01739501953125,0.0001270612510727461,0.0,0.03807567580448172,0.00016513692868572538,,,,
2464,0.001,adam,2465,161.07184624671936,0.00011630271407866528,0.0,0.03848759755909227,0.00015479031346582033,,,,
2465,0.001,adam,2466,161.10869598388672,9.813170339988828e-05,0.0,0.047176090493537916,0.00014530779613417026,,,,
2466,0.001,adam,2467,161.16648483276367,9.267116607172397e-05,0.0,0.04156820289620532,0.00013423937094231297,,,,
2467,0.001,adam,2468,161.21640539169312,0.00010130083942593955,0.0,0.03273335063170878,0.00013403419161239907,,,,
2468,0.001,adam,2469,161.26060009002686,0.00010646177218777402,0.0,0.04042819226962385,0.00014688996637763396,,,,
2469,0.001,adam,2470,161.30684280395508,0.00010158412537979077,0.0,0.03583572590206488,0.0001374198529839613,,,,
2470,0.001,adam,2471,161.35335445404053,9.154228516845386e-05,0.0,0.03936361361621202,0.0001309059006543372,,,,
2471,0.001,adam,2472,161.399760723114,8.910687814785975e-05,0.0,0.03960214648320305,0.00012870902651206383,,,,
2472,0.001,adam,2473,161.44955778121948,9.920772014251877e-05,0.0,0.03531571915498759,0.000134523440974913,,,,
2473,0.001,adam,2474,161.49403929710388,0.0001055810899225884,0.0,0.043161692733150625,0.0001487427847058094,,,,
2474,0.001,adam,2475,161.55688953399658,9.48533945712985e-05,0.0,0.0562065878301705,0.00015105998507113866,,,,
2475,0.001,adam,2476,161.61308312416077,8.587383654667374e-05,0.0,0.035416758365498034,0.00012129059659437752,,,,
2476,0.001,adam,2477,161.66478824615479,8.742791119024491e-05,0.0,0.03695776611141653,0.00012438567905706115,,,,
2477,0.001,adam,2478,161.71564030647278,9.571923306735719e-05,0.0,0.04549821736494797,0.00014121745259335452,,,,
2478,0.001,adam,2479,161.76699090003967,0.00010178418944660463,0.0,0.03843997500263616,0.00014022416627504163,,,,
2479,0.001,adam,2480,161.81382513046265,9.52778845904909e-05,0.0,0.03932930060091748,0.00013460718705944993,0.0004987400350826614,0.0,0.03440423815411973,0.0005331442748708948
2480,0.001,adam,2481,161.87946557998657,8.654065206449553e-05,0.0,0.028807154070569968,0.0001153478075033319,,,,
2481,0.001,adam,2482,161.94040393829346,8.830457874515525e-05,0.0,0.03536313331068775,0.0001236677137355017,,,,
2482,0.001,adam,2483,161.97961401939392,9.446268907807351e-05,0.0,0.043982852317681134,0.00013844554348482803,,,,
2483,0.001,adam,2484,162.03866338729858,9.435965903907468e-05,0.0,0.038159899283303114,0.00013251956013487576,,,,
2484,0.001,adam,2485,162.10201358795166,8.769497204959005e-05,0.0,0.048969907191692495,0.00013666488156722833,,,,
2485,0.001,adam,2486,162.15413308143616,8.41380218045703e-05,0.0,0.03928530315409905,0.00012342332682462113,,,,
2486,0.001,adam,2487,162.2123577594757,8.693496730439596e-05,0.0,0.03826630692119907,0.00012520127604314708,,,,
2487,0.001,adam,2488,162.2569797039032,8.934061488530048e-05,0.0,0.03713330319601175,0.0001264739198450495,,,,
2488,0.001,adam,2489,162.3310010433197,8.771696038624251e-05,0.0,0.03611476158267613,0.00012383172368427776,,,,
2489,0.001,adam,2490,162.40160369873047,8.601488432873821e-05,0.0,0.03861458579739817,0.0001246294719602308,,,,
2490,0.001,adam,2491,162.45407390594482,8.48052560255173e-05,0.0,0.03406417319727235,0.00011886943084075106,,,,
2491,0.001,adam,2492,162.50455117225647,8.430897333685037e-05,0.0,0.04028281603039395,0.00012459179128057542,,,,
2492,0.001,adam,2493,162.565819978714,8.385148525710501e-05,0.0,0.042736530347901855,0.00012658801763488315,,,,
2493,0.001,adam,2494,162.62060737609863,8.380382978569218e-05,0.0,0.037948120610366634,0.00012175195219849783,,,,
2494,0.001,adam,2495,162.6682391166687,8.456327798505079e-05,0.0,0.03019130223028809,0.00011475458164934878,,,,
2495,0.001,adam,2496,162.70187377929688,8.49840847188896e-05,0.0,0.032680653523946224,0.00011766473979508358,,,,
2496,0.001,adam,2497,162.75747871398926,8.402119266655414e-05,0.0,0.03888835294907002,0.00012290954746272182,,,,
2497,0.001,adam,2498,162.80510067939758,8.344482234827268e-05,0.0,0.03263205848134269,0.00011607688237955498,,,,
2498,0.001,adam,2499,162.84325170516968,8.349114460005177e-05,0.0,0.03479957779054211,0.00011829072404348514,,,,
2499,0.001,adam,2500,162.8928325176239,8.316481951267078e-05,0.0,0.036114844774425794,0.00011927966600245966,0.0004914597095907304,0.0,0.03462698706634049,0.0005260866983017645
2500,0.001,adam,2501,162.96416068077087,8.328438946360809e-05,0.0,0.042439127574123894,0.00012572351905348238,,,,
2501,0.001,adam,2502,163.00426316261292,8.281413908396822e-05,0.0,0.03433950707785383,0.00011715364779286112,,,,
2502,0.001,adam,2503,163.05154371261597,8.340295865348342e-05,0.0,0.04772676328161501,0.00013112972420199802,,,,
2503,0.001,adam,2504,163.10725164413452,8.430259210901885e-05,0.0,0.03572723655481752,0.00012002983036078904,,,,
2504,0.001,adam,2505,163.17434167861938,8.452675195129012e-05,0.0,0.045359285534258664,0.00012988603963999925,,,,
2505,0.001,adam,2506,163.22389841079712,8.298350436803295e-05,0.0,0.030707989929695943,0.00011369149575628015,,,,
2506,0.001,adam,2507,163.27768278121948,8.245514306234989e-05,0.0,0.03404566742145002,0.00011650081210088234,,,,
2507,0.001,adam,2508,163.32016253471375,8.284180328961759e-05,0.0,0.03667673804832681,0.00011951854307999598,,,,
2508,0.001,adam,2509,163.36790490150452,8.229036809838184e-05,0.0,0.04327666096239311,0.00012556703111630605,,,,
2509,0.001,adam,2510,163.42263436317444,8.359155033005005e-05,0.0,0.03905428629053383,0.00012264583847556294,,,,
2510,0.001,adam,2511,163.4792184829712,8.443937214566603e-05,0.0,0.04257187909631182,0.0001270112532640336,,,,
2511,0.001,adam,2512,163.53639149665833,8.529710744427004e-05,0.0,0.03981778422581298,0.00012511489356132629,,,,
2512,0.001,adam,2513,163.60412406921387,8.46357763429806e-05,0.0,0.030558361403796218,0.0001151941391982211,,,,
2513,0.001,adam,2514,163.64564442634583,8.349927096669032e-05,0.0,0.03635718936684046,0.00011985646206040461,,,,
2514,0.001,adam,2515,163.692697763443,8.267899224159066e-05,0.0,0.041323941955440625,0.0001240029361598132,,,,
2515,0.001,adam,2516,163.74796175956726,8.290049782115754e-05,0.0,0.038726649028527335,0.00012162714868910201,,,,
2516,0.001,adam,2517,163.8144404888153,8.298333865178229e-05,0.0,0.03316971431018605,0.00011615305453744524,,,,
2517,0.001,adam,2518,163.87569499015808,8.321131675508962e-05,0.0,0.03620810763843433,0.00011941942611331678,,,,
2518,0.001,adam,2519,163.94379878044128,8.267861643986458e-05,0.0,0.041657008024316586,0.00012433562644278287,,,,
2519,0.001,adam,2520,164.00228428840637,8.268618738212468e-05,0.0,0.04139159357498686,0.00012407778292310674,0.0004936122976373689,0.0,0.03368621353827428,0.0005272985127756525
2520,0.001,adam,2521,164.07998847961426,8.253303547214123e-05,0.0,0.03900179203558694,0.00012153482936021388,,,,
2521,0.001,adam,2522,164.13876938819885,8.348488150804297e-05,0.0,0.036878352753540934,0.00012036323601321167,,,,
2522,0.001,adam,2523,164.18734526634216,8.352733938236996e-05,0.0,0.03862445293455498,0.000122151794151488,,,,
2523,0.001,adam,2524,164.25537848472595,8.366742358711986e-05,0.0,0.032367841594678,0.00011603526671918784,,,,
2524,0.001,adam,2525,164.30309891700745,8.377480799662813e-05,0.0,0.03775389016961879,0.00012152869995946049,,,,
2525,0.001,adam,2526,164.35209918022156,8.728843394059257e-05,0.0,0.030560770121753743,0.00011784920551390501,,,,
2526,0.001,adam,2527,164.39837169647217,9.136266840025821e-05,0.0,0.03151812802564447,0.00012288079792293342,,,,
2527,0.001,adam,2528,164.4465229511261,9.831225559013512e-05,0.0,0.03155799886515019,0.00012987025595420984,,,,
2528,0.001,adam,2529,164.49642300605774,0.00010763338807947389,0.0,0.03350351428423061,0.00014113690395503603,,,,
2529,0.001,adam,2530,164.57685327529907,0.00012528775398607133,0.0,0.04545618826946461,0.00017074394441458901,,,,
2530,0.001,adam,2531,164.62815618515015,0.00015334412900712692,0.0,0.04074068422665024,0.00019408481516885583,,,,
2531,0.001,adam,2532,164.68033242225647,0.0002057106419648934,0.0,0.03346238777836434,0.00023917303133263586,,,,
2532,0.001,adam,2533,164.72697114944458,0.00029095668099762584,0.0,0.038457908058064164,0.0003294145908823426,,,,
2533,0.001,adam,2534,164.77930188179016,0.0003905341244019662,0.0,0.03753570976385958,0.0004280698359486763,,,,
2534,0.001,adam,2535,164.84312844276428,0.0005687010132147965,0.0,0.04566988402079284,0.0006143708994047924,,,,
2535,0.001,adam,2536,164.87982559204102,0.0006125072168293331,0.0,0.04241039970995201,0.000654917618553671,,,,
2536,0.001,adam,2537,164.92990589141846,0.0006150129637287977,0.0,0.04579048918925692,0.0006608034550929861,,,,
2537,0.001,adam,2538,164.98319101333618,0.00033589693510429784,0.0,0.03298125881936419,0.00036887819549018773,,,,
2538,0.001,adam,2539,165.0503966808319,0.00012263641095634198,0.0,0.0368233729712693,0.00015945978567662763,,,,
2539,0.001,adam,2540,165.09205198287964,0.0001138552595159442,0.0,0.03672895243491725,0.00015058421369539308,0.0006171062670609354,0.0,0.03498915419848346,0.0006520954229213145
2540,0.001,adam,2541,165.16421055793762,0.00025534348350917215,0.0,0.03346989382982775,0.00028881337892873454,,,,
2541,0.001,adam,2542,165.2114143371582,0.000389323222261048,0.0,0.04938335768510474,0.0004387065822917364,,,,
2542,0.001,adam,2543,165.26479959487915,0.0003079934497559603,0.0,0.04205194027939039,0.00035004539203271066,,,,
2543,0.001,adam,2544,165.32675862312317,0.0001496684469573351,0.0,0.03487502229656843,0.0001845434709103782,,,,
2544,0.001,adam,2545,165.3843219280243,8.66696141141799e-05,0.0,0.03989706504981583,0.00012656668105900462,,,,
2545,0.001,adam,2546,165.43892526626587,0.00017347939738036395,0.0,0.03209594189876669,0.0002055753408036061,,,,
2546,0.001,adam,2547,165.4953534603119,0.00025682629240640295,0.0,0.03472498623877943,0.0002915512802945307,,,,
2547,0.001,adam,2548,165.5583667755127,0.00019150794313324275,0.0,0.03445187190371961,0.00022595981667333846,,,,
2548,0.001,adam,2549,165.59803938865662,0.00010016208495697236,0.0,0.03705684160785577,0.00013721892832493368,,,,
2549,0.001,adam,2550,165.63740730285645,0.00010408929309009709,0.0,0.03731963228884619,0.0001414089271515307,,,,
2550,0.001,adam,2551,165.68871569633484,0.00017238855588903212,0.0,0.032833106577783724,0.0002052216640263047,,,,
2551,0.001,adam,2552,165.75224328041077,0.00017974452286652958,0.0,0.038528864540451915,0.00021827338923700437,,,,
2552,0.001,adam,2553,165.80699729919434,0.00011400063963436465,0.0,0.034144394225273204,0.00014814503548140956,,,,
2553,0.001,adam,2554,165.86064457893372,8.996377421269072e-05,0.0,0.040241069049346566,0.00013020484517338552,,,,
2554,0.001,adam,2555,165.91305422782898,0.00012676639762062813,0.0,0.03804558280079068,0.00016481198222848703,,,,
2555,0.001,adam,2556,165.9722876548767,0.0001450031390670333,0.0,0.04084228194921906,0.00018584542295615666,,,,
2556,0.001,adam,2557,166.02483820915222,0.00011181193930001281,0.0,0.03993935944165602,0.00015175130063868663,,,,
2557,0.001,adam,2558,166.07526659965515,8.470621335355581e-05,0.0,0.03991293802489634,0.00012461915327421498,,,,
2558,0.001,adam,2559,166.11931347846985,0.00010755883231814423,0.0,0.041164953019243423,0.000148723787292618,,,,
2559,0.001,adam,2560,166.16495728492737,0.00012754566598579815,0.0,0.043288731502499914,0.00017083439954440247,0.0005009483168726277,0.0,0.03366817752948883,0.0005346164960012692
2560,0.001,adam,2561,166.23221492767334,0.00010795299155909545,0.0,0.038838703662144515,0.00014679169706597939,,,,
2561,0.001,adam,2562,166.2819311618805,8.395204715700101e-05,0.0,0.04127629577435804,0.0001252283448918779,,,,
2562,0.001,adam,2563,166.34023523330688,9.440770131115558e-05,0.0,0.03433090791334105,0.00012873861085512726,,,,
2563,0.001,adam,2564,166.3976697921753,0.00011241682531620709,0.0,0.03336238219592137,0.00014577920909675658,,,,
2564,0.001,adam,2565,166.46243739128113,0.0001015016805173001,0.0,0.03644401919308725,0.00013794570144138538,,,,
2565,0.001,adam,2566,166.50900745391846,8.508705743457571e-05,0.0,0.029253835305554005,0.00011434089412961233,,,,
2566,0.001,adam,2567,166.54591178894043,9.065329622244105e-05,0.0,0.027626033276239005,0.00011827933081084623,,,,
2567,0.001,adam,2568,166.6020531654358,0.00010358111490098647,0.0,0.040459757342933625,0.00014404087416565545,,,,
2568,0.001,adam,2569,166.65395975112915,9.854855758376894e-05,0.0,0.031593868112801404,0.00013014242719719854,,,,
2569,0.001,adam,2570,166.7129352092743,8.602526332427308e-05,0.0,0.039508102037452274,0.0001255333672382595,,,,
2570,0.001,adam,2571,166.77491402626038,8.689901478209124e-05,0.0,0.034929583742132064,0.0001218286001832895,,,,
2571,0.001,adam,2572,166.8400843143463,9.36751525288318e-05,0.0,0.038748374991450146,0.000132423529360731,,,,
2572,0.001,adam,2573,166.89145922660828,9.286807628164758e-05,0.0,0.04601819750140789,0.00013888627596880256,,,,
2573,0.001,adam,2574,166.9396150112152,8.786774939561595e-05,0.0,0.029156814957384404,0.00011702456573787476,,,,
2574,0.001,adam,2575,166.99246072769165,8.518371010357211e-05,0.0,0.03971517612560434,0.00012489888811554608,,,,
2575,0.001,adam,2576,167.050696849823,8.621452981737129e-05,0.0,0.0412898058446189,0.00012750433762315073,,,,
2576,0.001,adam,2577,167.0957465171814,8.811942837741925e-05,0.0,0.03956754524239241,0.0001276869754991692,,,,
2577,0.001,adam,2578,167.13717603683472,8.646229371432954e-05,0.0,0.04055789568880035,0.00012702019132952656,,,,
2578,0.001,adam,2579,167.18028235435486,8.549845802037102e-05,0.0,0.0402950090223253,0.00012579346895660656,,,,
2579,0.001,adam,2580,167.23217725753784,8.507339047579368e-05,0.0,0.031463372894186305,0.00011653676486441002,0.0005032892901838538,0.0,0.035344326719123395,0.0005386336185817426
2580,0.001,adam,2581,167.2981505393982,8.652588276557691e-05,0.0,0.034627142871487354,0.00012115302728176529,,,,
2581,0.001,adam,2582,167.35544610023499,8.715720766310357e-05,0.0,0.03389387403138083,0.00012105108330435704,,,,
2582,0.001,adam,2583,167.4144425392151,8.273813988584289e-05,0.0,0.04213147538449598,0.00012486961727147655,,,,
2583,0.001,adam,2584,167.4669919013977,8.289929884937089e-05,0.0,0.03505116729752755,0.00011795046781173956,,,,
2584,0.001,adam,2585,167.5273473262787,8.55427665275769e-05,0.0,0.047075764045664346,0.00013261853280922007,,,,
2585,0.001,adam,2586,167.56579327583313,8.45408326221183e-05,0.0,0.03359993572503774,0.00011814076994306737,,,,
2586,0.001,adam,2587,167.62357783317566,8.242252328371722e-05,0.0,0.03030111414433707,0.00011272363886727999,,,,
2587,0.001,adam,2588,167.6622838973999,8.102297656795958e-05,0.0,0.041366952817798175,0.00012238993135058258,,,,
2588,0.001,adam,2589,167.73312950134277,8.201094629710755e-05,0.0,0.045536674307269584,0.00012754762276725312,,,,
2589,0.001,adam,2590,167.7822241783142,8.427967050349741e-05,0.0,0.037217142373045,0.00012149681464426181,,,,
2590,0.001,adam,2591,167.82529830932617,8.305705041887505e-05,0.0,0.041075352162534794,0.00012413240453238437,,,,
2591,0.001,adam,2592,167.8644163608551,8.170296438707334e-05,0.0,0.034164225085479075,0.00011586719109526604,,,,
2592,0.001,adam,2593,167.91930317878723,8.13720683349326e-05,0.0,0.03919494979679259,0.0001205670199933854,,,,
2593,0.001,adam,2594,167.96718287467957,8.166396328495756e-05,0.0,0.037463649010335456,0.00011912761407472085,,,,
2594,0.001,adam,2595,168.0081434249878,8.304431595657003e-05,0.0,0.03175194268369762,0.000114796260148404,,,,
2595,0.001,adam,2596,168.05812549591064,8.198676846176975e-05,0.0,0.028724909883296464,0.00011071167970942621,,,,
2596,0.001,adam,2597,168.11795449256897,8.100485262966976e-05,0.0,0.049879069920954755,0.00013088392491975321,,,,
2597,0.001,adam,2598,168.16883087158203,8.084191235947132e-05,0.0,0.03397832291554357,0.00011482023688889862,,,,
2598,0.001,adam,2599,168.22466802597046,8.122121806932373e-05,0.0,0.03734147492156118,0.00011856269476450979,,,,
2599,0.001,adam,2600,168.2657732963562,8.167633596212668e-05,0.0,0.037961167478793134,0.00011963750524397852,0.0004924416642477487,0.0,0.03307656908414177,0.0005255182349029432
2600,0.001,adam,2601,168.34746932983398,8.12931800476103e-05,0.0,0.0303482134849185,0.00011164139497399158,,,,
2601,0.001,adam,2602,168.39032745361328,8.110297695338092e-05,0.0,0.03434772778764922,0.00011545070637245967,,,,
2602,0.001,adam,2603,168.42824149131775,8.121668279326383e-05,0.0,0.03129658517156679,0.00011251326945133864,,,,
2603,0.001,adam,2604,168.48319554328918,8.102354204340295e-05,0.0,0.04041734802006733,0.00012144089198319129,,,,
2604,0.001,adam,2605,168.53217029571533,8.23278650086291e-05,0.0,0.03515501073079493,0.00011748287740919743,,,,
2605,0.001,adam,2606,168.5823142528534,8.061301330824697e-05,0.0,0.03719284142718878,0.00011780585650200093,,,,
2606,0.001,adam,2607,168.64184474945068,8.038390576334156e-05,0.0,0.03530440660079532,0.00011568831404100622,,,,
2607,0.001,adam,2608,168.71534156799316,8.06596766435599e-05,0.0,0.03448483557977354,0.00011514451386127523,,,,
2608,0.001,adam,2609,168.7675862312317,8.115624111684476e-05,0.0,0.039308546608448625,0.00012046478959234916,,,,
2609,0.001,adam,2610,168.82645678520203,8.179813761194237e-05,0.0,0.03436458842073371,0.00011616272766490644,,,,
2610,0.001,adam,2611,168.89153409004211,8.075454562813068e-05,0.0,0.03666763852498396,0.00011742218589473402,,,,
2611,0.001,adam,2612,168.92930507659912,8.056458339094903e-05,0.0,0.04181399732911724,0.00012237858270612456,,,,
2612,0.001,adam,2613,168.97910833358765,7.986362331566459e-05,0.0,0.04186443041852175,0.00012172805572264008,,,,
2613,0.001,adam,2614,169.0277087688446,7.972078731990541e-05,0.0,0.03968445101864413,0.00011940524022345983,,,,
2614,0.001,adam,2615,169.0733768939972,8.185670294675782e-05,0.0,0.03687059037978392,0.00011872729507780082,,,,
2615,0.001,adam,2616,169.1230914592743,8.182864303655306e-05,0.0,0.03125789582602094,0.00011308654034724439,,,,
2616,0.001,adam,2617,169.16619086265564,8.086296109345246e-05,0.0,0.03769592122005226,0.00011855888410396491,,,,
2617,0.001,adam,2618,169.2196364402771,7.945008164881972e-05,0.0,0.03537218857165654,0.00011482227190056507,,,,
2618,0.001,adam,2619,169.26337313652039,7.889922661459625e-05,0.0,0.03478350925858899,0.00011368273752531327,,,,
2619,0.001,adam,2620,169.31150603294373,7.993650447685795e-05,0.0,0.03033895145851519,0.00011027545737639602,0.0004894257584956349,0.0,0.03282906543783327,0.0005222548254927652
2620,0.001,adam,2621,169.39727306365967,8.05994267555614e-05,0.0,0.03814305876097864,0.00011874248732823812,,,,
2621,0.001,adam,2622,169.4480848312378,8.148038732386787e-05,0.0,0.032625904920512205,0.0001141062937940274,,,,
2622,0.001,adam,2623,169.5082392692566,8.067062897354528e-05,0.0,0.03398102600917937,0.00011465165659673679,,,,
2623,0.001,adam,2624,169.55967378616333,7.961723364292663e-05,0.0,0.03105891096447812,0.00011067614608262386,,,,
2624,0.001,adam,2625,169.60265374183655,7.832816728437366e-05,0.0,0.03874568989026726,0.00011707385901496244,,,,
2625,0.001,adam,2626,169.64583826065063,7.832301592745954e-05,0.0,0.03240623854669852,0.00011072925601337179,,,,
2626,0.001,adam,2627,169.6921842098236,7.967495437022092e-05,0.0,0.03486305460557718,0.00011453801063170435,,,,
2627,0.001,adam,2628,169.74382138252258,8.102553546739176e-05,0.0,0.03826747853124597,0.00011929301581624542,,,,
2628,0.001,adam,2629,169.78408908843994,8.102635486637506e-05,0.0,0.029896098994547295,0.00011092245528091086,,,,
2629,0.001,adam,2630,169.83807158470154,7.909342642894178e-05,0.0,0.03021951238288146,0.00010931294024717306,,,,
2630,0.001,adam,2631,169.89846682548523,7.969552746978778e-05,0.0,0.03872724087333881,0.00011842277018257182,,,,
2631,0.001,adam,2632,169.95238542556763,8.212255568622471e-05,0.0,0.0334681307099306,0.0001155906879858062,,,,
2632,0.001,adam,2633,170.00905656814575,8.164230678103581e-05,0.0,0.035049938440875304,0.00011669224688669387,,,,
2633,0.001,adam,2634,170.0683732032776,8.027047159332838e-05,0.0,0.030339727992757227,0.00011061020102714537,,,,
2634,0.001,adam,2635,170.11895084381104,7.970883679780584e-05,0.0,0.029925255332436694,0.00010963409355161589,,,,
2635,0.001,adam,2636,170.17582488059998,8.074874893922122e-05,0.0,0.03453148265525622,0.00011528023323463486,,,,
2636,0.001,adam,2637,170.21666550636292,8.343559091861972e-05,0.0,0.03351046349566942,0.00011694605600595075,,,,
2637,0.001,adam,2638,170.27387475967407,8.499427510991263e-05,0.0,0.03145757926672015,0.00011645185587078763,,,,
2638,0.001,adam,2639,170.33788299560547,8.642413393197372e-05,0.0,0.027506454290062276,0.00011393058952852246,,,,
2639,0.001,adam,2640,170.38703298568726,9.05015656819304e-05,0.0,0.028279610995132744,0.00011878117802027258,0.0005054973855584965,0.0,0.03258127568014462,0.0005380786627861687
2640,0.001,adam,2641,170.44674372673035,9.56942505802048e-05,0.0,0.03603039801082203,0.0001317246503023789,,,,
2641,0.001,adam,2642,170.49471998214722,0.0001011678251531676,0.0,0.033282257781850656,0.00013445008451584066,,,,
2642,0.001,adam,2643,170.54936265945435,0.00011333267612418991,0.0,0.037710671952965,0.00015104334986831573,,,,
2643,0.001,adam,2644,170.59624862670898,0.0001348170769377964,0.0,0.026680244687102884,0.0001614973228921429,,,,
2644,0.001,adam,2645,170.6603455543518,0.00016354302029444312,0.0,0.03552836041560531,0.000199071382397555,,,,
2645,0.001,adam,2646,170.71434831619263,0.000207387513639048,0.0,0.035365911231089654,0.0002427534265499283,,,,
2646,0.001,adam,2647,170.77320504188538,0.0002637399550660603,0.0,0.03594573744498131,0.0002996856942183725,,,,
2647,0.001,adam,2648,170.83348894119263,0.0003470594554757029,0.0,0.06777361269669198,0.0004148330713914687,,,,
2648,0.001,adam,2649,170.90194725990295,0.00042886997976567735,0.0,0.03640278811975678,0.0004652727696144738,,,,
2649,0.001,adam,2650,170.95868968963623,0.0005003959312478615,0.0,0.03449746174009214,0.0005348933946264952,,,,
2650,0.001,adam,2651,171.00743532180786,0.000485218220735514,0.0,0.04082944381432605,0.0005260476664891346,,,,
2651,0.001,adam,2652,171.06764888763428,0.00038040459934810406,0.0,0.03366547226880186,0.00041407007321593006,,,,
2652,0.001,adam,2653,171.13896989822388,0.00021104638799603084,0.0,0.03413751931188234,0.0002451839089293583,,,,
2653,0.001,adam,2654,171.18742084503174,9.893518773002087e-05,0.0,0.03362189716619287,0.00013255708649316818,,,,
2654,0.001,adam,2655,171.2278015613556,0.00010092066294157451,0.0,0.035588707772271334,0.00013650937240421875,,,,
2655,0.001,adam,2656,171.3021011352539,0.00017605773492997603,0.0,0.033224365786806286,0.00020928210229485502,,,,
2656,0.001,adam,2657,171.3545949459076,0.00022678541631400987,0.0,0.033151791139375,0.00025993720902801046,,,,
2657,0.001,adam,2658,171.39563465118408,0.00018845412419886924,0.0,0.03512864125501454,0.00022358276712240472,,,,
2658,0.001,adam,2659,171.43735194206238,0.00011514857655304316,0.0,0.0457880696399111,0.00016093664836777085,,,,
2659,0.001,adam,2660,171.49384355545044,8.534850258212266e-05,0.0,0.03685601630528783,0.00012220452063797734,0.0005259465951845164,0.0,0.03352801028979665,0.0005594746070668081
2660,0.001,adam,2661,171.5639214515686,0.00011717233304429492,0.0,0.0317875836372417,0.00014895991819136582,,,,
2661,0.001,adam,2662,171.62034845352173,0.00015424606581849288,0.0,0.03311203168554057,0.00018735809907677057,,,,
2662,0.001,adam,2663,171.6964704990387,0.0001413346714230804,0.0,0.029029860649752205,0.00017036453345167698,,,,
2663,0.001,adam,2664,171.7506365776062,9.957732329843578e-05,0.0,0.03105628160782068,0.00013063360638135068,,,,
2664,0.001,adam,2665,171.81447196006775,8.193454088573917e-05,0.0,0.03399095946028774,0.00011592550196051085,,,,
2665,0.001,adam,2666,171.88266587257385,0.00010521641809388105,0.0,0.034517008346401645,0.00013973342807975262,,,,
2666,0.001,adam,2667,171.95502495765686,0.0001261642718792192,0.0,0.03966783923978519,0.00016583211300312566,,,,
2667,0.001,adam,2668,172.0195438861847,0.00010924119006042316,0.0,0.03837143906742223,0.00014761263095039096,,,,
2668,0.001,adam,2669,172.07465815544128,8.357134867185346e-05,0.0,0.033894043089315894,0.00011746539337105002,,,,
2669,0.001,adam,2670,172.13523268699646,8.331700466774445e-05,0.0,0.029848156709296504,0.00011316516279475232,,,,
2670,0.001,adam,2671,172.18960094451904,0.00010134546189760405,0.0,0.031089109937938487,0.00013243457331219602,,,,
2671,0.001,adam,2672,172.24558806419373,0.00010742259218594274,0.0,0.035153314876125344,0.00014257590873176094,,,,
2672,0.001,adam,2673,172.2875051498413,9.069567538396938e-05,0.0,0.03745308526890473,0.00012814876243180022,,,,
2673,0.001,adam,2674,172.3486988544464,7.82928159950963e-05,0.0,0.030953441464774696,0.00010924625893008057,,,,
2674,0.001,adam,2675,172.40000867843628,8.51354082781046e-05,0.0,0.04817732623892969,0.0001333127368053345,,,,
2675,0.001,adam,2676,172.47160124778748,9.675704224712321e-05,0.0,0.042725960657334104,0.00013948300493383153,,,,
2676,0.001,adam,2677,172.5296814441681,9.494420616085011e-05,0.0,0.03746590503299811,0.0001324101129733832,,,,
2677,0.001,adam,2678,172.60235214233398,8.224440671141713e-05,0.0,0.038983150019524446,0.00012122755858254184,,,,
2678,0.001,adam,2679,172.6582510471344,7.827564027940788e-05,0.0,0.02975550896779574,0.00010803115066051446,,,,
2679,0.001,adam,2680,172.72207045555115,8.562723695597861e-05,0.0,0.037296933761607184,0.0001229241724890951,0.0004897321958685683,0.0,0.03348985167923727,0.0005232220491384881
2680,0.001,adam,2681,172.8200647830963,8.965070417259192e-05,0.0,0.0293179091598936,0.00011896861472501148,,,,
2681,0.001,adam,2682,172.88481974601746,8.475891457556852e-05,0.0,0.02935993440551916,0.00011411885037560974,,,,
2682,0.001,adam,2683,172.94464087486267,7.871881927566168e-05,0.0,0.030205903814808744,0.00010892472452517387,,,,
2683,0.001,adam,2684,172.9913363456726,7.958489553011606e-05,0.0,0.03829947055609201,0.0001178843679053353,,,,
2684,0.001,adam,2685,173.04233622550964,8.525423148254898e-05,0.0,0.031575468198690615,0.00011682970118099387,,,,
2685,0.001,adam,2686,173.1022756099701,8.550456974547874e-05,0.0,0.03412740873268237,0.00011963198009912605,,,,
2686,0.001,adam,2687,173.16368412971497,8.131917060214809e-05,0.0,0.030728391469346073,0.00011204756353101443,,,,
2687,0.001,adam,2688,173.2233281135559,7.834474233523076e-05,0.0,0.03813833351178854,0.00011648307765849293,,,,
2688,0.001,adam,2689,173.28355240821838,7.908877995378954e-05,0.0,0.036180358304653645,0.00011526913997691799,,,,
2689,0.001,adam,2690,173.34376335144043,8.141290823602e-05,0.0,0.03315326140517056,0.00011456617121588598,,,,
2690,0.001,adam,2691,173.40357184410095,8.080353828871409e-05,0.0,0.03638447201323351,0.00011718801203011729,,,,
2691,0.001,adam,2692,173.4432713985443,7.882437569532938e-05,0.0,0.03390823232878632,0.00011273260963467032,,,,
2692,0.001,adam,2693,173.5196738243103,7.776231324399772e-05,0.0,0.03392078327842293,0.0001116830981335714,,,,
2693,0.001,adam,2694,173.57233548164368,7.916310372904642e-05,0.0,0.03330143253419887,0.00011246453784497846,,,,
2694,0.001,adam,2695,173.63757181167603,7.969761532291975e-05,0.0,0.031181594680934704,0.00011087921148490072,,,,
2695,0.001,adam,2696,173.72077989578247,7.924321635813943e-05,0.0,0.02989195793073568,0.00010913517570866691,,,,
2696,0.001,adam,2697,173.76646518707275,7.807667297377068e-05,0.0,0.03453073625999767,0.0001126074108738903,,,,
2697,0.001,adam,2698,173.812735080719,7.699750299754811e-05,0.0,0.0361887371049804,0.00011318624182140129,,,,
2698,0.001,adam,2699,173.8579876422882,7.681456428702093e-05,0.0,0.02886603372437956,0.00010568059938246352,,,,
2699,0.001,adam,2700,173.90822076797485,7.75312725948601e-05,0.0,0.03344662763333024,0.0001109779018168199,0.0004834397629994164,0.0,0.032221764262519374,0.0005156615287923874
2700,0.001,adam,2701,174.00476622581482,7.813655758972859e-05,0.0,0.027436186900442684,0.00010557274579332023,,,,
2701,0.001,adam,2702,174.0584774017334,7.776175040149779e-05,0.0,0.03746132128945847,0.00011522307347027354,,,,
2702,0.001,adam,2703,174.11040544509888,7.763351290540912e-05,0.0,0.029815935579535525,0.0001074494499011256,,,,
2703,0.001,adam,2704,174.16469383239746,7.750868543155578e-05,0.0,0.03212537696261825,0.00010963406392004756,,,,
2704,0.001,adam,2705,174.22739672660828,7.853837448947453e-05,0.0,0.0411243836206162,0.00011966276006339415,,,,
2705,0.001,adam,2706,174.2724220752716,7.88926366408715e-05,0.0,0.036606263718346896,0.00011549890209792262,,,,
2706,0.001,adam,2707,174.33941316604614,8.03315433145074e-05,0.0,0.03387764992401359,0.00011420919484762303,,,,
2707,0.001,adam,2708,174.3863604068756,7.955156890015554e-05,0.0,0.031023219998244957,0.00011057479037192438,,,,
2708,0.001,adam,2709,174.45991969108582,7.901985837177574e-05,0.0,0.03435311293904382,0.00011337297294250487,,,,
2709,0.001,adam,2710,174.516432762146,7.840803512113975e-05,0.0,0.02549763256598452,0.00010390566889819683,,,,
2710,0.001,adam,2711,174.56107425689697,7.810786872289626e-05,0.0,0.03651006652890905,0.00011461793698594042,,,,
2711,0.001,adam,2712,174.61216115951538,7.656855473926085e-05,0.0,0.030468100880322833,0.00010703665706674083,,,,
2712,0.001,adam,2713,174.67307686805725,7.630254949394975e-05,0.0,0.04720059838758043,0.0001235031501234383,,,,
2713,0.001,adam,2714,174.72693943977356,7.629593725173546e-05,0.0,0.02978871709419213,0.00010608465576081573,,,,
2714,0.001,adam,2715,174.7796688079834,7.594449102976693e-05,0.0,0.028939881148781477,0.000104884373553119,,,,
2715,0.001,adam,2716,174.8212752342224,7.635063640911368e-05,0.0,0.03432184696694486,0.00011067248500625879,,,,
2716,0.001,adam,2717,174.8675458431244,7.621182056872395e-05,0.0,0.030582532299027153,0.00010679435432034345,,,,
2717,0.001,adam,2718,174.91187477111816,7.598570074636988e-05,0.0,0.03509449950805112,0.00011108020192132028,,,,
2718,0.001,adam,2719,174.95194339752197,7.556327027644013e-05,0.0,0.03454828704531532,0.00011011155896271103,,,,
2719,0.001,adam,2720,175.00442719459534,7.559285840715332e-05,0.0,0.035897817875075476,0.00011149067798728364,0.0004839872095557157,0.0,0.03198017858793984,0.0005159673896626324
2720,0.001,adam,2721,175.09544157981873,7.640944409638902e-05,0.0,0.03612213766642723,0.00011253158347852573,,,,
2721,0.001,adam,2722,175.14784693717957,7.628464066577557e-05,0.0,0.03608842972683611,0.00011237307210672012,,,,
2722,0.001,adam,2723,175.2083375453949,7.615546362962932e-05,0.0,0.03253301550056217,0.0001086884806754268,,,,
2723,0.001,adam,2724,175.24499320983887,7.528991383945654e-05,0.0,0.028413665777909825,0.00010370358096694307,,,,
2724,0.001,adam,2725,175.2915816307068,7.513971768887644e-05,0.0,0.03565757150909411,0.00011079729089161432,,,,
2725,0.001,adam,2726,175.34860396385193,7.527021067676541e-05,0.0,0.03069003427273136,0.00010596024640719518,,,,
2726,0.001,adam,2727,175.40502452850342,7.513979571209226e-05,0.0,0.030256995024753274,0.00010539679217397567,,,,
2727,0.001,adam,2728,175.4512894153595,7.535525163541758e-05,0.0,0.03222452482615423,0.00010757977799215462,,,,
2728,0.001,adam,2729,175.50147461891174,7.838312963471549e-05,0.0,0.03001851815827301,0.00010840164921879161,,,,
2729,0.001,adam,2730,175.55748176574707,8.030253101830438e-05,0.0,0.035909478794309425,0.00011621201151822252,,,,
2730,0.001,adam,2731,175.61011052131653,7.741370275436147e-05,0.0,0.03225666550034781,0.00010967036978681868,,,,
2731,0.001,adam,2732,175.65161609649658,7.50243991317646e-05,0.0,0.033684296064673276,0.00010870869679635609,,,,
2732,0.001,adam,2733,175.71971035003662,7.636437701658996e-05,0.0,0.03035225407669422,0.0001067166325349389,,,,
2733,0.001,adam,2734,175.77327346801758,7.754079056386454e-05,0.0,0.03261822969054103,0.00011015902180368836,,,,
2734,0.001,adam,2735,175.82464718818665,7.590053181182543e-05,0.0,0.03286911150724696,0.0001087696448802714,,,,
2735,0.001,adam,2736,175.86559343338013,7.537131774282639e-05,0.0,0.04187706892347278,0.00011724838865535321,,,,
2736,0.001,adam,2737,175.9155204296112,7.591606192869843e-05,0.0,0.03451685918748329,0.00011043292275564456,,,,
2737,0.001,adam,2738,175.97027277946472,7.846042809998293e-05,0.0,0.03368127809026041,0.0001121417077900182,,,,
2738,0.001,adam,2739,176.0255560874939,8.017640252421638e-05,0.0,0.038108720441701084,0.00011828512477598456,,,,
2739,0.001,adam,2740,176.07179856300354,8.21573357601578e-05,0.0,0.02951707444035258,0.00011167441160249619,0.0004938898682473568,0.0,0.03177142681944607,0.0005256612965758646
2740,0.001,adam,2741,176.13674569129944,8.407568972190105e-05,0.0,0.03559016947886025,0.00011966586089120365,,,,
2741,0.001,adam,2742,176.201655626297,9.032824362908549e-05,0.0,0.02843454027215736,0.00011876278525181104,,,,
2742,0.001,adam,2743,176.26427125930786,9.623181557622043e-05,0.0,0.03534636391991931,0.00013157818117500195,,,,
2743,0.001,adam,2744,176.30235314369202,0.00010623758860363215,0.0,0.031381091745043055,0.00013761868183919708,,,,
2744,0.001,adam,2745,176.35250639915466,0.00011812923042186427,0.0,0.03679418652124944,0.00015492341869074379,,,,
2745,0.001,adam,2746,176.4023039340973,0.0001382726536395095,0.0,0.029320512487428663,0.00016759316751958778,,,,
2746,0.001,adam,2747,176.46034049987793,0.00016547355979339083,0.0,0.03010111111145704,0.00019557467233457393,,,,
2747,0.001,adam,2748,176.50965404510498,0.0001989340118063486,0.0,0.03052046798729035,0.0002294544812432834,,,,
2748,0.001,adam,2749,176.55889320373535,0.0002476412923758999,0.0,0.043598993783224405,0.0002912402882299654,,,,
2749,0.001,adam,2750,176.62853622436523,0.00027352340337829053,0.0,0.035563424111817746,0.0003090868291792803,,,,
2750,0.001,adam,2751,176.6819064617157,0.0003023041002505236,0.0,0.039459124716256545,0.00034176322684098797,,,,
2751,0.001,adam,2752,176.7283685207367,0.0002723566332646425,0.0,0.042439287560399844,0.00031479592284080034,,,,
2752,0.001,adam,2753,176.7842345237732,0.00022975197841673448,0.0,0.04239795514298573,0.000272149935573515,,,,
2753,0.001,adam,2754,176.84778594970703,0.00015506268951664373,0.0,0.03523483750203227,0.00019029752869224097,,,,
2754,0.001,adam,2755,176.88523244857788,9.606147552152792e-05,0.0,0.030766240376699318,0.00012682771735954523,,,,
2755,0.001,adam,2756,176.9379003047943,7.488251398930623e-05,0.0,0.03612211102035433,0.00011100462672536876,,,,
2756,0.001,adam,2757,176.9955985546112,9.410535221336791e-05,0.0,0.038783989471976095,0.00013288934352748466,,,,
2757,0.001,adam,2758,177.04887986183167,0.0001334823575874149,0.0,0.04259219997907484,0.00017607455958951068,,,,
2758,0.001,adam,2759,177.1053340435028,0.0001631016392136814,0.0,0.029755326217738177,0.00019285696684472175,,,,
2759,0.001,adam,2760,177.1809482574463,0.00016552099016936125,0.0,0.030444666709021396,0.00019596565832442672,0.0005133703155017043,0.0,0.030958520544893196,0.0005443288375170483
2760,0.001,adam,2761,177.28890538215637,0.00013681459371800423,0.0,0.03041632537463505,0.0001672309205373372,,,,
2761,0.001,adam,2762,177.35599279403687,0.00010077736225188638,0.0,0.03203483542557097,0.00013281219919903037,,,,
2762,0.001,adam,2763,177.41128778457642,7.972256411095515e-05,0.0,0.04027999402792084,0.00012000256005207304,,,,
2763,0.001,adam,2764,177.46397876739502,8.1242273027098e-05,0.0,0.032709963849581136,0.00011395223843031906,,,,
2764,0.001,adam,2765,177.51956272125244,9.795010798789541e-05,0.0,0.03476488907903927,0.0001327149987181783,,,,
2765,0.001,adam,2766,177.55840349197388,0.00011654961453120468,0.0,0.03260237146873194,0.00014915198754846616,,,,
2766,0.001,adam,2767,177.60969066619873,0.00011955481042685432,0.0,0.05465156193129354,0.00017420637495395774,,,,
2767,0.001,adam,2768,177.6601598262787,0.00010532093745307147,0.0,0.033887498331578426,0.0001392084373942197,,,,
2768,0.001,adam,2769,177.71451091766357,8.445100690100624e-05,0.0,0.03704090256728976,0.00012149191122764447,,,,
2769,0.001,adam,2770,177.76936316490173,7.655122178089754e-05,0.0,0.04416493485433269,0.00012071615873295208,,,,
2770,0.001,adam,2771,177.82723832130432,8.326084191152879e-05,0.0,0.02876805639567719,0.00011202889967361533,,,,
2771,0.001,adam,2772,177.88898634910583,9.34989764959042e-05,0.0,0.032669534368053914,0.00012616851241567772,,,,
2772,0.001,adam,2773,177.9582543373108,9.725019971549247e-05,0.0,0.03360907974555801,0.0001308592810573961,,,,
2773,0.001,adam,2774,178.0187394618988,9.37460995999696e-05,0.0,0.03758039887539334,0.0001313265002603361,,,,
2774,0.001,adam,2775,178.07551193237305,8.993766256242782e-05,0.0,0.032197363263813894,0.0001221350273555344,,,,
2775,0.001,adam,2776,178.1436152458191,8.366138989068134e-05,0.0,0.03608105709439956,0.00011974244869883914,,,,
2776,0.001,adam,2777,178.21571850776672,7.918282805857854e-05,0.0,0.04153044128622892,0.00012071327131739757,,,,
2777,0.001,adam,2778,178.27677297592163,7.812512363927647e-05,0.0,0.06388102893491292,0.00014200615560837544,,,,
2778,0.001,adam,2779,178.33568239212036,8.240919666346511e-05,0.0,0.03183694987871975,0.00011424614805435884,,,,
2779,0.001,adam,2780,178.3883500099182,8.882349152278104e-05,0.0,0.02892271134819694,0.00011774620424473306,0.0004899240593585032,0.0,0.033408225033826296,0.0005233322859791351
2780,0.001,adam,2781,178.47625064849854,8.726178281715107e-05,0.0,0.03153357590735193,0.00011879536022226748,,,,
2781,0.001,adam,2782,178.5243706703186,8.096428020044982e-05,0.0,0.041762847708827294,0.00012272712989290594,,,,
2782,0.001,adam,2783,178.56508469581604,7.51994449352006e-05,0.0,0.0364367780294356,0.00011163622469529029,,,,
2783,0.001,adam,2784,178.6185712814331,7.693672260689454e-05,0.0,0.03745530021094062,0.00011439202459686645,,,,
2784,0.001,adam,2785,178.67302060127258,7.999171323932552e-05,0.0,0.037173602188807754,0.00011716531719378463,,,,
2785,0.001,adam,2786,178.72830724716187,8.054748385577848e-05,0.0,0.03439226472921124,0.00011493975021853464,,,,
2786,0.001,adam,2787,178.78452491760254,8.045947454192035e-05,0.0,0.02705467825460179,0.0001075141540815504,,,,
2787,0.001,adam,2788,178.84123349189758,8.004899116806601e-05,0.0,0.0365587084926477,0.0001166077013971592,,,,
2788,0.001,adam,2789,178.90964674949646,8.10451606552216e-05,0.0,0.0721681530699551,0.00015321331715298,,,,
2789,0.001,adam,2790,178.96926522254944,7.883648546406043e-05,0.0,0.0288802698476626,0.00010771675668346225,,,,
2790,0.001,adam,2791,179.0202043056488,7.478357923270955e-05,0.0,0.03637792488480074,0.000111161505845369,,,,
2791,0.001,adam,2792,179.0753710269928,7.483037026928457e-05,0.0,0.035800491240155094,0.00011063086320987175,,,,
2792,0.001,adam,2793,179.122318983078,7.681322232421166e-05,0.0,0.03522610643536673,0.00011203933043272867,,,,
2793,0.001,adam,2794,179.19348621368408,7.682353654884033e-05,0.0,0.03712506811078292,0.00011394860642296938,,,,
2794,0.001,adam,2795,179.23327016830444,7.52582851470033e-05,0.0,0.032126179851910755,0.00010738446652482572,,,,
2795,0.001,adam,2796,179.2836925983429,7.463770083546067e-05,0.0,0.02630988322689608,0.00010094758531200914,,,,
2796,0.001,adam,2797,179.33975911140442,7.452721655600048e-05,0.0,0.031940982247103365,0.0001064682003202191,,,,
2797,0.001,adam,2798,179.39514017105103,7.571941615071541e-05,0.0,0.03429717231081318,0.00011001659009055686,,,,
2798,0.001,adam,2799,179.4579164981842,7.507892388246045e-05,0.0,0.03998138713988467,0.0001150603129213591,,,,
2799,0.001,adam,2800,179.50583910942078,7.415534864945734e-05,0.0,0.0276664931465619,0.00010182184311010715,0.0004758597095361734,0.0,0.03081349976210887,0.000506673210761845
2800,0.001,adam,2801,179.57411217689514,7.464253332377434e-05,0.0,0.03656418223262584,0.00011120671729310564,,,,
2801,0.001,adam,2802,179.62224817276,7.52335496600238e-05,0.0,0.026852492451449817,0.00010208604338689856,,,,
2802,0.001,adam,2803,179.69733119010925,7.524793755583746e-05,0.0,0.0297599976286227,0.00010500793659798419,,,,
2803,0.001,adam,2804,179.7589933872223,7.474953112716261e-05,0.0,0.03577159374393698,0.00011052112657015912,,,,
2804,0.001,adam,2805,179.82644033432007,7.346947117707123e-05,0.0,0.0387997073426075,0.00011226918036256594,,,,
2805,0.001,adam,2806,179.87779426574707,7.326818727730833e-05,0.0,0.03501546481068561,0.00010828365375113928,,,,
2806,0.001,adam,2807,179.94679975509644,7.49804389764703e-05,0.0,0.03287578162856346,0.0001078562221665496,,,,
2807,0.001,adam,2808,180.02211451530457,7.650307261580604e-05,0.0,0.03633184080719419,0.00011283491514867006,,,,
2808,0.001,adam,2809,180.0725748538971,7.487723541401972e-05,0.0,0.029526861698650892,0.00010440409851512128,,,,
2809,0.001,adam,2810,180.13779616355896,7.472979359635743e-05,0.0,0.03349888196238117,0.00010822867714985012,,,,
2810,0.001,adam,2811,180.2162802219391,7.455864227266356e-05,0.0,0.029982194054791272,0.00010454083775153264,,,,
2811,0.001,adam,2812,180.27471137046814,7.553616014019287e-05,0.0,0.03460544535032425,0.00011014160713418757,,,,
2812,0.001,adam,2813,180.34010648727417,7.564244570629681e-05,0.0,0.03313452653843026,0.00010877697381853264,,,,
2813,0.001,adam,2814,180.3875629901886,7.481009045502758e-05,0.0,0.02816037432242468,0.00010297046611499827,,,,
2814,0.001,adam,2815,180.43655467033386,7.304037967377672e-05,0.0,0.028513181259476394,0.00010155356228755654,,,,
2815,0.001,adam,2816,180.48470377922058,7.296541082387384e-05,0.0,0.03258897827738233,0.00010555439064914958,,,,
2816,0.001,adam,2817,180.54823899269104,7.385809612212278e-05,0.0,0.03544367553751513,0.00010930177334312217,,,,
2817,0.001,adam,2818,180.6027660369873,7.442251398376137e-05,0.0,0.03364598958568306,0.00010806850516754318,,,,
2818,0.001,adam,2819,180.65753650665283,7.419845928997062e-05,0.0,0.027814095907668958,0.00010201255651873825,,,,
2819,0.001,adam,2820,180.7054262161255,7.367683642196402e-05,0.0,0.03567438825307583,0.00010935122636948237,0.00047307614796183886,0.0,0.03037848639441803,0.0005034546357991575
2820,0.001,adam,2821,180.7797145843506,7.43130519709791e-05,0.0,0.04626194862200307,0.00012057500279030682,,,,
2821,0.001,adam,2822,180.8470962047577,7.458838746226629e-05,0.0,0.044670091120146624,0.0001192584807041284,,,,
2822,0.001,adam,2823,180.90114855766296,7.525889059048629e-05,0.0,0.03231111524470979,0.0001075700073698917,,,,
2823,0.001,adam,2824,180.9634292125702,7.532040534445607e-05,0.0,0.02989850187112448,0.00010521890863568318,,,,
2824,0.001,adam,2825,181.03140354156494,7.66954269070556e-05,0.0,0.029770523615853018,0.00010646595193693262,,,,
2825,0.001,adam,2826,181.08839750289917,7.645753991305417e-05,0.0,0.025417024415923188,0.00010187456553622124,,,,
2826,0.001,adam,2827,181.1332404613495,7.674000981951106e-05,0.0,0.024159936699355337,0.00010089994766640181,,,,
2827,0.001,adam,2828,181.17983436584473,7.641474882353243e-05,0.0,0.02562390922019393,0.00010203865926079674,,,,
2828,0.001,adam,2829,181.22544407844543,7.720588552087911e-05,0.0,0.030804961694283373,0.00010801084867831964,,,,
2829,0.001,adam,2830,181.29002451896667,7.735875309005096e-05,0.0,0.028854287847312816,0.0001062130423078689,,,,
2830,0.001,adam,2831,181.33281826972961,7.869413792613234e-05,0.0,0.03647565868417803,0.00011516979834281119,,,,
2831,0.001,adam,2832,181.3726978302002,8.033274354822328e-05,0.0,0.036351765792793415,0.00011668451106763291,,,,
2832,0.001,adam,2833,181.4240517616272,8.316458404358993e-05,0.0,0.02838635984686306,0.00011155094523873273,,,,
2833,0.001,adam,2834,181.47783613204956,8.803214357458649e-05,0.0,0.037167442731050646,0.00012519958807099594,,,,
2834,0.001,adam,2835,181.53273391723633,9.537742566954585e-05,0.0,0.02793370492868602,0.00012331113192501166,,,,
2835,0.001,adam,2836,181.60932731628418,0.00010786440403366808,0.0,0.028592043025970904,0.00013645644841768815,,,,
2836,0.001,adam,2837,181.6739628314972,0.00012553610958036994,0.0,0.03149034426677194,0.00015702645534285297,,,,
2837,0.001,adam,2838,181.74766039848328,0.0001527984804276862,0.0,0.03127232506767082,0.00018407080698071277,,,,
2838,0.001,adam,2839,181.80727815628052,0.00018901639157163695,0.0,0.03211560709381171,0.00022113200019085815,,,,
2839,0.001,adam,2840,181.86932754516602,0.00024296336342562804,0.0,0.030208151874627342,0.0002731715167350656,0.0007045782105344841,0.0,0.03174450949237473,0.0007363227215346421
2840,0.001,adam,2841,181.95290851593018,0.00030378769684538264,0.0,0.028570822970760218,0.00033235852117318414,,,,
2841,0.001,adam,2842,181.99531936645508,0.0003762415267837317,0.0,0.05904807269413718,0.0004352896022825018,,,,
2842,0.001,adam,2843,182.06383681297302,0.0004184904406410775,0.0,0.026098601717208035,0.0004445890435979026,,,,
2843,0.001,adam,2844,182.1377730369568,0.00041970861314690345,0.0,0.03439243750751482,0.0004541010522879714,,,,
2844,0.001,adam,2845,182.19979619979858,0.00033733664061719366,0.0,0.033642939090632054,0.00037097958130577957,,,,
2845,0.001,adam,2846,182.25792598724365,0.00021790920576382123,0.0,0.03747414341365381,0.00025538335095740136,,,,
2846,0.001,adam,2847,182.32344937324524,0.00011841226813237532,0.0,0.03970305278069356,0.00015811532279886269,,,,
2847,0.001,adam,2848,182.3753879070282,0.00010128500428233149,0.0,0.04560931364145808,0.00014689432009011572,,,,
2848,0.001,adam,2849,182.43099904060364,0.00015558725211081007,0.0,0.03561528666132485,0.00019120254046377027,,,,
2849,0.001,adam,2850,182.49267601966858,0.00021139922805312258,0.0,0.032757251325627686,0.00024415648093463623,,,,
2850,0.001,adam,2851,182.53473210334778,0.00021182939978196718,0.0,0.02903165443565562,0.00024086105559655238,,,,
2851,0.001,adam,2852,182.58005213737488,0.0001513159482075447,0.0,0.02705223047415934,0.00017836817996661603,,,,
2852,0.001,adam,2853,182.62690591812134,9.533118239969456e-05,0.0,0.035724532201390824,0.00013105571629790962,,,,
2853,0.001,adam,2854,182.67081117630005,9.482626978233825e-05,0.0,0.037382441343024424,0.00013220871290093336,,,,
2854,0.001,adam,2855,182.70515131950378,0.000129031193684293,0.0,0.03124476461055159,0.00016027595977889127,,,,
2855,0.001,adam,2856,182.76776027679443,0.00014474799586567796,0.0,0.03223905309951078,0.0001769870504964616,,,,
2856,0.001,adam,2857,182.81761980056763,0.00011478430059700556,0.0,0.02934916249796026,0.00014413346448897624,,,,
2857,0.001,adam,2858,182.8578245639801,8.045211251327769e-05,0.0,0.04179332412156956,0.00012224543861992363,,,,
2858,0.001,adam,2859,182.90553069114685,7.856814833316533e-05,0.0,0.026959214936994158,0.00010552736455065348,,,,
2859,0.001,adam,2860,182.9591941833496,0.00010093779093645008,0.0,0.02864283062048778,0.00012958062291739932,0.0005043701048027202,0.0,0.030476080399070873,0.0005348461866493272
2860,0.001,adam,2861,183.0260636806488,0.00011362500272870447,0.0,0.03883624653271549,0.00015246125110604267,,,,
2861,0.001,adam,2862,183.08346891403198,9.870630022275734e-05,0.0,0.02889883105903256,0.0001276051326544107,,,,
2862,0.001,adam,2863,183.133056640625,8.051499093919586e-05,0.0,0.025808720182619132,0.00010632371234766342,,,,
2863,0.001,adam,2864,183.18465900421143,7.964752096920485e-05,0.0,0.031235159496186698,0.00011088268194898201,,,,
2864,0.001,adam,2865,183.2346568107605,9.278414245057976e-05,0.0,0.0356737454226207,0.00012845788956761245,,,,
2865,0.001,adam,2866,183.30778741836548,9.806854158571651e-05,0.0,0.03152184035546176,0.00012959038343838536,,,,
2866,0.001,adam,2867,183.36734914779663,8.737710424773755e-05,0.0,0.03121641586620663,0.00011859352159664437,,,,
2867,0.001,adam,2868,183.4226152896881,7.493629034425094e-05,0.0,0.03442840008029493,0.00010936469205980712,,,,
2868,0.001,adam,2869,183.49345350265503,7.534991706822418e-05,0.0,0.030335246774917796,0.00010568516528398888,,,,
2869,0.001,adam,2870,183.54264426231384,8.244075510282245e-05,0.0,0.031184736811444225,0.00011362549339546219,,,,
2870,0.001,adam,2871,183.5949547290802,8.52072693427394e-05,0.0,0.033337153091659195,0.0001185444240178284,,,,
2871,0.001,adam,2872,183.64662146568298,7.842575222454751e-05,0.0,0.02298813798505105,0.00010141389130147653,,,,
2872,0.001,adam,2873,183.69835352897644,7.208565205623634e-05,0.0,0.03767499062561632,0.0001097606444713187,,,,
2873,0.001,adam,2874,183.74191093444824,7.339390231138471e-05,0.0,0.03242127464726934,0.00010581517849858198,,,,
2874,0.001,adam,2875,183.78875613212585,7.874731953751756e-05,0.0,0.034495557029623994,0.0001132428782055926,,,,
2875,0.001,adam,2876,183.8297905921936,8.215384832597905e-05,0.0,0.030836125330974518,0.00011298997512159093,,,,
2876,0.001,adam,2877,183.87288427352905,7.86805225925589e-05,0.0,0.033895089285599755,0.00011257561348808901,,,,
2877,0.001,adam,2878,183.93266487121582,7.514800605990236e-05,0.0,0.032501541880977855,0.00010764954948462062,,,,
2878,0.001,adam,2879,183.97788786888123,7.475806573749805e-05,0.0,0.03524933596254147,0.00011000740337429313,,,,
2879,0.001,adam,2880,184.0362684726715,8.015976050388383e-05,0.0,0.03551660228829777,0.00011567636447912968,0.0004915390413490412,0.0,0.030821585898820263,0.0005223606287118082
2880,0.001,adam,2881,184.13745284080505,8.379745409297058e-05,0.0,0.02925856775729163,0.00011305602323996961,,,,
2881,0.001,adam,2882,184.1901285648346,8.59837599617571e-05,0.0,0.030116750540719585,0.00011610051193294558,,,,
2882,0.001,adam,2883,184.24351024627686,8.60875752121973e-05,0.0,0.032241036357828864,0.0001183286131013932,,,,
2883,0.001,adam,2884,184.27981090545654,9.150201094066137e-05,0.0,0.03423344347885078,0.00012573545604551347,,,,
2884,0.001,adam,2885,184.33415389060974,9.855393965224375e-05,0.0,0.03527246436406577,0.00013382640569166166,,,,
2885,0.001,adam,2886,184.38120436668396,0.00010749894909633224,0.0,0.029134501392667912,0.0001366334518728147,,,,
2886,0.001,adam,2887,184.43398475646973,0.00011639521794322934,0.0,0.034836974433436294,0.00015123219403133313,,,,
2887,0.001,adam,2888,184.48052954673767,0.00012789054115707789,0.0,0.03132190747784299,0.00015921245012263165,,,,
2888,0.001,adam,2889,184.53789448738098,0.0001374260401132254,0.0,0.0330375726106321,0.000170463614293058,,,,
2889,0.001,adam,2890,184.5964810848236,0.0001454768600568418,0.0,0.032074022774078226,0.00017755088435435437,,,,
2890,0.001,adam,2891,184.64728021621704,0.00015529749620312792,0.0,0.03815146499308455,0.00019344896300830982,,,,
2891,0.001,adam,2892,184.6887767314911,0.00015655818908140063,0.0,0.02948546105326978,0.00018604365153515465,,,,
2892,0.001,adam,2893,184.74389815330505,0.0001543070437238215,0.0,0.03631566456084388,0.0001906227100095669,,,,
2893,0.001,adam,2894,184.815443277359,0.00014149457449037854,0.0,0.03169227554113333,0.00017318685153681418,,,,
2894,0.001,adam,2895,184.8559808731079,0.00012705897024385964,0.0,0.02926486739587828,0.00015632383902974454,,,,
2895,0.001,adam,2896,184.90983057022095,0.00011151284328860712,0.0,0.03340563102445792,0.00014491847589974735,,,,
2896,0.001,adam,2897,184.97341656684875,9.653989522737432e-05,0.0,0.037302097681186856,0.00013384199468031576,,,,
2897,0.001,adam,2898,185.0356924533844,8.752199764220416e-05,0.0,0.02752841054328254,0.00011505040949301604,,,,
2898,0.001,adam,2899,185.08704566955566,7.76791398539166e-05,0.0,0.028558654331390577,0.00010623779554177047,,,,
2899,0.001,adam,2900,185.15115404129028,7.241402677765486e-05,0.0,0.03670148441481673,0.00010911551293569856,0.0004752146076573739,0.0,0.03046412202119875,0.0005056787311255408
2900,0.001,adam,2901,185.21149611473083,7.229855418102693e-05,0.0,0.037066673892373156,0.00010936522983397262,,,,
2901,0.001,adam,2902,185.2615511417389,7.502392872749297e-05,0.0,0.039961147546868026,0.00011498507817241365,,,,
2902,0.001,adam,2903,185.30918955802917,8.157370320382815e-05,0.0,0.032555115343358074,0.00011412882009347123,,,,
2903,0.001,adam,2904,185.35762929916382,8.51082177364769e-05,0.0,0.03386359562146744,0.00011897181496637883,,,,
2904,0.001,adam,2905,185.40233421325684,8.792353186202411e-05,0.0,0.035425466719936606,0.0001233490002645801,,,,
2905,0.001,adam,2906,185.445467710495,8.876121755369787e-05,0.0,0.03063934735002056,0.00011940056635900933,,,,
2906,0.001,adam,2907,185.50795674324036,8.975336733738117e-05,0.0,0.038527724992897985,0.0001282810941602479,,,,
2907,0.001,adam,2908,185.5773105621338,8.705511546118719e-05,0.0,0.03678093425237463,0.00012383605146056245,,,,
2908,0.001,adam,2909,185.61396598815918,8.431384382162575e-05,0.0,0.03203068082374245,0.0001163445261667439,,,,
2909,0.001,adam,2910,185.67677760124207,7.90354334148567e-05,0.0,0.03012971822576203,0.00010916515307170355,,,,
2910,0.001,adam,2911,185.7152419090271,7.519740603214221e-05,0.0,0.02882088178211122,0.00010401828918317187,,,,
2911,0.001,adam,2912,185.76608753204346,7.197249643627568e-05,0.0,0.030751586777426725,0.00010272408467432441,,,,
2912,0.001,adam,2913,185.81869339942932,7.17692587624487e-05,0.0,0.028153271025811267,9.992253112546858e-05,,,,
2913,0.001,adam,2914,185.87252759933472,7.207720763216143e-05,0.0,0.025348456781755162,9.742566561790369e-05,,,,
2914,0.001,adam,2915,185.9120683670044,7.142235417191399e-05,0.0,0.03412345288869599,0.00010554580868138701,,,,
2915,0.001,adam,2916,185.9604091644287,7.158897556378181e-05,0.0,0.029475927603406865,0.00010106490456722011,,,,
2916,0.001,adam,2917,186.01694345474243,7.170902030397e-05,0.0,0.03347641499383449,0.00010518543688784889,,,,
2917,0.001,adam,2918,186.08177065849304,7.235012708587647e-05,0.0,0.02697264357900498,9.932277194601328e-05,,,,
2918,0.001,adam,2919,186.1343584060669,7.148381418666933e-05,0.0,0.03728359947377171,0.00010876741543131699,,,,
2919,0.001,adam,2920,186.18628787994385,7.230338658700603e-05,0.0,0.03572201929065582,0.00010802540757436672,0.00046637404677288854,0.0,0.03035333520756273,0.0004967273834221573
2920,0.001,adam,2921,186.26118874549866,7.180490521925598e-05,0.0,0.02870295804170721,0.00010050786462428054,,,,
2921,0.001,adam,2922,186.3160047531128,7.193329943191202e-05,0.0,0.03138852347241633,0.00010332182439520322,,,,
2922,0.001,adam,2923,186.36013865470886,7.206000826342678e-05,0.0,0.029953308667435535,0.00010201331835356813,,,,
2923,0.001,adam,2924,186.41609716415405,7.356967589169752e-05,0.0,0.031041152988549463,0.00010461083035462264,,,,
2924,0.001,adam,2925,186.46761894226074,7.274494966901328e-05,0.0,0.03471661424336471,0.00010746156556132868,,,,
2925,0.001,adam,2926,186.5285403728485,7.464484338102784e-05,0.0,0.03394584860656298,0.00010859069359993212,,,,
2926,0.001,adam,2927,186.59232354164124,7.503454301425747e-05,0.0,0.044811756346109254,0.00011984630148881094,,,,
2927,0.001,adam,2928,186.6524748802185,7.695740090925019e-05,0.0,0.03290758798448258,0.00010986499045675932,,,,
2928,0.001,adam,2929,186.70081758499146,7.822319316531458e-05,0.0,0.03429043493161852,0.00011251362972564135,,,,
2929,0.001,adam,2930,186.76841759681702,7.898855254530711e-05,0.0,0.03306777269049426,0.0001120563268064363,,,,
2930,0.001,adam,2931,186.83667755126953,7.928157227337755e-05,0.0,0.03289079203379497,0.0001121723658694013,,,,
2931,0.001,adam,2932,186.8896677494049,8.158505845129957e-05,0.0,0.03774285305136983,0.00011932791329535874,,,,
2932,0.001,adam,2933,186.9415578842163,8.421120077737079e-05,0.0,0.023432704601769647,0.00010764390649213418,,,,
2933,0.001,adam,2934,186.99353909492493,8.73896812503857e-05,0.0,0.04811944600885859,0.00013550912954479535,,,,
2934,0.001,adam,2935,187.0570466518402,8.89720280962229e-05,0.0,0.02999677060159491,0.00011896880012258795,,,,
2935,0.001,adam,2936,187.1189911365509,9.17029811505744e-05,0.0,0.03125713242002122,0.00012296011505522975,,,,
2936,0.001,adam,2937,187.17602109909058,9.44864086112066e-05,0.0,0.03172338130052523,0.00012620979141851157,,,,
2937,0.001,adam,2938,187.22276997566223,0.00010290947462284898,0.0,0.028774974115822895,0.0001316844501054098,,,,
2938,0.001,adam,2939,187.27498531341553,0.00011227876277921654,0.0,0.03316743474848526,0.00014544619910307043,,,,
2939,0.001,adam,2940,187.3435935974121,0.0001247542846204897,0.0,0.032246363258024394,0.00015700064941013417,0.0005524403689300088,0.0,0.03231572312414552,0.0005847560935890688
2940,0.001,adam,2941,187.44182634353638,0.0001371052164591278,0.0,0.03391743065851621,0.00017102264872863554,,,,
2941,0.001,adam,2942,187.51894450187683,0.0001499737560595191,0.0,0.030624493419040343,0.00018059825093314484,,,,
2942,0.001,adam,2943,187.58025193214417,0.00016657267179335885,0.0,0.031000798471193903,0.00019757347173701166,,,,
2943,0.001,adam,2944,187.65045714378357,0.00017409101389052008,0.0,0.02661728273914753,0.0002007082978939207,,,,
2944,0.001,adam,2945,187.7114942073822,0.0001789678391485688,0.0,0.033378213725556036,0.00021234605445950492,,,,
2945,0.001,adam,2946,187.76259970664978,0.00016973377191065078,0.0,0.029953886988915324,0.00019968766032229938,,,,
2946,0.001,adam,2947,187.81224608421326,0.0001602206665412189,0.0,0.02617614228712849,0.00018639681007164742,,,,
2947,0.001,adam,2948,187.87359428405762,0.00013300374959360987,0.0,0.026901027116022342,0.00015990477798736243,,,,
2948,0.001,adam,2949,187.93744468688965,0.00010618796277460416,0.0,0.043551051014965154,0.00014973901585813324,,,,
2949,0.001,adam,2950,187.98955845832825,8.740917814957261e-05,0.0,0.02558367539263105,0.00011299285475736304,,,,
2950,0.001,adam,2951,188.0411102771759,7.412596836408643e-05,0.0,0.02752740851779194,0.00010165337818936012,,,,
2951,0.001,adam,2952,188.09121298789978,7.035691099229195e-05,0.0,0.027916110932754166,9.827302325099024e-05,,,,
2952,0.001,adam,2953,188.13859224319458,7.239989202238728e-05,0.0,0.03754547729599315,0.00010994537110169491,,,,
2953,0.001,adam,2954,188.17943453788757,7.718077450153709e-05,0.0,0.03142779351776746,0.00010860856951204465,,,,
2954,0.001,adam,2955,188.24106287956238,8.4596741184385e-05,0.0,0.02566296366536236,0.00011025970606867273,,,,
2955,0.001,adam,2956,188.284334897995,8.888077628687918e-05,0.0,0.025584731106326523,0.00011446550860841523,,,,
2956,0.001,adam,2957,188.36124658584595,8.99529831567568e-05,0.0,0.03162677028573591,0.0001215797549446837,,,,
2957,0.001,adam,2958,188.39891624450684,8.638235351061359e-05,0.0,0.028201739337111165,0.0001145840941872355,,,,
2958,0.001,adam,2959,188.4531946182251,8.125773572101617e-05,0.0,0.0265029018151564,0.00010776063879499285,,,,
2959,0.001,adam,2960,188.50892806053162,7.54553861477192e-05,0.0,0.031945279996999185,0.00010740066766203777,0.00046342869102184033,0.0,0.02854443060449377,0.0004919731229821218
2960,0.001,adam,2961,188.58300971984863,7.221468905108459e-05,0.0,0.0327817955124992,0.00010499648612063552,,,,
2961,0.001,adam,2962,188.62552404403687,7.060923497666244e-05,0.0,0.03491814948706959,0.00010552738612225514,,,,
2962,0.001,adam,2963,188.69588685035706,6.947821079203327e-05,0.0,0.028889058898652932,9.836727106284287e-05,,,,
2963,0.001,adam,2964,188.7456464767456,7.130316051049422e-05,0.0,0.03141779378078161,0.00010272095578354097,,,,
2964,0.001,adam,2965,188.7956666946411,7.254872265509237e-05,0.0,0.031875394627418466,0.00010442411879651084,,,,
2965,0.001,adam,2966,188.84530806541443,7.587374262821773e-05,0.0,0.03436399705708273,0.00011023774131750274,,,,
2966,0.001,adam,2967,188.90931153297424,7.655302359354816e-05,0.0,0.04049838052361002,0.00011705140604072803,,,,
2967,0.001,adam,2968,188.96337509155273,7.787838127405366e-05,0.0,0.03295928031489137,0.00011083766315442685,,,,
2968,0.001,adam,2969,189.01809310913086,7.565488392830646e-05,0.0,0.035658819686454145,0.00011131370530846366,,,,
2969,0.001,adam,2970,189.08946180343628,7.458396507934317e-05,0.0,0.03670922242399845,0.00011129318924693612,,,,
2970,0.001,adam,2971,189.16161155700684,7.28903717830743e-05,0.0,0.031128317906179835,0.0001040186911677699,,,,
2971,0.001,adam,2972,189.22810006141663,7.221544869380856e-05,0.0,0.031307081467463214,0.00010352253164827836,,,,
2972,0.001,adam,2973,189.27213096618652,7.031842814251452e-05,0.0,0.02887130239066261,9.918973190449041e-05,,,,
2973,0.001,adam,2974,189.31824731826782,6.885896042190034e-05,0.0,0.027406864904533534,9.626582662819011e-05,,,,
2974,0.001,adam,2975,189.36755657196045,6.879354119624154e-05,0.0,0.03753628420784687,0.00010632982718696624,,,,
2975,0.001,adam,2976,189.41725277900696,6.953777827918857e-05,0.0,0.02875876064305139,9.829654028820779e-05,,,,
2976,0.001,adam,2977,189.4575662612915,7.074871058435219e-05,0.0,0.03367125382149577,0.0001044199660051467,,,,
2977,0.001,adam,2978,189.4979600906372,7.123473406698952e-05,0.0,0.03049284253876374,0.00010172757805408555,,,,
2978,0.001,adam,2979,189.5362696647644,7.236845759147461e-05,0.0,0.03026831570021924,0.0001026367747293617,,,,
2979,0.001,adam,2980,189.58007144927979,7.290181063427393e-05,0.0,0.039217059077828645,0.00011211887157481292,0.00046805870666775587,0.0,0.028676265402712797,0.0004967349734325182
2980,0.001,adam,2981,189.6687717437744,7.483069538084188e-05,0.0,0.03212330031251967,0.00010695399721913644,,,,
2981,0.001,adam,2982,189.71932935714722,7.40344519630234e-05,0.0,0.028272204727033172,0.00010230665803291424,,,,
2982,0.001,adam,2983,189.76750993728638,7.412137456390428e-05,0.0,0.02895534022552152,0.00010307671616473067,,,,
2983,0.001,adam,2984,189.81126856803894,7.327045479415845e-05,0.0,0.036977414740734585,0.00011024787129122599,,,,
2984,0.001,adam,2985,189.85984468460083,7.409983307432518e-05,0.0,0.030480402693664234,0.00010458023721573086,,,,
2985,0.001,adam,2986,189.91856598854065,7.358390675850734e-05,0.0,0.030696822579992365,0.00010428073079652055,,,,
2986,0.001,adam,2987,189.97216296195984,7.562695563001902e-05,0.0,0.03764266860637029,0.00011326962602432013,,,,
2987,0.001,adam,2988,190.03111028671265,7.62917009171542e-05,0.0,0.032221860376309364,0.0001085135628239198,,,,
2988,0.001,adam,2989,190.0891661643982,7.715074040703293e-05,0.0,0.024034557116908346,0.00010118529866552149,,,,
2989,0.001,adam,2990,190.16559600830078,7.656345263567916e-05,0.0,0.026229494998788294,0.00010279294888030162,,,,
2990,0.001,adam,2991,190.23192071914673,7.797733704463492e-05,0.0,0.02753005981149002,0.00010550739816373262,,,,
2991,0.001,adam,2992,190.28151440620422,7.823930748883285e-05,0.0,0.033620297502797034,0.00011185960658850833,,,,
2992,0.001,adam,2993,190.33999276161194,8.267146776606699e-05,0.0,0.03240856491361643,0.00011508003421900766,,,,
2993,0.001,adam,2994,190.39101672172546,8.683326948719534e-05,0.0,0.036566258958501116,0.00012339953018250055,,,,
2994,0.001,adam,2995,190.45295238494873,9.317577195729494e-05,0.0,0.025951127439796683,0.00011912690062970403,,,,
2995,0.001,adam,2996,190.51163578033447,9.645043026175748e-05,0.0,0.03280777024279745,0.0001292582020628404,,,,
2996,0.001,adam,2997,190.57318902015686,0.00010139845718576857,0.0,0.029539378150730912,0.00013093783673954465,,,,
2997,0.001,adam,2998,190.6175091266632,0.00010708964752873951,0.0,0.0286489614981196,0.00013573861038761176,,,,
2998,0.001,adam,2999,190.66131949424744,0.00011655271264230971,0.0,0.030508511327732524,0.00014706122541911876,,,,
2999,0.001,adam,3000,190.71123909950256,0.00012728639373214942,0.0,0.03445337551870116,0.0001617397708872981,0.0005016332370738051,0.0,0.028808041938808957,0.0005304412803809226
3000,0.001,adam,3001,190.78695249557495,0.0001375580132042792,0.0,0.02872976146703743,0.00016628777603590707,,,,
3001,0.001,adam,3002,190.8282196521759,0.00015188051484327323,0.0,0.03243780775318654,0.00018431832413717296,,,,
3002,0.001,adam,3003,190.898540019989,0.0001608871736957285,0.0,0.033974222947725764,0.00019486139825714325,,,,
3003,0.001,adam,3004,190.93943691253662,0.0001740883271260124,0.0,0.04777708021713139,0.00022186540961243335,,,,
3004,0.001,adam,3005,191.00013375282288,0.0001773832326053025,0.0,0.02540381819410109,0.0002027870520060202,,,,
3005,0.001,adam,3006,191.04178166389465,0.00017533911098962623,0.0,0.03209560925639342,0.0002074347217704793,,,,
3006,0.001,adam,3007,191.10797262191772,0.00015619334250217923,0.0,0.030577329102402573,0.000186770673056927,,,,
3007,0.001,adam,3008,191.15910506248474,0.00013160727340818496,0.0,0.028404335790345826,0.00016001161054766434,,,,
3008,0.001,adam,3009,191.19838666915894,0.00010273850201918828,0.0,0.03311266969568151,0.0001358511732876372,,,,
3009,0.001,adam,3010,191.25190114974976,7.91401545147237e-05,0.0,0.02774500446938155,0.00010688516030192225,,,,
3010,0.001,adam,3011,191.31642985343933,6.976969648375892e-05,0.0,0.02851849939213294,9.82881972304479e-05,,,,
3011,0.001,adam,3012,191.37861227989197,7.034568591775111e-05,0.0,0.033831460367703285,0.00010417714789236253,,,,
3012,0.001,adam,3013,191.42635679244995,7.683494424785473e-05,0.0,0.0266175579806776,0.00010345250349279849,,,,
3013,0.001,adam,3014,191.47874450683594,8.748955744926808e-05,0.0,0.025666087051062554,0.00011315564571940435,,,,
3014,0.001,adam,3015,191.551899433136,9.299317675387126e-05,0.0,0.0318866015151148,0.00012487977978351835,,,,
3015,0.001,adam,3016,191.609956741333,9.604530641951234e-05,0.0,0.03227738307538648,0.00012832269102799226,,,,
3016,0.001,adam,3017,191.6662561893463,9.242725767206674e-05,0.0,0.031284255755011474,0.00012371151491300062,,,,
3017,0.001,adam,3018,191.71778011322021,8.713014896645059e-05,0.0,0.03152675028530778,0.00011865690074919864,,,,
3018,0.001,adam,3019,191.78841423988342,7.932650908120326e-05,0.0,0.027770425315114033,0.00010709693571534172,,,,
3019,0.001,adam,3020,191.84480953216553,7.230144706262813e-05,0.0,0.0401816231094862,0.00011248307208063901,0.00046398897974811427,0.0,0.028776781482594396,0.0004927657625975325
3020,0.001,adam,3021,191.9339051246643,6.943177288645325e-05,0.0,0.030282092340247774,9.971386666502323e-05,,,,
3021,0.001,adam,3022,191.99452996253967,7.031543072188464e-05,0.0,0.029895064645479603,0.00010021049678730361,,,,
3022,0.001,adam,3023,192.06255650520325,7.468702067734295e-05,0.0,0.02982077242859834,0.00010450779452235197,,,,
3023,0.001,adam,3024,192.11635780334473,7.854454477542246e-05,0.0,0.026266479067848354,0.00010481102509086162,,,,
3024,0.001,adam,3025,192.17192888259888,8.185673053088105e-05,0.0,0.02658024265609189,0.00010843697444946672,,,,
3025,0.001,adam,3026,192.23999500274658,8.239389216082918e-05,0.0,0.03329491769987516,0.00011568881144212806,,,,
3026,0.001,adam,3027,192.29424381256104,8.13295352435743e-05,0.0,0.04343341064783766,0.00012476294795438827,,,,
3027,0.001,adam,3028,192.36028480529785,7.81829296873679e-05,0.0,0.028603837065337562,0.00010678676811131483,,,,
3028,0.001,adam,3029,192.41826915740967,7.706628084130842e-05,0.0,0.035513673201107834,0.00011257995572922522,,,,
3029,0.001,adam,3030,192.48106622695923,7.842957361465572e-05,0.0,0.02805024354526431,0.00010647981849223511,,,,
3030,0.001,adam,3031,192.5501458644867,8.328602926931492e-05,0.0,0.02933446046793492,0.00011262049113056195,,,,
3031,0.001,adam,3032,192.6083824634552,8.895168503090514e-05,0.0,0.029089568570483577,0.00011804125498306909,,,,
3032,0.001,adam,3033,192.68322658538818,9.499320010038247e-05,0.0,0.06379082227195779,0.00015878402540224176,,,,
3033,0.001,adam,3034,192.742684841156,0.00010569905994623615,0.0,0.025069288304540843,0.0001307683494415043,,,,
3034,0.001,adam,3035,192.79977226257324,0.00012080276932377795,0.0,0.03612476086335022,0.00015692753190296225,,,,
3035,0.001,adam,3036,192.8774893283844,0.00014379703950748927,0.0,0.028342487253778213,0.00017213952810746339,,,,
3036,0.001,adam,3037,192.91399693489075,0.00017020672255343769,0.0,0.04328267191843113,0.00021348939652768542,,,,
3037,0.001,adam,3038,192.9642653465271,0.0002084689125685443,0.0,0.03135525068906027,0.00023982416474689904,,,,
3038,0.001,adam,3039,193.02180671691895,0.0002443446906661889,0.0,0.02914130134021225,0.00027348599339053873,,,,
3039,0.001,adam,3040,193.08349108695984,0.00028000807083685677,0.0,0.02469779550775091,0.00030470586751769,0.0006914654198992011,0.0,0.02973253385612348,0.0007211979551675442
3040,0.001,adam,3041,193.14353823661804,0.0002924689090352124,0.0,0.033063954976304585,0.0003255328655819706,,,,
3041,0.001,adam,3042,193.20457410812378,0.00028358740409432877,0.0,0.033692517290877716,0.0003172799229855152,,,,
3042,0.001,adam,3043,193.26164841651917,0.00023245345549348313,0.0,0.039889421159706825,0.0002723428785478358,,,,
3043,0.001,adam,3044,193.3121635913849,0.0001637679177620438,0.0,0.03217140914788831,0.00019593932843799204,,,,
3044,0.001,adam,3045,193.35319471359253,0.00010071981512278848,0.0,0.021311532992879006,0.00012203134912791099,,,,
3045,0.001,adam,3046,193.39878034591675,7.289684074284401e-05,0.0,0.02740691429311288,0.00010030375633771547,,,,
3046,0.001,adam,3047,193.45418405532837,8.794103360726533e-05,0.0,0.02965938097784952,0.00011760041599385986,,,,
3047,0.001,adam,3048,193.50074672698975,0.00011992266103217305,0.0,0.031180616423763397,0.00015110327893693625,,,,
3048,0.001,adam,3049,193.54852080345154,0.000142650969663671,0.0,0.028415925184402245,0.00017106689619775727,,,,
3049,0.001,adam,3050,193.59238648414612,0.00013117468094606789,0.0,0.026850517821664355,0.0001580252000430634,,,,
3050,0.001,adam,3051,193.65205121040344,0.00010248290533432771,0.0,0.029478591942463484,0.00013196149867694917,,,,
3051,0.001,adam,3052,193.70217967033386,7.763209950108088e-05,0.0,0.032171275827928884,0.00010980337685706338,,,,
3052,0.001,adam,3053,193.7522475719452,7.303374197402033e-05,0.0,0.035688826582939634,0.00010872257025208826,,,,
3053,0.001,adam,3054,193.78991842269897,8.58208469287291e-05,0.0,0.02862840899645024,0.00011444925728495579,,,,
3054,0.001,adam,3055,193.83348870277405,9.912664560229873e-05,0.0,0.02757063032650351,0.0001266972772383369,,,,
3055,0.001,adam,3056,193.88521552085876,0.0001020629531936728,0.0,0.031712835630023556,0.00013377579032997522,,,,
3056,0.001,adam,3057,193.92780923843384,9.250700177393572e-05,0.0,0.03602428956752618,0.00012853129305252385,,,,
3057,0.001,adam,3058,193.96583533287048,8.667249341524898e-05,0.0,0.03576393874956493,0.00012243643386350986,,,,
3058,0.001,adam,3059,194.0184826850891,8.422251104804609e-05,0.0,0.03175123709932655,0.00011597374965547548,,,,
3059,0.001,adam,3060,194.0643973350525,8.398847915058039e-05,0.0,0.02709062763055766,0.00011107910806787381,0.0004819728877772464,0.0,0.030522118547503613,0.0005124950077744729
3060,0.001,adam,3061,194.14312648773193,8.550129049299592e-05,0.0,0.04310924347624749,0.0001286105360168226,,,,
3061,0.001,adam,3062,194.1981806755066,8.498423360352609e-05,0.0,0.030040860298053956,0.00011502509532844435,,,,
3062,0.001,adam,3063,194.25134301185608,8.287712980037023e-05,0.0,0.028013844295110907,0.00011089097542606734,,,,
3063,0.001,adam,3064,194.3117082118988,7.837393433670812e-05,0.0,0.032354411859794,0.00011072834773325422,,,,
3064,0.001,adam,3065,194.36474299430847,7.459071143090583e-05,0.0,0.061278848645149854,0.00013586956298664482,,,,
3065,0.001,adam,3066,194.41974639892578,7.198017374544017e-05,0.0,0.02908573904790973,0.00010106591417484838,,,,
3066,0.001,adam,3067,194.47559595108032,7.354139575473964e-05,0.0,0.03420897088786613,0.0001077503682674447,,,,
3067,0.001,adam,3068,194.53110218048096,7.603785983453105e-05,0.0,0.029584676188268166,0.00010562253742799593,,,,
3068,0.001,adam,3069,194.5865650177002,7.575615438234515e-05,0.0,0.031356203005296554,0.00010711235887698144,,,,
3069,0.001,adam,3070,194.64117121696472,7.37198757055973e-05,0.0,0.03229384649395347,0.00010601372373342618,,,,
3070,0.001,adam,3071,194.7022693157196,6.992845614276692e-05,0.0,0.03837264894779198,0.00010830110691316192,,,,
3071,0.001,adam,3072,194.76706671714783,6.82525963542415e-05,0.0,0.030025007860478757,9.82776056408316e-05,,,,
3072,0.001,adam,3073,194.81854033470154,7.102123206444378e-05,0.0,0.03314589840116492,0.00010416713203995439,,,,
3073,0.001,adam,3074,194.86632704734802,7.3888962560274e-05,0.0,0.027035826723422633,0.00010092479056782949,,,,
3074,0.001,adam,3075,194.93062710762024,7.518534803836365e-05,0.0,0.044466422275614016,0.0001196517724260194,,,,
3075,0.001,adam,3076,194.98022270202637,7.24463073173247e-05,0.0,0.02731555216323569,9.976186077797949e-05,,,,
3076,0.001,adam,3077,195.03126502037048,7.102624338160204e-05,0.0,0.027509186889774967,9.853543157799328e-05,,,,
3077,0.001,adam,3078,195.078031539917,7.049939795678495e-05,0.0,0.03473819947020825,0.00010523759907696914,,,,
3078,0.001,adam,3079,195.13848686218262,7.302714536612481e-05,0.0,0.029003812638639354,0.00010203095938237134,,,,
3079,0.001,adam,3080,195.1972849369049,7.520519554930212e-05,0.0,0.029683183847404548,0.00010488838080658225,0.0004579666557509821,0.0,0.02890530878246891,0.0004868719659063795
3080,0.001,adam,3081,195.29493689537048,7.70537171170203e-05,0.0,0.036301294819025054,0.00011335501366026434,,,,
3081,0.001,adam,3082,195.34419870376587,7.585470751456763e-05,0.0,0.031883084302577885,0.00010773779333151076,,,,
3082,0.001,adam,3083,195.39516472816467,7.67068646717046e-05,0.0,0.03047315150903357,0.00010718001762813521,,,,
3083,0.001,adam,3084,195.45778584480286,7.723866724295141e-05,0.0,0.032906523826902886,0.00011014519263283031,,,,
3084,0.001,adam,3085,195.51259922981262,8.105367923867092e-05,0.0,0.03043030249587081,0.00011148398317990354,,,,
3085,0.001,adam,3086,195.56325221061707,8.330236533112985e-05,0.0,0.02956887715388678,0.00011287124388946293,,,,
3086,0.001,adam,3087,195.62035202980042,8.870335456901616e-05,0.0,0.03383965703194021,0.00012254301320825385,,,,
3087,0.001,adam,3088,195.67263412475586,9.387938678254172e-05,0.0,0.033301288535930826,0.00012718067690019888,,,,
3088,0.001,adam,3089,195.72171068191528,0.0001033169334150679,0.0,0.027808552561129674,0.00013112548729703294,,,,
3089,0.001,adam,3090,195.75998091697693,0.00011250076309311612,0.0,0.03391551103909978,0.00014641627574311624,,,,
3090,0.001,adam,3091,195.81473016738892,0.00012566976385161363,0.0,0.028401796394265943,0.0001540715615948925,,,,
3091,0.001,adam,3092,195.8530135154724,0.00014120660565252065,0.0,0.02721526757415283,0.00016842187451932933,,,,
3092,0.001,adam,3093,195.90727424621582,0.00015599055820510475,0.0,0.03232927112689988,0.00018831983086756263,,,,
3093,0.001,adam,3094,195.94994640350342,0.00017482807227230975,0.0,0.033064671184405134,0.0002078927450272025,,,,
3094,0.001,adam,3095,196.01243829727173,0.00018583406569369108,0.0,0.0346801852399661,0.0002205142525808776,,,,
3095,0.001,adam,3096,196.05412936210632,0.00019819385139913513,0.0,0.03626251295076094,0.00023445636607227302,,,,
3096,0.001,adam,3097,196.09559965133667,0.00018717913770342735,0.0,0.030449025566547393,0.00021762816471622586,,,,
3097,0.001,adam,3098,196.1400957107544,0.000169323850769002,0.0,0.032547328601570044,0.0002018711809164872,,,,
3098,0.001,adam,3099,196.1879940032959,0.0001371536665129529,0.0,0.030420261010965906,0.00016757392896880367,,,,
3099,0.001,adam,3100,196.2412712574005,0.00010611069621186569,0.0,0.030132547782879732,0.00013624324542596463,0.0004592718743338322,0.0,0.02809627860337091,0.00048736815427170475
3100,0.001,adam,3101,196.3226673603058,8.099696136708501e-05,0.0,0.03087677188881016,0.00011187373472246314,,,,
3101,0.001,adam,3102,196.36870121955872,6.804167658584849e-05,0.0,0.030842436670388707,9.888411472117433e-05,,,,
3102,0.001,adam,3103,196.4153790473938,6.929792155917341e-05,0.0,0.026754376477031005,9.605229930696911e-05,,,,
3103,0.001,adam,3104,196.4698543548584,7.924956756493628e-05,0.0,0.026960564410101983,0.00010621013325559636,,,,
3104,0.001,adam,3105,196.51402282714844,8.9166519805077e-05,0.0,0.03181542453197802,0.0001209819458482066,,,,
3105,0.001,adam,3106,196.56072282791138,9.710567141568802e-05,0.0,0.026062064875186176,0.00012316773752875585,,,,
3106,0.001,adam,3107,196.60501265525818,9.933777625383727e-05,0.0,0.03132731781769797,0.000130665095559503,,,,
3107,0.001,adam,3108,196.65371990203857,9.690020808743918e-05,0.0,0.03860363662708879,0.00013550384654810232,,,,
3108,0.001,adam,3109,196.6922845840454,8.587158933781143e-05,0.0,0.02508501073958296,0.00011095660126886846,,,,
3109,0.001,adam,3110,196.7379231452942,7.727781073822194e-05,0.0,0.030665330835379007,0.00010794314303012601,,,,
3110,0.001,adam,3111,196.7941517829895,7.049629687114313e-05,0.0,0.030145288960629714,0.00010064158726359724,,,,
3111,0.001,adam,3112,196.84745335578918,6.737160021695292e-05,0.0,0.03128264230555526,9.865424400835396e-05,,,,
3112,0.001,adam,3113,196.9008617401123,6.920527306296163e-05,0.0,0.031764728738338945,0.00010097000331004423,,,,
3113,0.001,adam,3114,196.9525909423828,7.227821189845897e-05,0.0,0.030208695674194302,0.00010248690900748932,,,,
3114,0.001,adam,3115,197.01447820663452,7.774880493641467e-05,0.0,0.024439197687304633,0.0001021880037845189,,,,
3115,0.001,adam,3116,197.06983971595764,7.854993304228324e-05,0.0,0.025622426341055472,0.00010417236060033866,,,,
3116,0.001,adam,3117,197.12168264389038,7.897467615784356e-05,0.0,0.02515051702251921,0.00010412519437494824,,,,
3117,0.001,adam,3118,197.16835260391235,7.450515798600521e-05,0.0,0.03029940353450744,0.00010480456295965709,,,,
3118,0.001,adam,3119,197.2029676437378,7.179947740138423e-05,0.0,0.026643034183464122,9.844251285032458e-05,,,,
3119,0.001,adam,3120,197.2571268081665,6.91658464657241e-05,0.0,0.02680953144811534,9.597537918722386e-05,0.0004552303684545022,0.0,0.02844814717866548,0.00048367851698438214
3120,0.001,adam,3121,197.34737920761108,6.933652099398176e-05,0.0,0.03437895885723896,0.00010371548148413364,,,,
3121,0.001,adam,3122,197.4041097164154,6.89328406599457e-05,0.0,0.031948595705989284,0.00010088143788341186,,,,
3122,0.001,adam,3123,197.44837760925293,6.87248837996529e-05,0.0,0.03458890964286959,0.00010331379508540754,,,,
3123,0.001,adam,3124,197.5096035003662,6.978529617286447e-05,0.0,0.02839376403403985,9.817906155553574e-05,,,,
3124,0.001,adam,3125,197.57836484909058,7.15420894048612e-05,0.0,0.02731197189993686,9.885406260204711e-05,,,,
3125,0.001,adam,3126,197.6239275932312,7.403969404936724e-05,0.0,0.030529177438462958,0.00010456887293788832,,,,
3126,0.001,adam,3127,197.69357085227966,7.395073406788835e-05,0.0,0.03890942217379782,0.00011286015808978456,,,,
3127,0.001,adam,3128,197.75155520439148,7.384702746246369e-05,0.0,0.026587083579857486,0.00010043411230513987,,,,
3128,0.001,adam,3129,197.8262915611267,7.122659237522678e-05,0.0,0.028278958067606653,9.950555178601186e-05,,,,
3129,0.001,adam,3130,197.8836374282837,6.85430327658474e-05,0.0,0.029178159117550263,9.772119326928586e-05,,,,
3130,0.001,adam,3131,197.92891454696655,6.600335436747201e-05,0.0,0.02918562809053088,9.518898384424584e-05,,,,
3131,0.001,adam,3132,197.97774744033813,6.518286596660891e-05,0.0,0.022368368097591657,8.755123512664105e-05,,,,
3132,0.001,adam,3133,198.0278606414795,6.556852148363865e-05,0.0,0.02908257914601975,9.465110201100679e-05,,,,
3133,0.001,adam,3134,198.09457063674927,6.594075373892305e-05,0.0,0.027971644381627837,9.391239944913271e-05,,,,
3134,0.001,adam,3135,198.1503038406372,6.74780375710609e-05,0.0,0.03145160046406433,9.892963952899609e-05,,,,
3135,0.001,adam,3136,198.2076072692871,6.77710699429733e-05,0.0,0.034052062955354,0.0001018231345157135,,,,
3136,0.001,adam,3137,198.2638566493988,6.880965440750012e-05,0.0,0.027054503441376,9.586415913389609e-05,,,,
3137,0.001,adam,3138,198.30562138557434,6.869069821731928e-05,0.0,0.03292418585806317,0.00010161488563919737,,,,
3138,0.001,adam,3139,198.34637308120728,7.035976468134846e-05,0.0,0.03768674094692613,0.00010804650741829873,,,,
3139,0.001,adam,3140,198.39633560180664,6.98555751586349e-05,0.0,0.03096953060484897,0.00010082510723445764,0.0004580774845389927,0.0,0.027671974481347714,0.00048574946033468866
3140,0.001,adam,3141,198.46623730659485,7.043227109052879e-05,0.0,0.03159587762745726,0.00010202815021870971,,,,
3141,0.001,adam,3142,198.5271577835083,6.871114805609363e-05,0.0,0.027313177061532596,9.602432641493252e-05,,,,
3142,0.001,adam,3143,198.56788229942322,6.892810146729522e-05,0.0,0.02500587402076197,9.393397667577247e-05,,,,
3143,0.001,adam,3144,198.62019205093384,6.778220752217916e-05,0.0,0.03370308017406549,0.00010148528929705507,,,,
3144,0.001,adam,3145,198.67655563354492,6.768902547272775e-05,0.0,0.03424639623727507,0.00010193542333661936,,,,
3145,0.001,adam,3146,198.72813773155212,6.785386948234138e-05,0.0,0.024928360714329915,9.27822313807049e-05,,,,
3146,0.001,adam,3147,198.78483510017395,6.92901292620603e-05,0.0,0.041171643049999436,0.00011046177426760786,,,,
3147,0.001,adam,3148,198.84181356430054,6.99758348122318e-05,0.0,0.02905710749015606,9.90329436825264e-05,,,,
3148,0.001,adam,3149,198.89562034606934,7.168578020694258e-05,0.0,0.024496516309198867,9.618229767966353e-05,,,,
3149,0.001,adam,3150,198.9605746269226,7.13500311347999e-05,0.0,0.027092521188196994,9.84425536098226e-05,,,,
3150,0.001,adam,3151,199.0198769569397,7.320260818259479e-05,0.0,0.027902680224915193,0.00010110528973281618,,,,
3151,0.001,adam,3152,199.08239245414734,7.388578236236325e-05,0.0,0.03389605812760713,0.00010778184209994676,,,,
3152,0.001,adam,3153,199.13070154190063,7.797424240109924e-05,0.0,0.03406280897419363,0.00011203705299318948,,,,
3153,0.001,adam,3154,199.18649172782898,8.114586584342496e-05,0.0,0.037540111884952744,0.00011868597951143734,,,,
3154,0.001,adam,3155,199.24728727340698,8.589327323767883e-05,0.0,0.02682971967981427,0.00011272299419183641,,,,
3155,0.001,adam,3156,199.299010515213,9.010137569671835e-05,0.0,0.027839729336783154,0.0001179411063558177,,,,
3156,0.001,adam,3157,199.35127687454224,9.604147377632096e-05,0.0,0.02654141298998388,0.0001225828880269543,,,,
3157,0.001,adam,3158,199.40499138832092,0.00010052015721603882,0.0,0.03346239539777087,0.0001339825542031882,,,,
3158,0.001,adam,3159,199.45149517059326,0.00010894202375421673,0.0,0.028520191187151146,0.00013746221629600428,,,,
3159,0.001,adam,3160,199.49130272865295,0.00011992057208210882,0.0,0.03480759074186422,0.0001547281644772449,0.00048448967485074094,0.0,0.02826098612702622,0.000512750662320092
3160,0.001,adam,3161,199.5871865749359,0.0001264543044080388,0.0,0.031059680709621052,0.00015751398659291554,,,,
3161,0.001,adam,3162,199.65109181404114,0.0001341433271950871,0.0,0.03168608205727104,0.00016582941075736629,,,,
3162,0.001,adam,3163,199.70805764198303,0.0001345621892132728,0.0,0.029589401986462916,0.00016415159260515692,,,,
3163,0.001,adam,3164,199.76356196403503,0.00013353300745829274,0.0,0.031352449438025495,0.00016488545838547967,,,,
3164,0.001,adam,3165,199.81651711463928,0.00012731420649828387,0.0,0.026575882333801155,0.0001538900900943717,,,,
3165,0.001,adam,3166,199.863098859787,0.00011778548281010864,0.0,0.03244132777189086,0.0001502268121228799,,,,
3166,0.001,adam,3167,199.90545892715454,0.00010676616545357893,0.0,0.04184651284218873,0.00014861268028337036,,,,
3167,0.001,adam,3168,199.9500069618225,9.380873900786375e-05,0.0,0.029812055054527154,0.00012362079547838755,,,,
3168,0.001,adam,3169,199.99513959884644,8.29106408804837e-05,0.0,0.030157464628282327,0.00011306810694116873,,,,
3169,0.001,adam,3170,200.03613805770874,7.270808381860591e-05,0.0,0.029704111105671026,0.00010241219633514651,,,,
3170,0.001,adam,3171,200.08647894859314,6.739118858094371e-05,0.0,0.0287685540108103,9.6159743958187e-05,,,,
3171,0.001,adam,3172,200.1450743675232,6.681509532090917e-05,0.0,0.03371831913707315,0.00010053341605951655,,,,
3172,0.001,adam,3173,200.19205355644226,6.998355693115435e-05,0.0,0.033458823468243165,0.00010344238198860636,,,,
3173,0.001,adam,3174,200.25038599967957,7.736714015248233e-05,0.0,0.030814968260704262,0.00010818210987681906,,,,
3174,0.001,adam,3175,200.3005497455597,8.648699560778793e-05,0.0,0.03211403786029189,0.00011860103499341477,,,,
3175,0.001,adam,3176,200.36947417259216,9.876524164030825e-05,0.0,0.02650330280010449,0.00012526854569925206,,,,
3176,0.001,adam,3177,200.4280343055725,0.00010806282724505354,0.0,0.03265654017829271,0.00014071936897444868,,,,
3177,0.001,adam,3178,200.48596739768982,0.00011417348068077469,0.0,0.028617124449510513,0.00014279060648952568,,,,
3178,0.001,adam,3179,200.55290389060974,0.00011523608304472152,0.0,0.03318231788705139,0.00014841840250784844,,,,
3179,0.001,adam,3180,200.61164712905884,0.000113554009496705,0.0,0.03677990305522298,0.00015033391429887963,0.0005109536950304943,0.0,0.028728327156579372,0.000539682023551596
3180,0.001,adam,3181,200.6953296661377,0.00010953256425063212,0.0,0.02958234036921199,0.00013911490602492988,,,,
3181,0.001,adam,3182,200.74999165534973,0.00011042459781989134,0.0,0.03231108917614839,0.00014273568853073412,,,,
3182,0.001,adam,3183,200.7949583530426,0.00011227044483707402,0.0,0.028134577971230347,0.00014040502414462512,,,,
3183,0.001,adam,3184,200.85659313201904,0.0001205155507732861,0.0,0.026356125313363232,0.0001468716773384981,,,,
3184,0.001,adam,3185,200.90078401565552,0.00013217583573106945,0.0,0.04484162646649958,0.000177017464327432,,,,
3185,0.001,adam,3186,200.9613173007965,0.00015261851974424784,0.0,0.026933477021633012,0.00017955199804515237,,,,
3186,0.001,adam,3187,201.0307059288025,0.00017600007548170001,0.0,0.029748466216378534,0.00020574854311105486,,,,
3187,0.001,adam,3188,201.07459902763367,0.00020470736051238472,0.0,0.028555144380522385,0.0002332625062492037,,,,
3188,0.001,adam,3189,201.11843252182007,0.00022869125717958259,0.0,0.02708625614562133,0.000255777514611732,,,,
3189,0.001,adam,3190,201.17248344421387,0.0002442083700063997,0.0,0.03290244509865644,0.0002771108166678384,,,,
3190,0.001,adam,3191,201.23176765441895,0.00023756614966096494,0.0,0.021978587520467642,0.0002595447382253595,,,,
3191,0.001,adam,3192,201.291508436203,0.0002081724283541397,0.0,0.02703981334243395,0.00023521224298089584,,,,
3192,0.001,adam,3193,201.34924793243408,0.0001564869045851679,0.0,0.02933432949403132,0.0001858212354725051,,,,
3193,0.001,adam,3194,201.40276837348938,0.00010314742724115717,0.0,0.029184908819743605,0.00013233233744710957,,,,
3194,0.001,adam,3195,201.45796465873718,7.139724139984406e-05,0.0,0.03362150666818621,0.00010501874966496615,,,,
3195,0.001,adam,3196,201.4978494644165,6.898061633552943e-05,0.0,0.02560159610186862,9.458221365340861e-05,,,,
3196,0.001,adam,3197,201.57948446273804,8.835252372778576e-05,0.0,0.02992007949052215,0.00011827260463943543,,,,
3197,0.001,adam,3198,201.6436595916748,0.00011104530226527751,0.0,0.0675024420020753,0.00017854774747354675,,,,
3198,0.001,adam,3199,201.7050015926361,0.00012089969569212318,0.0,0.02775114487443712,0.00014865084188466895,,,,
3199,0.001,adam,3200,201.76840782165527,0.00011191575052115316,0.0,0.036819353370199204,0.0001487351056401778,0.0004949338430765049,0.0,0.028196936321424518,0.000523130780737212
3200,0.001,adam,3201,201.84378266334534,9.282260277918183e-05,0.0,0.02738440715426064,0.00012020701123413202,,,,
3201,0.001,adam,3202,201.89597296714783,7.507154221458826e-05,0.0,0.025905777649818634,0.00010097732109486532,,,,
3202,0.001,adam,3203,201.95149111747742,6.716710194963895e-05,0.0,0.03277300222906694,9.994010573533997e-05,,,,
3203,0.001,adam,3204,201.98801589012146,7.248653999408582e-05,0.0,0.028416313449355947,0.00010090285479314423,,,,
3204,0.001,adam,3205,202.04847311973572,8.245660182634649e-05,0.0,0.029194357422166868,0.00011165096063517093,,,,
3205,0.001,adam,3206,202.09138751029968,8.825811276921223e-05,0.0,0.022680566465924486,0.00011093868031240582,,,,
3206,0.001,adam,3207,202.1338288784027,8.441406193360754e-05,0.0,0.03165199866859581,0.00011606606210559262,,,,
3207,0.001,adam,3208,202.1818187236786,7.819320171634135e-05,0.0,0.030993662683884694,0.00010918686587234603,,,,
3208,0.001,adam,3209,202.23334217071533,7.134905845148e-05,0.0,0.03453606994552794,0.00010588513003738324,,,,
3209,0.001,adam,3210,202.28879284858704,6.7625323241317e-05,0.0,0.025799274271808982,9.342459873852576e-05,,,,
3210,0.001,adam,3211,202.33007168769836,6.80127823298367e-05,0.0,0.03046940914009876,9.848219291715473e-05,,,,
3211,0.001,adam,3212,202.37558221817017,7.245172607163237e-05,0.0,0.026588022479742478,9.903974981423815e-05,,,,
3212,0.001,adam,3213,202.42731618881226,7.655410692111457e-05,0.0,0.03018333549652058,0.00010673744385126666,,,,
3213,0.001,adam,3214,202.47693824768066,7.824065758938981e-05,0.0,0.02788915538258807,0.00010612981429664169,,,,
3214,0.001,adam,3215,202.51778483390808,7.803933466448082e-05,0.0,0.02789189368720405,0.00010593122967647874,,,,
3215,0.001,adam,3216,202.56975769996643,7.209813820044188e-05,0.0,0.02830844803536514,0.00010040658758038616,,,,
3216,0.001,adam,3217,202.632954120636,6.544571318778972e-05,0.0,0.03649011398945673,0.00010193582891043386,,,,
3217,0.001,adam,3218,202.6953468322754,6.49527120749129e-05,0.0,0.02594066236778661,9.089337567481485e-05,,,,
3218,0.001,adam,3219,202.7592213153839,6.821805148550213e-05,0.0,0.04168769172347204,0.00010990574518903327,,,,
3219,0.001,adam,3220,202.8111491203308,7.386425626550202e-05,0.0,0.026083356163110655,9.994761366750562e-05,0.00045438659662735655,0.0,0.03161109934771096,0.00048599769747651416
3220,0.001,adam,3221,202.88224339485168,7.704692701949596e-05,0.0,0.04228765917595502,0.00011933458820400702,,,,
3221,0.001,adam,3222,202.93424034118652,8.096901078233723e-05,0.0,0.03692224146625244,0.00011789125400230203,,,,
3222,0.001,adam,3223,202.98310613632202,7.68149593727703e-05,0.0,0.02849707959958268,0.00010531204032589163,,,,
3223,0.001,adam,3224,203.043518781662,7.241621014431691e-05,0.0,0.026319619627828715,9.873583102226048e-05,,,,
3224,0.001,adam,3225,203.08460092544556,6.73035357264778e-05,0.0,0.029841378842136147,9.714491598600339e-05,,,,
3225,0.001,adam,3226,203.1359965801239,7.007966527201161e-05,0.0,0.025652859610578494,9.573252610103555e-05,,,,
3226,0.001,adam,3227,203.17374181747437,7.47059987655488e-05,0.0,0.02932398321288705,0.00010402998337125032,,,,
3227,0.001,adam,3228,203.23168873786926,7.596813434450765e-05,0.0,0.027575659948201388,0.0001035437956024826,,,,
3228,0.001,adam,3229,203.29339218139648,7.317141442409188e-05,0.0,0.045777762776443534,0.00011894917937486247,,,,
3229,0.001,adam,3230,203.33868741989136,7.070384936112965e-05,0.0,0.03288412278237473,0.00010358797370541641,,,,
3230,0.001,adam,3231,203.39697289466858,6.929766803660308e-05,0.0,0.03290875999025682,0.00010220642958994213,,,,
3231,0.001,adam,3232,203.43679904937744,7.19439822204601e-05,0.0,0.030741511168403922,0.00010268549484900746,,,,
3232,0.001,adam,3233,203.49253296852112,7.336949863989945e-05,0.0,0.034118817081636846,0.00010748831734209315,,,,
3233,0.001,adam,3234,203.54882192611694,7.694978875249675e-05,0.0,0.03017565614052592,0.00010712544632628942,,,,
3234,0.001,adam,3235,203.60506963729858,7.715668706209826e-05,0.0,0.037441825605615,0.00011459851444610455,,,,
3235,0.001,adam,3236,203.67130589485168,7.701865327327478e-05,0.0,0.029229253435868997,0.00010624790809745882,,,,
3236,0.001,adam,3237,203.7326316833496,7.861669118670526e-05,0.0,0.0387884900598236,0.00011740518308888328,,,,
3237,0.001,adam,3238,203.78865551948547,8.884167943990035e-05,0.0,0.029575875637294212,0.00011841755648197327,,,,
3238,0.001,adam,3239,203.8326678276062,0.0001012182152578186,0.0,0.02783509898667187,0.00012905331556658674,,,,
3239,0.001,adam,3240,203.86913919448853,0.0001062729088451349,0.0,0.027004215639384415,0.0001332771257671507,0.0005267402621723868,0.0,0.029995319904431297,0.0005567355835015194
3240,0.001,adam,3241,203.9514718055725,0.00011134839747150323,0.0,0.028799348959360337,0.00014014774779875925,,,,
3241,0.001,adam,3242,203.99920535087585,0.00011757897868522049,0.0,0.026419851433129575,0.00014399883137322566,,,,
3242,0.001,adam,3243,204.0655951499939,0.00012819410237956063,0.0,0.03524980172217181,0.00016344390577600817,,,,
3243,0.001,adam,3244,204.1348738670349,0.00014665774071739618,0.0,0.027984501646276676,0.00017464224369286537,,,,
3244,0.001,adam,3245,204.19115805625916,0.00016938007432942506,0.0,0.03637881703415919,0.00020575889309148535,,,,
3245,0.001,adam,3246,204.2545759677887,0.00017284962628160685,0.0,0.04050028705980986,0.00021334991526507713,,,,
3246,0.001,adam,3247,204.30802369117737,0.00016838492812107456,0.0,0.03424049794719171,0.00020262542769460267,,,,
3247,0.001,adam,3248,204.36707544326782,0.00015040880488372853,0.0,0.027276055865187877,0.00017768486204445953,,,,
3248,0.001,adam,3249,204.42257356643677,0.0001342594067459125,0.0,0.027700898643824128,0.00016196030670545872,,,,
3249,0.001,adam,3250,204.4647901058197,0.00011547844279435437,0.0,0.03462270879386437,0.00015010115323270916,,,,
3250,0.001,adam,3251,204.5052354335785,9.882509549777496e-05,0.0,0.033438420098707775,0.00013226351718472246,,,,
3251,0.001,adam,3252,204.55861639976501,8.028289463407236e-05,0.0,0.028463632671409923,0.00010874652865743229,,,,
3252,0.001,adam,3253,204.61441469192505,6.651671548110015e-05,0.0,0.025714700575940976,9.223141727842386e-05,,,,
3253,0.001,adam,3254,204.656396150589,6.380283743838572e-05,0.0,0.02689966326708964,9.07025019831408e-05,,,,
3254,0.001,adam,3255,204.70247149467468,7.120433323805091e-05,0.0,0.024393847527801667,9.559818192449816e-05,,,,
3255,0.001,adam,3256,204.75602674484253,7.981295903905095e-05,0.0,0.03634608496892537,0.00011615904573432273,,,,
3256,0.001,adam,3257,204.80500769615173,8.54784464901899e-05,0.0,0.030582590568936308,0.0001160610385117213,,,,
3257,0.001,adam,3258,204.86502194404602,8.692345689675006e-05,0.0,0.0295944120276228,0.000116517870330032,,,,
3258,0.001,adam,3259,204.92211937904358,8.720726739639498e-05,0.0,0.03249775639029888,0.00011970502533025446,,,,
3259,0.001,adam,3260,204.98337173461914,8.564723062132072e-05,0.0,0.02766171660807164,0.0001133089485432534,0.000470173232475982,0.0,0.02712108357022978,0.0004972943173343941
3260,0.001,adam,3261,205.05310797691345,8.365998403930984e-05,0.0,0.028218870608813885,0.00011187885598844816,,,,
3261,0.001,adam,3262,205.11203455924988,7.590575420163226e-05,0.0,0.026395338705745546,0.00010230109416108912,,,,
3262,0.001,adam,3263,205.1750407218933,6.666952900441137e-05,0.0,0.03217942290093058,9.884895343378251e-05,,,,
3263,0.001,adam,3264,205.23102474212646,6.31338079932758e-05,0.0,0.036248757105858787,9.938256682085816e-05,,,,
3264,0.001,adam,3265,205.2861144542694,6.520564999592438e-05,0.0,0.02589468866331109,9.110033988916718e-05,,,,
3265,0.001,adam,3266,205.35300970077515,6.986171114526038e-05,0.0,0.02821097093172813,9.807268341693773e-05,,,,
3266,0.001,adam,3267,205.4069812297821,7.243462278468498e-05,0.0,0.03489926586632374,0.0001073338903086349,,,,
3267,0.001,adam,3268,205.4738883972168,7.427472852721302e-05,0.0,0.024651223205187166,9.892595290327046e-05,,,,
3268,0.001,adam,3269,205.5214385986328,7.335286343699306e-05,0.0,0.03335025504672938,0.00010670312006777455,,,,
3269,0.001,adam,3270,205.5646698474884,7.695665047825968e-05,0.0,0.027256339824430643,0.00010421299159729699,,,,
3270,0.001,adam,3271,205.60406517982483,7.80094704265577e-05,0.0,0.023270169500280147,0.00010127964103211159,,,,
3271,0.001,adam,3272,205.65768814086914,7.27280991302843e-05,0.0,0.025865507167961387,9.859360752679136e-05,,,,
3272,0.001,adam,3273,205.71805953979492,6.656472817762278e-05,0.0,0.043198900564513906,0.00010976363079397437,,,,
3273,0.001,adam,3274,205.7687885761261,6.575362191874521e-05,0.0,0.03215717783237747,9.791080127850667e-05,,,,
3274,0.001,adam,3275,205.82970428466797,6.721435760124408e-05,0.0,0.02798075667765635,9.519511560791506e-05,,,,
3275,0.001,adam,3276,205.89987182617188,6.83012629852336e-05,0.0,0.03274580225334704,0.00010104706679392279,,,,
3276,0.001,adam,3277,205.96057963371277,6.771729939929099e-05,0.0,0.03123338475870292,9.895068564150008e-05,,,,
3277,0.001,adam,3278,206.01601457595825,6.477058506737274e-05,0.0,0.023125997102252202,8.789658326805087e-05,,,,
3278,0.001,adam,3279,206.0633261203766,6.382535785080699e-05,0.0,0.032854972672419845,9.66803320837543e-05,,,,
3279,0.001,adam,3280,206.11561727523804,6.64935470890102e-05,0.0,0.03092858770702054,9.742213626505984e-05,0.0004635365890320121,0.0,0.027296137452996423,0.0004908327277815055
3280,0.001,adam,3281,206.19872903823853,7.164092020555258e-05,0.0,0.03851285241052751,0.00011015377444534242,,,,
3281,0.001,adam,3282,206.2497730255127,6.95045501818676e-05,0.0,0.02762713296456879,9.71316844586548e-05,,,,
3282,0.001,adam,3283,206.3101189136505,6.602148880935146e-05,0.0,0.03573100122148707,0.00010175249172797001,,,,
3283,0.001,adam,3284,206.37503147125244,6.324278775408085e-05,0.0,0.029388245446179507,9.263103459612713e-05,,,,
3284,0.001,adam,3285,206.41928482055664,6.293075847563737e-05,0.0,0.030089756035312804,9.302051594013689e-05,,,,
3285,0.001,adam,3286,206.46856927871704,6.408765632433589e-05,0.0,0.02714490233629415,9.123255994994371e-05,,,,
3286,0.001,adam,3287,206.52659058570862,6.497038651840623e-05,0.0,0.029582420810860998,9.455280873435681e-05,,,,
3287,0.001,adam,3288,206.57650685310364,6.453461030810228e-05,0.0,0.02423531720212443,8.87699286613425e-05,,,,
3288,0.001,adam,3289,206.63537096977234,6.255292588034376e-05,0.0,0.029835519429244173,9.238844672669906e-05,,,,
3289,0.001,adam,3290,206.6858925819397,6.326336233021929e-05,0.0,0.03471288449079376,9.797624846978659e-05,,,,
3290,0.001,adam,3291,206.74207758903503,6.637395787158542e-05,0.0,0.03105427885035587,9.742823819694038e-05,,,,
3291,0.001,adam,3292,206.79277801513672,7.100382647239165e-05,0.0,0.024638620608087088,9.564244825075042e-05,,,,
3292,0.001,adam,3293,206.85814666748047,7.132148128199205e-05,0.0,0.028930830453485747,0.0001002523131096185,,,,
3293,0.001,adam,3294,206.91836619377136,6.947583579406312e-05,0.0,0.02865578608885927,9.813162324399919e-05,,,,
3294,0.001,adam,3295,206.9820237159729,6.824868778483717e-05,0.0,0.041332085012648206,0.00010958077476065406,,,,
3295,0.001,adam,3296,207.0398416519165,7.457473374099618e-05,0.0,0.02790383699770229,0.0001024785720640596,,,,
3296,0.001,adam,3297,207.10131978988647,8.133414077636092e-05,0.0,0.030381555611059624,0.000111715697830467,,,,
3297,0.001,adam,3298,207.15018486976624,8.883776390616873e-05,0.0,0.029201420743911126,0.00011803918603707291,,,,
3298,0.001,adam,3299,207.20781421661377,9.022189833305187e-05,0.0,0.021572761285441812,0.00011179466064314487,,,,
3299,0.001,adam,3300,207.2656831741333,8.965457748451184e-05,0.0,0.02640010213237993,0.00011605468087082933,0.0004917141087966576,0.0,0.028634602680976094,0.0005203487128377044
3300,0.001,adam,3301,207.3391089439392,9.084709343105606e-05,0.0,0.026910190506194996,0.00011775728521541652,,,,
3301,0.001,adam,3302,207.4154453277588,9.873026819094893e-05,0.0,0.02964529843246407,0.0001283755680314891,,,,
3302,0.001,adam,3303,207.466730594635,0.00011086528632180164,0.0,0.02776641692962838,0.00013863170457026406,,,,
3303,0.001,adam,3304,207.50825834274292,0.00012312910820882843,0.0,0.023289114028919568,0.00014641822334392156,,,,
3304,0.001,adam,3305,207.5589120388031,0.00013572295261106925,0.0,0.029526135676456094,0.00016524908968994153,,,,
3305,0.001,adam,3306,207.6128261089325,0.0001461518667057393,0.0,0.0410332866855433,0.00018718515534025913,,,,
3306,0.001,adam,3307,207.67221355438232,0.00015834762244983075,0.0,0.04586886798654713,0.00020421649261503222,,,,
3307,0.001,adam,3308,207.73013067245483,0.00016876478010511949,0.0,0.029905375017910303,0.00019867015654345888,,,,
3308,0.001,adam,3309,207.78345227241516,0.0001744901152778884,0.0,0.030095958097119496,0.00020458607480448922,,,,
3309,0.001,adam,3310,207.8390350341797,0.00016898509284288897,0.0,0.028026453807749575,0.00019701154798182368,,,,
3310,0.001,adam,3311,207.89621591567993,0.00016083238027081226,0.0,0.026662092735360875,0.00018749447427255457,,,,
3311,0.001,adam,3312,207.95081734657288,0.00015538974776456538,0.0,0.03084770418475722,0.00018623745341450994,,,,
3312,0.001,adam,3313,208.0082709789276,0.00015051733308003298,0.0,0.026171090849493806,0.0001766884251725869,,,,
3313,0.001,adam,3314,208.07149529457092,0.00015347134297467838,0.0,0.022922035836349747,0.0001763933798997664,,,,
3314,0.001,adam,3315,208.1228415966034,0.00016816534334913657,0.0,0.0210156777580943,0.000189181022105422,,,,
3315,0.001,adam,3316,208.17990374565125,0.00020483772627628039,0.0,0.02887997921962786,0.00023371770686763364,,,,
3316,0.001,adam,3317,208.22343707084656,0.00025053299384551015,0.0,0.026198922553061478,0.0002767319176429537,,,,
3317,0.001,adam,3318,208.26777982711792,0.00029701594032204026,0.0,0.02962119723515184,0.0003266371389641235,,,,
3318,0.001,adam,3319,208.3212742805481,0.0003012757609340862,0.0,0.03264077667024738,0.0003339165391546873,,,,
3319,0.001,adam,3320,208.38190817832947,0.00026990699356908046,0.0,0.026735483365351587,0.00029664247820429936,0.0005555060667906122,0.0,0.026034415773162095,0.0005815404838003427
3320,0.001,adam,3321,208.4839973449707,0.00018589629312998587,0.0,0.03237274040651931,0.00021826903507412784,,,,
3321,0.001,adam,3322,208.53578662872314,0.00010783468227131594,0.0,0.03615440553725585,0.00014398908952581392,,,,
3322,0.001,adam,3323,208.585022687912,7.084593114083083e-05,0.0,0.029832989599490545,0.00010067892215731234,,,,
3323,0.001,adam,3324,208.62434840202332,8.165226571234787e-05,0.0,0.031782787083399336,0.00011343505430534859,,,,
3324,0.001,adam,3325,208.66297817230225,0.0001232789988416763,0.0,0.026749031744832445,0.0001500280318570196,,,,
3325,0.001,adam,3326,208.7153947353363,0.00016010973306966378,0.0,0.025823392928491562,0.0001859331272247007,,,,
3326,0.001,adam,3327,208.76560401916504,0.0001599407533119834,0.0,0.0443151082354963,0.00020425586365233438,,,,
3327,0.001,adam,3328,208.81722807884216,0.00012400215555704937,0.0,0.03185189089258257,0.00015585404796251558,,,,
3328,0.001,adam,3329,208.87724995613098,7.940715883831298e-05,0.0,0.03344903003187275,0.00011285619045892941,,,,
3329,0.001,adam,3330,208.92917680740356,6.569465737451048e-05,0.0,0.02435847882422423,9.005313735570037e-05,,,,
3330,0.001,adam,3331,208.97882914543152,8.41293013408466e-05,0.0,0.04358532526618798,0.00012771462867722645,,,,
3331,0.001,adam,3332,209.03139877319336,0.00010463673636302322,0.0,0.02580617630402649,0.0001304429138927773,,,,
3332,0.001,adam,3333,209.10356450080872,0.00010539049251669119,0.0,0.02812563655759486,0.0001335161304101821,,,,
3333,0.001,adam,3334,209.15934419631958,8.862874946743671e-05,0.0,0.024975427695419546,0.00011360417834912542,,,,
3334,0.001,adam,3335,209.2146565914154,7.389041144971402e-05,0.0,0.028013329577595114,0.0001019037423578709,,,,
3335,0.001,adam,3336,209.2614779472351,7.052934277556001e-05,0.0,0.029383375531509805,9.991271970270527e-05,,,,
3336,0.001,adam,3337,209.3157696723938,7.463663455454702e-05,0.0,0.02805337511340645,0.00010269001100041729,,,,
3337,0.001,adam,3338,209.36556386947632,7.92535068336226e-05,0.0,0.026747873607900784,0.00010600138171197921,,,,
3338,0.001,adam,3339,209.42334985733032,8.205390608847065e-05,0.0,0.027339216949636612,0.00010939312433665038,,,,
3339,0.001,adam,3340,209.48243284225464,8.191616236201352e-05,0.0,0.029324885102516508,0.00011124104885738732,0.00048002334982662605,0.0,0.027917092751842686,0.0005079404439044595
3340,0.001,adam,3341,209.54308032989502,7.63094195745117e-05,0.0,0.03817635437267729,0.00011448577576046852,,,,
3341,0.001,adam,3342,209.5994689464569,6.710932892011148e-05,0.0,0.0329231008182716,0.00010003243130214646,,,,
3342,0.001,adam,3343,209.65518260002136,6.38085635015221e-05,0.0,0.03523881629833912,9.904738147361519e-05,,,,
3343,0.001,adam,3344,209.69759964942932,6.654855710297656e-05,0.0,0.02723548209374605,9.378404049033859e-05,,,,
3344,0.001,adam,3345,209.77504897117615,6.999668324393773e-05,0.0,0.028471367245962786,9.84680518422179e-05,,,,
3345,0.001,adam,3346,209.81681942939758,6.983378960840836e-05,0.0,0.036251855361335315,0.00010608564669161441,,,,
3346,0.001,adam,3347,209.87574791908264,6.616129244221127e-05,0.0,0.027526995032065925,9.36882887817393e-05,,,,
3347,0.001,adam,3348,209.93188619613647,6.342918889764269e-05,0.0,0.02842227963360139,9.185146988122993e-05,,,,
3348,0.001,adam,3349,210.01136708259583,6.31855272938377e-05,0.0,0.0409264184862819,0.00010411194772402017,,,,
3349,0.001,adam,3350,210.0684654712677,6.508122257393617e-05,0.0,0.029668857369910158,9.475008135304144e-05,,,,
3350,0.001,adam,3351,210.12051820755005,6.55576821069761e-05,0.0,0.03173824563884388,9.729592925330574e-05,,,,
3351,0.001,adam,3352,210.16022562980652,6.444276329467256e-05,0.0,0.028652618160882205,9.30953828164811e-05,,,,
3352,0.001,adam,3353,210.20466780662537,6.356572761728182e-05,0.0,0.029166204935142426,9.273193393774465e-05,,,,
3353,0.001,adam,3354,210.25505542755127,6.520787288385179e-05,0.0,0.028878328509288387,9.408620276478717e-05,,,,
3354,0.001,adam,3355,210.30941104888916,6.523214514819635e-05,0.0,0.0267442465596462,9.19763929781261e-05,,,,
3355,0.001,adam,3356,210.34827256202698,6.360945449496083e-05,0.0,0.029928429717191157,9.353788563367612e-05,,,,
3356,0.001,adam,3357,210.3884117603302,6.321637385916932e-05,0.0,0.0320521066263675,9.52684820079302e-05,,,,
3357,0.001,adam,3358,210.44028067588806,6.328847549294816e-05,0.0,0.0220743487583057,8.536282529972918e-05,,,,
3358,0.001,adam,3359,210.4917242527008,6.30125412403048e-05,0.0,0.03233643402627399,9.5348976802477e-05,,,,
3359,0.001,adam,3360,210.54545092582703,6.221871908854624e-05,0.0,0.025663230078659977,8.788195038614423e-05,0.00045034277438488955,0.0,0.026649322431931223,0.0004769920980825957
3360,0.001,adam,3361,210.6373634338379,6.151017016147002e-05,0.0,0.03750166636701076,9.901183830971435e-05,,,,
3361,0.001,adam,3362,210.6892557144165,6.17405953410305e-05,0.0,0.026452632753362116,8.819322935082525e-05,,,,
3362,0.001,adam,3363,210.73556852340698,6.2149703789331e-05,0.0,0.024208049448595635,8.635775438774728e-05,,,,
3363,0.001,adam,3364,210.78081941604614,6.319865504988266e-05,0.0,0.02894390907048091,9.214256549512548e-05,,,,
3364,0.001,adam,3365,210.84166479110718,6.27192999579001e-05,0.0,0.024695832067676376,8.741513319856557e-05,,,,
3365,0.001,adam,3366,210.89424467086792,6.269758554118448e-05,0.0,0.02136875286937499,8.406633942552078e-05,,,,
3366,0.001,adam,3367,210.94309949874878,6.220634022340673e-05,0.0,0.026242893314778037,8.844923478465532e-05,,,,
3367,0.001,adam,3368,210.98823308944702,6.35314780326649e-05,0.0,0.0260944011458845,8.962588041796695e-05,,,,
3368,0.001,adam,3369,211.03927874565125,6.277684570116593e-05,0.0,0.0262704104036545,8.904725735259796e-05,,,,
3369,0.001,adam,3370,211.09704971313477,6.113923383144593e-05,0.0,0.0297043222220374,9.084355746436293e-05,,,,
3370,0.001,adam,3371,211.15635180473328,6.059855665759048e-05,0.0,0.029944454443321767,9.054301252319752e-05,,,,
3371,0.001,adam,3372,211.22711658477783,6.173537466647228e-05,0.0,0.1809042184400009,0.00024263960169896247,,,,
3372,0.001,adam,3373,211.29374170303345,6.226994713887132e-05,0.0,0.022931277409978468,8.520122563802702e-05,,,,
3373,0.001,adam,3374,211.3638858795166,6.1531547781914e-05,0.0,0.02590936676858069,8.744091578112359e-05,,,,
3374,0.001,adam,3375,211.4217405319214,6.157585514066948e-05,0.0,0.02929283589605498,9.08686924280595e-05,,,,
3375,0.001,adam,3376,211.47218203544617,6.108431758693405e-05,0.0,0.026254227147383187,8.73385459813261e-05,,,,
3376,0.001,adam,3377,211.52384495735168,6.170372648635651e-05,0.0,0.04440371533822894,0.00010610744393364876,,,,
3377,0.001,adam,3378,211.57494115829468,6.169742084203478e-05,0.0,0.024444080295840852,8.614150229890714e-05,,,,
3378,0.001,adam,3379,211.63119053840637,6.191800253900572e-05,0.0,0.02872764092846235,9.06456448319578e-05,,,,
3379,0.001,adam,3380,211.68755316734314,6.186857977376824e-05,0.0,0.028044511316215475,8.991309242202653e-05,0.00044606318278082044,0.0,0.02608397521941597,0.00047214715923915877
3380,0.001,adam,3381,211.77738118171692,6.24287471060791e-05,0.0,0.025552352966274904,8.798110128602565e-05,,,,
3381,0.001,adam,3382,211.83609771728516,6.225971686759469e-05,0.0,0.033958885166830224,9.62186036473854e-05,,,,
3382,0.001,adam,3383,211.8890905380249,6.296692395660932e-05,0.0,0.026396383121881084,8.936330833225132e-05,,,,
3383,0.001,adam,3384,211.93426704406738,6.296415722449649e-05,0.0,0.02925899836560004,9.222315697982438e-05,,,,
3384,0.001,adam,3385,211.97180199623108,6.462672079521858e-05,0.0,0.02568827152521248,9.031499354055849e-05,,,,
3385,0.001,adam,3386,212.0218358039856,6.536778006831441e-05,0.0,0.025031800780970448,9.03995820382316e-05,,,,
3386,0.001,adam,3387,212.08567547798157,6.735542471110997e-05,0.0,0.032423156855634225,9.977858310676152e-05,,,,
3387,0.001,adam,3388,212.14766311645508,6.788589415987714e-05,0.0,0.35959834395895895,0.0004274842551988409,,,,
3388,0.001,adam,3389,212.2007749080658,7.142021457850968e-05,0.0,0.03556429444571497,0.000106984510713438,,,,
3389,0.001,adam,3390,212.2817463874817,7.339921901344863e-05,0.0,0.025857158863947814,9.92563791055456e-05,,,,
3390,0.001,adam,3391,212.34038019180298,7.634897957824305e-05,0.0,0.026187631698639822,0.00010253661252072863,,,,
3391,0.001,adam,3392,212.39996004104614,7.798978165987207e-05,0.0,0.02736798446026233,0.00010535776742004391,,,,
3392,0.001,adam,3393,212.46102333068848,8.224317102876546e-05,0.0,0.023610374801263538,0.00010585354695146162,,,,
3393,0.001,adam,3394,212.49910426139832,8.493495027846972e-05,0.0,0.028465764807432608,0.0001134007164379536,,,,
3394,0.001,adam,3395,212.55313563346863,9.061636829970656e-05,0.0,0.028018567932940896,0.00011863493756345803,,,,
3395,0.001,adam,3396,212.60099363327026,9.567080309047522e-05,0.0,0.026963104419011986,0.00012263390879016595,,,,
3396,0.001,adam,3397,212.69214367866516,0.00010535317335530641,0.0,0.033571623818029236,0.0001389247987679022,,,,
3397,0.001,adam,3398,212.75172472000122,0.00011610778942907057,0.0,0.02793061908888959,0.00014403840984459338,,,,
3398,0.001,adam,3399,212.79833960533142,0.00013381605486097978,0.0,0.03048664923665375,0.00016430270554567168,,,,
3399,0.001,adam,3400,212.8739092350006,0.00015481228337114604,0.0,0.029051718586295978,0.0001838640033373246,0.0005345597716710572,0.0,0.025610451837396762,0.0005601702247248852
3400,0.001,adam,3401,212.99331045150757,0.00017844116727298,0.0,0.023957559212160567,0.00020239872762306356,,,,
3401,0.001,adam,3402,213.05544638633728,0.0002003036688203327,0.0,0.02784875371500336,0.0002281524238580809,,,,
3402,0.001,adam,3403,213.12118363380432,0.0002101171843905342,0.0,0.02696206012900023,0.00023707924580016357,,,,
3403,0.001,adam,3404,213.18148827552795,0.00020678845284271042,0.0,0.045353022999850424,0.0002521414779967138,,,,
3404,0.001,adam,3405,213.2349395751953,0.00018499920263237825,0.0,0.02296991641505612,0.00020796912013844687,,,,
3405,0.001,adam,3406,213.28195548057556,0.000150905780468596,0.0,0.028900298698492664,0.0001798060805397792,,,,
3406,0.001,adam,3407,213.31727480888367,0.00011065824905145606,0.0,0.024713621346978673,0.00013537187157226877,,,,
3407,0.001,adam,3408,213.37066459655762,7.660185317288097e-05,0.0,0.03534766889689796,0.00011194952374870311,,,,
3408,0.001,adam,3409,213.408766746521,6.260244601233973e-05,0.0,0.028109081654789515,9.071152900223898e-05,,,,
3409,0.001,adam,3410,213.4593448638916,6.681583942405245e-05,0.0,0.03139823412092575,9.82140750363143e-05,,,,
3410,0.001,adam,3411,213.5079288482666,8.400672303192392e-05,0.0,0.02700332351008669,0.00011101004782459965,,,,
3411,0.001,adam,3412,213.56588339805603,0.00010548397534693177,0.0,0.025292499779777954,0.000130776476328039,,,,
3412,0.001,adam,3413,213.62539434432983,0.00011669100775115955,0.0,0.03389116094015671,0.00015058217030106003,,,,
3413,0.001,adam,3414,213.6896059513092,0.00011590816318423354,0.0,0.030750768211912617,0.00014665893285672929,,,,
3414,0.001,adam,3415,213.76073551177979,0.00010285288866928215,0.0,0.029766109658775818,0.0001326189997418723,,,,
3415,0.001,adam,3416,213.8319764137268,8.446088304503828e-05,0.0,0.02375757556684678,0.00010821845974030935,,,,
3416,0.001,adam,3417,213.89879250526428,6.665134823110061e-05,0.0,0.027047336742740357,9.369868625852052e-05,,,,
3417,0.001,adam,3418,213.95674538612366,6.02185525003732e-05,0.0,0.026654939621131822,8.687349338754673e-05,,,,
3418,0.001,adam,3419,214.00290179252625,6.51237064516769e-05,0.0,0.030345064708452486,9.546877260144262e-05,,,,
3419,0.001,adam,3420,214.05392479896545,7.398828131991345e-05,0.0,0.033458051554966485,0.0001074463344640521,0.00045462491921866943,0.0,0.026019063329590007,0.0004806439837840986
3420,0.001,adam,3421,214.13548111915588,8.315705072942666e-05,0.0,0.03318451426237669,0.0001163415665679832,,,,
3421,0.001,adam,3422,214.18560457229614,8.363659196572906e-05,0.0,0.02862106979559047,0.0001122576631207474,,,,
3422,0.001,adam,3423,214.2355146408081,7.849352167743452e-05,0.0,0.026009675700772217,0.00010450319861360005,,,,
3423,0.001,adam,3424,214.29268145561218,6.884588207048539e-05,0.0,0.03026724347506272,9.911312698316503e-05,,,,
3424,0.001,adam,3425,214.356703042984,6.365107240734164e-05,0.0,0.02318109515669801,8.683216866508259e-05,,,,
3425,0.001,adam,3426,214.41248750686646,6.083351391677043e-05,0.0,0.028071282874036586,8.890479812412141e-05,,,,
3426,0.001,adam,3427,214.46445417404175,6.244939839510572e-05,0.0,0.027407776952408463,8.985717664931374e-05,,,,
3427,0.001,adam,3428,214.5178143978119,6.645574527729085e-05,0.0,0.030388283659490416,9.684403038014729e-05,,,,
3428,0.001,adam,3429,214.58287358283997,6.958387847097381e-05,0.0,0.026455211325898696,9.603909105342762e-05,,,,
3429,0.001,adam,3430,214.64143705368042,7.276541361562061e-05,0.0,0.025715140589185486,9.848055542620974e-05,,,,
3430,0.001,adam,3431,214.70411324501038,7.055015942140358e-05,0.0,0.022963853540629874,9.351401405275797e-05,,,,
3431,0.001,adam,3432,214.76228880882263,6.826235203027852e-05,0.0,0.0314867540185352,9.974910754435428e-05,,,,
3432,0.001,adam,3433,214.8101043701172,6.319809749398386e-05,0.0,0.032432669545381744,9.563076857983475e-05,,,,
3433,0.001,adam,3434,214.87443280220032,6.072478101197343e-05,0.0,0.029058390282819802,8.97831726749927e-05,,,,
3434,0.001,adam,3435,214.92446899414062,5.9739263361990654e-05,0.0,0.026684581398630954,8.642384602807122e-05,,,,
3435,0.001,adam,3436,214.9886598587036,6.059575766805203e-05,0.0,0.027566332756890567,8.816209173427315e-05,,,,
3436,0.001,adam,3437,215.05653142929077,6.234878315265017e-05,0.0,0.022624662901300933,8.497344712856493e-05,,,,
3437,0.001,adam,3438,215.11606073379517,6.365279182925677e-05,0.0,0.025821532020471723,8.947432507618544e-05,,,,
3438,0.001,adam,3439,215.17463326454163,6.54558986729647e-05,0.0,0.029176037079290583,9.463193713804269e-05,,,,
3439,0.001,adam,3440,215.23689079284668,6.536692697086972e-05,0.0,0.025804018059178258,9.117094625567307e-05,0.0004445821818928234,0.0,0.02614549411333195,0.0004707276772479997
3440,0.001,adam,3441,215.30752205848694,6.521569385790973e-05,0.0,0.030871181690457945,9.608687701467012e-05,,,,
3441,0.001,adam,3442,215.36555576324463,6.273883315112328e-05,0.0,0.035303647177893235,9.804248200584978e-05,,,,
3442,0.001,adam,3443,215.41172170639038,6.279431006173004e-05,0.0,0.022796076814371662,8.559038795885726e-05,,,,
3443,0.001,adam,3444,215.48322558403015,6.112591439639616e-05,0.0,0.026570354760650637,8.769627041907093e-05,,,,
3444,0.001,adam,3445,215.53790521621704,6.020503618999862e-05,0.0,0.023642410721332004,8.384744803428487e-05,,,,
3445,0.001,adam,3446,215.5961365699768,5.939393902013437e-05,0.0,0.025981816324124763,8.537575657832919e-05,,,,
3446,0.001,adam,3447,215.65028595924377,5.91001646989719e-05,0.0,0.03371554682351355,9.2815713123888e-05,,,,
3447,0.001,adam,3448,215.6844391822815,5.996344527650874e-05,0.0,0.023801196231906192,8.376464263891109e-05,,,,
3448,0.001,adam,3449,215.73990440368652,6.073089335673142e-05,0.0,0.0296933693409418,9.042426410803259e-05,,,,
3449,0.001,adam,3450,215.7900092601776,6.17539940953624e-05,0.0,0.027429128184388675,8.918312358256476e-05,,,,
3450,0.001,adam,3451,215.83383560180664,6.121542975091032e-05,0.0,0.026345166370401046,8.756059737263962e-05,,,,
3451,0.001,adam,3452,215.87345480918884,6.154956453141615e-05,0.0,0.02621614144519387,8.776570722180992e-05,,,,
3452,0.001,adam,3453,215.9307587146759,6.0296414947745936e-05,0.0,0.02536075481208977,8.565717096440692e-05,,,,
3453,0.001,adam,3454,215.9990131855011,6.029652952101889e-05,0.0,0.027536706250735742,8.783323707967799e-05,,,,
3454,0.001,adam,3455,216.04880619049072,5.9823161986422404e-05,0.0,0.02914103844266691,8.896420181321437e-05,,,,
3455,0.001,adam,3456,216.0902726650238,6.0343335836785086e-05,0.0,0.02443559237780015,8.47789293752136e-05,,,,
3456,0.001,adam,3457,216.13971710205078,6.0126972692452076e-05,0.0,0.030323148876290125,9.045012300901449e-05,,,,
3457,0.001,adam,3458,216.21601796150208,6.270723879307596e-05,0.0,0.037920167699377665,0.00010062740829356494,,,,
3458,0.001,adam,3459,216.25937247276306,6.19147089556356e-05,0.0,0.027928685265950742,8.984339554812771e-05,,,,
3459,0.001,adam,3460,216.31470155715942,6.052495599303214e-05,0.0,0.024650324071245427,8.517528123510513e-05,0.00044322193025895737,0.0,0.025694670000903842,0.00046891660148029254
3460,0.001,adam,3461,216.4098026752472,5.927344010298872e-05,0.0,0.023463073686561555,8.273651490398648e-05,,,,
3461,0.001,adam,3462,216.48727440834045,5.906064570224649e-05,0.0,0.02403485060547034,8.309549744931098e-05,,,,
3462,0.001,adam,3463,216.5541799068451,5.9957421921498745e-05,0.0,0.026645756028301566,8.66031792154058e-05,,,,
3463,0.001,adam,3464,216.60985660552979,6.15689417759143e-05,0.0,0.03801054533786215,9.957948891918048e-05,,,,
3464,0.001,adam,3465,216.66513538360596,6.152219547300144e-05,0.0,0.027043108946782024,8.856530570426221e-05,,,,
3465,0.001,adam,3466,216.7093575000763,5.966315377975716e-05,0.0,0.032636850009582864,9.230000533950722e-05,,,,
3466,0.001,adam,3467,216.7572898864746,5.892212920124233e-05,0.0,0.024966787059381317,8.38889174464824e-05,,,,
3467,0.001,adam,3468,216.79924941062927,6.05782306055763e-05,0.0,0.029808011198120255,9.038624321950112e-05,,,,
3468,0.001,adam,3469,216.8519115447998,6.333695222699966e-05,0.0,0.029962827219241206,9.32997808693988e-05,,,,
3469,0.001,adam,3470,216.89237928390503,6.675420611232093e-05,0.0,0.02418942976678446,9.094363702804166e-05,,,,
3470,0.001,adam,3471,216.93969750404358,6.774088905103018e-05,0.0,0.028317791762294587,9.60586821583477e-05,,,,
3471,0.001,adam,3472,216.98785853385925,6.86739333892343e-05,0.0,0.029681869930248593,9.835580472929606e-05,,,,
3472,0.001,adam,3473,217.04507064819336,7.367282551785124e-05,0.0,0.02743544780964636,0.00010110827463061145,,,,
3473,0.001,adam,3474,217.09819722175598,8.656324194270023e-05,0.0,0.024899389714696234,0.00011146263284005401,,,,
3474,0.001,adam,3475,217.1428964138031,0.00010834589302582471,0.0,0.02515582956828636,0.00013350172378894887,,,,
3475,0.001,adam,3476,217.19239258766174,0.0001441671737559277,0.0,0.026026471063797473,0.00017019364605591622,,,,
3476,0.001,adam,3477,217.24425172805786,0.00020518470612797238,0.0,0.027705228986265658,0.00023288993643016582,,,,
3477,0.001,adam,3478,217.31851720809937,0.0002993132140207356,0.0,0.026765774170825884,0.00032607898946286753,,,,
3478,0.001,adam,3479,217.38250374794006,0.0004430591360740446,0.0,0.030293767455411003,0.00047335290496833233,,,,
3479,0.001,adam,3480,217.43361258506775,0.0005737241503835423,0.0,0.03219179792423347,0.0006059159498368041,0.001065469290482594,0.0,0.033882817445411655,0.0010993521095373532
3480,0.001,adam,3481,217.49684977531433,0.0006653936091128678,0.0,0.029898846667918554,0.0006952924572009054,,,,
3481,0.001,adam,3482,217.54545426368713,0.0005437525666855435,0.0,0.06193673437115611,0.0006056893039985367,,,,
3482,0.001,adam,3483,217.61419868469238,0.00029345367578218325,0.0,0.02776112254673927,0.00032121479964750506,,,,
3483,0.001,adam,3484,217.67022395133972,0.00010400252368625508,0.0,0.0314316684936094,0.0001354341936727886,,,,
3484,0.001,adam,3485,217.7340829372406,0.00014364777068700025,0.0,0.026195133875870823,0.00016984290580707317,,,,
3485,0.001,adam,3486,217.78606247901917,0.0003121832866918245,0.0,0.03084103857900069,0.00034302432673569594,,,,
3486,0.001,adam,3487,217.84958720207214,0.0003601675752186572,0.0,0.028367557452456726,0.00038853513401850064,,,,
3487,0.001,adam,3488,217.89911007881165,0.0002662787888808651,0.0,0.03482092257237711,0.00030109971310714726,,,,
3488,0.001,adam,3489,217.96166968345642,0.00012010068642932268,0.0,0.029101922748984287,0.00014920261056057413,,,,
3489,0.001,adam,3490,218.02628540992737,0.00012356192194548608,0.0,0.031083481429653254,0.00015464540485152548,,,,
3490,0.001,adam,3491,218.08710050582886,0.00019784590840182537,0.0,0.03081151106004837,0.000228657420925342,,,,
3491,0.001,adam,3492,218.15141129493713,0.00018316074228265822,0.0,0.02632618491500558,0.00020948692844809048,,,,
3492,0.001,adam,3493,218.22128009796143,0.00011292940127087821,0.0,0.03930542231611121,0.0001522348254538968,,,,
3493,0.001,adam,3494,218.2789671421051,0.00010097133835506713,0.0,0.04056526291245348,0.0001415366031942672,,,,
3494,0.001,adam,3495,218.3280930519104,0.0001437214927095644,0.0,0.03727542955936255,0.00018099692403941484,,,,
3495,0.001,adam,3496,218.390855550766,0.00013807421281815605,0.0,0.024615904985310667,0.00016269011897265947,,,,
3496,0.001,adam,3497,218.45491409301758,0.00010492353368593213,0.0,0.030801015517345855,0.00013572455066624773,,,,
3497,0.001,adam,3498,218.49568438529968,0.00011017836055137367,0.0,0.035216849156306226,0.00014539521138039047,,,,
3498,0.001,adam,3499,218.54338431358337,0.00012096182021251655,0.0,0.034854527254900014,0.00015581634912291778,,,,
3499,0.001,adam,3500,218.60741758346558,9.268897756085143e-05,0.0,0.02897501749757646,0.00012166399643466738,0.0004669163051664592,0.0,0.028514439439091512,0.0004954307459599139
3500,0.001,adam,3501,218.70593523979187,7.34830197121077e-05,0.0,0.030351854910648603,0.00010383487606439206,,,,
3501,0.001,adam,3502,218.7763295173645,9.225603732197132e-05,0.0,0.04023304580992938,0.00013248908504286783,,,,
3502,0.001,adam,3503,218.86275434494019,0.00010951575320664775,0.0,0.03116738747605754,0.00014068314216307676,,,,
3503,0.001,adam,3504,218.90382051467896,8.663237315505175e-05,0.0,0.03248221832508083,0.00011911459302295516,,,,
3504,0.001,adam,3505,218.94505786895752,6.921430661967505e-05,0.0,0.03056152599034171,9.977583406161136e-05,,,,
3505,0.001,adam,3506,219.0032696723938,8.552822821272252e-05,0.0,0.030873842289781277,0.00011640207196893262,,,,
3506,0.001,adam,3507,219.05779004096985,8.849624478357161e-05,0.0,0.03273375980004737,0.00012123000613838914,,,,
3507,0.001,adam,3508,219.11298751831055,6.646399997643994e-05,0.0,0.028611672975270185,9.507567431069167e-05,,,,
3508,0.001,adam,3509,219.18328428268433,6.403059049742999e-05,0.0,0.028724466688150437,9.275505854991938e-05,,,,
3509,0.001,adam,3510,219.2636797428131,8.127530100748596e-05,0.0,0.027369440121914935,0.00010864474242937954,,,,
3510,0.001,adam,3511,219.32348132133484,8.268008478804186e-05,0.0,0.027917126217508036,0.00011059721233154224,,,,
3511,0.001,adam,3512,219.38364338874817,6.490034195395374e-05,0.0,0.028478489826706997,9.337883313331642e-05,,,,
3512,0.001,adam,3513,219.44225430488586,6.348668603096216e-05,0.0,0.028832781180671074,9.231946858111686e-05,,,,
3513,0.001,adam,3514,219.48838448524475,7.612343704384785e-05,0.0,0.02767387764908145,0.00010379731600736796,,,,
3514,0.001,adam,3515,219.53535914421082,7.023360448620244e-05,0.0,0.029066967501558,9.930057336836731e-05,,,,
3515,0.001,adam,3516,219.57421708106995,6.097415953550579e-05,0.0,0.039937650124104884,0.00010091181155654726,,,,
3516,0.001,adam,3517,219.6167619228363,6.527583539317263e-05,0.0,0.02604610185926276,9.132193848955885e-05,,,,
3517,0.001,adam,3518,219.6714015007019,6.976699294670585e-05,0.0,0.031211727343938962,0.00010097872177312232,,,,
3518,0.001,adam,3519,219.74424815177917,6.46233083898032e-05,0.0,0.02660509010211522,9.12283997555924e-05,,,,
3519,0.001,adam,3520,219.7960364818573,6.027961636643555e-05,0.0,0.02952140010281784,8.980101787144466e-05,0.00045261094833942066,0.0,0.028438628381485438,0.00048104957807166844
3520,0.001,adam,3521,219.901780128479,6.350807922394587e-05,0.0,0.03185980557170077,9.536788630890621e-05,,,,
3521,0.001,adam,3522,219.96083545684814,6.671440814731984e-05,0.0,0.030406795899808825,9.712120549137398e-05,,,,
3522,0.001,adam,3523,220.0238597393036,6.326793104936845e-05,0.0,0.030432089610142377,9.370002210495751e-05,,,,
3523,0.001,adam,3524,220.07311511039734,5.9823673445648984e-05,0.0,0.02358146978054654,8.340514434625524e-05,,,,
3524,0.001,adam,3525,220.1199676990509,6.419945981548426e-05,0.0,0.027221327979204308,9.142078908763227e-05,,,,
3525,0.001,adam,3526,220.1696162223816,6.455302425104952e-05,0.0,0.02701559865078732,9.156862418500892e-05,,,,
3526,0.001,adam,3527,220.21702456474304,6.198914815486197e-05,0.0,0.02853552839320969,9.052467790343654e-05,,,,
3527,0.001,adam,3528,220.27032899856567,6.012972645467183e-05,0.0,0.022784708864120276,8.291443640100771e-05,,,,
3528,0.001,adam,3529,220.32737517356873,6.183183638919195e-05,0.0,0.024773195083649068,8.660503264950464e-05,,,,
3529,0.001,adam,3530,220.38947939872742,6.273267128387545e-05,0.0,0.025423590170201966,8.815626266163315e-05,,,,
3530,0.001,adam,3531,220.44169759750366,6.013662176165373e-05,0.0,0.023700106100895214,8.383672898824358e-05,,,,
3531,0.001,adam,3532,220.51865553855896,5.8564332854454737e-05,0.0,0.022148783097387714,8.071311700385319e-05,,,,
3532,0.001,adam,3533,220.58894228935242,6.043967793724984e-05,0.0,0.029366303683149374,8.980598301522378e-05,,,,
3533,0.001,adam,3534,220.66019582748413,6.118124895836877e-05,0.0,0.03601035994630628,9.719161061507537e-05,,,,
3534,0.001,adam,3535,220.7278070449829,6.077446875989554e-05,0.0,0.028207021242367403,8.898149134202457e-05,,,,
3535,0.001,adam,3536,220.76513147354126,5.9356243934204656e-05,0.0,0.025713197912745157,8.506944306826118e-05,,,,
3536,0.001,adam,3537,220.81802701950073,5.9504730173293395e-05,0.0,0.024163273930308753,8.366800525129607e-05,,,,
3537,0.001,adam,3538,220.88653707504272,6.0081121988959695e-05,0.0,0.034186672537524686,9.426779615026419e-05,,,,
3538,0.001,adam,3539,220.94156312942505,5.974460565835725e-05,0.0,0.02725532643794833,8.699993339086412e-05,,,,
3539,0.001,adam,3540,221.00618410110474,5.853285952318932e-05,0.0,0.025449194710856028,8.398205544281723e-05,0.00044562869480472883,0.0,0.02579330284860268,0.00047142199887844765
3540,0.001,adam,3541,221.07930755615234,5.8508488136117576e-05,0.0,0.0251496337359856,8.365812306664668e-05,,,,
3541,0.001,adam,3542,221.13314008712769,5.913032358061681e-05,0.0,0.03878933131100253,9.791965673401371e-05,,,,
3542,0.001,adam,3543,221.17798852920532,6.177311085816616e-05,0.0,0.029380732954003126,9.115384520767922e-05,,,,
3543,0.001,adam,3544,221.22433805465698,6.175512107090682e-05,0.0,0.02177116173973251,8.352628384471402e-05,,,,
3544,0.001,adam,3545,221.26515650749207,6.240811932567418e-05,0.0,0.023971603450763962,8.637972391502822e-05,,,,
3545,0.001,adam,3546,221.31723713874817,6.256907876397373e-05,0.0,0.0298257041299441,9.239478431056275e-05,,,,
3546,0.001,adam,3547,221.37370204925537,6.415751598502096e-05,0.0,0.03220239397794995,9.635991149250256e-05,,,,
3547,0.001,adam,3548,221.42828702926636,6.323608002656391e-05,0.0,0.029202701596983772,9.243878301060159e-05,,,,
3548,0.001,adam,3549,221.4852523803711,6.225009134230142e-05,0.0,0.023041857996647763,8.529195043337871e-05,,,,
3549,0.001,adam,3550,221.54434752464294,6.189064419734623e-05,0.0,0.028619873454836665,9.051051901155395e-05,,,,
3550,0.001,adam,3551,221.61395835876465,6.482720984769533e-05,0.0,0.03385291534296543,9.868012679858796e-05,,,,
3551,0.001,adam,3552,221.6805613040924,6.300616325734085e-05,0.0,0.028850430575349917,9.185659520301269e-05,,,,
3552,0.001,adam,3553,221.7364366054535,5.9045892907889555e-05,0.0,0.028161022474260666,8.720691671972702e-05,,,,
3553,0.001,adam,3554,221.78655195236206,5.8072664968257835e-05,0.0,0.02442432733958908,8.249699346794021e-05,,,,
3554,0.001,adam,3555,221.8392517566681,6.002542276031243e-05,0.0,0.028369271279124676,8.839469538690518e-05,,,,
3555,0.001,adam,3556,221.88736629486084,6.087056624394462e-05,0.0,0.021699354816321258,8.256992209092993e-05,,,,
3556,0.001,adam,3557,221.94401669502258,5.903123976922424e-05,0.0,0.026145167871270775,8.517640888232386e-05,,,,
3557,0.001,adam,3558,221.99586367607117,5.847360675525889e-05,0.0,0.02870291998973007,8.71765281083045e-05,,,,
3558,0.001,adam,3559,222.0413520336151,5.925555119517837e-05,0.0,0.029387588007545557,8.864314059855946e-05,,,,
3559,0.001,adam,3560,222.08683061599731,6.015167670884134e-05,0.0,0.02917966198654859,8.93313400813495e-05,0.00044863946742411154,0.0,0.02669963610451049,0.00047533910479678667
3560,0.001,adam,3561,222.16019105911255,5.963075111995555e-05,0.0,0.029648122088851203,8.927887461701699e-05,,,,
3561,0.001,adam,3562,222.24350881576538,6.0329476084722675e-05,0.0,0.027508957378106946,8.783843476943498e-05,,,,
3562,0.001,adam,3563,222.30775618553162,6.198969602324307e-05,0.0,0.026193564025133793,8.81832612925044e-05,,,,
3563,0.001,adam,3564,222.37198519706726,6.537338293236945e-05,0.0,0.025343364847490897,9.071674898360558e-05,,,,
3564,0.001,adam,3565,222.4209759235382,6.338120008334594e-05,0.0,0.02250585105566034,8.588705220797685e-05,,,,
3565,0.001,adam,3566,222.47903656959534,6.176284825416211e-05,0.0,0.027233435439868624,8.899628498754951e-05,,,,
3566,0.001,adam,3567,222.53243160247803,6.190367948629283e-05,0.0,0.03531903027587182,9.722271143972857e-05,,,,
3567,0.001,adam,3568,222.59347677230835,6.207814627074686e-05,0.0,0.024346735426770412,8.642488285392515e-05,,,,
3568,0.001,adam,3569,222.6498761177063,6.0999726771386145e-05,0.0,0.026177303636657663,8.717703165139901e-05,,,,
3569,0.001,adam,3570,222.69358897209167,6.0235199017482976e-05,0.0,0.031541475108382795,9.177667562400546e-05,,,,
3570,0.001,adam,3571,222.75214958190918,5.950389529580442e-05,0.0,0.027973227116423954,8.747712374088537e-05,,,,
3571,0.001,adam,3572,222.80280327796936,6.0190401002917305e-05,0.0,0.0253625351894921,8.555293739706519e-05,,,,
3572,0.001,adam,3573,222.86474871635437,6.061060414022057e-05,0.0,0.032746013718984765,9.335661941455752e-05,,,,
3573,0.001,adam,3574,222.91533279418945,6.18607004493723e-05,0.0,0.023394945330640033,8.52556468912126e-05,,,,
3574,0.001,adam,3575,222.95900106430054,6.0584262318604665e-05,0.0,0.023797729436437744,8.43819928853739e-05,,,,
3575,0.001,adam,3576,223.00472569465637,6.115448784737063e-05,0.0,0.027787161991303832,8.894165115849384e-05,,,,
3576,0.001,adam,3577,223.03635001182556,6.208100104878716e-05,0.0,0.029487581816607877,9.156858426598001e-05,,,,
3577,0.001,adam,3578,223.080491065979,6.467304481809015e-05,0.0,0.03153452490268492,9.620757121858464e-05,,,,
3578,0.001,adam,3579,223.12354803085327,6.610904795135416e-05,0.0,0.024017651040120123,9.01267001322515e-05,,,,
3579,0.001,adam,3580,223.19820022583008,7.056564712348983e-05,0.0,0.02700615778786445,9.757180619407794e-05,0.00045806182247970663,0.0,0.026362005696902464,0.00048442382942873717
3580,0.001,adam,3581,223.27817559242249,7.473634543492482e-05,0.0,0.023146330429204654,9.788267696352117e-05,,,,
3581,0.001,adam,3582,223.334237575531,7.77959220800976e-05,0.0,0.037264538672809225,0.00011506046252287745,,,,
3582,0.001,adam,3583,223.39822340011597,7.8308467282725e-05,0.0,0.025654388993820516,0.00010396285749506361,,,,
3583,0.001,adam,3584,223.45745301246643,8.470378381462743e-05,0.0,0.02390367184844399,0.0001086074567984349,,,,
3584,0.001,adam,3585,223.51093363761902,9.048971944071536e-05,0.0,0.02948361523748654,0.00011997333607859847,,,,
3585,0.001,adam,3586,223.5683240890503,0.00010216852165375718,0.0,0.022672929563052325,0.00012484145229371587,,,,
3586,0.001,adam,3587,223.6354057788849,0.00011505938574872934,0.0,0.026079683851273204,0.00014113907083872107,,,,
3587,0.001,adam,3588,223.70726537704468,0.00013291249663908335,0.0,0.022218395541348027,0.00015513089323574854,,,,
3588,0.001,adam,3589,223.76567888259888,0.00015278668828251068,0.0,0.025319926533570136,0.0001781066160187128,,,,
3589,0.001,adam,3590,223.82753086090088,0.00017503614085876635,0.0,0.019911386990925935,0.0001949475287954324,,,,
3590,0.001,adam,3591,223.8768289089203,0.00019514973996363492,0.0,0.0281523232059075,0.000223302064506706,,,,
3591,0.001,adam,3592,223.95266103744507,0.00021132965339382262,0.0,0.03280948151865687,0.00024413913647084622,,,,
3592,0.001,adam,3593,224.00939559936523,0.0002242694108847888,0.0,0.03225703480390337,0.0002565264472208191,,,,
3593,0.001,adam,3594,224.05513310432434,0.00021610960325064044,0.0,0.028537176104961877,0.00024464678071104546,,,,
3594,0.001,adam,3595,224.11068987846375,0.0001892670765643391,0.0,0.02984344977844359,0.0002191105277602705,,,,
3595,0.001,adam,3596,224.16765570640564,0.0001428938775849522,0.0,0.031203123582482662,0.0001740970026495037,,,,
3596,0.001,adam,3597,224.21387267112732,9.671364663026913e-05,0.0,0.026907834279287363,0.00012362148218761005,,,,
3597,0.001,adam,3598,224.25618863105774,6.623336172194237e-05,0.0,0.027579526110442325,9.38128891423419e-05,,,,
3598,0.001,adam,3599,224.2982873916626,5.735939443918574e-05,0.0,0.03238964887049481,8.974904484810632e-05,,,,
3599,0.001,adam,3600,224.36108112335205,6.817735457784517e-05,0.0,0.029766211309054637,9.794356730071898e-05,0.00046175868538321296,0.0,0.02454379766224581,0.0004863024842112266
3600,0.001,adam,3601,224.43227219581604,9.056428767664583e-05,0.0,0.027133922085430508,0.00011769821105086848,,,,
3601,0.001,adam,3602,224.48543000221252,0.00010549908659033726,0.0,0.02679869265171796,0.00013229778051492482,,,,
3602,0.001,adam,3603,224.53940987586975,0.00010691596638832421,0.0,0.028470682256626013,0.00013538664999723505,,,,
3603,0.001,adam,3604,224.61265110969543,9.327891504557444e-05,0.0,0.022859777556396503,0.00011613869368775212,,,,
3604,0.001,adam,3605,224.6602385044098,7.595535672676739e-05,0.0,0.02483955958737992,0.00010079491749396309,,,,
3605,0.001,adam,3606,224.70842266082764,6.129344606845276e-05,0.0,0.02395967352666267,8.525312073313885e-05,,,,
3606,0.001,adam,3607,224.76191329956055,5.847565242534721e-05,0.0,0.0270774398165295,8.55530935279861e-05,,,,
3607,0.001,adam,3608,224.8204848766327,6.556829289045822e-05,0.0,0.021791019773074648,8.735931369855077e-05,,,,
3608,0.001,adam,3609,224.86456871032715,7.427169691529607e-05,0.0,0.029725560134107536,0.00010399725846129195,,,,
3609,0.001,adam,3610,224.90404558181763,7.907848210272964e-05,0.0,0.02877364897779252,0.00010785213244719714,,,,
3610,0.001,adam,3611,224.9596390724182,7.34417628862468e-05,0.0,0.03325671648902031,0.00010669848095487639,,,,
3611,0.001,adam,3612,225.00996661186218,6.612587007220689e-05,0.0,0.02215566919238961,8.828154031693432e-05,,,,
3612,0.001,adam,3613,225.0553674697876,5.886685354096091e-05,0.0,0.023838350499663395,8.27052051728852e-05,,,,
3613,0.001,adam,3614,225.10998511314392,5.7845025531459426e-05,0.0,0.029747537914547494,8.759256485893916e-05,,,,
3614,0.001,adam,3615,225.1613805294037,6.0776408519662904e-05,0.0,0.025847709780653094,8.662411952801634e-05,,,,
3615,0.001,adam,3616,225.2278289794922,6.393994658939724e-05,0.0,0.029398545692810696,9.333849367856392e-05,,,,
3616,0.001,adam,3617,225.27936458587646,6.758946261554206e-05,0.0,0.025720533362880216,9.330999720008205e-05,,,,
3617,0.001,adam,3618,225.33077812194824,6.555868794616291e-05,0.0,0.030205759136194194,9.576444851705368e-05,,,,
3618,0.001,adam,3619,225.369065284729,6.387220020932946e-05,0.0,0.030138688728920893,9.401089036976125e-05,,,,
3619,0.001,adam,3620,225.4221749305725,5.9635800810234295e-05,0.0,0.0271933671386271,8.682916924047703e-05,0.00043998071482219707,0.0,0.02473935834947968,0.0004647200743467332
3620,0.001,adam,3621,225.48507046699524,5.727850157482056e-05,0.0,0.026945122707329367,8.422362556197459e-05,,,,
3621,0.001,adam,3622,225.5328516960144,5.6984010458493604e-05,0.0,0.019624267669721873,7.660827906031817e-05,,,,
3622,0.001,adam,3623,225.5823531150818,5.790701648361389e-05,0.0,0.03153351244258895,8.944053042396431e-05,,,,
3623,0.001,adam,3624,225.6412353515625,6.153033342095671e-05,0.0,0.021524136611705238,8.305447105500358e-05,,,,
3624,0.001,adam,3625,225.69991636276245,6.363593844980811e-05,0.0,0.024357146490344393,8.799308609705488e-05,,,,
3625,0.001,adam,3626,225.7396204471588,6.466705367080121e-05,0.0,0.0255292881713332,9.019634305471054e-05,,,,
3626,0.001,adam,3627,225.8004162311554,6.239816208080979e-05,0.0,0.027594483914254515,8.999264730573197e-05,,,,
3627,0.001,adam,3628,225.83521342277527,6.081427811617814e-05,0.0,0.023898542751531904,8.471282200282992e-05,,,,
3628,0.001,adam,3629,225.88626742362976,5.827225054533911e-05,0.0,0.02424148661437301,8.251373831112094e-05,,,,
3629,0.001,adam,3630,225.94375681877136,5.750413284484788e-05,0.0,0.027384734159807488,8.488886830536044e-05,,,,
3630,0.001,adam,3631,225.99715423583984,5.6814995351464114e-05,0.0,0.027156880785986205,8.397187742733294e-05,,,,
3631,0.001,adam,3632,226.04660487174988,5.7701803921017005e-05,0.0,0.02554451570532017,8.324632083963656e-05,,,,
3632,0.001,adam,3633,226.0976173877716,5.9977966197381995e-05,0.0,0.030204735860641218,9.018270349267118e-05,,,,
3633,0.001,adam,3634,226.15286707878113,6.047796527542067e-05,0.0,0.03064620284802395,9.112416957906115e-05,,,,
3634,0.001,adam,3635,226.20003938674927,6.161245391289457e-05,0.0,0.022771224283717598,8.438367927818728e-05,,,,
3635,0.001,adam,3636,226.24825811386108,6.0897015423068337e-05,0.0,0.02148821204626632,8.238522848996996e-05,,,,
3636,0.001,adam,3637,226.30077838897705,6.110197093023526e-05,0.0,0.019701458376977725,8.080343024298203e-05,,,,
3637,0.001,adam,3638,226.3636622428894,5.9787226775995696e-05,0.0,0.02661456489794172,8.640179293806142e-05,,,,
3638,0.001,adam,3639,226.42974209785461,5.857973805246943e-05,0.0,0.02835358088235278,8.693332028154504e-05,,,,
3639,0.001,adam,3640,226.47374987602234,5.682781464687363e-05,0.0,0.030937190704577632,8.776500682088897e-05,0.0004422697396891877,0.0,0.02481214558854575,0.0004670818864562471
3640,0.001,adam,3641,226.54321384429932,5.6835075256429676e-05,0.0,0.02725851278272034,8.40935893338599e-05,,,,
3641,0.001,adam,3642,226.59216499328613,5.680019276004966e-05,0.0,0.02206121407433029,7.88614078822314e-05,,,,
3642,0.001,adam,3643,226.6401333808899,5.686276856812145e-05,0.0,0.0306385608458708,8.75013308692458e-05,,,,
3643,0.001,adam,3644,226.69056725502014,5.83449297907747e-05,0.0,0.024527299529599443,8.287223048535837e-05,,,,
3644,0.001,adam,3645,226.73891353607178,5.9314476992106405e-05,0.0,0.024928680530625084,8.424315870678027e-05,,,,
3645,0.001,adam,3646,226.7831859588623,6.163810691628375e-05,0.0,0.027387687040776702,8.902579525790579e-05,,,,
3646,0.001,adam,3647,226.83061408996582,6.189042220278229e-05,0.0,0.02907998209767358,9.097040568168091e-05,,,,
3647,0.001,adam,3648,226.88590502738953,6.292328778458722e-05,0.0,0.023421045416492432,8.634433431351963e-05,,,,
3648,0.001,adam,3649,226.94350051879883,6.0631816420541004e-05,0.0,0.03188384407495027,9.251566200989261e-05,,,,
3649,0.001,adam,3650,226.9985225200653,5.952361225246174e-05,0.0,0.029268348896589958,8.879196253922368e-05,,,,
3650,0.001,adam,3651,227.0527365207672,5.919314819676111e-05,0.0,0.02352102207555922,8.271417138950893e-05,,,,
3651,0.001,adam,3652,227.09669160842896,6.1011954948946744e-05,0.0,0.023073306797556946,8.408526284242696e-05,,,,
3652,0.001,adam,3653,227.14963030815125,5.954936197694201e-05,0.0,0.029840641463247032,8.939000485754345e-05,,,,
3653,0.001,adam,3654,227.19303679466248,5.6887795956992604e-05,0.0,0.03321220780194669,9.010000533643452e-05,,,,
3654,0.001,adam,3655,227.24797463417053,5.522264016862708e-05,0.0,0.024070557774092026,7.929319908600925e-05,,,,
3655,0.001,adam,3656,227.30951857566833,5.5548219165288705e-05,0.0,0.02737271223201415,8.292093269743692e-05,,,,
3656,0.001,adam,3657,227.3758409023285,5.713487792475728e-05,0.0,0.027544728498709786,8.467960773177146e-05,,,,
3657,0.001,adam,3658,227.42226028442383,5.8828269747856376e-05,0.0,0.02496954463863421,8.379781557248032e-05,,,,
3658,0.001,adam,3659,227.46142029762268,5.750297637497377e-05,0.0,0.028840345856211685,8.634332360102838e-05,,,,
3659,0.001,adam,3660,227.51509499549866,5.5990789262754813e-05,0.0,0.024120692741131478,8.011148314955772e-05,0.00043774398272119634,0.0,0.025050461642358378,0.0004627944455533878
3660,0.001,adam,3661,227.60851955413818,5.5634305599809865e-05,0.0,0.02615268710209242,8.178699394408827e-05,,,,
3661,0.001,adam,3662,227.66696405410767,5.5929997753828044e-05,0.0,0.02171005821913659,7.764005700413707e-05,,,,
3662,0.001,adam,3663,227.72680854797363,5.655742091725343e-05,0.0,0.03193399191215627,8.849141434619293e-05,,,,
3663,0.001,adam,3664,227.79937553405762,5.6446429779700945e-05,0.0,0.025015107055709012,8.146153802356378e-05,,,,
3664,0.001,adam,3665,227.87036323547363,5.568704924032799e-05,0.0,0.02309882780231471,7.878587813977815e-05,,,,
3665,0.001,adam,3666,227.91854619979858,5.624592684689744e-05,0.0,0.02761642828821803,8.386235644682543e-05,,,,
3666,0.001,adam,3667,227.96252965927124,5.6741910416948425e-05,0.0,0.021507084544785764,7.824899598326589e-05,,,,
3667,0.001,adam,3668,228.0007083415985,5.82427660727283e-05,0.0,0.019639587062998575,7.78823540685572e-05,,,,
3668,0.001,adam,3669,228.0469033718109,5.95297483447746e-05,0.0,0.024755675670956705,8.428542519156281e-05,,,,
3669,0.001,adam,3670,228.10120558738708,6.2153317069234e-05,0.0,0.027242798911464784,8.93961172746623e-05,,,,
3670,0.001,adam,3671,228.1522092819214,6.387349455949778e-05,0.0,0.026993559521833736,9.08670553634568e-05,,,,
3671,0.001,adam,3672,228.20549631118774,6.673050907928675e-05,0.0,0.025357146905207562,9.208765718889415e-05,,,,
3672,0.001,adam,3673,228.25305199623108,6.859060871316907e-05,0.0,0.02866750883982252,9.725811891462519e-05,,,,
3673,0.001,adam,3674,228.2929618358612,7.438397339251e-05,0.0,0.025264216658010635,9.964819125050654e-05,,,,
3674,0.001,adam,3675,228.34312653541565,8.057109181795638e-05,0.0,0.021779398085331317,0.00010235049093775359,,,,
3675,0.001,adam,3676,228.4084610939026,9.301793815328288e-05,0.0,0.02814799671276822,0.0001211659362030092,,,,
3676,0.001,adam,3677,228.4776873588562,0.00010687042758227542,0.0,0.028577217180420257,0.00013544764612004066,,,,
3677,0.001,adam,3678,228.52609038352966,0.00012873256394498349,0.0,0.021921900083625868,0.00015065446506984373,,,,
3678,0.001,adam,3679,228.58791422843933,0.00015441963841342823,0.0,0.030069578842168043,0.00018448921868382463,,,,
3679,0.001,adam,3680,228.6439347267151,0.00018201664631725475,0.0,0.04815707911965287,0.00023017372772424615,0.0006212953895468848,0.0,0.0287081300858536,0.0006500035209963013
3680,0.001,adam,3681,228.72736144065857,0.00021571120287898536,0.0,0.029098443029560828,0.0002448096472906481,,,,
3681,0.001,adam,3682,228.77249550819397,0.00023142415746700435,0.0,0.03260048699149164,0.000264024646006936,,,,
3682,0.001,adam,3683,228.8127884864807,0.00023918695629137298,0.0,0.03742483274991181,0.00027661179081886895,,,,
3683,0.001,adam,3684,228.8643503189087,0.00021345523120060785,0.0,0.0283691414027361,0.00024182437395080586,,,,
3684,0.001,adam,3685,228.92382383346558,0.00017325288386601736,0.0,0.02785019811196702,0.00020110308330079782,,,,
3685,0.001,adam,3686,228.96349620819092,0.00012397749215653953,0.0,0.028667795109169274,0.000152645288627356,,,,
3686,0.001,adam,3687,229.01856803894043,8.293045524987322e-05,0.0,0.028543666545406597,0.00011147412315103123,,,,
3687,0.001,adam,3688,229.0781819820404,6.634095116897689e-05,0.0,0.03197275124714136,9.831370393474244e-05,,,,
3688,0.001,adam,3689,229.12440061569214,7.553640135983208e-05,0.0,0.032059321763665494,0.00010759572464623365,,,,
3689,0.001,adam,3690,229.17663669586182,0.00010292612376476224,0.0,0.027249426471408156,0.0001301755515304487,,,,
3690,0.001,adam,3691,229.22298073768616,0.0001257911664131193,0.0,0.02408168724743625,0.00014987285480437432,,,,
3691,0.001,adam,3692,229.27749013900757,0.0001333735861886348,0.0,0.0355976339022956,0.00016897122178172728,,,,
3692,0.001,adam,3693,229.34309911727905,0.0001192347089001134,0.0,0.0263757344010835,0.00014561044455397708,,,,
3693,0.001,adam,3694,229.40841245651245,9.100524070204926e-05,0.0,0.027766366325082524,0.00011877160834596341,,,,
3694,0.001,adam,3695,229.47041153907776,6.657211911853808e-05,0.0,0.026704254500609547,9.327637488753165e-05,,,,
3695,0.001,adam,3696,229.53557991981506,5.6935268874480124e-05,0.0,0.022247994822280064,7.918326475348325e-05,,,,
3696,0.001,adam,3697,229.59256625175476,6.548892258706342e-05,0.0,0.02423750731042983,8.972643104871307e-05,,,,
3697,0.001,adam,3698,229.63121819496155,8.462780514998339e-05,0.0,0.025434347385362887,0.00011006215374341296,,,,
3698,0.001,adam,3699,229.68165922164917,9.560633407110672e-05,0.0,0.027215840207109356,0.00012282217557089913,,,,
3699,0.001,adam,3700,229.7410728931427,9.118432275787692e-05,0.0,0.030231206917342657,0.00012141553111112485,0.00047409321292538504,0.0,0.026603955669356083,0.0005006971698583612
3700,0.001,adam,3701,229.8150932788849,7.649575665869128e-05,0.0,0.027280344109253434,0.00010377610206369153,,,,
3701,0.001,adam,3702,229.8876495361328,6.484570960429593e-05,0.0,0.028854849535130855,9.37005605099586e-05,,,,
3702,0.001,adam,3703,229.94586205482483,5.858337673648641e-05,0.0,0.026908714960790853,8.549209297537264e-05,,,,
3703,0.001,adam,3704,229.99449753761292,5.878667729476128e-05,0.0,0.02275787501040045,8.154455338610279e-05,,,,
3704,0.001,adam,3705,230.03816199302673,6.321466722016057e-05,0.0,0.02182976756498649,8.504443582200539e-05,,,,
3705,0.001,adam,3706,230.09650897979736,6.570298377998326e-05,0.0,0.02707842541633635,9.27814104824758e-05,,,,
3706,0.001,adam,3707,230.13723063468933,6.774956142874982e-05,0.0,0.02617438528450524,9.392394795647165e-05,,,,
3707,0.001,adam,3708,230.1918342113495,6.40537228060005e-05,0.0,0.02940150274017741,9.345522694267435e-05,,,,
3708,0.001,adam,3709,230.2340793609619,6.019773702207288e-05,0.0,0.024870013113987254,8.506775131732238e-05,,,,
3709,0.001,adam,3710,230.28545784950256,5.640951254813524e-05,0.0,0.02313677381136072,7.954628745843375e-05,,,,
3710,0.001,adam,3711,230.33791041374207,5.577577818085247e-05,0.0,0.02255270115329548,7.832848040534377e-05,,,,
3711,0.001,adam,3712,230.40076208114624,5.803320824589066e-05,0.0,0.023343629088581057,8.13768384432346e-05,,,,
3712,0.001,adam,3713,230.4722032546997,6.003987003941982e-05,0.0,0.025017975534242343,8.505784676195223e-05,,,,
3713,0.001,adam,3714,230.51466035842896,6.218990031863111e-05,0.0,0.054088969185969414,0.00011627887207368871,,,,
3714,0.001,adam,3715,230.57519793510437,6.0529078917769396e-05,0.0,0.03035040503351035,9.087948539284664e-05,,,,
3715,0.001,adam,3716,230.62237215042114,5.835353106820398e-05,0.0,0.027561616596412642,8.591514897372316e-05,,,,
3716,0.001,adam,3717,230.6645848751068,5.5842694174405395e-05,0.0,0.032861004674322326,8.870370040954169e-05,,,,
3717,0.001,adam,3718,230.72364449501038,5.491757776563304e-05,0.0,0.026028646795513928,8.094622579744135e-05,,,,
3718,0.001,adam,3719,230.7916121482849,5.545590528899476e-05,0.0,0.042274836092586504,9.773074338952824e-05,,,,
3719,0.001,adam,3720,230.8603367805481,5.68141305397736e-05,0.0,0.028131301520657466,8.494543339659619e-05,0.00043436580622827493,0.0,0.02387911655267386,0.00045824492391514595
3720,0.001,adam,3721,230.95488095283508,5.829397825960798e-05,0.0,0.02168292341700446,7.997690270649604e-05,,,,
3721,0.001,adam,3722,231.0168137550354,5.791137752020833e-05,0.0,0.024519378308963335,8.243075699377964e-05,,,,
3722,0.001,adam,3723,231.08453273773193,5.756028923614893e-05,0.0,0.031229140486550084,8.87894312060036e-05,,,,
3723,0.001,adam,3724,231.15559816360474,5.608903760313778e-05,0.0,0.025085967044780222,8.11750058394375e-05,,,,
3724,0.001,adam,3725,231.20387887954712,5.560122507664779e-05,0.0,0.026053832879713773,8.165505919385222e-05,,,,
3725,0.001,adam,3726,231.2762315273285,5.5006145398936145e-05,0.0,0.025443525310954278,8.044967191839302e-05,,,,
3726,0.001,adam,3727,231.3389537334442,5.5225712822099274e-05,0.0,0.025826768639247842,8.10524826880528e-05,,,,
3727,0.001,adam,3728,231.39238929748535,5.6015146016577943e-05,0.0,0.02391196308160428,7.992711023393953e-05,,,,
3728,0.001,adam,3729,231.44687390327454,5.6797787074580565e-05,0.0,0.026470623921362645,8.326841225323038e-05,,,,
3729,0.001,adam,3730,231.50127172470093,5.835033492829994e-05,0.0,0.023967016218860365,8.23173522855325e-05,,,,
3730,0.001,adam,3731,231.57074189186096,5.852590692228067e-05,0.0,0.025371425903697183,8.389733403105592e-05,,,,
3731,0.001,adam,3732,231.63763999938965,5.847787071997014e-05,0.0,0.029220235083742836,8.769810719159967e-05,,,,
3732,0.001,adam,3733,231.6923246383667,5.812436088548645e-05,0.0,0.03157094412474427,8.96953065097701e-05,,,,
3733,0.001,adam,3734,231.75797533988953,5.978845204237253e-05,0.0,0.023031757739406522,8.282021087572885e-05,,,,
3734,0.001,adam,3735,231.8182349205017,6.104989017026652e-05,0.0,0.02916308930577055,9.021298086120948e-05,,,,
3735,0.001,adam,3736,231.88961696624756,6.15234791767243e-05,0.0,0.02861931398638602,9.014279452245479e-05,,,,
3736,0.001,adam,3737,231.94132494926453,6.0384775694482154e-05,0.0,0.021586919933866182,8.197169665367201e-05,,,,
3737,0.001,adam,3738,231.99405074119568,6.059789034543293e-05,0.0,0.02566822608597022,8.626611765057847e-05,,,,
3738,0.001,adam,3739,232.05381274223328,6.237533896939144e-05,0.0,0.026833268921878106,8.920860916578143e-05,,,,
3739,0.001,adam,3740,232.10374808311462,6.513932968967786e-05,0.0,0.02704416773731507,9.218349871152197e-05,0.00044065828774946593,0.0,0.02528110170119607,0.0004659393906514499
3740,0.001,adam,3741,232.17733335494995,6.806863524615856e-05,0.0,0.028967538443949937,9.703617506599275e-05,,,,
3741,0.001,adam,3742,232.23013424873352,7.218575000157349e-05,0.0,0.024591950102930048,9.677770127255848e-05,,,,
3742,0.001,adam,3743,232.3056709766388,7.781362725574592e-05,0.0,0.02386584105173791,0.00010167946944105044,,,,
3743,0.001,adam,3744,232.36980032920837,8.606619817267231e-05,0.0,0.02733399691262467,0.00011340019638359216,,,,
3744,0.001,adam,3745,232.42720866203308,9.860112459656732e-05,0.0,0.02574505941757659,0.00012434618523696862,,,,
3745,0.001,adam,3746,232.48402500152588,0.00011436242006871232,0.0,0.023601430626508806,0.00013796385181622892,,,,
3746,0.001,adam,3747,232.525488615036,0.00013487761821198783,0.0,0.023651522779581928,0.00015852914211495682,,,,
3747,0.001,adam,3748,232.5748233795166,0.0001581786188352606,0.0,0.023006828411327594,0.00018118544833935392,,,,
3748,0.001,adam,3749,232.63066172599792,0.00018159537951174538,0.0,0.022446866708712904,0.00020404224728662725,,,,
3749,0.001,adam,3750,232.68524885177612,0.0002049986124020109,0.0,0.028491703915085136,0.00023349031767037936,,,,
3750,0.001,adam,3751,232.73144268989563,0.00021779824549962107,0.0,0.027174550156357453,0.0002449727969467004,,,,
3751,0.001,adam,3752,232.78471088409424,0.0002199269527300512,0.0,0.025146477540140395,0.0002450734314645852,,,,
3752,0.001,adam,3753,232.84509658813477,0.0001932819806226964,0.0,0.024325637175862207,0.00021760761895396437,,,,
3753,0.001,adam,3754,232.90367555618286,0.0001572238932806903,0.0,0.025586900212016782,0.00018281079470801965,,,,
3754,0.001,adam,3755,232.95243287086487,0.00011488960556242694,0.0,0.03109008537219147,0.00014597969241131822,,,,
3755,0.001,adam,3756,233.0060305595398,8.657554755737537e-05,0.0,0.026476482288463367,0.00011305203110340416,,,,
3756,0.001,adam,3757,233.0471682548523,7.598041108689663e-05,0.0,0.020946907760113022,9.692731984193439e-05,,,,
3757,0.001,adam,3758,233.10149598121643,8.57009715747109e-05,0.0,0.03348900288182817,0.00011918997604718135,,,,
3758,0.001,adam,3759,233.14972829818726,0.00010466437830349041,0.0,0.03325706450112972,0.00013792144438424592,,,,
3759,0.001,adam,3760,233.1927833557129,0.00012114489299194268,0.0,0.024965018451769953,0.0001461099126294874,0.0005242845727433938,0.0,0.0259216484943599,0.0005502062224689659
3760,0.001,adam,3761,233.26655650138855,0.00012271556764574084,0.0,0.022059033678824454,0.00014477460237231318,,,,
3761,0.001,adam,3762,233.32744789123535,0.00010483746847814258,0.0,0.02350703592657774,0.00012834450552124462,,,,
3762,0.001,adam,3763,233.3965561389923,7.872291386126242e-05,0.0,0.024962749877337247,0.00010368566492426667,,,,
3763,0.001,adam,3764,233.44637298583984,5.984240958425825e-05,0.0,0.026029548821499195,8.587195964209466e-05,,,,
3764,0.001,adam,3765,233.51460814476013,5.540700908577951e-05,0.0,0.030093147774858053,8.550015828998539e-05,,,,
3765,0.001,adam,3766,233.56883096694946,6.487331134238689e-05,0.0,0.023016205165676564,8.788951760127454e-05,,,,
3766,0.001,adam,3767,233.61709904670715,8.001500227199017e-05,0.0,0.02921930004578722,0.00010923430370561967,,,,
3767,0.001,adam,3768,233.69637632369995,8.794456381496371e-05,0.0,0.02396585176584342,0.000111910416719124,,,,
3768,0.001,adam,3769,233.75176906585693,8.668953035055104e-05,0.0,0.021063899582648073,0.00010775343093368066,,,,
3769,0.001,adam,3770,233.80757188796997,7.645720186027513e-05,0.0,0.02605279730165109,0.00010251000039936769,,,,
3770,0.001,adam,3771,233.8676519393921,6.621285849003433e-05,0.0,0.022104831309733154,8.831769084969063e-05,,,,
3771,0.001,adam,3772,233.93771290779114,5.940939154580107e-05,0.0,0.04203037036233783,0.00010143976390447437,,,,
3772,0.001,adam,3773,233.98740029335022,6.0800554557802024e-05,0.0,0.02289137603197346,8.36919316770575e-05,,,,
3773,0.001,adam,3774,234.07046031951904,6.539985505875614e-05,0.0,0.01974201821937847,8.514187421583016e-05,,,,
3774,0.001,adam,3775,234.12781858444214,6.931710919747473e-05,0.0,0.03073088566666825,0.00010004799632378172,,,,
3775,0.001,adam,3776,234.1764600276947,6.761749078819605e-05,0.0,0.02976662166155413,9.738411386358885e-05,,,,
3776,0.001,adam,3777,234.24352622032166,6.292137927031921e-05,0.0,0.024839909364827408,8.776128981497901e-05,,,,
3777,0.001,adam,3778,234.306476354599,5.855101995435329e-05,0.0,0.029602499338770412,8.815352069916696e-05,,,,
3778,0.001,adam,3779,234.39193606376648,5.5765770547066975e-05,0.0,0.0304161398101881,8.618191180194419e-05,,,,
3779,0.001,adam,3780,234.4426748752594,5.7015680511368605e-05,0.0,0.021686176343352823,7.870185788475953e-05,0.0004421072415433704,0.0,0.02401330009227512,0.00046612054277621605
3780,0.001,adam,3781,234.50595617294312,5.9834912888115656e-05,0.0,0.02410304361193403,8.393795764488282e-05,,,,
3781,0.001,adam,3782,234.55965876579285,6.269912631257898e-05,0.0,0.030918956259493018,9.361808404064362e-05,,,,
3782,0.001,adam,3783,234.6035692691803,6.354614791903157e-05,0.0,0.03483892560967569,9.838507518346743e-05,,,,
3783,0.001,adam,3784,234.66635751724243,6.14081039585894e-05,0.0,0.02334939409439334,8.475749916201945e-05,,,,
3784,0.001,adam,3785,234.7180187702179,5.802034786374275e-05,0.0,0.026247944643137455,8.426829375359068e-05,,,,
3785,0.001,adam,3786,234.77200150489807,5.5097381394706505e-05,0.0,0.029568854220148634,8.466623701930035e-05,,,,
3786,0.001,adam,3787,234.8325023651123,5.4084755879000456e-05,0.0,0.021205991828815683,7.52907487150467e-05,,,,
3787,0.001,adam,3788,234.88034582138062,5.48944082105828e-05,0.0,0.02383682553029879,7.873123487307005e-05,,,,
3788,0.001,adam,3789,234.92684864997864,5.630536267069892e-05,0.0,0.026235541349676744,8.254090526649701e-05,,,,
3789,0.001,adam,3790,234.95906829833984,5.779137943992638e-05,0.0,0.024079986111524652,8.1871366695189e-05,,,,
3790,0.001,adam,3791,235.0097086429596,5.796973188750378e-05,0.0,0.03604170096501712,9.401143456440984e-05,,,,
3791,0.001,adam,3792,235.04280614852905,5.7710819421039616e-05,0.0,0.0371609291436817,9.487175032977073e-05,,,,
3792,0.001,adam,3793,235.08093309402466,5.769827489244672e-05,0.0,0.026041912983791327,8.374018911316254e-05,,,,
3793,0.001,adam,3794,235.1103401184082,5.7005990459935504e-05,0.0,0.026976077878171877,8.398206961940232e-05,,,,
3794,0.001,adam,3795,235.14620065689087,5.5724754419600416e-05,0.0,0.026092948496873714,8.181770415582269e-05,,,,
3795,0.001,adam,3796,235.18475532531738,5.4645874943715e-05,0.0,0.02075249158007337,7.539836750947883e-05,,,,
3796,0.001,adam,3797,235.27597451210022,5.430816880844728e-05,0.0,0.027691867615116827,8.200003773885725e-05,,,,
3797,0.001,adam,3798,235.30791592597961,5.454244450615216e-05,0.0,0.029525753194472724,8.406819910302291e-05,,,,
3798,0.001,adam,3799,235.3444972038269,5.473673862045109e-05,0.0,0.03130039531808053,8.603713542522061e-05,,,,
3799,0.001,adam,3800,235.37451171875,5.559971254415007e-05,0.0,0.025268941391880878,8.086865513624126e-05,0.0004315758729101006,0.0,0.024163778105660765,0.00045573965216347923
3800,0.001,adam,3801,235.42274117469788,5.555395289367434e-05,0.0,0.02394824191973308,7.950219595088788e-05,,,,
3801,0.001,adam,3802,235.46224808692932,5.566529273463203e-05,0.0,0.02416687390368131,7.983216778617825e-05,,,,
3802,0.001,adam,3803,235.49872040748596,5.4650323908723275e-05,0.0,0.027729684554140033,8.238000977995265e-05,,,,
3803,0.001,adam,3804,235.53996586799622,5.5254379042671473e-05,0.0,0.02825897830103642,8.351335868593734e-05,,,,
3804,0.001,adam,3805,235.62034511566162,5.451561017694867e-05,0.0,0.029723389535250076,8.4239001123984e-05,,,,
3805,0.001,adam,3806,235.65310645103455,5.537654701996482e-05,0.0,0.020794123048809662,7.617067105644233e-05,,,,
3806,0.001,adam,3807,235.69902205467224,5.5630844335705174e-05,0.0,0.019436358381197096,7.506720364007975e-05,,,,
3807,0.001,adam,3808,235.73969793319702,5.684170742328527e-05,0.0,0.028971382989936945,8.581309178928907e-05,,,,
3808,0.001,adam,3809,235.77881479263306,5.6458680162663266e-05,0.0,0.026964215581470073,8.342289702486486e-05,,,,
3809,0.001,adam,3810,235.82923197746277,5.839965685911472e-05,0.0,0.027564683791574174,8.596434195994112e-05,,,,
3810,0.001,adam,3811,235.8817262649536,5.953532945579903e-05,0.0,0.02016309448850002,7.969842490199465e-05,,,,
3811,0.001,adam,3812,235.93535804748535,6.359958596807618e-05,0.0,0.02967757772957681,9.327716510726229e-05,,,,
3812,0.001,adam,3813,236.01039600372314,6.682406355689046e-05,0.0,0.02638542847809216,9.320949328822322e-05,,,,
3813,0.001,adam,3814,236.05575728416443,7.24596022295315e-05,0.0,0.024125701477254773,9.65853048526956e-05,,,,
3814,0.001,adam,3815,236.09650254249573,7.810837821645823e-05,0.0,0.044507063396924215,0.00012261544372735452,,,,
3815,0.001,adam,3816,236.14343190193176,9.263222775484686e-05,0.0,0.02218556583266263,0.00011481779464126732,,,,
3816,0.001,adam,3817,236.18113207817078,0.00011156140706105955,0.0,0.02428895018865409,0.00013585035840337688,,,,
3817,0.001,adam,3818,236.20767641067505,0.00014018162626221357,0.0,0.023558000746303334,0.0001637396281274619,,,,
3818,0.001,adam,3819,236.2542896270752,0.00018086453319280627,0.0,0.028249136058911616,0.00020911367059347986,,,,
3819,0.001,adam,3820,236.3484218120575,0.00022406551744756715,0.0,0.027388545624630157,0.00025145406437308344,0.000688508114616333,0.0,0.030993721030913808,0.0007195018371193696
3820,0.001,adam,3821,236.47424745559692,0.0002801016562257358,0.0,0.03188265714329831,0.0003119843148833791,,,,
3821,0.001,adam,3822,236.54840302467346,0.0003101768856381585,0.0,0.024363659122818525,0.0003345405459181888,,,,
3822,0.001,adam,3823,236.5991895198822,0.0003276921068983418,0.0,0.03051140590415156,0.0003582035142517074,,,,
3823,0.001,adam,3824,236.63942670822144,0.0002716880073937936,0.0,0.026881651845377885,0.0002985696605159814,,,,
3824,0.001,adam,3825,236.67924642562866,0.00019264434314893815,0.0,0.03028394169902173,0.0002229282862863699,,,,
3825,0.001,adam,3826,236.71655774116516,0.00010791769954666898,0.0,0.024420902709870608,0.00013233860341647024,,,,
3826,0.001,adam,3827,236.7546603679657,6.347916911678512e-05,0.0,0.022312862033066646,8.579203220965585e-05,,,,
3827,0.001,adam,3828,236.8051438331604,7.248596397076947e-05,0.0,0.024843191121634932,9.732915627239265e-05,,,,
3828,0.001,adam,3829,236.88787317276,0.0001134784132841196,0.0,0.01909527913525271,0.0001325736933263494,,,,
3829,0.001,adam,3830,236.92775106430054,0.00015134014359029493,0.0,0.02907638836627672,0.000180416533337626,,,,
3830,0.001,adam,3831,236.9676263332367,0.00015160811337480034,0.0,0.022125343596590158,0.00017373345802228793,,,,
3831,0.001,adam,3832,237.01347184181213,0.00011601774787777788,0.0,0.02582656774899522,0.00014184431685346924,,,,
3832,0.001,adam,3833,237.0575726032257,7.43570027841593e-05,0.0,0.021649687002541176,9.600669081500543e-05,,,,
3833,0.001,adam,3834,237.09520411491394,5.523499798257213e-05,0.0,0.023142623616627944,7.837762269841571e-05,,,,
3834,0.001,adam,3835,237.1329803466797,6.828937014615828e-05,0.0,0.018060639777413574,8.635001078140622e-05,,,,
3835,0.001,adam,3836,237.1706202030182,9.339391190691399e-05,0.0,0.022029196639345206,0.00011542310959258988,,,,
3836,0.001,adam,3837,237.2074694633484,0.00010205869688912185,0.0,0.02842134293352163,0.00013048004117258483,,,,
3837,0.001,adam,3838,237.27340936660767,8.956206250319683e-05,0.0,0.02396503401951826,0.00011352709766099313,,,,
3838,0.001,adam,3839,237.30486607551575,6.633777077670953e-05,0.0,0.024475302984396426,9.081307492362048e-05,,,,
3839,0.001,adam,3840,237.3516047000885,5.581386093936085e-05,0.0,0.02648523439729772,8.22990965946397e-05,0.000435790961958079,0.0,0.023722229492364973,0.0004595131925771894
3840,0.001,adam,3841,237.44743657112122,5.935067485024845e-05,0.0,0.028813656147244092,8.816433236606778e-05,,,,
3841,0.001,adam,3842,237.49504828453064,6.983003240390274e-05,0.0,0.022735188352143852,9.25652218359101e-05,,,,
3842,0.001,adam,3843,237.57589530944824,7.76876096751448e-05,0.0,0.021741846294694844,9.942945700252194e-05,,,,
3843,0.001,adam,3844,237.6146047115326,7.104467965405913e-05,0.0,0.02622225594716012,9.726693684670957e-05,,,,
3844,0.001,adam,3845,237.66319012641907,6.05651587667004e-05,0.0,0.06061193626370398,0.00012117709790931687,,,,
3845,0.001,adam,3846,237.6941041946411,5.429174381681152e-05,0.0,0.024083874939588596,7.83756199003228e-05,,,,
3846,0.001,adam,3847,237.7280707359314,5.85115324976403e-05,0.0,0.030689518054064613,8.920105200937881e-05,,,,
3847,0.001,adam,3848,237.76737642288208,6.77405059118073e-05,0.0,0.02601290024999884,9.375340739735261e-05,,,,
3848,0.001,adam,3849,237.85446000099182,6.963069740386396e-05,0.0,0.025181404709216863,9.481210330913336e-05,,,,
3849,0.001,adam,3850,237.9171462059021,6.550757351635735e-05,0.0,0.031584671951611014,9.709224696815977e-05,,,,
3850,0.001,adam,3851,237.9776554107666,5.693703302913014e-05,0.0,0.02995367043188394,8.689070488373708e-05,,,,
3851,0.001,adam,3852,238.01666855812073,5.4953348876581284e-05,0.0,0.02357808797946121,7.853143797594158e-05,,,,
3852,0.001,adam,3853,238.04967498779297,6.034004236642311e-05,0.0,0.02935172343659682,8.969176719715198e-05,,,,
3853,0.001,adam,3854,238.09958791732788,6.579354179667087e-05,0.0,0.02526582331304783,9.105936630978091e-05,,,,
3854,0.001,adam,3855,238.13091802597046,6.812489578467585e-05,0.0,0.029977168808979122,9.810206601749409e-05,,,,
3855,0.001,adam,3856,238.18050837516785,6.453830962969264e-05,0.0,0.02546221571213252,9.00005265512155e-05,,,,
3856,0.001,adam,3857,238.2218177318573,6.088555027917104e-05,0.0,0.022187317106861663,8.307286843987372e-05,,,,
3857,0.001,adam,3858,238.26566338539124,5.5608298510491005e-05,0.0,0.02793703229158575,8.354533212901459e-05,,,,
3858,0.001,adam,3859,238.30609512329102,5.416732072957441e-05,0.0,0.025184923215785953,7.935224514158003e-05,,,,
3859,0.001,adam,3860,238.3393416404724,5.7444362952142714e-05,0.0,0.028407006976951782,8.585137127835492e-05,0.0004490328570658204,0.0,0.024336503685958296,0.0004733693619077006
3860,0.001,adam,3861,238.40000939369202,5.970922005525461e-05,0.0,0.02619144446437508,8.590066576365655e-05,,,,
3861,0.001,adam,3862,238.44537687301636,6.133707663201e-05,0.0,0.024811864881044133,8.614894269155447e-05,,,,
3862,0.001,adam,3863,238.48756313323975,5.9818373405518036e-05,0.0,0.028270877107146698,8.808925185545934e-05,,,,
3863,0.001,adam,3864,238.53064131736755,5.789025816614646e-05,0.0,0.029372659683025763,8.726291924429869e-05,,,,
3864,0.001,adam,3865,238.5648422241211,5.501756111184291e-05,0.0,0.028086221547733457,8.31037839936003e-05,,,,
3865,0.001,adam,3866,238.59935426712036,5.4036139317575836e-05,0.0,0.02314415779486024,7.718029821172459e-05,,,,
3866,0.001,adam,3867,238.6357581615448,5.523042737640302e-05,0.0,0.02591847268662676,8.114890129409118e-05,,,,
3867,0.001,adam,3868,238.69824504852295,5.6295446822710995e-05,0.0,0.029519022664217326,8.581447088900666e-05,,,,
3868,0.001,adam,3869,238.7368049621582,5.79907428160503e-05,0.0,0.029574120178080466,8.75648643988261e-05,,,,
3869,0.001,adam,3870,238.77749800682068,5.650916889615988e-05,0.0,0.022115036592061144,7.86242065386289e-05,,,,
3870,0.001,adam,3871,238.8169720172882,5.4374020683784605e-05,0.0,0.022979668955653336,7.735369073091364e-05,,,,
3871,0.001,adam,3872,238.85990357398987,5.2932868968693755e-05,0.0,0.020157062181817547,7.308993210792038e-05,,,,
3872,0.001,adam,3873,238.9043414592743,5.2669063113032785e-05,0.0,0.03567094552132906,8.834001032864084e-05,,,,
3873,0.001,adam,3874,238.95364952087402,5.405666217803982e-05,0.0,0.02477036905264466,7.882703240721387e-05,,,,
3874,0.001,adam,3875,239.00553274154663,5.542483044645257e-05,0.0,0.020551297840152,7.597612926273884e-05,,,,
3875,0.001,adam,3876,239.04358744621277,5.598037653082846e-05,0.0,0.024918396228578547,8.089877394296731e-05,,,,
3876,0.001,adam,3877,239.08901071548462,5.4391933431055894e-05,0.0,0.02141913718119269,7.5811071629603e-05,,,,
3877,0.001,adam,3878,239.12910056114197,5.360749838739676e-05,0.0,0.019710308691558376,7.331780801514456e-05,,,,
3878,0.001,adam,3879,239.17129254341125,5.2458341562026755e-05,0.0,0.023998011227456546,7.645635392932767e-05,,,,
3879,0.001,adam,3880,239.21694540977478,5.2288335064324334e-05,0.0,0.026789806073977206,7.907814241074905e-05,0.0004326711819611269,0.0,0.02331976471391487,0.00045599094778267117
3880,0.001,adam,3881,239.2762951850891,5.3126314838934206e-05,0.0,0.02364121860304939,7.676753456488123e-05,,,,
3881,0.001,adam,3882,239.31055212020874,5.3749315798402866e-05,0.0,0.03079176747767066,8.454108473860401e-05,,,,
3882,0.001,adam,3883,239.3431339263916,5.4602098054202206e-05,0.0,0.026575215480444347,8.117731479690156e-05,,,,
3883,0.001,adam,3884,239.38296246528625,5.376998784741074e-05,0.0,0.02367190706797998,7.744189603974597e-05,,,,
3884,0.001,adam,3885,239.4384684562683,5.323544137543138e-05,0.0,0.023813015071868022,7.704845757835693e-05,,,,
3885,0.001,adam,3886,239.47497868537903,5.264394616251862e-05,0.0,0.02712562722070914,7.976957467162592e-05,,,,
3886,0.001,adam,3887,239.50864338874817,5.24857583080171e-05,0.0,0.02815897007466005,8.064472972015646e-05,,,,
3887,0.001,adam,3888,239.54846572875977,5.273679813226907e-05,0.0,0.02219223153628197,7.492903072262548e-05,,,,
3888,0.001,adam,3889,239.60818338394165,5.2659039898766215e-05,0.0,0.02309531370784663,7.575435470358139e-05,,,,
3889,0.001,adam,3890,239.64773416519165,5.3607945744066045e-05,0.0,0.023816583328272488,7.742453020356554e-05,,,,
3890,0.001,adam,3891,239.69027519226074,5.4999852293709864e-05,0.0,0.024301768108300592,7.930162155628251e-05,,,,
3891,0.001,adam,3892,239.72158002853394,5.741901130462551e-05,0.0,0.023423387788390884,8.084240020556762e-05,,,,
3892,0.001,adam,3893,239.7695119380951,5.6114509663019563e-05,0.0,0.028668263638628,8.478277466331702e-05,,,,
3893,0.001,adam,3894,239.81279134750366,5.405020923777303e-05,0.0,0.02362390158112989,7.767411194097804e-05,,,,
3894,0.001,adam,3895,239.86331272125244,5.456848453516194e-05,0.0,0.02392033564833333,7.848882131965024e-05,,,,
3895,0.001,adam,3896,239.89868760108948,5.733193842600559e-05,0.0,0.028258594558231837,8.559053432644865e-05,,,,
3896,0.001,adam,3897,239.93460059165955,5.895602093335251e-05,0.0,0.02787498187089863,8.683100412824173e-05,,,,
3897,0.001,adam,3898,239.9780843257904,6.228062142527496e-05,0.0,0.02168123947959521,8.396186193467379e-05,,,,
3898,0.001,adam,3899,240.01736450195312,6.710215013360444e-05,0.0,0.05827849963003197,0.00012538065253171662,,,,
3899,0.001,adam,3900,240.04971981048584,7.491475820178888e-05,0.0,0.046675125037711936,0.00012158988545645029,0.00047226611292944514,0.0,0.024242770540681573,0.0004965088846215966
3900,0.001,adam,3901,240.09930205345154,8.773703951904036e-05,0.0,0.028103949679473807,0.00011584099053338015,,,,
3901,0.001,adam,3902,240.14413595199585,0.00010887254708775484,0.0,0.020551788368157155,0.00012942433643206957,,,,
3902,0.001,adam,3903,240.17698311805725,0.00014082163916659537,0.0,0.022171325696938977,0.0001629929659166158,,,,
3903,0.001,adam,3904,240.21600651741028,0.00018629005475880291,0.0,0.024975928647866085,0.00021126598459296196,,,,
3904,0.001,adam,3905,240.2480194568634,0.0002489547406276155,0.0,0.023732635103839522,0.0002726873768586947,,,,
3905,0.001,adam,3906,240.28618216514587,0.0003196397446543451,0.0,0.02043581365547118,0.0003400755592804654,,,,
3906,0.001,adam,3907,240.31345868110657,0.0003910609759305686,0.0,0.022139763792309433,0.0004132007407744604,,,,
3907,0.001,adam,3908,240.3440294265747,0.0004034102921630483,0.0,0.0265319934826225,0.00042994228690587286,,,,
3908,0.001,adam,3909,240.38251996040344,0.0003572836781810373,0.0,0.024457370547887443,0.0003817410498905875,,,,
3909,0.001,adam,3910,240.4140646457672,0.00023043738252814604,0.0,0.028973581649857454,0.00025941096555417477,,,,
3910,0.001,adam,3911,240.46420860290527,0.0001081464921172667,0.0,0.02700546873561769,0.00013515196213557533,,,,
3911,0.001,adam,3912,240.4965169429779,6.1034743093417046e-05,0.0,0.023443917045756,8.447866125269935e-05,,,,
3912,0.001,adam,3913,240.52905869483948,0.00010515490806577659,0.0,0.030829072651187207,0.00013598398218126617,,,,
3913,0.001,adam,3914,240.56911730766296,0.00017797640256810973,0.0,0.028743211007620922,0.00020671961494095993,,,,
3914,0.001,adam,3915,240.62541222572327,0.00019652795112510248,0.0,0.02394207275753053,0.00022047002501982043,,,,
3915,0.001,adam,3916,240.67563819885254,0.00014766535451685316,0.0,0.037577158668592514,0.00018524251497026493,,,,
3916,0.001,adam,3917,240.73259782791138,7.781792778980737e-05,0.0,0.01926072705816303,9.707865576280585e-05,,,,
3917,0.001,adam,3918,240.7826316356659,5.608703111089983e-05,0.0,0.020916724038563345,7.700375614295426e-05,,,,
3918,0.001,adam,3919,240.81410360336304,8.917584562118532e-05,0.0,0.02755967309702421,0.00011673552002722377,,,,
3919,0.001,adam,3920,240.8517348766327,0.00012447112738309078,0.0,0.024106787965038106,0.00014857791649313987,0.0005190356531896622,0.0,0.026560737950954195,0.0005455963924021837
3920,0.001,adam,3921,240.9189853668213,0.000117901524931757,0.0,0.02968539147914907,0.00014758691782088652,,,,
3921,0.001,adam,3922,240.95326471328735,7.821544858631826e-05,0.0,0.024150620042190082,0.00010236606977560125,,,,
3922,0.001,adam,3923,240.98537611961365,5.6187364208555766e-05,0.0,0.034770759916661106,9.095812577673934e-05,,,,
3923,0.001,adam,3924,241.02465987205505,7.105499604255769e-05,0.0,0.024810207195078846,9.586520441605815e-05,,,,
3924,0.001,adam,3925,241.05804753303528,9.154804118480086e-05,0.0,0.020879020567947174,0.0001124270627444483,,,,
3925,0.001,adam,3926,241.09706854820251,9.031812790221686e-05,0.0,0.02112599146719003,0.00011144412037283765,,,,
3926,0.001,adam,3927,241.1529519557953,6.927012392447855e-05,0.0,0.028816601218717004,9.808672651191067e-05,,,,
3927,0.001,adam,3928,241.1905858516693,5.587989326702027e-05,0.0,0.025552496620433872,8.143239110113262e-05,,,,
3928,0.001,adam,3929,241.21849966049194,6.124728622758996e-05,0.0,0.030951439847682283,9.219872754538674e-05,,,,
3929,0.001,adam,3930,241.25182056427002,7.394418531009031e-05,0.0,0.02423782042244383,9.818200688376883e-05,,,,
3930,0.001,adam,3931,241.28864979743958,7.39895052685374e-05,0.0,0.02453815530590938,9.852766173994661e-05,,,,
3931,0.001,adam,3932,241.33792543411255,6.244900970864778e-05,0.0,0.020151456598048862,8.260046726383947e-05,,,,
3932,0.001,adam,3933,241.3881721496582,5.6825138471090184e-05,0.0,0.02889961984542102,8.572475968916949e-05,,,,
3933,0.001,adam,3934,241.4449474811554,6.067899996350623e-05,0.0,0.027461650298084294,8.814065156594892e-05,,,,
3934,0.001,adam,3935,241.4948694705963,6.563863465757167e-05,0.0,0.027990452774949194,9.362908876199602e-05,,,,
3935,0.001,adam,3936,241.5311152935028,6.381381444886751e-05,0.0,0.02476278636190616,8.857660198694292e-05,,,,
3936,0.001,adam,3937,241.5663878917694,5.762987386577105e-05,0.0,0.03029951891020239,8.792939421512337e-05,,,,
3937,0.001,adam,3938,241.59904026985168,5.4763214337427144e-05,0.0,0.02039189365897125,7.515510896496137e-05,,,,
3938,0.001,adam,3939,241.63737297058105,5.770060321347046e-05,0.0,0.024871634286246756,8.257223868105645e-05,,,,
3939,0.001,adam,3940,241.6874599456787,6.180299524000441e-05,0.0,0.023991732222019762,8.579472860157031e-05,0.0004384074635507283,0.0,0.024677892556107996,0.00046308535727897335
3940,0.001,adam,3941,241.73151969909668,5.907739418574055e-05,0.0,0.026181104099744577,8.525849952902085e-05,,,,
3941,0.001,adam,3942,241.7859013080597,5.4553086279638244e-05,0.0,0.029462090547107977,8.401517822612043e-05,,,,
3942,0.001,adam,3943,241.81710290908813,5.3174287566695285e-05,0.0,0.02806215836406062,8.12364472636369e-05,,,,
3943,0.001,adam,3944,241.84771990776062,5.612314773831096e-05,0.0,0.02721852343961506,8.334167247073651e-05,,,,
3944,0.001,adam,3945,241.88611316680908,6.093552428767715e-05,0.0,0.022247151350437755,8.318267669479788e-05,,,,
3945,0.001,adam,3946,241.91801357269287,6.038140287385263e-05,0.0,0.030898550566076953,9.127995490753199e-05,,,,
3946,0.001,adam,3947,241.964861869812,5.493243054645527e-05,0.0,0.021999656413621022,7.693208800500391e-05,,,,
3947,0.001,adam,3948,242.00643396377563,5.350727184443045e-05,0.0,0.023768188979530366,7.727546195288921e-05,,,,
3948,0.001,adam,3949,242.05001711845398,5.7425133318288314e-05,0.0,0.024932577064466208,8.235771156698838e-05,,,,
3949,0.001,adam,3950,242.08721256256104,6.0206926002739405e-05,0.0,0.029525840047080743,8.97327674522223e-05,,,,
3950,0.001,adam,3951,242.12496542930603,5.903409210147058e-05,0.0,0.028894042381726482,8.792813585559042e-05,,,,
3951,0.001,adam,3952,242.16692543029785,5.61695629403145e-05,0.0,0.025502844680438026,8.167240883207265e-05,,,,
3952,0.001,adam,3953,242.19962811470032,5.274489511204523e-05,0.0,0.02639837793674594,7.914327430264684e-05,,,,
3953,0.001,adam,3954,242.23888206481934,5.2108916594854924e-05,0.0,0.02299363398939893,7.510255167639287e-05,,,,
3954,0.001,adam,3955,242.29562878608704,5.381737203717032e-05,0.0,0.023965116283780695,7.778248945923296e-05,,,,
3955,0.001,adam,3956,242.34550309181213,5.5601274048967796e-05,0.0,0.023866440909641573,7.946771609220448e-05,,,,
3956,0.001,adam,3957,242.3927788734436,5.477078100342952e-05,0.0,0.02408804320842935,7.885882535597953e-05,,,,
3957,0.001,adam,3958,242.43665385246277,5.433616912960328e-05,0.0,0.026350933583866486,8.068710396507195e-05,,,,
3958,0.001,adam,3959,242.46565580368042,5.371294926043537e-05,0.0,0.02125111241779499,7.496406268760403e-05,,,,
3959,0.001,adam,3960,242.4983582496643,5.437152407078316e-05,0.0,0.024421393341904116,7.879291857264121e-05,0.0004352623996389999,0.0,0.024093441427941783,0.00045935584221131875
3960,0.001,adam,3961,242.55097794532776,5.4017386604383064e-05,0.0,0.027597055927787002,8.161444384295988e-05,,,,
3961,0.001,adam,3962,242.6011781692505,5.482070284378206e-05,0.0,0.02034173623486321,7.51624400448259e-05,,,,
3962,0.001,adam,3963,242.64506769180298,5.381227552102037e-05,0.0,0.03538450616924964,8.919678337094387e-05,,,,
3963,0.001,adam,3964,242.67686557769775,5.2960223425897224e-05,0.0,0.019623283368132592,7.258350772608576e-05,,,,
3964,0.001,adam,3965,242.72341346740723,5.206368014850271e-05,0.0,0.024605961115038755,7.666964243226191e-05,,,,
3965,0.001,adam,3966,242.75697779655457,5.223641667033818e-05,0.0,0.028273396934907623,8.05098149481601e-05,,,,
3966,0.001,adam,3967,242.79336214065552,5.236556017651036e-05,0.0,0.021738413323782787,7.410397453281238e-05,,,,
3967,0.001,adam,3968,242.826327085495,5.229968581867612e-05,0.0,0.025761394287436134,7.806108132971283e-05,,,,
3968,0.001,adam,3969,242.86468863487244,5.267360858073042e-05,0.0,0.023343624452727564,7.601723414222065e-05,,,,
3969,0.001,adam,3970,242.8987271785736,5.2067163185693956e-05,0.0,0.029018073358411983,8.108523792239046e-05,,,,
3970,0.001,adam,3971,242.98549365997314,5.275343731668422e-05,0.0,0.02637101195097908,7.912445052021916e-05,,,,
3971,0.001,adam,3972,243.03828859329224,5.3008400585141404e-05,0.0,0.026624804652981126,7.96332065027329e-05,,,,
3972,0.001,adam,3973,243.08256721496582,5.578782036057661e-05,0.0,0.020025444016529406,7.581326532826357e-05,,,,
3973,0.001,adam,3974,243.12899518013,5.697900580177234e-05,0.0,0.01965607946576645,7.663508620115247e-05,,,,
3974,0.001,adam,3975,243.17188668251038,5.898190285839562e-05,0.0,0.025592826250135807,8.457473032412544e-05,,,,
3975,0.001,adam,3976,243.20464491844177,5.911360668107988e-05,0.0,0.0228449447736473,8.195855253980383e-05,,,,
3976,0.001,adam,3977,243.23592138290405,6.212409574648449e-05,0.0,0.0242401941916725,8.636429108950443e-05,,,,
3977,0.001,adam,3978,243.2760066986084,6.373510013594843e-05,0.0,0.02612997030697085,8.986507168402626e-05,,,,
3978,0.001,adam,3979,243.31210207939148,6.922319606825386e-05,0.0,0.023509874035773422,9.273307122068638e-05,,,,
3979,0.001,adam,3980,243.34924268722534,7.176455163720747e-05,0.0,0.023529358404161878,9.529391115895391e-05,0.00043838396984435997,0.0,0.022377707049491852,0.00046076167795673585
3980,0.001,adam,3981,243.41420483589172,7.512441369573386e-05,0.0,0.021509401966302216,9.663381668367785e-05,,,,
3981,0.001,adam,3982,243.45613431930542,7.83265338876094e-05,0.0,0.026875806838493933,0.00010520234200263566,,,,
3982,0.001,adam,3983,243.5066900253296,8.792843070160362e-05,0.0,0.026617362894695972,0.00011454579486055649,,,,
3983,0.001,adam,3984,243.55709099769592,9.78485732723382e-05,0.0,0.030667003013716148,0.00012851557774265883,,,,
3984,0.001,adam,3985,243.58895063400269,0.00010839590097931251,0.0,0.023816886967497775,0.00013221278907805172,,,,
3985,0.001,adam,3986,243.62381601333618,0.00011897084686024024,0.0,0.037255466610479425,0.00015622631524025938,,,,
3986,0.001,adam,3987,243.65536427497864,0.0001282522501403553,0.0,0.02291626348409287,0.00015116851471291227,,,,
3987,0.001,adam,3988,243.68836522102356,0.0001350676995569157,0.0,0.02886624210795662,0.00016393394303594526,,,,
3988,0.001,adam,3989,243.72919583320618,0.00013666821954537754,0.0,0.023105615831271326,0.0001597738364741067,,,,
3989,0.001,adam,3990,243.7788519859314,0.00013374708472505968,0.0,0.026597842983105004,0.00016034492897149444,,,,
3990,0.001,adam,3991,243.83321142196655,0.00011880617028227434,0.0,0.028324121108913376,0.00014713029273651128,,,,
3991,0.001,adam,3992,243.86758518218994,0.0001006666872540304,0.0,0.025188832872350485,0.00012585552132278626,,,,
3992,0.001,adam,3993,243.91133069992065,8.27631482484837e-05,0.0,0.022017453625533843,0.00010478060291979048,,,,
3993,0.001,adam,3994,243.95234560966492,6.661887917069334e-05,0.0,0.025849585309327083,9.246846570780984e-05,,,,
3994,0.001,adam,3995,243.98475813865662,5.9188221368385804e-05,0.0,0.034319762844421356,9.350798584290842e-05,,,,
3995,0.001,adam,3996,244.01725339889526,5.53947991722757e-05,0.0,0.026442835227523553,8.183763565576653e-05,,,,
3996,0.001,adam,3997,244.05760216712952,5.494624204364873e-05,0.0,0.025155478174091268,8.01017214125611e-05,,,,
3997,0.001,adam,3998,244.09083914756775,5.780663247790162e-05,0.0,0.02215320293087898,7.995983646100128e-05,,,,
3998,0.001,adam,3999,244.12548327445984,6.0495323000948554e-05,0.0,0.021472499362828062,8.196782338366561e-05,,,,
3999,0.001,adam,4000,244.15759944915771,6.440440019020948e-05,0.0,0.023719046169412884,8.81234474862166e-05,0.00045859621567977767,0.0,0.02488745843360132,0.0004834836752954698
4000,0.001,adam,4001,244.21818780899048,6.585338056047125e-05,0.0,0.02326371979714046,8.911710146257911e-05,,,,
4001,0.001,adam,4002,244.26926231384277,6.838041024392045e-05,0.0,0.0249952313525016,9.337564278363183e-05,,,,
4002,0.001,adam,4003,244.3093776702881,6.43578957481026e-05,0.0,0.02401856182573857,8.837645871466164e-05,,,,
4003,0.001,adam,4004,244.3482255935669,5.896077516862961e-05,0.0,0.02434348398035906,8.330426030524211e-05,,,,
4004,0.001,adam,4005,244.38734459877014,5.417111284450893e-05,0.0,0.023835284580103762,7.800639855672797e-05,,,,
4005,0.001,adam,4006,244.4194519519806,5.249519329620565e-05,0.0,0.02390371588410959,7.639891031568082e-05,,,,
4006,0.001,adam,4007,244.45929098129272,5.1116426211665675e-05,0.0,0.028049207044605035,7.916563458853655e-05,,,,
4007,0.001,adam,4008,244.50969219207764,5.114917731864456e-05,0.0,0.022884604388756485,7.403378279436142e-05,,,,
4008,0.001,adam,4009,244.56319642066956,5.2263325687400244e-05,0.0,0.02320274533729172,7.546607212676323e-05,,,,
4009,0.001,adam,4010,244.6182463169098,5.271392021380336e-05,0.0,0.023326976578649558,7.604089790042485e-05,,,,
4010,0.001,adam,4011,244.65529131889343,5.2729902474396e-05,0.0,0.023296052997679187,7.602595657857833e-05,,,,
4011,0.001,adam,4012,244.68915486335754,5.175214832098485e-05,0.0,0.025547117598465913,7.729926713287373e-05,,,,
4012,0.001,adam,4013,244.7259407043457,5.281857900803489e-05,0.0,0.020008084929007137,7.282666488737507e-05,,,,
4013,0.001,adam,4014,244.76112818717957,5.246973803792803e-05,0.0,0.02808032206047854,8.05500614321503e-05,,,,
4014,0.001,adam,4015,244.80587029457092,5.35635900397949e-05,0.0,0.022563568125904095,7.612715923741097e-05,,,,
4015,0.001,adam,4016,244.8514609336853,5.347947049491143e-05,0.0,0.025127010675343685,7.860648236372408e-05,,,,
4016,0.001,adam,4017,244.89600610733032,5.330581734623496e-05,0.0,0.019131675176428477,7.243749343136925e-05,,,,
4017,0.001,adam,4018,244.93834853172302,5.177684009448573e-05,0.0,0.032695507745766066,8.447234939320508e-05,,,,
4018,0.001,adam,4019,244.98050022125244,5.110356768578674e-05,0.0,0.02986886597214088,8.097243507662263e-05,,,,
4019,0.001,adam,4020,245.0270974636078,5.037363994188193e-05,0.0,0.021775164634076312,7.214880561022306e-05,0.00042875616896477953,0.0,0.022707156417303302,0.00045146332646061487
4020,0.001,adam,4021,245.0833477973938,5.086110407343143e-05,0.0,0.02126584410304751,7.212694918655233e-05,,,,
4021,0.001,adam,4022,245.12292170524597,5.1107436148030015e-05,0.0,0.01930587889521846,7.041331596022851e-05,,,,
4022,0.001,adam,4023,245.17254519462585,5.083574304302049e-05,0.0,0.02440790190837904,7.524364611071266e-05,,,,
4023,0.001,adam,4024,245.2279224395752,5.0792862965722804e-05,0.0,0.028936089057059335,7.972895339717262e-05,,,,
4024,0.001,adam,4025,245.27850699424744,5.1448308991371185e-05,0.0,0.021982235060837386,7.343054509630871e-05,,,,
4025,0.001,adam,4026,245.33581590652466,5.2167525627676235e-05,0.0,0.026855550899408626,7.902307780265508e-05,,,,
4026,0.001,adam,4027,245.3865931034088,5.235945709206261e-05,0.0,0.02543080911058369,7.779026741054492e-05,,,,
4027,0.001,adam,4028,245.4193844795227,5.2848186688050625e-05,0.0,0.026858031089011282,7.970621905274992e-05,,,,
4028,0.001,adam,4029,245.45757937431335,5.1892126567641374e-05,0.0,0.021925961139209763,7.381808874827841e-05,,,,
4029,0.001,adam,4030,245.4930226802826,5.256993578390546e-05,0.0,0.024329568981793656,7.689950592129163e-05,,,,
4030,0.001,adam,4031,245.54235124588013,5.196508652365659e-05,0.0,0.023253427684706167,7.52185153128413e-05,,,,
4031,0.001,adam,4032,245.5831253528595,5.282005107530432e-05,0.0,0.026358744072004302,7.917879639928179e-05,,,,
4032,0.001,adam,4033,245.62588119506836,5.3012117337944164e-05,0.0,0.021346186255518505,7.435830460735211e-05,,,,
4033,0.001,adam,4034,245.66147470474243,5.518636102704104e-05,0.0,0.029299247563318746,8.448560998199937e-05,,,,
4034,0.001,adam,4035,245.69337129592896,5.850383697783338e-05,0.0,0.022650750442262012,8.11545884959483e-05,,,,
4035,0.001,adam,4036,245.73042511940002,6.368421790593561e-05,0.0,0.019396585705895825,8.308080453311982e-05,,,,
4036,0.001,adam,4037,245.76944303512573,6.466629820850008e-05,0.0,0.024845100643956102,8.951140003253514e-05,,,,
4037,0.001,adam,4038,245.81038188934326,6.067335178402068e-05,0.0,0.019966591305831824,8.06399440382147e-05,,,,
4038,0.001,adam,4039,245.8443467617035,5.7282005640145284e-05,0.0,0.022499744646811887,7.97817513556377e-05,,,,
4039,0.001,adam,4040,245.88349103927612,5.976914517822359e-05,0.0,0.021196849868392147,8.096599605341208e-05,0.00043989884913668076,0.0,0.025089710992108615,0.00046498856132048673
4040,0.001,adam,4041,245.9651641845703,6.354542298621673e-05,0.0,0.02619776007708851,8.974318430763207e-05,,,,
4041,0.001,adam,4042,245.99703192710876,6.90666631405791e-05,0.0,0.0220945949561984,9.116125914621445e-05,,,,
4042,0.001,adam,4043,246.04137015342712,7.169701970664903e-05,0.0,0.02296678399428062,9.466380479179336e-05,,,,
4043,0.001,adam,4044,246.07612800598145,7.475554581453361e-05,0.0,0.028863595445683808,0.00010361914263116464,,,,
4044,0.001,adam,4045,246.11371183395386,7.490526228094192e-05,0.0,0.03474881680317519,0.00010965408073459734,,,,
4045,0.001,adam,4046,246.15367436408997,8.401980377767254e-05,0.0,0.020178701671507572,0.000104198506407617,,,,
4046,0.001,adam,4047,246.18578052520752,9.691842178275738e-05,0.0,0.03153719152205378,0.00012845561480274737,,,,
4047,0.001,adam,4048,246.224844455719,0.00011245573192849884,0.0,0.029613627792252618,0.0001420693611273233,,,,
4048,0.001,adam,4049,246.28269815444946,0.0001353354312822476,0.0,0.0287266091923174,0.0001640620418390057,,,,
4049,0.001,adam,4050,246.3187665939331,0.00015170542211307024,0.0,0.031025349401157153,0.00018273077298785242,,,,
4050,0.001,adam,4051,246.36212491989136,0.00017087877753894855,0.0,0.03671654674251166,0.0002075953260254026,,,,
4051,0.001,adam,4052,246.40098404884338,0.0001815111465336664,0.0,0.029807499812935567,0.00021131864776238222,,,,
4052,0.001,adam,4053,246.44301390647888,0.0001943036548849752,0.0,0.028432949331919567,0.00022273660556738738,,,,
4053,0.001,adam,4054,246.4807755947113,0.000184835381598704,0.0,0.022959902958060413,0.0002077952856473013,,,,
4054,0.001,adam,4055,246.52407336235046,0.00016651895086229642,0.0,0.027772261300645206,0.00019429121348205324,,,,
4055,0.001,adam,4056,246.55811405181885,0.00012539146882544145,0.0,0.0216876804521813,0.0001470791503077323,,,,
4056,0.001,adam,4057,246.59012150764465,8.683896668184778e-05,0.0,0.024715804323359618,0.00011155477217914511,,,,
4057,0.001,adam,4058,246.62949895858765,6.581100805796251e-05,0.0,0.021423805239786348,8.723481431532501e-05,,,,
4058,0.001,adam,4059,246.67987632751465,5.975274215426103e-05,0.0,0.02900792757665101,8.876067110871467e-05,,,,
4059,0.001,adam,4060,246.71325206756592,6.529872353420144e-05,0.0,0.030205262373284525,9.550398734215894e-05,0.00044661384093402256,0.0,0.023847646356241356,0.00047046148842296633
4060,0.001,adam,4061,246.77652835845947,7.645763068826151e-05,0.0,0.023884676288448918,0.00010034230811117168,,,,
4061,0.001,adam,4062,246.81352734565735,8.4883952324698e-05,0.0,0.024693974612333636,0.00010957792810993249,,,,
4062,0.001,adam,4063,246.8505208492279,9.065615755710447e-05,0.0,0.02582238242267257,0.0001164785412062744,,,,
4063,0.001,adam,4064,246.88295912742615,8.90627341281635e-05,0.0,0.032051326071074714,0.00012111406172159452,,,,
4064,0.001,adam,4065,246.92308855056763,8.668962512547345e-05,0.0,0.022518057246198434,0.00010920768344122221,,,,
4065,0.001,adam,4066,246.96709561347961,7.919057864327259e-05,0.0,0.025493559000937537,0.0001046841388550892,,,,
4066,0.001,adam,4067,247.00820112228394,6.396571215583345e-05,0.0,0.023108116964727404,8.707383021813752e-05,,,,
4067,0.001,adam,4068,247.05062174797058,5.3281089941266105e-05,0.0,0.023668621193940358,7.694971225940564e-05,,,,
4068,0.001,adam,4069,247.0908842086792,5.094263552592737e-05,0.0,0.023306381064250425,7.42490176971715e-05,,,,
4069,0.001,adam,4070,247.13402605056763,5.762718218905363e-05,0.0,0.024455866236036555,8.20830495866815e-05,,,,
4070,0.001,adam,4071,247.1733615398407,6.575919018732222e-05,0.0,0.026969583673463526,9.272877514177223e-05,,,,
4071,0.001,adam,4072,247.2178213596344,6.907024132335273e-05,0.0,0.028100999802596772,9.717124246067537e-05,,,,
4072,0.001,adam,4073,247.25424909591675,6.691035152048414e-05,0.0,0.02914307607640798,9.605342898111396e-05,,,,
4073,0.001,adam,4074,247.29537057876587,6.414130775121384e-05,0.0,0.021870837484049437,8.601214627407231e-05,,,,
4074,0.001,adam,4075,247.32765936851501,5.85224334042782e-05,0.0,0.028412875729797275,8.693531048361466e-05,,,,
4075,0.001,adam,4076,247.36575841903687,5.66903573584403e-05,0.0,0.023526766852304887,8.021712532820666e-05,,,,
4076,0.001,adam,4077,247.39800667762756,5.4049338153270424e-05,0.0,0.029850273472904643,8.389961304398698e-05,,,,
4077,0.001,adam,4078,247.4376735687256,5.359861516434463e-05,0.0,0.026787114671316316,8.038573110798062e-05,,,,
4078,0.001,adam,4079,247.4689154624939,5.4117792070156104e-05,0.0,0.024956064610923322,7.907385786642889e-05,,,,
4079,0.001,adam,4080,247.50881600379944,5.4797076799446276e-05,0.0,0.033675644683451134,8.84727230824047e-05,0.0004316094862223478,0.0,0.022455638315306482,0.00045406512560423987
4080,0.001,adam,4081,247.55761671066284,5.751571003534481e-05,0.0,0.027094975357201,8.461068667948808e-05,,,,
4081,0.001,adam,4082,247.592298746109,5.8585097052409196e-05,0.0,0.024063664529388934,8.264876272476087e-05,,,,
4082,0.001,adam,4083,247.64817690849304,5.719841286358771e-05,0.0,0.02233327188645436,7.953168581081556e-05,,,,
4083,0.001,adam,4084,247.68923425674438,5.190262068852594e-05,0.0,0.02336367798241778,7.526629978065887e-05,,,,
4084,0.001,adam,4085,247.72374510765076,5.1230301072179254e-05,0.0,0.021060092038483542,7.22903941109635e-05,,,,
4085,0.001,adam,4086,247.7567241191864,5.159329182502444e-05,0.0,0.027343890411355605,7.893718353514515e-05,,,,
4086,0.001,adam,4087,247.7973690032959,5.184417558525034e-05,0.0,0.02336852795688432,7.521270465208017e-05,,,,
4087,0.001,adam,4088,247.84777092933655,5.513279747460955e-05,0.0,0.019995757258801844,7.51285556831589e-05,,,,
4088,0.001,adam,4089,247.89797925949097,5.694617490191565e-05,0.0,0.022994363555043862,7.994053954913318e-05,,,,
4089,0.001,adam,4090,247.9296157360077,5.816768568949029e-05,0.0,0.023069212732628745,8.123689951784784e-05,,,,
4090,0.001,adam,4091,247.96737575531006,5.778239648885542e-05,0.0,0.027197986996926014,8.49803847776165e-05,,,,
4091,0.001,adam,4092,248.0036187171936,5.905067921440839e-05,0.0,0.022540491846504803,8.159117213152911e-05,,,,
4092,0.001,adam,4093,248.03999495506287,5.981450545672034e-05,0.0,0.03442025407817339,9.423476116976808e-05,,,,
4093,0.001,adam,4094,248.07418274879456,5.917095272788785e-05,0.0,0.022088312069464933,8.125926584649131e-05,,,,
4094,0.001,adam,4095,248.12207698822021,5.688424527468803e-05,0.0,0.42027179321948155,0.0004771560584560086,,,,
4095,0.001,adam,4096,248.17714428901672,5.4609229168340614e-05,0.0,0.027742575006824876,8.235180549286709e-05,,,,
4096,0.001,adam,4097,248.21843266487122,5.1994004433235074e-05,0.0,0.023991569119031046,7.59855746918045e-05,,,,
4097,0.001,adam,4098,248.25586366653442,5.262127659535687e-05,0.0,0.027022155333151797,7.964343321199217e-05,,,,
4098,0.001,adam,4099,248.29585599899292,5.491285158646203e-05,0.0,0.028415488829938128,8.332834176606346e-05,,,,
4099,0.001,adam,4100,248.32904958724976,5.752535716944631e-05,0.0,0.0210904014580559,7.861575962924253e-05,0.0004256363035742763,0.0,0.0239608796909767,0.00044959718440333373
4100,0.001,adam,4101,248.38074135780334,5.927356110789709e-05,0.0,0.023868449930770374,8.314201217235801e-05,,,,
4101,0.001,adam,4102,248.41174221038818,5.893053208355656e-05,0.0,0.022876121620009536,8.180665479012357e-05,,,,
4102,0.001,adam,4103,248.44989705085754,6.144283203699964e-05,0.0,0.02523889444450552,8.668172768028832e-05,,,,
4103,0.001,adam,4104,248.49029541015625,6.492904745312684e-05,0.0,0.022908164640609692,8.783721318181596e-05,,,,
4104,0.001,adam,4105,248.53119778633118,7.047848819296708e-05,0.0,0.022787067026169745,9.326555630146443e-05,,,,
4105,0.001,adam,4106,248.5668888092041,7.469433603958578e-05,0.0,0.02163243199298216,9.632676906005332e-05,,,,
4106,0.001,adam,4107,248.60143089294434,8.272739033451641e-05,0.0,0.025082430894815082,0.00010780982242068304,,,,
4107,0.001,adam,4108,248.6346197128296,9.42889826950154e-05,0.0,0.022214358565170456,0.00011650334231531128,,,,
4108,0.001,adam,4109,248.68257975578308,0.00011209751566496759,0.0,0.0260735560081085,0.00013817107291150355,,,,
4109,0.001,adam,4110,248.71495962142944,0.00013625580113480742,0.0,0.023530766745104896,0.00015978656899756378,,,,
4110,0.001,adam,4111,248.75457763671875,0.00016854490169159099,0.0,0.024748869781274115,0.00019329377264837335,,,,
4111,0.001,adam,4112,248.80708503723145,0.0002052739759138502,0.0,0.021870364660515573,0.00022714434161315235,,,,
4112,0.001,adam,4113,248.8566153049469,0.0002436963129120768,0.0,0.02605931893738652,0.00026975563308721454,,,,
4113,0.001,adam,4114,248.90950751304626,0.00026556445844764517,0.0,0.023089596190686495,0.00028865405573502863,,,,
4114,0.001,adam,4115,248.96303462982178,0.0002657134752796677,0.0,0.02848897580119859,0.00029420245243402007,,,,
4115,0.001,adam,4116,249.00592613220215,0.0002241823512865123,0.0,0.018040641915043707,0.00024222299405844051,,,,
4116,0.001,adam,4117,249.05247449874878,0.00015711237469453947,0.0,0.03619117140586502,0.0001933035478193929,,,,
4117,0.001,adam,4118,249.08486151695251,8.966702708047383e-05,0.0,0.02151462193394085,0.00011118165003630438,,,,
4118,0.001,adam,4119,249.11682105064392,5.4411245795330634e-05,0.0,0.023183658649865196,7.759490554636053e-05,,,,
4119,0.001,adam,4120,249.15560293197632,6.127761922826396e-05,0.0,0.060342726715069114,0.00012162034880945879,0.00046612364663513626,0.0,0.023650936742245842,0.0004897745845007413
4120,0.001,adam,4121,249.2021234035492,9.287138992480813e-05,0.0,0.027755067860417943,0.00012062645910352105,,,,
4121,0.001,adam,4122,249.23392844200134,0.0001222325242367281,0.0,0.024304645611779727,0.00014653717100291655,,,,
4122,0.001,adam,4123,249.2731466293335,0.00012651710871345527,0.0,0.023397248753304716,0.00014991435857806968,,,,
4123,0.001,adam,4124,249.3235466480255,0.00010825572071118787,0.0,0.029209522451433913,0.00013746524454999966,,,,
4124,0.001,adam,4125,249.37872433662415,7.918999344622778e-05,0.0,0.020646038924187426,9.983603335104943e-05,,,,
4125,0.001,adam,4126,249.4345452785492,6.0683549409581274e-05,0.0,0.02535111458250231,8.603466519619692e-05,,,,
4126,0.001,adam,4127,249.48484325408936,6.107121604527038e-05,0.0,0.021793704626562847,8.286492170697866e-05,,,,
4127,0.001,adam,4128,249.54146480560303,7.650763908935143e-05,0.0,0.024319375496896896,0.00010082701574135668,,,,
4128,0.001,adam,4129,249.5745747089386,9.232888094742712e-05,0.0,0.02469873164670696,0.00011702761376726088,,,,
4129,0.001,adam,4130,249.6126902103424,8.861966819971507e-05,0.0,0.023257214681528245,0.00011187688398590174,,,,
4130,0.001,adam,4131,249.6450114250183,7.11765649481547e-05,0.0,0.022015444041689265,9.319201003552146e-05,,,,
4131,0.001,adam,4132,249.67803716659546,5.423164504162774e-05,0.0,0.02839797408089504,8.262962047135417e-05,,,,
4132,0.001,adam,4133,249.7150640487671,5.2746821308517276e-05,0.0,0.02634699592472351,7.909381848465594e-05,,,,
4133,0.001,adam,4134,249.7631688117981,6.1112574794352e-05,0.0,0.024754712481725283,8.586728845186303e-05,,,,
4134,0.001,adam,4135,249.7965121269226,7.099411653685772e-05,0.0,0.025075851005221878,9.606996873311862e-05,,,,
4135,0.001,adam,4136,249.83356952667236,7.236196595530726e-05,0.0,0.028509717192488192,0.00010087168450193436,,,,
4136,0.001,adam,4137,249.86544036865234,6.29830353084664e-05,0.0,0.027090951872484937,9.007398846770251e-05,,,,
4137,0.001,adam,4138,249.9051947593689,5.258629375547226e-05,0.0,0.021037283537622447,7.362357829231205e-05,,,,
4138,0.001,adam,4139,249.93962693214417,5.060347094370017e-05,0.0,0.02680032770702273,7.740379992367017e-05,,,,
4139,0.001,adam,4140,249.98248839378357,5.444628310231929e-05,0.0,0.027198021337156736,8.164430573131272e-05,0.0004402291170980076,0.0,0.022301189687037346,0.0004625303078442946
4140,0.001,adam,4141,250.1031892299652,5.965893340603013e-05,0.0,0.02334897279165676,8.300790730670359e-05,,,,
4141,0.001,adam,4142,250.15796828269958,6.018664797959081e-05,0.0,0.01989105060292029,8.007769952728531e-05,,,,
4142,0.001,adam,4143,250.19734144210815,5.664826972161422e-05,0.0,0.02081926787966496,7.746753859014135e-05,,,,
4143,0.001,adam,4144,250.2415418624878,5.169745456939876e-05,0.0,0.02290291682610156,7.46003724833305e-05,,,,
4144,0.001,adam,4145,250.28622555732727,4.9885673573998025e-05,0.0,0.020911469000980887,7.079714356822039e-05,,,,
4145,0.001,adam,4146,250.31489324569702,5.1592578071916415e-05,0.0,0.02150647626731947,7.30990553607387e-05,,,,
4146,0.001,adam,4147,250.34806513786316,5.338651674176964e-05,0.0,0.026528634525683093,7.991515252749526e-05,,,,
4147,0.001,adam,4148,250.38356471061707,5.42854496057113e-05,0.0,0.01962738300817142,7.39128335461334e-05,,,,
4148,0.001,adam,4149,250.4162425994873,5.295716801669119e-05,0.0,0.025557523996924715,7.851469322753316e-05,,,,
4149,0.001,adam,4150,250.45246291160583,5.1912631086788764e-05,0.0,0.027253801681871838,7.916643406314672e-05,,,,
4150,0.001,adam,4151,250.48571586608887,5.035133586678715e-05,0.0,0.03184057768899328,8.219191506812671e-05,,,,
4151,0.001,adam,4152,250.52200555801392,5.2981708221780375e-05,0.0,0.024299538240973226,7.728124761691973e-05,,,,
4152,0.001,adam,4153,250.55478429794312,5.539833606917353e-05,0.0,0.027744583132390734,8.314292051936125e-05,,,,
4153,0.001,adam,4154,250.59226155281067,5.597270709210571e-05,0.0,0.02079319332600524,7.676590140573464e-05,,,,
4154,0.001,adam,4155,250.64151191711426,5.4259156005480246e-05,0.0,0.02428915175394198,7.854830891309504e-05,,,,
4155,0.001,adam,4156,250.68729496002197,5.336893347381269e-05,0.0,0.02106444605473607,7.443338052905626e-05,,,,
4156,0.001,adam,4157,250.72237586975098,5.19902559219551e-05,0.0,0.026489115065297338,7.847937224541789e-05,,,,
4157,0.001,adam,4158,250.75841188430786,5.268343794826456e-05,0.0,0.02180959849779217,7.449303748195707e-05,,,,
4158,0.001,adam,4159,250.79148650169373,5.306669240605444e-05,0.0,0.018260074949433526,7.132676822279498e-05,,,,
4159,0.001,adam,4160,250.83114075660706,5.3335652461604645e-05,0.0,0.022893760515028082,7.6229414064028e-05,0.00043403073179525614,0.0,0.022825983025943766,0.00045685671590537595
4160,0.001,adam,4161,250.8965048789978,5.235444582214132e-05,0.0,0.03344776126469918,8.580220867552391e-05,,,,
4161,0.001,adam,4162,250.93320536613464,5.337958401952203e-05,0.0,0.027116831298071076,8.049641660557348e-05,,,,
4162,0.001,adam,4163,250.96561098098755,5.392898636667898e-05,0.0,0.021824353327403755,7.575334073068389e-05,,,,
4163,0.001,adam,4164,251.00233340263367,5.758203552975871e-05,0.0,0.02341284559514859,8.09948822369578e-05,,,,
4164,0.001,adam,4165,251.0343475341797,5.9994511819327604e-05,0.0,0.022816187590364283,8.281070049340265e-05,,,,
4165,0.001,adam,4166,251.07295751571655,6.333299662995473e-05,0.0,0.024617355126142916,8.795035292535928e-05,,,,
4166,0.001,adam,4167,251.10827350616455,6.463961188776484e-05,0.0,0.021543390383930435,8.61830032949514e-05,,,,
4167,0.001,adam,4168,251.15358519554138,7.176333222471796e-05,0.0,0.028830875395370863,0.00010059420898948192,,,,
4168,0.001,adam,4169,251.19765949249268,8.111072580414639e-05,0.0,0.026000617244051772,0.00010711134428316121,,,,
4169,0.001,adam,4170,251.24159836769104,9.496657267523576e-05,0.0,0.02266495703745841,0.00011763153078922186,,,,
4170,0.001,adam,4171,251.2839217185974,0.0001124787899386606,0.0,0.02571604617406273,0.00013819483733416998,,,,
4171,0.001,adam,4172,251.32180452346802,0.00013157846183602543,0.0,0.023919881786604175,0.00015549834475876302,,,,
4172,0.001,adam,4173,251.3564281463623,0.0001589812175409468,0.0,0.02423721251748841,0.00018321843120964104,,,,
4173,0.001,adam,4174,251.39000701904297,0.00018016829284871698,0.0,0.028572288467781648,0.0002087405826736095,,,,
4174,0.001,adam,4175,251.42840552330017,0.00020311676226381886,0.0,0.025944903222180554,0.00022906166671831618,,,,
4175,0.001,adam,4176,251.47695899009705,0.00020116356645793023,0.0,0.030108137438673764,0.0002312717053266638,,,,
4176,0.001,adam,4177,251.51746654510498,0.0001989520734252082,0.0,0.0318649206016776,0.0002308169955403883,,,,
4177,0.001,adam,4178,251.56766414642334,0.0001653330624219576,0.0,0.02566506367259542,0.0001909981273135781,,,,
4178,0.001,adam,4179,251.61507058143616,0.00012304899628903595,0.0,0.025485222858526602,0.0001485342203580457,,,,
4179,0.001,adam,4180,251.66429233551025,8.042000135730335e-05,0.0,0.02146252384919652,0.00010188252622591505,0.00044532865790926086,0.0,0.023188604349345016,0.00046851726336000546
4180,0.001,adam,4181,251.73626708984375,5.646440377754944e-05,0.0,0.02171836626057702,7.81827710696935e-05,,,,
4181,0.001,adam,4182,251.78396081924438,5.275520012545234e-05,0.0,0.03165869857698419,8.441390020614402e-05,,,,
4182,0.001,adam,4183,251.8194510936737,6.419773490246687e-05,0.0,0.02126321638903187,8.546095230144732e-05,,,,
4183,0.001,adam,4184,251.86425471305847,7.984652301279087e-05,0.0,0.02553588753913586,0.00010538241176481631,,,,
4184,0.001,adam,4185,251.91091012954712,9.452331920314497e-05,0.0,0.02501357197550111,0.000119536892366727,,,,
4185,0.001,adam,4186,251.9543468952179,9.596346056897104e-05,0.0,0.02453631003720719,0.00012049977177159041,,,,
4186,0.001,adam,4187,251.99189019203186,8.982038936082618e-05,0.0,0.025237100927425538,0.00011505749148694968,,,,
4187,0.001,adam,4188,252.04143929481506,7.826852485223268e-05,0.0,0.026043466126983474,0.00010431199221621442,,,,
4188,0.001,adam,4189,252.0881986618042,6.373301449755806e-05,0.0,0.023436441370995775,8.716945698172506e-05,,,,
4189,0.001,adam,4190,252.12027215957642,5.1951877537350854e-05,0.0,0.02158532294928129,7.353720151187997e-05,,,,
4190,0.001,adam,4191,252.17355227470398,5.15791887681933e-05,0.0,0.026546624975414684,7.8125815004505e-05,,,,
4191,0.001,adam,4192,252.20280170440674,6.056975278459677e-05,0.0,0.022497548476271324,8.306730232944431e-05,,,,
4192,0.001,adam,4193,252.23559284210205,6.788767971495695e-05,0.0,0.026459778259454413,9.434745923118339e-05,,,,
4193,0.001,adam,4194,252.275488615036,6.977081604116952e-05,0.0,0.024923798174835653,9.469461539982207e-05,,,,
4194,0.001,adam,4195,252.3258399963379,6.409888946637696e-05,0.0,0.02718071608024979,9.127960683764149e-05,,,,
4195,0.001,adam,4196,252.3763620853424,5.614689866235611e-05,0.0,0.01918101990244133,7.5327919475847e-05,,,,
4196,0.001,adam,4197,252.4350996017456,5.1832783464790874e-05,0.0,0.027628669534070126,7.946145431115238e-05,,,,
4197,0.001,adam,4198,252.48599195480347,5.5315286239306815e-05,0.0,0.026545527393099788,8.18608148932515e-05,,,,
4198,0.001,adam,4199,252.5417137145996,5.9613351029431596e-05,0.0,0.030977149691628257,9.059050219239551e-05,,,,
4199,0.001,adam,4200,252.5924882888794,6.189885785059787e-05,0.0,0.027159992318531327,8.905885145915961e-05,0.0004234925051787984,0.0,0.023149359106598905,0.0004466418653849329
4200,0.001,adam,4201,252.66042518615723,5.824666867473101e-05,0.0,0.022763131449168902,8.100980120509063e-05,,,,
4201,0.001,adam,4202,252.70357298851013,5.351129497777055e-05,0.0,0.025647610984256795,7.915890718022351e-05,,,,
4202,0.001,adam,4203,252.74174284934998,5.3261368388215356e-05,0.0,0.024416332309386436,7.767770185731534e-05,,,,
4203,0.001,adam,4204,252.7985610961914,5.414893155167958e-05,0.0,0.023312105523815123,7.746103818276031e-05,,,,
4204,0.001,adam,4205,252.83377242088318,5.299073938622359e-05,0.0,0.024303561544955575,7.72943020855364e-05,,,,
4205,0.001,adam,4206,252.88696789741516,5.028254128282753e-05,0.0,0.028187075000823247,7.8469617622465e-05,,,,
4206,0.001,adam,4207,252.9294352531433,5.2078843317572335e-05,0.0,0.04780650378899434,9.988534937725377e-05,,,,
4207,0.001,adam,4208,252.97379779815674,5.471741027184804e-05,0.0,0.022265447011672025,7.698285834107205e-05,,,,
4208,0.001,adam,4209,253.0240397453308,5.613807280959173e-05,0.0,0.023235919719765925,7.937399363300463e-05,,,,
4209,0.001,adam,4210,253.06590628623962,5.730029327669901e-05,0.0,0.022939000712482373,8.023929507872545e-05,,,,
4210,0.001,adam,4211,253.1122646331787,5.5481977411045505e-05,0.0,0.0292250725464746,8.470705134563656e-05,,,,
4211,0.001,adam,4212,253.15790843963623,5.354666634893797e-05,0.0,0.027843944583069425,8.139061225452379e-05,,,,
4212,0.001,adam,4213,253.20568895339966,5.300427190041554e-05,0.0,0.021410520870056175,7.44147937874169e-05,,,,
4213,0.001,adam,4214,253.25002360343933,5.263098355485576e-05,0.0,0.021308048234112077,7.393903280104581e-05,,,,
4214,0.001,adam,4215,253.29499888420105,5.1832445774435886e-05,0.0,0.02182407078885657,7.36565175998802e-05,,,,
4215,0.001,adam,4216,253.33973264694214,4.958128756488295e-05,0.0,0.03011994633907933,7.970123533458296e-05,,,,
4216,0.001,adam,4217,253.3788743019104,4.894610786248155e-05,0.0,0.024250826159290056,7.319693517362404e-05,,,,
4217,0.001,adam,4218,253.41796374320984,5.093619177699882e-05,0.0,0.02422484096298125,7.516103389059828e-05,,,,
4218,0.001,adam,4219,253.46374559402466,5.1998504109035215e-05,0.0,0.019773225925992025,7.177173097420508e-05,,,,
4219,0.001,adam,4220,253.50070476531982,5.0413460953383434e-05,0.0,0.031088654903953006,8.150211733396831e-05,0.0004203801565627503,0.0,0.023011340633103897,0.00044339149828883425
4220,0.001,adam,4221,253.57150721549988,4.944131704918131e-05,0.0,0.02703106444584986,7.647238277893784e-05,,,,
4221,0.001,adam,4222,253.61589121818542,4.931794014855434e-05,0.0,0.03613020077937611,8.544814264402291e-05,,,,
4222,0.001,adam,4223,253.66349172592163,4.9185061312208e-05,0.0,0.018662547351013997,6.784760954964543e-05,,,,
4223,0.001,adam,4224,253.70829343795776,4.8983688053631765e-05,0.0,0.02339312170180683,7.237681086655226e-05,,,,
4224,0.001,adam,4225,253.74596691131592,4.885550438608926e-05,0.0,0.024697848618429767,7.355335417760389e-05,,,,
4225,0.001,adam,4226,253.7921905517578,4.866005026169814e-05,0.0,0.022093007940028497,7.075305925108821e-05,,,,
4226,0.001,adam,4227,253.84217143058777,4.920832992504649e-05,0.0,0.02399878080550791,7.320711187043533e-05,,,,
4227,0.001,adam,4228,253.88527822494507,4.957147110803824e-05,0.0,0.0213485648732424,7.092003699528306e-05,,,,
4228,0.001,adam,4229,253.93367719650269,4.9088657941851955e-05,0.0,0.024523490319085683,7.361214942574093e-05,,,,
4229,0.001,adam,4230,253.97929406166077,4.911681469496921e-05,0.0,0.021212297983122793,7.03291136856221e-05,,,,
4230,0.001,adam,4231,254.0216019153595,4.931939209840681e-05,0.0,0.02632234262890516,7.564173597755615e-05,,,,
4231,0.001,adam,4232,254.06004667282104,5.044754332499752e-05,0.0,0.027253084092476593,7.770062871192615e-05,,,,
4232,0.001,adam,4233,254.10933995246887,5.1481388633356274e-05,0.0,0.027622747460821617,7.9104137406188e-05,,,,
4233,0.001,adam,4234,254.1608715057373,5.1891163629224335e-05,0.0,0.02782676220066336,7.971792715158798e-05,,,,
4234,0.001,adam,4235,254.20753383636475,4.992551801790273e-05,0.0,0.027643045187602862,7.756856451847979e-05,,,,
4235,0.001,adam,4236,254.24482131004333,5.0236452835074144e-05,0.0,0.028697725058576817,7.893417925671977e-05,,,,
4236,0.001,adam,4237,254.30209398269653,5.013502888477416e-05,0.0,0.024092420944473593,7.422745097357633e-05,,,,
4237,0.001,adam,4238,254.35852146148682,5.1399898388741214e-05,0.0,0.025327009598725636,7.672690919043526e-05,,,,
4238,0.001,adam,4239,254.40256714820862,5.167251361175409e-05,0.0,0.020425079953681598,7.209759453557493e-05,,,,
4239,0.001,adam,4240,254.44096112251282,5.273896045477712e-05,0.0,0.025964286328782577,7.870324801679713e-05,0.0004331775178981496,0.0,0.022745418069348832,0.0004559229370478478
4240,0.001,adam,4241,254.52183723449707,5.177085168348346e-05,0.0,0.022045728627917226,7.38165813585166e-05,,,,
4241,0.001,adam,4242,254.56470680236816,5.154984910974359e-05,0.0,0.028399630376137408,7.994948083479105e-05,,,,
4242,0.001,adam,4243,254.6175742149353,5.082217019931029e-05,0.0,0.027351312637585595,7.817348413601352e-05,,,,
4243,0.001,adam,4244,254.6622052192688,5.090031873459887e-05,0.0,0.021014333038514653,7.191465277124078e-05,,,,
4244,0.001,adam,4245,254.6982491016388,4.988217739241656e-05,0.0,0.02348367401116035,7.336585251899157e-05,,,,
4245,0.001,adam,4246,254.75120997428894,4.95956784586965e-05,0.0,0.028503014705936323,7.809869451845338e-05,,,,
4246,0.001,adam,4247,254.79059982299805,4.888017609763069e-05,0.0,0.022720669637335066,7.160084681413966e-05,,,,
4247,0.001,adam,4248,254.84045004844666,4.8886204742335715e-05,0.0,0.019630638879500444,6.851684455424148e-05,,,,
4248,0.001,adam,4249,254.8837718963623,4.893792363115079e-05,0.0,0.02252295219455467,7.14608768954883e-05,,,,
4249,0.001,adam,4250,254.92665672302246,4.9605773899561904e-05,0.0,0.025597221653989276,7.520299676935398e-05,,,,
4250,0.001,adam,4251,254.97579503059387,4.946236905392132e-05,0.0,0.024071874780141125,7.353424497741515e-05,,,,
4251,0.001,adam,4252,255.02400422096252,5.004300365957648e-05,0.0,0.022087969792763902,7.213097450146265e-05,,,,
4252,0.001,adam,4253,255.0623722076416,5.083099425937303e-05,0.0,0.05516341652134168,0.00010599441340083639,,,,
4253,0.001,adam,4254,255.1133246421814,5.179402156915962e-05,0.0,0.02252547720178425,7.431949984084663e-05,,,,
4254,0.001,adam,4255,255.15715408325195,5.226600036389456e-05,0.0,0.023734513600869162,7.600051509209263e-05,,,,
4255,0.001,adam,4256,255.1994423866272,5.5224799955230955e-05,0.0,0.024299641340835065,7.952444245023704e-05,,,,
4256,0.001,adam,4257,255.23740458488464,5.892312582868339e-05,0.0,0.024783725684224347,8.370685269007153e-05,,,,
4257,0.001,adam,4258,255.285747051239,6.403468059559453e-05,0.0,0.02263567812541257,8.667035979614413e-05,,,,
4258,0.001,adam,4259,255.32542848587036,7.176163911810786e-05,0.0,0.022790026367516075,9.45516665680921e-05,,,,
4259,0.001,adam,4260,255.36948132514954,8.353428055406959e-05,0.0,0.022548499733683253,0.00010608278135874911,0.0004844481923587376,0.0,0.02301163124818558,0.000507459824699917
4260,0.001,adam,4261,255.44030332565308,9.942473520539101e-05,0.0,0.022757050981193766,0.0001221817872674867,,,,
4261,0.001,adam,4262,255.4932816028595,0.00011695110770637271,0.0,0.024136183805554903,0.00014108729265833482,,,,
4262,0.001,adam,4263,255.54058122634888,0.0001444677978882596,0.0,0.02771401752895201,0.0001721818167335568,,,,
4263,0.001,adam,4264,255.58819270133972,0.0001804321588122797,0.0,0.023426704257359477,0.0002038588641823479,,,,
4264,0.001,adam,4265,255.62320637702942,0.0002261351409796346,0.0,0.024164680082753555,0.00025029982221014887,,,,
4265,0.001,adam,4266,255.67389941215515,0.00026867061831809994,0.0,0.02086613945631683,0.0002895367587655052,,,,
4266,0.001,adam,4267,255.7208845615387,0.0003010436800970321,0.0,0.025643209382333658,0.00032668689069735286,,,,
4267,0.001,adam,4268,255.76384615898132,0.00029561266875232197,0.0,0.02346145250099039,0.0003190741223676716,,,,
4268,0.001,adam,4269,255.7974934577942,0.00025202330415568337,0.0,0.022305603982838342,0.00027432890919798107,,,,
4269,0.001,adam,4270,255.84771466255188,0.0001705017026788636,0.0,0.029636467685137124,0.0002001381717716574,,,,
4270,0.001,adam,4271,255.89726424217224,0.00010658337059973957,0.0,0.02666942100379553,0.00013325279287026463,,,,
4271,0.001,adam,4272,255.93681716918945,9.012406994598103e-05,0.0,0.02578596190825383,0.00011591003307900234,,,,
4272,0.001,adam,4273,255.98244214057922,0.00012724682612547485,0.0,0.024680028501282866,0.00015192685579899616,,,,
4273,0.001,adam,4274,256.03047609329224,0.00018410926287567485,0.0,0.023506980739752863,0.00020761624473194937,,,,
4274,0.001,adam,4275,256.0625162124634,0.00021311908717490714,0.0,0.023002549369979107,0.0002361216376374487,,,,
4275,0.001,adam,4276,256.1180086135864,0.00021889300302961874,0.0,0.02546224341916257,0.00024435524765817297,,,,
4276,0.001,adam,4277,256.1557638645172,0.0001838564803135695,0.0,0.028410178454191727,0.00021226666011717229,,,,
4277,0.001,adam,4278,256.19588470458984,0.00017188922422304865,0.0,0.031735513671722525,0.00020362473940212719,,,,
4278,0.001,adam,4279,256.23965191841125,0.00014304595109166404,0.0,0.023980700567441338,0.00016702665279812753,,,,
4279,0.001,adam,4280,256.2845265865326,0.00013119798832053882,0.0,0.02696348239741348,0.000158161471998649,0.0004946147762979902,0.0,0.021512756159171354,0.0005161275334789626
4280,0.001,adam,4281,256.3604919910431,0.00012143727884557952,0.0,0.024110553069727723,0.00014554783306049707,,,,
4281,0.001,adam,4282,256.4153025150299,0.00010128155372901335,0.0,0.031171932415868277,0.00013245348762546896,,,,
4282,0.001,adam,4283,256.4601128101349,7.998220482422295e-05,0.0,0.026289602002235724,0.00010627180807514777,,,,
4283,0.001,adam,4284,256.51084065437317,6.560420913089017e-05,0.0,0.028525296138376656,9.412950662414569e-05,,,,
4284,0.001,adam,4285,256.54804158210754,7.048946976341845e-05,0.0,0.025156277547987917,9.564574850626544e-05,,,,
4285,0.001,adam,4286,256.6001834869385,8.420576061062099e-05,0.0,0.02019688102973761,0.00010440264259965897,,,,
4286,0.001,adam,4287,256.65865111351013,8.866855888227791e-05,0.0,0.022263759189312483,0.00011093231912906221,,,,
4287,0.001,adam,4288,256.7093942165375,8.234682375723856e-05,0.0,0.029358956772610502,0.00011170578192432467,,,,
4288,0.001,adam,4289,256.76289916038513,6.819789170685004e-05,0.0,0.03382564261684558,0.00010202353593032743,,,,
4289,0.001,adam,4290,256.8059175014496,5.907960387999603e-05,0.0,0.024073236457237485,8.315284148065089e-05,,,,
4290,0.001,adam,4291,256.84177899360657,5.5970492438593776e-05,0.0,0.028867589198541356,8.483808300827204e-05,,,,
4291,0.001,adam,4292,256.8895032405853,5.992383354013915e-05,0.0,0.022796417263487485,8.272025188639836e-05,,,,
4292,0.001,adam,4293,256.94081354141235,6.49341268012714e-05,0.0,0.02602747298676269,9.096160102427272e-05,,,,
4293,0.001,adam,4294,256.99251675605774,6.827585388060524e-05,0.0,0.030550721042068907,9.882657637375553e-05,,,,
4294,0.001,adam,4295,257.04389786720276,6.801786092444643e-05,0.0,0.027369645558533173,9.538750778296802e-05,,,,
4295,0.001,adam,4296,257.09554266929626,6.296145749760181e-05,0.0,0.030730184242312296,9.369164319951953e-05,,,,
4296,0.001,adam,4297,257.1413507461548,5.945072730121153e-05,0.0,0.022992450053007634,8.244317844630193e-05,,,,
4297,0.001,adam,4298,257.1873643398285,5.889429636467127e-05,0.0,0.0246575332190478,8.355183075488905e-05,,,,
4298,0.001,adam,4299,257.2362039089203,6.211954631818559e-05,0.0,0.02490965346816445,8.702920096949508e-05,,,,
4299,0.001,adam,4300,257.28014636039734,5.841940235818812e-05,0.0,0.023670450614003975,8.208985409647817e-05,0.0004208572555554387,0.0,0.02412233739241417,0.0004449795940936024
4300,0.001,adam,4301,257.3590874671936,5.151559589758621e-05,0.0,0.03308311077180776,8.459870824075741e-05,,,,
4301,0.001,adam,4302,257.3912501335144,5.116839902736565e-05,0.0,0.020882693711875948,7.205109373111633e-05,,,,
4302,0.001,adam,4303,257.44386982917786,5.389261597746261e-05,0.0,0.025381452178779407,7.927406936179631e-05,,,,
4303,0.001,adam,4304,257.48625922203064,5.929016199042728e-05,0.0,0.025216361958928336,8.450652514706854e-05,,,,
4304,0.001,adam,4305,257.5432937145233,6.406386869480481e-05,0.0,0.026224513770134395,9.028838371053677e-05,,,,
4305,0.001,adam,4306,257.58679270744324,5.902091254400479e-05,0.0,0.017419295027814898,7.64402083991918e-05,,,,
4306,0.001,adam,4307,257.6460111141205,5.007833811230642e-05,0.0,0.0178680785194373,6.794641748043191e-05,,,,
4307,0.001,adam,4308,257.6970672607422,4.915905415679458e-05,0.0,0.022454909854291882,7.161396507763745e-05,,,,
4308,0.001,adam,4309,257.75815176963806,5.4551450678406866e-05,0.0,0.03295847092805834,8.750992317190858e-05,,,,
4309,0.001,adam,4310,257.79958033561707,5.7059680379687096e-05,0.0,0.024168452314794645,8.122813384242163e-05,,,,
4310,0.001,adam,4311,257.8500945568085,5.3619082660827574e-05,0.0,0.021584316101356704,7.520339978738427e-05,,,,
4311,0.001,adam,4312,257.89335656166077,4.9457507443744086e-05,0.0,0.022539977896955637,7.199748641129123e-05,,,,
4312,0.001,adam,4313,257.94045090675354,4.802445426690335e-05,0.0,0.020261640795477806,6.828609602475746e-05,,,,
4313,0.001,adam,4314,257.97419261932373,4.872833881774268e-05,0.0,0.02356496459321094,7.229330453022937e-05,,,,
4314,0.001,adam,4315,258.0304834842682,5.155819699982207e-05,0.0,0.02227905542442531,7.383725348244573e-05,,,,
4315,0.001,adam,4316,258.06810092926025,5.072003011349029e-05,0.0,0.023529026730227165,7.424905796128626e-05,,,,
4316,0.001,adam,4317,258.1054103374481,4.899092751877514e-05,0.0,0.023584052716193134,7.257498135515067e-05,,,,
4317,0.001,adam,4318,258.1612389087677,4.75162626676427e-05,0.0,0.02639606461435029,7.391232853573878e-05,,,,
4318,0.001,adam,4319,258.2052974700928,4.8096744741670705e-05,0.0,0.019356941768560683,6.74536874296368e-05,,,,
4319,0.001,adam,4320,258.24467253685,4.8094823396591257e-05,0.0,0.024084898292623263,7.21797228331858e-05,0.0004212406720152904,0.0,0.023191817872838017,0.00044443249098968064
4320,0.001,adam,4321,258.30756735801697,4.749939206467707e-05,0.0,0.023552667474569793,7.105206065793853e-05,,,,
4321,0.001,adam,4322,258.3610348701477,4.827328414442409e-05,0.0,0.019754826816099875,6.802811189882788e-05,,,,
4322,0.001,adam,4323,258.40851044654846,4.8352243066135125e-05,0.0,0.021421805574758934,6.977404965837523e-05,,,,
4323,0.001,adam,4324,258.4473831653595,4.8190779104318574e-05,0.0,0.021809354399217957,7.000013453942528e-05,,,,
4324,0.001,adam,4325,258.4951286315918,4.754788160849251e-05,0.0,0.021032669368317696,6.85805519758084e-05,,,,
4325,0.001,adam,4326,258.537850856781,4.6619121449834756e-05,0.0,0.022365180679163207,6.898430319128705e-05,,,,
4326,0.001,adam,4327,258.5874779224396,4.7032848672006964e-05,0.0,0.026684061773720673,7.371691171315256e-05,,,,
4327,0.001,adam,4328,258.6229693889618,4.731167543787033e-05,0.0,0.023087814534519746,7.039949106900243e-05,,,,
4328,0.001,adam,4329,258.6705570220947,4.845196806816291e-05,0.0,0.024353115587500373,7.280508481237421e-05,,,,
4329,0.001,adam,4330,258.7325201034546,4.810602467541618e-05,0.0,0.019807143615152383,6.79131692313574e-05,,,,
4330,0.001,adam,4331,258.777140378952,4.756237953529128e-05,0.0,0.019414670229107766,6.69770506865464e-05,,,,
4331,0.001,adam,4332,258.8169069290161,4.70673465553135e-05,0.0,0.020445391925241592,6.75127394516591e-05,,,,
4332,0.001,adam,4333,258.8745176792145,4.778750186758687e-05,0.0,0.02457625033825977,7.236375337315589e-05,,,,
4333,0.001,adam,4334,258.92378520965576,4.789097344703567e-05,0.0,0.022825703317676575,7.071667784887498e-05,,,,
4334,0.001,adam,4335,258.9602358341217,4.863503532907234e-05,0.0,0.022121578554618195,7.075661493440914e-05,,,,
4335,0.001,adam,4336,259.0075674057007,4.850329919139722e-05,0.0,0.02345710500526078,7.196040531081071e-05,,,,
4336,0.001,adam,4337,259.04952335357666,4.850081271742067e-05,0.0,0.025772308446372356,7.427312238791199e-05,,,,
4337,0.001,adam,4338,259.0963032245636,4.787801016642404e-05,0.0,0.028911788290259543,7.678979982991984e-05,,,,
4338,0.001,adam,4339,259.1353054046631,4.900165391248336e-05,0.0,0.03387714759397006,8.287880311553159e-05,,,,
4339,0.001,adam,4340,259.18818974494934,4.873742525816227e-05,0.0,0.022855276336149,7.159270267987865e-05,0.00042306297404761224,0.0,0.0213430036884697,0.0004444059787498202
4340,0.001,adam,4341,259.262761592865,4.9539068422814236e-05,0.0,0.02009000501744342,6.962907439448168e-05,,,,
4341,0.001,adam,4342,259.3129782676697,4.89011016397107e-05,0.0,0.021638976423827522,7.054007909133445e-05,,,,
4342,0.001,adam,4343,259.35989236831665,4.973997609996673e-05,0.0,0.05245394162186658,0.00010219392021326185,,,,
4343,0.001,adam,4344,259.42120838165283,5.0692656744822054e-05,0.0,0.027374085598675123,7.806674364369647e-05,,,,
4344,0.001,adam,4345,259.4669647216797,5.216547425173391e-05,0.0,0.025417603146688034,7.758307860569332e-05,,,,
4345,0.001,adam,4346,259.515997171402,5.178036229686467e-05,0.0,0.02635788421648912,7.813824776528611e-05,,,,
4346,0.001,adam,4347,259.5607147216797,5.1590270509437474e-05,0.0,0.02510873245510655,7.669900415714482e-05,,,,
4347,0.001,adam,4348,259.61139583587646,5.132169199653869e-05,0.0,0.025121821739921762,7.644351492968296e-05,,,,
4348,0.001,adam,4349,259.64876985549927,5.4146441929743064e-05,0.0,0.023044225573789726,7.719066859807477e-05,,,,
4349,0.001,adam,4350,259.6901092529297,5.63848233773389e-05,0.0,0.02748560435337999,8.387042903621504e-05,,,,
4350,0.001,adam,4351,259.7429687976837,6.386524863627971e-05,0.0,0.02297171692146693,8.683696664884465e-05,,,,
4351,0.001,adam,4352,259.7788724899292,7.0620419620316e-05,0.0,0.01983745507961079,9.045787564215535e-05,,,,
4352,0.001,adam,4353,259.8378314971924,7.9080963373088e-05,0.0,0.01925217484957519,9.833313913709243e-05,,,,
4353,0.001,adam,4354,259.88529109954834,8.882717596305112e-05,0.0,0.02357330218024434,0.00011240047926296722,,,,
4354,0.001,adam,4355,259.9261591434479,0.00010737206148724847,0.0,0.021175198635254026,0.00012854726112827047,,,,
4355,0.001,adam,4356,259.9704327583313,0.0001308228347754704,0.0,0.025251095487710186,0.00015607393146254328,,,,
4356,0.001,adam,4357,260.01186060905457,0.00015707088088564612,0.0,0.024882404826171517,0.00018195328689366846,,,,
4357,0.001,adam,4358,260.06184244155884,0.00019556439590832128,0.0,0.026616667483728974,0.00022218106465627413,,,,
4358,0.001,adam,4359,260.10828733444214,0.00021546573942657422,0.0,0.022974991986525785,0.00023844073250435356,,,,
4359,0.001,adam,4360,260.1533863544464,0.00023432297734313266,0.0,0.026532196662566482,0.0002608551752659109,0.0005506354005753863,0.0,0.021642629808576463,0.0005722780314119325
4360,0.001,adam,4361,260.239458322525,0.00020932886039594844,0.0,0.022706866415153862,0.00023203572788962058,,,,
4361,0.001,adam,4362,260.2996163368225,0.00017428228978177483,0.0,0.02707344905645479,0.00020135574012414945,,,,
4362,0.001,adam,4363,260.3530008792877,0.0001165604010434801,0.0,0.028590821565306644,0.0001451512239667779,,,,
4363,0.001,adam,4364,260.39227199554443,7.022123028995657e-05,0.0,0.02199217885140467,9.221341018593369e-05,,,,
4364,0.001,adam,4365,260.44019389152527,5.036129103507856e-05,0.0,0.026100715264967145,7.646200753976315e-05,,,,
4365,0.001,adam,4366,260.48865127563477,5.642956806666216e-05,0.0,0.02235880153926399,7.878837066791224e-05,,,,
4366,0.001,adam,4367,260.538227558136,7.705046602285903e-05,0.0,0.027369649556546076,0.0001044201168793937,,,,
4367,0.001,adam,4368,260.59450364112854,0.00010273864442319027,0.0,0.02187575556063876,0.00012461440102287167,,,,
4368,0.001,adam,4369,260.6403090953827,0.0001144015719387355,0.0,0.02678258431355482,0.00014118415752439482,,,,
4369,0.001,adam,4370,260.6809129714966,0.00010353252989367623,0.0,0.02317942821711382,0.0001267119592117538,,,,
4370,0.001,adam,4371,260.7367193698883,7.803745632440961e-05,0.0,0.022800252965294476,0.00010083771037265799,,,,
4371,0.001,adam,4372,260.781613111496,5.804974007885474e-05,0.0,0.024088982421130594,8.21387236441506e-05,,,,
4372,0.001,adam,4373,260.8327794075012,4.899705055105641e-05,0.0,0.020168692716603133,6.916574422562104e-05,,,,
4373,0.001,adam,4374,260.8954026699066,5.326595268446663e-05,0.0,0.02197483426329186,7.52407879915071e-05,,,,
4374,0.001,adam,4375,260.93825483322144,6.567793853409392e-05,0.0,0.023644933252300982,8.932287290946897e-05,,,,
4375,0.001,adam,4376,260.9767532348633,7.420403638479264e-05,0.0,0.023932635422802738,9.813667294433456e-05,,,,
4376,0.001,adam,4377,261.0381989479065,7.540436945654083e-05,0.0,0.023225191741010252,9.86295623006885e-05,,,,
4377,0.001,adam,4378,261.08443880081177,6.47779126699249e-05,0.0,0.0202433682422447,8.5021281873678e-05,,,,
4378,0.001,adam,4379,261.1321074962616,5.4996734816783864e-05,0.0,0.02000716199346249,7.500389776053556e-05,,,,
4379,0.001,adam,4380,261.1750421524048,4.819754413250284e-05,0.0,0.022574121758734016,7.07716669634501e-05,0.00042531380059869495,0.0,0.022024365602723844,0.00044733816724752
4380,0.001,adam,4381,261.25740361213684,4.8332796656448855e-05,0.0,0.022763492961471028,7.109629069912779e-05,,,,
4381,0.001,adam,4382,261.30093121528625,5.4844985515435506e-05,0.0,0.026570341123076345,8.141532790053533e-05,,,,
4382,0.001,adam,4383,261.35178089141846,5.968513224689961e-05,0.0,0.022653136332678465,8.233826965554431e-05,,,,
4383,0.001,adam,4384,261.39862298965454,6.185906338706832e-05,0.0,0.021557962237211688,8.341702664822827e-05,,,,
4384,0.001,adam,4385,261.43868112564087,5.781840421168534e-05,0.0,0.01767991222025533,7.549831727169144e-05,,,,
4385,0.001,adam,4386,261.47915863990784,5.2949514950909826e-05,0.0,0.020040703148695944,7.29902190514881e-05,,,,
4386,0.001,adam,4387,261.54213881492615,4.798694155332357e-05,0.0,0.02272277115332954,7.070971378592683e-05,,,,
4387,0.001,adam,4388,261.58322644233704,4.71974478761434e-05,0.0,0.021588120450853093,6.87855693523772e-05,,,,
4388,0.001,adam,4389,261.63346099853516,4.870408720811439e-05,0.0,0.023592423276782376,7.229651160547675e-05,,,,
4389,0.001,adam,4390,261.6735939979553,5.115721084269015e-05,0.0,0.022642322644792233,7.3799534562935e-05,,,,
4390,0.001,adam,4391,261.71420335769653,5.510893149188794e-05,0.0,0.025317755248264535,8.042668794268132e-05,,,,
4391,0.001,adam,4392,261.7593774795532,5.4748448823304184e-05,0.0,0.020907923119641875,7.565637293601912e-05,,,,
4392,0.001,adam,4393,261.8056163787842,5.367921235468829e-05,0.0,0.02263101181042443,7.63102252400281e-05,,,,
4393,0.001,adam,4394,261.84582352638245,4.9422796994285586e-05,0.0,0.020496594880776993,6.99193928485986e-05,,,,
4394,0.001,adam,4395,261.882266998291,4.734538717137528e-05,0.0,0.02406151485320108,7.140690316743698e-05,,,,
4395,0.001,adam,4396,261.92205691337585,4.674356775776276e-05,0.0,0.032676934297283924,7.942050360711778e-05,,,,
4396,0.001,adam,4397,261.9652473926544,4.7674131779134965e-05,0.0,0.02305488560296296,7.072901847714622e-05,,,,
4397,0.001,adam,4398,262.00869965553284,5.000971175635161e-05,0.0,0.023480501981051435,7.349021485266705e-05,,,,
4398,0.001,adam,4399,262.0566072463989,5.173182318527658e-05,0.0,0.021831337748936315,7.356316197114579e-05,,,,
4399,0.001,adam,4400,262.0931339263916,5.4623211012563124e-05,0.0,0.02229554280737758,7.691875487892216e-05,0.0004396675034222851,0.0,0.022104049346558737,0.00046177155381872984
4400,0.001,adam,4401,262.17520666122437,5.4072453649029115e-05,0.0,0.02365458616619754,7.772704093875921e-05,,,,
4401,0.001,adam,4402,262.2253792285919,5.2495368658572316e-05,0.0,0.030786257107816593,8.328162722865765e-05,,,,
4402,0.001,adam,4403,262.28899788856506,4.8528821376164946e-05,0.0,0.02373441152967165,7.226323403316064e-05,,,,
4403,0.001,adam,4404,262.34053349494934,4.711720534267633e-05,0.0,0.01914013142270807,6.625733767449187e-05,,,,
4404,0.001,adam,4405,262.3741195201874,4.731453253437815e-05,0.0,0.024411900187469967,7.172643388135116e-05,,,,
4405,0.001,adam,4406,262.41932678222656,4.8054736366973254e-05,0.0,0.029091219017414398,7.71459567661464e-05,,,,
4406,0.001,adam,4407,262.472069978714,5.002098763882189e-05,0.0,0.023624430391795247,7.364541915271737e-05,,,,
4407,0.001,adam,4408,262.5126087665558,5.078341520764938e-05,0.0,0.024217626637879693,7.500104299580461e-05,,,,
4408,0.001,adam,4409,262.56605529785156,5.154584485099033e-05,0.0,0.02117783904256786,7.272368489945157e-05,,,,
4409,0.001,adam,4410,262.6128089427948,4.9488000040212264e-05,0.0,0.022477231690824113,7.19652327986476e-05,,,,
4410,0.001,adam,4411,262.6727623939514,4.85936290388467e-05,0.0,0.020923588548128896,6.951721858079273e-05,,,,
4411,0.001,adam,4412,262.72186827659607,4.6688383630987374e-05,0.0,0.019066027623920352,6.575441216049544e-05,,,,
4412,0.001,adam,4413,262.7756769657135,4.629338277317605e-05,0.0,0.022681125388696925,6.897450923916862e-05,,,,
4413,0.001,adam,4414,262.80965638160706,4.6402437075269295e-05,0.0,0.02799942019987913,7.440185860504952e-05,,,,
4414,0.001,adam,4415,262.8539652824402,4.743378964178431e-05,0.0,0.031177255046703455,7.861104616932792e-05,,,,
4415,0.001,adam,4416,262.9084372520447,4.7838170749986936e-05,0.0,0.021223764823431655,6.906193658149333e-05,,,,
4416,0.001,adam,4417,262.9545466899872,4.6967921509951916e-05,0.0,0.021329198243000995,6.829712076603546e-05,,,,
4417,0.001,adam,4418,262.98962593078613,4.658544930164914e-05,0.0,0.02780813437520819,7.439358499767284e-05,,,,
4418,0.001,adam,4419,263.03907775878906,4.663446417455128e-05,0.0,0.02421289807045259,7.084736339505482e-05,,,,
4419,0.001,adam,4420,263.087265253067,4.691260262100154e-05,0.0,0.02640713143891928,7.331973531419226e-05,0.0004230389408509678,0.0,0.021192696284962904,0.00044423163814252977
4420,0.001,adam,4421,263.1654393672943,4.740472080952506e-05,0.0,0.020495170453086,6.789989223607942e-05,,,,
4421,0.001,adam,4422,263.21657609939575,4.7271481279561135e-05,0.0,0.01836636076419103,6.56378429161075e-05,,,,
4422,0.001,adam,4423,263.2783169746399,4.642216431044667e-05,0.0,0.029092700008807787,7.551486570108355e-05,,,,
4423,0.001,adam,4424,263.316611289978,4.6255760972697274e-05,0.0,0.02231381921648507,6.856958124903188e-05,,,,
4424,0.001,adam,4425,263.3569996356964,4.665104763565813e-05,0.0,0.01842063009740427,6.507167860799539e-05,,,,
4425,0.001,adam,4426,263.4163899421692,4.7578685382400645e-05,0.0,0.02586251830924017,7.344120492004452e-05,,,,
4426,0.001,adam,4427,263.45654106140137,4.8537602019376475e-05,0.0,0.02121936751641169,6.975697054365404e-05,,,,
4427,0.001,adam,4428,263.5088355541229,4.7146650504479756e-05,0.0,0.018868718422827335,6.601536982352312e-05,,,,
4428,0.001,adam,4429,263.5421061515808,4.7097854592709525e-05,0.0,0.031662770494664594,7.876062659127503e-05,,,,
4429,0.001,adam,4430,263.5915665626526,4.6957404200513715e-05,0.0,0.025489419532404113,7.244682494360029e-05,,,,
4430,0.001,adam,4431,263.6499948501587,4.835520602864643e-05,0.0,0.025248621109169304,7.360382833706088e-05,,,,
4431,0.001,adam,4432,263.68558263778687,5.0016679181858923e-05,0.0,0.02791757019793133,7.793425070580368e-05,,,,
4432,0.001,adam,4433,263.7439706325531,5.150698064632558e-05,0.0,0.020653920693653897,7.216090232098807e-05,,,,
4433,0.001,adam,4434,263.795147895813,5.0523298905675165e-05,0.0,0.021679720646633892,7.220302058204053e-05,,,,
4434,0.001,adam,4435,263.8463337421417,5.0663586049813624e-05,0.0,0.022789843293416635,7.345343042568974e-05,,,,
4435,0.001,adam,4436,263.8918762207031,5.214510262653813e-05,0.0,0.021773722688857303,7.391882634959177e-05,,,,
4436,0.001,adam,4437,263.9376046657562,5.552912199040178e-05,0.0,0.017881729106353092,7.341085194609144e-05,,,,
4437,0.001,adam,4438,263.9832978248596,5.966653808973525e-05,0.0,0.02652865649566518,8.6195195845444e-05,,,,
4438,0.001,adam,4439,264.02986216545105,6.251994938415964e-05,0.0,0.01867961025612348,8.1199560527517e-05,,,,
4439,0.001,adam,4440,264.06947922706604,6.717506526805562e-05,0.0,0.024489597858309085,9.166466428955818e-05,0.0004488862946866689,0.0,0.020940566429994124,0.00046982686211128656
4440,0.001,adam,4441,264.16472458839417,7.707489068304988e-05,0.0,0.019281447043764915,9.635633864263438e-05,,,,
4441,0.001,adam,4442,264.1972563266754,9.276858810042525e-05,0.0,0.02270428248319361,0.00011547287166201441,,,,
4442,0.001,adam,4443,264.25724720954895,0.00011388911258328381,0.0,0.02222668059449992,0.0001361157942334944,,,,
4443,0.001,adam,4444,264.2934377193451,0.00014019646082686154,0.0,0.020681692906602524,0.00016087815471579176,,,,
4444,0.001,adam,4445,264.3415880203247,0.00016690393797632883,0.0,0.022600744682092326,0.00018950468373189893,,,,
4445,0.001,adam,4446,264.38880252838135,0.00019900980255399447,0.0,0.024150708071785165,0.0002231605117728767,,,,
4446,0.001,adam,4447,264.4322476387024,0.00023033831528597445,0.0,0.026413721624189136,0.00025675203816474807,,,,
4447,0.001,adam,4448,264.4932007789612,0.00025788674827318243,0.0,0.024979657785775836,0.00028286640724542835,,,,
4448,0.001,adam,4449,264.52631664276123,0.00025528962544940745,0.0,0.0279568771416288,0.00028324650391891665,,,,
4449,0.001,adam,4450,264.5736734867096,0.00022678524842545853,0.0,0.02843282399748679,0.000255218073773432,,,,
4450,0.001,adam,4451,264.6384882926941,0.00016127352333234515,0.0,0.021273648279332154,0.00018254717262212138,,,,
4451,0.001,adam,4452,264.6840522289276,9.106653189834324e-05,0.0,0.16028886022738725,0.00025135539973904285,,,,
4452,0.001,adam,4453,264.72349214553833,4.9993882443844824e-05,0.0,0.018128465530932805,6.812234883583353e-05,,,,
4453,0.001,adam,4454,264.7619001865387,5.7216135158695944e-05,0.0,0.025843381687864375,8.305951807405508e-05,,,,
4454,0.001,adam,4455,264.8083643913269,9.357556896990722e-05,0.0,0.026399260469558948,0.00011997483069336376,,,,
4455,0.001,adam,4456,264.8594799041748,0.0001241919846672199,0.0,0.023715220910555383,0.00014790720670418783,,,,
4456,0.001,adam,4457,264.9008548259735,0.00012820815377914682,0.0,0.02650526213125338,0.00015471341716933261,,,,
4457,0.001,adam,4458,264.9390797615051,0.0001004135550642153,0.0,0.02115392377166541,0.00012156747984063817,,,,
4458,0.001,adam,4459,264.9876091480255,6.803331115585103e-05,0.0,0.024266909359694992,9.230022166816238e-05,,,,
4459,0.001,adam,4460,265.04306411743164,5.48882933721083e-05,0.0,0.022899772664926266,7.77880671247154e-05,0.0004357889596864249,0.0,0.02241093645563597,0.0004581998972065232
4460,0.001,adam,4461,265.1220934391022,6.275957397439613e-05,0.0,0.02308254064910226,8.584211571986024e-05,,,,
4461,0.001,adam,4462,265.17385482788086,8.124567300323804e-05,0.0,0.016109633823082052,9.735530759148664e-05,,,,
4462,0.001,adam,4463,265.2272353172302,8.775436360224703e-05,0.0,0.027066018441134144,0.00011482038332894807,,,,
4463,0.001,adam,4464,265.28497219085693,7.975897198484187e-05,0.0,0.02105363279838536,0.00010081260578322114,,,,
4464,0.001,adam,4465,265.3219528198242,6.0939948159599175e-05,0.0,0.025618105234325728,8.655805461071961e-05,,,,
4465,0.001,adam,4466,265.38225054740906,5.092724210118542e-05,0.0,0.019683035887558264,7.061027892363773e-05,,,,
4466,0.001,adam,4467,265.4236168861389,5.2308658388582315e-05,0.0,0.022704173514907788,7.501283298188047e-05,,,,
4467,0.001,adam,4468,265.4734070301056,6.013825595537461e-05,0.0,0.02221746560824975,8.235572261889736e-05,,,,
4468,0.001,adam,4469,265.5201807022095,6.464864761374417e-05,0.0,0.02323257406407959,8.788122278131183e-05,,,,
4469,0.001,adam,4470,265.5628345012665,6.0886523904395174e-05,0.0,0.02108306086672959,8.196958577251642e-05,,,,
4470,0.001,adam,4471,265.61423110961914,5.3130146774761644e-05,0.0,0.021337918275384622,7.4468066063643e-05,,,,
4471,0.001,adam,4472,265.6526322364807,4.705150087738416e-05,0.0,0.020583157725790342,6.763465958082203e-05,,,,
4472,0.001,adam,4473,265.70275497436523,4.717425921802259e-05,0.0,0.021602611761530575,6.877687200562216e-05,,,,
4473,0.001,adam,4474,265.7516505718231,5.175263746391845e-05,0.0,0.023552587789430958,7.53052263720373e-05,,,,
4474,0.001,adam,4475,265.78486037254333,5.522428112573834e-05,0.0,0.022343976638314632,7.756825882533492e-05,,,,
4475,0.001,adam,4476,265.8323812484741,5.490921156256783e-05,0.0,0.020236280133884423,7.514549265762399e-05,,,,
4476,0.001,adam,4477,265.88975644111633,5.176655942377031e-05,0.0,0.01851214224893516,7.027870255198505e-05,,,,
4477,0.001,adam,4478,265.9288761615753,4.7910098841732515e-05,0.0,0.023029649064588615,7.093974900017076e-05,,,,
4478,0.001,adam,4479,265.9692237377167,4.79317866325425e-05,0.0,0.022573475907522,7.050526361224708e-05,,,,
4479,0.001,adam,4480,266.0255467891693,4.904521685175645e-05,0.0,0.02210491242749691,7.115013032918036e-05,0.00042142999842674077,0.0,0.0210991904561684,0.0004425291898850669
4480,0.001,adam,4481,266.10589480400085,5.295030386666146e-05,0.0,0.021115801108716588,7.406610597832478e-05,,,,
4481,0.001,adam,4482,266.1405553817749,5.305776223616936e-05,0.0,0.028471268158804915,8.152903174728695e-05,,,,
4482,0.001,adam,4483,266.1898045539856,5.387051389267636e-05,0.0,0.02143830627488605,7.530882118582732e-05,,,,
4483,0.001,adam,4484,266.2508268356323,5.373508757189822e-05,0.0,0.02069342788155085,7.442851643633415e-05,,,,
4484,0.001,adam,4485,266.29798913002014,5.708580968815087e-05,0.0,0.026292759905629536,8.337857084261948e-05,,,,
4485,0.001,adam,4486,266.3394310474396,5.902862822877495e-05,0.0,0.024449478290634347,8.34781076806972e-05,,,,
4486,0.001,adam,4487,266.3780708312988,6.593651621201634e-05,0.0,0.02091430412036624,8.685082132575873e-05,,,,
4487,0.001,adam,4488,266.4263472557068,7.184962700197677e-05,0.0,0.022250214354527145,9.409984241333239e-05,,,,
4488,0.001,adam,4489,266.4773874282837,7.702646368684314e-05,0.0,0.026225088104033557,0.00010325155303650155,,,,
4489,0.001,adam,4490,266.5364236831665,8.185419888384913e-05,0.0,0.024141988329709124,0.00010599618836024117,,,,
4490,0.001,adam,4491,266.5819573402405,9.186431245563374e-05,0.0,0.02035140191667186,0.00011221571533894533,,,,
4491,0.001,adam,4492,266.62167501449585,0.00010343492834241097,0.0,0.022105484740283,0.00012554041413264814,,,,
4492,0.001,adam,4493,266.6729152202606,0.00011437222280732291,0.0,0.019917262719481098,0.00013428948647282323,,,,
4493,0.001,adam,4494,266.72506642341614,0.0001275654156875143,0.0,0.026023844054378787,0.00015358926097795936,,,,
4494,0.001,adam,4495,266.7785220146179,0.00013628074528558714,0.0,0.04741424334129953,0.00018369499087894238,,,,
4495,0.001,adam,4496,266.8298690319061,0.00014113943731525715,0.0,0.025765042896432534,0.00016690448143546354,,,,
4496,0.001,adam,4497,266.8775680065155,0.00013636991797724666,0.0,0.01848695996588819,0.00015485687882121834,,,,
4497,0.001,adam,4498,266.93737030029297,0.0001267524562728528,0.0,0.027305381345042658,0.0001540578389148315,,,,
4498,0.001,adam,4499,266.9842777252197,0.00010802930291922847,0.0,0.016653394137052302,0.00012468269784727455,,,,
4499,0.001,adam,4500,267.0318253040314,8.800978452765251e-05,0.0,0.021921090340231753,0.00010993087590908018,0.0004240790257291584,0.0,0.02100875408283807,0.00044508778080985876
4500,0.001,adam,4501,267.10909128189087,6.856027679294666e-05,0.0,0.02608755492269983,9.464783295473885e-05,,,,
4501,0.001,adam,4502,267.1535084247589,5.3848545969395565e-05,0.0,0.021659138188344234,7.550768518649366e-05,,,,
4502,0.001,adam,4503,267.1951861381531,4.783940209429038e-05,0.0,0.020821347942531543,6.866075102578289e-05,,,,
4503,0.001,adam,4504,267.2313907146454,4.783835131716212e-05,0.0,0.01877960294106194,6.661795515020734e-05,,,,
4504,0.001,adam,4505,267.29396176338196,5.084406236997545e-05,0.0,0.020848666147133592,7.169272950736755e-05,,,,
4505,0.001,adam,4506,267.3362834453583,5.8450365380231175e-05,0.0,0.029228458703050287,8.767882547155875e-05,,,,
4506,0.001,adam,4507,267.3843457698822,6.35547074442366e-05,0.0,0.02150344007503399,8.505814854062919e-05,,,,
4507,0.001,adam,4508,267.42859983444214,6.802638051162568e-05,0.0,0.02594417086203398,9.397055260594166e-05,,,,
4508,0.001,adam,4509,267.46885108947754,6.707066983376698e-05,0.0,0.02859426355544211,9.566493474736372e-05,,,,
4509,0.001,adam,4510,267.5192868709564,6.322713614748388e-05,0.0,0.020236083612915453,8.346322072156173e-05,,,,
4510,0.001,adam,4511,267.56396770477295,5.634745389072596e-05,0.0,0.026318403363755426,8.266585850453848e-05,,,,
4511,0.001,adam,4512,267.60468578338623,5.236085600756531e-05,0.0,0.022490547226658202,7.485140430246718e-05,,,,
4512,0.001,adam,4513,267.64983105659485,4.806043000695818e-05,0.0,0.02113773758687414,6.919816859782098e-05,,,,
4513,0.001,adam,4514,267.6994984149933,4.661897193599722e-05,0.0,0.025506375318208336,7.212534846569337e-05,,,,
4514,0.001,adam,4515,267.74581503868103,4.6018296505952134e-05,0.0,0.018080088062209496,6.409838542691973e-05,,,,
4515,0.001,adam,4516,267.790962934494,4.6048728270609064e-05,0.0,0.022704947501422792,6.875367685045899e-05,,,,
4516,0.001,adam,4517,267.83596110343933,4.686544832652212e-05,0.0,0.02232797880186993,6.919342818891413e-05,,,,
4517,0.001,adam,4518,267.87171244621277,4.72979338161443e-05,0.0,0.027126292239246293,7.442422734382034e-05,,,,
4518,0.001,adam,4519,267.9231629371643,4.937860947589987e-05,0.0,0.020759065947019383,7.013767640892198e-05,,,,
4519,0.001,adam,4520,267.9718086719513,4.91357191655983e-05,0.0,0.021871441113579138,7.100716131801515e-05,0.0004199061119585842,0.0,0.020634467080791922,0.00044054058001946074
4520,0.001,adam,4521,268.0508449077606,4.839424933152029e-05,0.0,0.025801759506955974,7.419601006399408e-05,,,,
4521,0.001,adam,4522,268.09357380867004,4.664539070139348e-05,0.0,0.025072630711207345,7.171802260348688e-05,,,,
4522,0.001,adam,4523,268.14604806900024,4.668054647212733e-05,0.0,0.021442882021141186,6.812342951175076e-05,,,,
4523,0.001,adam,4524,268.19149017333984,4.557725232109797e-05,0.0,0.024257750416697837,6.983500388997712e-05,,,,
4524,0.001,adam,4525,268.2501652240753,4.5804345545178615e-05,0.0,0.019792443315766736,6.559678980103596e-05,,,,
4525,0.001,adam,4526,268.31287837028503,4.499458883198823e-05,0.0,0.020609389561006875,6.560397937188859e-05,,,,
4526,0.001,adam,4527,268.3478436470032,4.551676455138819e-05,0.0,0.020277095195807567,6.57938607103061e-05,,,,
4527,0.001,adam,4528,268.40784740448,4.6025291099231905e-05,0.0,0.05018731833118377,9.62126118141854e-05,,,,
4528,0.001,adam,4529,268.4515585899353,4.6970290626751105e-05,0.0,0.023273181827956103,7.024347356012403e-05,,,,
4529,0.001,adam,4530,268.49818420410156,4.6949162450704026e-05,0.0,0.021099178478043153,6.804834193090438e-05,,,,
4530,0.001,adam,4531,268.554888010025,4.6905435340427856e-05,0.0,0.01797634779502667,6.488178398928523e-05,,,,
4531,0.001,adam,4532,268.59652757644653,4.540503445057395e-05,0.0,0.023952758238228213,6.935779382649712e-05,,,,
4532,0.001,adam,4533,268.6468017101288,4.462226512630957e-05,0.0,0.02190064202600888,6.652290819254313e-05,,,,
4533,0.001,adam,4534,268.69264101982117,4.484647996718899e-05,0.0,0.020589407232013655,6.543588817714701e-05,,,,
4534,0.001,adam,4535,268.73713397979736,4.581687938904785e-05,0.0,0.024669174550229676,7.048605511100044e-05,,,,
4535,0.001,adam,4536,268.7888822555542,4.6462608171591284e-05,0.0,0.020097162810998926,6.655977193715422e-05,,,,
4536,0.001,adam,4537,268.82971000671387,4.600930625703201e-05,0.0,0.01940491738554201,6.541422456425813e-05,,,,
4537,0.001,adam,4538,268.8701457977295,4.555133808876825e-05,0.0,0.026009064549093443,7.156040387322597e-05,,,,
4538,0.001,adam,4539,268.9195966720581,4.5223893886436825e-05,0.0,0.022697531476414005,6.792142644092573e-05,,,,
4539,0.001,adam,4540,268.96615266799927,4.4530250786328094e-05,0.0,0.02164590795348504,6.61761597679386e-05,0.00041660960852655144,0.0,0.02071239704830142,0.0004373220065586389
4540,0.001,adam,4541,269.0651216506958,4.5461654695556846e-05,0.0,0.024937134026185855,7.039878990619301e-05,,,,
4541,0.001,adam,4542,269.1033501625061,4.6324616662868534e-05,0.0,0.022146055643268808,6.847067335801854e-05,,,,
4542,0.001,adam,4543,269.1497461795807,4.6699629385592635e-05,0.0,0.02036537909290719,6.706500944580343e-05,,,,
4543,0.001,adam,4544,269.18918681144714,4.650294964195791e-05,0.0,0.020671865721978527,6.717481634579736e-05,,,,
4544,0.001,adam,4545,269.240118265152,4.6204268101430054e-05,0.0,0.0203194414626043,6.652371052915603e-05,,,,
4545,0.001,adam,4546,269.2907876968384,4.559869135867513e-05,0.0,0.019075715332266062,6.467440759698905e-05,,,,
4546,0.001,adam,4547,269.3299779891968,4.662106340517543e-05,0.0,0.020445643461555012,6.70667078378464e-05,,,,
4547,0.001,adam,4548,269.382839679718,4.7226011537128306e-05,0.0,0.023926902141200405,7.115291481479558e-05,,,,
4548,0.001,adam,4549,269.4366374015808,4.9080555630076634e-05,0.0,0.021903621781356207,7.098417845179906e-05,,,,
4549,0.001,adam,4550,269.48986649513245,5.0820725626452125e-05,0.0,0.021668313075564223,7.2489039731206e-05,,,,
4550,0.001,adam,4551,269.52805185317993,5.2825180789681745e-05,0.0,0.020811084742176002,7.363626652033123e-05,,,,
4551,0.001,adam,4552,269.5819044113159,5.399411646990182e-05,0.0,0.027707501838558923,8.170161962449647e-05,,,,
4552,0.001,adam,4553,269.61567211151123,5.959846267033426e-05,0.0,0.021919230851213414,8.151769456265527e-05,,,,
4553,0.001,adam,4554,269.6654224395752,6.511467303421053e-05,0.0,0.0209877625480607,8.610243657913646e-05,,,,
4554,0.001,adam,4555,269.7133870124817,7.492593510094564e-05,0.0,0.020728112774935904,9.565404886041408e-05,,,,
4555,0.001,adam,4556,269.7546627521515,8.678864879572684e-05,0.0,0.022265113754373112,0.00010905376360763611,,,,
4556,0.001,adam,4557,269.80074858665466,0.00010551119037555465,0.0,0.019199075684073797,0.0001247102669715356,,,,
4557,0.001,adam,4558,269.85978627204895,0.0001291030393273696,0.0,0.020965258688162076,0.00015006829901132804,,,,
4558,0.001,adam,4559,269.9050452709198,0.00015595153365437187,0.0,0.02022017615313683,0.00017617171076791553,,,,
4559,0.001,adam,4560,269.9459447860718,0.00019162131720557772,0.0,0.02634167700681999,0.00021796299546356023,0.0005431267116320349,0.0,0.02137419352314681,0.0005645009061704014
4560,0.001,adam,4561,270.0245997905731,0.0002124710929717339,0.0,0.025516771274897522,0.00023798786545861303,,,,
4561,0.001,adam,4562,270.07692646980286,0.00024035123373187438,0.0,0.02618383627874841,0.00026653507125428826,,,,
4562,0.001,adam,4563,270.132248878479,0.0002183353362957922,0.0,0.025040329426105602,0.0002433756669112496,,,,
4563,0.001,adam,4564,270.1802833080292,0.00018381418477984672,0.0,0.033376945457752646,0.0002171911318229192,,,,
4564,0.001,adam,4565,270.22239899635315,0.00012357476804391858,0.0,0.027152733524180885,0.0001507275028577851,,,,
4565,0.001,adam,4566,270.2745952606201,7.452559836447118e-05,0.0,0.023833665379756196,9.835926487626573e-05,,,,
4566,0.001,adam,4567,270.3094959259033,4.957648253217802e-05,0.0,0.021161494828783302,7.073797836607839e-05,,,,
4567,0.001,adam,4568,270.35338616371155,5.430991554871577e-05,0.0,0.023907039182808558,7.821695586704776e-05,,,,
4568,0.001,adam,4569,270.40465784072876,7.950902703443991e-05,0.0,0.030330701240664282,0.0001098397297157352,,,,
4569,0.001,adam,4570,270.44870948791504,0.00010753580236347586,0.0,0.021686712659264716,0.00012922251605280416,,,,
4570,0.001,adam,4571,270.4868438243866,0.00011704729690458717,0.0,0.025213433866691632,0.00014226073196885265,,,,
4571,0.001,adam,4572,270.53406167030334,0.00010349485349057256,0.0,0.016907732260533343,0.0001204025865541801,,,,
4572,0.001,adam,4573,270.5844204425812,7.660834602841096e-05,0.0,0.023229609250315385,9.983795638207358e-05,,,,
4573,0.001,adam,4574,270.62714982032776,5.4643081806964975e-05,0.0,0.020804353131729368,7.54474359268481e-05,,,,
4574,0.001,adam,4575,270.6745591163635,4.7698788211553375e-05,0.0,0.019879937779837015,6.757872693563676e-05,,,,
4575,0.001,adam,4576,270.7247152328491,5.476947333466507e-05,0.0,0.0242353859911082,7.900486047689234e-05,,,,
4576,0.001,adam,4577,270.7690095901489,6.742223414418675e-05,0.0,0.020222360081381452,8.764459518607877e-05,,,,
4577,0.001,adam,4578,270.8140926361084,7.361215419521592e-05,0.0,0.052381818160870994,0.00012599397484408978,,,,
4578,0.001,adam,4579,270.8562436103821,7.261819897772975e-05,0.0,0.0202754722992915,9.289367224005451e-05,,,,
4579,0.001,adam,4580,270.90378308296204,6.154394906661866e-05,0.0,0.03793823076008789,9.948218162867582e-05,0.00041623918893302585,0.0,0.020705131088954762,0.00043694432100542155
4580,0.001,adam,4581,270.984822511673,5.0111639707215946e-05,0.0,0.020759394498255833,7.087103519149011e-05,,,,
4581,0.001,adam,4582,271.0239369869232,4.65164213001615e-05,0.0,0.02177745777562145,6.829388011015669e-05,,,,
4582,0.001,adam,4583,271.0691339969635,5.0815446274752627e-05,0.0,0.020361292261609744,7.117673950347186e-05,,,,
4583,0.001,adam,4584,271.1298716068268,5.884908104541794e-05,0.0,0.022587816600316755,8.143689871859841e-05,,,,
4584,0.001,adam,4585,271.17025876045227,6.223938778970417e-05,0.0,0.021022503550339373,8.326189233855888e-05,,,,
4585,0.001,adam,4586,271.21333599090576,6.0116715964567647e-05,0.0,0.019776866352114383,7.989358325603277e-05,,,,
4586,0.001,adam,4587,271.2624065876007,5.3218945915453575e-05,0.0,0.024237454263992365,7.745640133066324e-05,,,,
4587,0.001,adam,4588,271.3128824234009,4.815409037666781e-05,0.0,0.023844628070530578,7.199871957975744e-05,,,,
4588,0.001,adam,4589,271.358115196228,4.5650225196166116e-05,0.0,0.01747132406889041,6.312155009489988e-05,,,,
4589,0.001,adam,4590,271.41710138320923,4.769110621305369e-05,0.0,0.027040112168627495,7.47312196660176e-05,,,,
4590,0.001,adam,4591,271.4526484012604,5.2767235363214146e-05,0.0,0.021659091592254837,7.442632798422063e-05,,,,
4591,0.001,adam,4592,271.505957365036,5.466377599958847e-05,0.0,0.025311268858603776,7.9975046060413e-05,,,,
4592,0.001,adam,4593,271.5538229942322,5.2917981394772274e-05,0.0,0.02383839680612302,7.675637933315839e-05,,,,
4593,0.001,adam,4594,271.587610244751,4.8492371618028467e-05,0.0,0.022132507900951854,7.062488057021804e-05,,,,
4594,0.001,adam,4595,271.6460385322571,4.69033331170009e-05,0.0,0.02008990525644592,6.699323932766611e-05,,,,
4595,0.001,adam,4596,271.67965388298035,4.536462738648005e-05,0.0,0.025946030523211473,7.131065914206185e-05,,,,
4596,0.001,adam,4597,271.7419879436493,4.6069371009836835e-05,0.0,0.02021904213192639,6.628841410211619e-05,,,,
4597,0.001,adam,4598,271.7896776199341,4.719887571386059e-05,0.0,0.019727954506636402,6.692683115752455e-05,,,,
4598,0.001,adam,4599,271.8360276222229,4.749496518191915e-05,0.0,0.029607880356600735,7.710284694481874e-05,,,,
4599,0.001,adam,4600,271.87162613868713,4.867050341742727e-05,0.0,0.020494825597122953,6.916532998800221e-05,0.0004220978962474359,0.0,0.021269440602392248,0.00044336733786007234
4600,0.001,adam,4601,271.93924355506897,4.795178957259047e-05,0.0,0.021581270700303308,6.953306129794914e-05,,,,
4601,0.001,adam,4602,271.97307562828064,4.8729720082672737e-05,0.0,0.029100561807667978,7.783028327254323e-05,,,,
4602,0.001,adam,4603,272.01830887794495,4.8658265334448844e-05,0.0,0.034719219568487454,8.337748655201074e-05,,,,
4603,0.001,adam,4604,272.07720398902893,4.8918266138070506e-05,0.0,0.020547287038318644,6.946555415233292e-05,,,,
4604,0.001,adam,4605,272.11283588409424,4.840277605960561e-05,0.0,0.024764598891080854,7.31673761269418e-05,,,,
4605,0.001,adam,4606,272.17086839675903,4.807324576281264e-05,0.0,0.021646517219487373,6.971976401045442e-05,,,,
4606,0.001,adam,4607,272.2130298614502,4.949389096029718e-05,0.0,0.021406388844812007,7.09002808218581e-05,,,,
4607,0.001,adam,4608,272.25695180892944,5.112653106952086e-05,0.0,0.020418091155233888,7.154462319456204e-05,,,,
4608,0.001,adam,4609,272.2956645488739,5.47080402902915e-05,0.0,0.02351075948154367,7.821880088853632e-05,,,,
4609,0.001,adam,4610,272.34098386764526,5.639719478204397e-05,0.0,0.020630414943922457,7.702761070585856e-05,,,,
4610,0.001,adam,4611,272.3855369091034,5.9501802216650915e-05,0.0,0.021508789299001442,8.101059253726503e-05,,,,
4611,0.001,adam,4612,272.4322998523712,6.197954627273352e-05,0.0,0.021411820290761337,8.339136758050175e-05,,,,
4612,0.001,adam,4613,272.473997592926,6.658039203887363e-05,0.0,0.02153578067354675,8.811617373531507e-05,,,,
4613,0.001,adam,4614,272.5126621723175,7.124656576610497e-05,0.0,0.02115702809276229,9.240359486377218e-05,,,,
4614,0.001,adam,4615,272.554217338562,7.995420034225802e-05,0.0,0.019579819782613476,9.953402105486303e-05,,,,
4615,0.001,adam,4616,272.61429929733276,9.402276908888772e-05,0.0,0.024251348039544145,0.00011827411828030909,,,,
4616,0.001,adam,4617,272.6592881679535,0.00011002739073500365,0.0,0.021209981843987948,0.00013123737358641167,,,,
4617,0.001,adam,4618,272.6967616081238,0.00012591823569281605,0.0,0.021152121135215942,0.00014707035783270383,,,,
4618,0.001,adam,4619,272.75062561035156,0.00014593746520503892,0.0,0.023549905630103545,0.00016948737195370296,,,,
4619,0.001,adam,4620,272.7979505062103,0.00016498635032340881,0.0,0.023121359788962192,0.00018810771121057667,0.0005502585512712034,0.0,0.02008502889394727,0.0005703435811191383
4620,0.001,adam,4621,272.8659613132477,0.00018389111049157828,0.0,0.025128240783649846,0.00020901935246875553,,,,
4621,0.001,adam,4622,272.91318559646606,0.00018874706740539424,0.0,0.018756870563719562,0.00020750393886001734,,,,
4622,0.001,adam,4623,272.9716627597809,0.00017979111616172564,0.0,0.01859086568300588,0.00019838198272775025,,,,
4623,0.001,adam,4624,273.0167396068573,0.00014871287664200373,0.0,0.020604964677280884,0.0001693178422979679,,,,
4624,0.001,adam,4625,273.05385661125183,0.00011196991727971952,0.0,0.027663952901576788,0.00013963387149526355,,,,
4625,0.001,adam,4626,273.1101384162903,7.351306745562567e-05,0.0,0.01999458918740788,9.350765759272558e-05,,,,
4626,0.001,adam,4627,273.1611831188202,5.110195169890191e-05,0.0,0.020315260666171654,7.141721332999666e-05,,,,
4627,0.001,adam,4628,273.19925475120544,4.730889531654977e-05,0.0,0.023984423724101624,7.129332017985039e-05,,,,
4628,0.001,adam,4629,273.2430639266968,6.125926239292403e-05,0.0,0.0198053993832479,8.106466271687792e-05,,,,
4629,0.001,adam,4630,273.2867577075958,7.939386674814792e-05,0.0,0.026671191049082898,0.00010606505906404442,,,,
4630,0.001,adam,4631,273.32568192481995,8.830299779090945e-05,0.0,0.02582775409194109,0.00011413075310960303,,,,
4631,0.001,adam,4632,273.37530422210693,8.51519972572105e-05,0.0,0.044332219872736535,0.0001294842192356145,,,,
4632,0.001,adam,4633,273.4194407463074,7.011421152871703e-05,0.0,0.021158702691392587,9.127291522509407e-05,,,,
4633,0.001,adam,4634,273.4656779766083,5.434398496763572e-05,0.0,0.02386354696481509,7.820753306590846e-05,,,,
4634,0.001,adam,4635,273.5089342594147,4.4768177027637086e-05,0.0,0.019245337021059954,6.40135149628015e-05,,,,
4635,0.001,adam,4636,273.55977511405945,4.6778090245504576e-05,0.0,0.02118307347448419,6.796116472613078e-05,,,,
4636,0.001,adam,4637,273.6027526855469,5.585186417710274e-05,0.0,0.020120814464202934,7.597267959699307e-05,,,,
4637,0.001,adam,4638,273.6513411998749,6.389476951141984e-05,0.0,0.02303071333401517,8.69254839393352e-05,,,,
4638,0.001,adam,4639,273.69477343559265,6.596556566937469e-05,0.0,0.022724209761897488,8.868977651061422e-05,,,,
4639,0.001,adam,4640,273.7456350326538,5.959651095171701e-05,0.0,0.024043333465730586,8.363984555944466e-05,0.00042547509168249295,0.0,0.020737192099752878,0.0004462122847672096
4640,0.001,adam,4641,273.8250505924225,5.128101826293008e-05,0.0,0.23748708988415546,0.000288768119427117,,,,
4641,0.001,adam,4642,273.8748867511749,4.51411060663166e-05,0.0,0.017235972974975852,6.237707985995723e-05,,,,
4642,0.001,adam,4643,273.914133310318,4.413706210348947e-05,0.0,0.020254526685798017,6.439158975132589e-05,,,,
4643,0.001,adam,4644,273.95635890960693,4.7760166753840564e-05,0.0,0.022532064132349698,7.029223195640589e-05,,,,
4644,0.001,adam,4645,274.00553035736084,5.212305973688713e-05,0.0,0.025456086004343854,7.75791469503302e-05,,,,
4645,0.001,adam,4646,274.0466048717499,5.4731510889147287e-05,0.0,0.024473521179419862,7.920503323099703e-05,,,,
4646,0.001,adam,4647,274.09877252578735,5.2524165979587354e-05,0.0,0.0196237704308972,7.214793734256363e-05,,,,
4647,0.001,adam,4648,274.151171207428,4.847680964998733e-05,0.0,0.01930180520024735,6.777861576702124e-05,,,,
4648,0.001,adam,4649,274.195326089859,4.468891063268725e-05,0.0,0.022017508478111257,6.670642015657404e-05,,,,
4649,0.001,adam,4650,274.26044821739197,4.3867958865813286e-05,0.0,0.02013495215871965,6.400291198089185e-05,,,,
4650,0.001,adam,4651,274.30206847190857,4.6105712038632205e-05,0.0,0.024134063558211502,7.023977674315022e-05,,,,
4651,0.001,adam,4652,274.3392639160156,4.8399704072856e-05,0.0,0.01696895884086355,6.536866371970185e-05,,,,
4652,0.001,adam,4653,274.39010524749756,4.950383960481001e-05,0.0,0.019526198300948906,6.903003883320357e-05,,,,
4653,0.001,adam,4654,274.4361979961395,4.7761459753011526e-05,0.0,0.020001743280918638,6.776320398396199e-05,,,,
4654,0.001,adam,4655,274.4856986999512,4.676875884251444e-05,0.0,0.019657029077054664,6.642578885322789e-05,,,,
4655,0.001,adam,4656,274.5246181488037,4.5252389083803966e-05,0.0,0.0285503920489737,7.380278248884852e-05,,,,
4656,0.001,adam,4657,274.5810992717743,4.513418913131264e-05,0.0,0.02127875950106705,6.641294964306654e-05,,,,
4657,0.001,adam,4658,274.6185972690582,4.607207461560676e-05,0.0,0.024784582409514838,7.085665820232609e-05,,,,
4658,0.001,adam,4659,274.66975831985474,4.654428948672917e-05,0.0,0.018216463781662612,6.476075413362738e-05,,,,
4659,0.001,adam,4660,274.7180826663971,4.629686983736815e-05,0.0,0.022964674724725128,6.926154565285679e-05,0.00041597539231079443,0.0,0.020630484698320767,0.00043660587798901066
4660,0.001,adam,4661,274.805055141449,4.564387646635663e-05,0.0,0.021266728723363416,6.691060619983545e-05,,,,
4661,0.001,adam,4662,274.8496768474579,4.7176719169822615e-05,0.0,0.020389539017889063,6.756625915616281e-05,,,,
4662,0.001,adam,4663,274.8988573551178,4.616800311984568e-05,0.0,0.01906502397611418,6.52330280014999e-05,,,,
4663,0.001,adam,4664,274.9431827068329,4.564274458143287e-05,0.0,0.025897441067184494,7.15401868786798e-05,,,,
4664,0.001,adam,4665,274.99130630493164,4.531396754087333e-05,0.0,0.021728056144815378,6.7042024717716e-05,,,,
4665,0.001,adam,4666,275.0352749824524,4.521712722994321e-05,0.0,0.024625470031284444,6.984259843087472e-05,,,,
4666,0.001,adam,4667,275.085910320282,4.4417525089724385e-05,0.0,0.026503787778306177,7.092131412689293e-05,,,,
4667,0.001,adam,4668,275.13460326194763,4.547230656092773e-05,0.0,0.021011742344519573,6.648404990345151e-05,,,,
4668,0.001,adam,4669,275.1886959075928,4.6519090821925955e-05,0.0,0.022352347200212806,6.887143908381828e-05,,,,
4669,0.001,adam,4670,275.2356553077698,4.4965991720524014e-05,0.0,0.01904215540197495,6.400814802695281e-05,,,,
4670,0.001,adam,4671,275.27300786972046,4.44328123276161e-05,0.0,0.025762850805101288,7.019566435638714e-05,,,,
4671,0.001,adam,4672,275.31785249710083,4.4109685182376515e-05,0.0,0.028560965161935493,7.267065170088506e-05,,,,
4672,0.001,adam,4673,275.36944460868835,4.4632074497988964e-05,0.0,0.017180912011620104,6.18129873256586e-05,,,,
4673,0.001,adam,4674,275.4076437950134,4.4390530844186906e-05,0.0,0.02244744382662947,6.683797573701275e-05,,,,
4674,0.001,adam,4675,275.4690225124359,4.479814147502333e-05,0.0,0.020074411729512763,6.487255415801948e-05,,,,
4675,0.001,adam,4676,275.5117802619934,4.4932612697628983e-05,0.0,0.023459820285562823,6.839243409747348e-05,,,,
4676,0.001,adam,4677,275.5509352684021,4.518985974752682e-05,0.0,0.018809285497093743,6.399914613801369e-05,,,,
4677,0.001,adam,4678,275.5971863269806,4.6188047500479514e-05,0.0,0.025432170949333484,7.16202196577763e-05,,,,
4678,0.001,adam,4679,275.65765953063965,4.893629161636396e-05,0.0,0.02228789693433411,7.122418960931636e-05,,,,
4679,0.001,adam,4680,275.7019956111908,5.155987648611677e-05,0.0,0.021546628821659083,7.31065063311858e-05,0.0004117092301720389,0.0,0.02064731886600242,0.00043235655001873635
4680,0.001,adam,4681,275.79078793525696,5.6080013277232285e-05,0.0,0.021593378015736124,7.767339231859883e-05,,,,
4681,0.001,adam,4682,275.8349962234497,6.199148194321365e-05,0.0,0.01817205383169274,8.016353663803263e-05,,,,
4682,0.001,adam,4683,275.88330483436584,7.083607452247363e-05,0.0,0.02561284319563901,9.644891893465741e-05,,,,
4683,0.001,adam,4684,275.9280753135681,8.114989844651738e-05,0.0,0.026927088236865588,0.00010807698796235103,,,,
4684,0.001,adam,4685,275.96450304985046,0.00010141519644037795,0.0,0.02313753502477913,0.00012455273256413102,,,,
4685,0.001,adam,4686,276.01778292655945,0.00013051090652415858,0.0,0.02111359823611226,0.00015162450576311295,,,,
4686,0.001,adam,4687,276.0576226711273,0.0001652602215175757,0.0,0.023275275957903567,0.00018853549858099556,,,,
4687,0.001,adam,4688,276.0980613231659,0.000215070398961778,0.0,0.023938051242283487,0.0002390084513410579,,,,
4688,0.001,adam,4689,276.14276099205017,0.00024352226258701428,0.0,0.021300371857179735,0.0002648226354559074,,,,
4689,0.001,adam,4690,276.19607734680176,0.00027083111440068155,0.0,0.02868440732840662,0.0002995155230915244,,,,
4690,0.001,adam,4691,276.23626160621643,0.00023497051438451307,0.0,0.019929762825395835,0.00025490027815652187,,,,
4691,0.001,adam,4692,276.2741765975952,0.00019259566623945864,0.0,0.02369947650954931,0.00021629514387467268,,,,
4692,0.001,adam,4693,276.334032535553,0.00011757187744812268,0.0,0.024021106756544654,0.0001415929853456087,,,,
4693,0.001,adam,4694,276.37922525405884,6.952201844707334e-05,0.0,0.02268329602567553,9.220531555014762e-05,,,,
4694,0.001,adam,4695,276.4268915653229,4.915480890329053e-05,0.0,0.021017546540907178,7.01723564424776e-05,,,,
4695,0.001,adam,4696,276.48215508461,6.266937835219709e-05,0.0,0.02266556464970098,8.533494407845462e-05,,,,
4696,0.001,adam,4697,276.5241379737854,9.437570291198704e-05,0.0,0.025098571688334133,0.00011947427579243937,,,,
4697,0.001,adam,4698,276.5733551979065,0.00012161325883115328,0.0,0.01565252166900169,0.00013726578124360986,,,,
4698,0.001,adam,4699,276.6163251399994,0.00012641832126760694,0.0,0.0244556499543667,0.0001508739723835547,,,,
4699,0.001,adam,4700,276.65865421295166,9.532400167291133e-05,0.0,0.02253617922949336,0.00011786018197281576,0.00044081467075458695,0.0,0.021113632639231262,0.00046192830439666197
4700,0.001,adam,4701,276.73934531211853,5.919920600653324e-05,0.0,0.024166620079633418,8.336582723401951e-05,,,,
4701,0.001,adam,4702,276.8024547100067,4.530457294985755e-05,0.0,0.017881446119544092,6.318601991872477e-05,,,,
4702,0.001,adam,4703,276.8478276729584,5.454195284743388e-05,0.0,0.020391450251153374,7.493340406712917e-05,,,,
4703,0.001,adam,4704,276.8921477794647,7.265675280209694e-05,0.0,0.055216657970321645,0.0001278734133950691,,,,
4704,0.001,adam,4705,276.9378581047058,8.43898712579942e-05,0.0,0.028017886596318663,0.00011240775918509106,,,,
4705,0.001,adam,4706,276.983464717865,8.077824603367591e-05,0.0,0.027085034760863085,0.00010786328208100911,,,,
4706,0.001,adam,4707,277.01804876327515,6.527765174808632e-05,0.0,0.023232578793209734,8.851023164478433e-05,,,,
4707,0.001,adam,4708,277.0588116645813,4.894626719613052e-05,0.0,0.02280184232365933,7.174811060281925e-05,,,,
4708,0.001,adam,4709,277.09427762031555,4.820292345892693e-05,0.0,0.019623504790003708,6.782642918099711e-05,,,,
4709,0.001,adam,4710,277.14724564552307,5.3293789201413475e-05,0.0,0.01963128225579252,7.292507238964187e-05,,,,
4710,0.001,adam,4711,277.1905074119568,5.6835135988900486e-05,0.0,0.023965395115651194,8.080053224284687e-05,,,,
4711,0.001,adam,4712,277.2453694343567,5.8260847904250814e-05,0.0,0.020864392403018385,7.912524129827467e-05,,,,
4712,0.001,adam,4713,277.29123997688293,5.2697087262153755e-05,0.0,0.026136188082115284,7.883327658567135e-05,,,,
4713,0.001,adam,4714,277.33042883872986,4.8710702699069905e-05,0.0,0.02291177291949959,7.162247670682031e-05,,,,
4714,0.001,adam,4715,277.37994360923767,4.533893450607105e-05,0.0,0.019745530675081967,6.50844661190154e-05,,,,
4715,0.001,adam,4716,277.4272277355194,4.5396119816705084e-05,0.0,0.02202712271065813,6.74232435735954e-05,,,,
4716,0.001,adam,4717,277.47095823287964,4.7981720168282146e-05,0.0,0.02006069060877729,6.804241172989112e-05,,,,
4717,0.001,adam,4718,277.5150671005249,4.926353773157962e-05,0.0,0.02682764364900425,7.609118265482857e-05,,,,
4718,0.001,adam,4719,277.5613832473755,4.8865226571731477e-05,0.0,0.020135895024789893,6.900112255292507e-05,,,,
4719,0.001,adam,4720,277.594922542572,4.598596564721483e-05,0.0,0.01809483906924068,6.408080557591425e-05,0.00041158935396950157,0.0,0.02047452409042426,0.00043206387903241354
4720,0.001,adam,4721,277.65883350372314,4.4007101586670825e-05,0.0,0.02357028018031181,6.757738288651087e-05,,,,
4721,0.001,adam,4722,277.71196150779724,4.35268291913667e-05,0.0,0.0172117941351263,6.073862414400936e-05,,,,
4722,0.001,adam,4723,277.7475872039795,4.4308812741305595e-05,0.0,0.017585872949129465,6.189468652571921e-05,,,,
4723,0.001,adam,4724,277.80539178848267,4.555984909800252e-05,0.0,0.3128494952441698,0.00035840935920172594,,,,
4724,0.001,adam,4725,277.83813214302063,4.522212898293956e-05,0.0,0.0270708546305942,7.229298489933036e-05,,,,
4725,0.001,adam,4726,277.8863890171051,4.5504249757815487e-05,0.0,0.02051726112325077,6.602151185558386e-05,,,,
4726,0.001,adam,4727,277.92902874946594,4.406018306024309e-05,0.0,0.02392961690801424,6.798980110485315e-05,,,,
4727,0.001,adam,4728,277.9875361919403,4.350231506799932e-05,0.0,0.02332220632120214,6.682452249694681e-05,,,,
4728,0.001,adam,4729,278.04728507995605,4.344276870168721e-05,0.0,0.024923779871547362,6.83665497570506e-05,,,,
4729,0.001,adam,4730,278.08286905288696,4.3940367072313215e-05,0.0,0.019024241471230146,6.296460944714634e-05,,,,
4730,0.001,adam,4731,278.1458194255829,4.5443768417479615e-05,0.0,0.02059642564525125,6.604019504100858e-05,,,,
4731,0.001,adam,4732,278.1876554489136,4.549040437360481e-05,0.0,0.023295910428994947,6.878631590909613e-05,,,,
4732,0.001,adam,4733,278.2323865890503,4.606485438860668e-05,0.0,0.022494912923400924,6.855976838045864e-05,,,,
4733,0.001,adam,4734,278.287193775177,4.4556607543807314e-05,0.0,0.02405010090712027,6.860670959324609e-05,,,,
4734,0.001,adam,4735,278.3238501548767,4.470328317014097e-05,0.0,0.020545159622561107,6.524844376854479e-05,,,,
4735,0.001,adam,4736,278.37283849716187,4.3629611077928674e-05,0.0,0.023057948365277536,6.668756053839999e-05,,,,
4736,0.001,adam,4737,278.41283106803894,4.267329857472709e-05,0.0,0.022536681198666402,6.52099808438284e-05,,,,
4737,0.001,adam,4738,278.4640305042267,4.21777934676691e-05,0.0,0.019785308557533708,6.196310296495453e-05,,,,
4738,0.001,adam,4739,278.5193862915039,4.268928338532921e-05,0.0,0.02322473527744165,6.591401976588659e-05,,,,
4739,0.001,adam,4740,278.55104184150696,4.3571404584186886e-05,0.0,0.02218095763865569,6.575236327638153e-05,0.00041364460494534985,0.0,0.02043187011391946,0.0004340764760297311
4740,0.001,adam,4741,278.6196799278259,4.361600218176663e-05,0.0,0.022732198167108725,6.634820142859683e-05,,,,
4741,0.001,adam,4742,278.65955686569214,4.4214767763162535e-05,0.0,0.022999521008512103,6.721428986409327e-05,,,,
4742,0.001,adam,4743,278.7150409221649,4.393928328253485e-05,0.0,0.024451093585086,6.839037802898548e-05,,,,
4743,0.001,adam,4744,278.76500821113586,4.459230734436323e-05,0.0,0.01936887101929154,6.396117928362678e-05,,,,
4744,0.001,adam,4745,278.8100335597992,4.501396478121159e-05,0.0,0.022975258928715984,6.798922480119382e-05,,,,
4745,0.001,adam,4746,278.85093665122986,4.731388426558041e-05,0.0,0.019948620663839074,6.726250587692812e-05,,,,
4746,0.001,adam,4747,278.90039467811584,4.7788471563477154e-05,0.0,0.023736313553073766,7.152478624396532e-05,,,,
4747,0.001,adam,4748,278.94728803634644,4.770561142024851e-05,0.0,0.025697223296566346,7.340283593736746e-05,,,,
4748,0.001,adam,4749,278.9974808692932,4.927458770352297e-05,0.0,0.023559042691825908,7.283363151434335e-05,,,,
4749,0.001,adam,4750,279.0503785610199,5.03502771882646e-05,0.0,0.024677305352011795,7.50275837123855e-05,,,,
4750,0.001,adam,4751,279.10225319862366,5.177100942467234e-05,0.0,0.02105261416979552,7.282362459441337e-05,,,,
4751,0.001,adam,4752,279.1551022529602,5.3824658479414765e-05,0.0,0.01957321408352921,7.339787349262176e-05,,,,
4752,0.001,adam,4753,279.2159376144409,5.926846567812132e-05,0.0,0.018025127746777225,7.729359428104617e-05,,,,
4753,0.001,adam,4754,279.26969170570374,6.884441004468676e-05,0.0,0.023987722212179784,9.28321333962222e-05,,,,
4754,0.001,adam,4755,279.31362867355347,8.157818724737013e-05,0.0,0.021824575679377525,0.00010340276396335937,,,,
4755,0.001,adam,4756,279.3589241504669,9.957274106664867e-05,0.0,0.02100679233378471,0.00012057953439820247,,,,
4756,0.001,adam,4757,279.3927981853485,0.0001228647253904333,0.0,0.019502706379697303,0.00014236743269645946,,,,
4757,0.001,adam,4758,279.44680428504944,0.00016154566110055456,0.0,0.021802069376080015,0.0001833477315121773,,,,
4758,0.001,adam,4759,279.49842047691345,0.00021315116382754332,0.0,0.020956874786737238,0.0002341080396096787,,,,
4759,0.001,adam,4760,279.54484033584595,0.0002873625748123271,0.0,0.0213105450590839,0.00030867312088360757,0.0007451177646156939,0.0,0.023647828653714405,0.0007687655943926199
4760,0.001,adam,4761,279.6152584552765,0.00035702397395395025,0.0,0.02025510902874154,0.00037727908394475783,,,,
4761,0.001,adam,4762,279.6597418785095,0.00040132000207741727,0.0,0.021718190724561194,0.00042303819383353715,,,,
4762,0.001,adam,4763,279.7111699581146,0.0003581904572901145,0.0,0.01942576587470245,0.00037761622408749134,,,,
4763,0.001,adam,4764,279.7600507736206,0.0002496678545862551,0.0,0.021212999798807215,0.00027088085539262575,,,,
4764,0.001,adam,4765,279.8021664619446,0.00012092426110923449,0.0,0.021012080669302706,0.00014193634277655747,,,,
4765,0.001,adam,4766,279.8569712638855,6.335118003207823e-05,0.0,0.024148379239105306,8.749956041817001e-05,,,,
4766,0.001,adam,4767,279.8945953845978,8.807623271804832e-05,0.0,0.024567937031684174,0.0001126441709166469,,,,
4767,0.001,adam,4768,279.943745136261,0.00014025071779311625,0.0,0.0277273329602421,0.000167978052070336,,,,
4768,0.001,adam,4769,279.9908711910248,0.0001503112216585575,0.0,0.02236170658381196,0.00017267292930449354,,,,
4769,0.001,adam,4770,280.03739190101624,0.00010915096316898181,0.0,0.020260182343083202,0.00012941114647437203,,,,
4770,0.001,adam,4771,280.09348011016846,7.352606542280372e-05,0.0,0.02609115812163338,9.961722478370061e-05,,,,
4771,0.001,adam,4772,280.14948749542236,7.479939335915204e-05,0.0,0.030519397764572843,0.0001053187925733185,,,,
4772,0.001,adam,4773,280.21513390541077,9.42404141782979e-05,0.0,0.03099340981297396,0.00012523382546337985,,,,
4773,0.001,adam,4774,280.25746178627014,9.055831030817924e-05,0.0,0.027523556947839,0.00011808186856331705,,,,
4774,0.001,adam,4775,280.2972764968872,7.120127462561438e-05,0.0,0.02606971898018797,9.727099484404755e-05,,,,
4775,0.001,adam,4776,280.35390424728394,6.81314548920598e-05,0.0,0.025714103617439487,9.384555973085367e-05,,,,
4776,0.001,adam,4777,280.4004559516907,8.105411357708323e-05,0.0,0.028803042683063617,0.00010985715762821796,,,,
4777,0.001,adam,4778,280.4382288455963,8.548086817357742e-05,0.0,0.022642432059004743,0.00010812330130803998,,,,
4778,0.001,adam,4779,280.480370759964,6.182823507047936e-05,0.0,0.020466079218793294,8.229431526135926e-05,,,,
4779,0.001,adam,4780,280.53908038139343,4.8218309455751956e-05,0.0,0.02228010945726566,7.049841997126603e-05,0.0004460796635611866,0.0,0.022722303191915618,0.00046880196783235373
4780,0.001,adam,4781,280.6161575317383,5.9453317868136355e-05,0.0,0.02305342223830977,8.250674120142493e-05,,,,
4781,0.001,adam,4782,280.6611740589142,7.340779685049173e-05,0.0,0.032675298935160094,0.00010608309733764525,,,,
4782,0.001,adam,4783,280.70894622802734,6.827582391039726e-05,0.0,0.023471008002984094,9.174683302819441e-05,,,,
4783,0.001,adam,4784,280.7494869232178,4.9789598526745636e-05,0.0,0.022426129558341668,7.22157291502713e-05,,,,
4784,0.001,adam,4785,280.79179978370667,4.396332589728905e-05,0.0,0.023489975730225567,6.74533027432286e-05,,,,
4785,0.001,adam,4786,280.8423767089844,5.576609798740114e-05,0.0,0.03166252475319216,8.742862424448253e-05,,,,
4786,0.001,adam,4787,280.88473105430603,6.0852438363546654e-05,0.0,0.02554839668022879,8.640083625725917e-05,,,,
4787,0.001,adam,4788,280.93220114707947,5.4352798807727685e-05,0.0,0.02614831826688204,8.05011183165882e-05,,,,
4788,0.001,adam,4789,280.9745488166809,4.398072438057195e-05,0.0,0.02421488673056931,6.819561226128667e-05,,,,
4789,0.001,adam,4790,281.0104978084564,4.55387555538212e-05,0.0,0.02356133010202744,6.910008677495177e-05,,,,
4790,0.001,adam,4791,281.0692856311798,5.347651322100475e-05,0.0,0.02357142502906254,7.70479393696499e-05,,,,
4791,0.001,adam,4792,281.11489152908325,5.554251967191957e-05,0.0,0.02542010067993387,8.096262155924343e-05,,,,
4792,0.001,adam,4793,281.1489808559418,4.9711462059670255e-05,0.0,0.021129566706185966,7.084102976945679e-05,,,,
4793,0.001,adam,4794,281.20135045051575,4.517279850396628e-05,0.0,0.0437392869605041,8.891208754197503e-05,,,,
4794,0.001,adam,4795,281.2393865585327,4.608583318232055e-05,0.0,0.05215882452140415,9.824466018113593e-05,,,,
4795,0.001,adam,4796,281.2898850440979,4.704764164989825e-05,0.0,0.021882435013795033,6.893007770305317e-05,,,,
4796,0.001,adam,4797,281.34262919425964,4.717245682498611e-05,0.0,0.019596654690493615,6.676911244627088e-05,,,,
4797,0.001,adam,4798,281.38786363601685,4.5270011308072045e-05,0.0,0.018469964684306794,6.37399768696551e-05,,,,
4798,0.001,adam,4799,281.4284665584564,4.418009315456159e-05,0.0,0.02885056176303085,7.30306562879206e-05,,,,
4799,0.001,adam,4800,281.47989773750305,4.6484849980273805e-05,0.0,0.02241000796718476,6.889485901187683e-05,0.00042512396455433594,0.0,0.020121055246128013,0.0004452450207561628
4800,0.001,adam,4801,281.5670487880707,4.73401549752908e-05,0.0,0.0251175195849625,7.245767575327146e-05,,,,
4801,0.001,adam,4802,281.6047763824463,4.520934826471634e-05,0.0,0.02197649796088467,6.718584726942865e-05,,,,
4802,0.001,adam,4803,281.6579077243805,4.3501838022824836e-05,0.0,0.024190989614413412,6.76928287862486e-05,,,,
4803,0.001,adam,4804,281.7038748264313,4.347614470160144e-05,0.0,0.02485879779932796,6.833494368165894e-05,,,,
4804,0.001,adam,4805,281.7576656341553,4.480747197251288e-05,0.0,0.02705185798043592,7.185933123784311e-05,,,,
4805,0.001,adam,4806,281.79854798316956,4.6279962023820376e-05,0.0,0.020542214065129915,6.68221770646531e-05,,,,
4806,0.001,adam,4807,281.84945344924927,4.5510667644035465e-05,0.0,0.022996188786449177,6.8506857522745e-05,,,,
4807,0.001,adam,4808,281.91201519966125,4.268894623813994e-05,0.0,0.020280198255542805,6.296914545694048e-05,,,,
4808,0.001,adam,4809,281.95697474479675,4.317575541036316e-05,0.0,0.023612237959214633,6.678799449109891e-05,,,,
4809,0.001,adam,4810,281.99758195877075,4.5107506603900574e-05,0.0,0.020882929871930807,6.599043746771732e-05,,,,
4810,0.001,adam,4811,282.0528929233551,4.552653434130186e-05,0.0,0.01933548308371988,6.48620183434079e-05,,,,
4811,0.001,adam,4812,282.0985321998596,4.4343917940565714e-05,0.0,0.021429988920357072,6.577390787879263e-05,,,,
4812,0.001,adam,4813,282.14566826820374,4.345730244783108e-05,0.0,0.022507107379163678,6.5964410896025e-05,,,,
4813,0.001,adam,4814,282.1910445690155,4.29604780685876e-05,0.0,0.017112009669750315,6.007248855111476e-05,,,,
4814,0.001,adam,4815,282.2267987728119,4.408417508673822e-05,0.0,0.021397845873831135,6.54820219769125e-05,,,,
4815,0.001,adam,4816,282.283771276474,4.551965209598947e-05,0.0,0.021500350750393606,6.702000386759494e-05,,,,
4816,0.001,adam,4817,282.3315918445587,4.5909169644804013e-05,0.0,0.01982625734550611,6.573542793200681e-05,,,,
4817,0.001,adam,4818,282.3778817653656,4.377834186132116e-05,0.0,0.018798579371485786,6.257692212569155e-05,,,,
4818,0.001,adam,4819,282.42066049575806,4.3295728820423674e-05,0.0,0.030639082775144665,7.393481305084667e-05,,,,
4819,0.001,adam,4820,282.4578113555908,4.3517453763118683e-05,0.0,0.0233581904265179,6.68756452990911e-05,0.0004178065467012747,0.0,0.019933302550198387,0.00043773985019825417
4820,0.001,adam,4821,282.5386793613434,4.4787033123244006e-05,0.0,0.021703187750312797,6.64902219044029e-05,,,,
4821,0.001,adam,4822,282.590136051178,4.422808044908729e-05,0.0,0.020331748287611077,6.455982970240459e-05,,,,
4822,0.001,adam,4823,282.64051151275635,4.382668955192629e-05,0.0,0.02292031650366415,6.674700714424706e-05,,,,
4823,0.001,adam,4824,282.6934742927551,4.280136988089858e-05,0.0,0.0225107406836217,6.531211163372309e-05,,,,
4824,0.001,adam,4825,282.74501180648804,4.278312592372022e-05,0.0,0.01913808184192837,6.192120867465871e-05,,,,
4825,0.001,adam,4826,282.78140592575073,4.249242352182119e-05,0.0,0.027471024251706323,6.996344907833114e-05,,,,
4826,0.001,adam,4827,282.83315086364746,4.27250923266466e-05,0.0,0.020001833844496032,6.272692712117876e-05,,,,
4827,0.001,adam,4828,282.87684893608093,4.3122480511090313e-05,0.0,0.020012819985953917,6.313530144760218e-05,,,,
4828,0.001,adam,4829,282.92745327949524,4.27984420314103e-05,0.0,0.01953571340004453,6.233415635935143e-05,,,,
4829,0.001,adam,4830,282.97447633743286,4.225918582815206e-05,0.0,0.023070403492275085,6.532959041621251e-05,,,,
4830,0.001,adam,4831,283.01441860198975,4.239392549994343e-05,0.0,0.02012925315517767,6.252317961120933e-05,,,,
4831,0.001,adam,4832,283.0662796497345,4.296395770246329e-05,0.0,0.023621503399186276,6.658546222361077e-05,,,,
4832,0.001,adam,4833,283.1119635105133,4.2603724883874475e-05,0.0,0.03834209084110806,8.094581754613414e-05,,,,
4833,0.001,adam,4834,283.1592779159546,4.389733939642828e-05,0.0,0.02523585773417436,6.913319832924157e-05,,,,
4834,0.001,adam,4835,283.20207691192627,4.47169628070081e-05,0.0,0.01934404269881947,6.40610064246203e-05,,,,
4835,0.001,adam,4836,283.24884128570557,4.488729348437722e-05,0.0,0.025935009451705886,7.082230416792996e-05,,,,
4836,0.001,adam,4837,283.28530049324036,4.475274452812149e-05,0.0,0.02143420525876032,6.618695080495192e-05,,,,
4837,0.001,adam,4838,283.34491753578186,4.469898108546735e-05,0.0,0.01865952200307282,6.335850397481991e-05,,,,
4838,0.001,adam,4839,283.3897476196289,4.340674214797084e-05,0.0,0.026143514973458227,6.95502583631794e-05,,,,
4839,0.001,adam,4840,283.43687176704407,4.341501853317924e-05,0.0,0.01768661888148564,6.11016382547342e-05,0.00041606918248617263,0.0,0.019915609493618727,0.00043598479292573206
4840,0.001,adam,4841,283.5176417827606,4.373473160678122e-05,0.0,0.028361728706787503,7.209646166067855e-05,,,,
4841,0.001,adam,4842,283.5558180809021,4.399388555035402e-05,0.0,0.017632832985864967,6.16267193737336e-05,,,,
4842,0.001,adam,4843,283.6008656024933,4.283514893803855e-05,0.0,0.020590181521598992,6.342533143761868e-05,,,,
4843,0.001,adam,4844,283.6608738899231,4.299948692576909e-05,0.0,0.02217043538974948,6.516992336855775e-05,,,,
4844,0.001,adam,4845,283.7057509422302,4.427339816577815e-05,0.0,0.020283617417342227,6.45570165465405e-05,,,,
4845,0.001,adam,4846,283.7678165435791,4.681857335778033e-05,0.0,0.01748861428680972,6.430718847525466e-05,,,,
4846,0.001,adam,4847,283.8131687641144,4.753460350518807e-05,0.0,0.018554960640435537,6.608956502693694e-05,,,,
4847,0.001,adam,4848,283.8478116989136,4.90340624858731e-05,0.0,0.018276186671976523,6.731025002592191e-05,,,,
4848,0.001,adam,4849,283.9102792739868,5.019162460446589e-05,0.0,0.021908152176180896,7.209977782122818e-05,,,,
4849,0.001,adam,4850,283.9532542228699,5.587652059544137e-05,0.0,0.02203690868766637,7.791343032980473e-05,,,,
4850,0.001,adam,4851,283.9894742965698,6.399313420204745e-05,0.0,0.021867159123755767,8.586029436443754e-05,,,,
4851,0.001,adam,4852,284.03621768951416,7.898138456677863e-05,0.0,0.02019918562787735,9.918057115406581e-05,,,,
4852,0.001,adam,4853,284.086473941803,9.815622062117235e-05,0.0,0.02250512752135131,0.00012066134921145985,,,,
4853,0.001,adam,4854,284.13908100128174,0.00012842765532189242,0.0,0.019771058860051212,0.00014819871512101855,,,,
4854,0.001,adam,4855,284.1854741573334,0.00017630842715020943,0.0,0.023446711656651527,0.00019975513992052,,,,
4855,0.001,adam,4856,284.2286458015442,0.00022490777083679952,0.0,0.021434261179534085,0.0002463420330344064,,,,
4856,0.001,adam,4857,284.28157019615173,0.00028960751452477147,0.0,0.027510252839523207,0.0003171177686709616,,,,
4857,0.001,adam,4858,284.3269467353821,0.0003015074512373718,0.0,0.02157499156473641,0.0003230824438268653,,,,
4858,0.001,adam,4859,284.3783645629883,0.00030594932499541184,0.0,0.022978904851688693,0.00032892823093853997,,,,
4859,0.001,adam,4860,284.43577814102173,0.0002103496990657211,0.0,0.022652640807122797,0.00023300234094878662,0.0004998811476450715,0.0,0.021674165808114647,0.0005215553144826538
4860,0.001,adam,4861,284.50994181632996,0.00011617447297866977,0.0,0.019969462037239226,0.00013614393596440754,,,,
4861,0.001,adam,4862,284.54603362083435,5.1174528319299674e-05,0.0,0.019181135148695506,7.035566437905021e-05,,,,
4862,0.001,adam,4863,284.5940480232239,5.3685795100067544e-05,0.0,0.02225731366510894,7.594310982234215e-05,,,,
4863,0.001,adam,4864,284.64568281173706,0.00010335201468662972,0.0,0.022215406352257154,0.00012556742209406205,,,,
4864,0.001,adam,4865,284.68336510658264,0.00015959249422897438,0.0,0.018476622254343218,0.00017806911736091007,,,,
4865,0.001,adam,4866,284.7229573726654,0.00018004638074685172,0.0,0.02901495400383298,0.00020906133612882106,,,,
4866,0.001,adam,4867,284.7711007595062,0.00013785926912966674,0.0,0.02171526257421324,0.00015957453273529961,,,,
4867,0.001,adam,4868,284.823344707489,7.918985673208647e-05,0.0,0.02541401055856509,0.00010460386849775229,,,,
4868,0.001,adam,4869,284.87340354919434,4.669168906645452e-05,0.0,0.021300022211213965,6.799171228936526e-05,,,,
4869,0.001,adam,4870,284.91416931152344,5.9894874446141364e-05,0.0,0.020892098585197954,8.078697402366075e-05,,,,
4870,0.001,adam,4871,284.9592740535736,9.416665624668619e-05,0.0,0.024937552444727628,0.000119104209875884,,,,
4871,0.001,adam,4872,285.0044615268707,0.00010967211123879732,0.0,0.022518911895281303,0.00013219102420366954,,,,
4872,0.001,adam,4873,285.0538578033447,9.134194806619721e-05,0.0,0.026399623502627034,0.00011774157282273907,,,,
4873,0.001,adam,4874,285.0956597328186,5.9902866484507487e-05,0.0,0.017950307147833747,7.785317448493507e-05,,,,
4874,0.001,adam,4875,285.1318430900574,4.263252074916183e-05,0.0,0.026629935377161018,6.926245739117691e-05,,,,
4875,0.001,adam,4876,285.1959023475647,5.433243024974286e-05,0.0,0.01968211914717207,7.401455033176543e-05,,,,
4876,0.001,adam,4877,285.2388815879822,7.325244952095523e-05,0.0,0.018513517051571803,9.176596745187191e-05,,,,
4877,0.001,adam,4878,285.28540539741516,7.651906241389384e-05,0.0,0.01937594120455421,9.589500453875588e-05,,,,
4878,0.001,adam,4879,285.32863306999207,6.20176232894133e-05,0.0,0.024269573001551047,8.628719744370721e-05,,,,
4879,0.001,adam,4880,285.37586641311646,4.593282705069841e-05,0.0,0.01876937000628622,6.470219794848186e-05,0.0004244518226903115,0.0,0.02019382230264082,0.0004446456459521074
4880,0.001,adam,4881,285.454133272171,4.529052100659915e-05,0.0,0.01612772030881706,6.141824208144182e-05,,,,
4881,0.001,adam,4882,285.5166275501251,5.603928605343842e-05,0.0,0.019456846746701072,7.549613372429012e-05,,,,
4882,0.001,adam,4883,285.5599250793457,6.284458186931232e-05,0.0,0.024098572626977455,8.694315564091056e-05,,,,
4883,0.001,adam,4884,285.607049703598,5.9732355817503455e-05,0.0,0.016554677001024136,7.628703360483256e-05,,,,
4884,0.001,adam,4885,285.6460235118866,4.886011428134631e-05,0.0,0.02305889525433479,7.191901063091985e-05,,,,
4885,0.001,adam,4886,285.69241547584534,4.348446018990799e-05,0.0,0.018695173641196376,6.217963471907747e-05,,,,
4886,0.001,adam,4887,285.7342314720154,4.7543849673807755e-05,0.0,0.01941574639295854,6.695959698896477e-05,,,,
4887,0.001,adam,4888,285.77140712738037,5.39149533066811e-05,0.0,0.025819262048718133,7.973421658174838e-05,,,,
4888,0.001,adam,4889,285.81882214546204,5.8319343206186224e-05,0.0,0.02012830673596036,7.844765089818986e-05,,,,
4889,0.001,adam,4890,285.8774209022522,5.2854893272930125e-05,0.0,0.02968246614039973,8.253736082317135e-05,,,,
4890,0.001,adam,4891,285.92420077323914,4.668650999787826e-05,0.0,0.4130698581255897,0.00045975638774323343,,,,
4891,0.001,adam,4892,285.96957063674927,4.4531904316554844e-05,0.0,0.02172863972063393,6.626054506924379e-05,,,,
4892,0.001,adam,4893,286.01292395591736,4.818316113240171e-05,0.0,0.019162349968667496,6.734551201123198e-05,,,,
4893,0.001,adam,4894,286.0636866092682,5.2371805032527074e-05,0.0,0.01852688972656126,7.089869563906837e-05,,,,
4894,0.001,adam,4895,286.1052334308624,5.164617795548743e-05,0.0,0.02183112330365079,7.347730229606093e-05,,,,
4895,0.001,adam,4896,286.15259981155396,4.901179780159553e-05,0.0,0.02216044973086117,7.117224858502157e-05,,,,
4896,0.001,adam,4897,286.1989903450012,4.292739944242433e-05,0.0,0.01957573530188327,6.250313567410514e-05,,,,
4897,0.001,adam,4898,286.2359116077423,4.2046915078611725e-05,0.0,0.0181648436562313,6.02117595976268e-05,,,,
4898,0.001,adam,4899,286.28550958633423,4.5491749012091e-05,0.0,0.01942439911237153,6.491614904707198e-05,,,,
4899,0.001,adam,4900,286.3385636806488,4.7263384081917466e-05,0.0,0.01968055164488101,6.694393666157453e-05,0.0004124598369613093,0.0,0.019242888740344584,0.00043170272661564207
4900,0.001,adam,4901,286.4308295249939,4.814327386408758e-05,0.0,0.024444709483383956,7.258798450853293e-05,,,,
4901,0.001,adam,4902,286.4825611114502,4.5017059495751864e-05,0.0,0.02060428001639832,6.562134049080097e-05,,,,
4902,0.001,adam,4903,286.5411858558655,4.28111379366486e-05,0.0,0.018383589019584833,6.119472782940705e-05,,,,
4903,0.001,adam,4904,286.5902850627899,4.1977650199940846e-05,0.0,0.024548012360713585,6.652566372662245e-05,,,,
4904,0.001,adam,4905,286.646986246109,4.273463410765923e-05,0.0,0.02474903410111502,6.748366938429028e-05,,,,
4905,0.001,adam,4906,286.69339084625244,4.463229610444069e-05,0.0,0.021728885553665013,6.63611826901724e-05,,,,
4906,0.001,adam,4907,286.7389600276947,4.4604843780185264e-05,0.0,0.020313610782568405,6.491845552759841e-05,,,,
4907,0.001,adam,4908,286.78480219841003,4.468397382801357e-05,0.0,0.021426030399110663,6.611000524480607e-05,,,,
4908,0.001,adam,4909,286.83604526519775,4.319994395401045e-05,0.0,0.016055501950850877,5.9255446667456746e-05,,,,
4909,0.001,adam,4910,286.87445974349976,4.203603979548747e-05,0.0,0.017549023673526988,5.958506430254836e-05,,,,
4910,0.001,adam,4911,286.91735339164734,4.1523129622473e-05,0.0,0.024471808270339634,6.599493905516115e-05,,,,
4911,0.001,adam,4912,286.96936106681824,4.211235151261057e-05,0.0,0.02362300772509679,6.573536035974002e-05,,,,
4912,0.001,adam,4913,287.00706672668457,4.4340284992232984e-05,0.0,0.017114382012633468,6.145466781775598e-05,,,,
4913,0.001,adam,4914,287.0613625049591,4.438419125671214e-05,0.0,0.018923866532831287,6.330805868837886e-05,,,,
4914,0.001,adam,4915,287.1056933403015,4.282059589010782e-05,0.0,0.022433678032556942,6.525427498820729e-05,,,,
4915,0.001,adam,4916,287.15640926361084,4.202228811617007e-05,0.0,0.020255412832734736,6.22777019109853e-05,,,,
4916,0.001,adam,4917,287.20405769348145,4.190762125697706e-05,0.0,0.022958955809701684,6.486657815717063e-05,,,,
4917,0.001,adam,4918,287.24785900115967,4.274638195759156e-05,0.0,0.01943849475492232,6.218487763579283e-05,,,,
4918,0.001,adam,4919,287.2905125617981,4.344583801493258e-05,0.0,0.02027366046770667,6.371949944558646e-05,,,,
4919,0.001,adam,4920,287.34161400794983,4.4786355688305125e-05,0.0,0.020259105307439445,6.504546195800044e-05,0.00041783776262099544,0.0,0.02042562314582083,0.0004382633867369813
4920,0.001,adam,4921,287.40876507759094,4.35524786402737e-05,0.0,0.02286164309073839,6.641412281688187e-05,,,,
4921,0.001,adam,4922,287.4480276107788,4.293706153415422e-05,0.0,0.019911751375549503,6.284881385546116e-05,,,,
4922,0.001,adam,4923,287.49407601356506,4.183310584300264e-05,0.0,0.019746647278460094,6.157975405937814e-05,,,,
4923,0.001,adam,4924,287.53984665870667,4.164431367013733e-05,0.0,0.015609932989912395,5.725424740148176e-05,,,,
4924,0.001,adam,4925,287.57046461105347,4.1879523381380665e-05,0.0,0.020371128918157472,6.225065326711484e-05,,,,
4925,0.001,adam,4926,287.6258177757263,4.207935165611936e-05,0.0,0.019832965441172076,6.191231803930675e-05,,,,
4926,0.001,adam,4927,287.6676971912384,4.370477763826385e-05,0.0,0.025021514541170235,6.872629336789225e-05,,,,
4927,0.001,adam,4928,287.7110240459442,4.386082746928415e-05,0.0,0.022875011358537013,6.67358399143259e-05,,,,
4928,0.001,adam,4929,287.756751537323,4.560336001126135e-05,0.0,0.020923020488037986,6.652638149308949e-05,,,,
4929,0.001,adam,4930,287.80299639701843,4.475058799453137e-05,0.0,0.02315728240255928,6.790787149700255e-05,,,,
4930,0.001,adam,4931,287.8601698875427,4.2424699248530496e-05,0.0,0.0198120695377135,6.223676972726681e-05,,,,
4931,0.001,adam,4932,287.90239238739014,4.1541516950414015e-05,0.0,0.027480825684059816,6.902234393974301e-05,,,,
4932,0.001,adam,4933,287.9389100074768,4.252726057870382e-05,0.0,0.02171459534531529,6.424185695540704e-05,,,,
4933,0.001,adam,4934,287.9974045753479,4.546658477427567e-05,0.0,0.020714549443415536,6.618113520157951e-05,,,,
4934,0.001,adam,4935,288.0476577281952,4.587141280294336e-05,0.0,0.03625173240270411,8.212314692751237e-05,,,,
4935,0.001,adam,4936,288.09158277511597,4.4653496875264506e-05,0.0,0.018993032564038302,6.364653034142344e-05,,,,
4936,0.001,adam,4937,288.1420028209686,4.124308369598291e-05,0.0,0.018266638066538648,5.950972263014031e-05,,,,
4937,0.001,adam,4938,288.18204283714294,4.095289512806559e-05,0.0,0.015946773565236418,5.6899669450733115e-05,,,,
4938,0.001,adam,4939,288.2225751876831,4.228025783153399e-05,0.0,0.022902101982688446,6.518236090201391e-05,,,,
4939,0.001,adam,4940,288.2781457901001,4.2581402998136473e-05,0.0,0.020302948552764166,6.288435251523895e-05,0.00041071823841179906,0.0,0.01968773809135106,0.0004304059774382675
4940,0.001,adam,4941,288.3669397830963,4.334018360894151e-05,0.0,0.020365709832816364,6.370589440907718e-05,,,,
4941,0.001,adam,4942,288.41504168510437,4.267622742122678e-05,0.0,0.020313124551211474,6.298935293725989e-05,,,,
4942,0.001,adam,4943,288.45093417167664,4.304795103625738e-05,0.0,0.01923224620536082,6.228019815510087e-05,,,,
4943,0.001,adam,4944,288.49990487098694,4.209846948593398e-05,0.0,0.018055423040446435,6.015389338396699e-05,,,,
4944,0.001,adam,4945,288.54830956459045,4.263719620328866e-05,0.0,0.019794643386963955,6.243184053044773e-05,,,,
4945,0.001,adam,4946,288.59352564811707,4.190115674333037e-05,0.0,0.024261966438252142,6.616312433396407e-05,,,,
4946,0.001,adam,4947,288.62638902664185,4.2071692124953207e-05,0.0,0.023939547899518465,6.601124116153919e-05,,,,
4947,0.001,adam,4948,288.68659830093384,4.2126952324786395e-05,0.0,0.018609761792138677,6.0736715000841326e-05,,,,
4948,0.001,adam,4949,288.7190864086151,4.2180235984651456e-05,0.0,0.01938719177310984,6.15674286786035e-05,,,,
4949,0.001,adam,4950,288.78083395957947,4.2370963440602995e-05,0.0,0.019545118334739785,6.191608270368608e-05,,,,
4950,0.001,adam,4951,288.8203635215759,4.2572691461803666e-05,0.0,0.02098166723942373,6.355435969780311e-05,,,,
4951,0.001,adam,4952,288.8697192668915,4.315290251870152e-05,0.0,0.32597118141440656,0.00036912409941590837,,,,
4952,0.001,adam,4953,288.91741847991943,4.3989551923211115e-05,0.0,0.023068878754388494,6.705843177331256e-05,,,,
4953,0.001,adam,4954,288.95060896873474,4.555952842912217e-05,0.0,0.01935134174786397,6.491087109612556e-05,,,,
4954,0.001,adam,4955,289.0080637931824,4.883520638300788e-05,0.0,0.020238761030650153,6.907396837494759e-05,,,,
4955,0.001,adam,4956,289.05682611465454,5.1671746213597025e-05,0.0,0.019449661591650052,7.112140872905643e-05,,,,
4956,0.001,adam,4957,289.1027262210846,5.549355713157178e-05,0.0,0.02054939030641085,7.60429484140263e-05,,,,
4957,0.001,adam,4958,289.1455714702606,5.973332349450323e-05,0.0,0.01820719002478606,7.794051438408442e-05,,,,
4958,0.001,adam,4959,289.1840331554413,6.900436701402368e-05,0.0,0.019475875229828566,8.848024316890669e-05,,,,
4959,0.001,adam,4960,289.2390875816345,8.216817310049791e-05,0.0,0.020816979510117774,0.00010298515359936916,0.00046190071131565417,0.0,0.019809618508757502,0.00048171033076531807
4960,0.001,adam,4961,289.3060095310211,0.00010195579370769762,0.0,0.023350865742597527,0.00012530666055940177,,,,
4961,0.001,adam,4962,289.3649137020111,0.00012641375201838905,0.0,0.024934847779580473,0.00015134860098231124,,,,
4962,0.001,adam,4963,289.4074401855469,0.00016150582027532926,0.0,0.02068153865703294,0.00018218735991468258,,,,
4963,0.001,adam,4964,289.44943857192993,0.0001991815834342108,0.0,0.022671333107234192,0.00022185291761827553,,,,
4964,0.001,adam,4965,289.48625469207764,0.00024303447326492586,0.0,0.02164694691734506,0.0002646814212104457,,,,
4965,0.001,adam,4966,289.52994871139526,0.000270115117744162,0.0,0.026548300305095574,0.0002966634193102342,,,,
4966,0.001,adam,4967,289.5752022266388,0.00027953456751738515,0.0,0.02215077606130409,0.00030168534463079466,,,,
4967,0.001,adam,4968,289.6215591430664,0.00024271247855183704,0.0,0.02578537441043265,0.00026849785418700924,,,,
4968,0.001,adam,4969,289.673054933548,0.00017205003647758517,0.0,0.020059231377981962,0.0001921092688083295,,,,
4969,0.001,adam,4970,289.7157895565033,9.256960086381723e-05,0.0,0.02267468275820515,0.00011524428469901202,,,,
4970,0.001,adam,4971,289.7660264968872,5.022030371350735e-05,0.0,0.02202668628451736,7.224699104423616e-05,,,,
4971,0.001,adam,4972,289.8109886646271,5.342107448848852e-05,0.0,0.024528463375873097,7.794953902940112e-05,,,,
4972,0.001,adam,4973,289.855797290802,8.773937476193277e-05,0.0,0.0180300243465406,0.00010576939996485358,,,,
4973,0.001,adam,4974,289.90148973464966,0.00011773954796555634,0.0,0.02157880536634228,0.00013931835435683688,,,,
4974,0.001,adam,4975,289.946435213089,0.00011367398291507959,0.0,0.027443425014053884,0.0001411174092326262,,,,
4975,0.001,adam,4976,289.9903609752655,8.308769958531359e-05,0.0,0.019400845538556803,0.00010248854604536111,,,,
4976,0.001,adam,4977,290.0284321308136,5.0348732360057736e-05,0.0,0.016088397977688535,6.643713110190417e-05,,,,
4977,0.001,adam,4978,290.07793736457825,4.2564499611196985e-05,0.0,0.02238976355475405,6.495426422940774e-05,,,,
4978,0.001,adam,4979,290.1223738193512,5.949813046388035e-05,0.0,0.021142794524496283,8.064092599260548e-05,,,,
4979,0.001,adam,4980,290.1644721031189,7.851052454267113e-05,0.0,0.017319473979340316,9.582999934464232e-05,0.0004566242998876238,0.0,0.020000630235954976,0.0004766249310735577
4980,0.001,adam,4981,290.2453327178955,8.017312709610758e-05,0.0,0.025257334369544072,0.00010543046266531066,,,,
4981,0.001,adam,4982,290.3019049167633,6.229553799158014e-05,0.0,0.02071811090595752,8.301364988159513e-05,,,,
4982,0.001,adam,4983,290.3467252254486,4.5243446039751426e-05,0.0,0.02259716362420819,6.784061073726729e-05,,,,
4983,0.001,adam,4984,290.4013340473175,4.284179794782559e-05,0.0,0.022258499015580628,6.510029802062819e-05,,,,
4984,0.001,adam,4985,290.43833112716675,5.3435420644175856e-05,0.0,0.022064059857467896,7.549948154963036e-05,,,,
4985,0.001,adam,4986,290.49035120010376,6.403705296001585e-05,0.0,0.02138565407989353,8.542270805567344e-05,,,,
4986,0.001,adam,4987,290.52269744873047,6.168235488005389e-05,0.0,0.01957896052982224,8.126131633982686e-05,,,,
4987,0.001,adam,4988,290.58283019065857,5.0539468051128256e-05,0.0,0.02318205328933452,7.372152244155122e-05,,,,
4988,0.001,adam,4989,290.6310157775879,4.203462562996215e-05,0.0,0.025828055581007193,6.786268243773614e-05,,,,
4989,0.001,adam,4990,290.67900824546814,4.262242555984853e-05,0.0,0.02555161015631583,6.817403692980072e-05,,,,
4990,0.001,adam,4991,290.7262454032898,4.9913177739792144e-05,0.0,0.04830076988470824,9.821394991866385e-05,,,,
4991,0.001,adam,4992,290.7683069705963,5.3080844583274486e-05,0.0,0.045249884232386337,9.8330730964915e-05,,,,
4992,0.001,adam,4993,290.81780433654785,5.216312603671323e-05,0.0,0.01841128669953883,7.057441361074126e-05,,,,
4993,0.001,adam,4994,290.8552644252777,4.628973174062142e-05,0.0,0.015611209287791855,6.190094176990593e-05,,,,
4994,0.001,adam,4995,290.89637994766235,4.256771399488486e-05,0.0,0.01729908091383469,5.98667957303818e-05,,,,
4995,0.001,adam,4996,290.9580166339874,4.3239962312320904e-05,0.0,0.017850596060651515,6.109055922083023e-05,,,,
4996,0.001,adam,4997,290.9994549751282,4.6746550216963065e-05,0.0,0.022806162239498225,6.955271353969588e-05,,,,
4997,0.001,adam,4998,291.05325412750244,4.855451415818894e-05,0.0,0.019452124818002972,6.800663990011826e-05,,,,
4998,0.001,adam,4999,291.0976622104645,4.6392885084138635e-05,0.0,0.017651552724200725,6.404443864674313e-05,,,,
4999,0.001,adam,5000,291.13464283943176,4.3691085443349355e-05,0.0,0.015479014904778718,5.917010108334183e-05,0.0004093517748349549,0.0,0.020464912801249863,0.00042981668860823594
5000,0.001,adam,5001,291.2312014102936,4.1802624486988695e-05,0.0,0.022028463976978448,6.383108951026303e-05,,,,
5001,0.001,adam,5002,291.26716136932373,4.41745103286511e-05,0.0,0.019343628369019976,6.351813961644412e-05,,,,
5002,0.001,adam,5003,291.3122308254242,4.615981187288401e-05,0.0,0.02375438522024536,6.991419822140212e-05,,,,
5003,0.001,adam,5004,291.36877274513245,4.828017440173672e-05,0.0,0.021997730199930038,7.027790564650288e-05,,,,
5004,0.001,adam,5005,291.42094802856445,4.819658211333858e-05,0.0,0.018355585944437907,6.655216892962004e-05,,,,
5005,0.001,adam,5006,291.4712462425232,4.7317902409422044e-05,0.0,0.024705433172715813,7.202333675558297e-05,,,,
5006,0.001,adam,5007,291.5326519012451,4.649479840929047e-05,0.0,0.01940229034052061,6.589708967137042e-05,,,,
5007,0.001,adam,5008,291.5713081359863,4.8356347187024893e-05,0.0,0.018073316376718992,6.642966442218034e-05,,,,
5008,0.001,adam,5009,291.62697553634644,4.810447354244518e-05,0.0,0.022686151397913544,7.079062601789309e-05,,,,
5009,0.001,adam,5010,291.67255306243896,4.778242215889681e-05,0.0,0.022845906971575153,7.062833021559432e-05,,,,
5010,0.001,adam,5011,291.70662569999695,4.5184779145662525e-05,0.0,0.020574552486331266,6.57593326092326e-05,,,,
5011,0.001,adam,5012,291.7523651123047,4.298779986504988e-05,0.0,0.02211291789870621,6.510071881406332e-05,,,,
5012,0.001,adam,5013,291.8109188079834,4.186058951882501e-05,0.0,0.025777871766095795,6.763846250930401e-05,,,,
5013,0.001,adam,5014,291.8556697368622,4.266210186725044e-05,0.0,0.01806475513468726,6.0726857859967525e-05,,,,
5014,0.001,adam,5015,291.8944184780121,4.283629680847777e-05,0.0,0.01967021287088948,6.250651061365223e-05,,,,
5015,0.001,adam,5016,291.9382679462433,4.230265627754293e-05,0.0,0.021324852723030464,6.362751001344954e-05,,,,
5016,0.001,adam,5017,291.98187708854675,4.174151749700189e-05,0.0,0.021551403314522773,6.329292183516139e-05,,,,
5017,0.001,adam,5018,292.0286467075348,4.1479257698636404e-05,0.0,0.029093072533364035,7.057233161384724e-05,,,,
5018,0.001,adam,5019,292.06973218917847,4.386821657388487e-05,0.0,0.01669870081566004,6.056691818269064e-05,,,,
5019,0.001,adam,5020,292.12198209762573,4.5514612272224753e-05,0.0,0.02376706722520617,6.928168062630604e-05,0.0004137209149852835,0.0,0.019159956048003145,0.00043288087194333575
5020,0.001,adam,5021,292.20647621154785,4.821361101284533e-05,0.0,0.017697840481140155,6.59114523345878e-05,,,,
5021,0.001,adam,5022,292.25898838043213,4.853360806415703e-05,0.0,0.02143013471080257,6.996374379283638e-05,,,,
5022,0.001,adam,5023,292.31529664993286,5.154185370488398e-05,0.0,0.018459542989989287,7.000139757165451e-05,,,,
5023,0.001,adam,5024,292.3450701236725,5.3646146314205666e-05,0.0,0.019214292647703687,7.286043987453928e-05,,,,
5024,0.001,adam,5025,292.4088864326477,5.8690703777775277e-05,0.0,0.01856894535233763,7.725965001209049e-05,,,,
5025,0.001,adam,5026,292.44190526008606,6.275615928173497e-05,0.0,0.02115768320663216,8.391384349330317e-05,,,,
5026,0.001,adam,5027,292.49697828292847,7.02043003644856e-05,0.0,0.020836281755078873,9.104058310923475e-05,,,,
5027,0.001,adam,5028,292.5458674430847,7.789277215504649e-05,0.0,0.02049548677947735,9.838825990800723e-05,,,,
5028,0.001,adam,5029,292.5886490345001,8.940288447261182e-05,0.0,0.018995288978557363,0.000108398174353397,,,,
5029,0.001,adam,5030,292.6263358592987,0.00010259046286490017,0.0,0.02170189456649673,0.0001242923584621816,,,,
5030,0.001,adam,5031,292.67236161231995,0.00011500550653980397,0.0,0.019110609245980226,0.00013411611669348944,,,,
5031,0.001,adam,5032,292.72405910491943,0.00012699109181278434,0.0,0.022314193581922496,0.00014930528645457417,,,,
5032,0.001,adam,5033,292.7826533317566,0.00012980078930160328,0.0,0.016529879681439257,0.0001463306697681697,,,,
5033,0.001,adam,5034,292.8174331188202,0.00013063513052693324,0.0,0.029415209329415465,0.00016005034125349618,,,,
5034,0.001,adam,5035,292.86487770080566,0.00011850029503616932,0.0,0.017185873426209152,0.00013568616927866367,,,,
5035,0.001,adam,5036,292.90845370292664,0.00010334851634106456,0.0,0.023647571201840727,0.00012699608866610467,,,,
5036,0.001,adam,5037,292.9538040161133,8.51664996046928e-05,0.0,0.017446111256955017,0.00010261261169029363,,,,
5037,0.001,adam,5038,293.0117654800415,6.596210347968741e-05,0.0,0.024377495810488127,9.033960044804447e-05,,,,
5038,0.001,adam,5039,293.06011033058167,5.307906415582478e-05,0.0,0.01941469671448513,7.249376179245853e-05,,,,
5039,0.001,adam,5040,293.10168981552124,4.393869430043445e-05,0.0,0.017827402460628656,6.176609760781929e-05,0.00040652621973533663,0.0,0.01954984623224762,0.00042607606689615214
5040,0.001,adam,5041,293.1963381767273,4.016521059563244e-05,0.0,0.020856841992242317,6.102205357852159e-05,,,,
5041,0.001,adam,5042,293.2320713996887,4.1881062635758004e-05,0.0,0.019049742890004485,6.093080643057672e-05,,,,
5042,0.001,adam,5043,293.2833595275879,4.711602383650452e-05,0.0,0.022489650031551824,6.96056749362574e-05,,,,
5043,0.001,adam,5044,293.3271412849426,5.496231131991671e-05,0.0,0.025479366670859073,8.044167920098076e-05,,,,
5044,0.001,adam,5045,293.37256240844727,5.797312092800451e-05,0.0,0.02216291465236383,8.013603663305029e-05,,,,
5045,0.001,adam,5046,293.42002749443054,5.9494672417509257e-05,0.0,0.018659982334492717,7.815465563830357e-05,,,,
5046,0.001,adam,5047,293.46943378448486,5.628372117498471e-05,0.0,0.02016843763321,7.64521597661441e-05,,,,
5047,0.001,adam,5048,293.5079433917999,5.278348207647382e-05,0.0,0.01768910937613156,7.047259229279299e-05,,,,
5048,0.001,adam,5049,293.55092763900757,4.7012534198553675e-05,0.0,0.020256062439723884,6.72685976003889e-05,,,,
5049,0.001,adam,5050,293.6046380996704,4.575603419509938e-05,0.0,0.02111742981947582,6.68734650175993e-05,,,,
5050,0.001,adam,5051,293.64608812332153,4.333795765568889e-05,0.0,0.01966741130593704,6.300536989577784e-05,,,,
5051,0.001,adam,5052,293.69617557525635,4.106892378131165e-05,0.0,0.017235386598290752,5.830431119823934e-05,,,,
5052,0.001,adam,5053,293.7363796234131,4.1409421777254476e-05,0.0,0.02209206089767284,6.35014837242439e-05,,,,
5053,0.001,adam,5054,293.7894070148468,4.216349932798154e-05,0.0,0.01968659569572289,6.185009595876756e-05,,,,
5054,0.001,adam,5055,293.8267011642456,4.437283807028762e-05,0.0,0.01886749383720882,6.324033280365432e-05,,,,
5055,0.001,adam,5056,293.8802218437195,4.550276739535557e-05,0.0,0.019182369983036428,6.468513828950568e-05,,,,
5056,0.001,adam,5057,293.92209815979004,4.7296295370716556e-05,0.0,0.018376959553890914,6.567325579746621e-05,,,,
5057,0.001,adam,5058,293.96009945869446,4.6796289951015235e-05,0.0,0.024085964548871873,7.088225564390904e-05,,,,
5058,0.001,adam,5059,294.0221965312958,4.6670538098646694e-05,0.0,0.021997331808954447,6.866787095241834e-05,,,,
5059,0.001,adam,5060,294.069611787796,4.261626924558216e-05,0.0,0.02467806544552549,6.729433586325287e-05,0.0004060398639768131,0.0,0.018991342583255078,0.00042503120746210856
5060,0.001,adam,5061,294.1567795276642,4.215724056390328e-05,0.0,0.01771957944802303,5.987682085356117e-05,,,,
5061,0.001,adam,5062,294.2024595737457,4.1813751954342415e-05,0.0,0.01897421608228511,6.078796893785443e-05,,,,
5062,0.001,adam,5063,294.2437982559204,4.0955436085990144e-05,0.0,0.020264982645221787,6.122041969374696e-05,,,,
5063,0.001,adam,5064,294.2908773422241,4.099696499328504e-05,0.0,0.01993938479972986,6.093635074008486e-05,,,,
5064,0.001,adam,5065,294.33731985092163,4.073536313645173e-05,0.0,0.019426833394212306,6.016219745338911e-05,,,,
5065,0.001,adam,5066,294.38121008872986,4.204307203144766e-05,0.0,0.019309178768140412,6.135225171672485e-05,,,,
5066,0.001,adam,5067,294.4251410961151,4.233050054549515e-05,0.0,0.018449523796746758,6.0780025218547266e-05,,,,
5067,0.001,adam,5068,294.47424960136414,4.39098616059031e-05,0.0,0.02117742953885158,6.508729215062861e-05,,,,
5068,0.001,adam,5069,294.52075362205505,4.328157864802637e-05,0.0,0.022939540945231846,6.622112068282794e-05,,,,
5069,0.001,adam,5070,294.5600447654724,4.3339371853573025e-05,0.0,0.022042723217266958,6.538209611781315e-05,,,,
5070,0.001,adam,5071,294.6128394603729,4.2772777738369e-05,0.0,0.022480029632490663,6.525280843860379e-05,,,,
5071,0.001,adam,5072,294.6469566822052,4.453366837913417e-05,0.0,0.40054383582441544,0.00044507752322836097,,,,
5072,0.001,adam,5073,294.70920276641846,4.4174325123628324e-05,0.0,0.0157565813339458,5.993090720597158e-05,,,,
5073,0.001,adam,5074,294.748286485672,4.1576574332883054e-05,0.0,0.020597711466331187,6.217428677755303e-05,,,,
5074,0.001,adam,5075,294.80011200904846,4.046214784646869e-05,0.0,0.016301051319830125,5.6763199940557205e-05,,,,
5075,0.001,adam,5076,294.8461260795593,4.1281471643740786e-05,0.0,0.021256806974974195,6.253827962835913e-05,,,,
5076,0.001,adam,5077,294.8880228996277,4.134173166838459e-05,0.0,0.02016679021529261,6.150852284154833e-05,,,,
5077,0.001,adam,5078,294.92969703674316,4.069030561585571e-05,0.0,0.020107666654660152,6.0797973225578774e-05,,,,
5078,0.001,adam,5079,294.98508524894714,4.026981937844934e-05,0.0,0.01675498824106626,5.702480841533484e-05,,,,
5079,0.001,adam,5080,295.03096890449524,4.0133209120396784e-05,0.0,0.017714290321709087,5.784750028348951e-05,0.00040147058645359284,0.0,0.019491506055746635,0.00042096209343513635
5080,0.001,adam,5081,295.11043429374695,4.1435099036407864e-05,0.0,0.021466308367811764,6.290140842381457e-05,,,,
5081,0.001,adam,5082,295.16212224960327,4.381613085156155e-05,0.0,0.02089772567481037,6.471385751896063e-05,,,,
5082,0.001,adam,5083,295.20764803886414,4.6097618003652196e-05,0.0,0.01978910908497423,6.588672802855868e-05,,,,
5083,0.001,adam,5084,295.2698178291321,4.689172748305287e-05,0.0,0.01951317963085774,6.640490804073692e-05,,,,
5084,0.001,adam,5085,295.3068323135376,4.6801771191280914e-05,0.0,0.020955265913491408,6.775703810009404e-05,,,,
5085,0.001,adam,5086,295.3623332977295,4.6216747014682655e-05,0.0,0.02287774695692383,6.909449505824116e-05,,,,
5086,0.001,adam,5087,295.3959767818451,5.03148666995767e-05,0.0,0.019465476916664295,6.978034454080154e-05,,,,
5087,0.001,adam,5088,295.4438614845276,5.4858539458873245e-05,0.0,0.022225888141413217,7.70844286559595e-05,,,,
5088,0.001,adam,5089,295.49297523498535,6.078031412154694e-05,0.0,0.02129703946294787,8.20773545960499e-05,,,,
5089,0.001,adam,5090,295.5446472167969,6.320976809157964e-05,0.0,0.019872325278062476,8.30820943135269e-05,,,,
5090,0.001,adam,5091,295.60348320007324,6.878324308275093e-05,0.0,0.02975000926158543,9.853325375738598e-05,,,,
5091,0.001,adam,5092,295.6454198360443,7.389693464922837e-05,0.0,0.019932966704214843,9.382990230020833e-05,,,,
5092,0.001,adam,5093,295.70401334762573,8.590459782424254e-05,0.0,0.021432726140943104,0.00010733732498318551,,,,
5093,0.001,adam,5094,295.7562966346741,0.00010293619100140128,0.0,0.018883091901624977,0.000121819283799925,,,,
5094,0.001,adam,5095,295.80091381073,0.00011817986959768713,0.0,0.02042411713902304,0.0001386039877068037,,,,
5095,0.001,adam,5096,295.8460605144501,0.00013462045583939,0.0,0.026801276448666745,0.00016142173356104906,,,,
5096,0.001,adam,5097,295.8907685279846,0.00014353601984469874,0.0,0.020226369340693794,0.00016376239014609351,,,,
5097,0.001,adam,5098,295.9355809688568,0.0001514567069507263,0.0,0.025858191468965376,0.00017731489964788985,,,,
5098,0.001,adam,5099,295.980703830719,0.0001416278351122442,0.0,0.02201697982844101,0.00016364481598643563,,,,
5099,0.001,adam,5100,296.01925444602966,0.00012733022742856615,0.0,0.024898064091484113,0.00015222829270264486,0.0004451433549818768,0.0,0.018445093116476477,0.0004635884489744482
5100,0.001,adam,5101,296.08743596076965,9.853963331109459e-05,0.0,0.021021796552189796,0.00011956143086176615,,,,
5101,0.001,adam,5102,296.12103033065796,6.821746193355823e-05,0.0,0.03602327306591095,0.00010424073671048284,,,,
5102,0.001,adam,5103,296.1702661514282,4.8813443219546495e-05,0.0,0.020377239063706292,6.919068325111971e-05,,,,
5103,0.001,adam,5104,296.2169888019562,4.084495973595881e-05,0.0,0.03524859836560269,7.609355977578008e-05,,,,
5104,0.001,adam,5105,296.2498710155487,4.507761342056997e-05,0.0,0.02314206838995905,6.821968290971828e-05,,,,
5105,0.001,adam,5106,296.3030891418457,5.770653124233727e-05,0.0,0.023365300005828368,8.107183235795784e-05,,,,
5106,0.001,adam,5107,296.34414529800415,6.850657893688819e-05,0.0,0.024064104576248295,9.257068465612012e-05,,,,
5107,0.001,adam,5108,296.40229868888855,7.630389965994786e-05,0.0,0.020248052538970246,9.655195316064899e-05,,,,
5108,0.001,adam,5109,296.44905161857605,7.300111687646046e-05,0.0,0.020120589673741102,9.312170750587828e-05,,,,
5109,0.001,adam,5110,296.49542260169983,6.612661028618984e-05,0.0,0.020888913255216465,8.701552453357645e-05,,,,
5110,0.001,adam,5111,296.5402286052704,5.448381768767998e-05,0.0,0.018322747887784572,7.280656644574837e-05,,,,
5111,0.001,adam,5112,296.5832953453064,4.461510504206491e-05,0.0,0.017003733166424114,6.161883901612301e-05,,,,
5112,0.001,adam,5113,296.63894987106323,3.9471205845784546e-05,0.0,0.02298083615732561,6.24520430946413e-05,,,,
5113,0.001,adam,5114,296.6855056285858,4.06059975095813e-05,0.0,0.020990674502193586,6.159667300877842e-05,,,,
5114,0.001,adam,5115,296.7314832210541,4.5533203226223975e-05,0.0,0.017971714037080297,6.350491811691489e-05,,,,
5115,0.001,adam,5116,296.77167987823486,4.901396736621791e-05,0.0,0.020865223273674526,6.987919163093737e-05,,,,
5116,0.001,adam,5117,296.82266545295715,5.2761851539294256e-05,0.0,0.014925606987485652,6.76874592357082e-05,,,,
5117,0.001,adam,5118,296.8669946193695,5.191226262179779e-05,0.0,0.019480500524852184,7.13927640719241e-05,,,,
5118,0.001,adam,5119,296.91419768333435,4.9669625696259935e-05,0.0,0.021439246373396247,7.110887308796575e-05,,,,
5119,0.001,adam,5120,296.9577181339264,4.516850609750256e-05,0.0,0.018724380061375417,6.38928870482383e-05,0.0003997483379487398,0.0,0.019029058442929677,0.00041877739729550125
5120,0.001,adam,5121,297.0535409450531,4.2140815721228425e-05,0.0,0.019807467755189934,6.194828441722259e-05,,,,
5121,0.001,adam,5122,297.09699606895447,4.0140596618641276e-05,0.0,0.019794089388991375,5.9934686947801444e-05,,,,
5122,0.001,adam,5123,297.1393795013428,3.996608178693775e-05,0.0,0.017168632343166845,5.713471494557087e-05,,,,
5123,0.001,adam,5124,297.1847834587097,4.090547375792217e-05,0.0,0.017118124506581428,5.8023599077570886e-05,,,,
5124,0.001,adam,5125,297.22482085227966,4.148176737964772e-05,0.0,0.023716416084163493,6.519818459028053e-05,,,,
5125,0.001,adam,5126,297.2659466266632,4.366479891920335e-05,0.0,0.018206394512495595,6.187119429645627e-05,,,,
5126,0.001,adam,5127,297.31377124786377,4.4041530958788235e-05,0.0,0.021793160951175734,6.583469294508358e-05,,,,
5127,0.001,adam,5128,297.3689000606537,4.4314663366630036e-05,0.0,0.031883315013706594,7.619797989471283e-05,,,,
5128,0.001,adam,5129,297.4073488712311,4.270453725991317e-05,0.0,0.02064824353508862,6.335278177574073e-05,,,,
5129,0.001,adam,5130,297.457129240036,4.2399079151585865e-05,0.0,0.019412204332834433,6.181128440645053e-05,,,,
5130,0.001,adam,5131,297.5115430355072,4.190720790217473e-05,0.0,0.022727469507742706,6.46346784894143e-05,,,,
5131,0.001,adam,5132,297.5593521595001,4.236071816595658e-05,0.0,0.01755952682790584,5.992024582789519e-05,,,,
5132,0.001,adam,5133,297.6055874824524,4.404582189721949e-05,0.0,0.023585684608594622,6.763150762607402e-05,,,,
5133,0.001,adam,5134,297.65108132362366,4.661047631689669e-05,0.0,0.016969614683042235,6.358009180595236e-05,,,,
5134,0.001,adam,5135,297.6948928833008,5.113648801335475e-05,0.0,0.01865505488170237,6.979154378112469e-05,,,,
5135,0.001,adam,5136,297.7430913448334,5.676323603747302e-05,0.0,0.0195529350688126,7.63161720350002e-05,,,,
5136,0.001,adam,5137,297.7849049568176,6.370243326635551e-05,0.0,0.017337790134001198,8.104022422385755e-05,,,,
5137,0.001,adam,5138,297.84162640571594,7.011324561403159e-05,0.0,0.018158818696471863,8.827206517300107e-05,,,,
5138,0.001,adam,5139,297.88372230529785,8.285758418489466e-05,0.0,0.020751072803107708,0.00010360865797362543,,,,
5139,0.001,adam,5140,297.92886304855347,9.985769360556513e-05,0.0,0.019341534325807354,0.00011919922885004607,0.0004898153820292178,0.0,0.018754874321146975,0.0005085702572411735
5140,0.001,adam,5141,298.0037953853607,0.0001291454311235087,0.0,0.017060759206360184,0.00014620619114021145,,,,
5141,0.001,adam,5142,298.04976654052734,0.00016168254334165936,0.0,0.019976609725675297,0.0001816591540161727,,,,
5142,0.001,adam,5143,298.10713720321655,0.00020356039301907435,0.0,0.022389911727145034,0.00022595030580968312,,,,
5143,0.001,adam,5144,298.1454265117645,0.0002362886625286186,0.0,0.019780317338977636,0.0002560689808071109,,,,
5144,0.001,adam,5145,298.1980473995209,0.0002628760230344706,0.0,0.019143565852253262,0.00028201958979599443,,,,
5145,0.001,adam,5146,298.23970103263855,0.00025343989630514637,0.0,0.022112436738478125,0.0002755523340939089,,,,
5146,0.001,adam,5147,298.2933027744293,0.00021279358483830712,0.0,0.022517730281779308,0.00023531131618962124,,,,
5147,0.001,adam,5148,298.33246302604675,0.00014071083929616184,0.0,0.02391459546080065,0.00016462543589284483,,,,
5148,0.001,adam,5149,298.38613986968994,7.286890024632625e-05,0.0,0.019769790903856853,9.263869208919778e-05,,,,
5149,0.001,adam,5150,298.4300100803375,4.277507393820429e-05,0.0,0.02330826990088915,6.608334494617686e-05,,,,
5150,0.001,adam,5151,298.47018909454346,5.953417253844717e-05,0.0,0.01964486150001215,7.917903497154017e-05,,,,
5151,0.001,adam,5152,298.5251874923706,0.0001005438484807494,0.0,0.021370186090737257,0.00012191403558651603,,,,
5152,0.001,adam,5153,298.56940507888794,0.00012054619568072009,0.0,0.025255531923801026,0.0001458017288040945,,,,
5153,0.001,adam,5154,298.6029152870178,0.00010834160607949715,0.0,0.017038038893230575,0.00012537964578199115,,,,
5154,0.001,adam,5155,298.64804768562317,7.016947634133356e-05,0.0,0.020314737263753158,9.048421456998496e-05,,,,
5155,0.001,adam,5156,298.6912353038788,4.4218724552821206e-05,0.0,0.01744385037847935,6.166257575983898e-05,,,,
5156,0.001,adam,5157,298.73633432388306,4.664389931733204e-05,0.0,0.020488322397125912,6.713222268760105e-05,,,,
5157,0.001,adam,5158,298.7772557735443,6.504321535646192e-05,0.0,0.0179192672645744,8.296248347215585e-05,,,,
5158,0.001,adam,5159,298.81278371810913,7.684632688528974e-05,0.0,0.018188936997194417,9.503526474641231e-05,,,,
5159,0.001,adam,5160,298.86735582351685,6.886866155519273e-05,0.0,0.019278894749019837,8.814755721991093e-05,0.00042273061996195294,0.0,0.018884300023042876,0.0004416149208819519
5160,0.001,adam,5161,298.94694423675537,5.257222670675021e-05,0.0,0.02159493835672578,7.416716608918053e-05,,,,
5161,0.001,adam,5162,298.99421787261963,4.241425872286808e-05,0.0,0.019170576881568268,6.158483651498988e-05,,,,
5162,0.001,adam,5163,299.04176902770996,4.622474001122136e-05,0.0,0.01842151132383933,6.464625221003552e-05,,,,
5163,0.001,adam,5164,299.1019103527069,5.545380226769483e-05,0.0,0.02181138731223751,7.726519061591765e-05,,,,
5164,0.001,adam,5165,299.1431815624237,5.7049504550308647e-05,0.0,0.01900827369706885,7.605777915022205e-05,,,,
5165,0.001,adam,5166,299.1850616931915,5.078927406184619e-05,0.0,0.017580065550058217,6.836934044691272e-05,,,,
5166,0.001,adam,5167,299.22667837142944,4.394645055794872e-05,0.0,0.017943462696773792,6.188991410699126e-05,,,,
5167,0.001,adam,5168,299.2773220539093,4.514131933632361e-05,0.0,0.019253259952762287,6.439458020356668e-05,,,,
5168,0.001,adam,5169,299.3396236896515,4.9817874873822646e-05,0.0,0.020779937355844366,7.059781321666107e-05,,,,
5169,0.001,adam,5170,299.38651967048645,5.1955239375399466e-05,0.0,0.0213802023098496,7.333544270075418e-05,,,,
5170,0.001,adam,5171,299.4430854320526,4.8862991259670464e-05,0.0,0.019033000072521948,6.789599223621141e-05,,,,
5171,0.001,adam,5172,299.48222374916077,4.286513867161756e-05,0.0,0.01809376567164096,6.095890520266628e-05,,,,
5172,0.001,adam,5173,299.52672362327576,4.06742994327088e-05,0.0,0.019775004666671266,6.044930503864239e-05,,,,
5173,0.001,adam,5174,299.5732297897339,4.269866086934836e-05,0.0,0.03139463496876625,7.409329732927975e-05,,,,
5174,0.001,adam,5175,299.61840867996216,4.5964941544807475e-05,0.0,0.02567133206436658,7.16362748284969e-05,,,,
5175,0.001,adam,5176,299.6626992225647,4.5695002601439655e-05,0.0,0.022827366137704207,6.852236982338557e-05,,,,
5176,0.001,adam,5177,299.70932054519653,4.250311111368758e-05,0.0,0.016808711142389857,5.931182305444838e-05,,,,
5177,0.001,adam,5178,299.7533082962036,4.003009242953668e-05,0.0,0.018139195340199882,5.816928863130211e-05,,,,
5178,0.001,adam,5179,299.7914299964905,4.031794114035534e-05,0.0,0.019239336836920553,5.955727889109536e-05,,,,
5179,0.001,adam,5180,299.8489489555359,4.332378158311205e-05,0.0,0.018773839746615485,6.209762222143708e-05,0.00040379045805476654,0.0,0.020307455595778505,0.00042409791461509743
5180,0.001,adam,5181,299.92138290405273,4.452260227214016e-05,0.0,0.02702796653602273,7.15505700919224e-05,,,,
5181,0.001,adam,5182,299.9677333831787,4.255256556822574e-05,0.0,0.01738343465209527,5.993600104598985e-05,,,,
5182,0.001,adam,5183,300.0173716545105,4.0013449931363134e-05,0.0,0.02257538724384297,6.258883824747946e-05,,,,
5183,0.001,adam,5184,300.0546383857727,4.0937436415698e-05,0.0,0.014995110471979545,5.5932547599907076e-05,,,,
5184,0.001,adam,5185,300.10520362854004,4.287551799359414e-05,0.0,0.018208389489366365,6.10839083478126e-05,,,,
5185,0.001,adam,5186,300.15088844299316,4.3542350337153355e-05,0.0,0.017917899394558928,6.146025058276684e-05,,,,
5186,0.001,adam,5187,300.1941177845001,4.208316769763096e-05,0.0,0.02242819991887646,6.451136868178975e-05,,,,
5187,0.001,adam,5188,300.2390503883362,4.1018890943171506e-05,0.0,0.02261083692572215,6.362972894285078e-05,,,,
5188,0.001,adam,5189,300.2929039001465,4.012768527616967e-05,0.0,0.017687364413332796,5.781505052960719e-05,,,,
5189,0.001,adam,5190,300.33938908576965,3.993050007504395e-05,0.0,0.019337310787986776,5.92678117815037e-05,,,,
5190,0.001,adam,5191,300.3888418674469,3.943740073798203e-05,0.0,0.020130056044542505,5.956745773865089e-05,,,,
5191,0.001,adam,5192,300.43089032173157,3.9057307076856445e-05,0.0,0.01631829082253775,5.537559867447142e-05,,,,
5192,0.001,adam,5193,300.4814636707306,3.921401971443191e-05,0.0,0.01777214264593292,5.698616320449631e-05,,,,
5193,0.001,adam,5194,300.51408290863037,3.9642620725654664e-05,0.0,0.020317008137501126,5.9959629828161894e-05,,,,
5194,0.001,adam,5195,300.57235383987427,4.048715293453322e-05,0.0,0.018154829297840035,5.864198309468138e-05,,,,
5195,0.001,adam,5196,300.61705684661865,4.056493071062388e-05,0.0,0.016253032722582127,5.681796420518364e-05,,,,
5196,0.001,adam,5197,300.6647493839264,4.076031837336178e-05,0.0,0.01768777338081371,5.8448092594299646e-05,,,,
5197,0.001,adam,5198,300.708384513855,3.9635364406512706e-05,0.0,0.020874374710578906,6.05097401085712e-05,,,,
5198,0.001,adam,5199,300.74779295921326,3.931123219894788e-05,0.0,0.021061686229080754,6.0372919428405044e-05,,,,
5199,0.001,adam,5200,300.7960684299469,3.922601611316343e-05,0.0,0.019613481267170666,5.883949831192446e-05,0.00040223651139660176,0.0,0.018646785874604586,0.00042088329815688117
5200,0.001,adam,5201,300.8655881881714,3.967671923499187e-05,0.0,0.019651678669046248,5.9328398837442766e-05,,,,
5201,0.001,adam,5202,300.9069654941559,3.9714013117773875e-05,0.0,0.021114892423584296,6.0828906544261745e-05,,,,
5202,0.001,adam,5203,300.9636535644531,3.998274102865206e-05,0.0,0.020178287442719416,6.01610294297887e-05,,,,
5203,0.001,adam,5204,301.02383685112,3.938877518338145e-05,0.0,0.021908870423654376,6.129764664765134e-05,,,,
5204,0.001,adam,5205,301.0652554035187,4.08786867549734e-05,0.0,0.018269838316321712,5.914852593906587e-05,,,,
5205,0.001,adam,5206,301.11891174316406,4.209138211767148e-05,0.0,0.02132485295078922,6.341623608133687e-05,,,,
5206,0.001,adam,5207,301.1533992290497,4.3961279380240284e-05,0.0,0.015788265303297792,5.974954543344044e-05,,,,
5207,0.001,adam,5208,301.2091271877289,4.5074892799671875e-05,0.0,0.020780708131816723,6.585560191851927e-05,,,,
5208,0.001,adam,5209,301.25231671333313,4.792471563342689e-05,0.0,0.03844143333318087,8.636615079247786e-05,,,,
5209,0.001,adam,5210,301.30447936058044,4.96914315047982e-05,0.0,0.020001611022267645,6.969304347709139e-05,,,,
5210,0.001,adam,5211,301.3473882675171,5.6955436283991315e-05,0.0,0.019760159857882785,7.671559708043133e-05,,,,
5211,0.001,adam,5212,301.3850038051605,6.710216533368112e-05,0.0,0.019275540952542768,8.637770720176296e-05,,,,
5212,0.001,adam,5213,301.4324526786804,8.409090943458504e-05,0.0,0.022324271729544595,0.00010641518222447564,,,,
5213,0.001,adam,5214,301.4784314632416,0.00011042352387431484,0.0,0.022866229146955852,0.0001332897541073583,,,,
5214,0.001,adam,5215,301.5226550102234,0.00014648942248657762,0.0,0.019911724589476404,0.0001664011480218102,,,,
5215,0.001,adam,5216,301.5622172355652,0.00020238780110268319,0.0,0.02205501235780296,0.00022444281450804303,,,,
5216,0.001,adam,5217,301.6189649105072,0.00023407170840165898,0.0,0.01970743187147646,0.0002537791412091882,,,,
5217,0.001,adam,5218,301.6679947376251,0.00028158161321040887,0.0,0.021140121362778902,0.00030272173557728966,,,,
5218,0.001,adam,5219,301.7125291824341,0.0002622885749967547,0.0,0.022623847921536103,0.0002849124239928659,,,,
5219,0.001,adam,5220,301.7576153278351,0.00023091804114225983,0.0,0.02355960477487274,0.00025447764703615374,0.0004957852516314858,0.0,0.019433205933349552,0.0005152184584878631
5220,0.001,adam,5221,301.84121322631836,0.00014715648059199509,0.0,0.022294974388542606,0.00016945145603949215,,,,
5221,0.001,adam,5222,301.8838062286377,7.66428160423689e-05,0.0,0.02753096268074205,0.0001041737800307615,,,,
5222,0.001,adam,5223,301.92975211143494,4.2834697537107126e-05,0.0,0.016364630663079877,5.919932897746525e-05,,,,
5223,0.001,adam,5224,301.9714357852936,5.636897213485155e-05,0.0,0.018005420451394877,7.4374393441458e-05,,,,
5224,0.001,adam,5225,302.02404046058655,9.61090645697023e-05,0.0,0.030193296224735783,0.0001263023622285427,,,,
5225,0.001,adam,5226,302.0658688545227,0.00013628440446720788,0.0,0.017343450011394475,0.00015362785530237202,,,,
5226,0.001,adam,5227,302.1097762584686,0.00014629438232618402,0.0,0.02192142606648629,0.00016821580943388219,,,,
5227,0.001,adam,5228,302.16404700279236,0.00011322886445193485,0.0,0.024127763538597923,0.00013735662913654006,,,,
5228,0.001,adam,5229,302.2070014476776,7.34960394969331e-05,0.0,0.023897116313274132,9.739315694525934e-05,,,,
5229,0.001,adam,5230,302.2458453178406,5.05038650047948e-05,0.0,0.02055215718310979,7.105602316407968e-05,,,,
5230,0.001,adam,5231,302.29979944229126,5.537428376847998e-05,0.0,0.017948387928202907,7.332267254918557e-05,,,,
5231,0.001,adam,5232,302.3518178462982,7.415981537025393e-05,0.0,0.020614266471590537,9.477408282096959e-05,,,,
5232,0.001,adam,5233,302.3959789276123,8.742788474395303e-05,0.0,0.01621805583074703,0.00010364594134501637,,,,
5233,0.001,adam,5234,302.4419322013855,8.132411095420663e-05,0.0,0.022796395984000295,0.00010412050802097763,,,,
5234,0.001,adam,5235,302.48652696609497,6.480655266474294e-05,0.0,0.02317118910218153,8.797774286749689e-05,,,,
5235,0.001,adam,5236,302.53032326698303,4.789157823005761e-05,0.0,0.022149045329174694,7.004062461125551e-05,,,,
5236,0.001,adam,5237,302.5700991153717,4.607518205468224e-05,0.0,0.018165294335049285,6.42404772525367e-05,,,,
5237,0.001,adam,5238,302.6268186569214,5.651148178250758e-05,0.0,0.016001167546916724,7.251265008943899e-05,,,,
5238,0.001,adam,5239,302.66798639297485,6.230231057684568e-05,0.0,0.019424415254874712,8.172672675433061e-05,,,,
5239,0.001,adam,5240,302.71834897994995,5.979904325932628e-05,0.0,0.017316339495498684,7.711538357730696e-05,0.0004298058366610423,0.0,0.020222981736059284,0.0004500288193576417
5240,0.001,adam,5241,302.7969899177551,4.908418169007607e-05,0.0,0.019111363811892355,6.81955464097095e-05,,,,
5241,0.001,adam,5242,302.84019565582275,4.320201925262487e-05,0.0,0.017690215646259905,6.089223573912493e-05,,,,
5242,0.001,adam,5243,302.8883738517761,4.288603855725406e-05,0.0,0.019899772660590915,6.278581216303346e-05,,,,
5243,0.001,adam,5244,302.93854904174805,4.6794719831753354e-05,0.0,0.021253958996043692,6.804867983730593e-05,,,,
5244,0.001,adam,5245,302.9787926673889,5.045080907253334e-05,0.0,0.024967518674208506,7.541832893263535e-05,,,,
5245,0.001,adam,5246,303.02789068222046,4.802180384515922e-05,0.0,0.018147757554880118,6.616956226201156e-05,,,,
5246,0.001,adam,5247,303.08703804016113,4.459286594299807e-05,0.0,0.016201915882888995,6.079478259543678e-05,,,,
5247,0.001,adam,5248,303.13095116615295,4.1248068829598395e-05,0.0,0.018691676742017764,5.9939746459423166e-05,,,,
5248,0.001,adam,5249,303.17068791389465,4.009462282128617e-05,0.0,0.020156356651836623,6.025098043049836e-05,,,,
5249,0.001,adam,5250,303.21905612945557,4.360505586603567e-05,0.0,0.01575395249125165,5.9359009105559906e-05,,,,
5250,0.001,adam,5251,303.25580310821533,4.53021545475526e-05,0.0,0.019181549836082185,6.448370529470952e-05,,,,
5251,0.001,adam,5252,303.3167071342468,4.5987574729710165e-05,0.0,0.0166983907014204,6.268596622426157e-05,,,,
5252,0.001,adam,5253,303.3657457828522,4.237062075514391e-05,0.0,0.020976844630694505,6.334746638218507e-05,,,,
5253,0.001,adam,5254,303.40760564804077,4.044198873022291e-05,0.0,0.019053374868993233,5.949536450420289e-05,,,,
5254,0.001,adam,5255,303.4568541049957,3.862492269029922e-05,0.0,0.018157502253885554,5.6782425806619855e-05,,,,
5255,0.001,adam,5256,303.5019974708557,3.918571989790841e-05,0.0,0.01628237362011211,5.546809429139177e-05,,,,
5256,0.001,adam,5257,303.5501642227173,4.186797225889732e-05,0.0,0.025792585612694752,6.766055909667415e-05,,,,
5257,0.001,adam,5258,303.58900690078735,4.460637725176293e-05,0.0,0.021992100223400958,6.659847851973259e-05,,,,
5258,0.001,adam,5259,303.62904810905457,4.595079220003669e-05,0.0,0.019591341370350922,6.554213450092639e-05,,,,
5259,0.001,adam,5260,303.68218088150024,4.2938273622775236e-05,0.0,0.016499836513399913,5.943811091987533e-05,0.00040059776776374954,0.0,0.01948299151277046,0.00042008076020191246
5260,0.001,adam,5261,303.7675290107727,3.954672844503507e-05,0.0,0.02273329080524538,6.228002033005382e-05,,,,
5261,0.001,adam,5262,303.8073761463165,3.900839872602353e-05,0.0,0.01839327080984373,5.740167040950074e-05,,,,
5262,0.001,adam,5263,303.86626505851746,4.0059673857207505e-05,0.0,0.018556410879194976,5.861608561778471e-05,,,,
5263,0.001,adam,5264,303.92647337913513,4.1430793194193915e-05,0.0,0.018036748163684817,5.9467542214578295e-05,,,,
5264,0.001,adam,5265,303.9709737300873,4.1260060584850614e-05,0.0,0.019065090044045725,6.0325151534439527e-05,,,,
5265,0.001,adam,5266,304.01447653770447,4.0920627686542596e-05,0.0,0.016162500123240914,5.708312857746107e-05,,,,
5266,0.001,adam,5267,304.0651969909668,3.9363768247062146e-05,0.0,0.027799228722986114,6.716299829044077e-05,,,,
5267,0.001,adam,5268,304.1125702857971,3.9088251577071786e-05,0.0,0.016150069511944587,5.523832185610351e-05,,,,
5268,0.001,adam,5269,304.1597418785095,3.8385365364217484e-05,0.0,0.01803879130346451,5.64241575244786e-05,,,,
5269,0.001,adam,5270,304.20220923423767,3.854539780147794e-05,0.0,0.019642755216768986,5.8188153951227735e-05,,,,
5270,0.001,adam,5271,304.2395746707916,3.9092199105099274e-05,0.0,0.01768447366875698,5.677667361382368e-05,,,,
5271,0.001,adam,5272,304.29437589645386,3.914756214842718e-05,0.0,0.020200384422703294,5.934794753059725e-05,,,,
5272,0.001,adam,5273,304.3446011543274,3.9211772380472834e-05,0.0,0.01719203257774941,5.6403805774799974e-05,,,,
5273,0.001,adam,5274,304.39053225517273,3.9227013758047404e-05,0.0,0.020978858174179778,6.020587292866948e-05,,,,
5274,0.001,adam,5275,304.436851978302,3.9417458007274195e-05,0.0,0.018939243114993176,5.835670202183315e-05,,,,
5275,0.001,adam,5276,304.480352640152,3.911148384528638e-05,0.0,0.018521302645530636,5.763278737053168e-05,,,,
5276,0.001,adam,5277,304.52332067489624,3.910243734201109e-05,0.0,0.018480493083323044,5.7582931303110454e-05,,,,
5277,0.001,adam,5278,304.57437109947205,3.882441568277252e-05,0.0,0.018650216569788835,5.74746331383991e-05,,,,
5278,0.001,adam,5279,304.61859607696533,3.8367038908891226e-05,0.0,0.015959607573800185,5.4326647240732094e-05,,,,
5279,0.001,adam,5280,304.66881918907166,3.854251517698461e-05,0.0,0.02016086762465379,5.870338375922822e-05,0.0004012494869447185,0.0,0.019111484464035464,0.00042036097231650074
5280,0.001,adam,5281,304.739670753479,3.8519791549361126e-05,0.0,0.016975437881374754,5.549523023702591e-05,,,,
5281,0.001,adam,5282,304.7998352050781,3.8765333409680214e-05,0.0,0.020782286598782278,5.954762099556814e-05,,,,
5282,0.001,adam,5283,304.84560990333557,3.902292207581582e-05,0.0,0.01874099411602673,5.776391708199201e-05,,,,
5283,0.001,adam,5284,304.897901058197,3.884203949219481e-05,0.0,0.019680854718826975,5.8522895145812224e-05,,,,
5284,0.001,adam,5285,304.9597759246826,3.859413812995662e-05,0.0,0.019178741537944542,5.7772880578842505e-05,,,,
5285,0.001,adam,5286,304.99323987960815,3.8240067783352614e-05,0.0,0.02609003713863483,6.433010616119771e-05,,,,
5286,0.001,adam,5287,305.0527205467224,3.9793914110297104e-05,0.0,0.01974899342649933,5.954290847482329e-05,,,,
5287,0.001,adam,5288,305.09921002388,4.047104393031956e-05,0.0,0.024080456266048007,6.455150134012787e-05,,,,
5288,0.001,adam,5289,305.1383078098297,4.166070666366514e-05,0.0,0.016673449812907266,5.833415726851878e-05,,,,
5289,0.001,adam,5290,305.17810344696045,4.0918590472173486e-05,0.0,0.020025200511661782,6.094379193498126e-05,,,,
5290,0.001,adam,5291,305.2242693901062,3.9713017258473965e-05,0.0,0.01955773364782783,5.9270751835244296e-05,,,,
5291,0.001,adam,5292,305.2816708087921,3.861177144474692e-05,0.0,0.02855478179610816,6.716655459713444e-05,,,,
5292,0.001,adam,5293,305.31727170944214,3.858700985315265e-05,0.0,0.02110731452252214,5.969432537821843e-05,,,,
5293,0.001,adam,5294,305.36124062538147,3.881114445386314e-05,0.0,0.01787082824319499,5.6681973545876925e-05,,,,
5294,0.001,adam,5295,305.4231948852539,3.9222481837155175e-05,0.0,0.0166299479928253,5.585243061986062e-05,,,,
5295,0.001,adam,5296,305.4679057598114,3.948830904114471e-05,0.0,0.01807821721824574,5.7566527118059695e-05,,,,
5296,0.001,adam,5297,305.50153708457947,3.9454718951811386e-05,0.0,0.016683466336913127,5.613818608114664e-05,,,,
5297,0.001,adam,5298,305.5558843612671,4.061453714831653e-05,0.0,0.019986986549232425,6.060152464687988e-05,,,,
5298,0.001,adam,5299,305.60598587989807,4.1849822870545004e-05,0.0,0.022756284858369457,6.460610880977999e-05,,,,
5299,0.001,adam,5300,305.64861011505127,4.419196411013147e-05,0.0,0.016414155900147505,6.0606120789909544e-05,0.0004186586604090003,0.0,0.018378704890141154,0.0004370373661720831
5300,0.001,adam,5301,305.7223470211029,4.449740936411142e-05,0.0,0.018134710092258297,6.263212031772222e-05,,,,
5301,0.001,adam,5302,305.77152132987976,4.279037192873034e-05,0.0,0.023320163423606707,6.611053645998538e-05,,,,
5302,0.001,adam,5303,305.8271541595459,4.176879543520946e-05,0.0,0.01829261947208826,6.006141577615052e-05,,,,
5303,0.001,adam,5304,305.86417388916016,4.2143416641116274e-05,0.0,0.020036148971165426,6.217956656394771e-05,,,,
5304,0.001,adam,5305,305.9174835681915,4.279054238789521e-05,0.0,0.018390437911631464,6.11809811730256e-05,,,,
5305,0.001,adam,5306,305.9612991809845,4.387892821590589e-05,0.0,0.01781522786212077,6.169415692420457e-05,,,,
5306,0.001,adam,5307,305.99662137031555,4.527332654461686e-05,0.0,0.017167768967913912,6.244109632795605e-05,,,,
5307,0.001,adam,5308,306.0423836708069,4.58949177277984e-05,0.0,0.020141386726141092,6.603630541060404e-05,,,,
5308,0.001,adam,5309,306.0895445346832,4.7437326622033734e-05,0.0,0.017413305446125283,6.485063289524665e-05,,,,
5309,0.001,adam,5310,306.1529908180237,5.0162078345117644e-05,0.0,0.022262933838045694,7.242501324059596e-05,,,,
5310,0.001,adam,5311,306.19941091537476,5.619657801409306e-05,0.0,0.01994336118118764,7.613994014253953e-05,,,,
5311,0.001,adam,5312,306.2389702796936,6.337407003745051e-05,0.0,0.01943832800509754,8.281239896581909e-05,,,,
5312,0.001,adam,5313,306.29064083099365,7.599087998259853e-05,0.0,0.01810828185922181,9.409916270191758e-05,,,,
5313,0.001,adam,5314,306.33589124679565,9.16674793962116e-05,0.0,0.030018207059238945,0.00012168568788123888,,,,
5314,0.001,adam,5315,306.3866467475891,0.00011633008502508835,0.0,0.02593624124325853,0.00014226632750025223,,,,
5315,0.001,adam,5316,306.43339920043945,0.0001439992689661834,0.0,0.04006061750682084,0.00018405988837578147,,,,
5316,0.001,adam,5317,306.4773848056793,0.0001786178179922703,0.0,0.01901863890094192,0.0001976364577965491,,,,
5317,0.001,adam,5318,306.52465295791626,0.0002110091201730099,0.0,0.019415584798479567,0.00023042470589368027,,,,
5318,0.001,adam,5319,306.5636467933655,0.00024323754828092464,0.0,0.01689034749836115,0.00026012789658153425,,,,
5319,0.001,adam,5320,306.60665106773376,0.000249952997081768,0.0,0.019474423533868978,0.0002694274215406225,0.0005811881265650078,0.0,0.01896487413635884,0.0006001530016021498
5320,0.001,adam,5321,306.6876575946808,0.0002358273618616117,0.0,0.018888363552437892,0.0002547157263111987,,,,
5321,0.001,adam,5322,306.72193360328674,0.0001796173078426723,0.0,0.021533173088240248,0.00020115048195368338,,,,
5322,0.001,adam,5323,306.77379059791565,0.00010991474166291537,0.0,0.02438999132209276,0.00013430473414347056,,,,
5323,0.001,adam,5324,306.8228600025177,5.433033613245342e-05,0.0,0.025471558912238706,7.980189625452625e-05,,,,
5324,0.001,adam,5325,306.86251854896545,4.149440164854831e-05,0.0,0.018777898655813204,6.027230119626384e-05,,,,
5325,0.001,adam,5326,306.8996961116791,6.575625855656853e-05,0.0,0.018081793353304548,8.383805276871218e-05,,,,
5326,0.001,adam,5327,306.95705246925354,9.832355538074839e-05,0.0,0.022347448845645608,0.00012067100528784087,,,,
5327,0.001,adam,5328,307.0064241886139,0.00011170099219039616,0.0,0.021914937315183167,0.00013361593054648298,,,,
5328,0.001,adam,5329,307.0387165546417,9.137311711246975e-05,0.0,0.01794252715783786,0.00010931564512253193,,,,
5329,0.001,adam,5330,307.0895564556122,6.050664378424845e-05,0.0,0.01675202973463376,7.725867431456093e-05,,,,
5330,0.001,adam,5331,307.1408522129059,4.124287155473703e-05,0.0,0.017131452876845418,5.8374325245282794e-05,,,,
5331,0.001,adam,5332,307.1913299560547,4.499574746524721e-05,0.0,0.019789098619432018,6.478484702461097e-05,,,,
5332,0.001,adam,5333,307.2392373085022,6.279037858330929e-05,0.0,0.01766445412751295,8.045483354983878e-05,,,,
5333,0.001,adam,5334,307.27953720092773,7.125538952094445e-05,0.0,0.022234173208817192,9.34895637858282e-05,,,,
5334,0.001,adam,5335,307.3154056072235,6.54975734211015e-05,0.0,0.018055490529802147,8.355306480849343e-05,,,,
5335,0.001,adam,5336,307.364319562912,4.881000337026928e-05,0.0,0.018788333527285633,6.759833778995287e-05,,,,
5336,0.001,adam,5337,307.4177088737488,4.0241770244840494e-05,0.0,0.020120444141626205,6.036221534213651e-05,,,,
5337,0.001,adam,5338,307.4652316570282,4.399806839800886e-05,0.0,0.02015816933421192,6.415623868968244e-05,,,,
5338,0.001,adam,5339,307.50616908073425,5.1608754057529435e-05,0.0,0.020955093510128992,7.256384856297197e-05,,,,
5339,0.001,adam,5340,307.5422341823578,5.5258148049123334e-05,0.0,0.019591651573074936,7.484980055275179e-05,0.0004221465458928792,0.0,0.018737035201355542,0.0004408835819841962
5340,0.001,adam,5341,307.61400866508484,4.9854125287853965e-05,0.0,0.018543509010182774,6.839763517880616e-05,,,,
5341,0.001,adam,5342,307.6473925113678,4.332490483128844e-05,0.0,0.022189787991193328,6.551469387644015e-05,,,,
5342,0.001,adam,5343,307.6974673271179,3.923662321668189e-05,0.0,0.01858557128432416,5.782219538377332e-05,,,,
5343,0.001,adam,5344,307.74914264678955,4.169089047990549e-05,0.0,0.020215789985428216,6.190668142553221e-05,,,,
5344,0.001,adam,5345,307.79985785484314,4.574841692183423e-05,0.0,0.0180298388443894,6.377825662259503e-05,,,,
5345,0.001,adam,5346,307.85021471977234,4.6438817183767775e-05,0.0,0.01867799542600055,6.511681349692551e-05,,,,
5346,0.001,adam,5347,307.89175271987915,4.421313008064158e-05,0.0,0.01888885109728397,6.310198207509784e-05,,,,
5347,0.001,adam,5348,307.9408338069916,4.1108085876255346e-05,0.0,0.022302366216778495,6.34104531523394e-05,,,,
5348,0.001,adam,5349,307.9775826931,4.1714906890522816e-05,0.0,0.019221906156927072,6.093681396044144e-05,,,,
5349,0.001,adam,5350,308.03385949134827,4.4614554051823e-05,0.0,0.01916941582128523,6.378397078360663e-05,,,,
5350,0.001,adam,5351,308.0782780647278,4.8548782059767894e-05,0.0,0.018500334597166816,6.704911753565345e-05,,,,
5351,0.001,adam,5352,308.1261384487152,4.71815935509085e-05,0.0,0.022429106772188668,6.961070138842257e-05,,,,
5352,0.001,adam,5353,308.16561007499695,4.2063743142040526e-05,0.0,0.019596497272378194,6.16602413452024e-05,,,,
5353,0.001,adam,5354,308.21699380874634,3.992717101102014e-05,0.0,0.015947088042871076,5.5874259811337253e-05,,,,
5354,0.001,adam,5355,308.26207399368286,3.8556532778907405e-05,0.0,0.017369981225134307,5.592651482907155e-05,,,,
5355,0.001,adam,5356,308.30887365341187,3.983577585717865e-05,0.0,0.015734308429417136,5.5570085033935336e-05,,,,
5356,0.001,adam,5357,308.3521649837494,4.1024966431995465e-05,0.0,0.02142875315288233,6.245372060268895e-05,,,,
5357,0.001,adam,5358,308.40151262283325,4.346747735402143e-05,0.0,0.023140759040850806,6.660823749399932e-05,,,,
5358,0.001,adam,5359,308.45052433013916,4.307536168033046e-05,0.0,0.022240823376229603,6.531618611294249e-05,,,,
5359,0.001,adam,5360,308.4990334510803,4.102101642339149e-05,0.0,0.0214369429414748,6.245796038306645e-05,0.00040575057602384204,0.0,0.01871095079558632,0.00042446152770815083
5360,0.001,adam,5361,308.57873034477234,3.9186060718086626e-05,0.0,0.018206607211129006,5.739266879398307e-05,,,,
5361,0.001,adam,5362,308.6242473125458,4.042024976280388e-05,0.0,0.02218249738829476,6.260274820471073e-05,,,,
5362,0.001,adam,5363,308.66065764427185,4.118171592474704e-05,0.0,0.019271650579281745,6.045336741938307e-05,,,,
5363,0.001,adam,5364,308.70808267593384,4.147838552563062e-05,0.0,0.021886558017487432,6.336494458267377e-05,,,,
5364,0.001,adam,5365,308.75576663017273,4.015626316237633e-05,0.0,0.02267041523910381,6.282667947826708e-05,,,,
5365,0.001,adam,5366,308.79341983795166,4.0180044878007606e-05,0.0,0.01809017256386707,5.827021830111176e-05,,,,
5366,0.001,adam,5367,308.84568548202515,4.0120124169627084e-05,0.0,0.0278969442299285,6.801706972458933e-05,,,,
5367,0.001,adam,5368,308.8877680301666,4.112897582332096e-05,0.0,0.01798510294392216,5.9114079621489676e-05,,,,
5368,0.001,adam,5369,308.9299223423004,4.04354495451551e-05,0.0,0.02051701291706083,6.0952463436721746e-05,,,,
5369,0.001,adam,5370,308.98482942581177,3.985986825072062e-05,0.0,0.01897597836681463,5.8835847518845856e-05,,,,
5370,0.001,adam,5371,309.0343933105469,3.9008223023179436e-05,0.0,0.019857558037447355,5.886578200381019e-05,,,,
5371,0.001,adam,5372,309.0813088417053,3.8265122912348e-05,0.0,0.018825211665677098,5.709033547217467e-05,,,,
5372,0.001,adam,5373,309.1244032382965,3.852435013194948e-05,0.0,0.017023645639311635,5.5547996579840897e-05,,,,
5373,0.001,adam,5374,309.1712999343872,4.036227792099155e-05,0.0,0.024193455485177047,6.455573455529607e-05,,,,
5374,0.001,adam,5375,309.2227520942688,4.131321477041098e-05,0.0,0.019310008815516123,6.06232245031033e-05,,,,
5375,0.001,adam,5376,309.2621326446533,4.032836122819035e-05,0.0,0.028157291733428125,6.848565429901806e-05,,,,
5376,0.001,adam,5377,309.30276703834534,4.102195830771912e-05,0.0,0.020125512138682515,6.114747140231217e-05,,,,
5377,0.001,adam,5378,309.3577802181244,4.078305746987763e-05,0.0,0.02031964030298859,6.110269873799734e-05,,,,
5378,0.001,adam,5379,309.4032564163208,4.0189975012627186e-05,0.0,0.016165342659384695,5.635531843982446e-05,,,,
5379,0.001,adam,5380,309.4506182670593,3.9721906253010266e-05,0.0,0.019921942905301547,5.9643850104553325e-05,0.00040674689749973353,0.0,0.018508992969583436,0.00042525589134844696
5380,0.001,adam,5381,309.53053736686707,4.035133810064051e-05,0.0,0.01926815513963732,5.961949415546609e-05,,,,
5381,0.001,adam,5382,309.5773956775665,4.1795526718890775e-05,0.0,0.0220955579583332,6.389108572670666e-05,,,,
5382,0.001,adam,5383,309.60895323753357,4.270138068899165e-05,0.0,0.029858026427616265,7.255940853478807e-05,,,,
5383,0.001,adam,5384,309.67027735710144,4.574672116590328e-05,0.0,0.02006391480883956,6.581063692772765e-05,,,,
5384,0.001,adam,5385,309.72198939323425,5.0377624789881834e-05,0.0,0.020516565862306737,7.089419162667316e-05,,,,
5385,0.001,adam,5386,309.77140951156616,5.9971800513920945e-05,0.0,0.017170365732667676,7.714216706213722e-05,,,,
5386,0.001,adam,5387,309.80559611320496,7.315465659160793e-05,0.0,0.028331368040942672,0.00010148602597821838,,,,
5387,0.001,adam,5388,309.8616223335266,9.587449636846121e-05,0.0,0.016123048772573787,0.00011199754590683871,,,,
5388,0.001,adam,5389,309.90895771980286,0.00013003854387196698,0.0,0.01913198895425816,0.00014917053373494584,,,,
5389,0.001,adam,5390,309.9545159339905,0.0001750543602846089,0.0,0.023208250064496207,0.00019826261145143784,,,,
5390,0.001,adam,5391,310.00231885910034,0.0002476294630210208,0.0,0.026592091904968734,0.0002742215561890461,,,,
5391,0.001,adam,5392,310.04559803009033,0.00030026439212079337,0.0,0.024493456034385096,0.0003247578493185552,,,,
5392,0.001,adam,5393,310.0918035507202,0.00037137308739762975,0.0,0.027853693641297573,0.0003992267823619068,,,,
5393,0.001,adam,5394,310.12843894958496,0.00031229691500961446,0.0,0.019655369511203852,0.0003319522854543983,,,,
5394,0.001,adam,5395,310.1904947757721,0.00022318500771045132,0.0,0.02023777569489832,0.0002434227843665924,,,,
5395,0.001,adam,5396,310.2357792854309,9.674194875777914e-05,0.0,0.022400498430815808,0.00011914244825256154,,,,
5396,0.001,adam,5397,310.27649092674255,4.0391792444078334e-05,0.0,0.018803350219010403,5.9195143556199946e-05,,,,
5397,0.001,adam,5398,310.3165228366852,6.99665391787027e-05,0.0,0.024288638113567258,9.425517844591837e-05,,,,
5398,0.001,adam,5399,310.3590838909149,0.0001427257777993997,0.0,0.02225283383608135,0.00016497861269243393,,,,
5399,0.001,adam,5400,310.4124491214752,0.00020395754846085757,0.0,0.030834453168505103,0.0002347920030939206,0.0005175075885105148,0.0,0.018307898596741787,0.0005358154879768351
5400,0.001,adam,5401,310.51154589653015,0.0001810841377348517,0.0,0.02711077574193511,0.00020819491476447958,,,,
5401,0.001,adam,5402,310.5547432899475,0.00011067297135840928,0.0,0.02231715418295336,0.0001329901266013706,,,,
5402,0.001,adam,5403,310.604856967926,5.0853692346438226e-05,0.0,0.024706238496831744,7.555993201675332e-05,,,,
5403,0.001,adam,5404,310.64258003234863,5.9782670245007543e-05,0.0,0.014872425505588432,7.465509645699828e-05,,,,
5404,0.001,adam,5405,310.6873438358307,0.00010327357647234958,0.0,0.01869121368995337,0.00012196479105008796,,,,
5405,0.001,adam,5406,310.7318911552429,0.00011804009518294482,0.0,0.022987633492642275,0.0001410277297674411,,,,
5406,0.001,adam,5407,310.76566314697266,9.197311717431587e-05,0.0,0.024528581291882536,0.00011650169963124351,,,,
5407,0.001,adam,5408,310.8295078277588,5.637808294136203e-05,0.0,0.017405824822761214,7.378390859085556e-05,,,,
5408,0.001,adam,5409,310.87248277664185,4.611674894699835e-05,0.0,0.018968557818674348,6.508530766663085e-05,,,,
5409,0.001,adam,5410,310.9098858833313,6.57683577980573e-05,0.0,0.021561217316375086,8.732957613853525e-05,,,,
5410,0.001,adam,5411,310.9545736312866,8.377273734937275e-05,0.0,0.037064610447370874,0.00012083734955721815,,,,
5411,0.001,adam,5412,310.9994080066681,7.219874164434334e-05,0.0,0.018698885785129248,9.0897628317622e-05,,,,
5412,0.001,adam,5413,311.0578866004944,5.0809799381247835e-05,0.0,0.018687179867646963,6.949698013648822e-05,,,,
5413,0.001,adam,5414,311.1022861003876,4.4959900184767284e-05,0.0,0.019422502387350337,6.438240349463699e-05,,,,
5414,0.001,adam,5415,311.1389420032501,5.31170432943717e-05,0.0,0.04634833660442532,9.946538210022488e-05,,,,
5415,0.001,adam,5416,311.19633078575134,6.181706569347112e-05,0.0,0.01821851244641191,8.003557900521594e-05,,,,
5416,0.001,adam,5417,311.2421729564667,5.919137858885487e-05,0.0,0.026095176997752722,8.5286556826062e-05,,,,
5417,0.001,adam,5418,311.2870571613312,4.982697236486983e-05,0.0,0.026027283163380332,7.585425676447978e-05,,,,
5418,0.001,adam,5419,311.32926988601685,4.344517021169988e-05,0.0,0.019872380096072183,6.331755125165946e-05,,,,
5419,0.001,adam,5420,311.3801293373108,4.428577769426909e-05,0.0,0.019666010998161183,6.395178962651567e-05,0.0004131920306370695,0.0,0.019090031122735066,0.00043228206266653237
5420,0.001,adam,5421,311.46119379997253,4.8817299526799255e-05,0.0,0.020528960853484778,6.934626135535736e-05,,,,
5421,0.001,adam,5422,311.4956102371216,4.652283867488777e-05,0.0,0.022318501403462344,6.884134113842205e-05,,,,
5422,0.001,adam,5423,311.5456042289734,4.4270415914811334e-05,0.0,0.017891378525872026,6.216179529047824e-05,,,,
5423,0.001,adam,5424,311.5955331325531,4.2444516192817916e-05,0.0,0.020171233796204963,6.261575094710507e-05,,,,
5424,0.001,adam,5425,311.6325480937958,4.1250695429232104e-05,0.0,0.018546532649294532,5.979722895943967e-05,,,,
5425,0.001,adam,5426,311.68203043937683,4.26762962614789e-05,0.0,0.016717977636069796,5.939427469161003e-05,,,,
5426,0.001,adam,5427,311.7277901172638,4.223259731789139e-05,0.0,0.020850884045480293,6.308348235373553e-05,,,,
5427,0.001,adam,5428,311.7626578807831,4.202897708699428e-05,0.0,0.01603621162387354,5.8065189472547e-05,,,,
5428,0.001,adam,5429,311.8251814842224,4.0173865324528845e-05,0.0,0.023849019465486104,6.40228859227826e-05,,,,
5429,0.001,adam,5430,311.85748767852783,4.047706829078989e-05,0.0,0.033352517721611644,7.382958759656112e-05,,,,
5430,0.001,adam,5431,311.9089353084564,4.0395528687641194e-05,0.0,0.015398449318145912,5.5793978737174205e-05,,,,
5431,0.001,adam,5432,311.9486391544342,3.939601441261629e-05,0.0,0.029408814460799303,6.880483027025932e-05,,,,
5432,0.001,adam,5433,312.0001926422119,4.087548760853853e-05,0.0,0.017157706861948487,5.803319528543437e-05,,,,
5433,0.001,adam,5434,312.05054473876953,3.894104023647431e-05,0.0,0.016544044662152185,5.548508568442645e-05,,,,
5434,0.001,adam,5435,312.1005403995514,3.811503100256106e-05,0.0,0.018428127381200865,5.654315925905101e-05,,,,
5435,0.001,adam,5436,312.15376830101013,3.785242805562782e-05,0.0,0.020488147267935318,5.834057629669792e-05,,,,
5436,0.001,adam,5437,312.1936819553375,3.837026863326458e-05,0.0,0.022692521566796853,6.106279127789837e-05,,,,
5437,0.001,adam,5438,312.2442741394043,3.893730151014774e-05,0.0,0.023566757648735722,6.250406027824439e-05,,,,
5438,0.001,adam,5439,312.28063130378723,3.826059029415361e-05,0.0,0.018118408059300393,5.63789992140322e-05,,,,
5439,0.001,adam,5440,312.3383939266205,3.786295880759029e-05,0.0,0.020064744919488252,5.792770468010278e-05,0.00040330987953281954,0.0,0.018283470261986616,0.00042159335066322437
5440,0.001,adam,5441,312.40309739112854,3.77474558538268e-05,0.0,0.022698307020090697,6.0445763952029236e-05,,,,
5441,0.001,adam,5442,312.449818611145,3.844031400149505e-05,0.0,0.01876198425160173,5.7202299144243216e-05,,,,
5442,0.001,adam,5443,312.50669145584106,3.8954549288079655e-05,0.0,0.01778804670882761,5.674259684179415e-05,,,,
5443,0.001,adam,5444,312.564560174942,3.84360977198002e-05,0.0,0.021455391034890053,5.989148977376664e-05,,,,
5444,0.001,adam,5445,312.6081373691559,3.8353819387929696e-05,0.0,0.019425617981613005,5.7779438292210045e-05,,,,
5445,0.001,adam,5446,312.64440989494324,4.015546195452622e-05,0.0,0.01685270200394892,5.700816475893553e-05,,,,
5446,0.001,adam,5447,312.6964831352234,4.082450204099884e-05,0.0,0.022346822318128293,6.317132542054424e-05,,,,
5447,0.001,adam,5448,312.74788641929626,4.003248361601243e-05,0.0,0.018748556319771383,5.878104082629245e-05,,,,
5448,0.001,adam,5449,312.782546043396,3.845616799402421e-05,0.0,0.020482687492367754,5.893885645926741e-05,,,,
5449,0.001,adam,5450,312.83944606781006,3.774647350485066e-05,0.0,0.016856769915270225,5.4603244220774496e-05,,,,
5450,0.001,adam,5451,312.88217663764954,3.927490910653613e-05,0.0,0.022490496890649695,6.17654070654271e-05,,,,
5451,0.001,adam,5452,312.93332266807556,4.37089625735131e-05,0.0,0.0163892885451093,6.009825189707184e-05,,,,
5452,0.001,adam,5453,312.9789688587189,4.73919160191518e-05,0.0,0.023564104298804813,7.095602143719152e-05,,,,
5453,0.001,adam,5454,313.02397751808167,4.496993755774391e-05,0.0,0.021887873640650063,6.685781223801217e-05,,,,
5454,0.001,adam,5455,313.0693061351776,4.051922891468861e-05,0.0,0.02006070757818478,6.057993744570587e-05,,,,
5455,0.001,adam,5456,313.1142191886902,3.852552115590274e-05,0.0,0.02180626493833521,6.033178712997996e-05,,,,
5456,0.001,adam,5457,313.14782762527466,3.927780352770126e-05,0.0,0.026516503751712182,6.579430853887979e-05,,,,
5457,0.001,adam,5458,313.19561290740967,4.320911116727173e-05,0.0,0.022715120817826145,6.592423306400822e-05,,,,
5458,0.001,adam,5459,313.2528429031372,4.538701636113535e-05,0.0,0.0184548709510756,6.384188818877028e-05,,,,
5459,0.001,adam,5460,313.2887706756592,4.331426538545939e-05,0.0,0.02057729136602035,6.389155772884863e-05,0.0003946328903095597,0.0,0.019504979349867387,0.0004141378705858639
5460,0.001,adam,5461,313.37116980552673,3.89024109998512e-05,0.0,0.017627224441456285,5.652963627855572e-05,,,,
5461,0.001,adam,5462,313.42608284950256,3.752800701419914e-05,0.0,0.016600096281417693,5.41281040840791e-05,,,,
5462,0.001,adam,5463,313.4794170856476,4.1168226178508095e-05,0.0,0.01935615805334099,6.052438515121726e-05,,,,
5463,0.001,adam,5464,313.5314631462097,4.4437646121366135e-05,0.0,0.019682148515334515,6.411979557155254e-05,,,,
5464,0.001,adam,5465,313.571790933609,4.5131019006253276e-05,0.0,0.019184838245948743,6.431585816343294e-05,,,,
5465,0.001,adam,5466,313.6297433376312,4.197334356128628e-05,0.0,0.020142770136128647,6.211611465414517e-05,,,,
5466,0.001,adam,5467,313.67591166496277,3.867158565404936e-05,0.0,0.01901039844667309,5.7681985003667924e-05,,,,
5467,0.001,adam,5468,313.7211174964905,3.829474086879728e-05,0.0,0.017094909101795196,5.538965078255709e-05,,,,
5468,0.001,adam,5469,313.76779198646545,3.987664443812424e-05,0.0,0.017889757490172943,5.776640277801507e-05,,,,
5469,0.001,adam,5470,313.8025414943695,4.207331726564749e-05,0.0,0.017986177607492954,6.005949572743804e-05,,,,
5470,0.001,adam,5471,313.85344314575195,4.047670033528086e-05,0.0,0.0223514309785109,6.282813237542776e-05,,,,
5471,0.001,adam,5472,313.91015362739563,3.814818969432901e-05,0.0,0.018682476109235357,5.683066669093437e-05,,,,
5472,0.001,adam,5473,313.957022190094,3.640440764697355e-05,0.0,0.022747440979915313,5.915184970733434e-05,,,,
5473,0.001,adam,5474,314.00311636924744,3.7228145027416234e-05,0.0,0.020328690769271417,5.755683676224865e-05,,,,
5474,0.001,adam,5475,314.0452220439911,3.8798128340615415e-05,0.0,0.017448854851026076,5.624698402041762e-05,,,,
5475,0.001,adam,5476,314.0888202190399,3.9263432328719685e-05,0.0,0.02065754965615711,5.992098296605775e-05,,,,
5476,0.001,adam,5477,314.1366469860077,3.9249326403251104e-05,0.0,0.01614369557720822,5.539302274724372e-05,,,,
5477,0.001,adam,5478,314.1868438720703,3.750571509370325e-05,0.0,0.023714998477248478,6.122071469735371e-05,,,,
5478,0.001,adam,5479,314.2342836856842,3.64960078287442e-05,0.0,0.017946540520028923,5.444254920118806e-05,,,,
5479,0.001,adam,5480,314.269061088562,3.744461014844558e-05,0.0,0.01877334680170096,5.621795784183266e-05,0.0003983561274494841,0.0,0.017943358930705252,0.0004162994872324532
5480,0.001,adam,5481,314.3401474952698,3.863226757790812e-05,0.0,0.018380948170519624,5.701321662147593e-05,,,,
5481,0.001,adam,5482,314.37328362464905,3.9536362805745105e-05,0.0,0.01583105391142823,5.536741746910804e-05,,,,
5482,0.001,adam,5483,314.4207944869995,3.867268718878524e-05,0.0,0.029532063430428523,6.82047520219115e-05,,,,
5483,0.001,adam,5484,314.4736680984497,3.821080747154407e-05,0.0,0.018776367437703473,5.698717580107714e-05,,,,
5484,0.001,adam,5485,314.51896047592163,3.734387125829309e-05,0.0,0.02150435575580365,5.884822803549883e-05,,,,
5485,0.001,adam,5486,314.55300283432007,3.8303449328524646e-05,0.0,0.017842887004515744,5.6146337180532045e-05,,,,
5486,0.001,adam,5487,314.60489535331726,3.878910001230933e-05,0.0,0.01934417266496414,5.813327359607237e-05,,,,
5487,0.001,adam,5488,314.6481864452362,3.885463401084996e-05,0.0,0.027972038014102342,6.682667335355282e-05,,,,
5488,0.001,adam,5489,314.68557691574097,3.8696294785400934e-05,0.0,0.017389482181263016,5.608577779262003e-05,,,,
5489,0.001,adam,5490,314.7475941181183,3.9414407879367873e-05,0.0,0.025729565859844695,6.514397496130137e-05,,,,
5490,0.001,adam,5491,314.78953433036804,4.066506628978691e-05,0.0,0.018381745694647615,5.9046812857520596e-05,,,,
5491,0.001,adam,5492,314.83345460891724,4.3105321474513176e-05,0.0,0.018301011262163113,6.140633360592767e-05,,,,
5492,0.001,adam,5493,314.87632036209106,4.523504276403445e-05,0.0,0.01988514239799638,6.512018610652441e-05,,,,
5493,0.001,adam,5494,314.93425583839417,5.024456477369452e-05,0.0,0.018907576812053118,6.915214248380934e-05,,,,
5494,0.001,adam,5495,314.9795734882355,5.4686496206295174e-05,0.0,0.025440275222600783,8.01267726372442e-05,,,,
5495,0.001,adam,5496,315.01763248443604,6.369630296042492e-05,0.0,0.01973341456307584,8.342971846078765e-05,,,,
5496,0.001,adam,5497,315.07718229293823,7.544435706408916e-05,0.0,0.020297591063969368,9.574194909214236e-05,,,,
5497,0.001,adam,5498,315.12889862060547,9.52199204239079e-05,0.0,0.017419508466146327,0.00011263942971743648,,,,
5498,0.001,adam,5499,315.1672739982605,0.00011882563183689232,0.0,0.017344379744177855,0.000136170012404884,,,,
5499,0.001,adam,5500,315.2220721244812,0.0001540612019553483,0.0,0.02173015603194894,0.00017579135901942425,0.0005598157816820161,0.0,0.01920809300951663,0.0005790238756038682
5500,0.001,adam,5501,315.29984498023987,0.0001943091893281807,0.0,0.020407766317238937,0.00021471695661473653,,,,
5501,0.001,adam,5502,315.3351294994354,0.000243569829370969,0.0,0.017841533765756656,0.00026141136398415306,,,,
5502,0.001,adam,5503,315.39185190200806,0.00027342155578155406,0.0,0.017829896916525027,0.00029125145354495373,,,,
5503,0.001,adam,5504,315.4344198703766,0.0002813048053457041,0.0,0.019112039358776506,0.00030041684561225374,,,,
5504,0.001,adam,5505,315.4753324985504,0.00023708085234473418,0.0,0.019002793623019706,0.00025608364687033816,,,,
5505,0.001,adam,5506,315.51810455322266,0.00016362904353776586,0.0,0.017093798522796085,0.0001807228428724738,,,,
5506,0.001,adam,5507,315.55668544769287,8.094640872929274e-05,0.0,0.024553163317295484,0.0001054995732128009,,,,
5507,0.001,adam,5508,315.6160590648651,4.0226272677138e-05,0.0,0.019275449998468457,5.950172359114121e-05,,,,
5508,0.001,adam,5509,315.6650969982147,5.350180891937673e-05,0.0,0.016332499247491722,6.983430894262055e-05,,,,
5509,0.001,adam,5510,315.7089328765869,9.332335358481671e-05,0.0,0.021751872770711007,0.00011507522738868624,,,,
5510,0.001,adam,5511,315.7487118244171,0.00012068147586676723,0.0,0.02212090721122042,0.00014280238412867438,,,,
5511,0.001,adam,5512,315.80313658714294,0.00010662245059236581,0.0,0.01886977619881052,0.0001254922276874426,,,,
5512,0.001,adam,5513,315.83982706069946,6.989645959626001e-05,0.0,0.024400509891300447,9.429697064652249e-05,,,,
5513,0.001,adam,5514,315.8960349559784,4.169432599247379e-05,0.0,0.028924676993140087,7.061900435946232e-05,,,,
5514,0.001,adam,5515,315.9348294734955,4.373353617278184e-05,0.0,0.017656190630456804,6.13897276418627e-05,,,,
5515,0.001,adam,5516,315.98445987701416,6.394984937092566e-05,0.0,0.017525061153144644,8.147491135646604e-05,,,,
5516,0.001,adam,5517,316.0454580783844,7.562439195830225e-05,0.0,0.015629143803116086,9.125353650376283e-05,,,,
5517,0.001,adam,5518,316.0906870365143,6.712055038534028e-05,0.0,0.01638156487185754,8.35021160352804e-05,,,,
5518,0.001,adam,5519,316.1280424594879,4.792719302316476e-05,0.0,0.023722643475538995,7.164983762546885e-05,,,,
5519,0.001,adam,5520,316.1830942630768,3.906790185142341e-05,0.0,0.017854762627142685,5.6922665326621814e-05,0.00040494976890780834,0.0,0.019408770321065905,0.00042435854015074136
5520,0.001,adam,5521,316.2673406600952,4.5318980430075974e-05,0.0,0.021583260597778965,6.690224205300481e-05,,,,
5521,0.001,adam,5522,316.3191339969635,5.542287219125397e-05,0.0,0.01986210995656222,7.52849830912158e-05,,,,
5522,0.001,adam,5523,316.3616716861725,5.7221676665020416e-05,0.0,0.0197082847209439,7.69299623220576e-05,,,,
5523,0.001,adam,5524,316.4066090583801,4.823842043188212e-05,0.0,0.019594342467384764,6.783276382994821e-05,,,,
5524,0.001,adam,5525,316.44903659820557,4.2653966869009667e-05,0.0,0.019479650576439224,6.213361837068264e-05,,,,
5525,0.001,adam,5526,316.4802796840668,4.331992086966e-05,0.0,0.019673012063703255,6.29929338677812e-05,,,,
5526,0.001,adam,5527,316.53243827819824,4.774105535648483e-05,0.0,0.016593584718969864,6.433464086360768e-05,,,,
5527,0.001,adam,5528,316.5954837799072,4.922954726282505e-05,0.0,0.01741277589741585,6.664232398730338e-05,,,,
5528,0.001,adam,5529,316.641637802124,4.448912596089671e-05,0.0,0.03594717638461849,8.043630405291447e-05,,,,
5529,0.001,adam,5530,316.6880774497986,4.0118943259612404e-05,0.0,0.020438862199684944,6.055780643009121e-05,,,,
5530,0.001,adam,5531,316.73172092437744,3.9676892113874226e-05,0.0,0.021792384412977504,6.146927756193445e-05,,,,
5531,0.001,adam,5532,316.7651309967041,4.4082502218340356e-05,0.0,0.02040340514923355,6.448590833668365e-05,,,,
5532,0.001,adam,5533,316.82143235206604,4.57268968322645e-05,0.0,0.021849763658413374,6.757666152848595e-05,,,,
5533,0.001,adam,5534,316.8593702316284,4.2443841266476505e-05,0.0,0.024321052410199304,6.676489483186381e-05,,,,
5534,0.001,adam,5535,316.903315782547,3.8419309444231055e-05,0.0,0.017174662255970745,5.559397251595448e-05,,,,
5535,0.001,adam,5536,316.9644703865051,3.736414833121633e-05,0.0,0.01859374409719972,5.5957893311571504e-05,,,,
5536,0.001,adam,5537,317.01338815689087,3.8445296257741235e-05,0.0,0.023011635236393175,6.145693258712844e-05,,,,
5537,0.001,adam,5538,317.0587112903595,3.911556939301379e-05,0.0,0.02149199006097647,6.060756047480501e-05,,,,
5538,0.001,adam,5539,317.1058452129364,4.061087278363363e-05,0.0,0.05801947699727672,9.863035253668764e-05,,,,
5539,0.001,adam,5540,317.14578890800476,4.054969403432541e-05,0.0,0.021577317080373675,6.212701213956665e-05,0.0003996877421303859,0.0,0.019097644532272955,0.00041878538756974834
5540,0.001,adam,5541,317.2225377559662,4.185863707790834e-05,0.0,0.018695878929246037,6.055451689516098e-05,,,,
5541,0.001,adam,5542,317.28396558761597,4.361023847416276e-05,0.0,0.017953409094488428,6.156364842139236e-05,,,,
5542,0.001,adam,5543,317.3291437625885,4.278165011800007e-05,0.0,0.018595404492244172,6.137705549347857e-05,,,,
5543,0.001,adam,5544,317.37874698638916,3.9911845712746386e-05,0.0,0.02296559087995213,6.287743768350554e-05,,,,
5544,0.001,adam,5545,317.43677830696106,3.9010599189573325e-05,0.0,0.020143821323436225,5.915442146978972e-05,,,,
5545,0.001,adam,5546,317.474796295166,3.8133217121223326e-05,0.0,0.015924105956091672,5.405732383366945e-05,,,,
5546,0.001,adam,5547,317.5212209224701,3.835042604269338e-05,0.0,0.020301648497338308,5.8652075504308243e-05,,,,
5547,0.001,adam,5548,317.57492184638977,3.7351269506724936e-05,0.0,0.0218946106798391,5.9245881226502244e-05,,,,
5548,0.001,adam,5549,317.61409544944763,3.710660604726705e-05,0.0,0.017593812079903924,5.470041896283221e-05,,,,
5549,0.001,adam,5550,317.6674406528473,3.675215784174607e-05,0.0,0.019077062339027628,5.582922108688554e-05,,,,
5550,0.001,adam,5551,317.7085077762604,3.6900993732310234e-05,0.0,0.016721599994819834,5.362259452136345e-05,,,,
5551,0.001,adam,5552,317.75288105010986,3.7061111342329945e-05,0.0,0.018062754440224326,5.512386664048907e-05,,,,
5552,0.001,adam,5553,317.8005881309509,3.6680873560471804e-05,0.0,0.016034918986996206,5.2715793309085794e-05,,,,
5553,0.001,adam,5554,317.86170959472656,3.6490041260399155e-05,0.0,0.01759388586649572,5.408392796255961e-05,,,,
5554,0.001,adam,5555,317.9067361354828,3.654725963016308e-05,0.0,0.01901303234141908,5.5560292874652735e-05,,,,
5555,0.001,adam,5556,317.95198035240173,3.7356879621225745e-05,0.0,0.39573021438593087,0.0004330871128033332,,,,
5556,0.001,adam,5557,318.00260496139526,3.8458908636862146e-05,0.0,0.01833018814566286,5.678909765316222e-05,,,,
5557,0.001,adam,5558,318.0475962162018,3.891922050793181e-05,0.0,0.014179899138207872,5.309912031964875e-05,,,,
5558,0.001,adam,5559,318.0950882434845,3.8048076234113144e-05,0.0,0.020169039865836763,5.82171170579279e-05,,,,
5559,0.001,adam,5560,318.13066840171814,3.83680769292946e-05,0.0,0.022315666637664787,6.068374462689668e-05,0.0004075715805560913,0.0,0.01937684658202213,0.00042694842805846424
5560,0.001,adam,5561,318.2146260738373,3.8305074786954455e-05,0.0,0.021637935421030912,5.994301123573215e-05,,,,
5561,0.001,adam,5562,318.26708340644836,4.213894998056294e-05,0.0,0.01552392197459461,5.766287269250428e-05,,,,
5562,0.001,adam,5563,318.3194181919098,4.535462170569747e-05,0.0,0.018664492388243824,6.40191149804571e-05,,,,
5563,0.001,adam,5564,318.3714361190796,4.869331313121815e-05,0.0,0.019144496760521518,6.783781080105446e-05,,,,
5564,0.001,adam,5565,318.42288994789124,5.099902951952213e-05,0.0,0.023762707743867916,7.476173839205811e-05,,,,
5565,0.001,adam,5566,318.46270966529846,5.714879371980631e-05,0.0,0.015450591120652956,7.259938557432297e-05,,,,
5566,0.001,adam,5567,318.51253628730774,6.112006664419461e-05,0.0,0.025176028596653265,8.629609643664506e-05,,,,
5567,0.001,adam,5568,318.5567514896393,6.982575059873637e-05,0.0,0.018307705658892264,8.8133457127198e-05,,,,
5568,0.001,adam,5569,318.6054813861847,7.737368078882369e-05,0.0,0.025784060959487598,0.00010315774297298847,,,,
5569,0.001,adam,5570,318.63990020751953,8.480893605554867e-05,0.0,0.05012350046741032,0.0001349324389036975,,,,
5570,0.001,adam,5571,318.69833970069885,9.186943617932332e-05,0.0,0.019150369309757977,0.00011101980639867502,,,,
5571,0.001,adam,5572,318.74111771583557,9.589983133415454e-05,0.0,0.01604518475499032,0.00011194501685125024,,,,
5572,0.001,adam,5573,318.7786853313446,9.639471733221644e-05,0.0,0.02169840086733352,0.0001180931192301687,,,,
5573,0.001,adam,5574,318.8275213241577,9.22416687475454e-05,0.0,0.016961676776119927,0.00010920334632930175,,,,
5574,0.001,adam,5575,318.89025926589966,8.601124806587599e-05,0.0,0.018928700074359726,0.00010493994903930072,,,,
5575,0.001,adam,5576,318.9273042678833,7.683560094782357e-05,0.0,0.0188497543603594,9.568535620349826e-05,,,,
5576,0.001,adam,5577,318.97630548477173,6.452686405466617e-05,0.0,0.01930563491254348,8.38324998841781e-05,,,,
5577,0.001,adam,5578,319.0364830493927,5.438041957088837e-05,0.0,0.01852164279973722,7.290206325035641e-05,,,,
5578,0.001,adam,5579,319.0816135406494,4.510505177908641e-05,0.0,0.02185216871542344,6.695722153243217e-05,,,,
5579,0.001,adam,5580,319.12151741981506,4.020210393436517e-05,0.0,0.017169256214243072,5.737136096410415e-05,0.00040387726219216075,0.0,0.017940109579264146,0.00042181737262353435
5580,0.001,adam,5581,319.2087688446045,3.677696652213135e-05,0.0,0.016938065348444765,5.371503267509105e-05,,,,
5581,0.001,adam,5582,319.2621455192566,3.6935032083018e-05,0.0,0.025935518910378104,6.287055222526715e-05,,,,
5582,0.001,adam,5583,319.30518674850464,3.933371429856567e-05,0.0,0.017384757355682533,5.6718472479979865e-05,,,,
5583,0.001,adam,5584,319.3460199832916,4.187047478274912e-05,0.0,0.019921261330479313,6.179173705943758e-05,,,,
5584,0.001,adam,5585,319.3889265060425,4.608283714109216e-05,0.0,0.018551351604802313,6.46341896270364e-05,,,,
5585,0.001,adam,5586,319.43860840797424,4.849515397730902e-05,0.0,0.01779260884640403,6.628776366881663e-05,,,,
5586,0.001,adam,5587,319.47304677963257,5.2438295506079745e-05,0.0,0.018138035035877433,7.057633140346761e-05,,,,
5587,0.001,adam,5588,319.5263934135437,5.409469154573178e-05,0.0,0.018799864888232792,7.289455732691023e-05,,,,
5588,0.001,adam,5589,319.5740087032318,5.455242007248795e-05,0.0,0.01878262609213229,7.333504705674712e-05,,,,
5589,0.001,adam,5590,319.61825037002563,4.9069213864979566e-05,0.0,0.028710970079466734,7.77801853081442e-05,,,,
5590,0.001,adam,5591,319.6584692001343,4.417714654630185e-05,0.0,0.01937512306796689,6.35522705345377e-05,,,,
5591,0.001,adam,5592,319.7171382904053,3.9455225398821956e-05,0.0,0.020830939339502457,6.0286165727740937e-05,,,,
5592,0.001,adam,5593,319.76399660110474,3.827315518906281e-05,0.0,0.02171825315097422,5.99914093715987e-05,,,,
5593,0.001,adam,5594,319.80960726737976,3.771992692282381e-05,0.0,0.015612844793333677,5.3332772457727825e-05,,,,
5594,0.001,adam,5595,319.85213232040405,3.9212549317202995e-05,0.0,0.021242538800462916,6.045508912663236e-05,,,,
5595,0.001,adam,5596,319.90389251708984,4.2389561767233063e-05,0.0,0.021009744766327876,6.339930753147027e-05,,,,
5596,0.001,adam,5597,319.9378271102905,4.40882167145642e-05,0.0,0.021270955469347392,6.535917319422775e-05,,,,
5597,0.001,adam,5598,320.00033164024353,4.212871838352281e-05,0.0,0.01857838846307195,6.070710772902086e-05,,,,
5598,0.001,adam,5599,320.0387382507324,3.841361296305843e-05,0.0,0.024875373402541496,6.328898754711676e-05,,,,
5599,0.001,adam,5600,320.0965359210968,3.889318235432013e-05,0.0,0.019569522162602555,5.846270544642511e-05,0.0004135334800720738,0.0,0.019038721507208253,0.00043257220248357276
5600,0.001,adam,5601,320.17958331108093,4.2202578481527607e-05,0.0,0.01814381144051706,6.034639078382947e-05,,,,
5601,0.001,adam,5602,320.22050619125366,4.727275433271673e-05,0.0,0.019686864663550747,6.695961993134338e-05,,,,
5602,0.001,adam,5603,320.2687175273895,4.996437083028716e-05,0.0,0.017018163156417226,6.698253479502377e-05,,,,
5603,0.001,adam,5604,320.3322811126709,4.740185405956913e-05,0.0,0.01677575371034067,6.417760856671534e-05,,,,
5604,0.001,adam,5605,320.37356638908386,4.335250458291253e-05,0.0,0.024707886250744833,6.806039200721899e-05,,,,
5605,0.001,adam,5606,320.4239320755005,4.031141126751858e-05,0.0,0.019765230404482276,6.007664261079892e-05,,,,
5606,0.001,adam,5607,320.4696271419525,3.880508089104994e-05,0.0,0.016904504480478064,5.570958617444888e-05,,,,
5607,0.001,adam,5608,320.52713346481323,4.171182295212833e-05,0.0,0.0185984798857662,6.031030372127493e-05,,,,
5608,0.001,adam,5609,320.58972573280334,4.383820710156389e-05,0.0,0.020697770533169003,6.453597861782423e-05,,,,
5609,0.001,adam,5610,320.63254857063293,4.4146596103459705e-05,0.0,0.016138386040043726,6.028498291003564e-05,,,,
5610,0.001,adam,5611,320.67577052116394,4.122331483180315e-05,0.0,0.015280760696089888,5.6504076253690224e-05,,,,
5611,0.001,adam,5612,320.73007249832153,3.9611807935064145e-05,0.0,0.018298568695117083,5.79103774993166e-05,,,,
5612,0.001,adam,5613,320.7753703594208,3.7272298550305685e-05,0.0,0.09756496021948795,0.00013483726340388059,,,,
5613,0.001,adam,5614,320.82076954841614,3.763595943208313e-05,0.0,0.014425039045780361,5.2060999163016084e-05,,,,
5614,0.001,adam,5615,320.8618366718292,3.778933742074514e-05,0.0,0.01676576878347637,5.4555107000552795e-05,,,,
5615,0.001,adam,5616,320.914128780365,3.783397693645385e-05,0.0,0.02906676141077419,6.690073972782512e-05,,,,
5616,0.001,adam,5617,320.96271991729736,3.746155525084553e-05,0.0,0.021257616289132645,5.8719172549660776e-05,,,,
5617,0.001,adam,5618,321.0087912082672,3.7277788415195694e-05,0.0,0.016290900675578916,5.3568689864550874e-05,,,,
5618,0.001,adam,5619,321.04943108558655,3.7008593067958894e-05,0.0,0.01813404029096484,5.514263422024443e-05,,,,
5619,0.001,adam,5620,321.0914976596832,3.6410257461899265e-05,0.0,0.019073185289802164,5.548344365762912e-05,0.0003963549241770601,0.0,0.018031690416715762,0.0004143866154502352
5620,0.001,adam,5621,321.16237235069275,3.595359214085587e-05,0.0,0.018391813436652533,5.4345406451072664e-05,,,,
5621,0.001,adam,5622,321.205513715744,3.580886951218177e-05,0.0,0.016856283561334957,5.266515387414724e-05,,,,
5622,0.001,adam,5623,321.2471082210541,3.738183421965347e-05,0.0,0.01756023775948195,5.4942072813201964e-05,,,,
5623,0.001,adam,5624,321.29178738594055,3.8418555493837246e-05,0.0,0.01457403786838612,5.299259405445302e-05,,,,
5624,0.001,adam,5625,321.3279628753662,3.975617186326837e-05,0.0,0.01958133585746429,5.933750865079621e-05,,,,
5625,0.001,adam,5626,321.3872985839844,4.011312294072645e-05,0.0,0.02077955835703324,6.089268228473575e-05,,,,
5626,0.001,adam,5627,321.43406105041504,4.366171094272453e-05,0.0,0.017590078493320643,6.125179027152907e-05,,,,
5627,0.001,adam,5628,321.47049140930176,4.659018902600509e-05,0.0,0.018526668773667914,6.511685867964255e-05,,,,
5628,0.001,adam,5629,321.5246932506561,5.2482366399095156e-05,0.0,0.01965552677271972,7.21378941054023e-05,,,,
5629,0.001,adam,5630,321.56703066825867,5.688828365555287e-05,0.0,0.019480250681627904,7.636853526244304e-05,,,,
5630,0.001,adam,5631,321.6046087741852,6.462302469509452e-05,0.0,0.022418346801722153,8.704137256163101e-05,,,,
5631,0.001,adam,5632,321.6598937511444,7.485907824311806e-05,0.0,0.02303972818205151,9.789880751949794e-05,,,,
5632,0.001,adam,5633,321.7005934715271,9.106295414682163e-05,0.0,0.016254577909520437,0.00010731753282839309,,,,
5633,0.001,adam,5634,321.7562925815582,0.00011051645257929569,0.0,0.01793254258698333,0.0001284489960180291,,,,
5634,0.001,adam,5635,321.79656767845154,0.00013273837211674898,0.0,0.017411548279545882,0.00015014992122329903,,,,
5635,0.001,adam,5636,321.84752559661865,0.00016516190176901332,0.0,0.02327201248625691,0.0001884339153606315,,,,
5636,0.001,adam,5637,321.8902807235718,0.00018033002475646714,0.0,0.018141564891168006,0.00019847159050931325,,,,
5637,0.001,adam,5638,321.94206833839417,0.0001967603487381255,0.0,0.02164196668084273,0.00021840231644690647,,,,
5638,0.001,adam,5639,321.9879238605499,0.00016794275447500008,0.0,0.017584826372762347,0.00018552758168299686,,,,
5639,0.001,adam,5640,322.0281186103821,0.00013131027713690326,0.0,0.020613829762912178,0.0001519241078789198,0.00043656878623437494,0.0,0.016969342479751726,0.0004535381295201272
5640,0.001,adam,5641,322.1075484752655,8.724934310042228e-05,0.0,0.01737117689770203,0.00010462052082321093,,,,
5641,0.001,adam,5642,322.1598012447357,5.330883014997434e-05,0.0,0.01831544304036271,7.162427406027391e-05,,,,
5642,0.001,adam,5643,322.2141468524933,3.9553300700047374e-05,0.0,0.01701058575940448,5.6563887267411324e-05,,,,
5643,0.001,adam,5644,322.263459444046,4.384121626249321e-05,0.0,0.021547779779787984,6.538899706574582e-05,,,,
5644,0.001,adam,5645,322.3091185092926,5.903736064862457e-05,0.0,0.020107373557225718,7.914473516089928e-05,,,,
5645,0.001,adam,5646,322.3451817035675,8.064352044716778e-05,0.0,0.016670054538603783,9.731357577755666e-05,,,,
5646,0.001,adam,5647,322.3959770202637,9.067676555898915e-05,0.0,0.02148277326164757,0.0001121595398410137,,,,
5647,0.001,adam,5648,322.4478552341461,8.754173931537846e-05,0.0,0.017262739331143258,0.00010480447946645784,,,,
5648,0.001,adam,5649,322.5048441886902,7.024521258213347e-05,0.0,0.020015597014395682,9.026081054721899e-05,,,,
5649,0.001,adam,5650,322.5536673069,4.9707283366452045e-05,0.0,0.01874324257385362,6.845052683056192e-05,,,,
5650,0.001,adam,5651,322.6009039878845,3.694287347876746e-05,0.0,0.017825238149916867,5.4768112475337707e-05,,,,
5651,0.001,adam,5652,322.6449294090271,3.936605229885567e-05,0.0,0.019343181906563357,5.870923512417087e-05,,,,
5652,0.001,adam,5653,322.68255710601807,5.1518030156218306e-05,0.0,0.020178738898962982,7.169677001361995e-05,,,,
5653,0.001,adam,5654,322.7254259586334,6.106796907609783e-05,0.0,0.01914787292951953,8.021584291509252e-05,,,,
5654,0.001,adam,5655,322.77166223526,6.544853113946875e-05,0.0,0.03811588353907237,0.00010356441648894845,,,,
5655,0.001,adam,5656,322.829957485199,5.953447295636993e-05,0.0,0.023366040121508676,8.290051418770596e-05,,,,
5656,0.001,adam,5657,322.8706729412079,5.231794010451688e-05,0.0,0.01935766836211429,7.167560938607108e-05,,,,
5657,0.001,adam,5658,322.9193778038025,4.3988361278253454e-05,0.0,0.01683169434281906,6.082005642053509e-05,,,,
5658,0.001,adam,5659,322.96001148223877,4.266623202252466e-05,0.0,0.018195194439940793,6.0861427326690816e-05,,,,
5659,0.001,adam,5660,323.0056354999542,4.5136673197635023e-05,0.0,0.037915306788494654,8.305198178701012e-05,0.00040284558231346593,0.0,0.019255660355466938,0.0004221012435835277
5660,0.001,adam,5661,323.0985653400421,4.40861093742513e-05,0.0,0.018861304962907093,6.29474152330223e-05,,,,
5661,0.001,adam,5662,323.1321156024933,4.4289037579309065e-05,0.0,0.02441926287666777,6.870830161582958e-05,,,,
5662,0.001,adam,5663,323.18878698349,4.511735578334217e-05,0.0,0.018192469349258816,6.33098259966969e-05,,,,
5663,0.001,adam,5664,323.23060274124146,4.751869873157684e-05,0.0,0.02078350541943943,6.830220513817981e-05,,,,
5664,0.001,adam,5665,323.2792065143585,4.617326534412189e-05,0.0,0.02497269642161465,7.114596295187598e-05,,,,
5665,0.001,adam,5666,323.32271814346313,4.156041734830713e-05,0.0,0.0183497736913271,5.9910191911201714e-05,,,,
5666,0.001,adam,5667,323.3683428764343,3.796336045847629e-05,0.0,0.019072574683480815,5.703593604785579e-05,,,,
5667,0.001,adam,5668,323.4114372730255,3.664812027831731e-05,0.0,0.01882461336098144,5.54727345334199e-05,,,,
5668,0.001,adam,5669,323.44753766059875,3.851956170000719e-05,0.0,0.018296927353526105,5.681648992259071e-05,,,,
5669,0.001,adam,5670,323.4982702732086,4.040615165890686e-05,0.0,0.02043229953001382,6.083845215940283e-05,,,,
5670,0.001,adam,5671,323.5409245491028,4.2920624650947947e-05,0.0,0.01794906130646737,6.086968680994998e-05,,,,
5671,0.001,adam,5672,323.5998160839081,4.3545960363313305e-05,0.0,0.018194522430183442,6.17404836576902e-05,,,,
5672,0.001,adam,5673,323.6332666873932,4.43196474076097e-05,0.0,0.015021554769143353,5.934120289023862e-05,,,,
5673,0.001,adam,5674,323.68076157569885,4.182682271286352e-05,0.0,0.02005134124063035,6.187816490588148e-05,,,,
5674,0.001,adam,5675,323.7317225933075,4.2692063610743975e-05,0.0,0.022319492949152437,6.501155762001545e-05,,,,
5675,0.001,adam,5676,323.7729597091675,4.303272439828773e-05,0.0,0.016061242531418198,5.909396769257401e-05,,,,
5676,0.001,adam,5677,323.8348698616028,4.408190756042001e-05,0.0,0.01666697995934497,6.074888831140405e-05,,,,
5677,0.001,adam,5678,323.88113737106323,4.522370121260423e-05,0.0,0.054362463435439455,9.958616723012214e-05,,,,
5678,0.001,adam,5679,323.92485785484314,4.872855832159548e-05,0.0,0.02075620883789815,6.948476814536065e-05,,,,
5679,0.001,adam,5680,323.97431087493896,5.3484457424729894e-05,0.0,0.015076951901525932,6.856141004237261e-05,0.00041830144177654313,0.0,0.018181696684640657,0.000436483139324768
5680,0.001,adam,5681,324.0587668418884,5.963296004860304e-05,0.0,0.015982765273299438,7.56157260810431e-05,,,,
5681,0.001,adam,5682,324.10277938842773,6.621203760065601e-05,0.0,0.014685966968931378,8.089800526713339e-05,,,,
5682,0.001,adam,5683,324.1411485671997,7.336648350782684e-05,0.0,0.014443898455677794,8.7810382649553e-05,,,,
5683,0.001,adam,5684,324.184579372406,8.170982133114834e-05,0.0,0.019656316186750015,0.00010136613845152328,,,,
5684,0.001,adam,5685,324.23118686676025,9.551857841152277e-05,0.0,0.01783650941025454,0.00011335508866896604,,,,
5685,0.001,adam,5686,324.26389813423157,0.00010983190501626616,0.0,0.022941550741280122,0.00013277345684721147,,,,
5686,0.001,adam,5687,324.31914162635803,0.00012949171315281425,0.0,0.017696376083406316,0.00014718809007675332,,,,
5687,0.001,adam,5688,324.37283062934875,0.0001438970454059242,0.0,0.024093250642704844,0.00016799029719299704,,,,
5688,0.001,adam,5689,324.41388297080994,0.0001571869612274554,0.0,0.02066770644571008,0.00017785466865482887,,,,
5689,0.001,adam,5690,324.4639024734497,0.00015538026156220968,0.0,0.02193989549343312,0.00017732015809773192,,,,
5690,0.001,adam,5691,324.5090057849884,0.0001438366630825977,0.0,0.01586597429523478,0.0001597026381314258,,,,
5691,0.001,adam,5692,324.5434136390686,0.00011647772110550918,0.0,0.01798418244208912,0.00013446190440180114,,,,
5692,0.001,adam,5693,324.5994656085968,8.532454611195718e-05,0.0,0.01774016512608679,0.00010306471208065661,,,,
5693,0.001,adam,5694,324.6377320289612,5.5978015579212845e-05,0.0,0.01847718343085009,7.445519988768205e-05,,,,
5694,0.001,adam,5695,324.6869885921478,3.9238804571780625e-05,0.0,0.019720082437290853,5.8958887945725133e-05,,,,
5695,0.001,adam,5696,324.7472493648529,3.786893355573829e-05,0.0,0.01630366249376613,5.4172596823886836e-05,,,,
5696,0.001,adam,5697,324.7874081134796,4.7414936089846104e-05,0.0,0.02104204009566208,6.845697718495146e-05,,,,
5697,0.001,adam,5698,324.82702112197876,6.261714854113282e-05,0.0,0.015440512781213717,7.805766205573154e-05,,,,
5698,0.001,adam,5699,324.8872263431549,6.974167035361731e-05,0.0,0.024346116379080934,9.408778788907672e-05,,,,
5699,0.001,adam,5700,324.92277669906616,6.985584662332861e-05,0.0,0.020393480449934148,9.024932804190111e-05,0.0004248877438795378,0.0,0.018098393685418233,0.0004429861384245836
5700,0.001,adam,5701,325.0031645298004,5.900806053025829e-05,0.0,0.021530966312961416,8.053902786588573e-05,,,,
5701,0.001,adam,5702,325.058052778244,4.7373676735865414e-05,0.0,0.01540410193294195,6.277777940046295e-05,,,,
5702,0.001,adam,5703,325.1092903614044,3.859188453420578e-05,0.0,0.022713568645590994,6.130545425863339e-05,,,,
5703,0.001,adam,5704,325.1560516357422,3.671902411740888e-05,0.0,0.019135126979162385,5.585415200544103e-05,,,,
5704,0.001,adam,5705,325.1911370754242,4.168008982063931e-05,0.0,0.02444914728884188,6.612923827075336e-05,,,,
5705,0.001,adam,5706,325.2435758113861,4.800982897061792e-05,0.0,0.01608504457110979,6.409487430572633e-05,,,,
5706,0.001,adam,5707,325.2884919643402,5.249066488100731e-05,0.0,0.01947642258836042,7.196708839444816e-05,,,,
5707,0.001,adam,5708,325.33859395980835,5.0725195795594445e-05,0.0,0.020605223245718264,7.13304200200083e-05,,,,
5708,0.001,adam,5709,325.38311409950256,4.7304191745990274e-05,0.0,0.018810929384511184,6.611512202397266e-05,,,,
5709,0.001,adam,5710,325.4292109012604,4.150606179469739e-05,0.0,0.02343645419283367,6.49425171007029e-05,,,,
5710,0.001,adam,5711,325.46372509002686,3.8036289325879965e-05,0.0,0.018738744775220334,5.6775034991142915e-05,,,,
5711,0.001,adam,5712,325.52265191078186,3.7739334746950915e-05,0.0,0.01754841029997982,5.52877458804355e-05,,,,
5712,0.001,adam,5713,325.56829953193665,3.993139201186948e-05,0.0,0.02165335857860303,6.158475161895186e-05,,,,
5713,0.001,adam,5714,325.61587023735046,4.3268779632843235e-05,0.0,0.022316211041513472,6.558499173431986e-05,,,,
5714,0.001,adam,5715,325.6550643444061,4.3908278227949164e-05,0.0,0.01783233623437026,6.174061530930995e-05,,,,
5715,0.001,adam,5716,325.69955492019653,4.319126463720186e-05,0.0,0.02452742227306413,6.771868807525604e-05,,,,
5716,0.001,adam,5717,325.7535455226898,4.084437715158404e-05,0.0,0.020610007534898438,6.14543856654053e-05,,,,
5717,0.001,adam,5718,325.7994964122772,3.8731224845070486e-05,0.0,0.019520605934869824,5.8251831707119335e-05,,,,
5718,0.001,adam,5719,325.84250569343567,3.71186467586889e-05,0.0,0.01417206447562382,5.129071190744966e-05,,,,
5719,0.001,adam,5720,325.8907005786896,3.612902081804395e-05,0.0,0.01878984431056401,5.491886602107768e-05,0.00039957239087597693,0.0,0.017441857028116958,0.00041701424873253766
5720,0.001,adam,5721,325.96381163597107,3.67187816388828e-05,0.0,0.10319983021993695,0.00013991861676054866,,,,
5721,0.001,adam,5722,326.0207450389862,3.7934202573126086e-05,0.0,0.017505776407777517,5.5439979812383364e-05,,,,
5722,0.001,adam,5723,326.0618362426758,3.917812004200937e-05,0.0,0.024361394658586007,6.353951585769954e-05,,,,
5723,0.001,adam,5724,326.10042905807495,3.916508881965333e-05,0.0,0.020315570442304264,5.9480660226895405e-05,,,,
5724,0.001,adam,5725,326.14662313461304,3.863730032568759e-05,0.0,0.013109399399147464,5.174670034749811e-05,,,,
5725,0.001,adam,5726,326.20133996009827,3.6776232955374536e-05,0.0,0.016664418114175045,5.344065186106697e-05,,,,
5726,0.001,adam,5727,326.24288392066956,3.5798848635352995e-05,0.0,0.015900516244910907,5.16993656354979e-05,,,,
5727,0.001,adam,5728,326.2911343574524,3.497008164752924e-05,0.0,0.018608358614675153,5.3578441146053993e-05,,,,
5728,0.001,adam,5729,326.33488845825195,3.527634627204327e-05,0.0,0.016272154532995815,5.1548501577924955e-05,,,,
5729,0.001,adam,5730,326.36949729919434,3.6812950884150295e-05,0.0,0.01920964816759129,5.602259996415091e-05,,,,
5730,0.001,adam,5731,326.4168405532837,3.815240877876553e-05,0.0,0.020198101410745583,5.835051114886945e-05,,,,
5731,0.001,adam,5732,326.475070476532,3.935309662357392e-05,0.0,0.018361604289095262,5.771470178479859e-05,,,,
5732,0.001,adam,5733,326.52381110191345,4.0891884434226125e-05,0.0,0.023728651592337023,6.462053715361362e-05,,,,
5733,0.001,adam,5734,326.56846594810486,4.249289037655685e-05,0.0,0.02180388274202626,6.429677415421196e-05,,,,
5734,0.001,adam,5735,326.61506724357605,4.144911520650902e-05,0.0,0.019465892905650744,6.091500903674006e-05,,,,
5735,0.001,adam,5736,326.6495659351349,4.0317885391312865e-05,0.0,0.01741382908717943,5.7731715305604794e-05,,,,
5736,0.001,adam,5737,326.70934653282166,3.942430329609329e-05,0.0,0.0168632513538279,5.628755545088265e-05,,,,
5737,0.001,adam,5738,326.76663422584534,4.130226318942435e-05,0.0,0.3464201021649,0.00038772238180839627,,,,
5738,0.001,adam,5739,326.83204460144043,4.3991456653323566e-05,0.0,0.021104917665642625,6.5096375321396e-05,,,,
5739,0.001,adam,5740,326.8708689212799,5.00798348964157e-05,0.0,0.0151861677902032,6.526600340792316e-05,0.0004120027989508609,0.0,0.019238655338155063,0.00043124145520280304
5740,0.001,adam,5741,326.9499981403351,5.343565587685693e-05,0.0,0.018134280557219516,7.156993729540856e-05,,,,
5741,0.001,adam,5742,327.0055561065674,5.6408963798395353e-05,0.0,0.015513667009415638,7.192263154467064e-05,,,,
5742,0.001,adam,5743,327.0568723678589,5.549346909553141e-05,0.0,0.023993423749294474,7.948689398445236e-05,,,,
5743,0.001,adam,5744,327.1021840572357,5.9011812889820426e-05,0.0,0.016384309476336532,7.53961231443699e-05,,,,
5744,0.001,adam,5745,327.1385817527771,6.0923536471454275e-05,0.0,0.01928620860624376,8.020974599374379e-05,,,,
5745,0.001,adam,5746,327.18779826164246,6.615267453569951e-05,0.0,0.017694386262830392,8.384706163896815e-05,,,,
5746,0.001,adam,5747,327.23735523223877,7.139109035739638e-05,0.0,0.02049968155224355,9.189077288332256e-05,,,,
5747,0.001,adam,5748,327.2880654335022,8.007482660702565e-05,0.0,0.01682229511049389,9.689712251653568e-05,,,,
5748,0.001,adam,5749,327.33422899246216,8.778475784318645e-05,0.0,0.022054245194252513,0.0001098390040849594,,,,
5749,0.001,adam,5750,327.36883068084717,8.850775957869692e-05,0.0,0.018133020044067964,0.00010664078048403712,,,,
5750,0.001,adam,5751,327.43129563331604,9.142769675183833e-05,0.0,0.023440096845384478,0.00011486779471056767,,,,
5751,0.001,adam,5752,327.472749710083,9.20889405159408e-05,0.0,0.02121935524666064,0.00011330829677046673,,,,
5752,0.001,adam,5753,327.51053524017334,9.134743803778614e-05,0.0,0.01780448256903891,0.0001091519214524926,,,,
5753,0.001,adam,5754,327.5593023300171,8.558202997094739e-05,0.0,0.017783369796374647,0.00010336540061198678,,,,
5754,0.001,adam,5755,327.61891508102417,7.653333971054758e-05,0.0,0.022736051950203347,9.926939274065546e-05,,,,
5755,0.001,adam,5756,327.65702629089355,6.694551541017967e-05,0.0,0.017057737761012902,8.400325398139164e-05,,,,
5756,0.001,adam,5757,327.6979923248291,5.515696054943022e-05,0.0,0.02120522191179097,7.63621834684152e-05,,,,
5757,0.001,adam,5758,327.7584216594696,4.72816901923769e-05,0.0,0.01708465895130649,6.436634995516115e-05,,,,
5758,0.001,adam,5759,327.80372738838196,3.939241675518984e-05,0.0,0.01946404554547195,5.885646322515434e-05,,,,
5759,0.001,adam,5760,327.85214400291443,3.695677482525832e-05,0.0,0.021371716742435792,5.832849258279619e-05,0.0003932159726561152,0.0,0.017546439510452757,0.0004107624129999791
5760,0.001,adam,5761,327.9355309009552,3.640698334949134e-05,0.0,0.017744587684694606,5.415157187700864e-05,,,,
5761,0.001,adam,5762,327.97547030448914,3.8227214386192045e-05,0.0,0.01771666584941988,5.59438810771084e-05,,,,
5762,0.001,adam,5763,328.0111517906189,4.141407569794639e-05,0.0,0.015780062316009636,5.719413876346877e-05,,,,
5763,0.001,adam,5764,328.053218126297,4.423915488480798e-05,0.0,0.02380628445123506,6.804544046678088e-05,,,,
5764,0.001,adam,5765,328.11714005470276,4.809696791655421e-05,0.0,0.02638297136115574,7.447994053083384e-05,,,,
5765,0.001,adam,5766,328.1543309688568,4.890170397216532e-05,0.0,0.01896743566056177,6.786914053363194e-05,,,,
5766,0.001,adam,5767,328.20952796936035,4.9671132658120396e-05,0.0,0.013427350070666167,6.309848336655147e-05,,,,
5767,0.001,adam,5768,328.24859380722046,4.66991973290728e-05,0.0,0.019255995770134794,6.595519401381832e-05,,,,
5768,0.001,adam,5769,328.29969096183777,4.4094885826006915e-05,0.0,0.016565139882215568,6.066002649502441e-05,,,,
5769,0.001,adam,5770,328.3463764190674,3.964594272154163e-05,0.0,0.03095081534427699,7.059675953590346e-05,,,,
5770,0.001,adam,5771,328.3912615776062,3.812343035423537e-05,0.0,0.021067797869765877,5.919122922466795e-05,,,,
5771,0.001,adam,5772,328.4378116130829,3.661690116690585e-05,0.0,0.016054967162798407,5.267186909227428e-05,,,,
5772,0.001,adam,5773,328.48354935646057,3.714079136044985e-05,0.0,0.02184325739677294,5.898404979472184e-05,,,,
5773,0.001,adam,5774,328.5305063724518,3.8168618872968434e-05,0.0,0.018590531276030147,5.6759151032001436e-05,,,,
5774,0.001,adam,5775,328.57416319847107,3.901456885752561e-05,0.0,0.018446283061290182,5.746085279496722e-05,,,,
5775,0.001,adam,5776,328.6225652694702,3.9802079515983556e-05,0.0,0.018626714886703588,5.842879528740863e-05,,,,
5776,0.001,adam,5777,328.6620991230011,3.9054079356060144e-05,0.0,0.01721415524913294,5.626823542282158e-05,,,,
5777,0.001,adam,5778,328.7171883583069,4.002962683886691e-05,0.0,0.01922984801172507,5.925947576396075e-05,,,,
5778,0.001,adam,5779,328.7518084049225,4.0036719188328805e-05,0.0,0.01833039120115084,5.836711126012651e-05,,,,
5779,0.001,adam,5780,328.7995707988739,4.204984540207959e-05,0.0,0.01786487968306783,5.991472593368367e-05,0.0004022728078346197,0.0,0.01883239455061316,0.0004211052032797236
5780,0.001,adam,5781,328.8717257976532,4.211296401404536e-05,0.0,0.021217030765074456,6.33299957868747e-05,,,,
5781,0.001,adam,5782,328.9116322994232,4.385849348093618e-05,0.0,0.014886259488531617,5.8744753676527185e-05,,,,
5782,0.001,adam,5783,328.95497846603394,4.2454960739088224e-05,0.0,0.023968158622716125,6.64231205002308e-05,,,,
5783,0.001,adam,5784,328.99283480644226,4.398237424350072e-05,0.0,0.019283869568031343,6.326624472746671e-05,,,,
5784,0.001,adam,5785,329.04296255111694,4.372695957014853e-05,0.0,0.017728941756467862,6.145590216869594e-05,,,,
5785,0.001,adam,5786,329.08668756484985,4.377687104962595e-05,0.0,0.01776273241068799,6.153960430399846e-05,,,,
5786,0.001,adam,5787,329.1375253200531,4.105363562064739e-05,0.0,0.02166666887492783,6.272030552468678e-05,,,,
5787,0.001,adam,5788,329.1695122718811,3.811293865992954e-05,0.0,0.019933247559540884,5.804618716624888e-05,,,,
5788,0.001,adam,5789,329.2166385650635,3.612323797749767e-05,0.0,0.015535183755438931,5.165842247081824e-05,,,,
5789,0.001,adam,5790,329.2633602619171,3.51737668304846e-05,0.0,0.016795696055605838,5.19694636838432e-05,,,,
5790,0.001,adam,5791,329.3067636489868,3.644679170039824e-05,0.0,0.014440283709913196,5.088707609618811e-05,,,,
5791,0.001,adam,5792,329.3505642414093,3.8452839219534107e-05,0.0,0.019603023592571777,5.805586374319954e-05,,,,
5792,0.001,adam,5793,329.3923180103302,4.2000966915329167e-05,0.0,0.01548352720491029,5.748449485566753e-05,,,,
5793,0.001,adam,5794,329.4389841556549,4.2317990729446265e-05,0.0,0.018506631219404726,6.082462282786881e-05,,,,
5794,0.001,adam,5795,329.48394775390625,4.239607772170576e-05,0.0,0.0177838688322685,6.01799473986627e-05,,,,
5795,0.001,adam,5796,329.53031945228577,4.1555326091187647e-05,0.0,0.02361670634200618,6.517203355492718e-05,,,,
5796,0.001,adam,5797,329.57624888420105,4.369378230024624e-05,0.0,0.02325908040221742,6.69528638072107e-05,,,,
5797,0.001,adam,5798,329.62214946746826,4.458940896721562e-05,0.0,0.014077187293416647,5.8666596929262785e-05,,,,
5798,0.001,adam,5799,329.65894389152527,4.701201678476149e-05,0.0,0.018361553827498888,6.537357148438739e-05,,,,
5799,0.001,adam,5800,329.7153708934784,4.883521405892544e-05,0.0,0.030391560897246372,7.92267763996935e-05,0.0004053269111445415,0.0,0.01649779500408873,0.00042182470693223346
5800,0.001,adam,5801,329.7854549884796,5.590393903096481e-05,0.0,0.013427746126381179,6.933168579512971e-05,,,,
5801,0.001,adam,5802,329.8367528915405,6.349065941524394e-05,0.0,0.01738076920152714,8.087142944231333e-05,,,,
5802,0.001,adam,5803,329.8877124786377,7.685768401689196e-05,0.0,0.018334304192081874,9.519198907980655e-05,,,,
5803,0.001,adam,5804,329.9279625415802,9.214736645462447e-05,0.0,0.020021604752216704,0.00011216897215781637,,,,
5804,0.001,adam,5805,329.95812463760376,0.00011684436529014665,0.0,0.020017059523340132,0.0001368614257642461,,,,
5805,0.001,adam,5806,329.98996663093567,0.00014417706879481425,0.0,0.01815357967720183,0.00016233064933426485,,,,
5806,0.001,adam,5807,330.0199112892151,0.00018085801257221635,0.0,0.022734714429967145,0.0002035927280820245,,,,
5807,0.001,adam,5808,330.0595700740814,0.00021562098387515043,0.0,0.021540865867429353,0.00023716185076571602,,,,
5808,0.001,adam,5809,330.09076952934265,0.0002472679427565935,0.0,0.019123673605711836,0.0002663916172706311,,,,
5809,0.001,adam,5810,330.1211063861847,0.0002502301151823909,0.0,0.020215128405978746,0.0002704452445485367,,,,
5810,0.001,adam,5811,330.1523675918579,0.00022941074104697884,0.0,0.02131667713300403,0.00025072741919247073,,,,
5811,0.001,adam,5812,330.18107175827026,0.00017039659210615167,0.0,0.02062647933522004,0.0001910230724210769,,,,
5812,0.001,adam,5813,330.21387243270874,0.00010740259740174194,0.0,0.021418049546512042,0.00012882064796555676,,,,
5813,0.001,adam,5814,330.244188785553,6.646448617360001e-05,0.0,0.020378189487233654,8.684267662874573e-05,,,,
5814,0.001,adam,5815,330.2739601135254,7.055168401232003e-05,0.0,0.026294386762411616,9.6846072023648e-05,,,,
5815,0.001,adam,5816,330.3069450855255,0.00010558092761316154,0.0,0.020521521976622124,0.00012610245056450366,,,,
5816,0.001,adam,5817,330.33640933036804,0.0001411972242452025,0.0,0.03088168546540231,0.00017207891117740617,,,,
5817,0.001,adam,5818,330.3668911457062,0.00014675538195270987,0.0,0.017907816171594777,0.00016466319897488028,,,,
5818,0.001,adam,5819,330.3964626789093,0.00012310158299672913,0.0,0.0179745049460355,0.0001410760887965078,,,,
5819,0.001,adam,5820,330.4272356033325,8.45806170914807e-05,0.0,0.013464891257876857,9.804550898890558e-05,0.0004306459834000604,0.0,0.02012032000771705,0.00045076630436344137
5820,0.001,adam,5821,330.47000336647034,6.553897806418774e-05,0.0,0.01823613325575958,8.377511218611717e-05,,,,
5821,0.001,adam,5822,330.50098514556885,7.267481625560617e-05,0.0,0.021619020508611125,9.429383779106568e-05,,,,
5822,0.001,adam,5823,330.53006768226624,8.280798847525068e-05,0.0,0.02237918291346352,0.00010518717245166835,,,,
5823,0.001,adam,5824,330.56013584136963,7.63089115573522e-05,0.0,0.0239200379629847,0.00010022895065647774,,,,
5824,0.001,adam,5825,330.59493708610535,5.734621788548191e-05,0.0,0.020955545825565157,7.830176470638209e-05,,,,
5825,0.001,adam,5826,330.62421321868896,4.2411320577279896e-05,0.0,0.015202055342680692,5.761337664201947e-05,,,,
5826,0.001,adam,5827,330.65429639816284,4.8302259598255435e-05,0.0,0.025013340498465313,7.331560128479067e-05,,,,
5827,0.001,adam,5828,330.6878252029419,6.0361776246008546e-05,0.0,0.022785686540783296,8.314746386905388e-05,,,,
5828,0.001,adam,5829,330.7204074859619,6.282405567502535e-05,0.0,0.018513378161332382,8.133743471569601e-05,,,,
5829,0.001,adam,5830,330.7515661716461,5.7712266458977955e-05,0.0,0.017845677270919184,7.555794457752132e-05,,,,
5830,0.001,adam,5831,330.78275418281555,5.281139313902112e-05,0.0,0.01941086758720233,7.222226164819019e-05,,,,
5831,0.001,adam,5832,330.8127019405365,5.259385873164459e-05,0.0,0.021682065263340936,7.427592502482837e-05,,,,
5832,0.001,adam,5833,330.84292435646057,5.700731434051957e-05,0.0,0.02051911870844588,7.752643402357129e-05,,,,
5833,0.001,adam,5834,330.87447690963745,6.143337002466471e-05,0.0,0.03651937362966985,9.795274538891173e-05,,,,
5834,0.001,adam,5835,330.90500688552856,5.505741303081935e-05,0.0,0.020876142290828143,7.593355631321104e-05,,,,
5835,0.001,adam,5836,330.93728399276733,4.349888945242095e-05,0.0,0.019263544717384073,6.27624350847743e-05,,,,
5836,0.001,adam,5837,330.9670844078064,3.924506290580419e-05,0.0,0.0162162660882035,5.5461329764239003e-05,,,,
5837,0.001,adam,5838,330.9971580505371,4.029919136083294e-05,0.0,0.022612843593113816,6.29120360279992e-05,,,,
5838,0.001,adam,5839,331.0276916027069,4.5288180257076305e-05,0.0,0.019505083656253204,6.479326483977126e-05,,,,
5839,0.001,adam,5840,331.054874420166,4.693196218866523e-05,0.0,0.021727763560772877,6.86597267814515e-05,0.0004228512179920928,0.0,0.018108695135809604,0.00044095991398801927
5840,0.001,adam,5841,331.09922885894775,4.4623909003339434e-05,0.0,0.016504186863956112,6.112809665120236e-05,,,,
5841,0.001,adam,5842,331.1302354335785,3.9902792110284935e-05,0.0,0.01963388318242763,5.953667622527198e-05,,,,
5842,0.001,adam,5843,331.1609208583832,3.827968288157548e-05,0.0,0.019065798771442117,5.734548255859444e-05,,,,
5843,0.001,adam,5844,331.18716311454773,4.415683101467011e-05,0.0,0.018013805269826596,6.217063714010655e-05,,,,
5844,0.001,adam,5845,331.2126364707947,4.641113040389246e-05,0.0,0.0187914645494332,6.520259584587233e-05,,,,
5845,0.001,adam,5846,331.2385513782501,4.665330434535641e-05,0.0,0.020084945977467746,6.67382512768079e-05,,,,
5846,0.001,adam,5847,331.2648332118988,4.178445990349639e-05,0.0,0.01932302345178455,6.11074842730753e-05,,,,
5847,0.001,adam,5848,331.2907636165619,3.944739183300917e-05,0.0,0.02121185756894319,6.0659250409461534e-05,,,,
5848,0.001,adam,5849,331.31716537475586,4.056433189549047e-05,0.0,0.01736094546307266,5.7925278183163786e-05,,,,
5849,0.001,adam,5850,331.35029315948486,4.423752295715906e-05,0.0,0.02397174213328419,6.820926622903991e-05,,,,
5850,0.001,adam,5851,331.37687277793884,4.242476927261135e-05,0.0,0.016816468452247237,5.924123852359798e-05,,,,
5851,0.001,adam,5852,331.403137922287,3.8190241589470345e-05,0.0,0.01919672912404586,5.7386971625311914e-05,,,,
5852,0.001,adam,5853,331.4323205947876,3.552443700656176e-05,0.0,0.018555810606102924,5.4080248494018396e-05,,,,
5853,0.001,adam,5854,331.45766615867615,3.528929397116885e-05,0.0,0.018554798532943357,5.384409338541785e-05,,,,
5854,0.001,adam,5855,331.483345746994,3.687669891617816e-05,0.0,0.01977663827909191,5.665333813460998e-05,,,,
5855,0.001,adam,5856,331.5098521709442,3.771927527636717e-05,0.0,0.014487376107755962,5.2206652072236574e-05,,,,
5856,0.001,adam,5857,331.53928661346436,3.7725789057807173e-05,0.0,0.018433126351414985,5.615891628474868e-05,,,,
5857,0.001,adam,5858,331.565714597702,3.469559984956839e-05,0.0,0.02313540103777047,5.783100198621144e-05,,,,
5858,0.001,adam,5859,331.59493613243103,3.4265508264034746e-05,0.0,0.024073231260992613,5.833874066844449e-05,,,,
5859,0.001,adam,5860,331.62077260017395,3.6881367940692306e-05,0.0,0.01914745341034907,5.6028822260496616e-05,0.00040979457758962907,0.0,0.01748245507922955,0.0004272770334992307
5860,0.001,adam,5861,331.6594252586365,4.094219822400557e-05,0.0,0.01993749366397616,6.0879692834961864e-05,,,,
5861,0.001,adam,5862,331.68942379951477,4.127688908365909e-05,0.0,0.019992951350262123,6.126984138353545e-05,,,,
5862,0.001,adam,5863,331.719703912735,3.9169100401366695e-05,0.0,0.017812717489924818,5.698181873735019e-05,,,,
5863,0.001,adam,5864,331.7486836910248,3.74749641838895e-05,0.0,0.016062949084128954,5.35379140309676e-05,,,,
5864,0.001,adam,5865,331.77893471717834,3.6607032709073294e-05,0.0,0.019114659346335373,5.572169296330627e-05,,,,
5865,0.001,adam,5866,331.8099503517151,3.8902160565425737e-05,0.0,0.01564308416542798,5.454524547386034e-05,,,,
5866,0.001,adam,5867,331.8404986858368,4.14074251508894e-05,0.0,0.01505422560920559,5.646165147513234e-05,,,,
5867,0.001,adam,5868,331.8706738948822,4.238011811957472e-05,0.0,0.020169418819867446,6.254953789743815e-05,,,,
5868,0.001,adam,5869,331.9042754173279,4.155774503026986e-05,0.0,0.02085237018016627,6.241011620087056e-05,,,,
5869,0.001,adam,5870,331.94067645072937,4.2696825094926436e-05,0.0,0.011810095107160853,5.450692076303671e-05,,,,
5870,0.001,adam,5871,332.0109112262726,4.324745071692976e-05,0.0,0.017105831715904445,6.035328324531762e-05,,,,
5871,0.001,adam,5872,332.0775787830353,4.677399009239879e-05,0.0,0.017655777064527128,6.442976799553033e-05,,,,
5872,0.001,adam,5873,332.127783536911,4.862961156136588e-05,0.0,0.025197097210061553,7.382670996822533e-05,,,,
5873,0.001,adam,5874,332.20809531211853,5.345296404288906e-05,0.0,0.020509268551303556,7.396223356833059e-05,,,,
5874,0.001,adam,5875,332.24010038375854,5.803666049180539e-05,0.0,0.01974420141879693,7.778086284840156e-05,,,,
5875,0.001,adam,5876,332.3218114376068,6.289918511400283e-05,0.0,0.018139832112264807,8.103901808786344e-05,,,,
5876,0.001,adam,5877,332.35274291038513,6.697427551822066e-05,0.0,0.01918755448917066,8.616183091875126e-05,,,,
5877,0.001,adam,5878,332.4385073184967,7.214131589315862e-05,0.0,0.016236445483347583,8.837776214769599e-05,,,,
5878,0.001,adam,5879,332.5280909538269,7.559972548242792e-05,0.0,0.016944609594327826,9.254433588158151e-05,,,,
5879,0.001,adam,5880,332.57683801651,8.122198923753618e-05,0.0,0.016683340558826705,9.790533058877904e-05,0.00044825699939703736,0.0,0.019421681105892482,0.0004676786814254102
5880,0.001,adam,5881,332.6792335510254,8.55644598566526e-05,0.0,0.021417823712783567,0.0001069822845867282,,,,
5881,0.001,adam,5882,332.7560098171234,8.942802839963685e-05,0.0,0.01863691601847277,0.00010806494530331563,,,,
5882,0.001,adam,5883,332.7989659309387,8.826574025520277e-05,0.0,0.025096161477568636,0.00011336190292477511,,,,
5883,0.001,adam,5884,332.83451533317566,8.778665332685108e-05,0.0,0.019657683402787535,0.00010744433766332847,,,,
5884,0.001,adam,5885,332.86810994148254,8.372504996529284e-05,0.0,0.02129561544595072,0.00010502066642273101,,,,
5885,0.001,adam,5886,332.9238133430481,7.514506031699235e-05,0.0,0.020043703351834023,9.51887646208512e-05,,,,
5886,0.001,adam,5887,332.98400950431824,6.474563245611935e-05,0.0,0.021908688024444695,8.66543215211709e-05,,,,
5887,0.001,adam,5888,333.0567855834961,5.578042907429362e-05,0.0,0.019020411787862363,7.480084176557706e-05,,,,
5888,0.001,adam,5889,333.10364508628845,4.488823493135785e-05,0.0,0.020588035535805606,6.547627144504267e-05,,,,
5889,0.001,adam,5890,333.1470592021942,4.046869856840029e-05,0.0,0.017114914339171512,5.7583613720486616e-05,,,,
5890,0.001,adam,5891,333.2271935939789,3.6147174087134924e-05,0.0,0.021914586548786356,5.806176167680829e-05,,,,
5891,0.001,adam,5892,333.3138270378113,3.471219585849869e-05,0.0,0.02230690622549602,5.701910314351591e-05,,,,
5892,0.001,adam,5893,333.349041223526,3.525014116263238e-05,0.0,0.020327553774521397,5.557769590266077e-05,,,,
5893,0.001,adam,5894,333.4220459461212,3.704256727796407e-05,0.0,0.015628428737434343,5.2670996757708946e-05,,,,
5894,0.001,adam,5895,333.46528220176697,4.045507470558896e-05,0.0,0.015005381422060366,5.54604568403667e-05,,,,
5895,0.001,adam,5896,333.4980003833771,4.111608430245644e-05,0.0,0.01810250540570158,5.9218590567980886e-05,,,,
5896,0.001,adam,5897,333.5678799152374,4.222177821984773e-05,0.0,0.0170846625062712,5.9306441537596854e-05,,,,
5897,0.001,adam,5898,333.6158571243286,4.091581022742686e-05,0.0,0.02251871212476019,6.343452342176848e-05,,,,
5898,0.001,adam,5899,333.70105028152466,4.1923157189962617e-05,0.0,0.01596248237593721,5.788564032407705e-05,,,,
5899,0.001,adam,5900,333.7666320800781,4.1451143371433764e-05,0.0,0.01619858072428657,5.7649724865111636e-05,0.0003966102803230227,0.0,0.016644556796536456,0.0004132548379101332
5900,0.001,adam,5901,333.85978722572327,4.190736900619113e-05,0.0,0.013747801307140923,5.565517096631758e-05,,,,
5901,0.001,adam,5902,333.95764803886414,4.010056792458123e-05,0.0,0.01708014098917232,5.718070972501672e-05,,,,
5902,0.001,adam,5903,334.0205240249634,3.994294935776016e-05,0.0,0.015704017594707267,5.5646967698368244e-05,,,,
5903,0.001,adam,5904,334.0960819721222,3.794721439670073e-05,0.0,0.018441564771676505,5.6388780044304556e-05,,,,
5904,0.001,adam,5905,334.1288824081421,3.736808242283306e-05,0.0,0.01941007232125555,5.677815566601758e-05,,,,
5905,0.001,adam,5906,334.20706701278687,3.619833693491876e-05,0.0,0.019909735150875345,5.610807303145579e-05,,,,
5906,0.001,adam,5907,334.2450647354126,3.652788043732771e-05,0.0,0.01641562487775548,5.294350609478354e-05,,,,
5907,0.001,adam,5908,334.28773045539856,3.620281536260796e-05,0.0,0.018315199443867412,5.451801567640067e-05,,,,
5908,0.001,adam,5909,334.3756320476532,3.717016958356565e-05,0.0,0.015429737731027746,5.259990804746661e-05,,,,
5909,0.001,adam,5910,334.4226198196411,3.640889059455185e-05,0.0,0.020290865277926624,5.6699756836242854e-05,,,,
5910,0.001,adam,5911,334.4602634906769,3.5810732615872906e-05,0.0,0.0173004930864551,5.311122652405734e-05,,,,
5911,0.001,adam,5912,334.5424599647522,3.472729917565663e-05,0.0,0.020266804808605744,5.499410494688394e-05,,,,
5912,0.001,adam,5913,334.59959602355957,3.524132590304669e-05,0.0,0.017363594116210256,5.2604920843983415e-05,,,,
5913,0.001,adam,5914,334.67530512809753,3.441808991628521e-05,0.0,0.017859252160189666,5.227734292474383e-05,,,,
5914,0.001,adam,5915,334.7466022968292,3.5348360891283005e-05,0.0,0.017188629919914426,5.2536991627613545e-05,,,,
5915,0.001,adam,5916,334.80023884773254,3.5175239785957144e-05,0.0,0.018652739335183206,5.382798000709793e-05,,,,
5916,0.001,adam,5917,334.880966424942,3.5128865954413326e-05,0.0,0.014582308231030438,4.971117487806624e-05,,,,
5917,0.001,adam,5918,334.92547607421875,3.472462834032578e-05,0.0,0.01634474691533771,5.106937603199731e-05,,,,
5918,0.001,adam,5919,334.9852557182312,3.52881797598356e-05,0.0,0.016302889379716835,5.159106991389813e-05,,,,
5919,0.001,adam,5920,335.0565230846405,3.5488405383183866e-05,0.0,0.017188764245124007,5.267717044473036e-05,0.00039548751891678436,0.0,0.01724399899146083,0.0004127315187272912
5920,0.001,adam,5921,335.1571388244629,3.5178550360944095e-05,0.0,0.0154998807495114,5.0678431846660325e-05,,,,
5921,0.001,adam,5922,335.2353913784027,3.4444050031285874e-05,0.0,0.015760693253094545,5.020474403297318e-05,,,,
5922,0.001,adam,5923,335.291788816452,3.451924941957334e-05,0.0,0.018381385465169552,5.290063575781185e-05,,,,
5923,0.001,adam,5924,335.37452387809753,3.480394328793084e-05,0.0,0.016071199883450432,5.08751439347223e-05,,,,
5924,0.001,adam,5925,335.4158787727356,3.6072498956007936e-05,0.0,0.016130993720047428,5.2203493442236454e-05,,,,
5925,0.001,adam,5926,335.4970598220825,3.630907260196763e-05,0.0,0.0231052123760404,5.9414286075446735e-05,,,,
5926,0.001,adam,5927,335.5316867828369,3.610665738757414e-05,0.0,0.016596637368809574,5.270329554468169e-05,,,,
5927,0.001,adam,5928,335.6226851940155,3.5746303353384926e-05,0.0,0.020867081637774374,5.6613385982292496e-05,,,,
5928,0.001,adam,5929,335.6642792224884,3.638022322125778e-05,0.0,0.019634344379955475,5.601456853379457e-05,,,,
5929,0.001,adam,5930,335.74514508247375,3.655426271151557e-05,0.0,0.018076888385241047,5.463115195536274e-05,,,,
5930,0.001,adam,5931,335.78406620025635,3.807708934720131e-05,0.0,0.01788896084178911,5.596605103867047e-05,,,,
5931,0.001,adam,5932,335.8668830394745,3.944137029077371e-05,0.0,0.02964390475311447,6.90852764518981e-05,,,,
5932,0.001,adam,5933,335.93007349967957,4.240462066794791e-05,0.0,0.01319146486223327,5.559608615674214e-05,,,,
5933,0.001,adam,5934,335.9966859817505,4.433338056175398e-05,0.0,0.01781210561547581,6.214548702325942e-05,,,,
5934,0.001,adam,5935,336.04808735847473,4.840622200987268e-05,0.0,0.016995291286793827,6.540151410389953e-05,,,,
5935,0.001,adam,5936,336.1189305782318,5.357047031881308e-05,0.0,0.01845973805747402,7.20302092530776e-05,,,,
5936,0.001,adam,5937,336.20379090309143,6.447167058744037e-05,0.0,0.023300359060335014,8.777203075448305e-05,,,,
5937,0.001,adam,5938,336.28939867019653,7.676257356480643e-05,0.0,0.018403607145815126,9.5166181584746e-05,,,,
5938,0.001,adam,5939,336.348210811615,9.396773726290263e-05,0.0,0.01808590587617428,0.00011205364399811134,,,,
5939,0.001,adam,5940,336.3878035545349,0.00011571391194678062,0.0,0.02343743475030439,0.00013915134781030344,0.0004819928969053766,0.0,0.016958201367378512,0.0004989510990782265
5940,0.001,adam,5941,336.48341155052185,0.00014078102963219116,0.0,0.01662539592914074,0.00015740642635099584,,,,
5941,0.001,adam,5942,336.54497599601746,0.00016758262119420398,0.0,0.020389725049178176,0.00018797234721184213,,,,
5942,0.001,adam,5943,336.6024053096771,0.00018805785053562218,0.0,0.0216052464779605,0.0002096630980397768,,,,
5943,0.001,adam,5944,336.66566824913025,0.00021596153379886132,0.0,0.029122236465232865,0.00024508377164732617,,,,
5944,0.001,adam,5945,336.7208962440491,0.00020831923464159364,0.0,0.01809804060536217,0.00022641727610656662,,,,
5945,0.001,adam,5946,336.76534152030945,0.0001950225703726874,0.0,0.023530772465756012,0.00021855334395609515,,,,
5946,0.001,adam,5947,336.8408613204956,0.00012925132295434568,0.0,0.025380769026530088,0.0001546320931863976,,,,
5947,0.001,adam,5948,336.87915086746216,7.475273119279378e-05,0.0,0.019878719506300456,9.463145164328275e-05,,,,
5948,0.001,adam,5949,336.96361899375916,4.0510762678065745e-05,0.0,0.018630994529712806,5.9141758092703306e-05,,,,
5949,0.001,adam,5950,337.0061011314392,4.3690057156251876e-05,0.0,0.016214441451365056,5.9904499377761576e-05,,,,
5950,0.001,adam,5951,337.08654284477234,7.423434529251694e-05,0.0,0.017235035172653436,9.146938128379062e-05,,,,
5951,0.001,adam,5952,337.1201009750366,0.00010297276513175082,0.0,0.01591931783601328,0.00011889208372389113,,,,
5952,0.001,adam,5953,337.1520001888275,0.00011317847460896346,0.0,0.02191933316415994,0.00013509780881423587,,,,
5953,0.001,adam,5954,337.2079281806946,9.850452972501491e-05,0.0,0.014457177647171016,0.00011296170805886502,,,,
5954,0.001,adam,5955,337.2734055519104,7.174548773755694e-05,0.0,0.01689479421543056,8.864028275544717e-05,,,,
5955,0.001,adam,5956,337.3399450778961,4.8901601500726565e-05,0.0,0.014864744032773252,6.376634623953727e-05,,,,
5956,0.001,adam,5957,337.39251136779785,4.10748828827482e-05,0.0,0.01847457789293746,5.9549461653181024e-05,,,,
5957,0.001,adam,5958,337.42919731140137,5.104131665019365e-05,0.0,0.01556458273447941,6.660590012395107e-05,,,,
5958,0.001,adam,5959,337.46800112724304,6.243261804655579e-05,0.0,0.018168621544607747,8.060124045412675e-05,,,,
5959,0.001,adam,5960,337.5514235496521,6.70394557188846e-05,0.0,0.01694074966020872,8.398020618373575e-05,0.0004208153055097558,0.0,0.016596467973589057,0.0004374117742716348
5960,0.001,adam,5961,337.60213685035706,6.449943404712034e-05,0.0,0.015537305155691095,8.003673994079384e-05,,,,
5961,0.001,adam,5962,337.6903476715088,5.2840618221493166e-05,0.0,0.017725267780693978,7.05658868440922e-05,,,,
5962,0.001,adam,5963,337.72497057914734,4.305360184875184e-05,0.0,0.017608828373847647,6.066243105897395e-05,,,,
5963,0.001,adam,5964,337.81527185440063,3.914842918623779e-05,0.0,0.025678980890887698,6.482741129681163e-05,,,,
5964,0.001,adam,5965,337.8655540943146,4.224511879029254e-05,0.0,0.020868584685879012,6.311370446737613e-05,,,,
5965,0.001,adam,5966,337.9046223163605,4.496308814774944e-05,0.0,0.021123361935194592,6.608645108624989e-05,,,,
5966,0.001,adam,5967,337.9834806919098,4.598094569589762e-05,0.0,0.01667947531158797,6.266042179971816e-05,,,,
5967,0.001,adam,5968,338.0236563682556,4.5122787146706776e-05,0.0,0.021413902884526454,6.653669104833904e-05,,,,
5968,0.001,adam,5969,338.10971665382385,4.2394050842111284e-05,0.0,0.0180050893522328,6.039914104953994e-05,,,,
5969,0.001,adam,5970,338.1913695335388,4.0657258220333307e-05,0.0,0.01633680724677388,5.6994066243063894e-05,,,,
5970,0.001,adam,5971,338.24533200263977,4.03758817180981e-05,0.0,0.015520649145834347,5.5896531601123725e-05,,,,
5971,0.001,adam,5972,338.28224182128906,3.8949790411206066e-05,0.0,0.01936531984615703,5.831511117716643e-05,,,,
5972,0.001,adam,5973,338.31782627105713,3.968564694238221e-05,0.0,0.017273511412359027,5.6959159175189e-05,,,,
5973,0.001,adam,5974,338.4038465023041,3.942393772589289e-05,0.0,0.02133503829047928,6.075897702973212e-05,,,,
5974,0.001,adam,5975,338.45691180229187,3.868904673819117e-05,0.0,0.016990619168779763,5.5679666713982044e-05,,,,
5975,0.001,adam,5976,338.5445463657379,3.5980857708622724e-05,0.0,0.014054449085725177,5.0035307461898414e-05,,,,
5976,0.001,adam,5977,338.61055159568787,3.4233823217211605e-05,0.0,0.015510013320894165,4.974383727479187e-05,,,,
5977,0.001,adam,5978,338.68397212028503,3.3875543049608445e-05,0.0,0.019783938427405594,5.365948241670069e-05,,,,
5978,0.001,adam,5979,338.79056572914124,3.472818186633523e-05,0.0,0.016707977867872086,5.143616052779368e-05,,,,
5979,0.001,adam,5980,338.83006978034973,3.6555048216882186e-05,0.0,0.021353552747922472,5.7908601979043994e-05,0.0003965275554926419,0.0,0.01847443549759375,0.00041500199186772426
5980,0.001,adam,5981,338.92325019836426,3.717769556497902e-05,0.0,0.0198428986215593,5.702059512902543e-05,,,,
5981,0.001,adam,5982,339.0020549297333,3.884022126320187e-05,0.0,0.022508412582132216,6.134863491442631e-05,,,,
5982,0.001,adam,5983,339.0434820652008,3.896174996779557e-05,0.0,0.018408444375174093,5.7370195217323855e-05,,,,
5983,0.001,adam,5984,339.1317174434662,3.918469994103597e-05,0.0,0.015509949421250202,5.4694650098969234e-05,,,,
5984,0.001,adam,5985,339.19176054000854,3.8167833060586655e-05,0.0,0.019284560990599782,5.745239496715393e-05,,,,
5985,0.001,adam,5986,339.2755517959595,4.014690983130329e-05,0.0,0.017055821504214638,5.7202732145625985e-05,,,,
5986,0.001,adam,5987,339.331684589386,4.0874997851926564e-05,0.0,0.02102860173779584,6.190360058852739e-05,,,,
5987,0.001,adam,5988,339.39119935035706,4.103278230718282e-05,0.0,0.01638238085950488,5.741516394480904e-05,,,,
5988,0.001,adam,5989,339.4541802406311,4.203843765431588e-05,0.0,0.01627522046966328,5.831365889701065e-05,,,,
5989,0.001,adam,5990,339.52923107147217,4.56030844983116e-05,0.0,0.02569943544361552,7.13025211625848e-05,,,,
5990,0.001,adam,5991,339.5923044681549,4.608021716831675e-05,0.0,0.0239391941717857,7.001941247715316e-05,,,,
5991,0.001,adam,5992,339.67182755470276,4.459797294838527e-05,0.0,0.01475990329036995,5.935787693981301e-05,,,,
5992,0.001,adam,5993,339.725044965744,4.201616387509026e-05,0.0,0.02013206526967358,6.214823010098563e-05,,,,
5993,0.001,adam,5994,339.8045656681061,4.1451644951470865e-05,0.0,0.02033273558781945,6.178438150504343e-05,,,,
5994,0.001,adam,5995,339.867800951004,4.2887417524263906e-05,0.0,0.0190220089605312,6.190942738829205e-05,,,,
5995,0.001,adam,5996,339.93140983581543,4.724693879534924e-05,0.0,0.04002126871815822,8.726820941441572e-05,,,,
5996,0.001,adam,5997,340.02588391304016,5.058417732878873e-05,0.0,0.02085174753341339,7.143592585260698e-05,,,,
5997,0.001,adam,5998,340.0932857990265,5.3163032692201674e-05,0.0,0.016888977961150672,7.005201145553575e-05,,,,
5998,0.001,adam,5999,340.15643191337585,4.923366298270179e-05,0.0,0.01569799625517445,6.493165998349105e-05,,,,
5999,0.001,adam,6000,340.1935360431671,4.559422810252576e-05,0.0,0.018169471447501112,6.376370041303045e-05,0.00041308206498119995,0.0,0.017933299515235174,0.00043101536534822116
6020,0.0,lbfgs,6020,346.1956720352173,,,,5.230712975300094e-05,0.0003924796285811483,0.0,0.017353904196207134,0.0004098335336016216
6040,0.0,lbfgs,6040,349.5345890522003,,,,5.076851423442505e-05,0.00037962187215985043,0.0,0.016915335385887412,0.0003965372083491732
6060,0.0,lbfgs,6060,352.4988708496094,,,,4.877997594563385e-05,0.00036374288489009963,0.0,0.016670039965392732,0.00038041292564727677
6080,0.0,lbfgs,6080,355.22223377227783,,,,4.724186093431794e-05,0.00035771870982300195,0.0,0.016156902444409867,0.0003738756130348235
6100,0.0,lbfgs,6100,358.13818764686584,,,,4.525050194837321e-05,0.00034402962387525065,0.0,0.015344147574093355,0.0003593737721781519
6120,0.0,lbfgs,6120,361.30546498298645,,,,4.371913679005597e-05,0.0003322949466732464,0.0,0.014801399040815658,0.00034709634641709084
6140,0.0,lbfgs,6140,364.2954568862915,,,,4.1855463026297505e-05,0.0003185928643610767,0.0,0.014331385260591379,0.0003329242503023724
6160,0.0,lbfgs,6160,367.41279768943787,,,,4.0214234131854913e-05,0.00030597032805913143,0.0,0.01383036224866509,0.0003198006909647035
6180,0.0,lbfgs,6180,370.9472539424896,,,,3.8970793324150236e-05,0.0002946813288042233,0.0,0.013215673760869628,0.0003078970031928038
6200,0.0,lbfgs,6200,374.5344557762146,,,,3.76660569476731e-05,0.00028404697935543603,0.0,0.012880536036586938,0.00029692751600381563
6220,0.0,lbfgs,6220,377.7626931667328,,,,3.651877466925967e-05,0.0002744962769283918,0.0,0.012517901475347377,0.0002870141789983076
6240,0.0,lbfgs,6240,380.660941362381,,,,3.530332814030312e-05,0.00026535375382800075,0.0,0.012194693909069246,0.0002775484483162869
6260,0.0,lbfgs,6260,383.75314927101135,,,,3.440472112442183e-05,0.0002619855325280711,0.0,0.012007533054523704,0.00027399306615292205
6280,0.0,lbfgs,6280,386.523761510849,,,,3.348786716180181e-05,0.000256655927084745,0.0,0.011794277558790856,0.000268450205203734
6300,0.0,lbfgs,6300,389.6722764968872,,,,3.257145902924342e-05,0.00025222143011039924,0.0,0.011760281865513278,0.0002639817125344959
6320,0.0,lbfgs,6320,392.80282640457153,,,,3.1673877895839974e-05,0.000247862029308684,0.0,0.011636892482230626,0.0002594989223436374
6340,0.0,lbfgs,6340,395.7927713394165,,,,3.0950186048253735e-05,0.0002424270276591079,0.0,0.011396492883817052,0.0002538235210842293
6360,0.0,lbfgs,6360,398.8457999229431,,,,3.0248902904444915e-05,0.00023982550532162118,0.0,0.011229817221015924,0.0002510553230760248
6380,0.0,lbfgs,6380,402.12869477272034,,,,2.9711352395215704e-05,0.0002370327400094224,0.0,0.011139428975202995,0.00024817216951371986
6400,0.0,lbfgs,6400,405.34899735450745,,,,2.9165610889026437e-05,0.00023229877739284915,0.0,0.01106019286355144,0.00024335897078173156
6420,0.0,lbfgs,6420,408.5490527153015,,,,2.859448594574594e-05,0.00022685545799586019,0.0,0.01095743997287083,0.0002378128984891815
6440,0.0,lbfgs,6440,412.26320719718933,,,,2.8115127278953484e-05,0.0002237490620710405,0.0,0.010685149883111034,0.00023443421246166892
6460,0.0,lbfgs,6460,415.66536927223206,,,,2.7609467863282377e-05,0.00022016772383087407,0.0,0.010608272711234367,0.00023077599704597436
6480,0.0,lbfgs,6480,419.4678416252136,,,,2.710863925615043e-05,0.00021858815104027816,0.0,0.010547140744768705,0.00022913529228600916
6500,0.0,lbfgs,6500,422.9816827774048,,,,2.6610457465969617e-05,0.00021685267034971813,0.0,0.010356403772211545,0.00022720907461383247
6520,0.0,lbfgs,6520,426.5841054916382,,,,2.6142212677409512e-05,0.000216221920973958,0.0,0.010208314517034762,0.00022643023597586167
6540,0.0,lbfgs,6540,429.59281635284424,,,,2.5690933221571722e-05,0.00021610680699806614,0.0,0.010206757987366902,0.00022631356547022803
6560,0.0,lbfgs,6560,432.853631734848,,,,2.533991195307538e-05,0.00021519863381925885,0.0,0.010057109947006246,0.0002252557442439522
6580,0.0,lbfgs,6580,436.1168351173401,,,,2.4935549816342158e-05,0.00021386154507339254,0.0,0.009994777295022184,0.00022385632284314117
6600,0.0,lbfgs,6600,439.3006148338318,,,,2.457973983427045e-05,0.00021237412992404487,0.0,0.009847957251428752,0.0002222220876432265
6620,0.0,lbfgs,6620,442.30447459220886,,,,2.4234306327283362e-05,0.00020917203344000734,0.0,0.009800513544458368,0.0002189725474499651
6640,0.0,lbfgs,6640,445.25240659713745,,,,2.3869892549615676e-05,0.00020802336472484884,0.0,0.009673072779547692,0.00021769643796384284
6660,0.0,lbfgs,6660,448.2014408111572,,,,2.3520956390871418e-05,0.00020535727686636296,0.0,0.009486695170804589,0.0002148439724877614
6680,0.0,lbfgs,6680,451.0901036262512,,,,2.3218201756039115e-05,0.00020406450370707158,0.0,0.00944202149782219,0.00021350652565336572
6700,0.0,lbfgs,6700,454.7883269786835,,,,2.2908748714161146e-05,0.00020356116555051096,0.0,0.009341855380623397,0.00021290302137484869
6720,0.0,lbfgs,6720,457.75109672546387,,,,2.2647177110350395e-05,0.00020162109007479474,0.0,0.00921045957645415,0.00021083155008872224
6740,0.0,lbfgs,6740,460.7915139198303,,,,2.2362562641559147e-05,0.00019985321252361958,0.0,0.009109205160558043,0.00020896241811684164
6760,0.0,lbfgs,6760,463.8573169708252,,,,2.2047513536311624e-05,0.0001966914384739504,0.0,0.008984222960047689,0.00020567566186072578
6780,0.0,lbfgs,6780,466.7790558338165,,,,2.1812611297058438e-05,0.00019517789097685652,0.0,0.008948366650496274,0.0002041262580523774
6800,0.0,lbfgs,6800,470.3123428821564,,,,2.156551949517097e-05,0.00019237948966679914,0.0,0.008952007957917939,0.00020133149804991464
6820,0.0,lbfgs,6820,473.8595416545868,,,,2.1288820956294207e-05,0.00018827500923937154,0.0,0.008936535245783183,0.00019721154490961738
6840,0.0,lbfgs,6840,476.8204154968262,,,,2.1052430634884903e-05,0.00018538469044102602,0.0,0.008844306507582222,0.00019422899736869025
6860,0.0,lbfgs,6860,479.9204742908478,,,,2.0827985511632874e-05,0.00018334836289284152,0.0,0.008725763409719145,0.00019207412671701219
6880,0.0,lbfgs,6880,482.90411019325256,,,,2.0591386854071522e-05,0.0001813529152668211,0.0,0.008535159490421032,0.00018988807516264044
6900,0.0,lbfgs,6900,486.2109658718109,,,,2.0374670139018467e-05,0.00018069713895990517,0.0,0.00838890173571221,0.00018908604109406883
6920,0.0,lbfgs,6920,489.4011113643646,,,,2.017125194281711e-05,0.00017982364437998876,0.0,0.008324135695371649,0.00018814778047073565
6940,0.0,lbfgs,6940,492.46315455436707,,,,1.9977196787081756e-05,0.00017972288009534125,0.0,0.0082734338679913,0.00018799631435629957
6960,0.0,lbfgs,6960,495.9768397808075,,,,1.9742293711951524e-05,0.00017812465220790294,0.0,0.008146224114216725,0.00018627087670904454
6980,0.0,lbfgs,6980,499.3429706096649,,,,1.9570752388688055e-05,0.00017833826685343274,0.0,0.008128490444600827,0.00018646675768411615
7000,0.0,lbfgs,7000,502.44947242736816,,,,1.9390153844848836e-05,0.0001770694286020872,0.0,0.008088763632275826,0.00018515819261855868
7020,0.0,lbfgs,7020,505.46434140205383,,,,1.9166906098341254e-05,0.00017554579867935875,0.0,0.007926319181759508,0.00018347211823759821
7040,0.0,lbfgs,7040,508.4233570098877,,,,1.898566765607625e-05,0.0001740918164021104,0.0,0.007856578483956765,0.00018194839525923463
7060,0.0,lbfgs,7060,511.47817397117615,,,,1.8793731888705072e-05,0.000172555768434549,0.0,0.007773692272571853,0.00018032946107635143
7080,0.0,lbfgs,7080,514.2275757789612,,,,1.8596906861739755e-05,0.00017123475404073565,0.0,0.007662657627400347,0.0001788974120320927
7100,0.0,lbfgs,7100,517.1485412120819,,,,1.838634870311926e-05,0.00017036150688727548,0.0,0.00753101421058771,0.00017789252145556717
7120,0.0,lbfgs,7120,520.2629361152649,,,,1.8248622949852027e-05,0.00017010862300021265,0.0,0.0075015399113315655,0.00017761016326784824
7140,0.0,lbfgs,7140,523.3839905261993,,,,1.810037802126786e-05,0.00016959248981210568,0.0,0.007528232435272099,0.00017712072260494963
7160,0.0,lbfgs,7160,526.469982624054,,,,1.792175407955185e-05,0.00016938111441411544,0.0,0.007412921334291384,0.00017679403610050169
7180,0.0,lbfgs,7180,529.5828573703766,,,,1.7735189419581378e-05,0.00016925827961412917,0.0,0.007263999599781701,0.00017652227955893235
7200,0.0,lbfgs,7200,533.1130864620209,,,,1.7544182493786687e-05,0.00016854690278690892,0.0,0.007276773173707835,0.00017582367630624492
7220,0.0,lbfgs,7220,536.4618692398071,,,,1.7392456762074492e-05,0.00016825063905918157,0.0,0.007136181430634744,0.00017538682082876675
7240,0.0,lbfgs,7240,539.8433811664581,,,,1.7255325285156446e-05,0.00016791693873282723,0.0,0.007047873796102712,0.00017496481286368598
7260,0.0,lbfgs,7260,542.9767382144928,,,,1.710564237577821e-05,0.0001669749275995237,0.0,0.007000403222108733,0.00017397533115413375
7280,0.0,lbfgs,7280,546.2611794471741,,,,1.696339126968162e-05,0.00016544138199710997,0.0,0.0069489801321027155,0.00017239036245927152
7300,0.0,lbfgs,7300,549.5528690814972,,,,1.6800358020185802e-05,0.00016435745174737856,0.0,0.006843829586148678,0.0001712012816585917
7320,0.0,lbfgs,7320,553.0630385875702,,,,1.6656159443766944e-05,0.0001636114803544296,0.0,0.006809581342449354,0.00017042106202031673
7340,0.0,lbfgs,7340,556.3278856277466,,,,1.6524235304612864e-05,0.00016314303774594402,0.0,0.006818839864223254,0.0001699618779340448
7360,0.0,lbfgs,7360,559.8755843639374,,,,1.6388862227337125e-05,0.00016258410931460786,0.0,0.006746408207119238,0.00016933051784216428
7380,0.0,lbfgs,7380,563.1838195323944,,,,1.6281057690876804e-05,0.00016218599455819344,0.0,0.006733274810834746,0.00016891926968884158
7400,0.0,lbfgs,7400,566.5408525466919,,,,1.615439584848016e-05,0.0001618177681305586,0.0,0.006691494754279591,0.00016850926320266714
7420,0.0,lbfgs,7420,569.968820810318,,,,1.6028446523660315e-05,0.0001610308017922513,0.0,0.006634282288210553,0.00016766508439557335
7440,0.0,lbfgs,7440,573.388671875,,,,1.5894184498713833e-05,0.0001602240852971142,0.0,0.0066284536015559555,0.00016685253921350481
7460,0.0,lbfgs,7460,576.9510350227356,,,,1.5766740094539487e-05,0.0001601475250902122,0.0,0.006547989420829941,0.00016669551482205493
7480,0.0,lbfgs,7480,579.7592079639435,,,,1.568076214646484e-05,0.00016037350667508256,0.0,0.0065279336873115806,0.00016690144067245434
7500,0.0,lbfgs,7500,582.864194393158,,,,1.5580193115806424e-05,0.00016088153834582338,0.0,0.00650813816259953,0.0001673896768175429
7520,0.0,lbfgs,7520,586.0186815261841,,,,1.5475516776957276e-05,0.00016118677672588574,0.0,0.006486119756973693,0.0001676728967909336
7540,0.0,lbfgs,7540,589.2296698093414,,,,1.5382062207223513e-05,0.0001607371606571292,0.0,0.006447501917197926,0.00016718466288056702
7560,0.0,lbfgs,7560,592.4775648117065,,,,1.5292334982708505e-05,0.00016021843762928245,0.0,0.0064233833810381415,0.00016664182131541494
7580,0.0,lbfgs,7580,595.8716673851013,,,,1.5204388022904615e-05,0.00016025831762269424,0.0,0.006409062021625778,0.00016666737994873413
7600,0.0,lbfgs,7600,599.1079223155975,,,,1.509883029163278e-05,0.00016012240519190066,0.0,0.006383162536275354,0.00016650556803135996
7620,0.0,lbfgs,7620,602.3584222793579,,,,1.4986994657285225e-05,0.0001596901259785984,0.0,0.006334241036971409,0.0001660243673164301
7640,0.0,lbfgs,7640,605.2986550331116,,,,1.4880922592029234e-05,0.00015935404547561945,0.0,0.00629770796374236,0.00016565175373848688
7660,0.0,lbfgs,7660,608.4518527984619,,,,1.4780591404536692e-05,0.00015962167365518872,0.0,0.006269513081265137,0.00016589118703423975
7680,0.0,lbfgs,7680,611.3261620998383,,,,1.4703918487696938e-05,0.0001596538129268252,0.0,0.006241959155572749,0.0001658957723788751
7700,0.0,lbfgs,7700,614.2555675506592,,,,1.4623069612666643e-05,0.00016040369483850196,0.0,0.006173063677900533,0.00016657675880960728
7720,0.0,lbfgs,7720,617.2780153751373,,,,1.453837081068524e-05,0.00015983812843181893,0.0,0.006155613633714705,0.0001659937423579096
7740,0.0,lbfgs,7740,620.3485298156738,,,,1.4440539666396055e-05,0.00015880059933806562,0.0,0.006165578764257652,0.00016496617839517256
7760,0.0,lbfgs,7760,623.5307719707489,,,,1.4357795245334077e-05,0.0001588688764474954,0.0,0.006135461235363926,0.00016500433797427807
7780,0.0,lbfgs,7780,626.59903383255,,,,1.4262417303020898e-05,0.00015938997535384564,0.0,0.006084346136743271,0.00016547432177957985
7800,0.0,lbfgs,7800,629.7278938293457,,,,1.416540603235086e-05,0.00016015527608966457,0.0,0.006019512230848592,0.00016617478860642465
7820,0.0,lbfgs,7820,632.490805387497,,,,1.4072389761692812e-05,0.00016090617467183352,0.0,0.006001813316274213,0.00016690798827317856
7840,0.0,lbfgs,7840,635.4162948131561,,,,1.3999574752639939e-05,0.00016061703687432933,0.0,0.005983097164725686,0.00016660013432323687
7860,0.0,lbfgs,7860,637.2763893604279,,,,1.3903634740216533e-05,0.0001605415942183697,0.0,0.005959649509023211,0.00016650124401046109
7880,0.0,lbfgs,7880,639.138477563858,,,,1.383498256143817e-05,0.00016012708393380715,0.0,0.005917612209396328,0.00016604469642427498
7900,0.0,lbfgs,7900,641.053740978241,,,,1.3768482897198573e-05,0.0001602865986849494,0.0,0.005867560549685716,0.00016615415951332928
7920,0.0,lbfgs,7920,642.9952676296234,,,,1.3679317117956818e-05,0.00015962071666828856,0.0,0.0058638072557443055,0.00016548452420254878
7940,0.0,lbfgs,7940,644.7868413925171,,,,1.3612436465413678e-05,0.00015961234440306567,0.0,0.00586540375570698,0.00016547774843736439
7960,0.0,lbfgs,7960,646.5206925868988,,,,1.3551544687076961e-05,0.0001598343089340275,0.0,0.00583347515146285,0.00016566778436256555
7980,0.0,lbfgs,7980,648.3948483467102,,,,1.3476787294895248e-05,0.0001600892909026611,0.0,0.005829208878513477,0.00016591850005804714
8000,0.0,lbfgs,8000,650.0982327461243,,,,1.3394319106885992e-05,0.00015996363365947827,0.0,0.005820506910003192,0.00016578414084594072
