epoch,lr,stage,step,time,train_data,train_ic,train_phys,train_total,val_data,val_ic,val_phys,val_total
0,0.0009999731555581093,adam,20,5.718666315078735,0.0698707228825694,0.0,769.2527083170166,76.99514270086009,0.06244265040274274,0.0,30.019193450615255,3.064362040196352
1,0.000999892596155405,adam,40,7.747506618499756,0.05421583610069105,0.0,32.5717608059568,3.3113919652320782,0.04493454822532713,0.0,9.299570672145643,0.9748916292973316
2,0.0009997582528740168,adam,60,9.268407106399536,0.03594665252021415,0.0,3.6730763537250604,0.40325429336603047,0.027472079713531456,0.0,1.5146700941122444,0.17893909138179023
3,0.0009995702421292663,adam,80,10.872169494628906,0.02174066330166687,0.0,0.7774191669137732,0.099482581151489,0.016494134680378213,0.0,0.39378491417553985,0.055872626684717444
4,0.0009993285639211535,adam,100,12.414886713027954,0.01331830437645323,0.0,0.23860144107125475,0.037178448839122566,0.01045311159536299,0.0,0.17652972731851352,0.028106084590264133
5,0.0009990331018343568,adam,120,13.919259071350098,0.008919323035584764,0.0,0.1646331594656286,0.02538263922747015,0.007332480891582898,0.0,0.15321605013293255,0.02265408613318586
6,0.0009986842051148415,adam,140,15.49722146987915,0.006620198643606035,0.0,0.145163933769145,0.021136592236831647,0.0057926827633721385,0.0,0.14159028635943882,0.019951711610301986
7,0.000998281524516642,adam,160,17.071539163589478,0.005496699671776019,0.0,0.14146327417204965,0.01964302729977769,0.005036737907132434,0.0,0.1380665879306574,0.018843396905933424
8,0.0009978254092857242,adam,180,18.686312437057495,0.00494134563121888,0.0,0.1383236603046067,0.018773711867797867,0.004665965240756282,0.0,0.13651143731453205,0.01831710917562738
9,0.0009973157430067658,adam,200,20.230797052383423,0.004657992823134818,0.0,0.13387876380976782,0.01804586940360651,0.004452110670843723,0.0,0.13445848009127176,0.017897958880329648
10,0.000996752642095089,adam,220,21.756354093551636,0.004492762153056921,0.0,0.13353593621852963,0.017846355973893935,0.004326812952088561,0.0,0.13305724419887155,0.01763253757024646
11,0.0009961363393813372,adam,240,23.24816370010376,0.004390799046424027,0.0,0.13274284921696394,0.017665084165922683,0.0042461748709391066,0.0,0.13191795582093468,0.017437970649605648
12,0.000995466485619545,adam,260,24.82816505432129,0.004337462583976945,0.0,0.13099241022436459,0.01743670380160731,0.004194674858580643,0.0,0.1300904219929963,0.01720371725173011
13,0.0009947435464709997,adam,280,26.36513924598694,0.004282815654951521,0.0,0.1293191435943055,0.017214730207082616,0.004153004418655471,0.0,0.12912072921796258,0.017065077532856607
14,0.0009939672891050577,adam,300,27.876725912094116,0.0042446921864168876,0.0,0.12941651684735936,0.01718634406399846,0.0041307948292943,0.0,0.12698849661191938,0.016829644679713845
15,0.0009931380627676845,adam,320,29.448091506958008,0.004225610516025607,0.0,0.1267155308363165,0.016897163788478112,0.004120484896955939,0.0,0.12522332907636752,0.016642817991189992
16,0.00099225586745888,adam,340,31.033867359161377,0.00421461007420572,0.0,0.1242230910494004,0.01663691936425259,0.004101606512348395,0.0,0.12398910295241637,0.016500516992348193
17,0.000991320819593966,adam,360,32.54622197151184,0.0041877638458668685,0.0,0.12282943610746655,0.01647070763964365,0.004083421428576517,0.0,0.12261771076483655,0.0163451926877748
18,0.0009903329191729426,adam,380,34.153385162353516,0.0041746525823394085,0.0,0.1235502909745518,0.016529681863898867,0.004077771694827491,0.0,0.12140648899066972,0.01621842077480423
19,0.0009892923990264535,adam,400,35.68539381027222,0.004156587152876216,0.0,0.12216464184706828,0.016373051519622546,0.004073450524770987,0.0,0.12002451122774056,0.0160759018263955
20,0.0009881992591544986,adam,420,37.12441897392273,0.004171798500911876,0.0,0.11953961412968991,0.016125760092008775,0.004074186487735489,0.0,0.11803464432412772,0.015877651096033587
21,0.0009870537323877215,adam,440,38.659595012664795,0.004154734374092873,0.0,0.11881225144344162,0.01603595969548109,0.0040749072639444965,0.0,0.11677484010934845,0.015752391448887414
22,0.0009858558187261224,adam,460,40.232364654541016,0.004156567608060381,0.0,0.11579792976894965,0.015736360757507707,0.0040639794842554835,0.0,0.11605730580179065,0.01566971023737341
23,0.0009846057510003448,adam,480,41.80583167076111,0.00414554290594756,0.0,0.1162590164773758,0.015771444726924575,0.004062264232861752,0.0,0.11469061037015776,0.015531325440779856
24,0.0009833037620410323,adam,500,43.42073464393616,0.004128443156298343,0.0,0.11256638550873073,0.015385081874908401,0.004055230617060754,0.0,0.11441032777321779,0.015496263564867205
25,0.0009819496190175414,adam,520,45.016157150268555,0.004144666078715041,0.0,0.11384524619637597,0.015529190867995275,0.00405881050959326,0.0,0.11218328236430236,0.015277138913189613
26,0.0009805439040064812,adam,540,46.64601540565491,0.0041334743013910855,0.0,0.11173807918376877,0.015307282386270674,0.0040537786447135075,0.0,0.11125481322171087,0.015179260132667185
27,0.0009790866170078516,adam,560,48.300615310668945,0.004124393939359709,0.0,0.11087091679013461,0.015211485783583712,0.004048141096601418,0.0,0.11017378795079197,0.015065520055852351
28,0.0009775777580216527,adam,580,49.91533899307251,0.004121680244297118,0.0,0.10900836476341354,0.015022516883073595,0.00405128949602922,0.0,0.10927582189069152,0.014978871847932035
29,0.0009760176762938499,adam,600,51.47572588920593,0.004116134836292626,0.0,0.108101083702331,0.01492624336760889,0.0040338971182946335,0.0,0.10818757975293636,0.014852655254800326
30,0.000974406604655087,adam,620,53.05146384239197,0.00412205223840843,0.0,0.10691855511317486,0.014813907909046974,0.004042914635080619,0.0,0.10746018611170505,0.014788933406379278
31,0.000972744426690042,adam,640,54.66964650154114,0.004125672773213181,0.0,0.10478045801672142,0.014603718731020374,0.0040312389531949365,0.0,0.10654527886810142,0.014685766998769917
32,0.0009710316662676632,adam,660,56.17144703865051,0.004109696564843775,0.0,0.1069103407348539,0.014800730797637985,0.004033986312100234,0.0,0.1056624638732466,0.014600232856874234
33,0.0009692682069726288,adam,680,57.611583948135376,0.0041065812108896215,0.0,0.10545415306476573,0.01465199667450513,0.004040916965751597,0.0,0.10531570045517889,0.014572487168202109
34,0.0009674543980509043,adam,700,59.21202731132507,0.004115445165336421,0.0,0.10337862121737953,0.014453307441120524,0.004025313413290951,0.0,0.10423706060839541,0.014449019629455816
35,0.0009655905305407941,adam,720,60.70003318786621,0.004092962398538361,0.0,0.1040199169857394,0.014494954252114051,0.004021429239594319,0.0,0.10337415444890856,0.014358844838524669
36,0.0009636766626499593,adam,740,62.19545769691467,0.004102773371866809,0.0,0.10358149041735776,0.014460922567951034,0.004038290245984589,0.0,0.1037681785021812,0.014415108250829346
37,0.0009617129690013826,adam,760,63.780657052993774,0.004116577555795183,0.0,0.10075198670579058,0.014191776376506402,0.0040251218601285695,0.0,0.10175484639428947,0.014200606651184052
38,0.0009596997988410294,adam,780,65.2555558681488,0.004095532915518137,0.0,0.10180623616651918,0.014276156683873173,0.004021032440632447,0.0,0.10094811006316708,0.01411584359737356
39,0.0009576372685842216,adam,800,66.86601090431213,0.004108650715335625,0.0,0.10020050928044792,0.014128701792690814,0.004026607301540313,0.0,0.10075214400722922,0.014101821852395629
40,0.0009555257274769247,adam,820,68.43865251541138,0.004098017155015096,0.0,0.10132015281018387,0.014230032587012276,0.004029451497009521,0.0,0.10053062829499992,0.014082514476311824
41,0.0009533652919344604,adam,840,69.99460244178772,0.00411587221097705,0.0,0.09966697162865654,0.014082569522358066,0.004046153069075368,0.0,0.09900890835352148,0.013947044051962287
42,0.0009511563112027943,adam,860,71.58887219429016,0.0041159226659827014,0.0,0.09661617125629236,0.013777539935581251,0.004023463005626301,0.0,0.09850235170712944,0.013873698323119188
43,0.0009488988434895873,adam,880,73.21968841552734,0.00409027330957022,0.0,0.09777156100901337,0.013867429556162538,0.004006788824583932,0.0,0.09792966423102047,0.01379975539361255
44,0.0009465932380408049,adam,900,74.76260781288147,0.004095567125963763,0.0,0.09698509548471448,0.013794076818954268,0.004031419299585405,0.0,0.09696133193143981,0.01372755263721303
45,0.0009442397858947515,adam,920,76.37757229804993,0.0040967061539583325,0.0,0.09839425117293471,0.013936131417870664,0.004024278757401132,0.0,0.0969390104550142,0.013718179947352934
46,0.000941838719882071,adam,940,78.0618155002594,0.00411640272765506,0.0,0.09534769588862341,0.013651172458596535,0.0040254815151350935,0.0,0.09586135378922596,0.013611617036902238
47,0.0009393902728334069,adam,960,79.65813708305359,0.0041159863597877485,0.0,0.09481253284577237,0.01359723978564667,0.004020768872243382,0.0,0.09591851043697437,0.013612620058870536
48,0.0009368947939947248,adam,980,81.2054545879364,0.004091052658185301,0.0,0.09482677725455975,0.013573730524944186,0.0040144829586606775,0.0,0.09533380772145315,0.013547863872864437
49,0.0009343525161966681,adam,1000,82.86572265625,0.004111309946635109,0.0,0.0959277708712793,0.01370408717670656,0.004040183681117185,0.0,0.09468348141218923,0.01350853196342549
50,0.0009317636722698808,adam,1020,84.38770580291748,0.004118714449817739,0.0,0.09368298973823706,0.01348701356323998,0.004037816585389185,0.0,0.09419674134964205,0.013457490860717472
51,0.0009291285532526672,adam,1040,85.99555921554565,0.004127274661992538,0.0,0.09274984457750896,0.013402259257951469,0.004042394913859542,0.0,0.09319397753785102,0.013361792806514491
52,0.000926447450183332,adam,1060,87.52864360809326,0.0041154700937986715,0.0,0.09186459144150325,0.0133019293748379,0.004018642295889212,0.0,0.09352535270136195,0.013371177705389042
53,0.0009237207123078406,adam,1080,89.0272057056427,0.004090162240076996,0.0,0.09307676169639595,0.013397838548411773,0.004026384693066886,0.0,0.09246185238402946,0.01327257006924873
54,0.0009209486306644976,adam,1100,90.63347887992859,0.004098241564315113,0.0,0.09206944203178619,0.013305185904687891,0.004037663422107311,0.0,0.09188630878944841,0.013226294437973423
55,0.0009181314380839467,adam,1120,92.24186372756958,0.0040858218001770166,0.0,0.09008170511772609,0.01309399244618183,0.004001027411412786,0.0,0.09212602762269848,0.013213630310961112
56,0.0009152694838121533,adam,1140,93.78637599945068,0.00408021362561657,0.0,0.09151473287563297,0.01323168704954745,0.004017469952130119,0.0,0.09117101617692816,0.013134571705678336
57,0.000912363117095083,adam,1160,95.37994337081909,0.004088311839961224,0.0,0.09031673394084161,0.013119985368627806,0.00403243724979817,0.0,0.09097372361880503,0.013129809747240085
58,0.0009094126871787012,adam,1180,97.04097414016724,0.004094781710998353,0.0,0.09057643397774634,0.013152425243742391,0.004019170449357156,0.0,0.09040352628636515,0.013059523212705423
59,0.0009064183686859906,adam,1200,98.652916431427,0.0040887097637833615,0.0,0.09167143326844793,0.013255853227229237,0.00402470527909723,0.0,0.08999549368676614,0.013024254781877579
60,0.0009033806272782385,adam,1220,100.25806427001953,0.0041054609640451874,0.0,0.08993056888712535,0.013098517986764712,0.004032105581213922,0.0,0.08995206598056334,0.013027312313309279
61,0.0009002996957860887,adam,1240,101.78556108474731,0.004119053603753061,0.0,0.08831358742468834,0.012950412477819393,0.0040283015933204975,0.0,0.08912428642844933,0.012940730368970966
62,0.0008971759816631675,adam,1260,103.35220551490784,0.004096904448631764,0.0,0.08879633493558882,0.012976538074507497,0.004012882079638401,0.0,0.08900446830256382,0.012913329042521775
63,0.0008940098341554403,adam,1280,104.82397675514221,0.004093912937277003,0.0,0.08742510818018476,0.01283642388556904,0.004016049939735963,0.0,0.08846213010764319,0.012862263082319128
64,0.0008908015443012118,adam,1300,106.42167472839355,0.004090946983164144,0.0,0.08766077972668515,0.0128570250864574,0.00401520543606084,0.0,0.08820732466555617,0.012835938034055614
65,0.0008875515195541084,adam,1320,107.97130298614502,0.004077494519337013,0.0,0.0876196802525182,0.01283946267515233,0.004016090905897991,0.0,0.08794159911006247,0.012810250947947431
66,0.0008842601091600955,adam,1340,109.57948470115662,0.004110666644366269,0.0,0.08527789477836958,0.012638456249277194,0.00400790058579127,0.0,0.08760102149672767,0.01276800286599973
67,0.0008809275459498167,adam,1360,111.19406223297119,0.004066110691124425,0.0,0.08700754137712033,0.0127668649584878,0.004003102086643292,0.0,0.08780950391573408,0.012784052609063058
68,0.0008775544702075422,adam,1380,112.72402691841125,0.004086702312222648,0.0,0.08636310271335339,0.012723012712249035,0.00402513064024655,0.0,0.0865738497456486,0.0126825157438165
69,0.0008741409401409328,adam,1400,114.27408337593079,0.004102707892666364,0.0,0.0857554747394558,0.012678255494397555,0.004006637425454528,0.0,0.08752584561451425,0.012759222117329626
70,0.0008706876542419195,adam,1420,115.85373163223267,0.004091574893213419,0.0,0.08650899530751682,0.012742474552873551,0.004016858120889708,0.0,0.08660587606298743,0.012677445856241263
71,0.0008671946125105023,adam,1440,117.47348499298096,0.004076452643154418,0.0,0.0862800507639713,0.012704457848118841,0.004003339377188374,0.0,0.08658813242211787,0.012662152748426532
72,0.0008636625716462731,adam,1460,119.02904868125916,0.004104139114188576,0.0,0.08333696563949634,0.012437835802319969,0.004038252800247024,0.0,0.0858445466060514,0.012622707588770507
73,0.0008600915898568928,adam,1480,120.60914206504822,0.0041154691968551555,0.0,0.08507861747261533,0.012623331070893709,0.004033094091407374,0.0,0.08520415111079394,0.012553509329450846
74,0.0008564823656342924,adam,1500,122.14397978782654,0.004086886827968621,0.0,0.08440548898214865,0.012527435851957466,0.0040211800241810695,0.0,0.08547823056952379,0.012569003208505939
75,0.0008528350736014545,adam,1520,123.6935670375824,0.004097806384211434,0.0,0.0862565802242004,0.012723464535163792,0.004025364538071561,0.0,0.08488872844557271,0.012514237509122896
76,0.0008491502376273274,adam,1540,125.24602246284485,0.004097816456773927,0.0,0.08372593036792472,0.012470409618327755,0.004016521909913147,0.0,0.08452119110246818,0.012468641146106355
77,0.0008454281487502158,adam,1560,126.8272635936737,0.004087551189855673,0.0,0.08511055623327754,0.012598606940008038,0.004026571845188365,0.0,0.08421209001300188,0.012447780971974347
78,0.0008416692144237459,adam,1580,128.45301628112793,0.004107753137166975,0.0,0.08355413715678257,0.012463166977350601,0.004021728631717792,0.0,0.08467070475985654,0.012488799233872628
79,0.0008378740167245269,adam,1600,130.01814579963684,0.004108189049971143,0.0,0.08438061622123441,0.0125462507978315,0.004030974607901213,0.0,0.08371167832421131,0.012402142565062465
80,0.0008340428466908634,adam,1620,131.72860145568848,0.004107430848937044,0.0,0.08303036580483307,0.012410467553145238,0.004012037246693943,0.0,0.08404545046135448,0.01241658241806687
81,0.0008301761117763817,adam,1640,133.37989044189453,0.004096157171285823,0.0,0.0829557497519984,0.012391732270099366,0.0040325478149751326,0.0,0.0837086045707964,0.012403408396790314
82,0.0008262743358500302,adam,1660,134.961665391922,0.004076595479555065,0.0,0.08222546005728468,0.012299141607809018,0.003998916257996886,0.0,0.08342804845105328,0.012341721227419694
83,0.0008223378099501133,adam,1680,136.5589644908905,0.0040835024418818455,0.0,0.08209238090080744,0.012292740654289772,0.0040171273324212595,0.0,0.08277592380987804,0.012294719836754802
84,0.0008183670579455793,adam,1700,138.07547807693481,0.004085801636254892,0.0,0.08199976259457256,0.012285778017901315,0.0040075906810858744,0.0,0.08283253571880508,0.012290844376396479
85,0.0008143624872900546,adam,1720,139.6240677833557,0.004089041024858718,0.0,0.08159954564389514,0.01224899571084103,0.004001209633319527,0.0,0.08279196823487922,0.012280406580177096
86,0.0008103244472295046,adam,1740,141.2097237110138,0.004095168414621346,0.0,0.08163111095785724,0.012258279632046901,0.0040089734738531614,0.0,0.08356114758719237,0.01236508835708821
87,0.0008062535780481994,adam,1760,142.72412014007568,0.004094535196675297,0.0,0.08203807979725625,0.01229834329864719,0.004014600406757322,0.0,0.0817636638273371,0.012190966911328385
88,0.0008021501707844436,adam,1780,144.28159856796265,0.004080767562176544,0.0,0.08116517652631763,0.012197285335753844,0.004013269578749267,0.0,0.08259216862117728,0.012272486563938917
89,0.0007980148075148463,adam,1800,145.9868083000183,0.004085774027889325,0.0,0.08181767204676871,0.012267541354484029,0.004035781673658441,0.0,0.08158236158029687,0.01219401795325532
90,0.0007938477792777121,adam,1820,147.57117676734924,0.0040994981906410325,0.0,0.08081855000227248,0.012181353311297305,0.004029653758011987,0.0,0.081123880634316,0.01214204194232759
91,0.0007896496681496501,adam,1840,149.1793406009674,0.004104443948473507,0.0,0.0807019602770628,0.01217464009643508,0.004022762305068331,0.0,0.08137604046535404,0.012160366472863485
92,0.0007854208815842867,adam,1860,150.7394721508026,0.004096467628764243,0.0,0.08068120357166529,0.012164588106155134,0.004040537040744652,0.0,0.08076126945888672,0.012116664106976992
93,0.0007811618270352483,adam,1880,152.291033744812,0.0040976970402851216,0.0,0.08139786821829417,0.012237483983406816,0.003999941652957263,0.0,0.08154144432544515,0.012154086207007999
94,0.0007768731447868049,adam,1900,153.92506504058838,0.004080104136220566,0.0,0.07973996708022547,0.012054100963064925,0.004021656122918239,0.0,0.08126710837925318,0.012148367081940985
95,0.0007725550676696002,adam,1920,155.49999809265137,0.004076486714802348,0.0,0.07905426761609388,0.011981913594211772,0.003989356418601501,0.0,0.08085471991436535,0.012074828530520956
96,0.0007682084105908871,adam,1940,156.97577142715454,0.0040720551089525525,0.0,0.08025388192928809,0.012097443421468963,0.00402148122059917,0.0,0.08012715519636372,0.012034196859634309
97,0.0007638333481736481,adam,1960,158.54115319252014,0.004089693982717983,0.0,0.07933222457839931,0.012022916558772141,0.004022542300881541,0.0,0.08050510535551979,0.012073052956395474
98,0.0007594302878715098,adam,1980,160.108580827713,0.0041068349562,0.0,0.07904494369869239,0.012011329443855382,0.004007695105919043,0.0,0.08003133277349885,0.012010828502524907
99,0.0007550000445917249,adam,2000,161.66944646835327,0.004073031406928822,0.0,0.07889762628727527,0.011962794153222971,0.004003875445006326,0.0,0.07992974776533374,0.011996850340644304
100,0.000750542851164937,adam,2020,163.17586183547974,0.004068169390902471,0.0,0.07907975190306249,0.011976144699046731,0.003987967224062255,0.0,0.0801996063520376,0.012007927978772742
101,0.0007460592896677554,adam,2040,164.67275428771973,0.00407378332703712,0.0,0.07941767102478442,0.01201555054785711,0.004014167221778891,0.0,0.07971469156942089,0.011985636497505127
102,0.0007415498839691281,adam,2060,166.2073631286621,0.004108409582531294,0.0,0.0789074874965939,0.011999158449772007,0.00401159938817729,0.0,0.07937399933070637,0.011948999439524403
103,0.0007370150997303426,adam,2080,167.77946996688843,0.0040920819522390515,0.0,0.07927955572316181,0.012020037642690978,0.004009476180164635,0.0,0.07895966407469407,0.011905442705293109
104,0.0007324553444050252,adam,2100,169.2875497341156,0.004092389191297433,0.0,0.07856911509302908,0.011949300817677446,0.004005847612221492,0.0,0.07913749347108799,0.011919597077254346
105,0.000727871258277446,adam,2120,170.7265124320984,0.004083373670460333,0.0,0.08017882986595559,0.01210125677653166,0.0040002015979485285,0.0,0.0794715314811747,0.011947354864487808
106,0.0007232632488012314,adam,2140,172.35332870483398,0.004089354180603509,0.0,0.07948002320700051,0.01203735661973802,0.004016212039053019,0.0,0.07863449120845085,0.011879661277072628
107,0.0007186318398453295,adam,2160,173.92905807495117,0.0040725798906352684,0.0,0.07759361627255557,0.011831941633514321,0.003983136520057385,0.0,0.07891561709709387,0.011874698347360206
108,0.0007139776134863496,adam,2180,175.47770810127258,0.004072450427183563,0.0,0.07844772409289781,0.011917222953369562,0.003992093038044259,0.0,0.07898425485743461,0.011890518641483432
109,0.000709300977177918,adam,2200,177.04937028884888,0.004060148611855737,0.0,0.0784530763251944,0.011905456361279371,0.004010691065001703,0.0,0.07852414897032907,0.01186310607904471
110,0.0007046025129966438,adam,2220,178.53796577453613,0.0040855103718285424,0.0,0.0775167941690735,0.011837189904244918,0.004017473069452985,0.0,0.07789684741475082,0.011807157927003414
111,0.0006998826866038144,adam,2240,180.10423684120178,0.0040813321722359165,0.0,0.07777030780397118,0.011858363068519824,0.0040176939751752775,0.0,0.07811978061810645,0.011829672153393467
112,0.0006951420218683779,adam,2260,181.6201376914978,0.00407284128454289,0.0,0.07690469138019244,0.011763310537159056,0.003994164240355903,0.0,0.07823887073778726,0.011818051430719631
113,0.0006903810426592827,adam,2280,183.1313922405243,0.00407130549310669,0.0,0.07615358742818663,0.01168666434940304,0.003986844922970789,0.0,0.07810473375956263,0.011797318415312175
114,0.0006856003310531378,adam,2300,184.77342295646667,0.004043864732741907,0.0,0.07650500022075249,0.01169436486881849,0.003976642604474333,0.0,0.07769762222896162,0.011746404943148974
115,0.0006808002945035696,adam,2320,186.38164019584656,0.004070275748795157,0.0,0.07624836976598495,0.011695112839012577,0.004009016756595266,0.0,0.07737002335955617,0.011746019207841202
116,0.0006759816315025091,adam,2340,187.97665572166443,0.004064793331196213,0.0,0.07589388033432212,0.011654181477719124,0.003992120574279887,0.0,0.07755590820783823,0.011747711510631018
117,0.0006711445748806,adam,2360,189.4883074760437,0.00408303284102772,0.0,0.07593671271945,0.011676704226127241,0.003999092091123038,0.0,0.07726770096346479,0.011725862302607363
118,0.0006662900559604168,adam,2380,191.10995960235596,0.004059381944679819,0.0,0.07629761463222398,0.01168914352159452,0.003966347371653472,0.0,0.07751813823024262,0.011718161310188761
119,0.0006614183657802641,adam,2400,192.68087005615234,0.004067591928429481,0.0,0.07590899986121756,0.01165849202766446,0.004014098923828154,0.0,0.07676495375605986,0.011690594413822836
120,0.0006565299700014293,adam,2420,194.27374124526978,0.00405491611016664,0.0,0.07589661676949,0.011644577900210411,0.003978251415023342,0.0,0.0771137761371653,0.011689629143648354
121,0.0006516256253235042,adam,2440,195.86687994003296,0.004064791819822578,0.0,0.07578837706546183,0.011643629639302246,0.004006402900697787,0.0,0.07637680850246123,0.011644083864754223
122,0.0006467056809924543,adam,2460,197.33828854560852,0.004065683744701723,0.0,0.07620211191843268,0.011685895050094985,0.003979735972130277,0.0,0.07668498014010075,0.011648234100409877
123,0.0006417707772925496,adam,2480,198.91148805618286,0.0040511242517295935,0.0,0.075108736522762,0.011561998015926533,0.003978992048260968,0.0,0.07669275936890235,0.01164826809943232
124,0.0006368213798850775,adam,2500,200.45123839378357,0.004056049396301753,0.0,0.07637805999372686,0.011693855509486619,0.0039831013294220775,0.0,0.07705689493000414,0.011688790937246212
125,0.000631858070846647,adam,2520,202.08333277702332,0.004060600532011736,0.0,0.07513656668094512,0.011574257312068455,0.003987546765022797,0.0,0.07688443798671546,0.011675990678261083
126,0.0006268814322538674,adam,2540,203.58824801445007,0.004064941281514812,0.0,0.07497424818604004,0.011562366211839151,0.003981094016334297,0.0,0.07670532073730378,0.01165162620436451
127,0.000621891871560365,adam,2560,205.16804218292236,0.004063523860074837,0.0,0.0757975549374669,0.011643279466768687,0.003965083568968493,0.0,0.0759706552467968,0.011562149206853271
128,0.0006168902036733925,adam,2580,206.75262022018433,0.004052033182882863,0.0,0.07520507471038469,0.011572540765985628,0.003969892038944929,0.0,0.07615291791592299,0.011585183944013918
129,0.0006118767196312547,adam,2600,208.28001070022583,0.0040678468210225615,0.0,0.07532863751631365,0.011600710684902347,0.003996122568677524,0.0,0.07578805907804977,0.011574928589415508
130,0.0006068521179258823,adam,2620,209.79017567634583,0.004083133187884383,0.0,0.0753353548563184,0.011616668785774647,0.003984832906326902,0.0,0.07530182678612515,0.011515015697147885
131,0.0006018168642185628,adam,2640,211.39688348770142,0.004052834591732772,0.0,0.07621198378680247,0.011674033083977724,0.003995122071879694,0.0,0.07516508136545062,0.011511630320429456
132,0.0005967714823782444,adam,2660,212.963604927063,0.004074161562340879,0.0,0.07497810737190155,0.011571972411257122,0.003983960631379427,0.0,0.07654345320074017,0.011638306065512078
133,0.0005917167291045189,adam,2680,214.5801157951355,0.004030022253934325,0.0,0.07378289674246033,0.01140831203812544,0.00395772796046842,0.0,0.07573289144216287,0.01153101721753551
134,0.0005866529536433518,adam,2700,216.17997312545776,0.004050050557769346,0.0,0.07468672360696119,0.011518723029757351,0.0039836310636454505,0.0,0.07516244767794979,0.011499875943441203
135,0.0005815806798636913,adam,2720,217.79008316993713,0.004075200624034001,0.0,0.07531956246938629,0.011607156983207526,0.003976996819857802,0.0,0.0748251624107094,0.011459513172426923
136,0.0005765006062574685,adam,2740,219.2976803779602,0.00403679659664663,0.0,0.07364537801779092,0.011401334508165889,0.003979757226450703,0.0,0.07452576762162676,0.011432334099665428
137,0.0005714132566936314,adam,2760,220.89659881591797,0.004054975034685498,0.0,0.07327722532771255,0.011382697676648328,0.00398196573565754,0.0,0.07502695641336887,0.011484661488793305
138,0.0005663192132487893,adam,2780,222.42339777946472,0.004064074257073233,0.0,0.0740444660924809,0.011468520976656177,0.0039711744935034005,0.0,0.07493947883255464,0.01146512248842739
139,0.0005612189415842295,adam,2800,223.78119587898254,0.004044124660639634,0.0,0.07417357112454626,0.011461481883621493,0.003960446599058526,0.0,0.07445019347401169,0.011405466057399128
140,0.0005561130819842219,adam,2820,225.25150227546692,0.004069053429333926,0.0,0.07521872915624125,0.011590926457042692,0.003984036713241316,0.0,0.0744856232969276,0.011432599153926304
141,0.0005510021583177149,adam,2840,226.76148581504822,0.004058741750651562,0.0,0.0736458245728775,0.011423324317680143,0.003978526124214036,0.0,0.07452558042296548,0.011431084277562353
142,0.0005458866944536567,adam,2860,228.31106853485107,0.004064467944540387,0.0,0.07295533447313099,0.011360001500565403,0.003973326239254013,0.0,0.07450326167984192,0.011423652518256716
143,0.0005407673888839781,adam,2880,229.89017963409424,0.004040665108894265,0.0,0.07328402969298102,0.011369068187394079,0.003961561436893694,0.0,0.07427512444570773,0.011389073992143027
144,0.0005356445908546448,adam,2900,231.3668258190155,0.00405533134558367,0.0,0.07320853762452337,0.01137618521712523,0.003970270160215218,0.0,0.07427051867373523,0.01139732213826044
145,0.0005305190570652485,adam,2920,233.02089166641235,0.004027969691898903,0.0,0.07132666525388767,0.01116063632357268,0.003960549106620381,0.0,0.07395053274317709,0.01135560249113297
146,0.0005253912531770766,adam,2940,234.5506353378296,0.004063014092369914,0.0,0.07384877469453624,0.011447891671866791,0.0039860488928484036,0.0,0.07398051731316135,0.011384100734404101
147,0.0005202617030590773,adam,2960,236.08185935020447,0.0040348607685668034,0.0,0.07382335665179848,0.011417196543752029,0.00392887682947622,0.0,0.07418358090885474,0.011347235030903843
148,0.0005151311634108424,adam,2980,237.58904218673706,0.004019132885800458,0.0,0.0732049303280898,0.011339626027693284,0.003973049231206363,0.0,0.07329215153215732,0.011302264493635913
149,0.0005100000416859984,adam,3000,239.12641739845276,0.004034560717349452,0.0,0.0722547280360244,0.011260033628619827,0.0039450221665116875,0.0,0.07364199017547876,0.01130922129379468
150,0.0005048688035458326,adam,3020,240.649258852005,0.004048428529762482,0.0,0.07290754075336561,0.011339182713739748,0.003961322853445798,0.0,0.07334339575539008,0.011295662538274982
151,0.0004997382638975978,adam,3040,242.21904492378235,0.004046720450761001,0.0,0.07370138458247753,0.011416859018832375,0.003964056256489663,0.0,0.07355282346917771,0.011319338713009683
152,0.0004946087719872594,adam,3060,243.79288029670715,0.004047942217983867,0.0,0.07247143878465248,0.011295086204439978,0.0039705527440600675,0.0,0.072876376805109,0.011258190533165232
153,0.0004894809680990875,adam,3080,245.34998774528503,0.004032031113390748,0.0,0.07270486245387082,0.01130251746711652,0.0039535712908775125,0.0,0.07338831948543084,0.011292403348777715
154,0.0004843554343096912,adam,3100,246.88836336135864,0.004016058873922004,0.0,0.07234251488144687,0.011250310469865438,0.003950698522534576,0.0,0.0728574668612392,0.011236445317224581
155,0.0004792327235918492,adam,3120,248.46022534370422,0.004050112196978953,0.0,0.07189487543992268,0.011239599848102933,0.003964059751771152,0.0,0.07290000991769281,0.011254060852169914
156,0.00047411330160684884,adam,3140,249.94983768463135,0.004040654628537911,0.0,0.07134922376599659,0.0111755771114562,0.003948207808260376,0.0,0.07271731193221585,0.011219939109839198
157,0.00046899792505428195,adam,3160,251.5349943637848,0.004026672200785071,0.0,0.07201324295875808,0.011227996603968974,0.003961072981798397,0.0,0.07233480521825482,0.011194553611411138
158,0.0004638869722839445,adam,3180,253.0470027923584,0.004019628538606338,0.0,0.07118407672503554,0.011138036317182434,0.003953924752777603,0.0,0.072696542457973,0.011223579106901194
159,0.0004587810253724456,adam,3200,254.56922435760498,0.004009076264569928,0.0,0.07058129923987153,0.01106720629373141,0.003943168224545766,0.0,0.0724926438871985,0.011192432721288073
160,0.0004536807828117162,adam,3220,256.06995964050293,0.004035159477569798,0.0,0.07247281415034262,0.011282441000596971,0.003960882025009119,0.0,0.07271457379983355,0.011232339513345633
161,0.00044858671026304364,adam,3240,257.6196801662445,0.004024234574003485,0.0,0.07093543162836877,0.011117777842542396,0.003944088578108836,0.0,0.07222208418410742,0.01116629710413887
162,0.0004434994189068675,adam,3260,259.19747042655945,0.004044032746647622,0.0,0.07008719647440524,0.011052752498526205,0.0039677952304204515,0.0,0.07169483548632193,0.011137278885886275
163,0.0004384192870929837,adam,3280,260.81063580513,0.004012588366581561,0.0,0.07095267833119667,0.01110785630542896,0.003928707750620874,0.0,0.07179089345750976,0.011107797203348618
164,0.0004333471297286451,adam,3300,262.5643825531006,0.004015513825302233,0.0,0.06985604612544284,0.01100111854194014,0.003927314134765299,0.0,0.07189358320538183,0.01111667256243327
165,0.00042828332516364753,adam,3320,264.171758890152,0.004015322526707903,0.0,0.07223389993188581,0.01123871262753338,0.003939673778762286,0.0,0.07266768604004774,0.01120644249105035
166,0.00042322848457843065,adam,3340,265.74990367889404,0.004025079970053926,0.0,0.07118611696140406,0.011143691772269914,0.003953179833128214,0.0,0.07204184589590355,0.011157364530069287
167,0.0004181831900496036,adam,3360,267.3008465766907,0.003999833037701903,0.0,0.07125797384054842,0.011125630527939401,0.003933829484602082,0.0,0.07136970110573151,0.011070799701524376
168,0.0004131479072384536,adam,3380,268.8514151573181,0.004030138736263076,0.0,0.07026186546886527,0.011056325387847942,0.003957305848116457,0.0,0.07118543539688955,0.011075849493879977
169,0.0004081233055330813,adam,3400,270.53106784820557,0.0040114414653840925,0.0,0.06958483812458496,0.010969925381532077,0.003921731853281683,0.0,0.07231257632374366,0.011152989593410184
170,0.00040310987969860435,adam,3420,272.1049225330353,0.00402736089113925,0.0,0.06970904545697827,0.01099826554071165,0.003949119332980114,0.0,0.07109155288325388,0.01105827472724017
171,0.00039810812450014055,adam,3440,273.71046590805054,0.00401745659764153,0.0,0.07130526581895125,0.01114798328578978,0.00395712456470444,0.0,0.07099636445298192,0.011056761115795458
172,0.00039311862201429904,adam,3460,275.26837968826294,0.004023274068509286,0.0,0.07031064286604219,0.011054338459884527,0.003945735448062257,0.0,0.07077815019119313,0.011023550572649234
173,0.0003881419834215194,adam,3480,276.7437644004822,0.0040382237714875115,0.0,0.07149586101553855,0.011187809979578505,0.003963240989207235,0.0,0.07109851150631023,0.011073092245783296
174,0.0003831787034869194,adam,3500,278.28446340560913,0.004022274856871382,0.0,0.07163745107363458,0.011186020070982962,0.003930969712207662,0.0,0.07121343957686775,0.011052313776010732
175,0.0003782293351832777,adam,3520,279.8784453868866,0.004016805104198299,0.0,0.07074654110743268,0.011091459320362129,0.003937278910645406,0.0,0.07048921286553408,0.010986200302235927
176,0.00037329443148337305,adam,3540,281.4232792854309,0.004004103995147598,0.0,0.07062499644235407,0.011066603744622452,0.00393564843660045,0.0,0.07044098849074748,0.01097974739064045
177,0.00036837445804849267,adam,3560,282.99362111091614,0.003999429282530003,0.0,0.06892599564551409,0.01089202894978915,0.003919625733145264,0.0,0.07060485230340058,0.01098011106869475
178,0.0003634699678514153,adam,3580,284.48562574386597,0.004002060304610205,0.0,0.07090567332202365,0.011092627742470256,0.003953715774191186,0.0,0.07057478388244433,0.011011194267600243
179,0.00035858163028024137,adam,3600,286.03721022605896,0.004016440412873662,0.0,0.07013843350090535,0.011030283867478605,0.003936823590448012,0.0,0.07094140149327176,0.011030963845486113
180,0.0003537098818924278,adam,3620,287.6747627258301,0.00401038949329745,0.0,0.06985200110750348,0.010995589708135389,0.003946750281733823,0.0,0.06980658651377092,0.010927409037130834
181,0.00034885533386841416,adam,3640,289.2807605266571,0.0040268311217626735,0.0,0.06940741036138336,0.010967572261326108,0.0039582326223474296,0.0,0.06975727409797662,0.01093396013609153
182,0.0003440184227656573,adam,3660,290.9146032333374,0.004010208164170767,0.0,0.06969384876296622,0.010979593144319318,0.003936537570216315,0.0,0.06968059005387015,0.0109045966794355
183,0.0003391997015569359,adam,3680,292.4810936450958,0.0040039236822545145,0.0,0.06860400684230729,0.01086432446871318,0.003948457706384766,0.0,0.06929909579908866,0.01087836738955733
184,0.0003343996941111982,adam,3700,294.0092840194702,0.004012461064684192,0.0,0.06911658582516925,0.010924119750192854,0.00391959125444448,0.0,0.06995340000835032,0.010914931359518201
185,0.0003296189825050533,adam,3720,295.5772225856781,0.004008603641098269,0.0,0.06992787258630757,0.011001391003929679,0.003932660903005797,0.0,0.06948321062775711,0.010880982069319561
186,0.0003248580323997885,adam,3740,297.1045255661011,0.00400397829151201,0.0,0.06945204640642424,0.010949183035646048,0.0039285917417646605,0.0,0.06928618231369818,0.010857210076378935
187,0.0003201173967681825,adam,3760,298.6967580318451,0.004009130415848159,0.0,0.06957372816932506,0.010966503336453598,0.003933596779884364,0.0,0.06930299388118508,0.010863896271272381
188,0.0003153975121676922,adam,3780,300.3242287635803,0.0040186394268492825,0.0,0.06814394879901105,0.010833034408292783,0.003946481140085781,0.0,0.06925258675294602,0.010871739918574777
189,0.00031069901888258755,adam,3800,301.8030424118042,0.0040192595834536325,0.0,0.06810205276303705,0.010829464961237305,0.003924439677306321,0.0,0.06925667355675168,0.010850107136181975
190,0.00030602244078181684,adam,3820,303.2916667461395,0.004012676409742899,0.0,0.06885326175979546,0.0108980026883218,0.003927919409021456,0.0,0.06883779921486201,0.01081169943308397
191,0.000301368156215176,adam,3840,304.7976679801941,0.003998899339251393,0.0,0.06854393756563633,0.010853293197953454,0.0038945837705275173,0.0,0.06942668074294121,0.010837251948275456
192,0.00029673680546693504,adam,3860,306.3500916957855,0.003986075758505473,0.0,0.06765693215638328,0.010751769074960487,0.003931279354489362,0.0,0.06868341281602874,0.010799620738438497
193,0.0002921287959907204,adam,3880,307.9270324707031,0.004005259211047969,0.0,0.06815494298181927,0.010820753610788677,0.0039245931946945275,0.0,0.0692349231359761,0.010848085611460213
194,0.00028754473896697164,adam,3900,309.5078728199005,0.004008036341597436,0.0,0.06795700115683881,0.01080373655854514,0.003924419489409981,0.0,0.06915941056241658,0.01084036064870719
195,0.00028298498364165425,adam,3920,311.0960748195648,0.004010951880117935,0.0,0.06807264024247128,0.010818216005801198,0.003924844546656717,0.0,0.06856722200760686,0.010781566849590526
196,0.00027845014119520783,adam,3940,312.6358211040497,0.003997548325054192,0.0,0.06714627862609703,0.010712176287719644,0.003911774519395396,0.0,0.06868707845060157,0.010780482466807276
197,0.0002739406772889197,adam,3960,314.29596066474915,0.00399907762105557,0.0,0.06867845450827235,0.010866923174221678,0.003926679357420998,0.0,0.06822634688276667,0.010749314147362844
198,0.0002694570866879076,adam,3980,315.7554337978363,0.004001707044016035,0.0,0.06796791654655325,0.010798498799951445,0.003909305179194564,0.0,0.06816154407428429,0.010725459688191608
199,0.00026500000967644155,adam,4000,317.3097746372223,0.0039983536668377045,0.0,0.06747715782045621,0.010746069549432125,0.003925109618843935,0.0,0.06799652594724655,0.01072476231489131
200,0.00026056967908516526,adam,4020,318.793443441391,0.003992208032520756,0.0,0.06701245273197008,0.010693453405574097,0.0038950772522475877,0.0,0.06853713265602636,0.01074879061997851
201,0.0002561667934060097,adam,4040,320.34071683883667,0.0039940653314328705,0.0,0.0675807694010554,0.010752142372241605,0.003937984986465037,0.0,0.06761475831135479,0.010699460918354355
202,0.0002517916727811098,adam,4060,321.9321701526642,0.004004532058890212,0.0,0.06714874583590963,0.010719406742540603,0.003914071888870905,0.0,0.06778907388181474,0.01069297937806597
203,0.00024744481197558343,adam,4080,323.5192539691925,0.003994755262054254,0.0,0.06790609490998692,0.010785364854240911,0.0039255669398004555,0.0,0.06791643609370962,0.010717210650374794
204,0.00024312688037753105,adam,4100,325.18615674972534,0.003993004629498253,0.0,0.06830810968547261,0.01082381569983253,0.00392621733997884,0.0,0.06746825496725381,0.010673042937239755
205,0.0002388380962656811,adam,4120,326.7793893814087,0.004017652039041417,0.0,0.0673692327666333,0.010754575416092729,0.003916042371332218,0.0,0.06775448713981692,0.010691491186275964
206,0.00023457908537238836,adam,4140,328.3271448612213,0.004008008151134683,0.0,0.066749637240608,0.01068297197466019,0.003923455697500237,0.0,0.06730605249493776,0.010654061047287847
207,0.00023035035701468587,adam,4160,329.8533959388733,0.0040237898266819675,0.0,0.06657910414799377,0.010681700340691939,0.003910596896986679,0.0,0.06746630637903449,0.010657227635422758
208,0.00022615218767896295,adam,4180,331.3779556751251,0.003983552308798074,0.0,0.06673439715114785,0.010656992123354858,0.0038950112151094024,0.0,0.06747598929289114,0.010642610244945576
209,0.00022198527585715055,adam,4200,332.81169080734253,0.004000700836355108,0.0,0.06711266485846634,0.010711967422207407,0.003928544871847772,0.0,0.06701952715280074,0.010630497686994724
210,0.00021784979617223144,adam,4220,334.4296908378601,0.003994611503262506,0.0,0.06623941676617712,0.010618553278584643,0.003906294583566482,0.0,0.06709965154540504,0.010616259838093257
211,0.00021374640346039087,adam,4240,335.9896397590637,0.0039807801401201045,0.0,0.06639611790432778,0.010620392029490812,0.003914571866458463,0.0,0.0670062128012727,0.01061519324643277
212,0.0002096755924867466,adam,4260,337.5282232761383,0.003995503887159169,0.0,0.06666821678346516,0.010662325664849068,0.003904675563284354,0.0,0.06692478161592481,0.01059715382460253
213,0.0002056375815300271,adam,4280,339.10146951675415,0.003972467552405125,0.0,0.06595925810685788,0.010568393461377867,0.003898834315698146,0.0,0.06683593157114177,0.010582427572405621
214,0.00020163303997833282,adam,4300,340.7214443683624,0.003984111409238081,0.0,0.06619053706119736,0.010603165213989404,0.003911841325184744,0.0,0.0672107053763151,0.01063291196296801
215,0.00019766217155847698,adam,4320,342.1944577693939,0.003982822505752761,0.0,0.0664612118628355,0.010628943791071235,0.0038978065011413556,0.0,0.06723630196215646,0.0106214367975469
216,0.00019372571841813624,adam,4340,343.8274562358856,0.0039928891813730315,0.0,0.06649374145224309,0.010642263425680734,0.00391014325710404,0.0,0.0664271030745949,0.010552853663547627
217,0.00018982386973220855,adam,4360,345.32954955101013,0.003988952362662988,0.0,0.06618734510644816,0.010607686971934635,0.003910518122334244,0.0,0.06642809060935903,0.010553327282255717
218,0.00018595710571389645,adam,4380,346.8680658340454,0.0039994895475093314,0.0,0.06456622942736041,0.010456112586456552,0.003907733809670421,0.0,0.06646336880178165,0.010554070788886722
219,0.00018212597933597863,adam,4400,348.3385999202728,0.003976101041342939,0.0,0.06603782929898364,0.010579884069645338,0.0038956560412644298,0.0,0.06675192669844586,0.010570848810577137
220,0.00017833072342909873,adam,4420,349.86531233787537,0.004001912663479121,0.0,0.06606769681295101,0.010608682443222764,0.0039042522292987705,0.0,0.06631531174096042,0.010535783502212327
221,0.00017457190551795065,adam,4440,351.4769847393036,0.003974280981614183,0.0,0.06665353726230978,0.010639634807166669,0.003892502098197127,0.0,0.06621121556245202,0.01051362375310473
222,0.0001708498311927542,adam,4460,353.02658557891846,0.003980113342869374,0.0,0.06507319765819197,0.010487433205655188,0.0038887315772574657,0.0,0.06656395686150339,0.01054512736259583
223,0.00016716490790713578,adam,4480,354.6558575630188,0.003974994272279311,0.0,0.06634461098980793,0.010609455470121276,0.003900995364359263,0.0,0.06603178147665195,0.01050417361041948
224,0.00016351768863387406,adam,4500,356.195077419281,0.003975484997536281,0.0,0.06493529726328083,0.010469014820625495,0.0038992439434319764,0.0,0.06610704233905687,0.010509948275844833
225,0.00015990834799595177,adam,4520,357.7898118495941,0.003973042822867278,0.0,0.06543667060489322,0.01051670998086484,0.0038985618121766806,0.0,0.06593799461362541,0.010492361371794491
226,0.0001563375408295542,adam,4540,359.25261521339417,0.003985283253932218,0.0,0.06511366607074386,0.010496649958033528,0.0038922600972072356,0.0,0.06614802535626332,0.010507062731401806
227,0.00015280538355000317,adam,4560,360.8584773540497,0.003991596459876032,0.0,0.06593439954785585,0.01058503651291153,0.0039057955973357205,0.0,0.06580003194940215,0.010485798890325623
228,0.0001493124000262469,adam,4580,362.4596734046936,0.003964167415120124,0.0,0.065794136147604,0.010543581127921428,0.003906665344029917,0.0,0.06545240569127361,0.010451906010688964
229,0.0001458590559195727,adam,4600,364.1163430213928,0.003987434521137935,0.0,0.06498492735162034,0.010485927353135057,0.0038799585462575216,0.0,0.06562650685695624,0.010442609329744262
230,0.000142445569508709,adam,4620,365.8069109916687,0.0039758653714928385,0.0,0.06551566933075145,0.010527432402193936,0.0039020745249316526,0.0,0.06553631529117626,0.010455706151705999
231,0.0001390723919030279,adam,4640,367.3476450443268,0.004002338275434111,0.0,0.06599879616068509,0.01060221798984849,0.0039044386177194603,0.0,0.06529066460685118,0.01043350517569525
232,0.0001357399596599862,adam,4660,368.87824630737305,0.003977156649536695,0.0,0.06508150116671041,0.010485306863186727,0.003896154393375933,0.0,0.06544711643695089,0.010440866134594825
233,0.00013244849105831236,adam,4680,370.4654462337494,0.003969390901427091,0.0,0.06592387029746549,0.01056177802940786,0.0039056987211102314,0.0,0.06508078030803251,0.010413776848891401
234,0.00012919845175929368,adam,4700,371.9355571269989,0.003980026230594563,0.0,0.06520959237932059,0.01050098556569649,0.0039053612332579837,0.0,0.06520509357035627,0.010425870687456772
235,0.00012599014735314995,adam,4720,373.46770453453064,0.003976707801256819,0.0,0.06429268352664541,0.010405976249724924,0.003893361057548759,0.0,0.06508529542350813,0.010401890696884221
236,0.00012282402894925326,adam,4740,374.9823672771454,0.003974774212137527,0.0,0.0647639757017435,0.010451171878817719,0.003894893933557613,0.0,0.0651385728429185,0.0104087513149135
237,0.0001197003002744168,adam,4760,376.6277017593384,0.003979861254014109,0.0,0.06410144393423528,0.010390005742956229,0.0038893477796019668,0.0,0.06505930196079349,0.01039527807262723
238,0.0001166193833341822,adam,4780,378.1453900337219,0.003974552866899549,0.0,0.06569468224153151,0.010544021188945403,0.0039004114058815405,0.0,0.06485803299066042,0.010386214801593584
239,0.00011358164920238778,adam,4800,379.6369161605835,0.0039738276742439385,0.0,0.06508549903902099,0.01048237767513099,0.0038813713707236326,0.0,0.06504062754857774,0.010385434222499493
240,0.00011058733070967719,adam,4820,381.2115545272827,0.003968524679023338,0.0,0.06514718357145644,0.010483243133245852,0.003896004873275726,0.0,0.0648906868912492,0.010385073659095304
241,0.00010763688624138013,adam,4840,382.8687252998352,0.003971657603262952,0.0,0.06514304510026707,0.01048596221036036,0.0038951009845026837,0.0,0.0647808747645551,0.01037318855748922
242,0.00010473050497239456,adam,4860,384.4746513366699,0.0039628409150599285,0.0,0.0641026963887478,0.01037311064945517,0.003888049061846791,0.0,0.06479795283465774,0.010367844441869039
243,0.0001018685579765588,adam,4880,386.1117351055145,0.003966024461704527,0.0,0.06421857769632618,0.010387882327030282,0.0038859535977408062,0.0,0.06462030065564735,0.010347983759597293
244,9.905143815558404e-05,adam,4900,387.78159284591675,0.003952556655672322,0.0,0.06411326384291388,0.010363883135499921,0.0038894614679320923,0.0,0.06466731272011479,0.010356192836305376
245,9.627929830458015e-05,adam,4920,389.2750883102417,0.003965693517074843,0.0,0.06567896624383471,0.0105335902393276,0.0038824971421446987,0.0,0.06463808581118698,0.01034630581958165
246,9.355259680887684e-05,adam,4940,390.93159651756287,0.003953677906577678,0.0,0.06368797780246457,0.010322475781726619,0.003874296848629308,0.0,0.06476594303664891,0.010350891248802976
247,9.087151556741446e-05,adam,4960,392.4322700500488,0.003968099306835436,0.0,0.06466858732111286,0.010434958135310424,0.003885531705756812,0.0,0.06446475232358088,0.010332007034174867
248,8.823638199828565e-05,adam,4980,393.98230957984924,0.003960968044280226,0.0,0.06393043688482258,0.01035401182802626,0.00389249754070242,0.0,0.06440429776239276,0.010332927412911579
249,8.564755989937112e-05,adam,5000,395.5911273956299,0.003969438336714325,0.0,0.06289705881848465,0.010259144312286712,0.003886509680076774,0.0,0.06433797955830352,0.010320307731778187
250,8.310520934173837e-05,adam,5020,397.2055251598358,0.003968821549189193,0.0,0.0650085660956726,0.010469678255626766,0.0038789146552856988,0.0,0.06433130045547654,0.01031204479669446
251,8.060974505497143e-05,adam,5040,398.73347759246826,0.003945090773362573,0.0,0.06324933067496774,0.010270023935108194,0.003884188212226971,0.0,0.06421101727903443,0.010305290035812285
252,7.816132711013779e-05,adam,5060,400.2982883453369,0.003984031592269803,0.0,0.06332023851953039,0.01031605553857735,0.003888457828673971,0.0,0.06416818544652805,0.010305276468944824
253,7.576024654554203e-05,adam,5080,401.9235203266144,0.003959522133956117,0.0,0.06343591700870778,0.01030311392935378,0.0038757743818380345,0.0,0.06424744248467155,0.01030051872604134
254,7.340677257161587e-05,adam,5100,403.5029389858246,0.00398295999193189,0.0,0.06393264136074629,0.01037622422327358,0.0038738316320351043,0.0,0.06418376256775721,0.010292207984452083
255,7.11012035026215e-05,adam,5120,404.99851179122925,0.003955285228444608,0.0,0.06358143880006846,0.010313429203195182,0.003881906792135066,0.0,0.06404174790268513,0.010286081677833219
256,6.884379399707541e-05,adam,5140,406.5154070854187,0.0039734695027328765,0.0,0.06359469377643354,0.010332938975139707,0.003898849438643083,0.0,0.0639280026254434,0.010291649796447571
257,6.663471867796034e-05,adam,5160,408.1145725250244,0.003975159503479871,0.0,0.06333273968146039,0.010308433565999047,0.00388387304402066,0.0,0.06408965994746094,0.01029283913426779
258,6.447430496336892e-05,adam,5180,409.6895487308502,0.003945556927288858,0.0,0.06365501340619518,0.010311058362761739,0.0038729057629821365,0.0,0.06403276858356463,0.01027618271675486
259,6.236271292436868e-05,adam,5200,411.3162829875946,0.003964519244439944,0.0,0.0639275026142053,0.010357269601119875,0.003885070912706422,0.0,0.06378368665001177,0.010263439672752698
260,6.0300197219476104e-05,adam,5220,412.8477346897125,0.003962246301857142,0.0,0.06374918312483009,0.010337164709333838,0.003891077542304689,0.0,0.06383433030281417,0.01027451066770667
261,5.828706343891099e-05,adam,5240,414.4736566543579,0.003966584095058563,0.0,0.06302882048632709,0.010269466237611534,0.003882604713577073,0.0,0.0637272157565515,0.010255326384193176
262,5.632341344607994e-05,adam,5260,416.0201585292816,0.003965896827079059,0.0,0.06291575615968996,0.010257472536799839,0.0038725091042655715,0.0,0.06388406049305784,0.010260915248766024
263,5.440949462354183e-05,adam,5280,417.61542654037476,0.003960664969245449,0.0,0.062356746464434655,0.010196339708607706,0.0038792773885502657,0.0,0.06370642646910253,0.010249920130390491
264,5.25455798197072e-05,adam,5300,419.2858393192291,0.00395214403642605,0.0,0.06257182435631836,0.010209326565297171,0.0038816150865043663,0.0,0.06383715475319128,0.010265330656948268
265,5.073181091574952e-05,adam,5320,420.96602034568787,0.003962911635972161,0.0,0.06331284006874914,0.010294195737190561,0.003881421622755464,0.0,0.06355754770828663,0.010237176488292254
266,4.8968420742312446e-05,adam,5340,422.5649025440216,0.003960027491175395,0.0,0.06274528116038515,0.010234555700711663,0.0038788599308824737,0.0,0.0635440010531841,0.010233260130888825
267,4.7255562094505876e-05,adam,5360,424.09626030921936,0.00395070564104342,0.0,0.06316502745094107,0.010267208480260755,0.003867770684837287,0.0,0.06370990542255167,0.010238761322027612
268,4.559346052701585e-05,adam,5380,425.5775182247162,0.0039509997977220076,0.0,0.06316260348555981,0.010267260240397601,0.0038730747632225995,0.0,0.06358421097070584,0.010231495955041041
269,4.3982330680591986e-05,adam,5400,427.2069642543793,0.00397398804235698,0.0,0.062133404896749934,0.010187328624617962,0.0038814158384577343,0.0,0.06337110849361262,0.010218526782249306
270,4.2422245314810425e-05,adam,5420,428.6462285518646,0.003967101137777726,0.0,0.06393776330235142,0.01036087756328756,0.0038738660567419845,0.0,0.06346050119664658,0.010219916270970159
271,4.091341907042079e-05,adam,5440,430.21266508102417,0.003947205852677053,0.0,0.06299585333777086,0.010246791280325279,0.0038692269773530174,0.0,0.06352009128383194,0.010221236200388523
272,3.945605567423627e-05,adam,5460,431.71010065078735,0.00395536462596118,0.0,0.06194472013218159,0.010149836731484164,0.0038615666957020497,0.0,0.0634945094595559,0.010211017736271831
273,3.80503261112608e-05,adam,5480,433.3450331687927,0.003942254214304942,0.0,0.0625883514932021,0.010201089456889061,0.003872161637337437,0.0,0.06333475599763147,0.010205637331476725
274,3.669632496894337e-05,adam,5500,434.97733211517334,0.003967098323822234,0.0,0.06337049435594133,0.010304147853845761,0.0038803037854041947,0.0,0.06327123947992146,0.010207427827677834
275,3.5394219594309106e-05,adam,5520,436.6455991268158,0.003959138300270029,0.0,0.062296167211343,0.010188755114232853,0.0038823438944974925,0.0,0.06320293444204922,0.010202637432882126
276,3.414419188629836e-05,adam,5540,438.17466378211975,0.003958766623820479,0.0,0.06314324281861441,0.010273090999772683,0.003874725425953991,0.0,0.0632096299954496,0.010195688519688639
277,3.29463291564025e-05,adam,5560,439.7895305156708,0.003955497268468657,0.0,0.0639794654877047,0.010353443912575954,0.0038769260716527494,0.0,0.0632227406171475,0.010199200227576725
278,3.1800795113667846e-05,adam,5580,441.3425168991089,0.003953145443791814,0.0,0.06251045888344017,0.010204191425283674,0.003877118292900913,0.0,0.06318908168730418,0.0101960265557904
279,3.070766615564935e-05,adam,5600,442.9518518447876,0.003945880080485107,0.0,0.06266283819764994,0.010212163993625007,0.003874864926812621,0.0,0.06333993313566275,0.01020885833476275
280,2.966710235341452e-05,adam,5620,444.43932151794434,0.003961565334594105,0.0,0.0618878678237634,0.010150352209190553,0.003869048308535852,0.0,0.06315414110237856,0.010184462512880712
281,2.8679260140052065e-05,adam,5640,446.0387933254242,0.0039515656693792905,0.0,0.06294138820284222,0.010245704583453492,0.003873917568697624,0.0,0.06308348597299325,0.010182266259998667
282,2.774413223960437e-05,adam,5660,447.60430812835693,0.0039593197704426205,0.0,0.06280587396033473,0.010239907260064136,0.0038666143437922668,0.0,0.06316433895739595,0.010183048333654061
283,2.6861956939683296e-05,adam,5680,449.2816996574402,0.003952523055691088,0.0,0.06412878670210151,0.010365401821460575,0.003863601687142232,0.0,0.06314566529012801,0.010178168310249407
284,2.6032701498479582e-05,adam,5700,450.8413963317871,0.003944131001931899,0.0,0.062037925843781115,0.010147923678753723,0.003870357155405105,0.0,0.06307207931947809,0.010177565181337635
285,2.525654599594418e-05,adam,5720,452.06721806526184,0.003935158729612926,0.0,0.06322790454708166,0.010257949278538011,0.0038694642734905917,0.0,0.06301413822019857,0.01017087818940883
286,2.453357410558965e-05,adam,5740,453.43733835220337,0.0039455838839431824,0.0,0.06291989176618476,0.010237573154319602,0.003869252434001882,0.0,0.06300301815511618,0.010169554343395313
287,2.3863785827415995e-05,adam,5760,454.90798926353455,0.003951502615960945,0.0,0.06217123204016885,0.010168625912620185,0.0038658928972716347,0.0,0.06311401189789025,0.010177294181107865
288,2.32473284995649e-05,adam,5780,456.4440321922302,0.003953072577968202,0.0,0.06262189126049504,0.010215261797331598,0.0038660222969113746,0.0,0.06303942964425661,0.010169965355273106
289,2.2684262148686685e-05,adam,5800,458.0853178501129,0.003961834908787964,0.0,0.06268243462513577,0.010230078464705647,0.0038715396594266,0.0,0.06291948604319637,0.010163488357503577
290,2.2174612240632996e-05,adam,5820,459.61318373680115,0.003960757937885101,0.0,0.06275958402857842,0.01023671643426201,0.003874577589034021,0.0,0.06285155578820283,0.01015973326151042
291,2.1718497009715065e-05,adam,5840,461.14134216308594,0.003945157151122599,0.0,0.06308216823171968,0.010253374068294322,0.0038737085971046305,0.0,0.06281851602204877,0.01015556029291639
292,2.131588917109184e-05,adam,5860,462.700558423996,0.003958773923614825,0.0,0.06427217683569987,0.010385991702957818,0.0038726539036487706,0.0,0.06291416907293025,0.010164070904691213
293,2.0966903321095742e-05,adam,5880,464.2945144176483,0.003948624388069823,0.0,0.06285175500835768,0.010233799982562006,0.003875611431364951,0.0,0.06279335835932097,0.010154947360866444
294,2.067151217488572e-05,adam,5900,465.86784505844116,0.003953790549939483,0.0,0.06282923609228117,0.010236714252790458,0.003870981572576886,0.0,0.06286612991498132,0.010157594657752851
295,2.0429799405974336e-05,adam,5920,467.51139402389526,0.003951822668595945,0.0,0.06266407405691815,0.010218230167664506,0.0038687400810000624,0.0,0.06281923120260118,0.010150663294868129
296,2.0241799575160258e-05,adam,5940,468.69215655326843,0.003953329745464611,0.0,0.06224905184805102,0.010178235023028028,0.0038713323988900403,0.0,0.06280819114401558,0.010152151606883096
297,2.0107450836803764e-05,adam,5960,470.08937907218933,0.003941886348874327,0.0,0.06247840658444881,0.010189727100419287,0.0038717081035166147,0.0,0.06271659315222233,0.010143367512193854
298,2.0026871425216086e-05,adam,5980,471.62137031555176,0.003944363364660537,0.0,0.06174726376694826,0.010119089833365957,0.0038721210863347844,0.0,0.0627217397172786,0.01014429515152532
299,2.0000001313746907e-05,adam,6000,473.1928062438965,0.003960273152180692,0.0,0.062108157239703865,0.010171088968699442,0.0038732808347361524,0.0,0.06267646675984803,0.010140927604116168
301,0.0,lbfgs,6001,480.8301842212677,,,,0.01016060162058384,0.0038732871514895076,0.0,0.06267296156211355,0.010140583401090853
302,0.0,lbfgs,6002,483.01907896995544,,,,0.010159821599476763,0.0038733323359652935,0.0,0.06266541561001848,0.010139873990345888
303,0.0,lbfgs,6003,485.08476424217224,,,,0.010158666529872497,0.0038735330928387915,0.0,0.06266229575489726,0.010139762761702614
304,0.0,lbfgs,6004,487.09124541282654,,,,0.010158276091196123,0.003873739560914248,0.0,0.06264976167143654,0.010138715821413322
305,0.0,lbfgs,6005,489.05784726142883,,,,0.010157770890525115,0.0038737674590732267,0.0,0.06264915587164074,0.010138683139591818
306,0.0,lbfgs,6006,491.19205617904663,,,,0.010157287779909492,0.003873914348423582,0.0,0.06264890136277469,0.010138804578055188
307,0.0,lbfgs,6007,493.33694338798523,,,,0.01015698504536858,0.00387408500465045,0.0,0.06264746876307245,0.010138831974309698
308,0.0,lbfgs,6008,495.60313081741333,,,,0.010156330188254133,0.00387446463814032,0.0,0.06264191865992258,0.01013865659747631
309,0.0,lbfgs,6009,497.87845754623413,,,,0.01015568342575792,0.003875112480260429,0.0,0.06263003565187499,0.010138116138773953
310,0.0,lbfgs,6010,500.10628271102905,,,,0.010155368855865432,0.0038754772682867405,0.0,0.06262548594670249,0.010138025956276235
311,0.0,lbfgs,6011,502.3332643508911,,,,0.01015493206191689,0.0038754417918247333,0.0,0.06261850704792772,0.010137292589926352
312,0.0,lbfgs,6012,504.6361491680145,,,,0.010154443255972222,0.0038754776841183843,0.0,0.06261035975008135,0.010136513752423226
313,0.0,lbfgs,6013,506.960565328598,,,,0.010153459185652289,0.0038757320362822947,0.0,0.06259604499972532,0.010135336629530202
314,0.0,lbfgs,6014,509.3385479450226,,,,0.010151003906765734,0.003876692520063027,0.0,0.06256422666703364,0.010133115279994354
315,0.0,lbfgs,6015,511.6860840320587,,,,0.010145853776446057,0.0038793780645375686,0.0,0.0625006278602739,0.01012944094369815
316,0.0,lbfgs,6016,514.2249722480774,,,,0.010137070641620739,0.00388546969668122,0.0,0.06238528823728925,0.010123998613371469
317,0.0,lbfgs,6017,516.5882141590118,,,,0.01012199726730579,0.0038996871279493167,0.0,0.06211445747300208,0.010111132967807279
318,0.0,lbfgs,6018,518.9571027755737,,,,0.010115776689743472,0.003930871963047974,0.0,0.061778947696198724,0.010108766824725652
319,0.0,lbfgs,6019,521.3296313285828,,,,0.010099072745202883,0.003929029227195728,0.0,0.06161761949119116,0.010090791268132253
320,0.0,lbfgs,6020,523.5764660835266,,,,0.010092871747315692,0.0039228840737048475,0.0,0.061585602336302864,0.010081444399104833
321,0.0,lbfgs,6021,525.9445214271545,,,,0.010090366483386161,0.003923075797078529,0.0,0.061550026406127965,0.010078078529408011
322,0.0,lbfgs,6022,528.4375541210175,,,,0.010085485462154918,0.003925251496826497,0.0,0.061469612356121014,0.010072212824035458
323,0.0,lbfgs,6023,530.9248554706573,,,,0.010075607756524607,0.003928407261328945,0.0,0.06132510908475062,0.01006091826118554
324,0.0,lbfgs,6024,533.5078525543213,,,,0.010050924152722525,0.003938371088525343,0.0,0.060961889501945296,0.010034560129560166
325,0.0,lbfgs,6025,535.9484655857086,,,,0.010009826804213608,0.003952677072255793,0.0,0.0603957095636989,0.009992248118622303
326,0.0,lbfgs,6026,538.480503320694,,,,0.009958175894072689,0.0039849271766354945,0.0,0.0595991731188196,0.009944844577327142
327,0.0,lbfgs,6027,541.1325144767761,,,,0.009908185486918256,0.003996505107261613,0.0,0.05901302345513769,0.00989780754071164
328,0.0,lbfgs,6028,543.8149845600128,,,,0.00987555145454998,0.004004364239634046,0.0,0.05865921887688997,0.00987028621473209
329,0.0,lbfgs,6029,546.4429106712341,,,,0.009853551865963699,0.004007735028376643,0.0,0.05843998742731024,0.009851733858190034
330,0.0,lbfgs,6030,549.1696081161499,,,,0.009807206816286265,0.004016438906731592,0.0,0.057935908191283914,0.009810029812191215
331,0.0,lbfgs,6031,551.8583543300629,,,,0.009744469578708045,0.004032443151186886,0.0,0.05716852757398256,0.009749295993772887
332,0.0,lbfgs,6032,554.4813601970673,,,,0.009685226029289791,0.004043468645376647,0.0,0.056454500900469155,0.009688918819547324
333,0.0,lbfgs,6033,556.9350290298462,,,,0.0096567102935229,0.004036408929406408,0.0,0.056211590192739,0.009657568032442103
334,0.0,lbfgs,6034,559.3116383552551,,,,0.009637397604573106,0.004028024475658084,0.0,0.05610567406563662,0.009638591965825716
335,0.0,lbfgs,6035,561.958963394165,,,,0.0096171082023432,0.004004660525656961,0.0,0.05611295915814042,0.009615956525085827
336,0.0,lbfgs,6036,564.6687290668488,,,,0.009575058738365887,0.003968908437716389,0.0,0.056072864410397695,0.009576194962311237
337,0.0,lbfgs,6037,567.4046196937561,,,,0.009483847666369477,0.003897301096999242,0.0,0.05591458853263255,0.009488760033581727
338,0.0,lbfgs,6038,570.3470325469971,,,,0.009356831364545575,0.003806145506405195,0.0,0.05566616311369949,0.00937276190072419
339,0.0,lbfgs,6039,573.2960212230682,,,,0.009295036023248587,0.00376260168810066,0.0,0.055459795494379446,0.009308581320180141
340,0.0,lbfgs,6040,575.9022471904755,,,,0.00927658836737723,0.003767026334650318,0.0,0.055264987319987476,0.009293525149000314
341,0.0,lbfgs,6041,578.8084163665771,,,,0.00927294227300321,0.0037734658148998682,0.0,0.05513446328956732,0.009286912226013352
342,0.0,lbfgs,6042,581.6979684829712,,,,0.009271611389849622,0.0037740815607427976,0.0,0.05511045988985684,0.009285127631849466
343,0.0,lbfgs,6043,584.5950214862823,,,,0.009264876419283787,0.0037713128490396057,0.0,0.05504919257243848,0.009276232188313143
344,0.0,lbfgs,6044,587.4399974346161,,,,0.009258663923291322,0.0037661355223110766,0.0,0.055023170483314,0.00926845265263339
345,0.0,lbfgs,6045,590.3960199356079,,,,0.009242854789327428,0.003755053014626159,0.0,0.05494213888590896,0.009249266985087223
346,0.0,lbfgs,6046,593.3189580440521,,,,0.00920575898401871,0.0037377749582318386,0.0,0.05465046353270225,0.009202821392937599
347,0.0,lbfgs,6047,596.3266222476959,,,,0.009142378357874814,0.003711611435973358,0.0,0.054092878084095686,0.009120899324987598
348,0.0,lbfgs,6048,599.4286727905273,,,,0.009111905940528686,0.003707791901438399,0.0,0.05374600494888864,0.009082392476415051
349,0.0,lbfgs,6049,602.580982208252,,,,0.009102763257652458,0.003710965728293876,0.0,0.05361024386125164,0.00907199019430453
350,0.0,lbfgs,6050,605.6485686302185,,,,0.009100616450570212,0.003711867088195784,0.0,0.05358398967693056,0.009070266135735207
351,0.0,lbfgs,6051,608.6690104007721,,,,0.009095890082540858,0.003712701454693378,0.0,0.05352548599604691,0.009065250134057259
352,0.0,lbfgs,6052,611.6963579654694,,,,0.009070482636983491,0.003719723145839397,0.0,0.053159147131849244,0.009035637938237624
353,0.0,lbfgs,6053,616.5296833515167,,,,0.009065116700485308,0.003722417063506742,0.0,0.0530656626700885,0.009028983409589592
354,0.0,lbfgs,6054,619.4961411952972,,,,0.009042620921910436,0.0037347016230065114,0.0,0.05265457568242211,0.009000159269710154
355,0.0,lbfgs,6055,622.5680601596832,,,,0.009019490311299515,0.0037532390503205192,0.0,0.052151898919328706,0.008968429019965776
356,0.0,lbfgs,6056,627.3852427005768,,,,0.009013567214398908,0.0037617006109710313,0.0,0.052002679587819796,0.008961968647243041
357,0.0,lbfgs,6057,630.535019159317,,,,0.009005302084802021,0.003767346162068355,0.0,0.05182821340237869,0.00895016757953628
358,0.0,lbfgs,6058,633.5229344367981,,,,0.009000859368768155,0.0037713812615494564,0.0,0.0517574038843365,0.008947121727107647
359,0.0,lbfgs,6059,636.5397913455963,,,,0.008997522913214652,0.0037727454463939575,0.0,0.051712007798078254,0.00894394630325868
360,0.0,lbfgs,6060,639.7110917568207,,,,0.008995645429986012,0.0037744925105774865,0.0,0.051677447031111316,0.008942237290694016
361,0.0,lbfgs,6061,642.8400156497955,,,,0.008994199824449253,0.003774675257160608,0.0,0.051652992533141186,0.008939974587443684
362,0.0,lbfgs,6062,645.763019323349,,,,0.008992619624675853,0.0037737457540814308,0.0,0.05163874642135156,0.008937620473164315
363,0.0,lbfgs,6063,648.8813729286194,,,,0.008988972933841358,0.003770435357479327,0.0,0.051622504877004254,0.008932685922103278
364,0.0,lbfgs,6064,651.9140431880951,,,,0.008982750023403199,0.003764272163251249,0.0,0.051611461938275045,0.008925418433985824
365,0.0,lbfgs,6065,655.1436550617218,,,,0.008970288867092332,0.003751881210022332,0.0,0.05161029741119299,0.008912911028046967
366,0.0,lbfgs,6066,660.0260832309723,,,,0.008965207074595683,0.003744024924523515,0.0,0.05163603411550253,0.008907628413017454
367,0.0,lbfgs,6067,662.9140379428864,,,,0.008948610734870126,0.003731117829544055,0.0,0.05162156673661431,0.008893274580127616
368,0.0,lbfgs,6068,665.9427349567413,,,,0.008928139574121838,0.0037196368164242816,0.0,0.0515779806022157,0.008877434953503033
369,0.0,lbfgs,6069,668.7831494808197,,,,0.008918023793177743,0.003715025220946611,0.0,0.05155406096757149,0.008870431394525296
370,0.0,lbfgs,6070,671.6931154727936,,,,0.008911250869928023,0.003713256220097109,0.0,0.05151272814810035,0.008864529111667092
371,0.0,lbfgs,6071,674.8727509975433,,,,0.008906152883439723,0.003709236099917973,0.0,0.05150038940564002,0.008859275117223536
372,0.0,lbfgs,6072,677.7670588493347,,,,0.008904486114701531,0.003707179344549296,0.0,0.051491456218704754,0.00885632504314802
373,0.0,lbfgs,6073,680.848058462143,,,,0.008903803608764742,0.003705059454051835,0.0,0.05149739969710542,0.008854799500499482
374,0.0,lbfgs,6074,683.9862089157104,,,,0.008903563675593376,0.0037047490523366058,0.0,0.051495311760718816,0.008854280305142482
375,0.0,lbfgs,6075,687.2894871234894,,,,0.008902558570048166,0.003703735635149755,0.0,0.051490389590696455,0.00885277467094606
376,0.0,lbfgs,6076,690.1022577285767,,,,0.008899609853269673,0.0037014489739373505,0.0,0.05147166930597475,0.00884861598123359
377,0.0,lbfgs,6077,694.9827692508698,,,,0.00889689699366052,0.0036985023650424457,0.0,0.051476851609347986,0.008846187602683731
378,0.0,lbfgs,6078,698.3223757743835,,,,0.00889017729841452,0.003697565529715048,0.0,0.05141076486264403,0.008838642092587461
379,0.0,lbfgs,6079,701.4214658737183,,,,0.008872438871443126,0.003699314653828312,0.0,0.051215926118096264,0.008820907341955616
380,0.0,lbfgs,6080,704.5363311767578,,,,0.008865512666928466,0.0037020191851570576,0.0,0.05114293985372403,0.008816313246738379
381,0.0,lbfgs,6081,707.3801317214966,,,,0.008860739831209719,0.003707116083927085,0.0,0.05106291776807916,0.008813407936824679
382,0.0,lbfgs,6082,710.51025557518,,,,0.008859761910540193,0.0037070111564368917,0.0,0.051057967919576584,0.008812808024476851
383,0.0,lbfgs,6083,713.4763412475586,,,,0.00885897727938548,0.0037070913172022922,0.0,0.05105388052531375,0.008812479445809877
384,0.0,lbfgs,6084,716.1815855503082,,,,0.008857778933314615,0.0037070144131131294,0.0,0.05104444741502196,0.00881145923067748
385,0.0,lbfgs,6085,718.7759988307953,,,,0.008855638716290817,0.0037078725545986744,0.0,0.05101754938423145,0.008809627569043892
386,0.0,lbfgs,6086,721.882741689682,,,,0.008851353342405168,0.003708577906085909,0.0,0.05096845754401446,0.008805423736436276
387,0.0,lbfgs,6087,724.8558325767517,,,,0.008841935342353202,0.0037155403267889082,0.0,0.05082258585310089,0.008797798987830553
388,0.0,lbfgs,6088,728.0875377655029,,,,0.008832728792669397,0.0037169164823137556,0.0,0.0507139953197911,0.008788316089862608
389,0.0,lbfgs,6089,731.1093866825104,,,,0.008828581575555522,0.003721852228033324,0.0,0.050627854669055186,0.008784637770380225
390,0.0,lbfgs,6090,736.0297527313232,,,,0.008827755568358717,0.0037236487227900474,0.0,0.050596027859333925,0.008783251584117397
391,0.0,lbfgs,6091,739.2261204719543,,,,0.008826934718797237,0.0037183393729016832,0.0,0.050637780235672364,0.008782117471925092
392,0.0,lbfgs,6092,742.1963679790497,,,,0.00882646841449239,0.003714339814374716,0.0,0.05067285996963216,0.008781625886846377
393,0.0,lbfgs,6093,745.3538534641266,,,,0.008825687820879478,0.0037116712514958182,0.0,0.05069255890546741,0.008780927217580357
394,0.0,lbfgs,6094,748.171065568924,,,,0.008824530916796879,0.003709486972267156,0.0,0.05070120573943625,0.008779607621761465
395,0.0,lbfgs,6095,751.2451632022858,,,,0.008822597063080518,0.003705355397600331,0.0,0.05072139350353271,0.008777494823534368
396,0.0,lbfgs,6096,754.2456204891205,,,,0.008819345166234846,0.0037032060598785944,0.0,0.05070905390059721,0.008774111525500694
397,0.0,lbfgs,6097,757.440315246582,,,,0.0088121871286388,0.003702729729657884,0.0,0.050638717990150066,0.00876660160413046
398,0.0,lbfgs,6098,760.5281255245209,,,,0.008806126349423038,0.0037028523021199592,0.0,0.05059294082463985,0.008762146459973301
399,0.0,lbfgs,6099,763.5962193012238,,,,0.00879988621687866,0.003705101757590396,0.0,0.05052771329497682,0.008757873162380239
400,0.0,lbfgs,6100,766.407007932663,,,,0.008796198783862539,0.0037040333429651396,0.0,0.05052137299956332,0.008756170718204184
401,0.0,lbfgs,6101,769.4135584831238,,,,0.008793107968800415,0.0037017412401300735,0.0,0.050526601307352155,0.008754401446155791
402,0.0,lbfgs,6102,772.4301192760468,,,,0.008792136112479976,0.003699938013768648,0.0,0.05053406476576339,0.00875334456564661
403,0.0,lbfgs,6103,775.3904159069061,,,,0.008790955600534032,0.00369785712011701,0.0,0.050529249006635836,0.008750782096075042
404,0.0,lbfgs,6104,778.4020779132843,,,,0.008790284295404786,0.0036971092958397577,0.0,0.050523352267632875,0.008749444597888706
405,0.0,lbfgs,6105,781.3721585273743,,,,0.008789522862149622,0.0036981431190932623,0.0,0.05048847098956149,0.008746990293283095
406,0.0,lbfgs,6106,784.3449447154999,,,,0.008788894585501972,0.0036993213143260597,0.0,0.05046731857608158,0.008746053247136383
407,0.0,lbfgs,6107,787.2907266616821,,,,0.008784896835667808,0.0037034379490304995,0.0,0.05036547469771328,0.008739985493852234
408,0.0,lbfgs,6108,790.2039885520935,,,,0.008780926556424186,0.0037094432264058222,0.0,0.05026894056239372,0.008736337357551752
409,0.0,lbfgs,6109,793.2940838336945,,,,0.008774532382990873,0.0037145655765625073,0.0,0.050162726640881956,0.00873083831539899
410,0.0,lbfgs,6110,796.3408591747284,,,,0.00876558199416155,0.0037201809575432153,0.0,0.05004025380200346,0.00872420641230935
411,0.0,lbfgs,6111,799.5798714160919,,,,0.008759597251496287,0.0037214151543843374,0.0,0.05002446503256868,0.008723861732183466
412,0.0,lbfgs,6112,802.7199416160583,,,,0.008749226182867654,0.003722817406943412,0.0,0.04991907770868941,0.008714725252197575
413,0.0,lbfgs,6113,805.8429424762726,,,,0.008746034949769768,0.0037181976382680525,0.0,0.04995787995487673,0.008713985708198767
414,0.0,lbfgs,6114,808.8339378833771,,,,0.00874518551890657,0.0037165408366198016,0.0,0.04996693060153662,0.008713233971229993
415,0.0,lbfgs,6115,811.7689757347107,,,,0.00874471935764622,0.003717341064379833,0.0,0.04995721025580293,0.00871306216440217
416,0.0,lbfgs,6116,814.9190306663513,,,,0.008744642837171614,0.003717655325857799,0.0,0.049955547994508055,0.008713210199748172
417,0.0,lbfgs,6117,817.8549723625183,,,,0.008744527575586657,0.0037177994396485775,0.0,0.04995549906366743,0.008713349420454816
418,0.0,lbfgs,6118,820.8502616882324,,,,0.008744217380170977,0.003717290811913919,0.0,0.049961622907999784,0.008713453177162517
419,0.0,lbfgs,6119,823.7800416946411,,,,0.00874343388167659,0.0037150798110912237,0.0,0.04998217155460241,0.008713297041030705
420,0.0,lbfgs,6120,826.7408936023712,,,,0.008741576907740514,0.003710503808943975,0.0,0.05001908882585521,0.008712412766063746
421,0.0,lbfgs,6121,831.0652215480804,,,,0.008740000954046692,0.003702124793267667,0.0,0.05009284692444368,0.008711409560356194
422,0.0,lbfgs,6122,833.9070389270782,,,,0.008736281247017483,0.003694955279158009,0.0,0.050131665848008926,0.008708121938660905
423,0.0,lbfgs,6123,836.883181810379,,,,0.008730372885673776,0.0036827020201771915,0.0,0.050190478751421345,0.008701749970108967
424,0.0,lbfgs,6124,839.9392371177673,,,,0.008725612316942232,0.0036737569231540174,0.0,0.050221951300897336,0.008695952128080291
425,0.0,lbfgs,6125,842.8074338436127,,,,0.008717435971259832,0.0036647905838995093,0.0,0.05020848434782174,0.008685639093498156
426,0.0,lbfgs,6126,845.9387829303741,,,,0.008708693039610235,0.0036609154457720784,0.0,0.05014126305160788,0.00867504182564917
427,0.0,lbfgs,6127,849.1334092617035,,,,0.008702281792727445,0.003657437805450714,0.0,0.050035190516232717,0.008660956931632229
428,0.0,lbfgs,6128,851.9526619911194,,,,0.008697127444701445,0.003665790856082262,0.0,0.049910633134540396,0.00865685424390894
429,0.0,lbfgs,6129,855.0957703590393,,,,0.008696343588666248,0.003669533007255026,0.0,0.04988032360043235,0.008657565441625735
430,0.0,lbfgs,6130,857.9981224536896,,,,0.00869590482576464,0.0036718327662386067,0.0,0.049841910524453734,0.008656023892954215
431,0.0,lbfgs,6131,860.9859919548035,,,,0.008695800198265793,0.003671011569769349,0.0,0.04984724934849043,0.00865573657889658
432,0.0,lbfgs,6132,864.003091096878,,,,0.008695645375996484,0.00367071932362087,0.0,0.049845846847071,0.00865530408260407
433,0.0,lbfgs,6133,867.0633075237274,,,,0.008695399629135837,0.003671016120791976,0.0,0.049834796893269424,0.008654495884378553
434,0.0,lbfgs,6134,870.0947177410126,,,,0.008695229322616571,0.0036717949539083125,0.0,0.04982188019430224,0.008653983047578924
435,0.0,lbfgs,6135,873.1940925121307,,,,0.008694938890702598,0.00367296862226818,0.0,0.04980452228490607,0.008653420924973308
436,0.0,lbfgs,6136,876.3921360969543,,,,0.008693996132705464,0.003675897956879446,0.0,0.049763012770026586,0.008652199308034772
437,0.0,lbfgs,6137,879.3426067829132,,,,0.008692685438989791,0.003679127782403616,0.0,0.04969704695694203,0.008648832552152189
438,0.0,lbfgs,6138,882.2150113582611,,,,0.00868927955629574,0.003681784991853278,0.0,0.04964399404007202,0.008646184469835796
439,0.0,lbfgs,6139,885.0922393798828,,,,0.008683020573954772,0.0036832995194526685,0.0,0.04957675227408882,0.008640974820736669
440,0.0,lbfgs,6140,888.2241127490997,,,,0.008676364308719004,0.003681091284593494,0.0,0.04953834248175823,0.008634925606587199
441,0.0,lbfgs,6141,891.25253033638,,,,0.008671256258870184,0.003674788015288048,0.0,0.049540458352271693,0.008628833924336252
442,0.0,lbfgs,6142,896.2298934459686,,,,0.008669263641266328,0.0036686853678051497,0.0,0.04957866388987816,0.008626551830670931
443,0.0,lbfgs,6143,899.371237039566,,,,0.008666619031749988,0.003665588111800666,0.0,0.04957186310551161,0.008622774496219659
444,0.0,lbfgs,6144,902.5865345001221,,,,0.008665132467872727,0.0036632668088942538,0.0,0.049582381191953226,0.008621505001973083
445,0.0,lbfgs,6145,905.8612112998962,,,,0.008663007837170698,0.0036644467017671917,0.0,0.049547705516738226,0.00861921732727285
446,0.0,lbfgs,6146,908.8573639392853,,,,0.008661123779663769,0.003666811769817446,0.0,0.04951414013940253,0.008618225857539517
447,0.0,lbfgs,6147,911.8622167110443,,,,0.008659914970825652,0.0036703401187697074,0.0,0.04946549607026196,0.008616889799505237
448,0.0,lbfgs,6148,914.9731287956238,,,,0.008658826825450968,0.003672412470399574,0.0,0.049435671272832445,0.00861597967134771
449,0.0,lbfgs,6149,917.9380962848663,,,,0.008657888448095053,0.003673376063720961,0.0,0.04940059373227444,0.008613435510561027
450,0.0,lbfgs,6150,920.7652161121368,,,,0.008657088744119438,0.0036713849882451257,0.0,0.04940707382217389,0.008612092444084792
451,0.0,lbfgs,6151,923.7560482025146,,,,0.008655702089835581,0.0036673254960287623,0.0,0.049423931539085315,0.008609718723584691
452,0.0,lbfgs,6152,926.8891842365265,,,,0.008653557227055741,0.0036636379894288812,0.0,0.04942363652393883,0.008606001715469722
453,0.0,lbfgs,6153,929.1816518306732,,,,0.008649214198501511,0.003658594093864158,0.0,0.049415680195000346,0.008600162186999294
454,0.0,lbfgs,6154,932.1124205589294,,,,0.00864235233019743,0.003652259781913429,0.0,0.04940465819627315,0.008592725675159422
455,0.0,lbfgs,6155,935.1253600120544,,,,0.00864079653176677,0.0036585855377813665,0.0,0.04935192735674012,0.00859377834699548
456,0.0,lbfgs,6156,938.0345721244812,,,,0.008635345986120585,0.0036591496958853415,0.0,0.0493037375678289,0.008589523526136527
457,0.0,lbfgs,6157,941.1057941913605,,,,0.008632602694029563,0.003661881984898249,0.0,0.04925038540860299,0.00858692059914734
458,0.0,lbfgs,6158,944.2774610519409,,,,0.008630258103899547,0.003665796864660707,0.0,0.04919704067524374,0.008585501005494385
459,0.0,lbfgs,6159,946.9789836406708,,,,0.00862787921325162,0.003671195178282939,0.0,0.049112746348192175,0.008582469886285853
460,0.0,lbfgs,6160,950.146064043045,,,,0.008625603061783992,0.003674025380942591,0.0,0.04905869107932828,0.008579894561978565
461,0.0,lbfgs,6161,953.1265549659729,,,,0.008622143537088359,0.0036751327369953903,0.0,0.049019609629778825,0.008577093773018183
462,0.0,lbfgs,6162,955.6465866565704,,,,0.008618312358908984,0.003678320568698259,0.0,0.0489473677973638,0.008573057421371901
463,0.0,lbfgs,6163,958.5719156265259,,,,0.008614362315567715,0.00368106328561083,0.0,0.04889657014478061,0.008570720372950459
464,0.0,lbfgs,6164,960.7790343761444,,,,0.008611468219742674,0.0036835758995632196,0.0,0.048838565435445055,0.008567432515882859
465,0.0,lbfgs,6165,965.7986218929291,,,,0.008610856771955201,0.003683629603289676,0.0,0.048839293297025806,0.008567559005768475
466,0.0,lbfgs,6166,968.8094427585602,,,,0.008610167479298238,0.003686865092443596,0.0,0.048790883094248984,0.008565953474572575
467,0.0,lbfgs,6167,971.6703627109528,,,,0.008609561667955205,0.003685699450693173,0.0,0.048790510244064174,0.008564750547803117
468,0.0,lbfgs,6168,974.4224119186401,,,,0.008608647565641883,0.0036858892108218772,0.0,0.04876887363885697,0.00856277664737886
469,0.0,lbfgs,6169,977.4319584369659,,,,0.008607407641558958,0.0036864104111425087,0.0,0.048737923137490397,0.008560202797516714
470,0.0,lbfgs,6170,980.5390682220459,,,,0.008605962613080873,0.0036864031742648174,0.0,0.04871452150648018,0.008557855397503129
471,0.0,lbfgs,6171,983.6101448535919,,,,0.008602815911649743,0.003684382775975012,0.0,0.048699857030238276,0.008554368551567281
472,0.0,lbfgs,6172,986.8720767498016,,,,0.008599944871579746,0.003692758157358627,0.0,0.04857697581750122,0.008550455811494084
473,0.0,lbfgs,6173,989.8630197048187,,,,0.008593520673069685,0.0036786074344298705,0.0,0.04867732167942423,0.008546339674907154
474,0.0,lbfgs,6174,992.933797121048,,,,0.008587898750807758,0.0036715820243901805,0.0,0.04871803706503412,0.008543385803489125
475,0.0,lbfgs,6175,995.7830142974854,,,,0.008578374332903782,0.003660122823663449,0.0,0.04878138446724017,0.008538261343077393
476,0.0,lbfgs,6176,998.6027507781982,,,,0.008572870593878096,0.0036553548885780913,0.0,0.04879685310229126,0.008535040271520194
477,0.0,lbfgs,6177,1001.6281516551971,,,,0.008570412453537287,0.003656979844672944,0.0,0.048752855119768596,0.00853226542929722
478,0.0,lbfgs,6178,1004.7222940921783,,,,0.008565450443956363,0.003654826738206873,0.0,0.048716284649073696,0.008526455275707164
479,0.0,lbfgs,6179,1007.712696313858,,,,0.008563216018499903,0.0036547712358034916,0.0,0.04868034786720464,0.008522806095063326
480,0.0,lbfgs,6180,1010.6098625659943,,,,0.008560346851758964,0.003656348281853412,0.0,0.048616436859938265,0.008517992040291375
481,0.0,lbfgs,6181,1015.3540337085724,,,,0.008559398715462418,0.00365309225330127,0.0,0.04863366524260336,0.008516458850031414
482,0.0,lbfgs,6182,1018.5370914936066,,,,0.008557709831119989,0.003652744424456133,0.0,0.04862404161436767,0.008515148658348369
483,0.0,lbfgs,6183,1021.6475138664246,,,,0.008556883346938072,0.0036516294087398766,0.0,0.04863988023073044,0.00851561750429199
484,0.0,lbfgs,6184,1024.480417728424,,,,0.008556054940011906,0.003649793034721376,0.0,0.04865546327645833,0.008515339434869498
485,0.0,lbfgs,6185,1027.6841123104095,,,,0.008555177575268889,0.003648799888010342,0.0,0.048660516540987825,0.008514851614618945
486,0.0,lbfgs,6186,1030.7975599765778,,,,0.008554136279850029,0.003646323318065068,0.0,0.04865821759886147,0.00851214515045761
487,0.0,lbfgs,6187,1033.854139328003,,,,0.008553077222064292,0.003645330734354823,0.0,0.0486444455555696,0.008509775362397654
488,0.0,lbfgs,6188,1037.0139803886414,,,,0.008550953120078593,0.003644014051805411,0.0,0.04861411253184547,0.00850542537743063
489,0.0,lbfgs,6189,1040.0490629673004,,,,0.008548297956863894,0.0036432474256830626,0.0,0.04858279209932712,0.008501526708009776
490,0.0,lbfgs,6190,1042.9636368751526,,,,0.008542696687843698,0.003641301967876891,0.0,0.04854233452286893,0.0084955354924975
491,0.0,lbfgs,6191,1046.032945394516,,,,0.008533931011861999,0.003635513847331638,0.0,0.04850784564671331,0.008486298484285292
492,0.0,lbfgs,6192,1049.1327044963837,,,,0.008522571580779079,0.003627311846489556,0.0,0.04850135678541858,0.008477447597304066
493,0.0,lbfgs,6193,1052.2820146083832,,,,0.008509505638167957,0.0036213646869739363,0.0,0.0484434153977699,0.00846570629893724
494,0.0,lbfgs,6194,1055.2781343460083,,,,0.00850247440867903,0.0036105235644494664,0.0,0.04853301495067232,0.008463825131836526
495,0.0,lbfgs,6195,1058.2497680187225,,,,0.008497455723236862,0.0036147282325719506,0.0,0.04844258391320436,0.008458986696077461
496,0.0,lbfgs,6196,1061.2610878944397,,,,0.008494629178145273,0.003612287831082149,0.0,0.04843067688349711,0.008455355591599191
497,0.0,lbfgs,6197,1064.2939622402191,,,,0.008492072060440814,0.0036061194056390515,0.0,0.04846098917670772,0.008452218395522324
498,0.0,lbfgs,6198,1067.326209306717,,,,0.008491408483892425,0.0036038539860531104,0.0,0.048474895443945225,0.008451343602680857
499,0.0,lbfgs,6199,1070.4590435028076,,,,0.008490574460795557,0.003603447659836296,0.0,0.04847090340926309,0.008450538072989879
500,0.0,lbfgs,6200,1072.9300541877747,,,,0.008489127476535657,0.003602551499236369,0.0,0.04846534273797224,0.008449085845252582
501,0.0,lbfgs,6201,1075.8576147556305,,,,0.008487400626683442,0.003602446978233461,0.0,0.04845071154898967,0.008447518205329614
502,0.0,lbfgs,6202,1078.8901426792145,,,,0.008484603158861924,0.003596212454189433,0.0,0.04848830386518483,0.00844504291296112
503,0.0,lbfgs,6203,1081.9969997406006,,,,0.008481233481718805,0.003596682037764376,0.0,0.04844823849508259,0.008441505959466137
504,0.0,lbfgs,6204,1085.0428211688995,,,,0.008477815384963568,0.0035956545833224023,0.0,0.0484180402789768,0.008437458683368584
505,0.0,lbfgs,6205,1088.1094267368317,,,,0.008473909070819225,0.0035872256550364004,0.0,0.048466934018034945,0.008433919129061255
506,0.0,lbfgs,6206,1091.1929297447205,,,,0.00846945985818436,0.0035827083761963037,0.0,0.04846829777057879,0.008429538225477574
507,0.0,lbfgs,6207,1094.2445554733276,,,,0.008458150634125116,0.003570087019953412,0.0,0.048477685955410035,0.008417855687731797
508,0.0,lbfgs,6208,1097.2113626003265,,,,0.008446538924525546,0.0035649594647379867,0.0,0.04841132037005833,0.008406091573882309
509,0.0,lbfgs,6209,1100.0772595405579,,,,0.008432172596048395,0.0035517982509669786,0.0,0.048411509498824605,0.00839294927298821
510,0.0,lbfgs,6210,1103.1466069221497,,,,0.008406126706581222,0.0035488955750409214,0.0,0.04818525565397093,0.00836742121223964
511,0.0,lbfgs,6211,1106.2331023216248,,,,0.008386528355238673,0.003546205357430924,0.0,0.048030372505926504,0.008349242679594407
512,0.0,lbfgs,6212,1109.3130416870117,,,,0.008360564449288161,0.0035565828316285486,0.0,0.04768734703033998,0.008325317605722232
513,0.0,lbfgs,6213,1112.375969171524,,,,0.008343774802079495,0.0035601339639008346,0.0,0.04749126402854044,0.008309260437522377
514,0.0,lbfgs,6214,1115.1999208927155,,,,0.008336508445215957,0.0035644228299127885,0.0,0.04739630115113285,0.008304053015652065
515,0.0,lbfgs,6215,1118.3228414058685,,,,0.008327508027955583,0.0035557211152877793,0.0,0.04739764200692859,0.008295485386608629
516,0.0,lbfgs,6216,1121.487135887146,,,,0.008324519671359935,0.003551448625409666,0.0,0.04739022864646976,0.008290471560673585
517,0.0,lbfgs,6217,1124.5897676944733,,,,0.008322854357049993,0.003549148230807657,0.0,0.047379289612003876,0.008287077262608689
518,0.0,lbfgs,6218,1127.7092871665955,,,,0.00832129063845197,0.00354684229367752,0.0,0.04737783082561665,0.008284625446837654
519,0.0,lbfgs,6219,1130.8110463619232,,,,0.008320792212047519,0.0035471168305760956,0.0,0.04736427791527528,0.008283544692681898
520,0.0,lbfgs,6220,1134.0089173316956,,,,0.008319616879094638,0.0035476093711247075,0.0,0.04733773332989088,0.008281382774652516
521,0.0,lbfgs,6221,1137.0464878082275,,,,0.008317447801371447,0.003548482089067457,0.0,0.04729419380938875,0.008277901540480172
522,0.0,lbfgs,6222,1141.9124324321747,,,,0.008315877525550878,0.003550663615290233,0.0,0.04724222862786581,0.00827488654847322
523,0.0,lbfgs,6223,1145.0578815937042,,,,0.008312062785810785,0.0035504009364085588,0.0,0.047202629454862616,0.00827066395223222
524,0.0,lbfgs,6224,1148.1980044841766,,,,0.008305770776187903,0.0035491303604302093,0.0,0.04715182436378311,0.008264312867070214
525,0.0,lbfgs,6225,1151.1640803813934,,,,0.008301608545733318,0.003549861637622443,0.0,0.04711310410024388,0.008261172117850827
526,0.0,lbfgs,6226,1154.2336094379425,,,,0.008296806752932751,0.0035487636833849362,0.0,0.047089069999522164,0.008257670753505334
527,0.0,lbfgs,6227,1157.2049479484558,,,,0.008288547910579239,0.0035509855932460764,0.0,0.04698427597587175,0.008249413260845278
528,0.0,lbfgs,6228,1160.4766747951508,,,,0.008281236387989423,0.0035557834675641075,0.0,0.04687500644243975,0.008243284181657285
529,0.0,lbfgs,6229,1163.7586579322815,,,,0.008274638405321047,0.0035582861510697512,0.0,0.046753789962205555,0.008233665216958883
530,0.0,lbfgs,6230,1166.8010993003845,,,,0.008269643010440687,0.003567184633897246,0.0,0.04662745639131596,0.008229930342509167
531,0.0,lbfgs,6231,1169.9563562870026,,,,0.008264586734660684,0.003570874256235584,0.0,0.04654501361718151,0.00822537568731121
532,0.0,lbfgs,6232,1173.0847783088684,,,,0.00825923436193565,0.0035764756334047162,0.0,0.04644395606378817,0.008220871308990421
533,0.0,lbfgs,6233,1176.189071893692,,,,0.008256535807936716,0.0035793682775349324,0.0,0.046395843378388944,0.00821895268450902
534,0.0,lbfgs,6234,1179.1693949699402,,,,0.008252193185363594,0.003582494767951064,0.0,0.04632909582884054,0.00821540441987085
535,0.0,lbfgs,6235,1182.1955072879791,,,,0.008245936982327933,0.0035808627334458437,0.0,0.0462978356371107,0.008210646366146065
536,0.0,lbfgs,6236,1185.2788503170013,,,,0.008238072438007902,0.0035796350935909573,0.0,0.046262169651632934,0.008205852127690256
537,0.0,lbfgs,6237,1188.3138589859009,,,,0.008229972439063612,0.0035741667260137397,0.0,0.04627893577868695,0.008202060372843423
538,0.0,lbfgs,6238,1191.5062446594238,,,,0.00822204481678538,0.003566964271049138,0.0,0.046292020532204846,0.008196166393250109
539,0.0,lbfgs,6239,1194.599238872528,,,,0.008211983008628097,0.0035576427535872978,0.0,0.04630418379145947,0.008188061201731855
540,0.0,lbfgs,6240,1197.7120668888092,,,,0.00820209347229378,0.003545065963592746,0.0,0.046339851800453295,0.008179051212689836
541,0.0,lbfgs,6241,1199.9370901584625,,,,0.008188212450420958,0.0035290099994509856,0.0,0.046362018346563456,0.008165211903192122
542,0.0,lbfgs,6242,1202.962239742279,,,,0.008177464924700277,0.003513000159534406,0.0,0.04641405978016577,0.008154406206713323
543,0.0,lbfgs,6243,1206.0359001159668,,,,0.008170397437395917,0.0035067707505044626,0.0,0.04638920542425069,0.008145691362054834
544,0.0,lbfgs,6244,1208.7966935634613,,,,0.00816475348924168,0.003503090201121411,0.0,0.046374924214274124,0.008140582691652846
545,0.0,lbfgs,6245,1211.7143185138702,,,,0.008160081675023422,0.0035006772104177425,0.0,0.04636362285391459,0.008137039564896384
546,0.0,lbfgs,6246,1214.856095790863,,,,0.008154654144490243,0.003494120949304098,0.0,0.046381116915921596,0.008132232710009507
547,0.0,lbfgs,6247,1218.0833237171173,,,,0.008146853503896457,0.0034799944279652905,0.0,0.04644771475051036,0.008124765972228816
548,0.0,lbfgs,6248,1221.0614986419678,,,,0.00813920080324582,0.0034659440154502594,0.0,0.046520467203757555,0.008117990805146913
549,0.0,lbfgs,6249,1224.1421778202057,,,,0.008131279943813362,0.003446827550567573,0.0,0.04664947440850607,0.008111775060931314
550,0.0,lbfgs,6250,1227.3511843681335,,,,0.008125599594889649,0.0034433219333724727,0.0,0.046669354012685176,0.008110257404183746
551,0.0,lbfgs,6251,1232.1405625343323,,,,0.008118269630596364,0.0034368286058171086,0.0,0.046662092775432686,0.008103037952892314
552,0.0,lbfgs,6252,1235.05531167984,,,,0.008112907927726853,0.003440417930734269,0.0,0.04657329022672123,0.008097747022806003
553,0.0,lbfgs,6253,1238.1777682304382,,,,0.008109331833957109,0.0034483260756311097,0.0,0.04647716313042991,0.00809604245793047
554,0.0,lbfgs,6254,1241.2502002716064,,,,0.00810673596895203,0.00344851657648097,0.0,0.04645301328724078,0.008093817974425432
555,0.0,lbfgs,6255,1244.3303849697113,,,,0.00810100363836666,0.0034455161477502647,0.0,0.046424540092194454,0.008087970226147666
556,0.0,lbfgs,6256,1247.341810464859,,,,0.008095838951448695,0.003429793824184853,0.0,0.046540140003985785,0.008083807893933644
557,0.0,lbfgs,6257,1250.4169828891754,,,,0.00808577763628084,0.0034284661292603865,0.0,0.04643790493007581,0.008072256691465838
558,0.0,lbfgs,6258,1253.4370996952057,,,,0.008065917611338824,0.0034129161086472824,0.0,0.04637490814536642,0.008050406992287922
559,0.0,lbfgs,6259,1256.5423338413239,,,,0.008040304053481632,0.003389459395269686,0.0,0.04631880698594579,0.008021340162884666
560,0.0,lbfgs,6260,1259.5862669944763,,,,0.00802108533290242,0.0033591164321652503,0.0,0.04636510920240508,0.007995627421495155
561,0.0,lbfgs,6261,1262.7731556892395,,,,0.008008555304022323,0.003358748339418308,0.0,0.04621099744307011,0.00797984815258507
562,0.0,lbfgs,6262,1265.278415441513,,,,0.007995772128418111,0.003362266206073347,0.0,0.046061353647327545,0.007968401639442867
563,0.0,lbfgs,6263,1268.2553703784943,,,,0.007989710253672818,0.003366956521766185,0.0,0.045949632247820914,0.007961919815018564
564,0.0,lbfgs,6264,1271.3332388401031,,,,0.007982551875680829,0.0033719942602764494,0.0,0.045801095299086936,0.007952103858434093
565,0.0,lbfgs,6265,1274.1534895896912,,,,0.007969622199777388,0.003373343781810024,0.0,0.045620274866558216,0.007935371336445353
566,0.0,lbfgs,6266,1278.9390161037445,,,,0.007965756216432456,0.003377307626153437,0.0,0.04551031263837672,0.00792833895780676
567,0.0,lbfgs,6267,1282.0591080188751,,,,0.007950070519945562,0.003372276349156027,0.0,0.045369468512192014,0.007909223267981005
568,0.0,lbfgs,6268,1285.2378752231598,,,,0.00794211409060116,0.0033622823101244225,0.0,0.04539826340602375,0.007902108718375482
569,0.0,lbfgs,6269,1288.2022376060486,,,,0.007934923225951254,0.003349736935947157,0.0,0.04548197442583208,0.007897934446303788
570,0.0,lbfgs,6270,1291.2922022342682,,,,0.007930593821366103,0.0033386563831613028,0.0,0.04556378183280096,0.007895034634336724
571,0.0,lbfgs,6271,1294.3197283744812,,,,0.007925916090317644,0.0033213848768781327,0.0,0.045707551248033454,0.007892140069791036
572,0.0,lbfgs,6272,1297.4393439292908,,,,0.007921927242771395,0.0033203269297287746,0.0,0.045689429994281945,0.007889269997239524
573,0.0,lbfgs,6273,1300.334993839264,,,,0.007919091124068408,0.003318799132998957,0.0,0.04566680690640891,0.007885479891688692
574,0.0,lbfgs,6274,1303.121096611023,,,,0.007915123253361845,0.003314987316520992,0.0,0.04567157988457248,0.007882145373034197
575,0.0,lbfgs,6275,1306.2501039505005,,,,0.007911580528365677,0.003310292036549796,0.0,0.045693996309110925,0.007879691735550249
576,0.0,lbfgs,6276,1309.4500288963318,,,,0.007906724573882097,0.003300522212926479,0.0,0.0457554475162244,0.007876067032729849
577,0.0,lbfgs,6277,1312.5319633483887,,,,0.007900465050190335,0.003292014909822024,0.0,0.04581955624957546,0.00787397060305603
578,0.0,lbfgs,6278,1315.4688258171082,,,,0.007893635377211921,0.003275341457203851,0.0,0.045904962936262735,0.00786583781923385
579,0.0,lbfgs,6279,1318.513038635254,,,,0.007889189129105278,0.003278673847509621,0.0,0.045825053350307614,0.007861179250825034
580,0.0,lbfgs,6280,1321.6050522327423,,,,0.007884672945879814,0.0032791950783864297,0.0,0.04577044232347495,0.007856239378937199
581,0.0,lbfgs,6281,1324.6098847389221,,,,0.007877076491485646,0.003286245250942423,0.0,0.045624435693230846,0.007848688888251215
582,0.0,lbfgs,6282,1327.601126909256,,,,0.00787135657750957,0.0032893729248806105,0.0,0.045528823643172366,0.007842255357041082
583,0.0,lbfgs,6283,1330.482317686081,,,,0.007863569764449099,0.0032979387886500414,0.0,0.04537931320537303,0.00783587017680779
584,0.0,lbfgs,6284,1333.5716104507446,,,,0.007848954163833403,0.0033028461191759936,0.0,0.04520183386934646,0.00782302957346662
585,0.0,lbfgs,6285,1336.5612936019897,,,,0.007827318676355118,0.003309957003804087,0.0,0.04495636138606648,0.007805593209400934
586,0.0,lbfgs,6286,1339.605262517929,,,,0.007800180489535168,0.0033004743091816233,0.0,0.044779552814067675,0.007778429657315124
587,0.0,lbfgs,6287,1342.914384841919,,,,0.007772937709439027,0.003307092401259311,0.0,0.04443662930052197,0.007750755397527245
588,0.0,lbfgs,6288,1345.9252018928528,,,,0.007747211063489343,0.0032850395890239785,0.0,0.044360350208834026,0.007721074676009455
589,0.0,lbfgs,6289,1349.013741016388,,,,0.007729798776436252,0.003281168670925234,0.0,0.044197105725754464,0.0077008793093595
590,0.0,lbfgs,6290,1352.0515403747559,,,,0.0077179518151628684,0.003278971980398837,0.0,0.044077890529429814,0.007686761099022994
591,0.0,lbfgs,6291,1355.1721241474152,,,,0.007697442842537655,0.003291654227928687,0.0,0.04374228663460935,0.007665882956570709
592,0.0,lbfgs,6292,1358.082896232605,,,,0.007682785723014963,0.003294043770385942,0.0,0.04362463262004099,0.007656507097395808
593,0.0,lbfgs,6293,1361.3965606689453,,,,0.007678095752996473,0.003299625159354103,0.0,0.04352326287282252,0.007651951511491071
594,0.0,lbfgs,6294,1364.3081307411194,,,,0.00766978734985643,0.003305934338932092,0.0,0.04337548950288645,0.007643483353855254
595,0.0,lbfgs,6295,1367.3401551246643,,,,0.007662703030851827,0.003313269141862667,0.0,0.043238286199837446,0.007637097826276479
596,0.0,lbfgs,6296,1370.3933703899384,,,,0.0076535012043816,0.0033141013039317156,0.0,0.043145501276950514,0.007628651495918574
597,0.0,lbfgs,6297,1372.970921754837,,,,0.007642671122404398,0.0033127040803883658,0.0,0.04308832270326441,0.007621536414921411
598,0.0,lbfgs,6298,1376.1120538711548,,,,0.007633611877346668,0.003302716742795904,0.0,0.04312276039916701,0.007614992846970526
599,0.0,lbfgs,6299,1379.0730502605438,,,,0.007623939631305851,0.003288994400709497,0.0,0.04320882162099591,0.00760987662719525
600,0.0,lbfgs,6300,1382.0032062530518,,,,0.007617728117964011,0.003278683921610254,0.0,0.04327170176849635,0.007605854162939749
601,0.0,lbfgs,6301,1384.9031751155853,,,,0.007612994109796368,0.003273196958199619,0.0,0.04329508169792279,0.007602705192506597
602,0.0,lbfgs,6302,1387.9960086345673,,,,0.0076096902582748005,0.0032742340594141724,0.0,0.04324915022797103,0.007599149146657531
603,0.0,lbfgs,6303,1391.2531955242157,,,,0.0076039103167225165,0.0032763096867423325,0.0,0.043165011680788366,0.007592810919142049
604,0.0,lbfgs,6304,1394.385179758072,,,,0.007591971552272193,0.0032740966272112324,0.0,0.04304546094769414,0.007578642786123382
605,0.0,lbfgs,6305,1397.3611993789673,,,,0.007577092421715217,0.0032747933936942814,0.0,0.042867296805399975,0.00756152313811153
606,0.0,lbfgs,6306,1400.4300696849823,,,,0.007567485453021067,0.0032586773814964713,0.0,0.04298173669941588,0.007556851115485838
607,0.0,lbfgs,6307,1403.281067609787,,,,0.007554424046991829,0.0032510293683469024,0.0,0.04292114629555961,0.007543144061860355
608,0.0,lbfgs,6308,1406.3910422325134,,,,0.007545589679851707,0.0032430482256760726,0.0,0.04291844842482954,0.007534893132112498
609,0.0,lbfgs,6309,1409.3850991725922,,,,0.007536580001633007,0.0032316454417182935,0.0,0.04294945912970854,0.007526591418688829
610,0.0,lbfgs,6310,1412.3909449577332,,,,0.007525480427441471,0.0032220525528013945,0.0,0.042952684609378164,0.007517321077743698
611,0.0,lbfgs,6311,1415.501915693283,,,,0.007519447054914505,0.00320107902127443,0.0,0.04316542753887591,0.00751762183948352
612,0.0,lbfgs,6312,1420.3090360164642,,,,0.007512817618707077,0.0031983267140672,0.0,0.043144608432730124,0.007512787621630689
613,0.0,lbfgs,6313,1423.370131969452,,,,0.007504999251972479,0.003196239623726042,0.0,0.043064504289553954,0.0075026901168525496
614,0.0,lbfgs,6314,1426.441443681717,,,,0.007485880184399283,0.003193231843027574,0.0,0.04291886488404454,0.00748511839538612
615,0.0,lbfgs,6315,1429.3841407299042,,,,0.0074653681702695086,0.0031791902988480857,0.0,0.042905246835968414,0.007469715046378727
616,0.0,lbfgs,6316,1432.4116048812866,,,,0.007441137918037568,0.003161531976600253,0.0,0.04292200089603532,0.00745373213016255
617,0.0,lbfgs,6317,1435.4609575271606,,,,0.0074218206652347,0.003142506270923954,0.0,0.043040949362359075,0.007446601271295874
618,0.0,lbfgs,6318,1438.6700277328491,,,,0.007407892064976521,0.0031276485864247293,0.0,0.04309041635810531,0.007436690286444984
619,0.0,lbfgs,6319,1441.7720623016357,,,,0.0073932833180568635,0.0031361004878240183,0.0,0.04284754441849393,0.007420854993521228
620,0.0,lbfgs,6320,1444.8850145339966,,,,0.007380211970457153,0.003135153965951078,0.0,0.042736611215830236,0.007408815151216615
621,0.0,lbfgs,6321,1447.7132258415222,,,,0.007360192136487968,0.0031319217657549366,0.0,0.042584047210256354,0.007390326550235747
622,0.0,lbfgs,6322,1450.6319789886475,,,,0.007325688763836974,0.0031057854940064003,0.0,0.042559635576065104,0.007361749115031709
623,0.0,lbfgs,6323,1455.390924692154,,,,0.007303812567847717,0.0031098874234307423,0.0,0.04235245692624066,0.007345133179164887
624,0.0,lbfgs,6324,1458.544445991516,,,,0.0072681739484960406,0.0030994831658973823,0.0,0.042031230333194246,0.00730260626184822
625,0.0,lbfgs,6325,1461.4089560508728,,,,0.007252243011883304,0.003082122799790958,0.0,0.04202723642874484,0.007284846505290905
626,0.0,lbfgs,6326,1464.468997478485,,,,0.007227347295223387,0.0030766728600340795,0.0,0.041784530262564866,0.007255125948554368
627,0.0,lbfgs,6327,1467.5343928337097,,,,0.0072032736425753936,0.0030698659679762558,0.0,0.041624218374115556,0.007232287867412731
628,0.0,lbfgs,6328,1470.7820501327515,,,,0.0071722729210747915,0.003057048034183242,0.0,0.04147463793872457,0.007204511889857726
629,0.0,lbfgs,6329,1473.9173119068146,,,,0.007147977448917358,0.0030425608587174506,0.0,0.04139866221133875,0.007182427141540139
630,0.0,lbfgs,6330,1477.0774457454681,,,,0.007134869140594044,0.003040797842409308,0.0,0.041271857630092855,0.007167983666918454
631,0.0,lbfgs,6331,1480.076031446457,,,,0.007120825047613576,0.003038800918873758,0.0,0.04114029904084926,0.007152830884262507
632,0.0,lbfgs,6332,1483.0902259349823,,,,0.007104569711092958,0.0030357296530576935,0.0,0.04099183561408529,0.007134913275548818
633,0.0,lbfgs,6333,1486.0599863529205,,,,0.007087695688930466,0.003029143042181068,0.0,0.04091500932898711,0.0071206440360478945
634,0.0,lbfgs,6334,1489.153174161911,,,,0.007075473355470124,0.003023606201766148,0.0,0.04084245337723577,0.007107851600349723
635,0.0,lbfgs,6335,1492.0640494823456,,,,0.007053933673329699,0.003021815748928573,0.0,0.04064453141265447,0.007086268950759091
636,0.0,lbfgs,6336,1494.8411724567413,,,,0.007037226761752193,0.003006998274005249,0.0,0.04067279418842348,0.007074277753454783
637,0.0,lbfgs,6337,1497.7949178218842,,,,0.007018892222432965,0.0029991776021807237,0.0,0.04060096855529458,0.00705927451821034
638,0.0,lbfgs,6338,1500.8609280586243,,,,0.006998678109114439,0.0029861000646367593,0.0,0.040534430806849424,0.00703954320572271
639,0.0,lbfgs,6339,1503.8747029304504,,,,0.0069800518750365815,0.0029782043095589682,0.0,0.04045093562876752,0.007023297932712311
640,0.0,lbfgs,6340,1506.8538360595703,,,,0.00696438173966416,0.0029775218915858042,0.0,0.04024741621080079,0.007002263572639207
641,0.0,lbfgs,6341,1509.5829474925995,,,,0.006948695474507737,0.0029730079081717172,0.0,0.04010431530081927,0.00698343949801373
642,0.0,lbfgs,6342,1512.4371225833893,,,,0.006937254010334435,0.002970764255992146,0.0,0.03995880912353893,0.006966645227889305
643,0.0,lbfgs,6343,1515.4972653388977,,,,0.006929468285927583,0.002972020794612604,0.0,0.03981969791789155,0.0069539906457377326
644,0.0,lbfgs,6344,1518.5827550888062,,,,0.006921102754196287,0.002970862079106306,0.0,0.039714845752834856,0.006942346713569523
645,0.0,lbfgs,6345,1521.5991377830505,,,,0.006915241912849413,0.0029782078772311173,0.0,0.03956190801045506,0.00693439873722846
646,0.0,lbfgs,6346,1524.2719581127167,,,,0.006910704460987318,0.002981506337919259,0.0,0.03948442495400505,0.006929948892156142
647,0.0,lbfgs,6347,1527.3768632411957,,,,0.006902799313341389,0.0029865038286192407,0.0,0.03938032734220143,0.006924536621520644
648,0.0,lbfgs,6348,1530.3669476509094,,,,0.006890109955449493,0.0030030475814032203,0.0,0.039097092767837294,0.006912756916446158
649,0.0,lbfgs,6349,1535.2793509960175,,,,0.006881374365875052,0.00300169374827759,0.0,0.03903813367624692,0.006905507174073634
650,0.0,lbfgs,6350,1538.5016694068909,,,,0.006870232231564287,0.0030042547268939426,0.0,0.038883603527045764,0.006892615137539603
651,0.0,lbfgs,6351,1541.456550359726,,,,0.006856411462039062,0.002995206137560911,0.0,0.03882735336816586,0.006877941532234762
652,0.0,lbfgs,6352,1544.56436085701,,,,0.006847423832121457,0.002987375135786314,0.0,0.038775724907229206,0.0068649476842895674
653,0.0,lbfgs,6353,1547.6540427207947,,,,0.006835304067487205,0.0029784448219105438,0.0,0.03873207890516933,0.006851652770142772
654,0.0,lbfgs,6354,1550.7326877117157,,,,0.006817090545555808,0.002975956082217868,0.0,0.038555006814675635,0.006831456821136868
655,0.0,lbfgs,6355,1553.7400200366974,,,,0.006804135037374167,0.0029763210598919374,0.0,0.03841424885184,0.006817746002317628
656,0.0,lbfgs,6356,1556.9028704166412,,,,0.006795496236342908,0.002978284201840663,0.0,0.038292578257672405,0.006807542084668291
657,0.0,lbfgs,6357,1559.9994928836823,,,,0.006787467469765851,0.0029776891244588308,0.0,0.03823752689082673,0.006801441870519859
658,0.0,lbfgs,6358,1564.8864343166351,,,,0.006783411066946748,0.0029778282370616486,0.0,0.03817854774749583,0.006795683068701701
659,0.0,lbfgs,6359,1567.9039766788483,,,,0.006772019025204738,0.002978275985452848,0.0,0.038044853194540366,0.006782761361598133
660,0.0,lbfgs,6360,1570.9194467067719,,,,0.006753715003743438,0.0029701303777666583,0.0,0.03792838438744074,0.006762968873028429
661,0.0,lbfgs,6361,1574.0135397911072,,,,0.006733219410540407,0.002953854544967324,0.0,0.03784070488292746,0.006737925089647115
662,0.0,lbfgs,6362,1577.0621378421783,,,,0.006707609727345753,0.002937574678398944,0.0,0.0377092655056589,0.006708501285156019
663,0.0,lbfgs,6363,1582.0694515705109,,,,0.0066955512438565,0.002925364252827321,0.0,0.03763839759705351,0.006689204068618254
664,0.0,lbfgs,6364,1585.16441655159,,,,0.006676597422448756,0.0029229822565541496,0.0,0.0374765011028937,0.006670632422687858
665,0.0,lbfgs,6365,1588.139006137848,,,,0.006663323669942425,0.0029247943922318517,0.0,0.037330726390170384,0.006657867086876008
666,0.0,lbfgs,6366,1591.2767748832703,,,,0.006651693728873263,0.0029213501948784997,0.0,0.037271802632732366,0.00664853051369105
667,0.0,lbfgs,6367,1594.6259229183197,,,,0.0066314798592114615,0.002911775086462775,0.0,0.037193764585199164,0.00663115160040572
668,0.0,lbfgs,6368,1597.6708476543427,,,,0.006612754726166737,0.002900504913627673,0.0,0.03715645182677667,0.0066161501516727676
669,0.0,lbfgs,6369,1600.7710382938385,,,,0.006600604691644806,0.0028938087225664696,0.0,0.037142168238837044,0.006608025601796318
670,0.0,lbfgs,6370,1603.8879392147064,,,,0.006584479418317491,0.002885000021189969,0.0,0.037080399719906836,0.006593040048434754
671,0.0,lbfgs,6371,1606.8720302581787,,,,0.006569266809284163,0.0028836489715269374,0.0,0.03691681862518037,0.0065753308890553214
672,0.0,lbfgs,6372,1609.9213564395905,,,,0.006543078035259627,0.002866000156956153,0.0,0.03678399862116459,0.006544400073885041
673,0.0,lbfgs,6373,1612.7733960151672,,,,0.006530356182669399,0.0028633225412296143,0.0,0.03660469872176411,0.006523792467951277
674,0.0,lbfgs,6374,1615.872061252594,,,,0.0065201216723867,0.0028561836127024725,0.0,0.036590167289487774,0.006515200396174848
675,0.0,lbfgs,6375,1619.0003089904785,,,,0.006515509354289229,0.002856441687387898,0.0,0.036547384311043214,0.006511180172952066
676,0.0,lbfgs,6376,1622.1321012973785,,,,0.0065100690701774926,0.0028552423226894164,0.0,0.036523671367031246,0.006507609513817052
677,0.0,lbfgs,6377,1625.109759092331,,,,0.006505344807121064,0.0028569561401990884,0.0,0.03647074272571082,0.006504030467115812
678,0.0,lbfgs,6378,1628.2371490001678,,,,0.006499572555519641,0.0028552226770211697,0.0,0.03642578974630665,0.006497801705930491
679,0.0,lbfgs,6379,1631.3670303821564,,,,0.00647675063679487,0.0028438803800839344,0.0,0.03629960768705559,0.0064738412028801234
680,0.0,lbfgs,6380,1634.424024105072,,,,0.006457453739805181,0.002836495175334736,0.0,0.03614147506617683,0.006450642735807413
681,0.0,lbfgs,6381,1637.199367761612,,,,0.006433277573252762,0.002824051601382332,0.0,0.03601000400382783,0.006425052055424202
682,0.0,lbfgs,6382,1640.000210762024,,,,0.006413953455437231,0.0028227146504408926,0.0,0.03581341633978784,0.006404056337785825
683,0.0,lbfgs,6383,1642.878701210022,,,,0.006396236292023551,0.002819051950325914,0.0,0.03569302382879113,0.006388354386391777
684,0.0,lbfgs,6384,1645.7941267490387,,,,0.006383545343417314,0.00282227208879858,0.0,0.03553659480473141,0.006375931622225373
685,0.0,lbfgs,6385,1649.0067448616028,,,,0.00637046343140613,0.0028163054157546814,0.0,0.03547494334496037,0.006363799803112503
686,0.0,lbfgs,6386,1652.2129170894623,,,,0.0063562978990285065,0.0028159481300924307,0.0,0.03532716228336482,0.006348664411070487
687,0.0,lbfgs,6387,1655.3534078598022,,,,0.006343386242858323,0.002814142800771302,0.0,0.03518865355354574,0.006333008208561056
688,0.0,lbfgs,6388,1658.5978841781616,,,,0.006336895410332728,0.0028159444353204684,0.0,0.03509372000225126,0.006325316487839312
689,0.0,lbfgs,6389,1661.6980423927307,,,,0.006329722735528314,0.002814767523476501,0.0,0.03502769068919369,0.006317536644591197
690,0.0,lbfgs,6390,1664.6272089481354,,,,0.006323408271728145,0.002815661991731822,0.0,0.03495809046640363,0.006311471090463799
691,0.0,lbfgs,6391,1667.7140805721283,,,,0.006318445904178776,0.0028171122523981316,0.0,0.034901177354037326,0.006307230039808671
692,0.0,lbfgs,6392,1670.710143327713,,,,0.006311104649754765,0.0028191046970375507,0.0,0.03477548297432641,0.006296653046289699
693,0.0,lbfgs,6393,1673.7511558532715,,,,0.006302097579409887,0.002826791479100293,0.0,0.03456213223522152,0.006283004754124035
694,0.0,lbfgs,6394,1676.7912819385529,,,,0.006295890285799054,0.0028257047072578674,0.0,0.03446888510880234,0.006272593269500743
695,0.0,lbfgs,6395,1679.704605102539,,,,0.006291305249061304,0.0028252732939100696,0.0,0.03441618500149211,0.006266891845343393
696,0.0,lbfgs,6396,1682.3740816116333,,,,0.006285024116269538,0.002822566051160847,0.0,0.03438415811315865,0.0062609819137131005
697,0.0,lbfgs,6397,1685.3055610656738,,,,0.006282857148436813,0.002819257753986943,0.0,0.034388490890105844,0.006258106894240372
698,0.0,lbfgs,6398,1688.5123629570007,,,,0.0062772332458205455,0.0028183896773452607,0.0,0.03435338421486466,0.006253728150022259
699,0.0,lbfgs,6399,1691.6401166915894,,,,0.006271221696542432,0.0028165205425563604,0.0,0.034319786358350785,0.006248499229531906
700,0.0,lbfgs,6400,1694.7811722755432,,,,0.006262512542684021,0.002814139110397094,0.0,0.034260402241202595,0.006240179385569331
701,0.0,lbfgs,6401,1699.6589922904968,,,,0.006254872907664124,0.0028071125886444995,0.0,0.03424882905194116,0.006231995544873348
702,0.0,lbfgs,6402,1702.7684452533722,,,,0.006240029930690437,0.0028037068107132812,0.0,0.03411915005772772,0.0062156218673275485
703,0.0,lbfgs,6403,1705.9118950366974,,,,0.0062194398950283555,0.0027978624012716135,0.0,0.033932727690289405,0.006191135220864259
704,0.0,lbfgs,6404,1708.9495434761047,,,,0.006205796141525068,0.002794136370584346,0.0,0.033814923393021036,0.006175628760274612
705,0.0,lbfgs,6405,1711.975977897644,,,,0.006184871869457091,0.002793260553353127,0.0,0.033601773251884244,0.006153437928612095
706,0.0,lbfgs,6406,1716.9857697486877,,,,0.006175747030471178,0.002787068912397394,0.0,0.03358747127646921,0.006145816090093547
707,0.0,lbfgs,6407,1720.0739860534668,,,,0.006163108442776861,0.002788736107649571,0.0,0.03347757688457688,0.006136493845992736
708,0.0,lbfgs,6408,1723.189773797989,,,,0.0061549360026340125,0.002784870623443863,0.0,0.0334420352172903,0.0061290741950054085
709,0.0,lbfgs,6409,1726.1511533260345,,,,0.006146172365328298,0.0027819825679888197,0.0,0.03341396192177634,0.006123378809957137
710,0.0,lbfgs,6410,1729.1761429309845,,,,0.006142171128616378,0.0027814197634088433,0.0,0.033367395806550404,0.006118159393785178
711,0.0,lbfgs,6411,1732.2012131214142,,,,0.006139214985704598,0.0027799060660891276,0.0,0.03333868121252613,0.006113774237020247
712,0.0,lbfgs,6412,1735.3711967468262,,,,0.0061357519040614785,0.002781087626607543,0.0,0.03328625687889016,0.006109713364096947
713,0.0,lbfgs,6413,1738.3872933387756,,,,0.0061287949355611155,0.002781084712862651,0.0,0.033222642008746375,0.006103348963242883
714,0.0,lbfgs,6414,1741.4079053401947,,,,0.006125272403042972,0.002781218975391771,0.0,0.033202069047549417,0.006101425929621651
715,0.0,lbfgs,6415,1744.613068819046,,,,0.006120472862132097,0.002779660040344426,0.0,0.033197492548017564,0.006099409344614301
716,0.0,lbfgs,6416,1747.5903170108795,,,,0.006114459667678383,0.002778170181445934,0.0,0.03320201085637984,0.00609837131655877
717,0.0,lbfgs,6417,1750.7593381404877,,,,0.006107072686678286,0.0027776849869966427,0.0,0.03317078566390551,0.006094763602815516
718,0.0,lbfgs,6418,1754.1930005550385,,,,0.006100222606429742,0.002777694024469952,0.0,0.03312840458437943,0.006090534532273064
719,0.0,lbfgs,6419,1757.4480609893799,,,,0.006088267235527012,0.0027779372196656627,0.0,0.033054039633375935,0.006083341232257613
720,0.0,lbfgs,6420,1760.4991397857666,,,,0.006079941331296293,0.002775829108691979,0.0,0.033012700154968204,0.006077099173381556
721,0.0,lbfgs,6421,1763.5221762657166,,,,0.006069082889245653,0.0027703183080723046,0.0,0.03297494206163309,0.0060678125633721065
722,0.0,lbfgs,6422,1766.492024898529,,,,0.006060385311110477,0.0027587495875079273,0.0,0.033016612913838526,0.006060410928090367
723,0.0,lbfgs,6423,1769.7067286968231,,,,0.006048031658380104,0.0027545883516641194,0.0,0.032938049575577624,0.0060483933583034
724,0.0,lbfgs,6424,1772.8565318584442,,,,0.00603937139223878,0.002754315937358458,0.0,0.032867310993955914,0.00604104708573016
725,0.0,lbfgs,6425,1776.071186542511,,,,0.006029536380870354,0.0027424985488943747,0.0,0.03289831479477243,0.006032330077393927
726,0.0,lbfgs,6426,1779.2816019058228,,,,0.006022641903821005,0.0027414839497903794,0.0,0.032844727758467473,0.006025956774579585
727,0.0,lbfgs,6427,1782.492443561554,,,,0.006016015488901339,0.0027383831203124814,0.0,0.032815767761484,0.006019959945360186
728,0.0,lbfgs,6428,1785.4472696781158,,,,0.006010623262058874,0.0027347740380662894,0.0,0.032796852398642155,0.006014459326801624
729,0.0,lbfgs,6429,1790.373030424118,,,,0.006009072644064617,0.0027350609118446173,0.0,0.03277897408571072,0.006012958369260166
730,0.0,lbfgs,6430,1793.4401671886444,,,,0.0059992778288417686,0.0027296742053097224,0.0,0.03273207048834291,0.0060028813029186
731,0.0,lbfgs,6431,1796.4329147338867,,,,0.005992114948886687,0.0027252360860698134,0.0,0.03268548909378343,0.00599378504415333
732,0.0,lbfgs,6432,1799.6073727607727,,,,0.005985193894266598,0.00272104727337607,0.0,0.032658545884699124,0.005986901910511008
733,0.0,lbfgs,6433,1802.4689719676971,,,,0.005977984652085643,0.002717304665694975,0.0,0.0326087211638974,0.005978176830675496
734,0.0,lbfgs,6434,1805.556131362915,,,,0.005972339065645999,0.002713208397849299,0.0,0.032594260849137274,0.00597263453133226
735,0.0,lbfgs,6435,1810.3786330223083,,,,0.005971252795959048,0.002712243438169084,0.0,0.03256677122323647,0.005968920609021002
736,0.0,lbfgs,6436,1813.3910722732544,,,,0.0059666293343465845,0.0027123455696357194,0.0,0.032543229114637855,0.005966668529592696
737,0.0,lbfgs,6437,1816.4318182468414,,,,0.005964574937393004,0.002711349317993168,0.0,0.03254506177907205,0.0059658555443962945
738,0.0,lbfgs,6438,1819.017073392868,,,,0.005961955308627939,0.002711809428952713,0.0,0.03252440475868979,0.005964249953286832
739,0.0,lbfgs,6439,1823.5540387630463,,,,0.005960103408489905,0.0027092265504909258,0.0,0.03252610449846746,0.0059618370488053445
740,0.0,lbfgs,6440,1826.5672028064728,,,,0.005954689392950613,0.002711569178598346,0.0,0.03247322623738319,0.005958891850725543
741,0.0,lbfgs,6441,1829.7417447566986,,,,0.005950759035085141,0.002712087937878461,0.0,0.032427498455745885,0.005954837831773788
742,0.0,lbfgs,6442,1832.390168428421,,,,0.005947115348612856,0.0027123322762017477,0.0,0.032385627471655166,0.005950895071625609
743,0.0,lbfgs,6443,1835.3644969463348,,,,0.0059449501551748045,0.0027119466580586096,0.0,0.0323727428959911,0.005949220995896865
744,0.0,lbfgs,6444,1838.4501078128815,,,,0.005942750606855051,0.002711794431657378,0.0,0.032370894498637955,0.005948883929757565
745,0.0,lbfgs,6445,1841.5309674739838,,,,0.00594035758972074,0.00270853467698379,0.0,0.03238494983638887,0.005947029708880013
746,0.0,lbfgs,6446,1846.4279263019562,,,,0.005938260110741372,0.0027080548345749566,0.0,0.032388720611567265,0.005946926943994638
747,0.0,lbfgs,6447,1849.5448460578918,,,,0.005935925184473837,0.0027066341955822625,0.0,0.03237079862853868,0.005943714106672379
748,0.0,lbfgs,6448,1852.6314470767975,,,,0.005929252802389316,0.002701440551398994,0.0,0.03231356809889826,0.005932797409439789
749,0.0,lbfgs,6449,1855.4965324401855,,,,0.005924179485436292,0.0026989650768930113,0.0,0.03226485021895777,0.005925450146867162
750,0.0,lbfgs,6450,1858.6245093345642,,,,0.005908590796903155,0.0026947178125829303,0.0,0.0321084118984142,0.005905559050269613
751,0.0,lbfgs,6451,1861.7305047512054,,,,0.005899991582047666,0.002685378657063893,0.0,0.032036250073473826,0.0058890037121490085
752,0.0,lbfgs,6452,1864.679767370224,,,,0.005885812367503632,0.0026883940643753295,0.0,0.031903980200969746,0.0058787921320129395
753,0.0,lbfgs,6453,1867.7516531944275,,,,0.005877666499795757,0.0026916266991677674,0.0,0.03181529969752651,0.0058731567163289086
754,0.0,lbfgs,6454,1870.7923367023468,,,,0.005869339639335639,0.0026914809858586465,0.0,0.03173893468354967,0.005865374501508312
755,0.0,lbfgs,6455,1873.7830135822296,,,,0.005859427228187377,0.0026891698296792055,0.0,0.03166431839382144,0.0058556017162448605
756,0.0,lbfgs,6456,1876.8255767822266,,,,0.005849123115851991,0.0026823668746550496,0.0,0.03161924306620268,0.005844291228391661
757,0.0,lbfgs,6457,1880.0132639408112,,,,0.0058355665653362,0.002666323430206725,0.0,0.031648329957940216,0.005831156473160433
758,0.0,lbfgs,6458,1883.0369334220886,,,,0.0058304850007763935,0.0026640140845775725,0.0,0.0316185950209468,0.0058258736337876305
759,0.0,lbfgs,6459,1885.580007314682,,,,0.005825719214631507,0.002662371706229295,0.0,0.03158278017674218,0.005820649770965523
760,0.0,lbfgs,6460,1888.6751916408539,,,,0.00582057323697505,0.002664527238438335,0.0,0.03150586182332336,0.005815113467718063
761,0.0,lbfgs,6461,1891.5032596588135,,,,0.005814848203171626,0.002666314555435672,0.0,0.03143534279836728,0.005809848882114711
762,0.0,lbfgs,6462,1894.8650319576263,,,,0.005809868654583502,0.0026682652703583823,0.0,0.03136925487638502,0.005805190804740717
763,0.0,lbfgs,6463,1898.0376420021057,,,,0.0058046494836215615,0.0026735943806177774,0.0,0.03127576118052883,0.005801170545275176
764,0.0,lbfgs,6464,1903.0974876880646,,,,0.005801850160642946,0.002668251698743841,0.0,0.031297530023085836,0.005798004747689378
765,0.0,lbfgs,6465,1906.2771155834198,,,,0.005798526969975959,0.0026659686623606697,0.0,0.03128771404660872,0.005794740113643868
766,0.0,lbfgs,6466,1909.3080053329468,,,,0.0057906464665283,0.002659725172135505,0.0,0.031269391028245504,0.005786664321555079
767,0.0,lbfgs,6467,1912.4511013031006,,,,0.00578365651486841,0.0026545306489146906,0.0,0.031234567104287216,0.005777987405886544
768,0.0,lbfgs,6468,1917.4131038188934,,,,0.005779251485702078,0.0026492165727657075,0.0,0.03124041669274939,0.005773258288592495
769,0.0,lbfgs,6469,1920.453866481781,,,,0.005772560765200387,0.0026485361028734775,0.0,0.031172682749223975,0.005765804424246792
770,0.0,lbfgs,6470,1923.579838514328,,,,0.0057678110952768934,0.00264729860531951,0.0,0.031152945255504348,0.0057625931772914505
771,0.0,lbfgs,6471,1926.52002286911,,,,0.005763273806250142,0.0026477953687111823,0.0,0.0311274383490671,0.00576053925000139
772,0.0,lbfgs,6472,1929.4266066551208,,,,0.005759638392523405,0.0026464139610580927,0.0,0.031134928921834892,0.005759906899636241
773,0.0,lbfgs,6473,1932.631731748581,,,,0.005756229044142096,0.0026482413591398675,0.0,0.031107594186965046,0.0057590008241903
774,0.0,lbfgs,6474,1935.6738777160645,,,,0.005752049501298193,0.0026458176097467544,0.0,0.031104615480805422,0.005756279204176785
775,0.0,lbfgs,6475,1938.7520458698273,,,,0.00574753750083312,0.002645651484073855,0.0,0.031053119678473316,0.0057509634981939405
776,0.0,lbfgs,6476,1943.7517170906067,,,,0.00574493398859467,0.0026470075698458175,0.0,0.031029103912770636,0.0057499180073598485
777,0.0,lbfgs,6477,1946.8594472408295,,,,0.005736885210772781,0.0026448828791233695,0.0,0.030965511316135185,0.005741434056879095
778,0.0,lbfgs,6478,1949.848087310791,,,,0.005729542981650839,0.00264405909876971,0.0,0.030880617085767587,0.005732120853362175
779,0.0,lbfgs,6479,1952.8988182544708,,,,0.005715619022066543,0.002641644115895032,0.0,0.030757853311616318,0.005717429492889437
780,0.0,lbfgs,6480,1955.9350235462189,,,,0.005704488776937255,0.0026378369347350205,0.0,0.030682200308039014,0.005706057011258963
781,0.0,lbfgs,6481,1958.9180817604065,,,,0.0056954381702585535,0.0026364404309452373,0.0,0.030610922713822767,0.005697532747941343
782,0.0,lbfgs,6482,1961.9259622097015,,,,0.005680052320558135,0.002632659950827021,0.0,0.03049927831628188,0.0056825878279026755
783,0.0,lbfgs,6483,1966.8140890598297,,,,0.00567624978431088,0.002634905261608876,0.0,0.030437762264609432,0.005678681533425619
784,0.0,lbfgs,6484,1969.7362325191498,,,,0.005657202851108924,0.0026287445766054666,0.0,0.030272749480840917,0.00565601956979947
785,0.0,lbfgs,6485,1972.7901420593262,,,,0.005641682154188073,0.002618674428046153,0.0,0.030191825866614216,0.0056378570596969015
786,0.0,lbfgs,6486,1975.8284015655518,,,,0.005625059438051616,0.002613200427249691,0.0,0.030037155514002593,0.0056169160234088
787,0.0,lbfgs,6487,1978.8800432682037,,,,0.005614406424354762,0.002605866827659051,0.0,0.030003007316482224,0.0056061676040152384
788,0.0,lbfgs,6488,1981.9563801288605,,,,0.005605598314642562,0.00260241073874597,0.0,0.029954188406127857,0.005597829623993975
789,0.0,lbfgs,6489,1985.0521037578583,,,,0.005597263909589626,0.0025981101167482515,0.0,0.029921884213421766,0.00559029858267751
790,0.0,lbfgs,6490,1988.0603737831116,,,,0.005594421051255287,0.00259852649748965,0.0,0.029890754034764037,0.005587601945506749
791,0.0,lbfgs,6491,1990.1266469955444,,,,0.005591599148907708,0.0025994976101173465,0.0,0.029864800361569074,0.005585977690776274
792,0.0,lbfgs,6492,1993.6414206027985,,,,0.005589891219153351,0.0025963302466795912,0.0,0.029873196132196727,0.005583649904413795
793,0.0,lbfgs,6493,1995.836103439331,,,,0.005584767491294365,0.0025969371870915507,0.0,0.02984167046045808,0.005581104277604913
794,0.0,lbfgs,6494,1997.9348182678223,,,,0.005580681623902366,0.0025984739875178743,0.0,0.029782858574310483,0.00557675988932884
795,0.0,lbfgs,6495,2000.021019935608,,,,0.005575792999100592,0.00259823891432565,0.0,0.0297634293677173,0.005574581895448346
796,0.0,lbfgs,6496,2003.7299275398254,,,,0.0055695652992848515,0.002598136536924603,0.0,0.02971343787973828,0.005569480369174904
797,0.0,lbfgs,6497,2005.9056503772736,,,,0.005562383947976887,0.002598113299762112,0.0,0.029610991174794557,0.0055592124613653825
798,0.0,lbfgs,6498,2007.9442975521088,,,,0.005552918275805378,0.002594574343920067,0.0,0.029508443435617263,0.005545418731452801
799,0.0,lbfgs,6499,2009.5166509151459,,,,0.005547593516007631,0.002591833127977828,0.0,0.029483830230228363,0.005540216194934995
800,0.0,lbfgs,6500,2011.9031405448914,,,,0.005540110642686124,0.0025825996989093597,0.0,0.02953683275177656,0.005536283018100326
