epoch,lr,stage,step,time,train_data,train_ic,train_phys,train_total,val_data,val_ic,val_phys,val_total
0,0.001,adam,20,39.58044099807739,0.030161373818253862,0.0,0.4181793104387199,0.4483406842569738,0.024732616851617466,0.0,0.28119356151132086,0.30592617836293834
1,0.001,adam,40,41.22034573554993,0.022416907631681006,0.0,0.26797974811995845,0.29039665575163953,0.018817044031414855,0.0,0.23434529195045525,0.2531623359818701
2,0.001,adam,60,42.04846215248108,0.018175908252806464,0.0,0.23593481014916756,0.2541107184019741,0.01655716807477621,0.0,0.20891010477141272,0.22546727284618895
3,0.001,adam,80,42.895620584487915,0.017390240146218226,0.0,0.2057954276811194,0.22318566782733762,0.016381945217816822,0.0,0.18533973880885782,0.20172168402667465
4,0.001,adam,100,43.73123645782471,0.016428317192626635,0.0,0.18815281399408473,0.20458113118671134,0.015625952894507907,0.0,0.1680858686538609,0.18371182154836882
5,0.001,adam,120,44.60239863395691,0.015487712346107135,0.0,0.16882960168482117,0.18431731403092833,0.014431923458079117,0.0,0.1604375949525637,0.17486951841064283
6,0.001,adam,140,45.453861236572266,0.014035297189557563,0.0,0.15071154169600837,0.1647468388855659,0.012868460998081468,0.0,0.13714024945163783,0.1500087104497193
7,0.001,adam,160,46.24948477745056,0.012648951540137624,0.0,0.1427882708761314,0.15543722241626898,0.011814328798136452,0.0,0.12457130988282536,0.13638563868096182
8,0.001,adam,180,47.064828634262085,0.01181663843249213,0.0,0.13454941672428858,0.14636605515678064,0.011240503270465945,0.0,0.11867172393655065,0.1299122272070166
9,0.001,adam,200,47.910744190216064,0.01134570345911135,0.0,0.12296991630928497,0.13431561976839632,0.010917458145485545,0.0,0.11169142094881376,0.12260887909429931
10,0.001,adam,220,48.76275181770325,0.011042924466625567,0.0,0.11773679231490249,0.12877971678152803,0.010696378916442558,0.0,0.10683267719248936,0.11752905610893191
11,0.001,adam,240,49.61479163169861,0.010824595520989976,0.0,0.10800922105074554,0.11883381657173549,0.010617445532376635,0.0,0.10167942494917642,0.11229687048155305
12,0.001,adam,260,50.42295527458191,0.010564118240420105,0.0,0.147872155709577,0.1584362739499971,0.010288305756690245,0.0,0.09407419834306062,0.10436250409975087
13,0.001,adam,280,51.260842084884644,0.010363180193484511,0.0,0.09308999189360948,0.103453172087094,0.010114219897847295,0.0,0.09333911310299452,0.10345333300084181
14,0.001,adam,300,52.13037157058716,0.010176929161690676,0.0,0.14176912156871796,0.15194605073040865,0.009933185291839494,0.0,0.08861368305986793,0.09854686835170742
15,0.001,adam,320,52.92823815345764,0.00986181327817291,0.0,0.09075420290002506,0.10061601617819796,0.009395283238354339,0.0,0.08120785288665609,0.09060313612501043
16,0.001,adam,340,53.79242825508118,0.009500147605951425,0.0,0.11954539509009295,0.12904554269604437,0.009216751838559302,0.0,0.0762561087641191,0.0854728606026784
17,0.001,adam,360,54.65464210510254,0.009329865273071817,0.0,0.08058246550961007,0.08991233078268188,0.008887240617884129,0.0,0.07151820311587045,0.08040544373375458
18,0.001,adam,380,55.523133754730225,0.009077194560754967,0.0,0.08064412928831102,0.08972132384906599,0.008746265914087005,0.0,0.0677129366079922,0.0764592025220792
19,0.001,adam,400,56.37761354446411,0.008662541758918547,0.0,0.06893134808974391,0.07759388984866247,0.008275092815479433,0.0,0.06423661894873767,0.0725117117642171
20,0.001,adam,420,57.20830988883972,0.008493758642528292,0.0,0.06664044894107385,0.07513420758360215,0.008120175214136379,0.0,0.05990627412475924,0.06802644933889562
21,0.001,adam,440,58.03216290473938,0.008177435024442754,0.0,0.061838336297260744,0.07001577132170353,0.007858631551329456,0.0,0.054716381554758664,0.06257501310608812
22,0.001,adam,460,58.86908030509949,0.00791833915138231,0.0,0.05884594576095492,0.06676428491233721,0.007555755545436107,0.0,0.050622296126737895,0.058178051672174005
23,0.001,adam,480,59.7065749168396,0.007596930353737959,0.0,0.05646144408774838,0.06405837444148633,0.007384602968266499,0.0,0.04874068521235263,0.056125288180619126
24,0.001,adam,500,60.55525755882263,0.0074531912015090036,0.0,0.057882422550731075,0.06533561375224006,0.007188072155598691,0.0,0.04552704021031441,0.0527151123659131
25,0.001,adam,520,61.37910795211792,0.007124606962740225,0.0,0.050767577691553344,0.05789218465429358,0.006917554486651829,0.0,0.053458180488968256,0.060375734975620085
26,0.001,adam,540,62.20699715614319,0.0069015507174671874,0.0,0.046469039056792255,0.053370589774259444,0.00660379100958517,0.0,0.0406304450903049,0.04723423609989007
27,0.001,adam,560,63.06285262107849,0.006650498149641767,0.0,0.04239756234982833,0.04904806049947011,0.0065040712122908136,0.0,0.04035211172687333,0.046856182939164145
28,0.001,adam,580,63.925084829330444,0.006486685725167971,0.0,0.04934135341011823,0.05582803913528619,0.006347769099288228,0.0,0.05100085069976697,0.057348619799055194
29,0.001,adam,600,64.74799513816833,0.0063330325173080095,0.0,0.039748549117545356,0.046081581634853375,0.006192735190191582,0.0,0.03808515287960051,0.04427788806979209
30,0.001,adam,620,65.59322738647461,0.006096280920090657,0.0,0.07573249567885948,0.08182877659895013,0.0058092262114202145,0.0,0.036983259151059225,0.04279248536247944
31,0.001,adam,640,66.47100710868835,0.005950129735188899,0.0,0.04431298417343309,0.05026311390862198,0.005751668605205011,0.0,0.05182335291364709,0.057575021518852104
32,0.001,adam,660,67.26687121391296,0.005750009395780057,0.0,0.04081914327773281,0.046569152673512866,0.00561453881769219,0.0,0.040141662973806204,0.04575620179149839
33,0.001,adam,680,68.10509133338928,0.005606708192381121,0.0,0.03425023948415763,0.03985694767653875,0.005454700237386777,0.0,0.033524636965169795,0.03897933720255657
34,0.001,adam,700,68.9602701663971,0.005516706906223365,0.0,0.033306311490025046,0.03882301839624841,0.005367983488528191,0.0,0.02969169161130104,0.035059675099829234
35,0.001,adam,720,69.74804782867432,0.005397923664834807,0.0,0.03284142662916653,0.038239350294001336,0.00521812985806278,0.0,0.03604270453176648,0.04126083438982926
36,0.001,adam,740,70.60154509544373,0.005296892636732607,0.0,0.03845062691864125,0.04374751955537386,0.005334938216614368,0.0,0.07509784556882532,0.08043278378543968
37,0.001,adam,760,71.49225902557373,0.005170258718261915,0.0,0.03682552443891962,0.041995783157181533,0.005024121772764636,0.0,0.02599343899188821,0.031017560764652848
38,0.001,adam,780,72.32955622673035,0.005081864144449147,0.0,0.026384384412327343,0.03146624855677649,0.004976308191280244,0.0,0.025400266208423516,0.03037657439970376
39,0.001,adam,800,73.08844089508057,0.005037877293880544,0.0,0.02589718437117708,0.030935061665057623,0.004860982932088796,0.0,0.02680512449947508,0.031666107431563874
40,0.001,adam,820,74.02660274505615,0.004918689577006205,0.0,0.025942713424324533,0.03086140300133074,0.004835945846199232,0.0,0.032479818970744666,0.037315764816943896
41,0.001,adam,840,74.95597743988037,0.004886225362884588,0.0,0.0415231494346682,0.04640937479755279,0.004710053361985953,0.0,0.023341591323731453,0.028051644685717407
42,0.001,adam,860,75.73712253570557,0.004739431539515506,0.0,0.026641353255727494,0.031380784795243005,0.0046848142107798595,0.0,0.0228258098227344,0.027510624033514258
43,0.001,adam,880,76.67465496063232,0.004656916111380096,0.0,0.023750453716056275,0.028407369827436375,0.004616791538874766,0.0,0.02177359323781157,0.026390384776686336
44,0.001,adam,900,77.39303088188171,0.004637515300909044,0.0,0.023180221121691935,0.027817736422600985,0.004552336048474861,0.0,0.024374597889633854,0.028926933938108714
45,0.001,adam,920,78.24946618080139,0.004615203236241321,0.0,0.025509263849109055,0.03012446708535037,0.004538842321405976,0.0,0.028027226590033934,0.03256606891143991
46,0.001,adam,940,79.09640383720398,0.004487558234120692,0.0,0.02364312509793424,0.028130683332054936,0.0044230702150061104,0.0,0.02562124038370604,0.03004431059871215
47,0.001,adam,960,79.9705114364624,0.004452640143590055,0.0,0.026615647723026457,0.03106828786661652,0.004424142695160083,0.0,0.02543323862027261,0.029857381315432696
48,0.001,adam,980,80.83887004852295,0.004423817419868194,0.0,0.021152932939000953,0.025576750358869155,0.004367811256113083,0.0,0.018195220011108897,0.022563031267221978
49,0.001,adam,1000,81.71377229690552,0.004376590605198859,0.0,0.025009748987353263,0.029386339592552123,0.004400039714548678,0.0,0.025218646426825406,0.029618686141374084
50,0.001,adam,1020,82.51466131210327,0.0043806538204050425,0.0,0.022502892285598316,0.026883546106003364,0.004271717763793341,0.0,0.01778322922673446,0.022054946990527798
51,0.001,adam,1040,83.35940146446228,0.004306755152044681,0.0,0.018916976215884895,0.02322373136792957,0.004234109473232477,0.0,0.01763740846512487,0.021871517938357347
52,0.001,adam,1060,84.26900672912598,0.0042379371256964365,0.0,0.022575397482559774,0.026813334608256217,0.0041812898590448695,0.0,0.02029076260113322,0.02447205246017809
53,0.001,adam,1080,85.15663886070251,0.004195379172712591,0.0,0.019780107488037345,0.023975486660749938,0.004161368332172173,0.0,0.02059850650985873,0.024759874842030904
54,0.001,adam,1100,86.0843768119812,0.004144791796610093,0.0,0.01945279590137984,0.023597587697989936,0.004120937514392655,0.0,0.018368852119846873,0.02248978963423953
55,0.001,adam,1120,87.00754404067993,0.004137389585579031,0.0,0.017624928513107062,0.021762318098686093,0.0040921882339287246,0.0,0.023388086956896814,0.027480275190825538
56,0.001,adam,1140,87.91268253326416,0.004086103336243611,0.0,0.02262367428125915,0.02670977761750276,0.004067598066112541,0.0,0.015379789762502804,0.019447387828615346
57,0.001,adam,1160,88.73333978652954,0.004062303967430911,0.0,0.020227387918972557,0.02428969188640347,0.0040361303100885796,0.0,0.015433135262996237,0.019469265573084815
58,0.001,adam,1180,89.71268153190613,0.004063032623463022,0.0,0.025440198941788887,0.02950323156525191,0.003999109193417882,0.0,0.01878416233688882,0.022783271530306702
59,0.001,adam,1200,90.7334041595459,0.0039802998245707915,0.0,0.016357918892653985,0.020338218717224778,0.003979641068817855,0.0,0.014090567844903751,0.018070208913721606
60,0.001,adam,1220,91.60849523544312,0.0039868710886351785,0.0,0.013939721861463191,0.01792659295009837,0.003931444531450203,0.0,0.013999262774684416,0.017930707306134618
61,0.001,adam,1240,92.40313792228699,0.003960496643946791,0.0,0.05113671501413923,0.05509721165808602,0.003933892588208855,0.0,0.015971815805650352,0.019905708393859207
62,0.001,adam,1260,93.33861637115479,0.003935131451442647,0.0,0.017267187552899552,0.021202319004342197,0.003859397206968873,0.0,0.012812001008399363,0.016671398215368234
63,0.001,adam,1280,94.26564311981201,0.0039505203089231404,0.0,0.0161038026033531,0.020054322912276244,0.003830671632218068,0.0,0.012686060983224109,0.016516732615442176
64,0.001,adam,1300,95.12801194190979,0.003817496139541938,0.0,0.01764579696375226,0.021463293103294194,0.0038147058129422576,0.0,0.014404683198857262,0.01821938901179952
65,0.001,adam,1320,96.09028744697571,0.0038015243762737024,0.0,0.016209326243267576,0.020010850619541286,0.00375964562770682,0.0,0.01380019268131169,0.01755983830901851
66,0.001,adam,1340,96.92348504066467,0.0038343961220028595,0.0,0.014456294982174244,0.018290691104177106,0.003764338973049017,0.0,0.01257439875446045,0.01633873772750947
67,0.001,adam,1360,97.83020663261414,0.00386482554839215,0.0,0.01191017900381801,0.015775004552210158,0.0037308242066099537,0.0,0.012908137556846498,0.01663896176345645
68,0.001,adam,1380,98.75645351409912,0.0038758487496677865,0.0,0.04148068948176794,0.04535653823143573,0.003772001565315411,0.0,0.015485482112670064,0.019257483677985476
69,0.001,adam,1400,99.66933536529541,0.0037159505762765907,0.0,0.015531170123200534,0.019247120699477125,0.0036911541262999344,0.0,0.013123519330126973,0.016814673456426905
70,0.001,adam,1420,100.4630115032196,0.003710003398400806,0.0,0.011844946777599733,0.015554950176000542,0.003643232203541028,0.0,0.01134226421082768,0.014985496414368707
71,0.001,adam,1440,101.35330986976624,0.003661324102042953,0.0,0.0115056898828499,0.015167013984892851,0.003618684054227426,0.0,0.010805421705630681,0.014424105759858107
72,0.001,adam,1460,102.12715601921082,0.0036315024510373286,0.0,0.011897387806345378,0.015528890257382716,0.0035857269808404766,0.0,0.011960017153358234,0.015545744134198711
73,0.001,adam,1480,102.92704129219055,0.003621137412550656,0.0,0.01153796287361034,0.015159100286160992,0.003606867430119017,0.0,0.010649028590260293,0.01425589602037931
74,0.001,adam,1500,103.83120107650757,0.0036252513409589203,0.0,0.015317983930239632,0.01894323527119855,0.0035685697648873403,0.0,0.015258689457368803,0.018827259222256143
75,0.001,adam,1520,104.73526406288147,0.0036394082957611233,0.0,0.01376231386807535,0.01740172216383647,0.00359435457369031,0.0,0.015113805717620728,0.01870816029131104
76,0.001,adam,1540,105.57802939414978,0.003590922787678643,0.0,0.016368300039624414,0.019959222827303055,0.003549244773756913,0.0,0.012251785647481741,0.015801030421238656
77,0.001,adam,1560,106.38096451759338,0.0035526758569615867,0.0,0.04050338053607873,0.044056056393040326,0.0035470988270175936,0.0,0.009961290270942556,0.01350838909796015
78,0.001,adam,1580,107.34092044830322,0.0035148512778196196,0.0,0.01257083740151077,0.016085688679330395,0.003538350110806727,0.0,0.010918324816924218,0.014456674927730945
79,0.001,adam,1600,108.25146722793579,0.0034988264673946126,0.0,0.018230595937717343,0.02172942240511196,0.003478793984491661,0.0,0.014854854940653764,0.018333648925145427
80,0.001,adam,1620,109.05537056922913,0.003474660924471031,0.0,0.01258309120995254,0.01605775213442357,0.0034631814393665727,0.0,0.009117949825270966,0.01258113126463754
81,0.001,adam,1640,109.93079924583435,0.003455397853206235,0.0,0.012169301935611282,0.015624699788817514,0.0034491051516385637,0.0,0.011571736923335362,0.015020842074973926
82,0.001,adam,1660,110.77074837684631,0.003422600429872402,0.0,0.014422619146381082,0.017845219576253485,0.0034399626937344804,0.0,0.011737723315142265,0.015177686008876746
83,0.001,adam,1680,111.60355067253113,0.00340435148542503,0.0,0.010125544870608329,0.013529896356033355,0.0033838476586327006,0.0,0.008810372169151919,0.01219421982778462
84,0.001,adam,1700,112.45515537261963,0.0033853646756579563,0.0,0.013979050440594668,0.017364415116252627,0.00339099583094237,0.0,0.017793610090038034,0.021184605920980405
85,0.001,adam,1720,113.2885890007019,0.003377692384871516,0.0,0.011918619980815452,0.01529631236568697,0.003364147707182333,0.0,0.009627234356003291,0.012991382063185624
86,0.001,adam,1740,114.12994956970215,0.0033690669463915792,0.0,0.009164597409599441,0.01253366435599102,0.0033288904762590506,0.0,0.00844000718252274,0.01176889765878179
87,0.001,adam,1760,114.93048334121704,0.0033358426814756184,0.0,0.042401919621882,0.04573776230335762,0.0033215119125018845,0.0,0.012621882666706136,0.01594339457920802
88,0.001,adam,1780,115.73882699012756,0.003324212857447671,0.0,0.03701043892475144,0.04033465178219912,0.0033611872412123325,0.0,0.009432808372954916,0.012793995614167249
89,0.001,adam,1800,116.57422423362732,0.0033292132520800167,0.0,0.012063539886113592,0.01539275313819361,0.003285349403118012,0.0,0.008073745918863279,0.011359095321981292
90,0.001,adam,1820,117.39409875869751,0.003291014069277358,0.0,0.010040278249598949,0.013331292318876305,0.003261312674640429,0.0,0.007908756000497069,0.011170068675137498
91,0.001,adam,1840,118.28241491317749,0.0032792656709813633,0.0,0.03979767578491068,0.04307694145589204,0.0032430173749275967,0.0,0.015951326434301864,0.01919434380922946
92,0.001,adam,1860,119.21870613098145,0.0032616957262060833,0.0,0.015677555763176993,0.018939251489383076,0.0032302035117894915,0.0,0.01371291702815056,0.01694312053994005
93,0.001,adam,1880,120.09321308135986,0.0032208409115183677,0.0,0.012946840967533619,0.016167681879051987,0.003240080289895832,0.0,0.011320818726404207,0.01456089901630004
94,0.001,adam,1900,120.92973351478577,0.003241070782048292,0.0,0.008579450454822845,0.011820521236871136,0.003207081091135025,0.0,0.007972934258982838,0.011180015350117863
95,0.001,adam,1920,121.83749866485596,0.0031881153482263974,0.0,0.008387725751522144,0.011575841099748536,0.0031876263899582973,0.0,0.00767068527212991,0.010858311662088206
96,0.001,adam,1940,122.71767354011536,0.0032108509384965673,0.0,0.007808951956744745,0.01101980289524131,0.0031751508767904127,0.0,0.00805205004258231,0.011227200919372723
97,0.001,adam,1960,123.53089618682861,0.003172007526297568,0.0,0.013572826228366395,0.01674483375466396,0.003142346519132049,0.0,0.009131915647336012,0.012274262166468061
98,0.001,adam,1980,124.31734895706177,0.00317950005844334,0.0,0.010517850614101841,0.01369735067254518,0.003123655714518083,0.0,0.008795670232193567,0.01191932594671165
99,0.001,adam,2000,125.1703851222992,0.0031066383247987267,0.0,0.00844681983862912,0.011553458163427847,0.0031025311537916473,0.0,0.006973036769083511,0.010075567922875159
100,0.001,adam,2020,125.88373732566833,0.003143945878866823,0.0,0.00898368272901548,0.012127628607882303,0.003096562489398615,0.0,0.009325539403914533,0.012422101893313147
101,0.001,adam,2040,126.80907559394836,0.00309194789294201,0.0,0.013325773153730649,0.016417721046672662,0.0031371335446786757,0.0,0.014931723544283602,0.018068857088962276
102,0.001,adam,2060,127.73180747032166,0.003093240023483242,0.0,0.012744211259614748,0.01583745128309799,0.0030350384143525448,0.0,0.009280493753993087,0.012315532168345633
103,0.001,adam,2080,128.5176877975464,0.0030483525039677888,0.0,0.0077762685014754265,0.010824621005443213,0.003021135830838748,0.0,0.006953249809984243,0.00997438564082299
104,0.001,adam,2100,129.33689212799072,0.00301116996968434,0.0,0.00865562989422796,0.011666799863912301,0.0030058519033260836,0.0,0.007139565428334015,0.010145417331660099
105,0.001,adam,2120,130.19518947601318,0.0030445125951726547,0.0,0.03876937619621249,0.04181388879138515,0.0029979365665041583,0.0,0.006303880596808877,0.009301817163313035
106,0.001,adam,2140,131.02951312065125,0.0030023702337231752,0.0,0.0073206379442972615,0.01032300817802044,0.0029987838090471996,0.0,0.01036150429332738,0.013360288102374579
107,0.001,adam,2160,131.90084624290466,0.0030165194146053093,0.0,0.01749702396862904,0.020513543383234346,0.002973797469881757,0.0,0.007441535585695401,0.010415333055577158
108,0.001,adam,2180,132.7944254875183,0.0029865494498623776,0.0,0.00830466077895614,0.011291210228818519,0.0029651410504073395,0.0,0.006397894582952098,0.009363035633359438
109,0.001,adam,2200,133.72981476783752,0.0029728586552032208,0.0,0.007476009917777446,0.010448868572980672,0.002949974726091602,0.0,0.008214117657856892,0.011164092383948495
110,0.001,adam,2220,134.62953305244446,0.002949886259853069,0.0,0.007305076120613298,0.010254962380466366,0.0029289450356448123,0.0,0.007801355321469378,0.01073030035711419
111,0.001,adam,2240,135.4825165271759,0.0029270141184602407,0.0,0.008585387987137816,0.011512402105598056,0.002903366605441748,0.0,0.007832915834578855,0.010736282440020603
112,0.001,adam,2260,136.3624713420868,0.0029034995907797163,0.0,0.00790513143781816,0.010808631028597875,0.0028975363395906347,0.0,0.006470053573268639,0.009367589912859273
113,0.001,adam,2280,137.27050971984863,0.002909539334728172,0.0,0.007353363883891082,0.010262903218619253,0.0028893437928178946,0.0,0.007370921061818596,0.010260264854636492
114,0.001,adam,2300,138.13488030433655,0.0028911108151731283,0.0,0.013918488940385384,0.01680959975555851,0.002875943737315835,0.0,0.011928954078339833,0.014804897815655669
115,0.001,adam,2320,138.92774200439453,0.0028767636264202283,0.0,0.01039401312138187,0.0132707767478021,0.002841128748251704,0.0,0.006838236826299135,0.00967936557455084
116,0.001,adam,2340,139.8257908821106,0.002878211109126035,0.0,0.006716273752159921,0.009594484861285956,0.0028351938702918756,0.0,0.007735547895088004,0.010570741765379879
117,0.001,adam,2360,140.67846417427063,0.002909254168437832,0.0,0.0105109600252618,0.013420214193699629,0.002836692833174194,0.0,0.00868668470032048,0.011523377533494675
118,0.001,adam,2380,141.60766553878784,0.002831140541073534,0.0,0.006615743232388798,0.009446883773462332,0.0028233239690338115,0.0,0.006484377076933067,0.009307701045966878
119,0.001,adam,2400,142.47436475753784,0.0028330226014737126,0.0,0.00706856410667568,0.009901586708149392,0.0028067669301076806,0.0,0.0056902235490116585,0.008496990479119339
120,0.001,adam,2420,143.37202954292297,0.0028030942483867017,0.0,0.006271529966779285,0.009074624215165987,0.0027692291192576283,0.0,0.007344747399917921,0.01011397651917555
121,0.001,adam,2440,144.30364346504211,0.0027929388958196797,0.0,0.008519651962279905,0.011312590858099585,0.002765499629032221,0.0,0.005970193384188948,0.00873569301322117
122,0.001,adam,2460,145.13687944412231,0.0027818028772488373,0.0,0.014210397253523608,0.01699220013077245,0.002820718378857466,0.0,0.009192023308863491,0.012012741687720957
123,0.001,adam,2480,145.97148036956787,0.0027484902459877295,0.0,0.008156958322775904,0.010905448568763628,0.0027272048174350324,0.0,0.0062775260612840484,0.00900473087871908
124,0.001,adam,2500,146.7957513332367,0.0027838720546541585,0.0,0.006877542614190322,0.009661414668844482,0.0027287957083953584,0.0,0.00571973646874057,0.008448532177135929
125,0.001,adam,2520,147.7354462146759,0.002776764798058353,0.0,0.02845625766389656,0.03123302246195491,0.002805076478809724,0.0,0.006707071952557075,0.0095121484313668
126,0.001,adam,2540,148.68319010734558,0.002779319890353903,0.0,0.007736790645046118,0.010516110535400023,0.0027490275143064588,0.0,0.007746332959757234,0.010495360474063693
127,0.001,adam,2560,149.58262372016907,0.0027877496011179024,0.0,0.017596067077929434,0.020383816679047338,0.002753261558325013,0.0,0.01272196598713937,0.015475227545464383
128,0.001,adam,2580,150.31712746620178,0.002745101241983394,0.0,0.010521266732638522,0.013266367974621917,0.002713273969988339,0.0,0.006669965799663147,0.009383239769651486
129,0.001,adam,2600,151.0994725227356,0.002720989990464707,0.0,0.006778730865041128,0.009499720855505836,0.002694970671034347,0.0,0.006330623879913314,0.00902559455094766
130,0.001,adam,2620,151.94983506202698,0.0026846169937497716,0.0,0.006275338131363909,0.008959955125113684,0.002673634806789285,0.0,0.006254915972532703,0.008928550779321988
131,0.001,adam,2640,152.8893494606018,0.002659552950464983,0.0,0.00600873430942941,0.008668287259894391,0.0026632228097360697,0.0,0.005666479651208046,0.008329702460944116
132,0.001,adam,2660,153.72675156593323,0.002664771524827913,0.0,0.007577076013241384,0.010241847538069298,0.0026592641498673006,0.0,0.006184951235814901,0.0088442153856822
133,0.001,adam,2680,154.6600410938263,0.0026674999507755306,0.0,0.006392383037257572,0.009059882988033102,0.0026206926364639414,0.0,0.005107895140379327,0.007728587776843269
134,0.001,adam,2700,155.5063087940216,0.002685254796361927,0.0,0.0075572394562056335,0.010242494252567562,0.002632107090126764,0.0,0.008149883041635499,0.010781990131762263
135,0.001,adam,2720,156.37619853019714,0.0027459632152761703,0.0,0.025406908768114696,0.028152871983390865,0.0027275598390372412,0.0,0.006842516035153914,0.009570075874191156
136,0.001,adam,2740,157.2894992828369,0.0026765948869060825,0.0,0.005986905316805693,0.008663500203711776,0.002642274830007237,0.0,0.00811761060040314,0.010759885430410376
137,0.001,adam,2760,158.0734519958496,0.002637622837067305,0.0,0.007227062556892901,0.009864685393960205,0.0026349362736637614,0.0,0.00610898935844376,0.008743925632107522
138,0.001,adam,2780,158.93202877044678,0.002614607711296595,0.0,0.005876579601874958,0.008491187313171552,0.002612361890021851,0.0,0.006323777578783374,0.008936139468805225
139,0.001,adam,2800,159.87142372131348,0.002733866351818542,0.0,0.03497628672255221,0.03771015307437074,0.0026453358884916504,0.0,0.011477838683958873,0.014123174572450523
140,0.001,adam,2820,160.69290041923523,0.0026146846538732576,0.0,0.010993974251522345,0.013608658905395605,0.0025789259662883633,0.0,0.006239591037268292,0.008818517003556655
141,0.001,adam,2840,161.60281014442444,0.002596965337712637,0.0,0.006655854003781261,0.009252819341493898,0.002546828486786125,0.0,0.005434988387858985,0.00798181687464511
142,0.001,adam,2860,162.49063539505005,0.0025457467111398985,0.0,0.006764328506767366,0.009310075217907263,0.002541757253128248,0.0,0.005232525922638312,0.00777428317576656
143,0.001,adam,2880,163.2550265789032,0.0025444896387482917,0.0,0.006213765392271459,0.00875825503101975,0.0025252831440069384,0.0,0.00670479672764841,0.009230079871655349
144,0.001,adam,2900,164.07290863990784,0.002534675172874329,0.0,0.005722425542980415,0.008257100715854743,0.002526117141791083,0.0,0.005009563125306378,0.007535680267097461
145,0.001,adam,2920,164.88522171974182,0.002535660129252891,0.0,0.006223301997927292,0.00875896212718018,0.002519584066019028,0.0,0.005890805538193479,0.008410389604212507
146,0.001,adam,2940,165.70714449882507,0.0026107196940232456,0.0,0.006784448336088387,0.009395168030111633,0.0024885970375903036,0.0,0.006983461041707178,0.009472058079297482
147,0.001,adam,2960,166.5301742553711,0.002520785867076637,0.0,0.005568439199822016,0.008089225066898655,0.0024923444094890413,0.0,0.004887053183605664,0.0073793975930947055
148,0.001,adam,2980,167.263103723526,0.002502852808583825,0.0,0.005049365939379285,0.007552218747963112,0.002483649756838188,0.0,0.00429256335249394,0.006776213109332128
149,0.001,adam,3000,168.1512749195099,0.002496657884754166,0.0,0.0050625578575036155,0.007559215742257782,0.002474110764291558,0.0,0.004666891073528294,0.007141001837819852
150,0.001,adam,3020,169.02636432647705,0.0024910454535253214,0.0,0.00639964973020776,0.008890695183733083,0.002475362472363587,0.0,0.006524630209942826,0.008999992682306413
151,0.001,adam,3040,169.88079929351807,0.002470918163218112,0.0,0.006316235627508833,0.008787153790726945,0.0024509360323457957,0.0,0.005280289835391683,0.007731225867737479
152,0.001,adam,3060,170.75496339797974,0.0024588830043472004,0.0,0.005867745083205882,0.008326628087553082,0.00244136111225507,0.0,0.006696491682226109,0.009137852794481179
153,0.001,adam,3080,171.614098072052,0.0024721667060124105,0.0,0.007044356507587102,0.00951652321359951,0.002463389115569459,0.0,0.014796731779706165,0.017260120895275625
154,0.001,adam,3100,172.54338884353638,0.0024567921144290888,0.0,0.010553982441130969,0.013010774555560054,0.002419248603363945,0.0,0.006259320664671646,0.00867856926803559
155,0.001,adam,3120,173.44573283195496,0.002454514116457599,0.0,0.010911615156977984,0.013366129273435584,0.0024235414328693367,0.0,0.005479901890798095,0.007903443323667431
156,0.001,adam,3140,174.22708702087402,0.0024440106150911195,0.0,0.007021523934267743,0.009465534549358863,0.0023872642990434663,0.0,0.005600084113922451,0.007987348412965917
157,0.001,adam,3160,175.14185094833374,0.0024006442724086876,0.0,0.006125407692538844,0.008526051964947533,0.002368826439053673,0.0,0.00618444868763829,0.008553275126691962
158,0.001,adam,3180,176.03013467788696,0.002412353079020308,0.0,0.004829132985911099,0.007241486064931408,0.0023771697528534416,0.0,0.0041577100780287235,0.0065348798308821655
159,0.001,adam,3200,176.87672019004822,0.0023836228613126195,0.0,0.0045578403281655135,0.006941463189478134,0.00236340445207895,0.0,0.00432875466265873,0.00669215911473768
160,0.001,adam,3220,177.74677753448486,0.0023832801686851724,0.0,0.005291211187913347,0.007674491356598516,0.002360599342374598,0.0,0.004095054586687702,0.0064556539290623
161,0.001,adam,3240,178.61773371696472,0.0023712935551879854,0.0,0.004534925366181346,0.006906218921369332,0.0023437175157301608,0.0,0.004223956105460875,0.006567673621191036
162,0.001,adam,3260,179.4903974533081,0.0024641220257792134,0.0,0.014158277811114756,0.016622399836893974,0.0023807427117536173,0.0,0.012943655230651942,0.01532439794240556
163,0.001,adam,3280,180.43492007255554,0.0023496638392939474,0.0,0.009292398386862652,0.011642062226156597,0.002340318110198462,0.0,0.005529581624082627,0.007869899734281089
164,0.001,adam,3300,181.3332121372223,0.0023380673986840546,0.0,0.005142485740920925,0.0074805531396049795,0.0022908376041524924,0.0,0.004022878859790525,0.006313716463943017
165,0.001,adam,3320,182.16281843185425,0.0023163291695333607,0.0,0.004152767984702726,0.006469097154236087,0.0023157427355578676,0.0,0.0037660835734600277,0.006081826309017895
166,0.001,adam,3340,182.9567973613739,0.002318985709989392,0.0,0.004990384486031568,0.007309370196020959,0.0022938136070297186,0.0,0.00708908946730092,0.009382903074330639
167,0.001,adam,3360,183.77414226531982,0.0023146382742377752,0.0,0.006928768444310146,0.009243406718547922,0.002294985347706405,0.0,0.010127827042741438,0.012422812390447843
168,0.001,adam,3380,184.62782740592957,0.0023154039914554773,0.0,0.0286681184078496,0.030983522399305068,0.0022964504844969333,0.0,0.004307846883787579,0.0066042973682845126
169,0.001,adam,3400,185.46651887893677,0.002323337255138021,0.0,0.006037352255042762,0.008360689510180782,0.0022688269314393816,0.0,0.005444183811615866,0.007713010743055247
170,0.001,adam,3420,186.03550171852112,0.0023046510989891715,0.0,0.00905376708367744,0.011358418182666611,0.0022830361887588354,0.0,0.015658244148624132,0.017941280337382966
171,0.001,adam,3440,186.54607820510864,0.0022967570215057377,0.0,0.005989186935443591,0.008285943956949328,0.0022589219957507086,0.0,0.0037136500364813537,0.005972572032232062
172,0.001,adam,3460,187.05770254135132,0.0023013459499136913,0.0,0.005114369868026937,0.00741571581794063,0.0022481831522123377,0.0,0.0038591102567840934,0.006107293408996431
173,0.001,adam,3480,187.55658411979675,0.0022724098468505853,0.0,0.005150156906269006,0.007422566753119593,0.00224977090063994,0.0,0.005889146778864993,0.008138917679504934
174,0.001,adam,3500,188.09127807617188,0.0022743223392050114,0.0,0.005993679958709407,0.00826800229791442,0.002237982941167521,0.0,0.004185205830922561,0.006423188772090082
175,0.001,adam,3520,188.62678384780884,0.0022405292131035615,0.0,0.005104929144605064,0.007345458357708626,0.002227061405999351,0.0,0.004667640851283561,0.006894702257282912
176,0.001,adam,3540,189.18912172317505,0.002240430502512514,0.0,0.005172292048097014,0.007412722550609529,0.0022131477605983915,0.0,0.00422464932411169,0.006437797084710081
177,0.001,adam,3560,189.70283722877502,0.0022390917375951845,0.0,0.004214594935699742,0.006453686673294929,0.002199058816904755,0.0,0.0037419172688798485,0.005940976085784604
178,0.001,adam,3580,190.1898968219757,0.0022194216504511687,0.0,0.0077459306438229,0.009965352294274065,0.0021898125791754404,0.0,0.005521809441319888,0.007711622020495328
179,0.001,adam,3600,190.7218987941742,0.002222476889566781,0.0,0.007877951938855996,0.010100428828422776,0.002226544558600676,0.0,0.004828344695174126,0.0070548892537748015
180,0.001,adam,3620,191.30105257034302,0.0022073036687685604,0.0,0.0042417026094232445,0.006449006278191806,0.0021849362095114236,0.0,0.0036162335633184036,0.005801169772829827
181,0.001,adam,3640,191.83111381530762,0.002220482671303192,0.0,0.005727382565421937,0.00794786523672513,0.002183982119449261,0.0,0.006783734929866947,0.008967717049316207
182,0.001,adam,3660,192.3525960445404,0.0021895286941187044,0.0,0.026066479160490395,0.028256007854609105,0.0021873080425383763,0.0,0.0052620075900181515,0.007449315632556528
183,0.001,adam,3680,192.86705541610718,0.0021936266591596745,0.0,0.005264051540789586,0.007457678199949263,0.0021630879414263593,0.0,0.0037922377184547093,0.005955325659881069
184,0.001,adam,3700,193.41482710838318,0.0021949292075918603,0.0,0.0037056473090958226,0.005900576516687683,0.0021631668914713115,0.0,0.0038736555616055938,0.006036822453076905
185,0.001,adam,3720,194.01105546951294,0.002176234070671042,0.0,0.005750262595966029,0.00792649666663707,0.002172178955883229,0.0,0.009536429936176531,0.01170860889205976
186,0.001,adam,3740,194.52460980415344,0.0021881670499927595,0.0,0.0064013104003715435,0.008589477450364305,0.0021509683935085357,0.0,0.003833552453962082,0.005984520847470618
187,0.001,adam,3760,195.05082869529724,0.0021581580848041965,0.0,0.004742965017227097,0.006901123102031293,0.002132995322679177,0.0,0.005057649391966029,0.007190644714645206
188,0.001,adam,3780,195.5223307609558,0.002140960635739579,0.0,0.005565008987808163,0.007705969623547743,0.0021067225422302474,0.0,0.0035395045986572242,0.005646227140887472
189,0.001,adam,3800,196.03613448143005,0.0021147476900416494,0.0,0.004269949648182824,0.006384697338224471,0.0021085733032302316,0.0,0.0034520964323488433,0.005560669735579075
190,0.001,adam,3820,196.61057424545288,0.0021905097168079786,0.0,0.037650482010804384,0.039840991727612365,0.002149627385282868,0.0,0.01617486556378795,0.01832449294907082
191,0.001,adam,3840,197.151602268219,0.0021404398415163406,0.0,0.009033607278846683,0.011174047120363021,0.0020931066742912734,0.0,0.006365431882860532,0.008458538557151805
192,0.001,adam,3860,197.6677188873291,0.0021238528015432045,0.0,0.004542069239666843,0.006665922041210045,0.0020896347368684503,0.0,0.003914980698628161,0.006004615435496611
193,0.001,adam,3880,198.2224314212799,0.0020971958276150052,0.0,0.004375817110422545,0.006473012938037552,0.0020772921332040738,0.0,0.003604551234048452,0.005681843367252526
194,0.001,adam,3900,198.73966908454895,0.0020804416097669615,0.0,0.003784892175459028,0.005865333785225989,0.002063929055862015,0.0,0.003681274922996139,0.005745203978858154
195,0.001,adam,3920,199.26581501960754,0.0020913787603442932,0.0,0.004488106220257288,0.006579484980601581,0.0020841679414629775,0.0,0.005885340045961339,0.007969507987424317
196,0.001,adam,3940,199.81698346138,0.0021227479009510294,0.0,0.005108561783211468,0.0072313096841624975,0.002052621193126848,0.0,0.003812666298628602,0.00586528749175545
197,0.001,adam,3960,200.30788922309875,0.0020675651943562784,0.0,0.004597427986734444,0.006664993181090722,0.0020445788982835834,0.0,0.0032891539801797242,0.005333732878463308
198,0.001,adam,3980,200.82695722579956,0.0020674617163997456,0.0,0.006505421462793812,0.008572883179193556,0.002088206363527971,0.0,0.020829885946472424,0.022918092310000394
199,0.001,adam,4000,201.3737931251526,0.002084819522552829,0.0,0.009914457686859142,0.011999277209411971,0.002061796413931585,0.0,0.008074475212476524,0.010136271626408108
200,0.001,adam,4020,201.93249607086182,0.002122830802467543,0.0,0.006516424751636563,0.008639255554104105,0.0020189109945351526,0.0,0.005339655129450438,0.0073585661239855904
201,0.001,adam,4040,202.44144773483276,0.002047391558455465,0.0,0.004840846546451843,0.006888238104907308,0.001997226272900122,0.0,0.0032794779410195516,0.005276704213919674
202,0.001,adam,4060,202.99630093574524,0.002115231786493297,0.0,0.003966522699277264,0.006081754485770563,0.0019958015587013575,0.0,0.0034025563621172985,0.005398357920818656
203,0.001,adam,4080,203.46897721290588,0.00201144440403847,0.0,0.003199055465315644,0.0052104998693541125,0.001982177932070755,0.0,0.003346524457075192,0.0053287023891459475
204,0.001,adam,4100,203.9694652557373,0.0020139377263250994,0.0,0.0044442251974216,0.006458162923746699,0.0019835556086637627,0.0,0.0043700200515171825,0.006353575660180945
205,0.001,adam,4120,204.47908449172974,0.0020011074197087858,0.0,0.004978682306888229,0.006979789726597017,0.0019764168554675153,0.0,0.0050847093692633905,0.007061126224730906
206,0.001,adam,4140,205.06352472305298,0.0020062521786130276,0.0,0.03220926794788215,0.03421552012649517,0.0019702041297956978,0.0,0.0031083776710712214,0.005078581800866919
207,0.001,adam,4160,205.60750532150269,0.0020195754015647277,0.0,0.006438726856462222,0.008458302258026951,0.00197020209311053,0.0,0.017851503622187872,0.019821705715298402
208,0.001,adam,4180,206.1943666934967,0.0020098110284181305,0.0,0.008120228590184377,0.010130039618602506,0.0019732541220991266,0.0,0.007412776344693117,0.009386030466792244
209,0.001,adam,4200,206.73210096359253,0.0019832424356094366,0.0,0.005189807138350209,0.0071730495739596445,0.001997179245085535,0.0,0.004214552862583095,0.00621173210766863
210,0.001,adam,4220,207.28735494613647,0.001972714811110421,0.0,0.004711443650857997,0.006684158461968416,0.001958563844309321,0.0,0.004319277024031874,0.006277840868341196
211,0.001,adam,4240,207.8130714893341,0.0019673463911016303,0.0,0.0293491691562143,0.031316515547315925,0.0019469874679996374,0.0,0.0040780133940313415,0.006025000862030979
212,0.001,adam,4260,208.31816148757935,0.0019657807807858317,0.0,0.004262829023480007,0.006228609804265839,0.0019506447472694248,0.0,0.003610677892846498,0.0055613226401159226
213,0.001,adam,4280,208.8388650417328,0.001969341879828391,0.0,0.018967171583231156,0.020936513463059546,0.0019861341942878107,0.0,0.00379161766931137,0.005777751863599181
214,0.001,adam,4300,209.41743159294128,0.0019734798022757187,0.0,0.004617866609682295,0.006591346411958016,0.0019623016794117517,0.0,0.011316002084230312,0.013278303763642064
215,0.001,adam,4320,210.0365915298462,0.002083350759251811,0.0,0.026421746923801493,0.028505097683053305,0.0019586602836748385,0.0,0.00575808805042454,0.007716748334099379
216,0.001,adam,4340,210.57522344589233,0.0020161385519246364,0.0,0.008108897691978494,0.01012503624390313,0.0019342643597191828,0.0,0.004637295904576619,0.006571560264295802
217,0.001,adam,4360,211.16426420211792,0.0019679536443972974,0.0,0.004013805233525487,0.005981758877922784,0.0019163408252315015,0.0,0.0042639331547735335,0.0061802739800050355
218,0.001,adam,4380,211.76325488090515,0.001936968923897845,0.0,0.0036918110176828974,0.005628779941580742,0.001905342106004405,0.0,0.003447823535708939,0.005353165641713344
219,0.001,adam,4400,212.2611427307129,0.0019446156934445082,0.0,0.00398107091989925,0.005925686613343759,0.0018976434065877893,0.0,0.003753073737557956,0.005650717144145745
220,0.001,adam,4420,212.79093885421753,0.001921306642692994,0.0,0.00368708986525597,0.005608396507948964,0.0018814233343095736,0.0,0.002950341729731322,0.004831765064040896
221,0.001,adam,4440,213.3066279888153,0.0019099595173812111,0.0,0.003486534201910664,0.005396493719291875,0.001917071078962984,0.0,0.0035016949510520874,0.005418766030015071
222,0.001,adam,4460,213.84131813049316,0.0019088615626634397,0.0,0.0037583687025870343,0.005667230265250473,0.0018665785428524863,0.0,0.002957817712617328,0.0048243962554698145
223,0.001,adam,4480,214.33008432388306,0.0019164342920802353,0.0,0.029804887678431657,0.0317213219705119,0.0018644490045177612,0.0,0.004407031296464726,0.006271480300982487
224,0.001,adam,4500,214.91208720207214,0.0018913183369794963,0.0,0.029636000358904215,0.03152731869588372,0.0018769433296728728,0.0,0.0034464113267414632,0.005323354656414336
225,0.001,adam,4520,215.4402778148651,0.0019121461640823352,0.0,0.005355411364781527,0.007267557528863861,0.0018677229404372333,0.0,0.007416430205801291,0.009284153146238525
226,0.001,adam,4540,215.96175909042358,0.0018998168211834296,0.0,0.004457971333050939,0.00635778815423437,0.0018763727554723048,0.0,0.00450011303405389,0.006376485789526195
227,0.001,adam,4560,216.48295259475708,0.001888467308130512,0.0,0.0045191897418510145,0.006407657049981526,0.0019063249769125253,0.0,0.010413175813952236,0.012319500790864761
228,0.001,adam,4580,217.03435897827148,0.0018850785110209448,0.0,0.007362705612295646,0.009247784123316595,0.001870029042511967,0.0,0.003938601437327638,0.005808630479839606
229,0.001,adam,4600,217.59124159812927,0.0018566852258424331,0.0,0.003600800514629012,0.005457485740471444,0.0018217363081941898,0.0,0.002954223401080919,0.004775959709275109
230,0.001,adam,4620,218.0572817325592,0.0018528195373316593,0.0,0.0028244409600584846,0.004677260497390145,0.0018160773750704117,0.0,0.002728788461560265,0.0045448658366306766
231,0.001,adam,4640,218.57490253448486,0.0018395566812433363,0.0,0.0031449220206904993,0.004984478701933835,0.0018064138748582557,0.0,0.00345133215924276,0.005257746034101016
232,0.001,adam,4660,219.07453656196594,0.0018288148805505073,0.0,0.005702878729859447,0.007531693610409955,0.001823950569116387,0.0,0.0035929263342036302,0.005416876903320017
233,0.001,adam,4680,219.55600881576538,0.0018415205213900988,0.0,0.006404191255209526,0.008245711776599624,0.0018295782308674789,0.0,0.004764151806226492,0.006593730037093971
234,0.001,adam,4700,220.09050726890564,0.001832074324789723,0.0,0.0036605870403067786,0.005492661365096502,0.0018005535117635006,0.0,0.002982862159725909,0.004783415671489409
235,0.001,adam,4720,220.6330440044403,0.001819295320064378,0.0,0.0032749655659503663,0.005094260886014744,0.0017882417414642263,0.0,0.0031111508369662247,0.004899392578430451
236,0.001,adam,4740,221.14752554893494,0.001819665877352112,0.0,0.008861241229587242,0.010680907106939353,0.001811601867623456,0.0,0.005528858272894517,0.007340460140517973
237,0.001,adam,4760,221.6209797859192,0.0017966347754547279,0.0,0.006691106613849413,0.00848774138930414,0.001775531987564159,0.0,0.004640653347351217,0.006416185334915376
238,0.001,adam,4780,222.2224404811859,0.0017907888075022968,0.0,0.0037479205855105455,0.005538709393012842,0.0017548582386448558,0.0,0.0034041165381962623,0.005158974776841118
239,0.001,adam,4800,222.80006980895996,0.0017810106483761151,0.0,0.004871855657031926,0.006652866305408041,0.001749018824126846,0.0,0.004080526000419949,0.005829544824546794
240,0.001,adam,4820,223.3394365310669,0.0017888760248006435,0.0,0.00486447136849515,0.006653347393295794,0.001747311871570972,0.0,0.004452811667643298,0.0062001235392142705
241,0.001,adam,4840,223.90540957450867,0.0017740830019353099,0.0,0.003748776431953741,0.005522859433889052,0.0017295037220903858,0.0,0.0027159972002691758,0.004445500922359562
242,0.001,adam,4860,224.47020292282104,0.0017686246221259873,0.0,0.004284557492978519,0.006053182115104507,0.0017484024671013956,0.0,0.004674752157885325,0.006423154624986721
243,0.001,adam,4880,225.07469654083252,0.001774010583961439,0.0,0.0038686691207960346,0.005642679704757474,0.0017419606533121907,0.0,0.0027956381766824504,0.004537598829994641
244,0.001,adam,4900,225.60728669166565,0.0017596319827863696,0.0,0.0030426890343408608,0.00480232101712723,0.0017251953624296185,0.0,0.004068302292733047,0.005793497655162665
245,0.001,adam,4920,226.15559482574463,0.0017433551526216267,0.0,0.00492817655446368,0.006671531707085304,0.0017198370602483485,0.0,0.003604392235787608,0.005324229296035956
246,0.001,adam,4940,226.76381301879883,0.001789963281767543,0.0,0.003628138461212805,0.005418101742980349,0.0017163894067058984,0.0,0.007277872644627115,0.008994262051333014
247,0.001,adam,4960,227.2866325378418,0.0017707361721565917,0.0,0.011759445838467542,0.013530182010624133,0.0017108428221631264,0.0,0.006573548191540839,0.008284391013703965
248,0.001,adam,4980,227.85389804840088,0.0017335894090656306,0.0,0.0059914991346085135,0.007725088543674144,0.0016956952613170892,0.0,0.004233073530988287,0.005928768792305376
249,0.001,adam,5000,228.38973808288574,0.0017046184957845896,0.0,0.0036455157362701857,0.005350134232054775,0.0016927855884000908,0.0,0.004533263281148572,0.006226048869548664
250,0.001,adam,5020,228.9546093940735,0.0016961327551277008,0.0,0.0033251825052780792,0.00502131526040578,0.001670179990682371,0.0,0.0027406784564138467,0.004410858447096218
251,0.001,adam,5040,229.49030303955078,0.001703700791419207,0.0,0.003338984336146675,0.005042685127565882,0.0016784129263081656,0.0,0.003650698534002494,0.0053291114603106595
252,0.001,adam,5060,230.08688950538635,0.0017079873112987027,0.0,0.003388220617718539,0.005096207929017242,0.0016719531720456543,0.0,0.002836182171323402,0.004508135343369056
253,0.001,adam,5080,230.60265469551086,0.0016939107470536467,0.0,0.00344221924555487,0.005136129992608517,0.0016484498688626623,0.0,0.002461412612568552,0.004109862481431214
254,0.001,adam,5100,231.144540309906,0.001684040317823886,0.0,0.003816443202955426,0.005500483520779313,0.0016669770073921804,0.0,0.003757598665387483,0.005424575672779664
255,0.001,adam,5120,231.65321493148804,0.0016964915200596612,0.0,0.0039141810869719835,0.005610672607031646,0.0016449311847775898,0.0,0.005165877558298497,0.0068108087430760866
256,0.001,adam,5140,232.25324630737305,0.001676462720315751,0.0,0.004273034003482194,0.0059494967237979455,0.0016303824088382427,0.0,0.0027094649509459777,0.004339847359784221
257,0.001,adam,5160,232.79779744148254,0.0016534589184950062,0.0,0.0035777910754761465,0.005231249993971152,0.0016403526678844963,0.0,0.0035621076108429527,0.005202460278727449
258,0.001,adam,5180,233.35873174667358,0.0016715407558918819,0.0,0.0048444653556072885,0.0065160061114991705,0.001684187514834695,0.0,0.010955708218642626,0.012639895733477322
259,0.001,adam,5200,233.9265012741089,0.0016667154145969087,0.0,0.007520845091101605,0.009187560505698515,0.0016607622270104216,0.0,0.004187455562743424,0.005848217789753846
260,0.001,adam,5220,234.45255875587463,0.0016573003843227516,0.0,0.0037976561574939254,0.005454956541816676,0.0015987258622188207,0.0,0.0026240288963792417,0.004222754758598062
261,0.001,adam,5240,235.0549042224884,0.001648143351054165,0.0,0.0035407006016229666,0.005188843952677132,0.0016098918328285412,0.0,0.004098100476653486,0.005707992309482027
262,0.001,adam,5260,235.63417387008667,0.0016410305891763372,0.0,0.0046443546674546235,0.006285385256630959,0.0016390173647522282,0.0,0.0035916510862353673,0.005230668450987595
263,0.001,adam,5280,236.13741183280945,0.001625636282312401,0.0,0.0035630711094331797,0.005188707391745579,0.0015888130273289947,0.0,0.0030867567678361783,0.0046755697951651725
264,0.001,adam,5300,236.68702030181885,0.0016352820869162134,0.0,0.007133117716023689,0.008768399802939903,0.0015854692869908722,0.0,0.003011506211617757,0.004596975498608629
265,0.001,adam,5320,237.25127124786377,0.0016190225823154345,0.0,0.031386030978404464,0.033005053560719894,0.0015988794965955343,0.0,0.0034287221761971237,0.005027601672792658
266,0.001,adam,5340,237.7991440296173,0.001604804161688764,0.0,0.004063107707323626,0.005667911869012389,0.0015833596749593361,0.0,0.003745989854320791,0.005329349529280127
267,0.001,adam,5360,238.28238153457642,0.001627806658340072,0.0,0.0033518098039833945,0.004979616462323467,0.001569582861039106,0.0,0.002558156391556959,0.004127739252596065
268,0.001,adam,5380,238.77811527252197,0.0016072541567940944,0.0,0.0033805930291115234,0.004987847185905619,0.001575181650641089,0.0,0.0035972957954837044,0.005172477446124793
269,0.001,adam,5400,239.28073024749756,0.0016298663389607063,0.0,0.006934291397734746,0.008564157736695452,0.0015759084218346842,0.0,0.0036030505112042057,0.00517895893303889
270,0.001,adam,5420,239.74651098251343,0.0016070979992908654,0.0,0.004519209560013218,0.0061263075593040815,0.0015700879089667944,0.0,0.0032657606559413216,0.004835848564908116
271,0.001,adam,5440,240.23957109451294,0.0015885620285163553,0.0,0.020942179548623704,0.02253074157714006,0.0016209199826792418,0.0,0.004066018425781833,0.005686938408461075
272,0.001,adam,5460,240.7687225341797,0.0016066942496999071,0.0,0.0042522871912412125,0.005858981440941118,0.0015555544333226326,0.0,0.003110790391997407,0.00466634482532004
273,0.001,adam,5480,241.33092045783997,0.0015741349726420694,0.0,0.0038009103068798885,0.005375045279521957,0.0015431011558666398,0.0,0.002945369351042286,0.004488470506908926
274,0.001,adam,5500,241.86344695091248,0.0015849325485805036,0.0,0.004914238685053948,0.006499171233634452,0.0015584578764416977,0.0,0.004447929758529829,0.006006387634971527
275,0.001,adam,5520,242.39008378982544,0.0015717717094640565,0.0,0.003491380256567083,0.00506315196603114,0.0015226666988890087,0.0,0.003154101181575678,0.0046767678804646865
276,0.001,adam,5540,242.93061113357544,0.0015756466911845146,0.0,0.0038362072134960254,0.00541185390468054,0.0015292257189905233,0.0,0.005312678686799749,0.006841904405790272
277,0.001,adam,5560,243.4385688304901,0.001539570640933548,0.0,0.006908022921152386,0.008447593562085935,0.0015389440653844216,0.0,0.010046738536764766,0.011585682602149188
278,0.001,adam,5580,243.9444284439087,0.0015584450041629398,0.0,0.005270124209221497,0.006828569213384437,0.0015107432936443228,0.0,0.0030876881539101055,0.0045984314475544285
279,0.001,adam,5600,244.61980056762695,0.0015376589560183189,0.0,0.0030607718211028163,0.0045984307771211345,0.0015176144911283728,0.0,0.002996369783784267,0.00451398427491264
280,0.001,adam,5620,245.16852068901062,0.0016072456307261336,0.0,0.003108895881820751,0.004716141512546884,0.0014909766918100849,0.0,0.002979471265605329,0.004470447957415414
281,0.001,adam,5640,245.7240800857544,0.0015384196324599339,0.0,0.005399471856151024,0.006937891488610957,0.0014936652142599142,0.0,0.006999356857495297,0.00849302207175521
282,0.001,adam,5660,246.26704001426697,0.001507424916033551,0.0,0.00473891455617296,0.006246339472206512,0.0014744244177845765,0.0,0.005662028913922047,0.007136453331706623
283,0.001,adam,5680,246.76717042922974,0.0015063172041211632,0.0,0.003016575029929506,0.0045228922340506674,0.0014756361599665478,0.0,0.0024399177889903177,0.003915553948956866
284,0.001,adam,5700,247.34640407562256,0.0015128803824803916,0.0,0.003654489545404936,0.005167369927885329,0.0014674948308430803,0.0,0.0026293074912035067,0.004096802322046587
285,0.001,adam,5720,247.9540150165558,0.0014975486192191094,0.0,0.0028750888024053076,0.004372637421624416,0.001464018406731143,0.0,0.003211645229458996,0.004675663636190139
286,0.001,adam,5740,248.46927857398987,0.0015250923711990013,0.0,0.015596089556952478,0.01712118192815148,0.001507706344847169,0.0,0.004210497261316505,0.005718203606163674
287,0.001,adam,5760,249.19324493408203,0.0015423936523402443,0.0,0.006643499814486004,0.00818589346682625,0.001522939134883732,0.0,0.008015782502870793,0.009538721637754525
288,0.001,adam,5780,249.99243688583374,0.001504262372882405,0.0,0.006016121547931215,0.007520383920813621,0.00144662669394853,0.0,0.0030298261241226217,0.004476452818071151
289,0.001,adam,5800,250.75909996032715,0.0014734430418675997,0.0,0.00329962711807269,0.00477307015994029,0.0014515476807201028,0.0,0.0024718047751733645,0.003923352455893467
290,0.001,adam,5820,251.51321291923523,0.0014685981286422162,0.0,0.0031675230376135705,0.004636121166255786,0.0014345677981671976,0.0,0.0031373354509429342,0.004571903249110132
291,0.001,adam,5840,252.2605004310608,0.0014772328063053395,0.0,0.003196392076117652,0.004673624882422992,0.0014222531891923192,0.0,0.0024694654535940825,0.003891718642786402
292,0.001,adam,5860,253.0535123348236,0.00149922867769778,0.0,0.013841388190780207,0.015340616868477985,0.0014701227647781617,0.0,0.014097068789668418,0.01556719155444658
293,0.001,adam,5880,253.79633951187134,0.001466001225251991,0.0,0.006178189366101633,0.007644190591353625,0.0014132228196827158,0.0,0.0029842434935267235,0.004397466313209439
294,0.001,adam,5900,254.56800031661987,0.0014371691665548206,0.0,0.003524870423956353,0.004962039590511174,0.001400314295217869,0.0,0.002401861422823016,0.003802175718040885
295,0.001,adam,5920,255.35044836997986,0.001442756281464847,0.0,0.0025633175174830138,0.004006073798947861,0.0013948734723071266,0.0,0.002763065852541503,0.00415793932484863
296,0.001,adam,5940,256.1292767524719,0.0014381709721831698,0.0,0.0024726795467258766,0.003910850518909046,0.0014027189835649522,0.0,0.0026729868559716066,0.004075705839536559
297,0.001,adam,5960,256.89407205581665,0.0014347340515438046,0.0,0.002709926729362348,0.004144660780906153,0.001390623640922539,0.0,0.002213088443438862,0.003603712084361401
298,0.001,adam,5980,257.69718313217163,0.0014355857863320787,0.0,0.004331062974128654,0.0057666487604607335,0.0014004730063864872,0.0,0.002843918570513615,0.0042443915769001025
299,0.001,adam,6000,258.439816236496,0.0014258648372266537,0.0,0.00253280594980631,0.003958670787032962,0.001375320788822934,0.0,0.0024562171330146654,0.0038315379218375996
301,0.0,lbfgs,6001,260.54962682724,,,,0.0034851385228070204,0.0013880785813206902,0.0,0.0020212510796272084,0.003409329660947899
302,0.0,lbfgs,6002,260.7631504535675,,,,0.003441777038368212,0.0013867622656230985,0.0,0.0019816590600396653,0.003368421325662764
303,0.0,lbfgs,6003,261.0121908187866,,,,0.003395387403295283,0.0013858305881604084,0.0,0.001942061484654055,0.0033278920728144635
304,0.0,lbfgs,6004,261.21823620796204,,,,0.0033662177808313574,0.0013861256155690315,0.0,0.0019187248501034333,0.003304850465672465
305,0.0,lbfgs,6005,261.5036816596985,,,,0.0033461234877419093,0.0013864981185352343,0.0,0.0019018279738934076,0.003288326092428642
306,0.0,lbfgs,6006,261.7655086517334,,,,0.0033301991582781482,0.0013868115359090569,0.0,0.00189103934890763,0.0032778508848166866
307,0.0,lbfgs,6007,261.9792115688324,,,,0.0033229666369136743,0.0013867220294163324,0.0,0.0018858349213439747,0.003272556950760307
308,0.0,lbfgs,6008,262.2403383255005,,,,0.003319689349772231,0.001386402044946549,0.0,0.0018824413045981736,0.0032688433495447226
309,0.0,lbfgs,6009,262.4655044078827,,,,0.003315174675901775,0.001385773858750785,0.0,0.0018795168156548385,0.0032652906744056235
310,0.0,lbfgs,6010,262.71262669563293,,,,0.003308932552526604,0.001385130794525019,0.0,0.0018763218337694873,0.0032614526282945065
311,0.0,lbfgs,6011,262.97533345222473,,,,0.0033023132908328546,0.001384677421304213,0.0,0.0018758013435856659,0.0032604787648898787
312,0.0,lbfgs,6012,263.20048809051514,,,,0.0032980772044498416,0.0013845711081078302,0.0,0.001874406755401094,0.0032589778635089242
313,0.0,lbfgs,6013,263.4186542034149,,,,0.003295044371995212,0.0013845240955205468,0.0,0.0018735978000828826,0.003258121895603429
314,0.0,lbfgs,6014,263.65291929244995,,,,0.0032892109494836548,0.001384325891900357,0.0,0.0018737774472192491,0.003258103339119606
315,0.0,lbfgs,6015,263.91030716896057,,,,0.0032830851938643784,0.001383811541108469,0.0,0.0018755394953806409,0.00325935103648911
316,0.0,lbfgs,6016,264.13615322113037,,,,0.003270846912103482,0.0013825758189646503,0.0,0.0018833012104377844,0.003265877029402435
317,0.0,lbfgs,6017,264.35842633247375,,,,0.0032671555209926404,0.001380482447277737,0.0,0.0018979458551719312,0.003278428302449668
318,0.0,lbfgs,6018,264.59125900268555,,,,0.003261635593232723,0.001380980077377227,0.0,0.0018885233945533137,0.0032695034719305406
319,0.0,lbfgs,6019,264.80602169036865,,,,0.0032597920550620015,0.0013811065704577247,0.0,0.001885351990321199,0.0032664585607789236
320,0.0,lbfgs,6020,265.0585641860962,,,,0.0032570765340933115,0.0013811700667780028,0.0,0.0018829769393454595,0.003264147006123462
321,0.0,lbfgs,6021,265.28633546829224,,,,0.0032514692065793993,0.001381198597549817,0.0,0.0018811381985456106,0.0032623367960954277
322,0.0,lbfgs,6022,265.51010179519653,,,,0.003242498118952654,0.0013810876661450448,0.0,0.0018800428114009832,0.003261130477546028
323,0.0,lbfgs,6023,265.7241222858429,,,,0.003239390994580961,0.0013810732996803942,0.0,0.0018910845581172424,0.0032721578577976367
324,0.0,lbfgs,6024,265.97347044944763,,,,0.0032273212717072444,0.0013806586732595162,0.0,0.0018821630390257866,0.0032628217122853027
325,0.0,lbfgs,6025,266.20174074172974,,,,0.0032228503969777243,0.001380231070808496,0.0,0.001880864580312031,0.0032610956511205267
326,0.0,lbfgs,6026,266.4602108001709,,,,0.003218101631676496,0.0013797155602979902,0.0,0.0018803520014070742,0.0032600675617050646
327,0.0,lbfgs,6027,266.6897575855255,,,,0.0032103482574545976,0.001379144797223137,0.0,0.0018795268730450458,0.003258671670268183
328,0.0,lbfgs,6028,266.99223256111145,,,,0.00319591410960704,0.0013794851921359447,0.0,0.001880685008817242,0.003260170200953187
329,0.0,lbfgs,6029,267.21485018730164,,,,0.003184930648979143,0.0013795105224502673,0.0,0.0018778263550205104,0.003257336877470778
330,0.0,lbfgs,6030,267.436416387558,,,,0.003180032734027895,0.0013795545816521764,0.0,0.0018749115197359187,0.003254466101388095
331,0.0,lbfgs,6031,267.6907241344452,,,,0.003174063174774711,0.0013794840188673242,0.0,0.0018695440206949628,0.0032490280395622868
332,0.0,lbfgs,6032,267.94025230407715,,,,0.0031662726002884547,0.0013795234482578758,0.0,0.0018645511569176179,0.0032440746051754935
333,0.0,lbfgs,6033,268.17539954185486,,,,0.0031594819799055226,0.0013795168119543706,0.0,0.0018590267789148377,0.0032385435908692086
334,0.0,lbfgs,6034,268.4260878562927,,,,0.0031533384317802273,0.0013792798918171021,0.0,0.0018553299029118633,0.003234609794728965
335,0.0,lbfgs,6035,268.64430022239685,,,,0.0031482413212208537,0.0013788577904999628,0.0,0.0018525695427711187,0.0032314273332710816
336,0.0,lbfgs,6036,268.8693344593048,,,,0.003136485454435143,0.0013763267676077558,0.0,0.0018511489742622537,0.0032274757418700095
337,0.0,lbfgs,6037,269.102356672287,,,,0.003130060485834004,0.0013756169728533945,0.0,0.0018524095362398854,0.00322802650909328
338,0.0,lbfgs,6038,269.3721675872803,,,,0.0031200688860008067,0.001374605426919094,0.0,0.0018444081218204566,0.0032190135487395505
339,0.0,lbfgs,6039,269.5963251590729,,,,0.0031125364970874276,0.0013736951940089542,0.0,0.001840596968238237,0.003214292162247191
340,0.0,lbfgs,6040,269.82428002357483,,,,0.003104415104927341,0.0013729520302479213,0.0,0.001836809759816928,0.0032097617900648493
341,0.0,lbfgs,6041,270.06553864479065,,,,0.0030893719244677563,0.0013713119463793124,0.0,0.001826509395786095,0.003197821342165407
342,0.0,lbfgs,6042,270.27240014076233,,,,0.003082698761851046,0.001371138900270529,0.0,0.0018274245623446767,0.0031985634626152054
343,0.0,lbfgs,6043,270.5166792869568,,,,0.003070518078477142,0.0013699129026188033,0.0,0.0018121044813482804,0.0031820173839670835
344,0.0,lbfgs,6044,270.7481505870819,,,,0.0030652488011868127,0.0013690043790794625,0.0,0.001805701542795073,0.003174705921874536
345,0.0,lbfgs,6045,270.9999260902405,,,,0.003057344050310486,0.0013675498642375275,0.0,0.0017981152603606257,0.003165665124598153
346,0.0,lbfgs,6046,271.26262378692627,,,,0.003042892175529776,0.001365499750685735,0.0,0.0017891445883779055,0.0031546443390636407
347,0.0,lbfgs,6047,271.5541522502899,,,,0.0030314614075683606,0.0013625794346211458,0.0,0.0017834588373838234,0.003146038272004969
348,0.0,lbfgs,6048,271.82172870635986,,,,0.0030196883237377575,0.001362316126127667,0.0,0.0017766032616530752,0.003138919387780742
349,0.0,lbfgs,6049,272.0796699523926,,,,0.003011246728141139,0.0013617300449231646,0.0,0.0017739505946140356,0.0031356806395372
350,0.0,lbfgs,6050,272.3476598262787,,,,0.0030042259177813163,0.0013610518901973085,0.0,0.0017697461834969878,0.003130798073694296
351,0.0,lbfgs,6051,272.59027647972107,,,,0.0029841367378450846,0.0013585288159141656,0.0,0.0017564221697515656,0.0031149509856657313
352,0.0,lbfgs,6052,273.0019130706787,,,,0.002980428491364976,0.0013580923128250738,0.0,0.0017540717364977739,0.0031121640493228476
353,0.0,lbfgs,6053,273.2183840274811,,,,0.0029708344401724964,0.0013561675857842207,0.0,0.001745295588262529,0.0031014631740467497
354,0.0,lbfgs,6054,273.5220341682434,,,,0.0029660812516844096,0.001355522567181936,0.0,0.0017407219027300584,0.0030962444699119945
355,0.0,lbfgs,6055,273.77410316467285,,,,0.0029639128349472944,0.0013552730147670636,0.0,0.0017384876302543035,0.003093760645021367
356,0.0,lbfgs,6056,273.9919681549072,,,,0.0029531187210061517,0.0013528162596785499,0.0,0.0017312014600647093,0.0030840177197432594
357,0.0,lbfgs,6057,274.3899915218353,,,,0.002944661065634186,0.0013504853827063488,0.0,0.0017264633191253636,0.0030769487018317125
358,0.0,lbfgs,6058,274.61800742149353,,,,0.0029399790686551715,0.0013462166552994234,0.0,0.0017343703838572826,0.0030805870391567057
359,0.0,lbfgs,6059,274.8930432796478,,,,0.0029328172779874216,0.0013466088551471894,0.0,0.0017233391269745465,0.003069947982121736
360,0.0,lbfgs,6060,275.1506254673004,,,,0.00293075375141425,0.0013464793218665055,0.0,0.0017210318427551001,0.0030675111646216056
361,0.0,lbfgs,6061,275.3988678455353,,,,0.0029268158702082745,0.0013458811620302967,0.0,0.0017177100911871695,0.003063591253217466
362,0.0,lbfgs,6062,275.6386067867279,,,,0.002919622198080285,0.001344987107318445,0.0,0.0017109467159446222,0.0030559338232630674
363,0.0,lbfgs,6063,275.89099383354187,,,,0.0029163909498142494,0.0013416200746726936,0.0,0.001714096643898453,0.0030557167185711466
364,0.0,lbfgs,6064,276.16080594062805,,,,0.0029043566331095243,0.0013418017567179575,0.0,0.0017021666575770076,0.003043968414294965
365,0.0,lbfgs,6065,276.3793478012085,,,,0.002900969645090583,0.0013416025296192143,0.0,0.0017011046029467892,0.0030427071325660037
366,0.0,lbfgs,6066,276.61044359207153,,,,0.0028972946718177845,0.0013407519895342595,0.0,0.0017016060410589282,0.003042358030593188
367,0.0,lbfgs,6067,276.8425076007843,,,,0.002892129689681596,0.0013402263356046135,0.0,0.0016990867768554253,0.0030393131124600388
368,0.0,lbfgs,6068,277.0695688724518,,,,0.002884623082743654,0.0013358611468738725,0.0,0.0017097176758799596,0.0030455788227538323
369,0.0,lbfgs,6069,277.3121416568756,,,,0.002873882582951864,0.0013375186672958605,0.0,0.0016909654745366452,0.0030284841418325055
370,0.0,lbfgs,6070,277.52291774749756,,,,0.00286840819641787,0.0013360438817819164,0.0,0.001686076598401187,0.0030221204801831035
371,0.0,lbfgs,6071,277.7851550579071,,,,0.0028632248683953276,0.0013348714684477587,0.0,0.0016794535646026424,0.003014325033050401
372,0.0,lbfgs,6072,278.0649127960205,,,,0.002857538548398907,0.001333534329949081,0.0,0.0016749920447758403,0.0030085263747249213
373,0.0,lbfgs,6073,278.30063939094543,,,,0.002847664978521101,0.0013314450704997685,0.0,0.001667508487658592,0.00299895355815836
374,0.0,lbfgs,6074,278.52359652519226,,,,0.0028392108637346853,0.0013299765933532607,0.0,0.0016644156292716715,0.002994392222624932
375,0.0,lbfgs,6075,278.78774762153625,,,,0.0028300186597519216,0.0013292763395547893,0.0,0.0016573285172329542,0.0029866048567877435
376,0.0,lbfgs,6076,279.0142033100128,,,,0.0028223494562942455,0.001329276056491836,0.0,0.001653849577630568,0.002983125634122404
377,0.0,lbfgs,6077,279.2631711959839,,,,0.002819298256340816,0.001328816421896573,0.0,0.0016547815558901132,0.002983597977786686
378,0.0,lbfgs,6078,279.484744310379,,,,0.002814935336194184,0.0013290320610954641,0.0,0.0016511386679321863,0.0029801707290276506
379,0.0,lbfgs,6079,279.7166922092438,,,,0.00280747149812139,0.0013289550606192212,0.0,0.0016468065271755467,0.002975761587794768
380,0.0,lbfgs,6080,279.94999384880066,,,,0.002804388180827408,0.0013284152310997343,0.0,0.0016460535680051262,0.0029744687991048605
381,0.0,lbfgs,6081,280.192134141922,,,,0.002796073376700771,0.0013261786454426686,0.0,0.0016454562187609397,0.0029716348642036083
382,0.0,lbfgs,6082,280.64450788497925,,,,0.00279194143012156,0.001324645570045031,0.0,0.0016458158254736865,0.0029704613955187174
383,0.0,lbfgs,6083,280.88906693458557,,,,0.0027832368175784465,0.0013211443841657769,0.0,0.0016472496492229531,0.00296839403338873
384,0.0,lbfgs,6084,281.13023853302,,,,0.0027784363192794813,0.0013192163267438327,0.0,0.0016464469296650353,0.002965663256408868
385,0.0,lbfgs,6085,281.3608148097992,,,,0.002771070610766393,0.0013155711403800695,0.0,0.0016456089313682122,0.0029611800717482817
386,0.0,lbfgs,6086,281.61408734321594,,,,0.0027644349785162156,0.0013138946218185488,0.0,0.0016404225942169117,0.0029543172160354605
387,0.0,lbfgs,6087,281.8146948814392,,,,0.0027579795823212397,0.0013119254518659145,0.0,0.0016353039833228464,0.002947229435188761
388,0.0,lbfgs,6088,282.05983686447144,,,,0.002751679974793842,0.0013095326953827123,0.0,0.0016309821420723558,0.002940514837455068
389,0.0,lbfgs,6089,282.27449774742126,,,,0.0027400982776512595,0.0013050261839857396,0.0,0.0016231588827662342,0.0029281850667519736
390,0.0,lbfgs,6090,282.535790681839,,,,0.002726295649205823,0.0012975391430303373,0.0,0.001613909777524188,0.0029114489205545255
391,0.0,lbfgs,6091,282.7618443965912,,,,0.002722753450868921,0.0012912172940239138,0.0,0.0016132919894810847,0.0029045092835049986
392,0.0,lbfgs,6092,282.9926567077637,,,,0.002711274865089418,0.0012923645188669425,0.0,0.0016007388312066638,0.0028931033500736066
393,0.0,lbfgs,6093,283.2043311595917,,,,0.002707119158972652,0.0012923057757859675,0.0,0.0015973080070976107,0.0028896137828835784
394,0.0,lbfgs,6094,283.43806648254395,,,,0.0026998456417512045,0.0012913121293244025,0.0,0.001591663260961797,0.0028829753902861995
395,0.0,lbfgs,6095,283.6746258735657,,,,0.0026885102922728126,0.0012886152437897199,0.0,0.0015867448123964177,0.0028753600561861378
396,0.0,lbfgs,6096,284.1357216835022,,,,0.002681347838504015,0.001285953447138641,0.0,0.0015836250068152,0.002869578453953841
397,0.0,lbfgs,6097,284.41628670692444,,,,0.0026679164077026063,0.0012820114304900368,0.0,0.0015789618700815854,0.0028609733005716224
398,0.0,lbfgs,6098,284.6859185695648,,,,0.002658952036145923,0.0012778339148190219,0.0,0.0015797743779933306,0.0028576082928123527
399,0.0,lbfgs,6099,284.91849541664124,,,,0.0026504240356199915,0.0012748449340464368,0.0,0.0015754652961418943,0.002850310230188331
400,0.0,lbfgs,6100,285.162761926651,,,,0.002642704288306756,0.0012729911203806137,0.0,0.00157077686352823,0.002843767983908844
401,0.0,lbfgs,6101,285.4017426967621,,,,0.0026358086714357125,0.001267792255293713,0.0,0.001569000846123605,0.002836793101417318
402,0.0,lbfgs,6102,285.64470887184143,,,,0.0026247848276307775,0.0012664262667945075,0.0,0.0015610270101070328,0.0028274532769015405
403,0.0,lbfgs,6103,285.89383935928345,,,,0.002620149728967478,0.0012651038747019754,0.0,0.0015569835826015992,0.0028220874573035744
404,0.0,lbfgs,6104,286.31762170791626,,,,0.0026174282048047476,0.0012631194376318015,0.0,0.0015569114857443137,0.0028200309233761154
405,0.0,lbfgs,6105,286.5340759754181,,,,0.002614507247921372,0.0012608629629335638,0.0,0.0015556629461306766,0.0028165259090642404
406,0.0,lbfgs,6106,286.7575263977051,,,,0.002612809997842114,0.001260157468878797,0.0,0.0015536922175041856,0.0028138496863829828
407,0.0,lbfgs,6107,287.0326728820801,,,,0.0026056170568089293,0.001256737248443384,0.0,0.001548686393091602,0.002805423641534986
408,0.0,lbfgs,6108,287.254230260849,,,,0.0025982769941514158,0.0012533954336368146,0.0,0.0015434507412889,0.002796846174925715
409,0.0,lbfgs,6109,287.69507670402527,,,,0.0025948065434525176,0.0012514116343504077,0.0,0.0015431360489701897,0.0027945476833205977
410,0.0,lbfgs,6110,287.9508628845215,,,,0.0025884696573116985,0.0012491237316141707,0.0,0.0015401449924407674,0.002789268724054938
411,0.0,lbfgs,6111,288.17415857315063,,,,0.002583915763516703,0.0012474299887280796,0.0,0.0015393451640852034,0.002786775152813283
412,0.0,lbfgs,6112,288.410178899765,,,,0.002580780963828038,0.0012465627558227083,0.0,0.001539674899515896,0.002786237655338604
413,0.0,lbfgs,6113,288.65500712394714,,,,0.0025776367280137416,0.00124612482352619,0.0,0.0015376578095009285,0.002783782633027119
414,0.0,lbfgs,6114,288.8825342655182,,,,0.0025671022151325636,0.0012441083898714574,0.0,0.0015295797150674474,0.0027736881049389046
415,0.0,lbfgs,6115,289.12550377845764,,,,0.002560789689825142,0.0012424328320271645,0.0,0.0015242438284250848,0.0027666766604522493
416,0.0,lbfgs,6116,289.6003873348236,,,,0.0025557675929157664,0.0012392447257161578,0.0,0.0015203640239778516,0.0027596087496940093
417,0.0,lbfgs,6117,289.93812561035156,,,,0.0025474871176150637,0.0012376526752788507,0.0,0.0015113662261232402,0.0027490189014020908
418,0.0,lbfgs,6118,290.242235660553,,,,0.0025431484349427965,0.0012365110863521308,0.0,0.0015080431208877529,0.002744554207239884
419,0.0,lbfgs,6119,290.48143458366394,,,,0.002537364090630565,0.001235029071890413,0.0,0.0015038227963769422,0.002738851868267355
420,0.0,lbfgs,6120,290.7140610218048,,,,0.002531219353444908,0.001232989770974311,0.0,0.0014997495518026087,0.0027327393227769194
421,0.0,lbfgs,6121,290.9356951713562,,,,0.002520903273328588,0.001227004289715287,0.0,0.0014977861740888406,0.0027247904638041274
422,0.0,lbfgs,6122,291.15885066986084,,,,0.0025143066406454534,0.0012252002559697286,0.0,0.0014916778063359594,0.002716878062305688
423,0.0,lbfgs,6123,291.39128375053406,,,,0.0025077353363570894,0.0012246210267583778,0.0,0.0014862364657423231,0.002710857492500701
424,0.0,lbfgs,6124,291.6313819885254,,,,0.0025038129385915224,0.0012230400767504444,0.0,0.0014848838448343398,0.0027079239215847843
425,0.0,lbfgs,6125,291.8967752456665,,,,0.0024976308570825003,0.0012210707560988488,0.0,0.0014800335328367935,0.002701104288935642
426,0.0,lbfgs,6126,292.1345167160034,,,,0.0024883088870189967,0.0012160140891826097,0.0,0.0014784779379334227,0.0026944920271160322
427,0.0,lbfgs,6127,292.37491178512573,,,,0.0024799811141791757,0.0012120526842418612,0.0,0.0014749854763828304,0.0026870381606246916
428,0.0,lbfgs,6128,292.58667850494385,,,,0.002471627273758095,0.0012078514573136726,0.0,0.0014718853769654856,0.002679736834279158
429,0.0,lbfgs,6129,292.8788216114044,,,,0.002466308734730078,0.0012068759624901694,0.0,0.001469898551383607,0.0026767745138737767
430,0.0,lbfgs,6130,293.0993297100067,,,,0.002460495691569717,0.001205273517122847,0.0,0.0014682140970542512,0.002673487614177098
431,0.0,lbfgs,6131,293.35640478134155,,,,0.002456210039149868,0.0012042589417788595,0.0,0.001466579583187703,0.0026708385249665624
432,0.0,lbfgs,6132,293.59164595603943,,,,0.002446819244682721,0.0012009158460792946,0.0,0.0014622045915702873,0.002663120437649582
433,0.0,lbfgs,6133,293.8466651439667,,,,0.0024358398251984803,0.001194201021810051,0.0,0.001460234643043586,0.0026544356648536367
434,0.0,lbfgs,6134,294.13050866127014,,,,0.002426907586542109,0.0011894160590413233,0.0,0.001454717894444735,0.0026441339534860582
435,0.0,lbfgs,6135,294.34534645080566,,,,0.002419461575202409,0.001186686509006739,0.0,0.0014480425274181093,0.002634729036424848
436,0.0,lbfgs,6136,294.5750343799591,,,,0.0024130870360299247,0.001184527671776449,0.0,0.0014420507605340668,0.0026265784323105156
437,0.0,lbfgs,6137,294.82427525520325,,,,0.0024056468540738446,0.0011832695536799942,0.0,0.001433140596275151,0.002616410149955145
438,0.0,lbfgs,6138,295.0527424812317,,,,0.0023970808893249247,0.001180070131360966,0.0,0.0014268336486076753,0.0026069037799686416
439,0.0,lbfgs,6139,295.28651666641235,,,,0.0023901476248683233,0.0011776407255916614,0.0,0.00142115392229293,0.0025987946478845912
440,0.0,lbfgs,6140,295.5469801425934,,,,0.002380121830147455,0.0011737123151564868,0.0,0.0014112239268049987,0.0025849362419614855
441,0.0,lbfgs,6141,295.78714776039124,,,,0.002370837650480553,0.0011674299585819079,0.0,0.0014029963324121053,0.0025704262909940134
442,0.0,lbfgs,6142,296.02397418022156,,,,0.0023586874319666802,0.0011610878099163906,0.0,0.0013885284544615621,0.002549616264377953
443,0.0,lbfgs,6143,296.2820291519165,,,,0.0023507712699929817,0.0011553523711429043,0.0,0.001384505017076168,0.0025398573882190723
444,0.0,lbfgs,6144,296.51162004470825,,,,0.0023436406009343883,0.0011522051514076702,0.0,0.00138098638939649,0.00253319154080416
445,0.0,lbfgs,6145,296.770530462265,,,,0.0023357878455966454,0.0011523600778927758,0.0,0.0013780624719264773,0.002530422549819253
446,0.0,lbfgs,6146,297.0170228481293,,,,0.002328095433945027,0.0011499919231184894,0.0,0.001379307357332161,0.00252929928045065
447,0.0,lbfgs,6147,297.260644197464,,,,0.0023195347788673593,0.0011471656914027457,0.0,0.0013801888425725437,0.0025273545339752892
448,0.0,lbfgs,6148,297.5054221153259,,,,0.0023063305536023177,0.0011406802643713371,0.0,0.001378997743960571,0.002519678008331908
449,0.0,lbfgs,6149,297.7268307209015,,,,0.002295409619954865,0.0011337227657931372,0.0,0.0013763691656863667,0.0025100919314795037
450,0.0,lbfgs,6150,298.02207136154175,,,,0.0022893082618023514,0.0011315300279788516,0.0,0.0013712714508520647,0.0025028014788309166
451,0.0,lbfgs,6151,298.28517150878906,,,,0.002285167603009009,0.0011319956296556401,0.0,0.001364182894401638,0.0024961785240572784
452,0.0,lbfgs,6152,298.560822725296,,,,0.0022777653902415797,0.001130878059397215,0.0,0.0013555703371038704,0.0024864483965010855
453,0.0,lbfgs,6153,298.7843415737152,,,,0.0022700118438370703,0.0011309110504275023,0.0,0.0013476268924150735,0.002478537942842576
454,0.0,lbfgs,6154,299.0299644470215,,,,0.0022643786299898173,0.0011292057099474666,0.0,0.00134660410595968,0.0024758098159071464
455,0.0,lbfgs,6155,299.29454350471497,,,,0.002261552013459486,0.0011271939959606105,0.0,0.0013485242830936941,0.002475718279054305
456,0.0,lbfgs,6156,299.5225119590759,,,,0.002260637527041939,0.0011266764711984963,0.0,0.0013490668265311303,0.0024757432977296264
457,0.0,lbfgs,6157,299.7674632072449,,,,0.0022596997622998643,0.0011266490278383494,0.0,0.0013473512812407667,0.002474000309079116
458,0.0,lbfgs,6158,300.0241882801056,,,,0.0022588542561705277,0.0011263290411138887,0.0,0.0013460234066549142,0.0024723524477688026
459,0.0,lbfgs,6159,300.2635724544525,,,,0.0022570405530367454,0.0011255222631050333,0.0,0.0013438478089674974,0.0024693700720725305
460,0.0,lbfgs,6160,300.5109167098999,,,,0.0022536776278837553,0.0011242574796449857,0.0,0.0013416990597763453,0.002465956539421331
461,0.0,lbfgs,6161,300.99079060554504,,,,0.002250357495012562,0.0011214110145394867,0.0,0.0013414343786339116,0.0024628453931733983
462,0.0,lbfgs,6162,301.2201519012451,,,,0.0022444988365899875,0.001119824469191213,0.0,0.0013403916958478648,0.0024602161650390778
463,0.0,lbfgs,6163,301.44734477996826,,,,0.002239241218625224,0.001118865333525049,0.0,0.0013406076384325457,0.002459472971957595
464,0.0,lbfgs,6164,301.6821463108063,,,,0.002235480458838481,0.0011172709135259474,0.0,0.0013440937586133394,0.0024613646721392867
465,0.0,lbfgs,6165,301.89961099624634,,,,0.0022322882186672915,0.0011169474911280873,0.0,0.0013422846811064369,0.002459232172234524
466,0.0,lbfgs,6166,302.13401198387146,,,,0.0022268668734940233,0.0011159569406050363,0.0,0.0013386485031478238,0.0024546054437528603
467,0.0,lbfgs,6167,302.3594551086426,,,,0.002221001731437117,0.0011134889941282306,0.0,0.0013361885016715592,0.00244967749579979
468,0.0,lbfgs,6168,302.6043395996094,,,,0.0022130905948737614,0.0011093287329845037,0.0,0.0013351379821151979,0.002444466715099702
469,0.0,lbfgs,6169,302.8553161621094,,,,0.0022075774764241706,0.001104413723108198,0.0,0.0013365150039295194,0.0024409287270377176
470,0.0,lbfgs,6170,303.12418937683105,,,,0.0022043268592120396,0.0011017549002730902,0.0,0.0013345815377807596,0.00243633643805385
471,0.0,lbfgs,6171,303.3629472255707,,,,0.0022009491790159373,0.0011019123909078814,0.0,0.0013326559988743334,0.002434568389782215
472,0.0,lbfgs,6172,303.60766530036926,,,,0.002198077601236508,0.0011018642197752676,0.0,0.001331403955472162,0.0024332681752474296
473,0.0,lbfgs,6173,303.8434135913849,,,,0.0021942108424085186,0.0011018243971645746,0.0,0.0013282315725353737,0.0024300559696999484
474,0.0,lbfgs,6174,304.07938718795776,,,,0.0021864620071945246,0.0011000914724313522,0.0,0.0013219515953359362,0.0024220430677672883
475,0.0,lbfgs,6175,304.32367396354675,,,,0.00218304114575984,0.001095645350435438,0.0,0.0013242767634960501,0.002419922113931488
476,0.0,lbfgs,6176,304.57797741889954,,,,0.002176864555945447,0.0010960460068388913,0.0,0.0013157393800332007,0.002411785386872092
477,0.0,lbfgs,6177,304.8290002346039,,,,0.002174578741365743,0.0010952958920393534,0.0,0.001314089229199542,0.0024093851212388957
478,0.0,lbfgs,6178,305.0664978027344,,,,0.0021708058363417372,0.0010937538912012413,0.0,0.0013125023534075872,0.0024062562446088287
479,0.0,lbfgs,6179,305.30697107315063,,,,0.0021641012171531764,0.0010903247475358257,0.0,0.0013119181669313936,0.0024022429144672196
480,0.0,lbfgs,6180,305.60872411727905,,,,0.0021540519724528788,0.0010847254115114791,0.0,0.0013116855654293528,0.002396410976940832
481,0.0,lbfgs,6181,305.8854033946991,,,,0.002146425468097351,0.0010780299575806529,0.0,0.0013137837130579651,0.002391813670638618
482,0.0,lbfgs,6182,306.15807008743286,,,,0.002141826400846917,0.001078443119998039,0.0,0.00130841313857937,0.002386856258577409
483,0.0,lbfgs,6183,306.3732783794403,,,,0.002138139087301733,0.0010780603437628117,0.0,0.0013042805101659987,0.0023823408539288106
484,0.0,lbfgs,6184,306.6421046257019,,,,0.002135401541819529,0.0010771685602463626,0.0,0.0013001266428323934,0.002377295203078756
485,0.0,lbfgs,6185,306.8917953968048,,,,0.0021327026250333113,0.0010765117227815747,0.0,0.0012966494609050287,0.0023731611836866036
486,0.0,lbfgs,6186,307.13374042510986,,,,0.002125666517230813,0.0010727946775553616,0.0,0.001291768599041044,0.0023645632765964056
487,0.0,lbfgs,6187,307.36124062538147,,,,0.0021216390037266924,0.0010713453361904694,0.0,0.0012883729333432285,0.0023597182695336977
488,0.0,lbfgs,6188,307.62371921539307,,,,0.0021183298483903523,0.001070714806361145,0.0,0.0012864475478411674,0.0023571623542023123
489,0.0,lbfgs,6189,307.8907115459442,,,,0.0021108452833350725,0.0010677903204967369,0.0,0.0012857034165956684,0.0023534937370924052
490,0.0,lbfgs,6190,308.1132826805115,,,,0.0021073372861594502,0.001066994430066007,0.0,0.001283716520465284,0.002350710950531291
491,0.0,lbfgs,6191,308.3647954463959,,,,0.002102182216668268,0.0010654304977591807,0.0,0.0012817093398361495,0.00234713983759533
492,0.0,lbfgs,6192,308.59898686408997,,,,0.002094891463730245,0.0010619100763518802,0.0,0.0012809557898702604,0.0023428658662221404
493,0.0,lbfgs,6193,308.8390815258026,,,,0.002090243626630902,0.0010601093843314378,0.0,0.001279599624209959,0.002339709008541397
494,0.0,lbfgs,6194,309.0753448009491,,,,0.002080703199680571,0.0010556671444306982,0.0,0.0012782971793570662,0.0023339643237877644
495,0.0,lbfgs,6195,309.51721358299255,,,,0.00207713972745803,0.0010533328862848987,0.0,0.001277675950153212,0.0023310088364381105
496,0.0,lbfgs,6196,309.76804542541504,,,,0.002071685495954212,0.0010510950135205405,0.0,0.0012766295492504683,0.002327724562771009
497,0.0,lbfgs,6197,310.0287961959839,,,,0.002067060131949683,0.0010496058218886363,0.0,0.0012745237220240842,0.0023241295439127207
498,0.0,lbfgs,6198,310.2650291919708,,,,0.002060892899273658,0.0010461902286384322,0.0,0.001273734531929974,0.002319924760568406
499,0.0,lbfgs,6199,310.5151927471161,,,,0.002052655676214856,0.001042138008637946,0.0,0.0012687816628216718,0.0023109196714596178
500,0.0,lbfgs,6200,310.75260949134827,,,,0.0020482849166720157,0.001033893495965579,0.0,0.0012807329652369866,0.002314626461202566
501,0.0,lbfgs,6201,311.00187611579895,,,,0.0020425389253083447,0.00103473828319384,0.0,0.0012698218022369097,0.00230456008543075
502,0.0,lbfgs,6202,311.21255445480347,,,,0.0020390676156001267,0.0010348196045567284,0.0,0.0012646322380164914,0.0022994518425732196
503,0.0,lbfgs,6203,311.4440920352936,,,,0.0020353189949648383,0.0010332461487382988,0.0,0.0012622845730810486,0.0022955307218193474
504,0.0,lbfgs,6204,311.6908850669861,,,,0.0020279223442006573,0.0010290245473982631,0.0,0.0012605077377920465,0.0022895322851903097
505,0.0,lbfgs,6205,312.09951186180115,,,,0.0020243900027119765,0.0010273255373522956,0.0,0.0012621907465392068,0.0022895162838915024
506,0.0,lbfgs,6206,312.32755994796753,,,,0.0020187724488750693,0.0010219875537062825,0.0,0.0012659373226064426,0.002287924876312725
507,0.0,lbfgs,6207,312.5940639972687,,,,0.002016367019801504,0.0010197172543792233,0.0,0.0012665956772899853,0.0022863129316692083
508,0.0,lbfgs,6208,312.8937449455261,,,,0.002013679687865674,0.0010184014502015977,0.0,0.0012682735275855073,0.002286674977787105
509,0.0,lbfgs,6209,313.1149024963379,,,,0.002011757193707361,0.0010183740868634067,0.0,0.001267404829918064,0.0022857789167814706
510,0.0,lbfgs,6210,313.3317370414734,,,,0.002009327074423059,0.0010175014356740937,0.0,0.0012668108160934746,0.0022843122517675683
511,0.0,lbfgs,6211,313.5663697719574,,,,0.0020055259363577957,0.0010154286913750586,0.0,0.0012663013409810687,0.0022817300323561274
512,0.0,lbfgs,6212,313.7855315208435,,,,0.0019994370042520785,0.0010090569779369956,0.0,0.0012697574245220653,0.002278814402459061
513,0.0,lbfgs,6213,313.9983973503113,,,,0.0019958597841177794,0.0010072430569249696,0.0,0.0012701220373991567,0.0022773650943241266
514,0.0,lbfgs,6214,314.2226650714874,,,,0.0019910559376230103,0.0010061910493619534,0.0,0.001265998014346991,0.0022721890637089443
515,0.0,lbfgs,6215,314.4695007801056,,,,0.001986497960033087,0.0010060094777788603,0.0,0.0012613220116363755,0.002267331489415236
516,0.0,lbfgs,6216,314.71215748786926,,,,0.0019817613077147047,0.0010034822650795594,0.0,0.001261358741693741,0.0022648410067733003
517,0.0,lbfgs,6217,314.96383452415466,,,,0.0019757058364718886,0.001003457474092849,0.0,0.0012557377114175243,0.0022591951855103734
518,0.0,lbfgs,6218,315.18694138526917,,,,0.0019718344087401173,0.0010024164221175283,0.0,0.0012545701077315001,0.0022569865298490283
519,0.0,lbfgs,6219,315.43574237823486,,,,0.001967793268383058,0.0010001449229609881,0.0,0.0012548434869926498,0.002254988409953638
520,0.0,lbfgs,6220,315.68135380744934,,,,0.0019640784220028703,0.0009968032293678505,0.0,0.0012578112286103001,0.0022546144579781505
521,0.0,lbfgs,6221,315.9393754005432,,,,0.0019595432833656133,0.0009945469102200758,0.0,0.0012565710933176764,0.0022511180035377524
522,0.0,lbfgs,6222,316.23405957221985,,,,0.0019554694360332647,0.0009928147153267692,0.0,0.0012543024923770546,0.0022471172077038236
523,0.0,lbfgs,6223,316.4992346763611,,,,0.0019531112705090553,0.0009921861299772975,0.0,0.0012526019129193474,0.0022447880428966447
524,0.0,lbfgs,6224,316.8903031349182,,,,0.0019516511795387393,0.0009907996695708605,0.0,0.0012521404218901388,0.002242940091460999
525,0.0,lbfgs,6225,317.12553453445435,,,,0.0019485774735986882,0.000990182350968211,0.0,0.0012501122466636336,0.0022402945976318445
526,0.0,lbfgs,6226,317.3699777126312,,,,0.0019455671122712715,0.0009889031160790654,0.0,0.0012495332661594007,0.002238436382238466
527,0.0,lbfgs,6227,317.6373026371002,,,,0.0019421265816572109,0.0009869629639942023,0.0,0.0012494107434159005,0.0022363737074101026
528,0.0,lbfgs,6228,317.8695628643036,,,,0.0019367480575633068,0.000984287878962852,0.0,0.0012465926602948034,0.002230880539257655
529,0.0,lbfgs,6229,318.2891192436218,,,,0.001932005469946983,0.0009807088797837156,0.0,0.0012453105287515533,0.002226019408535269
530,0.0,lbfgs,6230,318.5270836353302,,,,0.0019249742010491008,0.0009779342630964849,0.0,0.0012377205925273016,0.0022156548556237863
531,0.0,lbfgs,6231,318.7666459083557,,,,0.001919961190275846,0.000976211106185005,0.0,0.001230491082183571,0.002206702188368576
532,0.0,lbfgs,6232,319.0019187927246,,,,0.0019136541219400254,0.0009733391536729829,0.0,0.0012225267744957896,0.0021958659281687727
533,0.0,lbfgs,6233,319.2702190876007,,,,0.0019057240485104488,0.0009685031065258194,0.0,0.001216857918278286,0.0021853610248041056
534,0.0,lbfgs,6234,319.7146375179291,,,,0.001902923406987792,0.0009665175911987874,0.0,0.0012135790052358708,0.002180096596434658
535,0.0,lbfgs,6235,319.98444056510925,,,,0.0018961167548899615,0.0009608880417295259,0.0,0.0012113310551076458,0.0021722190968371715
536,0.0,lbfgs,6236,320.19261360168457,,,,0.001893281037068486,0.0009580900524073416,0.0,0.0012151049049080444,0.002173194957315386
537,0.0,lbfgs,6237,320.4260959625244,,,,0.001890460453023861,0.0009568548890464338,0.0,0.0012133125964870735,0.0021701674855335073
538,0.0,lbfgs,6238,320.6604824066162,,,,0.0018877653122086903,0.0009559371025783271,0.0,0.0012113761684715502,0.0021673132710498776
539,0.0,lbfgs,6239,320.90149903297424,,,,0.001884023212168351,0.0009541429360476574,0.0,0.0012075148181902836,0.002161657754237941
540,0.0,lbfgs,6240,321.1599123477936,,,,0.0018786864534618515,0.0009500302289711009,0.0,0.0012047469513501126,0.0021547771803212138
541,0.0,lbfgs,6241,321.4066574573517,,,,0.001874429072880458,0.0009492014688323493,0.0,0.0011993023047855277,0.002148503773617877
542,0.0,lbfgs,6242,321.6938018798828,,,,0.001868365581035044,0.0009458193172236955,0.0,0.0011945550478788668,0.0021403743651025623
543,0.0,lbfgs,6243,321.92265129089355,,,,0.001864270885144831,0.0009443257507241231,0.0,0.001190814633896365,0.002135140384620488
544,0.0,lbfgs,6244,322.17399168014526,,,,0.0018612367524699015,0.0009428028700672254,0.0,0.0011897905946764837,0.002132593464743709
545,0.0,lbfgs,6245,322.44178223609924,,,,0.0018570524691728335,0.0009407699942384604,0.0,0.0011872376738967859,0.0021280076681352462
546,0.0,lbfgs,6246,322.7184512615204,,,,0.001853072119920596,0.0009386507577593306,0.0,0.0011835283294567844,0.002122179087216115
547,0.0,lbfgs,6247,322.98672342300415,,,,0.0018481896034633419,0.0009340712541403624,0.0,0.001179502355154022,0.0021135736092943846
548,0.0,lbfgs,6248,323.2013347148895,,,,0.0018430288575734862,0.0009328151142090501,0.0,0.0011726549270434138,0.002105470041252464
549,0.0,lbfgs,6249,323.4548306465149,,,,0.0018401935897979888,0.0009320301338743289,0.0,0.0011700611702003328,0.0021020913040746617
550,0.0,lbfgs,6250,323.66054463386536,,,,0.0018364132811651368,0.0009303476305122143,0.0,0.001167440694246164,0.0020977883247583783
551,0.0,lbfgs,6251,323.92293190956116,,,,0.0018327954972313762,0.0009276879752564621,0.0,0.0011659863940084105,0.0020936743692648724
552,0.0,lbfgs,6252,324.1705279350281,,,,0.001827704343766011,0.000923220495743467,0.0,0.0011671220208547288,0.002090342516598196
553,0.0,lbfgs,6253,324.435861825943,,,,0.0018242068658314292,0.000919870303293364,0.0,0.0011635786834737797,0.0020834489867671436
554,0.0,lbfgs,6254,324.7060329914093,,,,0.0018212141469122465,0.0009166157089760195,0.0,0.0011691470524759179,0.002085762761451937
555,0.0,lbfgs,6255,324.93494415283203,,,,0.0018179012265912304,0.0009178210973412533,0.0,0.0011641049227050539,0.002081926020046307
556,0.0,lbfgs,6256,325.17005228996277,,,,0.0018148548347986459,0.0009175861111701459,0.0,0.00116159966174054,0.002079185772910686
557,0.0,lbfgs,6257,325.38194251060486,,,,0.0018122716536637718,0.0009169801142133924,0.0,0.0011604177710302051,0.0020773978852435975
558,0.0,lbfgs,6258,325.6430916786194,,,,0.001809631429476047,0.0009139596700969879,0.0,0.0011612909570737654,0.0020752506271707535
559,0.0,lbfgs,6259,325.8614971637726,,,,0.0018088070759615124,0.0009143416826520776,0.0,0.0011598408048838662,0.002074182487535944
560,0.0,lbfgs,6260,326.09753131866455,,,,0.0018069934929866396,0.0009135445305331174,0.0,0.0011588825234205029,0.00207242705395362
561,0.0,lbfgs,6261,326.34271144866943,,,,0.00180560757014265,0.0009128165111608211,0.0,0.001158506488067793,0.002071322999228614
562,0.0,lbfgs,6262,326.59391498565674,,,,0.0018038256883149367,0.000911965041163962,0.0,0.0011583370463095165,0.0020703020874734785
563,0.0,lbfgs,6263,326.8215899467468,,,,0.0018018035284954438,0.0009112157594121761,0.0,0.0011579065704049641,0.0020691223298171402
564,0.0,lbfgs,6264,327.0808970928192,,,,0.0017978479223803392,0.0009083031658680554,0.0,0.0011572962829545792,0.0020655994488226344
565,0.0,lbfgs,6265,327.3138346672058,,,,0.0017953764285721762,0.0009097037254189178,0.0,0.0011563314269034633,0.002066035152322381
566,0.0,lbfgs,6266,327.58295130729675,,,,0.0017925244840867,0.000903140504977862,0.0,0.001160692396600423,0.002063832901578285
567,0.0,lbfgs,6267,327.8135929107666,,,,0.001788481552222462,0.0009027901987522906,0.0,0.0011552949498516523,0.002058085148603943
568,0.0,lbfgs,6268,328.0495502948761,,,,0.0017860199878239258,0.0009026922047025325,0.0,0.0011545129543646755,0.002057205159067208
569,0.0,lbfgs,6269,328.30262422561646,,,,0.0017826598581551839,0.0009007756827617797,0.0,0.0011544162060961036,0.002055191888857883
570,0.0,lbfgs,6270,328.5336482524872,,,,0.001778477590269271,0.0008964813392306596,0.0,0.0011569235365652226,0.002053404875795882
571,0.0,lbfgs,6271,328.77842593193054,,,,0.0017731456930555347,0.0008948442591072194,0.0,0.0011540683620839796,0.002048912621191199
572,0.0,lbfgs,6272,329.03851342201233,,,,0.0017685545519738747,0.0008901665586226636,0.0,0.0011552710618736401,0.002045437620496304
573,0.0,lbfgs,6273,329.2718529701233,,,,0.0017657274152368197,0.000889089050214484,0.0,0.0011527819998417785,0.0020418710500562623
574,0.0,lbfgs,6274,329.53980803489685,,,,0.0017628567411467609,0.0008886911601952682,0.0,0.0011496295885532672,0.0020383207487485355
575,0.0,lbfgs,6275,329.74370217323303,,,,0.0017592237896259851,0.0008862163480307183,0.0,0.001148792594173468,0.0020350089422041862
576,0.0,lbfgs,6276,329.9824869632721,,,,0.00175642204344456,0.000883983911107982,0.0,0.0011516713592997834,0.0020356552704077656
577,0.0,lbfgs,6277,330.2287230491638,,,,0.001752867145353647,0.0008818906241332631,0.0,0.001149981256502184,0.002031871880635447
578,0.0,lbfgs,6278,330.4876787662506,,,,0.0017512615349290022,0.0008818292424862718,0.0,0.00114851421572995,0.002030343458216222
579,0.0,lbfgs,6279,330.7166521549225,,,,0.001747896859187136,0.00088180094063521,0.0,0.0011448680479726337,0.0020266689886078437
580,0.0,lbfgs,6280,330.9925365447998,,,,0.001744618196027092,0.0008814107242888411,0.0,0.0011410092258644195,0.002022419950153261
581,0.0,lbfgs,6281,331.2243323326111,,,,0.0017402919344321464,0.0008803394822532031,0.0,0.0011363204616406761,0.0020166599438938794
582,0.0,lbfgs,6282,331.4757390022278,,,,0.001736456948203274,0.0008786683369517274,0.0,0.0011298754862253861,0.0020085438231771135
583,0.0,lbfgs,6283,331.69473910331726,,,,0.0017315385301913484,0.0008753415021571005,0.0,0.001128705842009159,0.0020040473441662594
584,0.0,lbfgs,6284,331.96269249916077,,,,0.0017286201255399605,0.0008742186947621559,0.0,0.0011269310469086092,0.002001149741670765
585,0.0,lbfgs,6285,332.1920621395111,,,,0.0017254068084259335,0.0008720701756210137,0.0,0.001125512423610585,0.0019975825992315987
586,0.0,lbfgs,6286,332.42597103118896,,,,0.0017224274556554714,0.0008702711434993935,0.0,0.0011237456430555506,0.001994016786554944
587,0.0,lbfgs,6287,332.8619430065155,,,,0.0017194831157532637,0.0008670504490103036,0.0,0.0011238266968094462,0.0019908771458197498
588,0.0,lbfgs,6288,333.0795555114746,,,,0.0017146436830991416,0.0008639248014632914,0.0,0.0011194674835089589,0.0019833922849722503
589,0.0,lbfgs,6289,333.31327652931213,,,,0.0017126757250064176,0.000862918356912239,0.0,0.0011192174530464869,0.001982135809958726
590,0.0,lbfgs,6290,333.5498275756836,,,,0.0017101026062593396,0.0008620725008189893,0.0,0.0011168176322118419,0.0019788901330308312
591,0.0,lbfgs,6291,333.7820727825165,,,,0.0017071721821451354,0.0008586568008737416,0.0,0.001119216835237328,0.00197787363611107
592,0.0,lbfgs,6292,334.02032017707825,,,,0.0017046020824527382,0.0008578607522822935,0.0,0.0011169269909417235,0.001974787743224017
593,0.0,lbfgs,6293,334.26629757881165,,,,0.00170101686272999,0.0008554680607757657,0.0,0.0011147136954598078,0.0019701817562355734
594,0.0,lbfgs,6294,334.4787850379944,,,,0.001698069541655572,0.0008542118334859332,0.0,0.0011122950662827854,0.0019665068997687185
595,0.0,lbfgs,6295,334.7236878871918,,,,0.001693718442609377,0.0008504185323172102,0.0,0.0011110369611314064,0.0019614554934486166
596,0.0,lbfgs,6296,334.9735713005066,,,,0.0016898999000640974,0.0008485556373422824,0.0,0.0011091212140174234,0.001957676851359706
597,0.0,lbfgs,6297,335.22396898269653,,,,0.0016868245584609914,0.000848718942458709,0.0,0.0011063784584360323,0.0019550974008947413
598,0.0,lbfgs,6298,335.44355964660645,,,,0.0016826451990263928,0.000846661503304891,0.0,0.0011043135561333757,0.0019509750594382666
599,0.0,lbfgs,6299,335.6589639186859,,,,0.0016783600501483927,0.0008453987328650061,0.0,0.0010995046221591363,0.0019449033550241425
600,0.0,lbfgs,6300,335.8960208892822,,,,0.0016756405270892455,0.0008436243178452354,0.0,0.0010980352201966314,0.0019416595380418668
601,0.0,lbfgs,6301,336.1574411392212,,,,0.001672993167705017,0.0008420119926117554,0.0,0.0010959744924369872,0.0019379864850487425
602,0.0,lbfgs,6302,336.4131519794464,,,,0.0016692876254059941,0.0008406576274978132,0.0,0.0010926768080590649,0.001933334435556878
603,0.0,lbfgs,6303,336.66829013824463,,,,0.001666478324238236,0.000838854171851386,0.0,0.0010921326222575517,0.0019309867941089377
604,0.0,lbfgs,6304,336.8826656341553,,,,0.0016622808018909429,0.0008369987830825657,0.0,0.001090792970013922,0.0019277917530964878
605,0.0,lbfgs,6305,337.11814618110657,,,,0.0016592290413054958,0.0008335707403439877,0.0,0.0010949919310875474,0.001928562671431535
606,0.0,lbfgs,6306,337.34635519981384,,,,0.0016549042243384484,0.0008332962684818777,0.0,0.0010886517442008912,0.0019219480126827688
607,0.0,lbfgs,6307,337.6012444496155,,,,0.001650790897616983,0.0008324566310775956,0.0,0.0010829124958005147,0.0019153691268781103
608,0.0,lbfgs,6308,337.84503197669983,,,,0.0016471972542992696,0.0008306117144618669,0.0,0.0010783619707181251,0.0019089736851799922
609,0.0,lbfgs,6309,338.15472435951233,,,,0.001644725391561175,0.0008278143975474865,0.0,0.0010770380067615954,0.001904852404309082
610,0.0,lbfgs,6310,338.4286894798279,,,,0.001642281818097704,0.0008243277934835209,0.0,0.0010766292802714776,0.0019009570737549986
611,0.0,lbfgs,6311,338.7326958179474,,,,0.0016394960472056888,0.0008227369283283888,0.0,0.0010756104561960031,0.0018983473845243918
612,0.0,lbfgs,6312,338.98398661613464,,,,0.0016371801713161698,0.0008222026118098533,0.0,0.0010747053284362136,0.001896907940246067
613,0.0,lbfgs,6313,339.22423100471497,,,,0.0016357468821060215,0.0008212160355905806,0.0,0.0010747870565542713,0.001896003092144852
614,0.0,lbfgs,6314,339.4761493206024,,,,0.001631190137674194,0.0008184410401641824,0.0,0.0010733953392871515,0.0018918363794513339
615,0.0,lbfgs,6315,339.9241375923157,,,,0.001629403770849654,0.0008158182594873908,0.0,0.0010751417296818316,0.0018909599891692224
616,0.0,lbfgs,6316,340.14097023010254,,,,0.0016258010430183617,0.0008131225323067003,0.0,0.0010735210747469654,0.0018866436070536657
617,0.0,lbfgs,6317,340.3955020904541,,,,0.0016213274729524052,0.0008115439925674208,0.0,0.001072768203032708,0.001884312195600129
618,0.0,lbfgs,6318,340.6223576068878,,,,0.001617622171627707,0.0008093302872750854,0.0,0.0010699678868739521,0.0018792981741490374
619,0.0,lbfgs,6319,340.8760664463043,,,,0.0016149690671992073,0.0008091671934008076,0.0,0.0010666218644153256,0.001875789057816133
620,0.0,lbfgs,6320,341.08775448799133,,,,0.0016130120149122412,0.0008080267313075813,0.0,0.0010664332074225662,0.0018744599387301476
621,0.0,lbfgs,6321,341.33632159233093,,,,0.0016082362013075766,0.0008054154110521023,0.0,0.001065262162651275,0.0018706775737033772
622,0.0,lbfgs,6322,341.5552456378937,,,,0.0016031645734839058,0.000803438918630491,0.0,0.0010617313360606969,0.0018651702546911878
623,0.0,lbfgs,6323,341.8084325790405,,,,0.0015987554014867769,0.0008005619146704175,0.0,0.0010586862860436363,0.0018592482007140539
624,0.0,lbfgs,6324,342.07227206230164,,,,0.001595848373803616,0.0007991882326352434,0.0,0.0010559350324409517,0.0018551232650761951
625,0.0,lbfgs,6325,342.32579255104065,,,,0.001593401330537001,0.0008011418948783191,0.0,0.0010498286221728979,0.001850970517051217
626,0.0,lbfgs,6326,342.58864879608154,,,,0.0015910378499161028,0.0008004772181350359,0.0,0.0010470289048604372,0.0018475061229954732
627,0.0,lbfgs,6327,342.8764913082123,,,,0.00158660489888867,0.0007981423391380863,0.0,0.001043156730694793,0.0018412990698328793
628,0.0,lbfgs,6328,343.1075849533081,,,,0.0015816691792937712,0.0007923343697234394,0.0,0.001039859631341088,0.0018321940010645275
629,0.0,lbfgs,6329,343.3380968570709,,,,0.0015782532541212283,0.000786497456423544,0.0,0.0010431960812565867,0.0018296935376801307
630,0.0,lbfgs,6330,343.5906867980957,,,,0.0015752875757073686,0.000787052470174378,0.0,0.0010401503987025776,0.0018272028688769556
631,0.0,lbfgs,6331,343.8279345035553,,,,0.001573136958245247,0.0007862283111957666,0.0,0.0010391771081941126,0.0018254054193898792
632,0.0,lbfgs,6332,344.099684715271,,,,0.0015712245868532506,0.0007851707354665225,0.0,0.0010382204447269925,0.001823391180193515
633,0.0,lbfgs,6333,344.35288739204407,,,,0.0015676603127601917,0.0007829260173485434,0.0,0.001036590939617488,0.0018195169569660313
634,0.0,lbfgs,6334,344.5943970680237,,,,0.001562293466156907,0.0007795647233929386,0.0,0.0010343440888448488,0.0018139088122377874
635,0.0,lbfgs,6335,345.0125615596771,,,,0.0015590282311958776,0.0007755891911120861,0.0,0.0010354233460211717,0.0018110125371332579
636,0.0,lbfgs,6336,345.22565054893494,,,,0.0015546376064857104,0.0007731455467097083,0.0,0.0010343742335676086,0.0018075197802773168
637,0.0,lbfgs,6337,345.45707988739014,,,,0.0015524401354804719,0.0007724013322838488,0.0,0.0010338625618593036,0.0018062638941431525
638,0.0,lbfgs,6338,345.6743309497833,,,,0.001549550382876385,0.000771983752939172,0.0,0.0010330351431789991,0.0018050188961181712
639,0.0,lbfgs,6339,346.0996284484863,,,,0.0015482157643925468,0.0007714579927668942,0.0,0.0010331029965922355,0.0018045609893591298
640,0.0,lbfgs,6340,346.33604097366333,,,,0.0015452438243704692,0.0007700535784529432,0.0,0.0010328567325230535,0.0018029103109759967
641,0.0,lbfgs,6341,346.58659410476685,,,,0.0015414175296733202,0.0007677035549596775,0.0,0.001032440330847314,0.0018001438858069917
642,0.0,lbfgs,6342,346.8390734195709,,,,0.0015378776339371376,0.0007647763606837649,0.0,0.0010317803701386287,0.0017965567308223934
643,0.0,lbfgs,6343,347.10445046424866,,,,0.0015329141221105012,0.0007599840024008458,0.0,0.0010281406972895283,0.001788124699690374
644,0.0,lbfgs,6344,347.3444082736969,,,,0.001530705171539827,0.0007522674616451409,0.0,0.001033628292898798,0.001785895754543939
645,0.0,lbfgs,6345,347.58679127693176,,,,0.0015268417583902947,0.0007556010854689148,0.0,0.00102525945335616,0.0017808605388250748
646,0.0,lbfgs,6346,347.8635764122009,,,,0.001525599861798697,0.0007556514956239947,0.0,0.0010235753643166243,0.001779226859940619
647,0.0,lbfgs,6347,348.10489892959595,,,,0.0015241972286823323,0.0007559210156937771,0.0,0.0010217665007519617,0.0017776875164457388
648,0.0,lbfgs,6348,348.3558759689331,,,,0.0015209100762654543,0.0007534933571491157,0.0,0.0010205110546108059,0.0017740044117599215
649,0.0,lbfgs,6349,348.59350419044495,,,,0.0015166555502052507,0.0007514035717537402,0.0,0.0010191538456977777,0.0017705574174515179
650,0.0,lbfgs,6350,348.8407368659973,,,,0.001513996438552488,0.0007490870750855546,0.0,0.001018584934409293,0.0017676720094948475
651,0.0,lbfgs,6351,349.06218791007996,,,,0.0015114445247446863,0.0007460817161286391,0.0,0.001018614479100805,0.0017646961952294442
652,0.0,lbfgs,6352,349.3009488582611,,,,0.0015086004920515004,0.0007428402937996732,0.0,0.0010175510089865823,0.0017603913027862555
653,0.0,lbfgs,6353,349.58966636657715,,,,0.0015057251604658872,0.0007379286900361413,0.0,0.0010155874984489198,0.001753516188485061
654,0.0,lbfgs,6354,349.8354711532593,,,,0.001503040683847579,0.0007338507462770064,0.0,0.001015359234134064,0.0017492099804110705
655,0.0,lbfgs,6355,350.0870580673218,,,,0.0015010363497502518,0.0007330965796358664,0.0,0.0010125738122159804,0.0017456703918518467
656,0.0,lbfgs,6356,350.34225940704346,,,,0.0014977746706224312,0.0007308325382117205,0.0,0.0010101984643639227,0.0017410310025756431
657,0.0,lbfgs,6357,350.595999956131,,,,0.0014952185948760143,0.000729932558342354,0.0,0.0010035507238743998,0.001733483282216754
658,0.0,lbfgs,6358,350.85247230529785,,,,0.001492012788826475,0.0007285043267098668,0.0,0.0010030561755656616,0.0017315605022755285
659,0.0,lbfgs,6359,351.0900762081146,,,,0.0014893896855078899,0.0007278460529403936,0.0,0.001001897304174201,0.0017297433571145946
660,0.0,lbfgs,6360,351.3445951938629,,,,0.0014873225278601897,0.000727746088310602,0.0,0.0009997753160387783,0.0017275214043493805
661,0.0,lbfgs,6361,351.5825021266937,,,,0.0014828834959191976,0.0007266470301447945,0.0,0.0009960487319381085,0.001722695762082903
662,0.0,lbfgs,6362,352.02532410621643,,,,0.001481171779456766,0.0007266438977115659,0.0,0.0009936756856924822,0.0017203195834040483
663,0.0,lbfgs,6363,352.2659201622009,,,,0.0014791733028577288,0.0007261351143477155,0.0,0.0009924717092703005,0.001718606823618016
664,0.0,lbfgs,6364,352.48949575424194,,,,0.0014775955559754054,0.000724560064121539,0.0,0.0009930892839085128,0.0017176493480300517
665,0.0,lbfgs,6365,352.74119687080383,,,,0.001476099791229927,0.0007233553963996,0.0,0.000993640346305897,0.001716995742705497
666,0.0,lbfgs,6366,353.05250787734985,,,,0.0014731694943424462,0.0007212450658551635,0.0,0.0009939200150035576,0.001715165080858721
667,0.0,lbfgs,6367,353.4717788696289,,,,0.0014724491522970762,0.0007191980286017545,0.0,0.0009960172566463755,0.00171521528524813
668,0.0,lbfgs,6368,353.7173681259155,,,,0.0014700919373199016,0.0007183424666099384,0.0,0.0009948711270955615,0.0017132135937055
669,0.0,lbfgs,6369,353.96916127204895,,,,0.0014676314300095276,0.0007175234054923573,0.0,0.0009929918030899213,0.0017105152085822787
670,0.0,lbfgs,6370,354.2114369869232,,,,0.0014652538781774935,0.0007171785863182196,0.0,0.000989806531709899,0.0017069851180281186
671,0.0,lbfgs,6371,354.4517307281494,,,,0.0014635382750845037,0.0007165763104912596,0.0,0.0009877923013837417,0.0017043686118750011
672,0.0,lbfgs,6372,354.71864318847656,,,,0.0014621381563627192,0.0007162461546610015,0.0,0.0009862022048183598,0.0017024483594793613
673,0.0,lbfgs,6373,354.99576568603516,,,,0.0014592646500083506,0.0007149462820741779,0.0,0.0009840491627912044,0.0016989954448653824
674,0.0,lbfgs,6374,355.22855162620544,,,,0.0014572150685709907,0.0007136777928713019,0.0,0.0009834611561171346,0.0016971389489884364
675,0.0,lbfgs,6375,355.4668848514557,,,,0.0014532928919498522,0.0007112219500872781,0.0,0.0009830249232270361,0.0016942468733143143
676,0.0,lbfgs,6376,355.88529229164124,,,,0.0014516188809027878,0.0007102478251292628,0.0,0.0009819992226811044,0.0016922470478103672
677,0.0,lbfgs,6377,356.08936738967896,,,,0.0014496018845360815,0.0007086953505638417,0.0,0.0009827800236050163,0.001691475374168858
678,0.0,lbfgs,6378,356.32223987579346,,,,0.0014479116159628273,0.0007082367927647709,0.0,0.000982286586390627,0.0016905233791553978
679,0.0,lbfgs,6379,356.57611560821533,,,,0.0014451685092243007,0.0007058768719923721,0.0,0.0009815015214249267,0.001687378393417299
680,0.0,lbfgs,6380,356.8133463859558,,,,0.0014417714795227664,0.0007049414731031672,0.0,0.0009792537495687847,0.001684195222671952
681,0.0,lbfgs,6381,357.0401816368103,,,,0.001441259230670571,0.0007032157413800395,0.0,0.0009759349934203741,0.0016791507348004136
682,0.0,lbfgs,6382,357.2621326446533,,,,0.001438565714862464,0.0007025686951600344,0.0,0.0009753697723586239,0.0016779384675186582
683,0.0,lbfgs,6383,357.50707960128784,,,,0.001437630611234899,0.0007027480681002412,0.0,0.0009746261608134343,0.0016773742289136755
684,0.0,lbfgs,6384,357.7347512245178,,,,0.0014362087889306311,0.0007022766138254109,0.0,0.0009736012681610916,0.0016758778819865026
685,0.0,lbfgs,6385,357.97421503067017,,,,0.0014333442154051217,0.0007009241748572469,0.0,0.0009719463482837881,0.001672870523141035
686,0.0,lbfgs,6386,358.2059738636017,,,,0.001429242092668997,0.0006979530740742452,0.0,0.0009706420253507282,0.0016685950994249734
687,0.0,lbfgs,6387,358.629825592041,,,,0.0014269269271804945,0.0006972843932024878,0.0,0.0009692323262206981,0.0016665167194231858
688,0.0,lbfgs,6388,358.84151005744934,,,,0.001424165955892304,0.000694579697121171,0.0,0.000968442792715754,0.001663022489836925
689,0.0,lbfgs,6389,359.1075394153595,,,,0.0014220262482250515,0.0006929002487125248,0.0,0.0009676950123379009,0.0016605952610504256
690,0.0,lbfgs,6390,359.3323049545288,,,,0.0014205734694688484,0.0006928269793625303,0.0,0.00096647253829336,0.0016592995176558903
691,0.0,lbfgs,6391,359.5804920196533,,,,0.0014187571085398421,0.000692384489964655,0.0,0.0009648509833388073,0.0016572354733034624
692,0.0,lbfgs,6392,359.8144874572754,,,,0.0014162146305491136,0.0006912725574070587,0.0,0.0009627119142330151,0.0016539844716400738
693,0.0,lbfgs,6393,360.0307049751282,,,,0.001414541525984564,0.0006903177666363194,0.0,0.0009611325490924106,0.00165145031572873
694,0.0,lbfgs,6394,360.25846767425537,,,,0.0014114892627458912,0.00068801060022268,0.0,0.0009580472237158638,0.001646057823938544
695,0.0,lbfgs,6395,360.4723150730133,,,,0.0014071562769405535,0.0006856950899774807,0.0,0.0009534789055021893,0.00163917399547967
696,0.0,lbfgs,6396,360.9015474319458,,,,0.0014045122161727413,0.0006827009011940965,0.0,0.0009512751100273995,0.001633976011221496
697,0.0,lbfgs,6397,361.1566014289856,,,,0.00140131243389443,0.0006819200612456591,0.0,0.0009471969505692446,0.0016291170118149037
698,0.0,lbfgs,6398,361.4194333553314,,,,0.0013997032579238533,0.0006818647809559873,0.0,0.000945563594519937,0.0016274283754759244
699,0.0,lbfgs,6399,361.63453674316406,,,,0.0013971072972199993,0.0006796679561803537,0.0,0.0009430228169510315,0.0016226907731313853
700,0.0,lbfgs,6400,361.8590943813324,,,,0.0013945566510605483,0.0006805095273669661,0.0,0.0009396114953920794,0.0016201210227590455
701,0.0,lbfgs,6401,362.08059191703796,,,,0.001393103424388422,0.0006799606310665773,0.0,0.0009380064525075636,0.0016179670835741408
702,0.0,lbfgs,6402,362.3073456287384,,,,0.0013907989284663545,0.0006784286790567667,0.0,0.0009355781135707373,0.0016140067926275039
703,0.0,lbfgs,6403,362.5452630519867,,,,0.001388018981314399,0.0006775054943496402,0.0,0.0009316982911619746,0.001609203785511615
704,0.0,lbfgs,6404,362.76417779922485,,,,0.0013850474086276134,0.0006729563194021135,0.0,0.0009276142387691435,0.001600570558171257
705,0.0,lbfgs,6405,363.00649333000183,,,,0.0013827460149977086,0.0006722341625684532,0.0,0.0009250139640286017,0.0015972481265970548
706,0.0,lbfgs,6406,363.2597267627716,,,,0.0013807461756484883,0.0006725041057472147,0.0,0.000922300573701716,0.0015948046794489307
707,0.0,lbfgs,6407,363.48958444595337,,,,0.0013790639288818755,0.0006720652509632395,0.0,0.0009202687278287463,0.0015923339787919859
708,0.0,lbfgs,6408,363.73407673835754,,,,0.001377128159551317,0.0006715843120601772,0.0,0.0009180563023864725,0.0015896406144466496
709,0.0,lbfgs,6409,363.97087049484253,,,,0.0013727252101217893,0.0006699654435172407,0.0,0.0009136551173243501,0.0015836205608415908
710,0.0,lbfgs,6410,364.4027588367462,,,,0.0013713768290801892,0.0006692209542543823,0.0,0.0009150018945011244,0.0015842228487555066
711,0.0,lbfgs,6411,364.6527156829834,,,,0.0013679531906362209,0.0006674523534791216,0.0,0.000912030464843862,0.0015794828183229837
712,0.0,lbfgs,6412,364.90135645866394,,,,0.0013652794304455068,0.0006654998973192875,0.0,0.0009114893815600717,0.0015769892788793593
713,0.0,lbfgs,6413,365.15184569358826,,,,0.001361274569045675,0.0006621015573920758,0.0,0.0009119768342292638,0.0015740783916213395
714,0.0,lbfgs,6414,365.5924367904663,,,,0.0013606831726449432,0.0006619000702803878,0.0,0.0009116475006225571,0.001573547570902945
715,0.0,lbfgs,6415,365.81304717063904,,,,0.0013583208790277405,0.0006598598054594381,0.0,0.0009130234280012127,0.0015728832334606507
716,0.0,lbfgs,6416,366.04214000701904,,,,0.0013566389400307508,0.0006582248255487079,0.0,0.0009137284347606251,0.001571953260309333
717,0.0,lbfgs,6417,366.27516412734985,,,,0.001353455310288703,0.0006553750022525298,0.0,0.0009137854913235612,0.001569160493576091
718,0.0,lbfgs,6418,366.49822330474854,,,,0.001349358373128578,0.0006514661680269104,0.0,0.0009135071318225796,0.00156497329984949
719,0.0,lbfgs,6419,366.9205868244171,,,,0.0013471648840951587,0.0006512140214868536,0.0,0.0009095179978903404,0.001560732019377194
720,0.0,lbfgs,6420,367.16853427886963,,,,0.001342885211029706,0.0006478503363123356,0.0,0.0009082937497644295,0.001556144086076765
721,0.0,lbfgs,6421,367.4958267211914,,,,0.0013395936350627151,0.0006468225590298892,0.0,0.0009056425377911197,0.001552465096821009
722,0.0,lbfgs,6422,367.9538860321045,,,,0.0013377299897728194,0.0006470573807157361,0.0,0.0009037718828143177,0.0015508292635300538
723,0.0,lbfgs,6423,368.17712116241455,,,,0.0013348091613748778,0.0006470026642296836,0.0,0.0009011788113881794,0.0015481814756178628
724,0.0,lbfgs,6424,368.39814281463623,,,,0.0013331219547910657,0.0006471244751789669,0.0,0.0008999707509828084,0.0015470952261617754
725,0.0,lbfgs,6425,368.6419186592102,,,,0.0013296146231276673,0.0006467886369920494,0.0,0.0008980078578351252,0.0015447964948271747
726,0.0,lbfgs,6426,368.92082810401917,,,,0.0013257428474268322,0.0006460962599230667,0.0,0.0008944295149309363,0.001540525774854003
727,0.0,lbfgs,6427,369.34450483322144,,,,0.0013241265720367694,0.0006442230078749271,0.0,0.0008940553708738266,0.0015382783787487538
728,0.0,lbfgs,6428,369.6166021823883,,,,0.001320912369099751,0.0006429791057589607,0.0,0.0008901679792277215,0.001533147084986682
729,0.0,lbfgs,6429,369.9088044166565,,,,0.0013194762612236343,0.0006424141496519798,0.0,0.0008882067165406203,0.0015306208661926002
730,0.0,lbfgs,6430,370.14035630226135,,,,0.0013171742056970548,0.0006408999419657049,0.0,0.0008857187956184043,0.0015266187375841092
731,0.0,lbfgs,6431,370.38774037361145,,,,0.0013151505194354332,0.0006383560079323905,0.0,0.0008857742858072992,0.0015241302937396897
732,0.0,lbfgs,6432,370.6533784866333,,,,0.0013131625074917688,0.0006378097560995453,0.0,0.0008843846890027623,0.0015221944451023076
733,0.0,lbfgs,6433,370.9357647895813,,,,0.0013112717410002396,0.0006360388920614387,0.0,0.0008853523444308082,0.0015213912364922468
734,0.0,lbfgs,6434,371.36004638671875,,,,0.0013105100325779464,0.0006354373051508952,0.0,0.0008848268638950271,0.0015202641690459223
735,0.0,lbfgs,6435,371.58806824684143,,,,0.0013090796446272813,0.0006340933361689506,0.0,0.0008859279673624193,0.00152002130353137
736,0.0,lbfgs,6436,371.80245900154114,,,,0.0013061751583580872,0.0006308239697698744,0.0,0.0008873437366985719,0.0015181677064684462
737,0.0,lbfgs,6437,372.11080503463745,,,,0.0013037392639295591,0.0006284434393979489,0.0,0.0008870785127450595,0.0015155219521430085
738,0.0,lbfgs,6438,372.3559203147888,,,,0.0013011806411355885,0.0006265712541587772,0.0,0.0008849621665578992,0.0015115334207166764
739,0.0,lbfgs,6439,372.5817584991455,,,,0.001297695749364265,0.0006248489842858275,0.0,0.0008819607828443995,0.001506809767130227
740,0.0,lbfgs,6440,372.9686346054077,,,,0.00129543562000967,0.0006227728896564268,0.0,0.0008795528942703177,0.0015023257839267444
741,0.0,lbfgs,6441,373.2070412635803,,,,0.0012926472796098848,0.0006228957571064065,0.0,0.000876244754678204,0.0014991405117846105
742,0.0,lbfgs,6442,373.4849374294281,,,,0.00129083722568765,0.000622866431848965,0.0,0.0008736977820202228,0.0014965642138691877
743,0.0,lbfgs,6443,373.71840715408325,,,,0.0012889111800391778,0.0006227913472323678,0.0,0.0008718548446999719,0.0014946461919323397
744,0.0,lbfgs,6444,373.95999813079834,,,,0.0012864966573158728,0.0006221312788215608,0.0,0.0008700495707838453,0.001492180849605406
745,0.0,lbfgs,6445,374.19241309165955,,,,0.0012840573544944968,0.0006201017504525978,0.0,0.0008675125089477873,0.0014876142594003852
746,0.0,lbfgs,6446,374.43697118759155,,,,0.0012796325877334081,0.0006169812019859453,0.0,0.0008621242427536796,0.001479105444739625
747,0.0,lbfgs,6447,374.91644263267517,,,,0.0012777753531579387,0.0006160865723804097,0.0,0.0008580953440381083,0.001474181916418518
748,0.0,lbfgs,6448,375.1393666267395,,,,0.00127574327450074,0.0006142643518124007,0.0,0.0008555926960676548,0.0014698570478800556
749,0.0,lbfgs,6449,375.399934053421,,,,0.0012744356441703785,0.0006144289858958083,0.0,0.000853627314722482,0.0014680563006182904
750,0.0,lbfgs,6450,375.6105086803436,,,,0.0012721705533017742,0.0006134817209361799,0.0,0.0008508459506958555,0.0014643276716320354
751,0.0,lbfgs,6451,375.8549151420593,,,,0.0012692687679175412,0.0006127849264905923,0.0,0.0008472713516885195,0.0014600562781791116
752,0.0,lbfgs,6452,376.3066906929016,,,,0.0012675472609672675,0.0006102378129724844,0.0,0.0008450867865553214,0.001455324599527806
753,0.0,lbfgs,6453,376.5383303165436,,,,0.0012663098956034093,0.0006093989993521482,0.0,0.0008441483343060453,0.0014535473336581934
754,0.0,lbfgs,6454,376.77314138412476,,,,0.0012636503285303642,0.0006080284187761088,0.0,0.0008418160723676786,0.0014498444911437874
755,0.0,lbfgs,6455,377.035103559494,,,,0.0012610281287147428,0.0006065292502555537,0.0,0.0008398245305269125,0.001446353780782466
756,0.0,lbfgs,6456,377.29881596565247,,,,0.0012585636234859773,0.0006040242475719297,0.0,0.0008386493754547484,0.0014426736230266782
757,0.0,lbfgs,6457,377.6208281517029,,,,0.0012556841515939982,0.0006042548993258573,0.0,0.0008368576108430834,0.0014411125101689405
758,0.0,lbfgs,6458,377.8653619289398,,,,0.001253699972238106,0.000603408511068929,0.0,0.0008363616031540175,0.0014397701142229466
759,0.0,lbfgs,6459,378.1505432128906,,,,0.001251645447325566,0.0006026193169881664,0.0,0.0008365876852150724,0.0014392070022032387
760,0.0,lbfgs,6460,378.6035621166229,,,,0.0012503048416218586,0.0006015230914630767,0.0,0.0008358285737310025,0.0014373516651940792
761,0.0,lbfgs,6461,378.84732270240784,,,,0.0012484569656382905,0.00060060378007871,0.0,0.0008355318636684781,0.0014361356437471882
762,0.0,lbfgs,6462,379.10321617126465,,,,0.0012461769848462634,0.0005990621584767619,0.0,0.0008345672731109735,0.0014336294315877355
763,0.0,lbfgs,6463,379.3476457595825,,,,0.001245432286628611,0.0005985031341749215,0.0,0.0008347285638725407,0.0014332316980474624
764,0.0,lbfgs,6464,379.58400106430054,,,,0.0012446360248214844,0.0005985459962434264,0.0,0.0008336073849108965,0.001432153381154323
765,0.0,lbfgs,6465,379.82714796066284,,,,0.0012435253534547343,0.0005985036423863911,0.0,0.0008325366239445209,0.001431040266330912
766,0.0,lbfgs,6466,380.06109714508057,,,,0.0012427211922811337,0.0005983249510481831,0.0,0.0008323860315448332,0.0014307109825930165
767,0.0,lbfgs,6467,380.49427247047424,,,,0.0012423124231388963,0.0005976876267534182,0.0,0.0008334982861261997,0.001431185912879618
768,0.0,lbfgs,6468,380.69891595840454,,,,0.0012414575087829,0.0005973033547015796,0.0,0.000834103919946298,0.0014314072746478776
769,0.0,lbfgs,6469,380.9310266971588,,,,0.0012407581022808715,0.0005967901316169497,0.0,0.0008350790884867628,0.0014318692201037125
770,0.0,lbfgs,6470,381.1687207221985,,,,0.0012400374239900209,0.0005962175855555021,0.0,0.0008359204607878164,0.0014321380463433184
771,0.0,lbfgs,6471,381.41229605674744,,,,0.0012390079384029281,0.0005955611743577131,0.0,0.0008362017149666344,0.0014317628893243475
772,0.0,lbfgs,6472,381.62102484703064,,,,0.0012371340221142197,0.0005949015302429309,0.0,0.0008349513186990301,0.0014298528489419611
773,0.0,lbfgs,6473,381.8408958911896,,,,0.0012343706660378148,0.0005938449109097028,0.0,0.0008320594112226637,0.0014259043221323663
774,0.0,lbfgs,6474,382.0865125656128,,,,0.0012324932295398106,0.0005933948006519394,0.0,0.0008285549716051236,0.001421949772257063
775,0.0,lbfgs,6475,382.5887448787689,,,,0.0012313011762646276,0.0005935739309815528,0.0,0.0008256800344682694,0.0014192539654498222
776,0.0,lbfgs,6476,382.85385727882385,,,,0.0012301258099835666,0.0005934434490233446,0.0,0.0008240928193337829,0.0014175362683571274
777,0.0,lbfgs,6477,383.1257402896881,,,,0.0012277528148636663,0.0005927442041275907,0.0,0.0008221451318710388,0.0014148893359986294
778,0.0,lbfgs,6478,383.365017414093,,,,0.0012263645170571451,0.0005920462309452087,0.0,0.000821798697165332,0.0014138449281105407
779,0.0,lbfgs,6479,383.6073760986328,,,,0.001224139533595371,0.0005907066506017648,0.0,0.0008218726102165229,0.0014125792608182877
780,0.0,lbfgs,6480,383.89692974090576,,,,0.0012214631807608589,0.0005892076356512582,0.0,0.000821330478766383,0.0014105381144176412
781,0.0,lbfgs,6481,384.31792306900024,,,,0.0012204017814651021,0.000589095821172422,0.0,0.0008199727000768675,0.0014090685212492897
782,0.0,lbfgs,6482,384.57144713401794,,,,0.0012179883192309636,0.0005875805871912412,0.0,0.0008190406997823185,0.0014066212869735598
783,0.0,lbfgs,6483,384.89857029914856,,,,0.001216801100197941,0.0005869353800934685,0.0,0.0008178332794822296,0.0014047686595756981
784,0.0,lbfgs,6484,385.1233685016632,,,,0.001215428204333996,0.0005862634354379493,0.0,0.0008154585210305207,0.00140172195646847
785,0.0,lbfgs,6485,385.57234168052673,,,,0.001214803561746748,0.0005853702098170807,0.0,0.0008155250721309361,0.0014008952819480167
786,0.0,lbfgs,6486,385.8194348812103,,,,0.0012138460078672036,0.000585273096305043,0.0,0.0008142095580615443,0.0013994826543665875
787,0.0,lbfgs,6487,386.06464290618896,,,,0.0012125287793584186,0.0005848023064053043,0.0,0.000812878729508883,0.0013976810359141874
788,0.0,lbfgs,6488,386.29258608818054,,,,0.0012116985277650797,0.000584186728595274,0.0,0.0008135801914218568,0.0013977669200171308
789,0.0,lbfgs,6489,386.5213084220886,,,,0.0012105424262901622,0.0005836720216592533,0.0,0.0008144618614009259,0.0013981338830601792
790,0.0,lbfgs,6490,386.74601340293884,,,,0.0012089244425374833,0.0005825140362151452,0.0,0.0008164019283785176,0.001398915964593663
791,0.0,lbfgs,6491,386.96154618263245,,,,0.0012076451726438701,0.0005820230691622999,0.0,0.0008162331451687196,0.0013982562143310196
792,0.0,lbfgs,6492,387.17899107933044,,,,0.0012067721719464597,0.000581570879335405,0.0,0.000815860875663166,0.0013974317549985708
793,0.0,lbfgs,6493,387.41815972328186,,,,0.001205477648034524,0.0005802885096679344,0.0,0.0008148921205640917,0.001395180630232026
794,0.0,lbfgs,6494,387.68034958839417,,,,0.0012040821312664573,0.0005781023881089062,0.0,0.0008144127063466542,0.0013925150944555603
795,0.0,lbfgs,6495,387.93636679649353,,,,0.001202931124209254,0.000576584316445668,0.0,0.0008135009716454747,0.0013900852880911426
796,0.0,lbfgs,6496,388.19226455688477,,,,0.0012017422677279357,0.0005752242240422252,0.0,0.0008128417949466882,0.0013880660189889136
797,0.0,lbfgs,6497,388.44461154937744,,,,0.0012003452140031232,0.0005743777451271377,0.0,0.0008119884624188696,0.0013863662075460073
798,0.0,lbfgs,6498,388.7219648361206,,,,0.0011989755553393757,0.0005736827139681488,0.0,0.000810958895413631,0.0013846416093817797
799,0.0,lbfgs,6499,388.9525589942932,,,,0.0011960936641567913,0.0005729653126117244,0.0,0.0008086650423020411,0.0013816303549137655
800,0.0,lbfgs,6500,389.36752939224243,,,,0.0011952375932954241,0.000572072699128435,0.0,0.0008083201361728321,0.0013803928353012672
801,0.0,lbfgs,6501,389.62321043014526,,,,0.0011928960710398068,0.0005726198558812382,0.0,0.0008061532941423641,0.0013787731500236023
802,0.0,lbfgs,6502,389.8502507209778,,,,0.0011915296624961055,0.0005726078350039836,0.0,0.0008052656712916644,0.0013778735062956481
803,0.0,lbfgs,6503,390.11872243881226,,,,0.001189926793091379,0.0005728044605876652,0.0,0.0008051605622841979,0.0013779650228718631
804,0.0,lbfgs,6504,390.57780838012695,,,,0.0011891554705908383,0.0005714685017023905,0.0,0.0008050617631460184,0.0013765302648484088
805,0.0,lbfgs,6505,390.84470224380493,,,,0.0011879731808177097,0.0005710649268933192,0.0,0.0008053154196275644,0.0013763803465208836
806,0.0,lbfgs,6506,391.0822379589081,,,,0.001185918876790735,0.0005694415550122861,0.0,0.0008054499933608627,0.0013748915483731488
807,0.0,lbfgs,6507,391.3644344806671,,,,0.0011836005047430982,0.000566976184227311,0.0,0.000805260829230032,0.001372237013457343
808,0.0,lbfgs,6508,391.58779072761536,,,,0.001180392855565697,0.0005632619625793009,0.0,0.0008047415123247344,0.0013680034749040354
809,0.0,lbfgs,6509,392.0234491825104,,,,0.00117898719782318,0.0005617093174701696,0.0,0.0008048873494994958,0.0013665966669696653
810,0.0,lbfgs,6510,392.279084444046,,,,0.0011763235904225246,0.000559096683943176,0.0,0.0008036613184862201,0.001362758002429396
811,0.0,lbfgs,6511,392.5134057998657,,,,0.0011737510059668986,0.0005578654484127468,0.0,0.0008019261071471306,0.0013597915555598774
812,0.0,lbfgs,6512,392.77059745788574,,,,0.0011722724640563825,0.00055553813635703,0.0,0.0008019215852161403,0.0013574597215731702
813,0.0,lbfgs,6513,393.1043498516083,,,,0.0011687186287593194,0.000556364082609181,0.0,0.0007993142311978371,0.001355678313807018
814,0.0,lbfgs,6514,393.3550429344177,,,,0.001167116979422404,0.0005566910069805647,0.0,0.0007985493935311365,0.0013552404005117012
815,0.0,lbfgs,6515,393.5804135799408,,,,0.0011653245187986383,0.0005561299588230181,0.0,0.0007986010869315547,0.001354731045754573
816,0.0,lbfgs,6516,393.8300156593323,,,,0.0011641695407724056,0.0005551335429096822,0.0,0.0007997081280287932,0.0013548416709384754
817,0.0,lbfgs,6517,394.0678927898407,,,,0.0011620421096716711,0.0005536526049835074,0.0,0.00079968430710287,0.0013533369120863775
818,0.0,lbfgs,6518,394.3188967704773,,,,0.0011607001048501082,0.0005527545916695074,0.0,0.00079900266198092,0.0013517572536504274
819,0.0,lbfgs,6519,394.73366928100586,,,,0.0011602014276063228,0.0005527276347007401,0.0,0.0007979512161324453,0.0013506788508331853
820,0.0,lbfgs,6520,394.97305154800415,,,,0.0011590716354516794,0.0005520566185683128,0.0,0.0007975397452807969,0.0013495963638491097
821,0.0,lbfgs,6521,395.23401165008545,,,,0.0011585956768547147,0.000552077101106137,0.0,0.0007971830619607174,0.0013492601630668544
822,0.0,lbfgs,6522,395.46845531463623,,,,0.0011569941952220505,0.0005519266320686597,0.0,0.0007963751933251851,0.0013483018253938447
823,0.0,lbfgs,6523,395.7308213710785,,,,0.0011558834702110078,0.0005511212723574717,0.0,0.0007965843664168373,0.0013477056387743089
824,0.0,lbfgs,6524,395.9951231479645,,,,0.001153449589725262,0.0005492329886964571,0.0,0.0007949424607841894,0.0013441754494806467
825,0.0,lbfgs,6525,396.2112593650818,,,,0.001151532399665686,0.0005452678036136177,0.0,0.0007980369689033514,0.0013433047725169693
826,0.0,lbfgs,6526,396.64974761009216,,,,0.0011506763047334186,0.000544703208973717,0.0,0.0007962274121321068,0.0013409306211058238
827,0.0,lbfgs,6527,396.8993158340454,,,,0.0011483169927337823,0.000544368117599197,0.0,0.0007937642311856099,0.001338132348784807
828,0.0,lbfgs,6528,397.1182849407196,,,,0.0011466040936230298,0.0005436655218741106,0.0,0.0007924456644949734,0.0013361111863690839
829,0.0,lbfgs,6529,397.3562173843384,,,,0.0011435704882273457,0.0005435470673107807,0.0,0.0007903780081124966,0.0013339250754232771
830,0.0,lbfgs,6530,397.5868806838989,,,,0.0011415137214178734,0.0005402844630537328,0.0,0.0007939402826239425,0.0013342247456776752
831,0.0,lbfgs,6531,397.86422896385193,,,,0.0011392082326272944,0.00054052827060938,0.0,0.0007918793513902571,0.001332407621999637
832,0.0,lbfgs,6532,398.1312003135681,,,,0.001137714626374129,0.0005402816876141945,0.0,0.0007909204899172329,0.0013312021775314276
833,0.0,lbfgs,6533,398.37422704696655,,,,0.001136082704114107,0.0005393287750708383,0.0,0.000790861616095434,0.0013301903911662723
834,0.0,lbfgs,6534,398.61048436164856,,,,0.0011342258168972608,0.0005380828299885782,0.0,0.0007901706232423562,0.0013282534532309345
835,0.0,lbfgs,6535,398.8391327857971,,,,0.0011313919586857413,0.0005368696478876169,0.0,0.0007882841449186758,0.0013251537928062928
836,0.0,lbfgs,6536,399.0693953037262,,,,0.0011281308401669102,0.00053489397499061,0.0,0.0007860369370196595,0.0013209309120102695
837,0.0,lbfgs,6537,399.475697517395,,,,0.0011269884825565696,0.0005351313128968869,0.0,0.0007846196026449217,0.0013197509155418086
838,0.0,lbfgs,6538,399.7352223396301,,,,0.0011258267845496075,0.0005349276034185307,0.0,0.0007827855032939323,0.001317713106712463
839,0.0,lbfgs,6539,399.95748829841614,,,,0.0011251370914736,0.0005346522824053966,0.0,0.000781834256194235,0.0013164865385996316
840,0.0,lbfgs,6540,400.20725655555725,,,,0.0011240927685830671,0.0005340788283959802,0.0,0.0007801404957190495,0.0013142193241150297
841,0.0,lbfgs,6541,400.44703340530396,,,,0.001122229240488275,0.0005322821597035582,0.0,0.0007780404365281585,0.0013103225962317168
842,0.0,lbfgs,6542,400.84797501564026,,,,0.0011212975825086397,0.0005313947593246019,0.0,0.0007752470356736866,0.0013066417949982884
843,0.0,lbfgs,6543,401.06444692611694,,,,0.0011198368494189199,0.0005300612903780389,0.0,0.0007739929972099042,0.001304054287587943
844,0.0,lbfgs,6544,401.2673587799072,,,,0.0011187420615626632,0.0005289826831026341,0.0,0.0007733288108397293,0.0013023114939423636
845,0.0,lbfgs,6545,401.50098991394043,,,,0.001117685243538374,0.0005280669179089231,0.0,0.0007728944416206823,0.0013009613595296055
846,0.0,lbfgs,6546,401.73139452934265,,,,0.0011157364010383841,0.0005264773045234615,0.0,0.000772099112156936,0.0012985764166803975
847,0.0,lbfgs,6547,402.10956954956055,,,,0.0011147795106562484,0.0005248211970212372,0.0,0.000772863283622267,0.001297684480643504
848,0.0,lbfgs,6548,402.31854271888733,,,,0.001113403441632956,0.0005240432349567943,0.0,0.0007724089465485579,0.0012964521815053522
849,0.0,lbfgs,6549,402.52316999435425,,,,0.001112348990848428,0.0005233644249811922,0.0,0.0007719739105478184,0.0012953383355290104
850,0.0,lbfgs,6550,402.7343280315399,,,,0.0011112300986812957,0.0005229711250908961,0.0,0.0007714339843729343,0.0012944051094638304
851,0.0,lbfgs,6551,402.9426782131195,,,,0.001109709166105474,0.0005207976822039802,0.0,0.0007705622750234544,0.0012913599572274346
852,0.0,lbfgs,6552,403.1461398601532,,,,0.001108163655681681,0.0005209184328279417,0.0,0.0007694388098606832,0.0012903572426886248
853,0.0,lbfgs,6553,403.35508489608765,,,,0.0011068996828062574,0.0005200188659814052,0.0,0.0007688922282591399,0.001288911094240545
854,0.0,lbfgs,6554,403.5700614452362,,,,0.0011056739151242378,0.0005186169101054247,0.0,0.0007682006292929461,0.0012868175393983708
855,0.0,lbfgs,6555,403.77746200561523,,,,0.0011042671847007579,0.000518265902404893,0.0,0.0007672438050039041,0.0012855097074087971
856,0.0,lbfgs,6556,403.9844641685486,,,,0.0011026635049061417,0.000517838986376759,0.0,0.0007658841358822547,0.0012837231222590137
857,0.0,lbfgs,6557,404.1965069770813,,,,0.0011011993964851743,0.0005178292227337571,0.0,0.0007659186353660758,0.001283747858099833
858,0.0,lbfgs,6558,404.428759098053,,,,0.0010998441366199029,0.0005183520484715881,0.0,0.0007653686737861554,0.0012837207222577435
859,0.0,lbfgs,6559,404.68624687194824,,,,0.0010968633334277336,0.0005173246161596974,0.0,0.0007647970194573871,0.0012821216356170844
860,0.0,lbfgs,6560,404.8991758823395,,,,0.0010942656829798832,0.0005165628044652976,0.0,0.0007630775351080415,0.001279640339573339
861,0.0,lbfgs,6561,405.1177020072937,,,,0.0010928649753140325,0.0005154491017675722,0.0,0.0007621071865159962,0.0012775562882835685
862,0.0,lbfgs,6562,405.332967042923,,,,0.0010913944080465782,0.0005143972972107261,0.0,0.0007613323315733082,0.0012757296287840341
863,0.0,lbfgs,6563,405.5505406856537,,,,0.00108982516420448,0.0005138877758936037,0.0,0.0007596859368285482,0.0012735737127221518
864,0.0,lbfgs,6564,405.79016304016113,,,,0.0010880426170527654,0.0005133028692144667,0.0,0.0007582047641740151,0.0012715076333884817
865,0.0,lbfgs,6565,406.0155448913574,,,,0.0010853526091659078,0.0005128987425156302,0.0,0.0007558572067309786,0.0012687559492466087
866,0.0,lbfgs,6566,406.2201073169708,,,,0.0010843140935298087,0.0005118020171695756,0.0,0.0007583559519261698,0.0012701579690957453
867,0.0,lbfgs,6567,406.43805265426636,,,,0.0010821611346361116,0.0005119639115830887,0.0,0.0007553302514949094,0.0012672941630779981
868,0.0,lbfgs,6568,406.656555891037,,,,0.0010815659603079096,0.0005119766844228649,0.0,0.000754871118817836,0.001266847803240701
869,0.0,lbfgs,6569,406.8685395717621,,,,0.0010802551501272674,0.000511653832009062,0.0,0.0007545312611785171,0.0012661850931875791
870,0.0,lbfgs,6570,407.2558126449585,,,,0.0010794725902913472,0.0005107166780935359,0.0,0.0007546695113234237,0.0012653861894169596
871,0.0,lbfgs,6571,407.4732174873352,,,,0.0010777276301084534,0.0005095860753139663,0.0,0.0007553924418039225,0.0012649785171178888
872,0.0,lbfgs,6572,407.68942880630493,,,,0.0010768294788763223,0.0005089660118140479,0.0,0.0007556610511651795,0.0012646270629792275
873,0.0,lbfgs,6573,408.0902829170227,,,,0.0010763289172184987,0.000508363024032946,0.0,0.0007558697860776158,0.0012642328101105616
874,0.0,lbfgs,6574,408.30096530914307,,,,0.0010756098646221286,0.0005081344429137695,0.0,0.0007554380001255707,0.0012635724430393402
875,0.0,lbfgs,6575,408.5143964290619,,,,0.0010745317669466211,0.0005079771219093152,0.0,0.0007545733445530802,0.0012625504664623955
876,0.0,lbfgs,6576,408.7249274253845,,,,0.0010734769305417843,0.0005077427808420641,0.0,0.0007538131068107738,0.0012615558876528379
877,0.0,lbfgs,6577,408.93412137031555,,,,0.001072157052822961,0.0005073905017481464,0.0,0.0007525826556506046,0.0012599731573987509
878,0.0,lbfgs,6578,409.1523575782776,,,,0.0010696262288141692,0.0005064314438577536,0.0,0.0007508846369186459,0.0012573160807763995
879,0.0,lbfgs,6579,409.5519289970398,,,,0.0010681477932020654,0.0005058702224769231,0.0,0.0007483349602690401,0.0012542051827459633
880,0.0,lbfgs,6580,409.76429629325867,,,,0.0010667910513990856,0.000505990226187284,0.0,0.0007465994566600624,0.0012525896828473465
881,0.0,lbfgs,6581,409.9776203632355,,,,0.00106575308872618,0.0005060949504305179,0.0,0.0007451206386481532,0.0012512155890786712
882,0.0,lbfgs,6582,410.19549012184143,,,,0.0010642297808654989,0.0005063125786525161,0.0,0.0007431826467571896,0.0012494952254097056
883,0.0,lbfgs,6583,410.40615248680115,,,,0.0010614113447593055,0.0005059290829845317,0.0,0.0007403077091692449,0.0012462367921537766
884,0.0,lbfgs,6584,410.81638073921204,,,,0.001060204887580931,0.0005059242649067871,0.0,0.0007388254191111066,0.0012447496840178938
885,0.0,lbfgs,6585,411.04143357276917,,,,0.001058525909796703,0.0005053350292045886,0.0,0.0007375788023293051,0.0012429138315338938
886,0.0,lbfgs,6586,411.24634528160095,,,,0.001057152912117061,0.0005043398360103106,0.0,0.0007367970065755409,0.0012411368425858515
887,0.0,lbfgs,6587,411.47197818756104,,,,0.0010554704268626743,0.0005033966871150524,0.0,0.0007356602788994877,0.0012390569660145402
888,0.0,lbfgs,6588,411.6912271976471,,,,0.0010536604279749145,0.0005004665784979678,0.0,0.0007344813359173313,0.0012349479144152993
889,0.0,lbfgs,6589,411.91208577156067,,,,0.0010521053817298361,0.000499378212165748,0.0,0.0007335226764563368,0.0012329008886220849
890,0.0,lbfgs,6590,412.1292848587036,,,,0.0010509750961626614,0.0005006647734243938,0.0,0.000731712693348987,0.0012323774667733808
891,0.0,lbfgs,6591,412.3677942752838,,,,0.001050374247576498,0.0005006012417709826,0.0,0.0007310397525673718,0.0012316409943383543
892,0.0,lbfgs,6592,412.5812990665436,,,,0.0010496178682634423,0.0005004091068692191,0.0,0.0007304027650953325,0.0012308118719645516
893,0.0,lbfgs,6593,412.8019335269928,,,,0.0010475195586065788,0.0004995434311654907,0.0,0.0007294040234875852,0.0012289474546530758
894,0.0,lbfgs,6594,413.1922137737274,,,,0.00104682990816393,0.0004985295318187511,0.0,0.000728556042468002,0.001227085574286753
895,0.0,lbfgs,6595,413.4286024570465,,,,0.0010449432022455267,0.0004973446187914076,0.0,0.0007285327437812964,0.0012258773625727038
896,0.0,lbfgs,6596,413.65434312820435,,,,0.001043273873634864,0.0004964481550402274,0.0,0.0007283836962145179,0.0012248318512547453
897,0.0,lbfgs,6597,413.8749825954437,,,,0.0010419012707220138,0.0004956534915351408,0.0,0.000728068614772649,0.0012237221063077898
898,0.0,lbfgs,6598,414.0870306491852,,,,0.0010406405816191875,0.0004953433950882132,0.0,0.0007272487136993773,0.0012225921087875905
899,0.0,lbfgs,6599,414.4715723991394,,,,0.0010396961837408976,0.0004945088114492551,0.0,0.0007269860375320105,0.0012214948489812655
900,0.0,lbfgs,6600,414.6876423358917,,,,0.0010380725302040978,0.0004944037169171361,0.0,0.0007255306115764377,0.0012199343284935737
901,0.0,lbfgs,6601,414.90096640586853,,,,0.001036610551028396,0.000494166106412397,0.0,0.0007243539713480378,0.0012185200777604347
902,0.0,lbfgs,6602,415.12200021743774,,,,0.0010346866904123743,0.0004929804736381354,0.0,0.0007235206100813673,0.0012165010837195027
903,0.0,lbfgs,6603,415.3293173313141,,,,0.0010337997751727244,0.0004933264084234013,0.0,0.0007228108019453218,0.0012161372103687233
904,0.0,lbfgs,6604,415.53955268859863,,,,0.001032740505713896,0.0004926358808517074,0.0,0.0007223076668526398,0.0012149435477043472
905,0.0,lbfgs,6605,415.76223063468933,,,,0.0010320103361501597,0.0004921337419980232,0.0,0.0007219983270302014,0.0012141320690282247
906,0.0,lbfgs,6606,415.97812962532043,,,,0.0010311962291336386,0.0004917749017768341,0.0,0.0007214389695702286,0.0012132138713470627
907,0.0,lbfgs,6607,416.18707156181335,,,,0.0010289748313208201,0.0004913035534899541,0.0,0.0007202094542350369,0.001211513007724991
908,0.0,lbfgs,6608,416.57622361183167,,,,0.0010273931476473533,0.0004905046539882259,0.0,0.0007186210892678644,0.0012091257432560903
909,0.0,lbfgs,6609,416.80236768722534,,,,0.0010257933320560653,0.0004904128039602588,0.0,0.000717938478286702,0.001208351282246961
910,0.0,lbfgs,6610,417.02862000465393,,,,0.0010240946602352652,0.0004900514880073166,0.0,0.0007172292203639187,0.0012072807083712352
911,0.0,lbfgs,6611,417.2473485469818,,,,0.0010234783024824143,0.000488755767513125,0.0,0.0007197711613137258,0.0012085269288268509
912,0.0,lbfgs,6612,417.4570379257202,,,,0.0010219402873154952,0.0004886181882679473,0.0,0.000717692180167668,0.0012063103684356153
913,0.0,lbfgs,6613,417.67294692993164,,,,0.0010209576294791817,0.00048806502105074696,0.0,0.0007168275311959835,0.0012048925522467305
914,0.0,lbfgs,6614,417.88140892982483,,,,0.0010197094618699253,0.00048703144924237075,0.0,0.0007162830625399314,0.0012033145117823021
915,0.0,lbfgs,6615,418.0968277454376,,,,0.0010179339145123913,0.0004859659733323275,0.0,0.000715647455369534,0.0012016134287018616
916,0.0,lbfgs,6616,418.31444907188416,,,,0.00101526527288579,0.00048443649379535376,0.0,0.0007155053088879601,0.0011999418026833139
917,0.0,lbfgs,6617,418.5395827293396,,,,0.001013691278717654,0.00048349162857687524,0.0,0.0007161273386515793,0.0011996189672284546
918,0.0,lbfgs,6618,418.7561342716217,,,,0.0010122033495200025,0.0004834304683056641,0.0,0.000714485722812131,0.001197916191117795
919,0.0,lbfgs,6619,418.9708170890808,,,,0.0010114320567664213,0.0004835697221148675,0.0,0.0007139309348186368,0.0011975006569335043
920,0.0,lbfgs,6620,419.18493127822876,,,,0.0010104763844901016,0.00048315001170306696,0.0,0.0007132668044620272,0.0011964168161650941
921,0.0,lbfgs,6621,419.39460706710815,,,,0.0010088642960152509,0.00048059994705732396,0.0,0.0007140505685016,0.001194650515558924
922,0.0,lbfgs,6622,419.62331533432007,,,,0.001008313994764171,0.0004801314331358458,0.0,0.000714146690720777,0.0011942781238566229
923,0.0,lbfgs,6623,419.84794187545776,,,,0.0010070684931637857,0.00047981094412483837,0.0,0.00071275979165019,0.0011925707357750284
924,0.0,lbfgs,6624,420.0555052757263,,,,0.0010066382595623913,0.000479654345902834,0.0,0.0007121454586100221,0.001191799804512856
925,0.0,lbfgs,6625,420.26405596733093,,,,0.0010061224536500601,0.00047956392005419886,0.0,0.0007113950131642007,0.0011909589332183995
926,0.0,lbfgs,6626,420.66019201278687,,,,0.0010056274155584026,0.0004797970341140239,0.0,0.0007099974341900191,0.001189794468304043
927,0.0,lbfgs,6627,420.8732590675354,,,,0.0010045554288486136,0.0004799728711123334,0.0,0.0007083299141505976,0.001188302785262931
928,0.0,lbfgs,6628,421.0858824253082,,,,0.0010032834996074492,0.0004802373674194689,0.0,0.0007063297300102669,0.0011865670974297356
929,0.0,lbfgs,6629,421.2924094200134,,,,0.0010021165629940075,0.00048045134744998367,0.0,0.0007044987480423726,0.0011849500954923564
930,0.0,lbfgs,6630,421.5066578388214,,,,0.001001119629055453,0.0004802557185383634,0.0,0.0007032176244939652,0.0011834733430323287
931,0.0,lbfgs,6631,421.73101258277893,,,,0.0009991601809739659,0.0004792919441238254,0.0,0.0007006127994806953,0.0011799047436045207
932,0.0,lbfgs,6632,422.12374091148376,,,,0.0009985145668197349,0.00047873797798979095,0.0,0.0007008806013049963,0.0011796185792947874
933,0.0,lbfgs,6633,422.33923983573914,,,,0.0009973279471369434,0.00047785841132552936,0.0,0.0006994229323648858,0.0011772813436904152
934,0.0,lbfgs,6634,422.56444215774536,,,,0.0009964313671367458,0.0004773294983541276,0.0,0.0006988162554026991,0.0011761457537568267
935,0.0,lbfgs,6635,422.77165031433105,,,,0.0009947914279541837,0.00047674081842466725,0.0,0.0006980627627161149,0.001174803581140782
936,0.0,lbfgs,6636,422.99709367752075,,,,0.0009929544925874347,0.00047641596676742956,0.0,0.000696983121467681,0.0011733990882351105
937,0.0,lbfgs,6637,423.2269039154053,,,,0.000991399137927713,0.0004765300116945724,0.0,0.0006967159832856146,0.001173245994980187
938,0.0,lbfgs,6638,423.4655439853668,,,,0.0009901571643859775,0.0004767728091304658,0.0,0.000695390808641715,0.0011721636177721808
939,0.0,lbfgs,6639,423.68265557289124,,,,0.000989117554198123,0.00047668667632205455,0.0,0.000694310500837903,0.0011709971771599575
940,0.0,lbfgs,6640,423.9055645465851,,,,0.0009878685227422078,0.00047609085437134454,0.0,0.0006929808280914453,0.0011690716824627899
941,0.0,lbfgs,6641,424.2937955856323,,,,0.0009869683134814224,0.0004751271833349269,0.0,0.0006924302189198061,0.001167557402254733
942,0.0,lbfgs,6642,424.5354914665222,,,,0.0009854047364348123,0.00047407794625750464,0.0,0.0006902694657385758,0.0011643474119960805
943,0.0,lbfgs,6643,424.7644929885864,,,,0.0009848237430150739,0.0004738123211008415,0.0,0.0006895261276308464,0.001163338448731688
944,0.0,lbfgs,6644,424.9809226989746,,,,0.0009837572788673678,0.00047348736019471485,0.0,0.0006884613561160144,0.0011619487163107294
945,0.0,lbfgs,6645,425.18948197364807,,,,0.000982222934848143,0.00047323598513033074,0.0,0.0006870711612238797,0.0011603071463542104
946,0.0,lbfgs,6646,425.5907838344574,,,,0.0009816868464889129,0.0004729401722805455,0.0,0.0006862901079546777,0.0011592302802352233
947,0.0,lbfgs,6647,425.81846141815186,,,,0.0009809251049969702,0.0004728548087796076,0.0,0.0006860129526439048,0.0011588677614235124
948,0.0,lbfgs,6648,426.04584407806396,,,,0.0009805082459895483,0.0004728721891808119,0.0,0.0006857061325498942,0.0011585783217307063
949,0.0,lbfgs,6649,426.2629568576813,,,,0.0009795278957659718,0.0004727042814852328,0.0,0.0006847800173184062,0.001157484298803639
950,0.0,lbfgs,6650,426.47172832489014,,,,0.0009781142809792208,0.00047234912564407257,0.0,0.0006832167245510239,0.0011555658501950965
951,0.0,lbfgs,6651,426.6829662322998,,,,0.0009755349178664525,0.0004717090391039209,0.0,0.0006809902727943651,0.001152699311898286
952,0.0,lbfgs,6652,427.09242582321167,,,,0.0009742707831930902,0.00047130925001722534,0.0,0.0006798544404180786,0.001151163690435304
953,0.0,lbfgs,6653,427.31930804252625,,,,0.0009725509850344919,0.0004712435575803406,0.0,0.0006780788699301241,0.0011493224275104647
954,0.0,lbfgs,6654,427.53297185897827,,,,0.0009715619888718815,0.00047121654106633046,0.0,0.0006773827052664801,0.0011485992463328106
955,0.0,lbfgs,6655,427.7611665725708,,,,0.0009709338004211092,0.00047094142342132627,0.0,0.0006773172712164854,0.0011482586946378118
956,0.0,lbfgs,6656,428.00037026405334,,,,0.0009700233892774027,0.0004706644877130424,0.0,0.0006773887415769678,0.0011480532292900102
957,0.0,lbfgs,6657,428.2121651172638,,,,0.0009686442371245427,0.00047013176924122274,0.0,0.0006775339373133421,0.0011476657065545648
958,0.0,lbfgs,6658,428.44414925575256,,,,0.0009673601233624431,0.00046955810402260614,0.0,0.0006773548705232036,0.0011469129745458097
959,0.0,lbfgs,6659,428.6670548915863,,,,0.0009654466962686633,0.0004687890221149301,0.0,0.0006762337180194126,0.0011450227401343428
960,0.0,lbfgs,6660,429.0684759616852,,,,0.0009647243255377872,0.0004682910332310158,0.0,0.0006751458091058812,0.001143436842336897
961,0.0,lbfgs,6661,429.30157113075256,,,,0.0009631754666383147,0.000467576460032366,0.0,0.0006737860615084386,0.0011413625215408046
962,0.0,lbfgs,6662,429.5462760925293,,,,0.0009618424524065457,0.0004669508931667112,0.0,0.0006731099131187529,0.0011400608062854642
963,0.0,lbfgs,6663,429.7845242023468,,,,0.0009602486165105251,0.00046654138988638626,0.0,0.0006711689308586024,0.0011377103207449886
964,0.0,lbfgs,6664,429.9900734424591,,,,0.0009590169545898702,0.0004654538132601402,0.0,0.0006730748146608179,0.001138528627920958
965,0.0,lbfgs,6665,430.19243717193604,,,,0.0009582544932630637,0.0004656570938858474,0.0,0.0006725595653517676,0.001138216659237615
966,0.0,lbfgs,6666,430.41763043403625,,,,0.0009568775908214756,0.0004653743360356001,0.0,0.0006729639207578803,0.0011383382567934804
967,0.0,lbfgs,6667,430.6203513145447,,,,0.0009556464138254796,0.0004646972159501924,0.0,0.0006738086824796826,0.001138505898429875
968,0.0,lbfgs,6668,430.8308792114258,,,,0.0009542735658349287,0.0004632689880823903,0.0,0.0006758094589466524,0.0011390784470290427
969,0.0,lbfgs,6669,431.03921723365784,,,,0.0009526992821330895,0.0004623648563498356,0.0,0.0006756722764277379,0.0011380371327775734
970,0.0,lbfgs,6670,431.273318529129,,,,0.0009516953919665508,0.00046213557772112964,0.0,0.0006742424896723535,0.0011363780673934831
971,0.0,lbfgs,6671,431.4904878139496,,,,0.0009499759549366888,0.00046176127744714657,0.0,0.0006715459611991918,0.0011333072386463384
972,0.0,lbfgs,6672,431.71154713630676,,,,0.0009490701777677408,0.00046081227129304196,0.0,0.0006704391077939336,0.0011312513790869756
973,0.0,lbfgs,6673,431.93176221847534,,,,0.0009484304616462369,0.00046100340220545506,0.0,0.0006690796071633173,0.0011300830093687723
974,0.0,lbfgs,6674,432.1457691192627,,,,0.0009474503452213533,0.0004609875822156292,0.0,0.0006683995615866125,0.0011293871438022417
975,0.0,lbfgs,6675,432.3704569339752,,,,0.0009469165149933283,0.00046092705086632214,0.0,0.0006681183319658885,0.0011290453828322106
976,0.0,lbfgs,6676,432.59078788757324,,,,0.0009466307308334222,0.0004608666460261067,0.0,0.0006679411996570167,0.0011288078456831235
977,0.0,lbfgs,6677,432.80577182769775,,,,0.0009457367381041839,0.000460527637969052,0.0,0.0006668048794191597,0.0011273325173882117
978,0.0,lbfgs,6678,433.1943316459656,,,,0.0009451698444297456,0.00046016356373756827,0.0,0.0006668031937789996,0.0011269667575165678
979,0.0,lbfgs,6679,433.4045536518097,,,,0.0009441756860855845,0.00045972468468261774,0.0,0.0006650674153072053,0.001124792099989823
980,0.0,lbfgs,6680,433.62473487854004,,,,0.0009431085508272384,0.000459217614592508,0.0,0.0006632710338829819,0.00112248864847549
981,0.0,lbfgs,6681,433.8387906551361,,,,0.0009412740403166094,0.0004585944602994731,0.0,0.0006607311165920428,0.001119325576891516
982,0.0,lbfgs,6682,434.05515933036804,,,,0.0009401828341352184,0.00045725322854487543,0.0,0.0006578777574145801,0.0011151309859594556
983,0.0,lbfgs,6683,434.26540088653564,,,,0.0009379895084654724,0.00045747255568785744,0.0,0.0006568905282630428,0.0011143630839509002
984,0.0,lbfgs,6684,434.4781060218811,,,,0.0009371080765005747,0.00045757620682583815,0.0,0.0006566018493223069,0.0011141780561481451
985,0.0,lbfgs,6685,434.69806241989136,,,,0.0009362710225053111,0.00045735666362897823,0.0,0.0006562181076504014,0.0011135747712793795
986,0.0,lbfgs,6686,434.92994141578674,,,,0.0009357440808320445,0.0004569064545624906,0.0,0.0006556477456327152,0.0011125542001952059
987,0.0,lbfgs,6687,435.1642003059387,,,,0.0009345225579381004,0.0004557319717682003,0.0,0.0006543678160141444,0.0011100997877823448
988,0.0,lbfgs,6688,435.3973059654236,,,,0.000932795186210682,0.00045418360992317516,0.0,0.0006526641847382524,0.0011068477946614276
989,0.0,lbfgs,6689,435.6273398399353,,,,0.0009305122298592155,0.00045185069493140355,0.0,0.0006512188667175644,0.001103069561648968
990,0.0,lbfgs,6690,435.8633074760437,,,,0.00092983151135078,0.00045103050061405146,0.0,0.0006478933769941465,0.0010989238776081978
991,0.0,lbfgs,6691,436.09053564071655,,,,0.0009284552719496436,0.0004512025798624414,0.0,0.0006474396582049865,0.001098642238067428
992,0.0,lbfgs,6692,436.3101794719696,,,,0.0009281191673850895,0.0004514458819229718,0.0,0.0006472505637727481,0.00109869644569572
993,0.0,lbfgs,6693,436.5364534854889,,,,0.0009274916498931533,0.0004516601794524437,0.0,0.0006459430976138964,0.00109760327706634
994,0.0,lbfgs,6694,436.7717046737671,,,,0.0009266633609319051,0.0004517481911418005,0.0,0.0006446047768486111,0.0010963529679904114
995,0.0,lbfgs,6695,437.0123999118805,,,,0.0009255160073901036,0.000451184979768159,0.0,0.0006424564744213411,0.0010936414541895
996,0.0,lbfgs,6696,437.2600257396698,,,,0.000923683297448681,0.0004499215918583392,0.0,0.0006395308073880586,0.0010894523992463977
997,0.0,lbfgs,6697,437.5180814266205,,,,0.0009221763458772325,0.0004486572053906275,0.0,0.0006375717640819371,0.0010862289694725646
998,0.0,lbfgs,6698,437.92022919654846,,,,0.0009217030533522747,0.0004481973955286774,0.0,0.0006371015738840251,0.0010852989694127026
999,0.0,lbfgs,6699,438.1622259616852,,,,0.000920607364880907,0.0004474812219118428,0.0,0.0006358209295970493,0.0010833021515088922
1000,0.0,lbfgs,6700,438.38751888275146,,,,0.0009197100634051329,0.0004470201262545888,0.0,0.0006353225243008508,0.0010823426505554396
1001,0.0,lbfgs,6701,438.6253607273102,,,,0.0009183787080370613,0.00044632270541104015,0.0,0.0006341436484014416,0.0010804663538124817
1002,0.0,lbfgs,6702,438.85873007774353,,,,0.0009168842696185922,0.00044532099914091754,0.0,0.0006327982950088134,0.001078119294149731
1003,0.0,lbfgs,6703,439.08775782585144,,,,0.0009153719761411689,0.0004439290850184122,0.0,0.0006297878890693245,0.0010737169740877366
1004,0.0,lbfgs,6704,439.31367540359497,,,,0.000914285144076741,0.00044332719106524526,0.0,0.0006281814347767145,0.0010715086258419597
1005,0.0,lbfgs,6705,439.53353476524353,,,,0.0009132351678306058,0.0004423825941005604,0.0,0.0006268110664333634,0.0010691936605339237
1006,0.0,lbfgs,6706,439.7664828300476,,,,0.0009123997777456322,0.0004418861921558184,0.0,0.0006261459694049886,0.001068032161560807
1007,0.0,lbfgs,6707,440.0017511844635,,,,0.0009113948054151337,0.00044045512126308407,0.0,0.0006254915727855558,0.0010659466940486399
1008,0.0,lbfgs,6708,440.2278425693512,,,,0.0009098648519365408,0.0004405608546694939,0.0,0.0006246678519473856,0.0010652287066168795
1009,0.0,lbfgs,6709,440.463942527771,,,,0.0009091567370340435,0.0004403947449829368,0.0,0.000624493065669928,0.0010648878106528648
1010,0.0,lbfgs,6710,440.685174703598,,,,0.0009082201867686476,0.0004400518391437259,0.0,0.0006240045068425238,0.0010640563459862497
1011,0.0,lbfgs,6711,440.9200396537781,,,,0.0009065739465621339,0.0004390939093917659,0.0,0.0006220936904006885,0.0010611875997924543
1012,0.0,lbfgs,6712,441.1607677936554,,,,0.0009059360212299367,0.0004374897124479542,0.0,0.000620635953177838,0.0010581256656257922
1013,0.0,lbfgs,6713,441.38995385169983,,,,0.0009045689287838769,0.0004377523715653499,0.0,0.0006191699535824302,0.00105692232514778
1014,0.0,lbfgs,6714,441.62600111961365,,,,0.0009039340806998521,0.00043770985685595185,0.0,0.0006185685298123302,0.001056278386668282
1015,0.0,lbfgs,6715,441.8623764514923,,,,0.0009024568459852736,0.0004372781045257197,0.0,0.000618075471587341,0.0010553535761130607
1016,0.0,lbfgs,6716,442.2728819847107,,,,0.000902053268333231,0.00043727511706368637,0.0,0.0006171147302827433,0.0010543898473464298
1017,0.0,lbfgs,6717,442.5041182041168,,,,0.0009010816286775387,0.0004367679856351417,0.0,0.0006177339933327094,0.001054501978967851
1018,0.0,lbfgs,6718,442.73447251319885,,,,0.0008997616519759833,0.00043614148844841846,0.0,0.0006182092745494592,0.0010543507629978777
1019,0.0,lbfgs,6719,442.95779848098755,,,,0.0008979557761741916,0.00043497678540288184,0.0,0.0006187211969886232,0.001053697982391505
1020,0.0,lbfgs,6720,443.1838414669037,,,,0.0008963226410957587,0.0004344519924039922,0.0,0.000617944591765934,0.0010523965841699261
1021,0.0,lbfgs,6721,443.41390800476074,,,,0.0008946757613931748,0.0004330878783221091,0.0,0.0006164685588431508,0.0010495564371652598
1022,0.0,lbfgs,6722,443.64456701278687,,,,0.0008933422650093974,0.0004327720401373391,0.0,0.0006145297370378045,0.0010473017771751437
1023,0.0,lbfgs,6723,443.8774049282074,,,,0.0008922010167414942,0.0004328074036571849,0.0,0.0006128360188200539,0.0010456434224772387
1024,0.0,lbfgs,6724,444.1040909290314,,,,0.0008906878552412897,0.00043274370849147255,0.0,0.0006110351150716543,0.0010437788235631267
1025,0.0,lbfgs,6725,444.5051283836365,,,,0.0008900044355181016,0.0004319922471360146,0.0,0.0006105974362053484,0.001042589683341363
1026,0.0,lbfgs,6726,444.7350149154663,,,,0.0008894878793482411,0.00043181297411295887,0.0,0.0006110394083875028,0.0010428523825004618
1027,0.0,lbfgs,6727,444.9557890892029,,,,0.0008886376429012389,0.00043085800607278355,0.0,0.0006117563195830348,0.0010426143256558184
1028,0.0,lbfgs,6728,445.18647289276123,,,,0.0008881396465746916,0.0004305495065585156,0.0,0.0006119293707921718,0.0010424788773506874
1029,0.0,lbfgs,6729,445.41792249679565,,,,0.0008871892968424647,0.00042967260700939054,0.0,0.0006115437860022393,0.00104121639301163
1030,0.0,lbfgs,6730,445.6450660228729,,,,0.0008863558165395658,0.00042953742612226407,0.0,0.0006102958604796107,0.0010398332866018748
1031,0.0,lbfgs,6731,445.8699803352356,,,,0.0008857647484111459,0.00042982693343454495,0.0,0.000609368035027241,0.0010391949684617858
1032,0.0,lbfgs,6732,446.09716153144836,,,,0.0008847167291702587,0.0004300272880753578,0.0,0.0006079964725499039,0.0010380237606252617
1033,0.0,lbfgs,6733,446.32889461517334,,,,0.0008834221362061429,0.0004297699634635919,0.0,0.0006071907312587566,0.0010369606947223486
1034,0.0,lbfgs,6734,446.55889415740967,,,,0.0008812849812433803,0.00042889340592566186,0.0,0.0006058530533404946,0.0010347464592661564
1035,0.0,lbfgs,6735,446.7965338230133,,,,0.0008794757060590786,0.0004268980836046194,0.0,0.0006070970977312446,0.001033995181335864
1036,0.0,lbfgs,6736,447.0255138874054,,,,0.0008778979222328865,0.0004260807896435901,0.0,0.0006056292058631605,0.0010317099955067506
1037,0.0,lbfgs,6737,447.2578377723694,,,,0.0008770002529843791,0.00042599718932745975,0.0,0.0006050672163050592,0.0010310644056325188
1038,0.0,lbfgs,6738,447.4871475696564,,,,0.0008754229093345826,0.0004256479814777579,0.0,0.0006041190364441708,0.0010297670179219287
1039,0.0,lbfgs,6739,447.7242798805237,,,,0.0008742562601361644,0.0004254540714021915,0.0,0.0006034426655418096,0.0010288967369440011
1040,0.0,lbfgs,6740,447.9599287509918,,,,0.0008728967115507647,0.00042533333374334407,0.0,0.0006020187760496647,0.0010273521097930087
1041,0.0,lbfgs,6741,448.1851634979248,,,,0.0008716417196505963,0.0004249339197927337,0.0,0.0006004020460311161,0.0010253359658238498
1042,0.0,lbfgs,6742,448.5957553386688,,,,0.0008710555109839215,0.0004245305203484877,0.0,0.0006003429228943546,0.0010248734432428423
1043,0.0,lbfgs,6743,448.815226316452,,,,0.0008697556594776756,0.00042385883607352497,0.0,0.0005985807615235684,0.0010224395975970933
1044,0.0,lbfgs,6744,449.04723596572876,,,,0.000868828176660571,0.0004231593571054598,0.0,0.000597912176906061,0.001021071534011521
1045,0.0,lbfgs,6745,449.27748799324036,,,,0.0008676730926426119,0.00042205461929642495,0.0,0.0005973988382985927,0.0010194534575950177
1046,0.0,lbfgs,6746,449.51110649108887,,,,0.0008674588744791368,0.0004209301960645221,0.0,0.0005982429597881923,0.0010191731558527144
1047,0.0,lbfgs,6747,449.7373836040497,,,,0.0008666033701820872,0.00042130624024029124,0.0,0.0005973015885108255,0.0010186078287511167
1048,0.0,lbfgs,6748,449.97699761390686,,,,0.0008660748809545846,0.0004215632987539215,0.0,0.0005969039405743769,0.0010184672393282984
1049,0.0,lbfgs,6749,450.2038588523865,,,,0.0008653875508648299,0.0004216872664104841,0.0,0.0005964775095748958,0.00101816477598538
1050,0.0,lbfgs,6750,450.422669172287,,,,0.0008646459433911788,0.00042151796689300153,0.0,0.0005960616741887316,0.001017579641081733
1051,0.0,lbfgs,6751,450.8398160934448,,,,0.0008642830437298766,0.0004213486333581216,0.0,0.0005960711131304536,0.0010174197464885753
1052,0.0,lbfgs,6752,451.0679495334625,,,,0.0008634518190955725,0.00042094207128725826,0.0,0.0005956792894479166,0.001016621360735175
1053,0.0,lbfgs,6753,451.29339718818665,,,,0.0008626202955475071,0.0004203107041468054,0.0,0.000595465322119047,0.0010157760262658525
1054,0.0,lbfgs,6754,451.5242977142334,,,,0.0008614905819308988,0.0004194794112377268,0.0,0.0005954161216926852,0.001014895532930412
1055,0.0,lbfgs,6755,451.7545635700226,,,,0.0008599765206701853,0.00041852186111873555,0.0,0.0005952354400810151,0.0010137573011997506
1056,0.0,lbfgs,6756,452.1525459289551,,,,0.0008594247511817556,0.0004178906308130113,0.0,0.0005958337210566743,0.0010137243518696854
1057,0.0,lbfgs,6757,452.38223242759705,,,,0.000858220527659555,0.0004174027482913707,0.0,0.0005951720038286073,0.0010125747521199779
1058,0.0,lbfgs,6758,452.61068511009216,,,,0.0008571947686466957,0.0004170036975661249,0.0,0.0005942912974593278,0.0010112949950254527
1059,0.0,lbfgs,6759,452.8485641479492,,,,0.000855058437328215,0.000415991155521132,0.0,0.0005923855916540473,0.0010083767471751794
1060,0.0,lbfgs,6760,453.26250171661377,,,,0.0008541354504830536,0.0004160468665796136,0.0,0.0005913884138743839,0.0010074352804539974
1061,0.0,lbfgs,6761,453.4967792034149,,,,0.0008528634501281294,0.0004152099392846393,0.0,0.0005909593380946352,0.0010061692773792746
1062,0.0,lbfgs,6762,453.72262144088745,,,,0.0008518959702068052,0.0004149445982397447,0.0,0.000590047000460919,0.0010049915987006637
1063,0.0,lbfgs,6763,453.9543790817261,,,,0.000850873117379816,0.00041473385726811926,0.0,0.0005893727663742661,0.0010041066236423854
1064,0.0,lbfgs,6764,454.18022203445435,,,,0.0008493898691306417,0.0004141476763581455,0.0,0.0005880735649818755,0.001002221241340021
1065,0.0,lbfgs,6765,454.41501474380493,,,,0.0008480335239422065,0.00041383141841423206,0.0,0.0005870638862906278,0.0010008953047048598
1066,0.0,lbfgs,6766,454.64781641960144,,,,0.0008470214355021139,0.00041302994048936605,0.0,0.0005857245964241225,0.0009987545369134886
1067,0.0,lbfgs,6767,454.8784260749817,,,,0.0008461639565233228,0.0004127418026898534,0.0,0.0005848598497814852,0.0009976016524713385
1068,0.0,lbfgs,6768,455.10858941078186,,,,0.0008455040971525544,0.0004126594007493884,0.0,0.0005834754710882158,0.0009961348718376041
1069,0.0,lbfgs,6769,455.33780884742737,,,,0.0008447776294641912,0.0004123953334178064,0.0,0.0005826716943855089,0.0009950670278033153
1070,0.0,lbfgs,6770,455.57433581352234,,,,0.0008440043550852334,0.00041220227899585227,0.0,0.000581842076681496,0.0009940443556773482
1071,0.0,lbfgs,6771,455.8005449771881,,,,0.00084278123536432,0.00041171370333192733,0.0,0.0005808870563434466,0.000992600759675374
1072,0.0,lbfgs,6772,456.02907252311707,,,,0.0008409342675544578,0.00041095406076886644,0.0,0.0005780964808811114,0.000989050541649978
1073,0.0,lbfgs,6773,456.25851464271545,,,,0.0008393689383387277,0.0004098312626496745,0.0,0.0005780938239551913,0.0009879250866048658
1074,0.0,lbfgs,6774,456.4885427951813,,,,0.0008384834199210972,0.00040970979706994874,0.0,0.000577211961149403,0.0009869217582193519
1075,0.0,lbfgs,6775,456.7198803424835,,,,0.0008374754210992471,0.0004091360591684069,0.0,0.0005762003301783881,0.000985336389346795
1076,0.0,lbfgs,6776,456.950975894928,,,,0.0008369914207956184,0.00040797733610002353,0.0,0.0005764792714066918,0.0009844566075067154
1077,0.0,lbfgs,6777,457.18368458747864,,,,0.0008355939237779167,0.00040732668255057315,0.0,0.0005749918042707376,0.0009823184868213107
1078,0.0,lbfgs,6778,457.4152946472168,,,,0.0008347903523031473,0.00040673265469873607,0.0,0.0005743104053438455,0.0009810430600425816
1079,0.0,lbfgs,6779,457.6443967819214,,,,0.0008342670394459611,0.0004063668573825538,0.0,0.0005739796227542694,0.0009803464801368233
1080,0.0,lbfgs,6780,457.8785755634308,,,,0.00083326587032657,0.0004059094002326221,0.0,0.0005735809662952766,0.0009794903665278987
1081,0.0,lbfgs,6781,458.289333820343,,,,0.0008327724141234416,0.00040603773279094613,0.0,0.0005725647690340316,0.0009786025018249777
1082,0.0,lbfgs,6782,458.5220410823822,,,,0.0008318191825337062,0.00040574542794238563,0.0,0.0005726774917284421,0.0009784229196708278
1083,0.0,lbfgs,6783,458.75196957588196,,,,0.0008312851172745835,0.0004054031208373111,0.0,0.0005727641050040296,0.0009781672258413407
1084,0.0,lbfgs,6784,458.98315262794495,,,,0.0008303609000353671,0.00040482146123541247,0.0,0.0005725185637985038,0.0009773400250339163
1085,0.0,lbfgs,6785,459.21183347702026,,,,0.0008294719198208584,0.00040423369430044606,0.0,0.0005718643623570893,0.0009760980566575353
1086,0.0,lbfgs,6786,459.4396402835846,,,,0.0008282349165403631,0.0004034319125433257,0.0,0.0005711173579228577,0.0009745492704661834
1087,0.0,lbfgs,6787,459.8526966571808,,,,0.0008278848607326218,0.00040318634501242,0.0,0.000570339384671123,0.000973525729683543
1088,0.0,lbfgs,6788,460.0891523361206,,,,0.0008271628165392473,0.0004027658799427809,0.0,0.0005698445483395266,0.0009726104282823075
1089,0.0,lbfgs,6789,460.3203225135803,,,,0.0008266562397224906,0.0004026579462986124,0.0,0.0005693817309047564,0.0009720396772033687
1090,0.0,lbfgs,6790,460.54637265205383,,,,0.0008256155345576176,0.0004022459157903408,0.0,0.0005685527810166788,0.0009707986968070196
1091,0.0,lbfgs,6791,460.7862856388092,,,,0.0008245523278998742,0.00040161598973985254,0.0,0.0005673405317591218,0.0009689565214989744
1092,0.0,lbfgs,6792,461.0182771682739,,,,0.0008235479298519363,0.0004010364666049244,0.0,0.0005666415579970284,0.0009676780246019528
1093,0.0,lbfgs,6793,461.2472801208496,,,,0.0008228719249830898,0.0004007653998279824,0.0,0.0005660144447452425,0.0009667798445732248
1094,0.0,lbfgs,6794,461.47789454460144,,,,0.0008223338529549731,0.0004003564217517045,0.0,0.0005657576064131435,0.000966114028164848
1095,0.0,lbfgs,6795,461.71022844314575,,,,0.0008218418461718136,0.00040022239273465956,0.0,0.0005649405573892992,0.0009651629501239588
1096,0.0,lbfgs,6796,461.93316555023193,,,,0.0008212865613391794,0.00039999783152188815,0.0,0.0005644316335900135,0.0009644294651119016
1097,0.0,lbfgs,6797,462.1694219112396,,,,0.0008190299550045097,0.0003983171583159966,0.0,0.0005634632548517946,0.0009617804131677912
1098,0.0,lbfgs,6798,462.576997756958,,,,0.0008184938150655277,0.0003983888567204114,0.0,0.0005632025890874662,0.0009615914458078775
1099,0.0,lbfgs,6799,462.8012537956238,,,,0.0008178555040859452,0.00039791655304554545,0.0,0.0005631759120109889,0.0009610924650565344
1100,0.0,lbfgs,6800,463.03321647644043,,,,0.0008174340304090487,0.00039762984240170204,0.0,0.0005633727153279262,0.0009610025577296282
1101,0.0,lbfgs,6801,463.26100873947144,,,,0.0008164038983523648,0.00039729316581618924,0.0,0.0005632745772306629,0.0009605677430468522
1102,0.0,lbfgs,6802,463.484778881073,,,,0.0008157489392208939,0.00039671181387556894,0.0,0.000563789866155118,0.0009605016800306869
1103,0.0,lbfgs,6803,463.7135088443756,,,,0.0008148028050174324,0.0003965778365111653,0.0,0.0005631827409636144,0.0009597605774747797
1104,0.0,lbfgs,6804,463.9394292831421,,,,0.0008141768710385662,0.00039660109636440214,0.0,0.0005623630623721498,0.000958964158736552
1105,0.0,lbfgs,6805,464.1730086803436,,,,0.0008132811274102586,0.0003964389575542147,0.0,0.0005615985360544009,0.0009580374936086156
1106,0.0,lbfgs,6806,464.3970322608948,,,,0.0008121422577129901,0.0003961307110324319,0.0,0.0005608716434203175,0.0009570023544527494
1107,0.0,lbfgs,6807,464.629118680954,,,,0.0008111585607250471,0.0003950767585896193,0.0,0.0005602679469923996,0.0009553447055820189
1108,0.0,lbfgs,6808,464.8638217449188,,,,0.0008098407732190556,0.0003948946272129848,0.0,0.000559833685312556,0.0009547283125255408
1109,0.0,lbfgs,6809,465.0961010456085,,,,0.0008092449674260257,0.0003949102753296148,0.0,0.0005592432435979584,0.0009541535189275731
1110,0.0,lbfgs,6810,465.324786901474,,,,0.0008084804684903419,0.00039464277017711263,0.0,0.000558629965192955,0.0009532727353700676
1111,0.0,lbfgs,6811,465.5573499202728,,,,0.0008076514761798678,0.0003944554921603844,0.0,0.0005579068191838212,0.0009523623113442056
1112,0.0,lbfgs,6812,465.777462720871,,,,0.0008073398973051378,0.000393187137058664,0.0,0.0005585688132091896,0.0009517559502678536
1113,0.0,lbfgs,6813,466.0024335384369,,,,0.0008056296265920612,0.00039376089714134255,0.0,0.0005561563219063307,0.0009499172190476732
1114,0.0,lbfgs,6814,466.23838353157043,,,,0.0008052310716050678,0.0003937131319366154,0.0,0.0005556887043806146,0.00094940183631723
1115,0.0,lbfgs,6815,466.4664888381958,,,,0.0008046491430661482,0.00039345237739709803,0.0,0.0005550495386612612,0.0009485019160583592
1116,0.0,lbfgs,6816,466.7002236843109,,,,0.000803745000190336,0.00039293932410766017,0.0,0.0005539980094984397,0.0009469373336060999
1117,0.0,lbfgs,6817,466.9309844970703,,,,0.000802831268162328,0.000391061311623282,0.0,0.0005524909413378487,0.0009435522529611306
1118,0.0,lbfgs,6818,467.157865524292,,,,0.0008017973869310645,0.0003913409225751139,0.0,0.0005511454207517808,0.0009424863433268947
1119,0.0,lbfgs,6819,467.3838458061218,,,,0.0008014323239166981,0.000391067372967325,0.0,0.0005509150038377912,0.0009419823768051163
1120,0.0,lbfgs,6820,467.6109519004822,,,,0.0008008386773809947,0.0003906006018263289,0.0,0.000550526259758961,0.0009411268615852899
1121,0.0,lbfgs,6821,467.8434340953827,,,,0.0008002147396746883,0.00038911598241717505,0.0,0.0005511917591280332,0.0009403077415452083
1122,0.0,lbfgs,6822,468.07151651382446,,,,0.0007990734065764944,0.00038924695478134106,0.0,0.0005500060906382932,0.0009392530454196343
1123,0.0,lbfgs,6823,468.30377101898193,,,,0.0007984606028526582,0.0003894984945581283,0.0,0.0005494867974450137,0.000938985292003142
1124,0.0,lbfgs,6824,468.52481508255005,,,,0.0007975640343573305,0.00038955968215963714,0.0,0.0005494537194726158,0.0009390134016322529
1125,0.0,lbfgs,6825,468.7572054862976,,,,0.0007969650537446914,0.0003897569113178337,0.0,0.0005485944021888869,0.0009383513135067206
1126,0.0,lbfgs,6826,468.9898781776428,,,,0.0007962536397625158,0.00038939302978857734,0.0,0.0005485258524535293,0.0009379188822421067
1127,0.0,lbfgs,6827,469.2185378074646,,,,0.0007949540092857209,0.00038844284752780344,0.0,0.0005483332416409333,0.0009367760891687367
1128,0.0,lbfgs,6828,469.62156319618225,,,,0.0007947248324552281,0.0003885204564116073,0.0,0.0005481846715851586,0.0009367051279967659
1129,0.0,lbfgs,6829,469.8564031124115,,,,0.0007942786203688789,0.00038843567273120436,0.0,0.0005477305003122076,0.0009361661730434121
1130,0.0,lbfgs,6830,470.08554196357727,,,,0.0007935188127974541,0.00038839871238325154,0.0,0.0005469548027751888,0.0009353535151584403
1131,0.0,lbfgs,6831,470.3135666847229,,,,0.0007926851256180247,0.00038846417853733405,0.0,0.0005462575890689237,0.0009347217676062578
1132,0.0,lbfgs,6832,470.54497361183167,,,,0.0007916860101930174,0.0003884411701551796,0.0,0.000545675030185993,0.0009341162003411727
1133,0.0,lbfgs,6833,470.9503321647644,,,,0.0007911313735383444,0.00038836909321901655,0.0,0.0005451248731774966,0.0009334939663965131
1134,0.0,lbfgs,6834,471.1828637123108,,,,0.0007901546731605995,0.00038820879075652983,0.0,0.0005452369389753772,0.000933445729731907
1135,0.0,lbfgs,6835,471.41806507110596,,,,0.0007893652339035412,0.0003877399170518984,0.0,0.0005453283021500964,0.0009330682192019948
1136,0.0,lbfgs,6836,471.6498312950134,,,,0.0007882886695555963,0.0003870306255290198,0.0,0.0005452432127403009,0.0009322738382693207
1137,0.0,lbfgs,6837,471.869140625,,,,0.0007870987195221111,0.0003865385484611436,0.0,0.0005445943441874659,0.0009311328926486094
1138,0.0,lbfgs,6838,472.0932607650757,,,,0.0007868137444451181,0.00038528381005931356,0.0,0.0005457319244587531,0.0009310157345180667
1139,0.0,lbfgs,6839,472.3224127292633,,,,0.0007849635608374161,0.00038564049351923115,0.0,0.0005432932941442958,0.0009289337876635269
1140,0.0,lbfgs,6840,472.5494704246521,,,,0.0007844166460652873,0.000385735696707599,0.0,0.0005421624970732956,0.0009278981937808947
1141,0.0,lbfgs,6841,472.7866985797882,,,,0.0007837953247023916,0.0003856207765394641,0.0,0.0005418063705257581,0.0009274271470652222
1142,0.0,lbfgs,6842,473.0172302722931,,,,0.0007831086451896168,0.0003853251281103921,0.0,0.0005416840978874344,0.0009270092259978265
1143,0.0,lbfgs,6843,473.2469346523285,,,,0.000782391371742541,0.00038438257925995045,0.0,0.0005422348496659163,0.0009266174289258669
1144,0.0,lbfgs,6844,473.4753804206848,,,,0.0007815993237341309,0.0003839539856577687,0.0,0.0005421184766352172,0.0009260724622929858
1145,0.0,lbfgs,6845,473.7064583301544,,,,0.0007805883701823256,0.0003831556975673821,0.0,0.0005420329683778713,0.0009251886659452533
1146,0.0,lbfgs,6846,473.93821239471436,,,,0.0007796401468999377,0.0003825025691622348,0.0,0.0005415262720493093,0.0009240288412115441
1147,0.0,lbfgs,6847,474.1566672325134,,,,0.0007788830296600855,0.0003810212140103685,0.0,0.000542289325905816,0.0009233105399161845
1148,0.0,lbfgs,6848,474.392452955246,,,,0.000777803629145351,0.0003812761389219829,0.0,0.0005405832231249953,0.0009218593620469783
1149,0.0,lbfgs,6849,474.621435880661,,,,0.0007772279407949339,0.00038127866019638663,0.0,0.0005398044726587923,0.000921083132855179
1150,0.0,lbfgs,6850,474.8499565124512,,,,0.0007765775111836621,0.00038100644302397897,0.0,0.0005394517579727675,0.0009204582009967465
1151,0.0,lbfgs,6851,475.0818166732788,,,,0.0007748488838008056,0.0003799875985807792,0.0,0.0005388944071563147,0.000918882005737094
1152,0.0,lbfgs,6852,475.50552773475647,,,,0.000774476640850761,0.0003800239525526553,0.0,0.0005385798119835519,0.0009186037645362072
1153,0.0,lbfgs,6853,475.7331976890564,,,,0.000773038891124187,0.0003786794139704193,0.0,0.0005386798054681679,0.0009173592194385872
1154,0.0,lbfgs,6854,475.9609112739563,,,,0.0007715011821004777,0.0003777653966288289,0.0,0.0005379876850229994,0.0009157530816518284
1155,0.0,lbfgs,6855,476.19656252861023,,,,0.0007710801481841271,0.0003764671138323588,0.0,0.0005382420015570057,0.0009147091153893645
1156,0.0,lbfgs,6856,476.4277229309082,,,,0.0007697425511494994,0.00037655487090999205,0.0,0.0005367540584438445,0.0009133089293538366
1157,0.0,lbfgs,6857,476.64999771118164,,,,0.0007694457081043071,0.00037654911812334715,0.0,0.0005363385174970014,0.0009128876356203486
1158,0.0,lbfgs,6858,476.88073897361755,,,,0.0007686907825284884,0.0003761869235229653,0.0,0.0005354524058042391,0.0009116393293272044
1159,0.0,lbfgs,6859,477.11001658439636,,,,0.0007677723699260331,0.0003753536695932705,0.0,0.0005348667014617771,0.0009102203710550476
1160,0.0,lbfgs,6860,477.3290114402771,,,,0.0007669115178058851,0.00037408624909808725,0.0,0.0005341213532689794,0.0009082076023670667
1161,0.0,lbfgs,6861,477.5521309375763,,,,0.0007662406088338533,0.0003735852536561225,0.0,0.0005339762568808098,0.0009075615105369323
1162,0.0,lbfgs,6862,477.7783451080322,,,,0.0007658032682430385,0.0003736728216089972,0.0,0.0005335117688382247,0.0009071845904472219
1163,0.0,lbfgs,6863,478.0161397457123,,,,0.0007644299708559088,0.0003738137501190126,0.0,0.0005318717811478348,0.0009056855312668474
1164,0.0,lbfgs,6864,478.24565601348877,,,,0.0007634430920958969,0.00037370149995610206,0.0,0.0005304537851523839,0.000904155285108486
1165,0.0,lbfgs,6865,478.4785854816437,,,,0.0007629679055060173,0.0003724755136583448,0.0,0.0005301368638746574,0.0009026123775330022
1166,0.0,lbfgs,6866,478.7043237686157,,,,0.0007619813636299457,0.00037284730146993456,0.0,0.0005290245097834866,0.0009018718112534212
1167,0.0,lbfgs,6867,478.93069100379944,,,,0.0007615630961723677,0.000372543837223611,0.0,0.0005288689541091234,0.0009014127913327343
1168,0.0,lbfgs,6868,479.1589047908783,,,,0.0007609508061405222,0.00037210268327418124,0.0,0.0005286927854122348,0.0009007954686864161
1169,0.0,lbfgs,6869,479.3890161514282,,,,0.0007601487394103062,0.0003707543509497312,0.0,0.0005289688696979776,0.0008997232206477087
1170,0.0,lbfgs,6870,479.6216104030609,,,,0.0007591687764072368,0.0003707713614936275,0.0,0.0005284311465146108,0.0008992025080082383
1171,0.0,lbfgs,6871,479.85215425491333,,,,0.0007586694744129798,0.00037066984965454183,0.0,0.000527998286191105,0.0008986681358456468
1172,0.0,lbfgs,6872,480.08025574684143,,,,0.0007580952102809671,0.0003705692182950051,0.0,0.0005275294939446594,0.0008980987122396644
1173,0.0,lbfgs,6873,480.317013502121,,,,0.0007573751178103162,0.0003702916386436512,0.0,0.0005271707679019306,0.0008974624065455818
1174,0.0,lbfgs,6874,480.5417466163635,,,,0.0007559356595406282,0.00037008700975340886,0.0,0.0005265859961247066,0.0008966730058781154
1175,0.0,lbfgs,6875,480.94719552993774,,,,0.0007549746559289909,0.00036915514957315933,0.0,0.0005264609304969018,0.0008956160800700612
1176,0.0,lbfgs,6876,481.1729516983032,,,,0.0007543041499984359,0.00036901542832795046,0.0,0.0005259539072230714,0.0008949693355510219
1177,0.0,lbfgs,6877,481.39597249031067,,,,0.0007533555643920647,0.00036881696739542933,0.0,0.0005252602724710064,0.0008940772398664358
1178,0.0,lbfgs,6878,481.60854029655457,,,,0.000752750411914298,0.0003681954394486141,0.0,0.0005255942872559664,0.0008937897267045805
1179,0.0,lbfgs,6879,481.8427813053131,,,,0.0007520646485436105,0.0003678129201445012,0.0,0.000524965998360344,0.0008927789185048452
1180,0.0,lbfgs,6880,482.0747056007385,,,,0.0007516359601706781,0.00036763380124408244,0.0,0.0005243137936559478,0.0008919475949000302
1181,0.0,lbfgs,6881,482.2983295917511,,,,0.0007509046043136878,0.00036734080179783203,0.0,0.0005239139172903371,0.0008912547190881692
1182,0.0,lbfgs,6882,482.5306124687195,,,,0.0007506802118378286,0.0003672776331490812,0.0,0.0005237665224987377,0.0008910441556478189
1183,0.0,lbfgs,6883,482.76443243026733,,,,0.0007500225536092582,0.000367026663735346,0.0,0.0005232951936100217,0.0008903218573453677
1184,0.0,lbfgs,6884,482.9937093257904,,,,0.0007491361347587019,0.0003667388319659139,0.0,0.0005226899234211356,0.0008894287553870494
1185,0.0,lbfgs,6885,483.40697503089905,,,,0.0007487744955895683,0.00036630970206106124,0.0,0.0005229327199183794,0.0008892424219794407
1186,0.0,lbfgs,6886,483.6397213935852,,,,0.0007478439200387522,0.00036603575502429684,0.0,0.0005223485220858291,0.000888384277110126
1187,0.0,lbfgs,6887,483.8653461933136,,,,0.0007472866059636983,0.0003658277223580283,0.0,0.0005221275539351914,0.0008879552762932197
1188,0.0,lbfgs,6888,484.0957221984863,,,,0.0007467264056431821,0.0003656240183304829,0.0,0.0005219923216209743,0.0008876163399514572
1189,0.0,lbfgs,6889,484.3260877132416,,,,0.000745766796970437,0.0003652052053407148,0.0,0.0005215448759950232,0.000886750081335738
1190,0.0,lbfgs,6890,484.5571839809418,,,,0.0007441559114501977,0.0003640432769737303,0.0,0.0005204707047301428,0.0008845139817038731
1191,0.0,lbfgs,6891,484.77979135513306,,,,0.0007435395553190241,0.00036334475026112047,0.0,0.000520632060108961,0.0008839768103700814
1192,0.0,lbfgs,6892,485.01195526123047,,,,0.000742498392918303,0.0003633646616466644,0.0,0.0005188320853330922,0.0008821967469797565
1193,0.0,lbfgs,6893,485.24022221565247,,,,0.0007421634859921524,0.0003631543536585671,0.0,0.0005183888488207419,0.000881543202479309
1194,0.0,lbfgs,6894,485.46843552589417,,,,0.0007416805927527657,0.00036314178910618755,0.0,0.0005175558173745468,0.0008806976064807343
1195,0.0,lbfgs,6895,485.8744423389435,,,,0.0007412947226293268,0.0003625983364013634,0.0,0.0005177684338132187,0.000880366770214582
1196,0.0,lbfgs,6896,486.098108291626,,,,0.0007406695686334134,0.0003626753802756322,0.0,0.0005171096650444601,0.0008797850453200923
1197,0.0,lbfgs,6897,486.33189034461975,,,,0.0007396973192196207,0.0003626758855875642,0.0,0.0005165416790762706,0.0008792175646638348
1198,0.0,lbfgs,6898,486.5600965023041,,,,0.0007388198060131234,0.0003625529279465388,0.0,0.000516283421598297,0.0008788363495448358
1199,0.0,lbfgs,6899,486.7769033908844,,,,0.0007381165983024974,0.00036194985889681324,0.0,0.0005166149997350813,0.0008785648586318945
1200,0.0,lbfgs,6900,486.98395133018494,,,,0.0007371659584051128,0.00036156777763552436,0.0,0.0005162016939111596,0.000877769471546684
1201,0.0,lbfgs,6901,487.22140979766846,,,,0.0007366299580080512,0.0003613469825255765,0.0,0.0005156527353056457,0.0008769997178312222
1202,0.0,lbfgs,6902,487.4702296257019,,,,0.00073555451606189,0.000360544229761327,0.0,0.0005146949489510373,0.0008752391787123643
1203,0.0,lbfgs,6903,487.7213325500488,,,,0.0007344997919602201,0.0003596789702310104,0.0,0.0005140653140272201,0.0008737442842582305
1204,0.0,lbfgs,6904,488.1697909832001,,,,0.0007340022250669145,0.0003589869382699483,0.0,0.0005138685528441098,0.0008728554911140581
1205,0.0,lbfgs,6905,488.43381118774414,,,,0.0007333174992625309,0.0003586027187708096,0.0,0.0005135383479083272,0.0008721410666791367
1206,0.0,lbfgs,6906,488.66309452056885,,,,0.0007327619480488815,0.0003585365570961145,0.0,0.0005132072459030499,0.0008717438029991644
1207,0.0,lbfgs,6907,488.9089529514313,,,,0.0007316845073049058,0.00035841655158448454,0.0,0.0005127778992054139,0.0008711944507898984
1208,0.0,lbfgs,6908,489.3483190536499,,,,0.0007310669358721762,0.00035847957403854265,0.0,0.0005122378759328507,0.0008707174499713933
1209,0.0,lbfgs,6909,489.5846252441406,,,,0.0007306801135122979,0.0003584665306571564,0.0,0.00051190861606585,0.0008703751467230064
1210,0.0,lbfgs,6910,489.910035610199,,,,0.0007299829794828642,0.00035836503759863186,0.0,0.0005112744395575109,0.0008696394771561427
1211,0.0,lbfgs,6911,490.20004057884216,,,,0.0007292231140865716,0.000357940404592757,0.0,0.0005108093599089333,0.0008687497645016903
1212,0.0,lbfgs,6912,490.4357867240906,,,,0.0007287379375526511,0.0003576214908910312,0.0,0.0005105255073706603,0.0008681469982616915
1213,0.0,lbfgs,6913,490.66352581977844,,,,0.0007276128040657572,0.0003569260900164411,0.0,0.0005099764853770251,0.0008669025753934663
1214,0.0,lbfgs,6914,490.942654132843,,,,0.0007271784795787823,0.00035669004931934657,0.0,0.0005097251411201658,0.0008664151904395124
1215,0.0,lbfgs,6915,491.1809184551239,,,,0.0007266915132524592,0.0003564597263624155,0.0,0.0005094053129020355,0.000865865039264451
1216,0.0,lbfgs,6916,491.41281485557556,,,,0.000725838185917869,0.00035602053677016014,0.0,0.0005086577679968574,0.0008646783047670176
1217,0.0,lbfgs,6917,491.85809111595154,,,,0.0007254572946218869,0.0003562003305953829,0.0,0.0005080720479512385,0.0008642723785466215
1218,0.0,lbfgs,6918,492.0872440338135,,,,0.0007246163484918945,0.00035551643140164553,0.0,0.0005073406550051155,0.000862857086406761
1219,0.0,lbfgs,6919,492.31831908226013,,,,0.0007241235488984132,0.0003553791401574407,0.0,0.0005066845412788142,0.0008620636814362548
1220,0.0,lbfgs,6920,492.537885427475,,,,0.000723116699127971,0.0003547063278681078,0.0,0.0005055942758961654,0.0008603006037642732
1221,0.0,lbfgs,6921,492.96477699279785,,,,0.0007228373917673382,0.00035473298730654557,0.0,0.000505251743824982,0.0008599847311315276
1222,0.0,lbfgs,6922,493.20904064178467,,,,0.0007225142720409333,0.00035457171545578487,0.0,0.0005049389970544175,0.0008595107125102023
1223,0.0,lbfgs,6923,493.4335777759552,,,,0.0007219933583530219,0.00035448942860417135,0.0,0.000504273993091675,0.0008587634216958464
1224,0.0,lbfgs,6924,493.65556478500366,,,,0.0007211490493713659,0.00035442629926890217,0.0,0.0005030855201473035,0.0008575118194162057
1225,0.0,lbfgs,6925,493.89878726005554,,,,0.0007201539287400393,0.00035442823214225665,0.0,0.000501527424878732,0.0008559556570209887
1226,0.0,lbfgs,6926,494.13405323028564,,,,0.0007199797477459029,0.00035354379030468335,0.0,0.0005012667062669643,0.0008548104965716476
1227,0.0,lbfgs,6927,494.37865257263184,,,,0.0007186618946090691,0.00035392081339888283,0.0,0.0004995096083897504,0.0008534304217886333
1228,0.0,lbfgs,6928,494.6479890346527,,,,0.0007181894557602006,0.0003538479788489928,0.0,0.0004990858617401713,0.0008529338405891642
1229,0.0,lbfgs,6929,494.8992552757263,,,,0.0007174066536876496,0.0003533631517699442,0.0,0.0004986022508577325,0.0008519654026276767
1230,0.0,lbfgs,6930,495.3845489025116,,,,0.0007169971599106323,0.00035334679352559196,0.0,0.000497838664934835,0.0008511854584604269
1231,0.0,lbfgs,6931,495.65381956100464,,,,0.000716495220190285,0.0003530386538371529,0.0,0.0004974870861614502,0.0008505257399986031
1232,0.0,lbfgs,6932,495.88288140296936,,,,0.0007155482415324504,0.0003524994618465074,0.0,0.000496990465011335,0.0008494899268578424
1233,0.0,lbfgs,6933,496.30939531326294,,,,0.0007153021325618733,0.00035251138728133153,0.0,0.0004966522524981249,0.0008491636397794564
1234,0.0,lbfgs,6934,496.5440516471863,,,,0.0007146419527862225,0.00035220874064602754,0.0,0.0004963749566089977,0.0008485836972550252
1235,0.0,lbfgs,6935,496.81023716926575,,,,0.00071335565769052,0.0003517125720247741,0.0,0.00049591536090656,0.0008476279329313341
1236,0.0,lbfgs,6936,497.0859589576721,,,,0.000711864648952154,0.0003511160806796992,0.0,0.0004951739848189205,0.0008462900654986197
1237,0.0,lbfgs,6937,497.5167005062103,,,,0.0007116394450655209,0.0003509186619342053,0.0,0.0004954912172421502,0.0008464098791763554
1238,0.0,lbfgs,6938,497.7816185951233,,,,0.0007109864039810477,0.0003507519610564656,0.0,0.0004949387899079827,0.0008456907509644482
1239,0.0,lbfgs,6939,498.0653076171875,,,,0.000710307305329206,0.00035062774473683953,0.0,0.000494384094435589,0.0008450118391724285
1240,0.0,lbfgs,6940,498.3160309791565,,,,0.0007096842268272897,0.0003505038616487301,0.0,0.0004937999064376584,0.0008443037680863886
1241,0.0,lbfgs,6941,498.5655565261841,,,,0.0007089380123392278,0.0003502525507745754,0.0,0.0004933512103394926,0.0008436037611140681
1242,0.0,lbfgs,6942,498.81000232696533,,,,0.0007076956125665042,0.00034957712830785626,0.0,0.00049319639823337,0.0008427735265412262
1243,0.0,lbfgs,6943,499.2306339740753,,,,0.0007072708149431728,0.00034916890438580254,0.0,0.0004933556768365055,0.000842524581222308
1244,0.0,lbfgs,6944,499.4208405017853,,,,0.0007063310126604633,0.0003485441378476125,0.0,0.0004932545357213495,0.000841798673568962
1245,0.0,lbfgs,6945,499.596798658371,,,,0.000705698814351727,0.00034814919364820534,0.0,0.0004933251260001638,0.0008414743196483692
1246,0.0,lbfgs,6946,499.7700707912445,,,,0.0007049146570207753,0.00034781958285561016,0.0,0.0004923644823764276,0.0008401840652320378
1247,0.0,lbfgs,6947,499.92367601394653,,,,0.0007041936763182861,0.0003474198198939297,0.0,0.0004923553475539705,0.0008397751674479002
1248,0.0,lbfgs,6948,500.08881759643555,,,,0.0007034553472362961,0.0003473796093080613,0.0,0.000491671572418989,0.0008390511817270502
1249,0.0,lbfgs,6949,500.29011058807373,,,,0.0007026415149805142,0.00034717190683743665,0.0,0.0004908547667369487,0.0008380266735743852
1250,0.0,lbfgs,6950,500.5182247161865,,,,0.000701743765191646,0.0003469241792957397,0.0,0.0004903334994619609,0.0008372576787577005
1251,0.0,lbfgs,6951,500.7173206806183,,,,0.0007014283630063386,0.0003468169137439803,0.0,0.0004902513763688504,0.0008370682901128307
1252,0.0,lbfgs,6952,500.99522614479065,,,,0.0007007228823669459,0.0003467058596216642,0.0,0.0004900473713457964,0.0008367532309674606
1253,0.0,lbfgs,6953,501.27765464782715,,,,0.0007005329692831354,0.00034655140425764213,0.0,0.0004901218520339576,0.0008366732562915997
1254,0.0,lbfgs,6954,501.5175030231476,,,,0.0007000937273900506,0.00034632243996018925,0.0,0.0004900370427131827,0.000836359482673372
1255,0.0,lbfgs,6955,501.8313148021698,,,,0.0006993344607650467,0.00034599522230250636,0.0,0.0004896405048142308,0.0008356357271167372
1256,0.0,lbfgs,6956,502.2790026664734,,,,0.0006991370076442686,0.00034571653806995923,0.0,0.000489655302736596,0.0008353718408065551
1257,0.0,lbfgs,6957,502.49472522735596,,,,0.0006984718606341186,0.00034552371454997445,0.0,0.0004890526142857436,0.0008345763288357181
1258,0.0,lbfgs,6958,502.7554965019226,,,,0.0006976322840144039,0.00034523467666918914,0.0,0.000488292445227232,0.0008335271218964212
1259,0.0,lbfgs,6959,502.9938657283783,,,,0.0006964328256721385,0.00034472489178554567,0.0,0.00048716946814154855,0.0008318943599270942
1260,0.0,lbfgs,6960,503.27034282684326,,,,0.0006956948365926209,0.0003439374464692502,0.0,0.00048694596708542066,0.0008308834135546709
1261,0.0,lbfgs,6961,503.56669187545776,,,,0.0006947221617400582,0.0003433638703293665,0.0,0.00048578341639778886,0.0008291472867271554
1262,0.0,lbfgs,6962,503.8363995552063,,,,0.0006941945303875594,0.0003430022014044589,0.0,0.0004854363040974144,0.0008284385055018734
1263,0.0,lbfgs,6963,504.1324281692505,,,,0.0006931767634182741,0.00034233748685667245,0.0,0.00048464878599496536,0.0008269862728516378
1264,0.0,lbfgs,6964,504.39799785614014,,,,0.0006925493452398101,0.0003416300125110838,0.0,0.0004844160323543303,0.0008260460448654141
1265,0.0,lbfgs,6965,504.66265964508057,,,,0.0006918407193752057,0.00034113218092352514,0.0,0.0004835220732572485,0.0008246542541807736
1266,0.0,lbfgs,6966,504.9889175891876,,,,0.0006914497089820286,0.00034115850831789135,0.0,0.0004830686018008355,0.0008242271101187268
1267,0.0,lbfgs,6967,505.2572546005249,,,,0.0006901574977759134,0.00034077180167057944,0.0,0.0004819336663486718,0.0008227054680192512
1268,0.0,lbfgs,6968,505.5023159980774,,,,0.0006886164767525914,0.00033999385553363956,0.0,0.0004803944033727907,0.0008203882589064303
1269,0.0,lbfgs,6969,506.02292370796204,,,,0.0006883252528733644,0.000339540157139548,0.0,0.00048012058035307186,0.0008196607374926199
1270,0.0,lbfgs,6970,506.283673286438,,,,0.0006873876338744759,0.00033890522531381,0.0,0.0004791597888185565,0.0008180650141323665
1271,0.0,lbfgs,6971,506.54034662246704,,,,0.0006866874413509715,0.0003384908745572117,0.0,0.00047827427839129563,0.0008167651529485073
1272,0.0,lbfgs,6972,506.85006308555603,,,,0.0006859985565443622,0.0003381373138841149,0.0,0.00047715768792102865,0.0008152950018051436
1273,0.0,lbfgs,6973,507.38076615333557,,,,0.0006857670792059894,0.0003380600000009614,0.0,0.000476713234073021,0.0008147732340739824
1274,0.0,lbfgs,6974,507.75020956993103,,,,0.0006852544329159845,0.000337869963994895,0.0,0.0004757639691018515,0.0008136339330967465
1275,0.0,lbfgs,6975,508.06429171562195,,,,0.0006847802003251579,0.00033788388486404996,0.0,0.000474763525171703,0.000812647410035753
1276,0.0,lbfgs,6976,508.40374541282654,,,,0.000684175268260613,0.0003378886286661059,0.0,0.00047378180021867387,0.0008116704288847797
1277,0.0,lbfgs,6977,508.72843623161316,,,,0.000683151149602292,0.00033771714590370315,0.0,0.00047254196426293403,0.0008102591101666371
1278,0.0,lbfgs,6978,509.0597698688507,,,,0.0006821946507461526,0.00033752474854403884,0.0,0.00047110296722757054,0.0008086277157716094
1279,0.0,lbfgs,6979,509.27143120765686,,,,0.0006811399254227273,0.00033709799738784713,0.0,0.0004702080749399528,0.0008073060723277999
1280,0.0,lbfgs,6980,509.5171468257904,,,,0.0006803295919863019,0.0003367730681921156,0.0,0.0004696132668980444,0.0008063863350901599
1281,0.0,lbfgs,6981,509.7226896286011,,,,0.0006797259873434294,0.0003364847341413226,0.0,0.00046888942777827597,0.0008053741619195986
1282,0.0,lbfgs,6982,509.999769449234,,,,0.0006791777282274328,0.00033638485380362926,0.0,0.00046814926390090943,0.0008045341177045387
1283,0.0,lbfgs,6983,510.2858736515045,,,,0.0006786882269310649,0.0003364178588123341,0.0,0.00046736935784361615,0.0008037872166559503
1284,0.0,lbfgs,6984,510.5677833557129,,,,0.0006776554869046624,0.000336521026409652,0.0,0.0004654044321158116,0.0008019254585254637
1285,0.0,lbfgs,6985,510.881630897522,,,,0.0006770292610676575,0.000336654245354834,0.0,0.00046413836969226487,0.0008007926150470988
1286,0.0,lbfgs,6986,511.15963864326477,,,,0.0006764118039700895,0.00033668126254714556,0.0,0.00046273566345887983,0.0007994169260060254
1287,0.0,lbfgs,6987,511.3518645763397,,,,0.0006758118255058039,0.00033659999841041097,0.0,0.00046245612384598846,0.0007990561222563995
1288,0.0,lbfgs,6988,511.5640070438385,,,,0.0006755086320437127,0.0003365339046874632,0.0,0.0004622425274512597,0.000798776432138723
1289,0.0,lbfgs,6989,511.8293912410736,,,,0.0006751447025949086,0.00033636093481191474,0.0,0.0004620391247505495,0.0007984000595624642
1290,0.0,lbfgs,6990,512.1350810527802,,,,0.0006747000579337529,0.0003363505510363392,0.0,0.0004608359336029908,0.00079718648463933
1291,0.0,lbfgs,6991,512.399245262146,,,,0.0006743194882836093,0.0003363470740082806,0.0,0.0004601280348854142,0.0007964751088936948
1292,0.0,lbfgs,6992,512.6539335250854,,,,0.0006737310623262187,0.00033629135432453587,0.0,0.00045868650455968785,0.0007949778588842237
1293,0.0,lbfgs,6993,512.9357397556305,,,,0.0006732893295449925,0.00033617368231914996,0.0,0.0004579857598492795,0.0007941594421684295
1294,0.0,lbfgs,6994,513.2309968471527,,,,0.0006720874247188187,0.0003358583990470648,0.0,0.0004562307712649195,0.0007920891703119843
1295,0.0,lbfgs,6995,513.5896937847137,,,,0.0006713411033136353,0.00033554535329451607,0.0,0.00045544236915865923,0.0007909877224531753
1296,0.0,lbfgs,6996,513.8656854629517,,,,0.0006704397507297502,0.00033531947023507185,0.0,0.0004547450295325392,0.000790064499767611
1297,0.0,lbfgs,6997,514.1303164958954,,,,0.0006696197667960884,0.00033532627345346966,0.0,0.0004539305846467915,0.0007892568581002611
1298,0.0,lbfgs,6998,514.4321436882019,,,,0.0006690249309029466,0.0003349328073017521,0.0,0.0004546189015968244,0.0007895517088985764
1299,0.0,lbfgs,6999,514.7686469554901,,,,0.0006685071232862485,0.0003350236304069759,0.0,0.00045372794711099,0.0007887515775179659
1300,0.0,lbfgs,7000,515.0812983512878,,,,0.0006681421691675579,0.0003350570557583695,0.0,0.0004530852693353044,0.0007881423250936739
1301,0.0,lbfgs,7001,515.3550024032593,,,,0.0006677108241182946,0.0003350294859468427,0.0,0.0004524395537695039,0.0007874690397163466
1302,0.0,lbfgs,7002,515.6417148113251,,,,0.0006669602172881632,0.00033489895009685837,0.0,0.00045168267146809214,0.0007865816215649505
1303,0.0,lbfgs,7003,516.1544215679169,,,,0.0006666690971591366,0.0003348066616967706,0.0,0.0004514510240498585,0.0007862576857466291
1304,0.0,lbfgs,7004,516.4746339321136,,,,0.0006660590864158695,0.000334640041106414,0.0,0.000451348088923754,0.000785988130030168
1305,0.0,lbfgs,7005,516.7162485122681,,,,0.0006657141974860531,0.00033445591686319924,0.0,0.000451382052521585,0.0007858379693847842
1306,0.0,lbfgs,7006,517.0041172504425,,,,0.0006651638741159337,0.00033415527747029684,0.0,0.00045139350827235115,0.000785548785742648
1307,0.0,lbfgs,7007,517.2768371105194,,,,0.0006644273135475179,0.00033374852278038103,0.0,0.00045124094369973646,0.0007849894664801175
1308,0.0,lbfgs,7008,517.7625889778137,,,,0.0006639521511797196,0.00033361774335079664,0.0,0.0004509283965759574,0.0007845461399267541
1309,0.0,lbfgs,7009,518.0127658843994,,,,0.0006630965622582835,0.0003331868418591095,0.0,0.00045060224147391674,0.0007837890833330263
1310,0.0,lbfgs,7010,518.1989822387695,,,,0.0006625714908518551,0.0003330100872853441,0.0,0.0004500543338789891,0.0007830644211643332
1311,0.0,lbfgs,7011,518.4230089187622,,,,0.0006618208433404436,0.00033271805455833097,0.0,0.0004492371815817041,0.000781955236140035
1312,0.0,lbfgs,7012,518.897659778595,,,,0.0006615557990191087,0.0003325086734098206,0.0,0.0004490712493433203,0.000781579922753141
1313,0.0,lbfgs,7013,519.1357707977295,,,,0.0006609462054806956,0.0003322168836463649,0.0,0.00044851525946249947,0.0007807321431088643
1314,0.0,lbfgs,7014,519.3742589950562,,,,0.0006600990489711362,0.00033175259805494963,0.0,0.00044807331709581283,0.0007798259151507625
1315,0.0,lbfgs,7015,519.6201455593109,,,,0.0006592220050109033,0.000331220748218311,0.0,0.00044783406218644,0.0007790548104047511
1316,0.0,lbfgs,7016,519.8985347747803,,,,0.000658228258687911,0.0003305831899247406,0.0,0.00044758283255078675,0.0007781660224755274
1317,0.0,lbfgs,7017,520.4574151039124,,,,0.0006577412314390865,0.00033026290000654786,0.0,0.0004478281145939043,0.0007780910146004522
1318,0.0,lbfgs,7018,520.8752541542053,,,,0.000657113240692639,0.00033004447120129726,0.0,0.0004474561533514861,0.0007775006245527834
1319,0.0,lbfgs,7019,521.1330707073212,,,,0.0006565143228551083,0.00032997792321520005,0.0,0.0004469513690023726,0.0007769292922175726
1320,0.0,lbfgs,7020,521.412038564682,,,,0.0006559762200315942,0.00032998170565234826,0.0,0.0004464968765267697,0.000776478582179118
1321,0.0,lbfgs,7021,521.6906518936157,,,,0.0006555074124451321,0.00032970699066912077,0.0,0.0004462173786818952,0.000775924369351016
1322,0.0,lbfgs,7022,521.9903643131256,,,,0.0006548204376461803,0.00032979243417699734,0.0,0.0004457438047363132,0.0007755362389133105
1323,0.0,lbfgs,7023,522.2816095352173,,,,0.0006544940412419565,0.00032963311691582177,0.0,0.0004456138317755437,0.0007752469486913655
1324,0.0,lbfgs,7024,522.5457546710968,,,,0.0006538852678115828,0.00032916541807656563,0.0,0.00044539476698935126,0.0007745601850659169
1325,0.0,lbfgs,7025,522.9855880737305,,,,0.000653658800090525,0.00032889777534587825,0.0,0.00044533566436434597,0.0007742334397102242
1326,0.0,lbfgs,7026,523.2980818748474,,,,0.000653303556605247,0.00032865307267301706,0.0,0.0004451294812589829,0.000773782553932
1327,0.0,lbfgs,7027,523.596667766571,,,,0.0006526480936402087,0.00032820063775363377,0.0,0.00044464523058972334,0.0007728458683433572
1328,0.0,lbfgs,7028,523.9176800251007,,,,0.0006521199306514503,0.0003278871684074817,0.0,0.00044427075068081024,0.0007721579190882919
1329,0.0,lbfgs,7029,524.2233963012695,,,,0.0006513380445959823,0.00032744482284824194,0.0,0.0004438610421568259,0.0007713058650050679
1330,0.0,lbfgs,7030,524.5482399463654,,,,0.000650401226284019,0.00032696284351431886,0.0,0.0004435118983658148,0.0007704747418801337
1331,0.0,lbfgs,7031,524.8154737949371,,,,0.0006493595140478388,0.0003264073616376693,0.0,0.00044333211600992877,0.0007697394776475981
1332,0.0,lbfgs,7032,525.1282913684845,,,,0.0006491242927933863,0.0003260115127591325,0.0,0.00044321525785540104,0.0007692267706145336
1333,0.0,lbfgs,7033,525.4224193096161,,,,0.000648072227969899,0.00032603110143336123,0.0,0.0004421435486882344,0.0007681746501215956
1334,0.0,lbfgs,7034,525.6740789413452,,,,0.0006477086457480958,0.0003259948019856885,0.0,0.0004417777064694955,0.000767772508455184
1335,0.0,lbfgs,7035,526.0470411777496,,,,0.0006472688589116164,0.00032570195800241575,0.0,0.00044103765702962203,0.0007667396150320378
1336,0.0,lbfgs,7036,526.3651094436646,,,,0.0006466938760261432,0.0003254870188075148,0.0,0.0004404260144101803,0.0007659130332176951
1337,0.0,lbfgs,7037,526.646782875061,,,,0.000645944411448041,0.00032513493152634237,0.0,0.0004396822408264782,0.0007648171723528206
1338,0.0,lbfgs,7038,527.1524181365967,,,,0.0006455339968798291,0.00032499374629685335,0.0,0.00043895283146224296,0.0007639465777590964
1339,0.0,lbfgs,7039,527.3483607769012,,,,0.0006449919878999803,0.00032474020157482314,0.0,0.00043859803385464386,0.0007633382354294671
1340,0.0,lbfgs,7040,527.5981187820435,,,,0.000644613586534749,0.00032461667088258935,0.0,0.0004385067454720144,0.0007631234163546037
1341,0.0,lbfgs,7041,527.8300228118896,,,,0.0006440142370716807,0.00032446030869868634,0.0,0.00043817992213642665,0.0007626402308351129
1342,0.0,lbfgs,7042,528.2597527503967,,,,0.0006437100508541603,0.0003242801162482553,0.0,0.0004387417678688804,0.0007630218841171356
1343,0.0,lbfgs,7043,528.546639919281,,,,0.0006433287362293961,0.0003242347601555205,0.0,0.00043851335840138325,0.0007627481185569038
1344,0.0,lbfgs,7044,528.8406400680542,,,,0.0006428180482527591,0.00032410648465467393,0.0,0.0004383083477622507,0.0007624148324169246
1345,0.0,lbfgs,7045,529.1293976306915,,,,0.0006423527406596664,0.0003239337452184502,0.0,0.00043814671087150304,0.0007620804560899532
1346,0.0,lbfgs,7046,529.46062707901,,,,0.0006410080318427397,0.00032349532616206413,0.0,0.00043775819577448354,0.0007612535219365477
1347,0.0,lbfgs,7047,529.9420993328094,,,,0.0006405413411099711,0.000323452581468532,0.0,0.0004373931788434552,0.0007608457603119872
1348,0.0,lbfgs,7048,530.2322542667389,,,,0.0006397862016547044,0.0003232287225363056,0.0,0.00043731951183275877,0.0007605482343690643
1349,0.0,lbfgs,7049,530.4137468338013,,,,0.0006393292096319779,0.00032312897679995613,0.0,0.0004368061605133162,0.0007599351373132723
1350,0.0,lbfgs,7050,530.6330819129944,,,,0.0006387559390690981,0.00032294349110046305,0.0,0.00043645066912699606,0.0007593941602274592
1351,0.0,lbfgs,7051,530.9348890781403,,,,0.0006383702919588127,0.0003229315194236885,0.0,0.00043522080972516566,0.0007581523291488542
1352,0.0,lbfgs,7052,531.1991684436798,,,,0.0006378713147340569,0.00032271821524216155,0.0,0.00043484452176802184,0.0007575627370101834
1353,0.0,lbfgs,7053,531.3897964954376,,,,0.0006371714315793748,0.00032229990109112594,0.0,0.00043419090444091717,0.000756490805532043
1354,0.0,lbfgs,7054,531.6176662445068,,,,0.000636858891836192,0.0003221614695304846,0.0,0.00043388695186083546,0.0007560484213913201
1355,0.0,lbfgs,7055,532.0779371261597,,,,0.000636657931551316,0.0003219950290254976,0.0,0.00043385698816121723,0.0007558520171867148
1356,0.0,lbfgs,7056,532.3653047084808,,,,0.0006360449030469762,0.00032176666471567326,0.0,0.00043329454928946306,0.0007550612140051363
1357,0.0,lbfgs,7057,532.6825511455536,,,,0.0006357406284182526,0.0003216694994514524,0.0,0.0004331573914413961,0.0007548268908928485
1358,0.0,lbfgs,7058,532.9907834529877,,,,0.0006352900483440153,0.0003215455451936637,0.0,0.00043304154817243345,0.0007545870933660971
1359,0.0,lbfgs,7059,533.3054213523865,,,,0.000634819611256375,0.00032140428267999076,0.0,0.0004328444100054248,0.0007542486926854155
1360,0.0,lbfgs,7060,533.6491811275482,,,,0.0006343969313297412,0.00032098690787386066,0.0,0.00043289742438966074,0.0007538843322635214
1361,0.0,lbfgs,7061,533.9329180717468,,,,0.0006336596479848885,0.000320682666961425,0.0,0.00043251455484512736,0.0007531972218065523
1362,0.0,lbfgs,7062,534.2133584022522,,,,0.0006333303710260769,0.0003205056589229889,0.0,0.00043234832679895784,0.0007528539857219467
1363,0.0,lbfgs,7063,534.4543700218201,,,,0.0006328099559699165,0.00032010268887841466,0.0,0.0004324049223407803,0.000752507611219195
1364,0.0,lbfgs,7064,534.7720091342926,,,,0.0006324552229076215,0.0003194543663817698,0.0,0.00043301691600948684,0.0007524712823912566
1365,0.0,lbfgs,7065,535.0594561100006,,,,0.0006317701385216321,0.00031902115079382096,0.0,0.00043321744999544267,0.0007522386007892636
1366,0.0,lbfgs,7066,535.3481512069702,,,,0.0006312752106066112,0.00031867018822901127,0.0,0.00043358460855363586,0.0007522547967826472
1367,0.0,lbfgs,7067,535.6243994235992,,,,0.0006308330292658366,0.0003182321309505076,0.0,0.0004341701811845176,0.0007524023121350252
1368,0.0,lbfgs,7068,535.9045407772064,,,,0.0006302490424856448,0.0003177096481404537,0.0,0.00043460063743654993,0.0007523102855770036
1369,0.0,lbfgs,7069,536.3723862171173,,,,0.000629834727622903,0.00031720084149360403,0.0,0.00043462430733646806,0.0007518251488300721
1370,0.0,lbfgs,7070,536.6486949920654,,,,0.0006294068593273997,0.00031691744923801403,0.0,0.00043455304357072934,0.0007514704928087434
1371,0.0,lbfgs,7071,536.913690328598,,,,0.000629198439922905,0.00031682902523463575,0.0,0.0004342806733614231,0.0007511096985960588
1372,0.0,lbfgs,7072,537.1759607791901,,,,0.0006287876239571096,0.0003166246414467679,0.0,0.000433912296427213,0.000750536937873981
1373,0.0,lbfgs,7073,537.5713937282562,,,,0.0006286562666446092,0.0003166738161189162,0.0,0.0004337410437376518,0.000750414859856568
1374,0.0,lbfgs,7074,537.8308529853821,,,,0.000628492172202069,0.00031662729775869416,0.0,0.0004336694275877958,0.00075029672534649
1375,0.0,lbfgs,7075,538.1063704490662,,,,0.0006282399953219573,0.00031660341735555646,0.0,0.00043355254715515823,0.0007501559645107147
1376,0.0,lbfgs,7076,538.3754992485046,,,,0.0006278008300820625,0.00031642105556726097,0.0,0.0004334027781359122,0.0007498238337031732
1377,0.0,lbfgs,7077,538.683082818985,,,,0.0006275598903931612,0.00031640186084434867,0.0,0.0004334075056851736,0.0007498093665295223
1378,0.0,lbfgs,7078,538.9184441566467,,,,0.0006272119862841706,0.0003163611651410625,0.0,0.000432919885555158,0.0007492810506962205
1379,0.0,lbfgs,7079,539.1921801567078,,,,0.0006270203081241907,0.00031637299237365193,0.0,0.00043248203592311023,0.0007488550282967622
1380,0.0,lbfgs,7080,539.4818394184113,,,,0.0006268362644549503,0.00031640798730528,0.0,0.00043205275659814594,0.0007484607439034259
1381,0.0,lbfgs,7081,539.761956691742,,,,0.0006262240342289507,0.00031640126573661664,0.0,0.00043083059975418755,0.0007472318654908041
1382,0.0,lbfgs,7082,540.0209197998047,,,,0.0006255798429328421,0.0003166479738095795,0.0,0.00042944762042129963,0.0007460955942308791
1383,0.0,lbfgs,7083,540.2729978561401,,,,0.0006248796984488622,0.00031640721287685346,0.0,0.00042852491692311947,0.0007449321297999729
1384,0.0,lbfgs,7084,540.4739928245544,,,,0.0006243848202695192,0.000316299122346827,0.0,0.00042819152126495705,0.0007444906436117841
1385,0.0,lbfgs,7085,540.8186042308807,,,,0.0006238862159364032,0.0003161777546024358,0.0,0.0004281101312481123,0.0007442878858505481
1386,0.0,lbfgs,7086,541.0626833438873,,,,0.0006234218462910855,0.00031592495651899046,0.0,0.000427810504219776,0.0007437354607387665
1387,0.0,lbfgs,7087,541.3240888118744,,,,0.0006227000224063972,0.00031576828898594993,0.0,0.00042697542720035654,0.0007427437161863065
1388,0.0,lbfgs,7088,541.5521140098572,,,,0.0006217454620905991,0.00031547315251010495,0.0,0.00042594672821084635,0.0007414198807209514
1389,0.0,lbfgs,7089,541.7500030994415,,,,0.0006211728633617233,0.0003150150574497458,0.0,0.0004257961730271699,0.0007408112304769156
1390,0.0,lbfgs,7090,542.022777557373,,,,0.0006207532897984681,0.0003150353099891814,0.0,0.00042520630610898123,0.0007402416160981626
1391,0.0,lbfgs,7091,542.2949159145355,,,,0.0006202958915883688,0.00031485115547360296,0.0,0.00042487851163254753,0.0007397296671061504
1392,0.0,lbfgs,7092,542.6048107147217,,,,0.0006197682176338412,0.0003146223910173915,0.0,0.0004248157747518251,0.0007394381657692165
1393,0.0,lbfgs,7093,542.8959228992462,,,,0.0006194492184993503,0.00031402500883318413,0.0,0.0004261117333470879,0.0007401367421802721
1394,0.0,lbfgs,7094,543.17582654953,,,,0.0006187887033073553,0.00031401010622162203,0.0,0.00042515906498299483,0.0007391691712046169
1395,0.0,lbfgs,7095,543.3632414340973,,,,0.0006184648920601599,0.0003140136137264177,0.0,0.0004246366967212859,0.0007386503104477036
1396,0.0,lbfgs,7096,543.582950592041,,,,0.000618120375760118,0.00031399452974547926,0.0,0.00042412225934120604,0.0007381167890866853
1397,0.0,lbfgs,7097,543.9462831020355,,,,0.0006177541745028234,0.0003139672645712244,0.0,0.00042372812318493204,0.0007376953877561564
1398,0.0,lbfgs,7098,544.2070429325104,,,,0.0006170316779694841,0.00031382918664176813,0.0,0.0004233140688293222,0.0007371432554710904
1399,0.0,lbfgs,7099,544.7110071182251,,,,0.0006166274235420475,0.0003139089506169418,0.0,0.0004229107825745096,0.0007368197331914514
1400,0.0,lbfgs,7100,545.0257368087769,,,,0.0006157909014520067,0.0003136815540650543,0.0,0.00042260961694964383,0.0007362911710146981
1401,0.0,lbfgs,7101,545.3298418521881,,,,0.0006151655113678118,0.0003134751410515329,0.0,0.0004224205273155647,0.0007358956683670976
1402,0.0,lbfgs,7102,545.6305661201477,,,,0.000614638249834713,0.00031331286375333074,0.0,0.00042208582539212536,0.0007353986891454562
1403,0.0,lbfgs,7103,545.9130935668945,,,,0.0006142865884567548,0.0003130302956925149,0.0,0.00042243043989354483,0.0007354607355860598
1404,0.0,lbfgs,7104,546.1164474487305,,,,0.0006138559670966386,0.00031305467250661236,0.0,0.00042149547065318307,0.0007345501431597955
1405,0.0,lbfgs,7105,546.3604934215546,,,,0.0006135301778879237,0.00031301522598587583,0.0,0.00042104659167475173,0.0007340618176606276
1406,0.0,lbfgs,7106,546.5886101722717,,,,0.0006129680076351268,0.00031285502025868,0.0,0.00042044438533083263,0.0007332994055895127
1407,0.0,lbfgs,7107,547.0657942295074,,,,0.0006128007870709937,0.00031276137479347186,0.0,0.0004204135369753365,0.0007331749117688083
1408,0.0,lbfgs,7108,547.4098353385925,,,,0.0006125872242712367,0.0003126766039045261,0.0,0.00042029301399804434,0.0007329696179025705
1409,0.0,lbfgs,7109,547.744998216629,,,,0.0006122310378747432,0.00031250985646660184,0.0,0.00042019356624174416,0.000732703422708346
1410,0.0,lbfgs,7110,548.0332343578339,,,,0.0006118883223805473,0.00031234892930539766,0.0,0.0004200522304802975,0.0007324011597856952
1411,0.0,lbfgs,7111,548.2884910106659,,,,0.0006112089056295265,0.0003119766780464437,0.0,0.0004196264066715761,0.0007316030847180199
1412,0.0,lbfgs,7112,548.5207402706146,,,,0.0006102899059558587,0.00031130198809630686,0.0,0.00041906784511398814,0.0007303698332102951
1413,0.0,lbfgs,7113,548.9901251792908,,,,0.0006099292852495815,0.00031097170485447654,0.0,0.0004188001070884647,0.0007297718119429412
1414,0.0,lbfgs,7114,549.2371664047241,,,,0.0006093077750226422,0.00031048619297927347,0.0,0.0004184646205801242,0.0007289508135593977
1415,0.0,lbfgs,7115,549.4674527645111,,,,0.0006087575724461187,0.0003101628637907617,0.0,0.00041799570115341045,0.0007281585649441722
1416,0.0,lbfgs,7116,549.683146238327,,,,0.0006082834772356801,0.0003095922800607039,0.0,0.00041774783374349774,0.0007273401138042017
1417,0.0,lbfgs,7117,549.9428970813751,,,,0.0006077721145265334,0.0003093104136585331,0.0,0.00041750855876912654,0.0007268189724276596
1418,0.0,lbfgs,7118,550.1286482810974,,,,0.0006074588550126128,0.00030932428321332875,0.0,0.0004172609947456532,0.000726585277958982
1419,0.0,lbfgs,7119,550.351877450943,,,,0.0006070417481244847,0.0003092112137833233,0.0,0.00041706436065732435,0.0007262755744406476
1420,0.0,lbfgs,7120,550.6512980461121,,,,0.0006066861183364182,0.00030910257352442615,0.0,0.000416827553617819,0.0007259301271422451
1421,0.0,lbfgs,7121,550.8831293582916,,,,0.0006061010099458822,0.0003086200155453219,0.0,0.00041614606374949136,0.0007247660792948133
1422,0.0,lbfgs,7122,551.1233673095703,,,,0.0006054585795010484,0.00030846145030607514,0.0,0.000416126907408341,0.0007245883577144162
1423,0.0,lbfgs,7123,551.3518970012665,,,,0.0006051578595540578,0.00030845374077705296,0.0,0.00041578693272029463,0.0007242406734973476
1424,0.0,lbfgs,7124,551.6059517860413,,,,0.0006048494283523855,0.0003084005071121031,0.0,0.0004155617026698705,0.0007239622097819736
1425,0.0,lbfgs,7125,551.9268202781677,,,,0.0006045836464250077,0.00030827492354341816,0.0,0.00041547969217706947,0.0007237546157204877
1426,0.0,lbfgs,7126,552.4668657779694,,,,0.0006043108318775016,0.00030821410494303214,0.0,0.0004156996235602371,0.0007239137285032693
1427,0.0,lbfgs,7127,552.7832098007202,,,,0.0006039592528090422,0.0003079938896326443,0.0,0.00041576194081107635,0.0007237558304437207
1428,0.0,lbfgs,7128,553.0759930610657,,,,0.0006037057738282473,0.0003077984915889314,0.0,0.0004159756563922365,0.0007237741479811678
1429,0.0,lbfgs,7129,553.3535206317902,,,,0.0006035434462401852,0.0003077272443749469,0.0,0.00041598874509696433,0.0007237159894719113
1430,0.0,lbfgs,7130,553.6062903404236,,,,0.0006030156451814724,0.00030759743069273473,0.0,0.0004157735169342386,0.0007233709476269733
1431,0.0,lbfgs,7131,553.8255839347839,,,,0.0006026939270274002,0.00030741692887041063,0.0,0.00041586946351959464,0.0007232863923900053
1432,0.0,lbfgs,7132,554.069774389267,,,,0.000602140645368432,0.0003074658119730067,0.0,0.0004150253099475884,0.0007224911219205952
1433,0.0,lbfgs,7133,554.2557048797607,,,,0.0006018026024609913,0.0003074894265113344,0.0,0.00041436444033152896,0.0007218538668428634
1434,0.0,lbfgs,7134,554.4939680099487,,,,0.0006015936491517725,0.0003074923490027671,0.0,0.0004140212682781989,0.0007215136172809659
1435,0.0,lbfgs,7135,554.7309885025024,,,,0.000601029405862662,0.0003075121507989954,0.0,0.0004132805772876909,0.0007207927280866863
1436,0.0,lbfgs,7136,554.9981241226196,,,,0.0006001900260455265,0.0003075228019113558,0.0,0.0004123392497482276,0.0007198620516595834
1437,0.0,lbfgs,7137,555.3103487491608,,,,0.0005997213137982847,0.0003074336478975372,0.0,0.00041147416905929906,0.0007189078169568362
1438,0.0,lbfgs,7138,555.5742826461792,,,,0.0005987597422640223,0.0003074592780025102,0.0,0.0004109118733290934,0.0007183711513316037
1439,0.0,lbfgs,7139,555.8590641021729,,,,0.000598242696267837,0.00030728841841090755,0.0,0.00041074091853275424,0.0007180293369436618
1440,0.0,lbfgs,7140,556.2313826084137,,,,0.0005975920767309415,0.0003071298046119806,0.0,0.00041017125473321193,0.0007173010593451925
1441,0.0,lbfgs,7141,556.7522392272949,,,,0.0005973382638422805,0.0003069168684442082,0.0,0.0004101543244686944,0.0007170711929129026
1442,0.0,lbfgs,7142,556.9570045471191,,,,0.0005968746465995151,0.00030679880922465386,0.0,0.00040960175251839113,0.0007164005617430449
1443,0.0,lbfgs,7143,557.2428207397461,,,,0.0005962957929025963,0.00030657971844593606,0.0,0.00040895119316324013,0.0007155309116091762
1444,0.0,lbfgs,7144,557.4118411540985,,,,0.0005956681742923931,0.0003062809889611123,0.0,0.0004084912406028142,0.0007147722295639265
1445,0.0,lbfgs,7145,557.7145595550537,,,,0.0005953030218138716,0.00030589944995624787,0.0,0.00040881001266917263,0.0007147094626254205
1446,0.0,lbfgs,7146,557.9485869407654,,,,0.0005948595403016833,0.0003057600086921632,0.0,0.00040837787471875194,0.0007141378834109151
1447,0.0,lbfgs,7147,558.2156913280487,,,,0.0005945953682591058,0.00030561151982196473,0.0,0.00040844733082338853,0.0007140588506453533
1448,0.0,lbfgs,7148,558.4202244281769,,,,0.0005943941645832332,0.0003054666965213759,0.0,0.0004086607628468572,0.0007141274593682331
1449,0.0,lbfgs,7149,558.6711971759796,,,,0.0005939749785053583,0.0003051445217842185,0.0,0.0004086203024895732,0.0007137648242737918
1450,0.0,lbfgs,7150,559.0380346775055,,,,0.0005934574643899123,0.00030473476209842254,0.0,0.00040929554227403476,0.0007140303043724573
1451,0.0,lbfgs,7151,559.2652118206024,,,,0.0005928449600362617,0.00030447562904186337,0.0,0.0004085342718961755,0.0007130099009380389
1452,0.0,lbfgs,7152,559.5263257026672,,,,0.0005920665629499415,0.0003041469881107385,0.0,0.00040777099659581424,0.0007119179847065527
1453,0.0,lbfgs,7153,559.7838532924652,,,,0.0005914941277872952,0.0003037639796371749,0.0,0.0004073283181353104,0.0007110922977724852
1454,0.0,lbfgs,7154,560.0360505580902,,,,0.0005911242871156556,0.0003034184378094968,0.0,0.0004078618631914418,0.0007112803010009386
1455,0.0,lbfgs,7155,560.331086397171,,,,0.0005908134312738726,0.00030340676340287253,0.0,0.00040753092194148124,0.0007109376853443538
1456,0.0,lbfgs,7156,560.6155154705048,,,,0.0005906270120022341,0.0003033555115120615,0.0,0.00040741436417124523,0.0007107698756833067
1457,0.0,lbfgs,7157,560.9008026123047,,,,0.0005903791358915608,0.0003032427011995905,0.0,0.00040717093039094044,0.000710413631590531
1458,0.0,lbfgs,7158,561.1593682765961,,,,0.0005897285499035668,0.00030288151455436295,0.0,0.0004064130755556867,0.0007092945901100497
1459,0.0,lbfgs,7159,561.5837185382843,,,,0.0005894438852582166,0.00030264310836825546,0.0,0.0004062287603861556,0.0007088718687544111
1460,0.0,lbfgs,7160,561.8445341587067,,,,0.000588908116149753,0.0003022448439042427,0.0,0.00040552409988767353,0.0007077689437919163
1461,0.0,lbfgs,7161,562.0656011104584,,,,0.0005885090922567136,0.00030199940247121104,0.0,0.00040504906632546047,0.0007070484687966715
1462,0.0,lbfgs,7162,562.2492923736572,,,,0.0005879568651007202,0.00030166653425277117,0.0,0.0004045232775434549,0.000706189811796226
1463,0.0,lbfgs,7163,562.5096280574799,,,,0.0005872204249032953,0.0003011627584930434,0.0,0.0004039483914229269,0.0007051111499159703
1464,0.0,lbfgs,7164,562.7684860229492,,,,0.0005865505774874637,0.0003006249342805483,0.0,0.00040370118947992835,0.0007043261237604766
1465,0.0,lbfgs,7165,563.0532910823822,,,,0.0005859941847442733,0.0003003141432986313,0.0,0.00040312160666113603,0.0007034357499597673
1466,0.0,lbfgs,7166,563.3617579936981,,,,0.0005855909178309603,0.0003003466689910549,0.0,0.00040272967820633544,0.0007030763471973904
1467,0.0,lbfgs,7167,563.6347146034241,,,,0.0005851239755450158,0.0003002761492609008,0.0,0.0004021037243950077,0.0007023798736559085
1468,0.0,lbfgs,7168,563.8843281269073,,,,0.0005847440923150224,0.00030016560306620496,0.0,0.00040152817470147893,0.0007016937777676839
1469,0.0,lbfgs,7169,564.3722105026245,,,,0.0005843795077487112,0.00029995640244367267,0.0,0.0004007613930687322,0.0007007177955124049
1470,0.0,lbfgs,7170,564.680962562561,,,,0.0005838217600529362,0.00029975117105583574,0.0,0.0003998127645736046,0.0006995639356294403
1471,0.0,lbfgs,7171,564.9092862606049,,,,0.0005835465190717302,0.00029971105819783574,0.0,0.00039941792968800253,0.0006991289878858383
1472,0.0,lbfgs,7172,565.1064977645874,,,,0.0005829498524639215,0.00029957573913630365,0.0,0.0003987193174478556,0.0006982950565841593
1473,0.0,lbfgs,7173,565.5044531822205,,,,0.0005828268451132992,0.0002995432303883999,0.0,0.0003988299585836908,0.0006983731889720908
1474,0.0,lbfgs,7174,565.7783250808716,,,,0.0005824150201764079,0.0002994013140785656,0.0,0.0003985021087385144,0.00069790342281708
1475,0.0,lbfgs,7175,566.0668082237244,,,,0.0005818752125871711,0.0002991661849431393,0.0,0.00039810702335700917,0.0006972732083001485
1476,0.0,lbfgs,7176,566.3461089134216,,,,0.00058133887954644,0.0002989830037165059,0.0,0.00039758509555337895,0.0006965680992698849
1477,0.0,lbfgs,7177,566.6282091140747,,,,0.00058102401276135,0.00029880576637788723,0.0,0.00039709727096263016,0.0006959030373405174
1478,0.0,lbfgs,7178,566.9301364421844,,,,0.0005808739743583749,0.00029890998134197365,0.0,0.0003969608640288728,0.0006958708453708464
1479,0.0,lbfgs,7179,567.1976718902588,,,,0.0005806785808748156,0.000298874460918322,0.0,0.0003967371934068197,0.0006956116543251417
1480,0.0,lbfgs,7180,567.4826009273529,,,,0.0005805282908271452,0.00029885381269853636,0.0,0.0003965366898727909,0.0006953905025713273
1481,0.0,lbfgs,7181,567.7863576412201,,,,0.0005803297131631353,0.0002988204099135714,0.0,0.00039628754839580706,0.0006951079583093784
1482,0.0,lbfgs,7182,568.0813810825348,,,,0.0005799387714164549,0.00029877140631540626,0.0,0.00039583052810242806,0.0006946019344178343
1483,0.0,lbfgs,7183,568.5702271461487,,,,0.0005797087120812373,0.0002986137587605241,0.0,0.00039568844825659075,0.0006943022070171149
1484,0.0,lbfgs,7184,568.8603885173798,,,,0.0005792090371372377,0.0002985478918425196,0.0,0.0003951421152955328,0.0006936900071380524
1485,0.0,lbfgs,7185,569.1705253124237,,,,0.0005789497271575881,0.0002984744473273257,0.0,0.00039497619429189866,0.0006934506416192243
1486,0.0,lbfgs,7186,569.4715781211853,,,,0.0005786574045048266,0.0002983503605504879,0.0,0.000394861306588862,0.0006932116671393498
1487,0.0,lbfgs,7187,569.8082387447357,,,,0.0005782472458450962,0.00029821926869846063,0.0,0.0003945766821717318,0.0006927959508701924
1488,0.0,lbfgs,7188,570.0990409851074,,,,0.0005775018582390137,0.0002979106911369237,0.0,0.0003939120109964244,0.0006918227021333481
1489,0.0,lbfgs,7189,570.6072607040405,,,,0.000577170201702986,0.00029785128804193006,0.0,0.00039362190745232127,0.0006914731954942514
1490,0.0,lbfgs,7190,570.7923376560211,,,,0.0005766982287422036,0.0002977483704884049,0.0,0.00039312815679864944,0.0006908765272870543
1491,0.0,lbfgs,7191,571.0346796512604,,,,0.0005761687149046683,0.0002976267465165272,0.0,0.00039251122454726876,0.000690137971063796
1492,0.0,lbfgs,7192,571.3308670520782,,,,0.0005757023386359938,0.00029752617695742554,0.0,0.0003921257375232658,0.0006896519144806914
1493,0.0,lbfgs,7193,571.6082901954651,,,,0.0005755981071266543,0.0002969728202795788,0.0,0.0003922095479885349,0.0006891823682681137
1494,0.0,lbfgs,7194,571.899199962616,,,,0.0005749986286552054,0.00029710748372753195,0.0,0.0003916940070212591,0.0006888014907487911
1495,0.0,lbfgs,7195,572.1386525630951,,,,0.000574797180670907,0.0002970447177541158,0.0,0.0003916109094826604,0.0006886556272367762
1496,0.0,lbfgs,7196,572.3670773506165,,,,0.0005743269325719873,0.0002968325445788783,0.0,0.00039126363498394665,0.0006880961795628249
1497,0.0,lbfgs,7197,572.7682192325592,,,,0.0005741198946005702,0.0002966374262937749,0.0,0.00039141061158383313,0.0006880480378776081
1498,0.0,lbfgs,7198,573.0761213302612,,,,0.0005735803073202131,0.00029632713657708535,0.0,0.000390878924950061,0.0006872060615271463
1499,0.0,lbfgs,7199,573.3127403259277,,,,0.0005731205336586285,0.0002960635083721852,0.0,0.00039032312452017036,0.0006863866328923556
1500,0.0,lbfgs,7200,573.5507040023804,,,,0.0005726360722631114,0.00029577896122245565,0.0,0.00038970546064334943,0.0006854844218658051
1501,0.0,lbfgs,7201,573.8109140396118,,,,0.0005720521097987761,0.0002954287022376398,0.0,0.0003888702012279866,0.0006842989034656264
1502,0.0,lbfgs,7202,574.1073191165924,,,,0.0005716495540971067,0.00029502353487466674,0.0,0.00038847884941643177,0.0006835023842910985
1503,0.0,lbfgs,7203,574.3961446285248,,,,0.0005710846037804422,0.00029482878043467507,0.0,0.00038770308752789393,0.000682531867962569
1504,0.0,lbfgs,7204,574.7308752536774,,,,0.0005707093995474144,0.00029475637536057614,0.0,0.000387308136945147,0.0006820645123057231
1505,0.0,lbfgs,7205,575.0865631103516,,,,0.0005703175693875363,0.0002946655238697583,0.0,0.000387380586422021,0.0006820461102917794
1506,0.0,lbfgs,7206,575.4077966213226,,,,0.0005700438599377304,0.000294582264211638,0.0,0.00038670099431638587,0.0006812832585280238
1507,0.0,lbfgs,7207,575.6586527824402,,,,0.0005697952499772875,0.000294456721793137,0.0,0.00038650690697050977,0.0006809636287636468
1508,0.0,lbfgs,7208,575.9257700443268,,,,0.0005693815066236213,0.00029417253026782497,0.0,0.00038614921063756194,0.000680321740905387
1509,0.0,lbfgs,7209,576.2030062675476,,,,0.0005689621556548036,0.0002939902024512098,0.0,0.00038577183607024497,0.0006797620385214548
1510,0.0,lbfgs,7210,576.4836547374725,,,,0.0005683264274946322,0.00029366800869784276,0.0,0.00038499777176274826,0.0006786657804605911
1511,0.0,lbfgs,7211,576.9827709197998,,,,0.0005681968888661843,0.0002935704899909215,0.0,0.0003849365238086639,0.0006785070137995855
1512,0.0,lbfgs,7212,577.3119592666626,,,,0.0005680243446323996,0.0002935629033765206,0.0,0.00038466795814891166,0.0006782308615254323
1513,0.0,lbfgs,7213,577.5826568603516,,,,0.0005677563334729439,0.0002934796969904672,0.0,0.00038434856494952923,0.0006778282619399965
1514,0.0,lbfgs,7214,577.8711643218994,,,,0.0005673355177657755,0.0002932421773111245,0.0,0.00038401887464511124,0.0006772610519562357
1515,0.0,lbfgs,7215,578.1242847442627,,,,0.0005667132163525766,0.00029279464465932075,0.0,0.0003837507892737259,0.0006765454339330466
1516,0.0,lbfgs,7216,578.3950161933899,,,,0.0005658022028368353,0.0002919535988988584,0.0,0.00038350453196460036,0.0006754581308634588
1517,0.0,lbfgs,7217,578.6055901050568,,,,0.000565180169406305,0.00029093240958838934,0.0,0.0003835859727671652,0.0006745183823555546
1518,0.0,lbfgs,7218,578.8490648269653,,,,0.000564674189846262,0.0002910850158633928,0.0,0.0003831837991610431,0.000674268815024436
1519,0.0,lbfgs,7219,579.1001706123352,,,,0.0005644076712776112,0.00029113215081158543,0.0,0.00038303277499974006,0.0006741649258113255
1520,0.0,lbfgs,7220,579.4818160533905,,,,0.0005640059966568025,0.00029103961711520636,0.0,0.00038275299333899763,0.000673792610454204
1521,0.0,lbfgs,7221,579.9383521080017,,,,0.0005637027655148976,0.00029085356570343845,0.0,0.0003829774215578545,0.0006738309872612929
1522,0.0,lbfgs,7222,580.2538125514984,,,,0.0005628888669316734,0.0002905438225291719,0.0,0.00038235713958284317,0.000672900962112015
1523,0.0,lbfgs,7223,580.5318706035614,,,,0.0005625046528572402,0.00029029709180774545,0.0,0.00038211009251809037,0.0006724071843258358
1524,0.0,lbfgs,7224,580.8188471794128,,,,0.0005621121320432608,0.00029002131765821555,0.0,0.00038207889815577333,0.0006721002158139889
1525,0.0,lbfgs,7225,581.2613887786865,,,,0.0005619284246470665,0.00028988530441836577,0.0,0.0003817874163004026,0.0006716727207187684
1526,0.0,lbfgs,7226,581.5714440345764,,,,0.0005616588218690392,0.0002898054894434276,0.0,0.00038176999072659463,0.0006715754801700222
1527,0.0,lbfgs,7227,581.8155488967896,,,,0.0005612000002166154,0.0002897231853935535,0.0,0.00038166750843116574,0.0006713906938247193
1528,0.0,lbfgs,7228,582.0967016220093,,,,0.0005607476541950934,0.0002896518686011511,0.0,0.0003814271759191746,0.0006710790445203258
1529,0.0,lbfgs,7229,582.4099793434143,,,,0.0005600147553593593,0.00028934532819441873,0.0,0.00038100436668095654,0.0006703496948753753
1530,0.0,lbfgs,7230,582.8077666759491,,,,0.0005598397036945825,0.0002893446415314266,0.0,0.00038099121634732277,0.0006703358578787494
1531,0.0,lbfgs,7231,583.080694437027,,,,0.0005595985488442992,0.00028927250686319235,0.0,0.0003807281509645343,0.0006700006578277267
1532,0.0,lbfgs,7232,583.3995034694672,,,,0.0005592713893880926,0.00028923255242909704,0.0,0.00038046914618527366,0.0006697016986143708
1533,0.0,lbfgs,7233,583.6201088428497,,,,0.0005587063449471613,0.00028910882431787806,0.0,0.0003800460918187736,0.0006691549161366517
1534,0.0,lbfgs,7234,583.9887397289276,,,,0.0005583265795588128,0.0002889532918954704,0.0,0.00038005219802679193,0.0006690054899222623
1535,0.0,lbfgs,7235,584.2857949733734,,,,0.0005580715463767927,0.0002888185735658921,0.0,0.000379956871028467,0.0006687754445943591
1536,0.0,lbfgs,7236,584.6110150814056,,,,0.0005578511497905017,0.0002887614578122942,0.0,0.00037973079013917907,0.0006684922479514733
1537,0.0,lbfgs,7237,584.9123334884644,,,,0.0005576354375513323,0.0002886710766355197,0.0,0.0003795166987914073,0.0006681877754269271
1538,0.0,lbfgs,7238,585.2097108364105,,,,0.0005574522669549888,0.0002886298893394033,0.0,0.00037930343597726357,0.0006679333253166669
1539,0.0,lbfgs,7239,585.4938848018646,,,,0.0005569316634124739,0.0002885653508046516,0.0,0.00037864452868994217,0.0006672098794945938
1540,0.0,lbfgs,7240,585.7908267974854,,,,0.0005562323778588085,0.000288459139564815,0.0,0.0003777731964893864,0.0006662323360542015
1541,0.0,lbfgs,7241,586.2688362598419,,,,0.0005558925430214283,0.0002883086252147252,0.0,0.0003773012599115047,0.0006656098851262299
1542,0.0,lbfgs,7242,586.5768175125122,,,,0.0005551267490870558,0.00028819128567978715,0.0,0.0003765166215749571,0.0006647079072547443
1543,0.0,lbfgs,7243,586.8322865962982,,,,0.0005545158103428132,0.00028806615721672945,0.0,0.0003759944758630064,0.0006640606330797358
1544,0.0,lbfgs,7244,587.135350227356,,,,0.0005539946572017101,0.00028767682785474494,0.0,0.0003756234208808035,0.0006633002487355485
1545,0.0,lbfgs,7245,587.5853924751282,,,,0.0005535832862013712,0.0002877265296038281,0.0,0.00037520048380070714,0.0006629270134045353
1546,0.0,lbfgs,7246,587.8279690742493,,,,0.0005532442940116692,0.0002875914419437766,0.0,0.0003749739005814342,0.0006625653425252108
1547,0.0,lbfgs,7247,588.0530219078064,,,,0.0005527504988209904,0.00028723916327274716,0.0,0.0003746558583144986,0.0006618950215872457
1548,0.0,lbfgs,7248,588.2834143638611,,,,0.0005525281614491811,0.00028705518556657,0.0,0.00037446324628837973,0.0006615184318549497
1549,0.0,lbfgs,7249,588.5315186977386,,,,0.0005524505006570577,0.0002866360349592227,0.0,0.00037405911276458987,0.0006606951477238126
1550,0.0,lbfgs,7250,588.824259519577,,,,0.0005519741750711489,0.00028654360504296684,0.0,0.0003738316888473557,0.0006603752938903226
1551,0.0,lbfgs,7251,589.2160477638245,,,,0.0005518733198065242,0.0002865778225001854,0.0,0.00037372343200578717,0.0006603012545059726
1552,0.0,lbfgs,7252,589.5522944927216,,,,0.0005515799455947721,0.00028644581459770616,0.0,0.0003733999028832537,0.0006598457174809599
1553,0.0,lbfgs,7253,589.869936466217,,,,0.0005511994347499449,0.0002862557700688902,0.0,0.00037309523576080253,0.0006593510058296927
1554,0.0,lbfgs,7254,590.1341729164124,,,,0.0005506427443786995,0.0002857964689273023,0.0,0.00037275433821442206,0.0006585508071417244
1555,0.0,lbfgs,7255,590.3384828567505,,,,0.0005499750885219767,0.000285215599930002,0.0,0.00037278110303823943,0.0006579967029682414
1556,0.0,lbfgs,7256,590.5869283676147,,,,0.000549430767020049,0.00028445847047709003,0.0,0.0003723760393082123,0.0006568345097853023
1557,0.0,lbfgs,7257,590.7824273109436,,,,0.0005491322929789248,0.0002845092905925488,0.0,0.0003726288139240641,0.0006571381045166128
1558,0.0,lbfgs,7258,591.0312023162842,,,,0.0005488730115099172,0.00028458228131274173,0.0,0.00037216191543591655,0.0006567441967486583
1559,0.0,lbfgs,7259,591.2426176071167,,,,0.00054876281958624,0.00028452981942861817,0.0,0.00037198755478973553,0.0006565173742183537
1560,0.0,lbfgs,7260,591.4627683162689,,,,0.0005485060717776571,0.00028436927376569287,0.0,0.0003715934140512429,0.0006559626878169357
1561,0.0,lbfgs,7261,591.7091543674469,,,,0.000548156050212999,0.0002841757536685546,0.0,0.0003710636990785915,0.0006552394527471461
1562,0.0,lbfgs,7262,591.9249844551086,,,,0.0005476545455743557,0.00028400447638152833,0.0,0.0003703512161854329,0.0006543556925669612
1563,0.0,lbfgs,7263,592.4220440387726,,,,0.0005474725966200782,0.0002839645385438735,0.0,0.0003701564167079856,0.0006541209552518592
1564,0.0,lbfgs,7264,592.7096254825592,,,,0.000547185536627918,0.00028393667422351685,0.0,0.0003698519226030827,0.0006537885968265996
1565,0.0,lbfgs,7265,593.0242168903351,,,,0.0005469552696563854,0.0002839329854137669,0.0,0.00036969565166648273,0.0006536286370802496
1566,0.0,lbfgs,7266,593.3177025318146,,,,0.000546613168899851,0.00028396335744907325,0.0,0.0003694748223121113,0.0006534381797611846
1567,0.0,lbfgs,7267,593.5867977142334,,,,0.000546216960704378,0.00028399788010427713,0.0,0.0003691508472121651,0.0006531487273164422
1568,0.0,lbfgs,7268,593.9148256778717,,,,0.0005457397415393639,0.0002840050545864779,0.0,0.00036884530558121205,0.0006528503601676899
1569,0.0,lbfgs,7269,594.1902658939362,,,,0.0005452790336717122,0.00028416683534559665,0.0,0.0003682304445961059,0.0006523972799417025
1570,0.0,lbfgs,7270,594.4690871238708,,,,0.0005450827797961387,0.00028407015216287446,0.0,0.00036806663508052556,0.0006521367872434
1571,0.0,lbfgs,7271,594.6781032085419,,,,0.0005448354227158205,0.0002839748474069849,0.0,0.0003679477278878963,0.0006519225752948813
1572,0.0,lbfgs,7272,594.970174074173,,,,0.0005445082595966549,0.0002838874485611011,0.0,0.0003679132411950854,0.0006518006897561865
1573,0.0,lbfgs,7273,595.1815991401672,,,,0.0005439437052122425,0.0002837906413904157,0.0,0.0003679374120091261,0.0006517280533995418
1574,0.0,lbfgs,7274,595.5935986042023,,,,0.0005436154339122838,0.0002838335234188622,0.0,0.0003682464900518349,0.0006520800134706972
1575,0.0,lbfgs,7275,595.8170516490936,,,,0.0005431834634045884,0.0002838140219405684,0.0,0.00036820784749293657,0.000652021869433505
1576,0.0,lbfgs,7276,596.063817024231,,,,0.0005428032268750771,0.0002837691375538935,0.0,0.00036813380845714545,0.0006519029460110389
1577,0.0,lbfgs,7277,596.3112435340881,,,,0.0005425129848114304,0.000283714620491499,0.0,0.0003681589559289908,0.0006518735764204898
1578,0.0,lbfgs,7278,596.5807600021362,,,,0.0005421393032082344,0.0002835252475209049,0.0,0.00036773758920364565,0.0006512628367245505
1579,0.0,lbfgs,7279,596.850485086441,,,,0.000541757977086507,0.00028340969915785535,0.0,0.00036769355631688974,0.0006511032554747451
1580,0.0,lbfgs,7280,597.1551795005798,,,,0.0005414453876218814,0.00028328693687847535,0.0,0.0003674055189544143,0.0006506924558328897
1581,0.0,lbfgs,7281,597.4454264640808,,,,0.0005411256860198736,0.00028316073717721843,0.0,0.0003671461358728319,0.0006503068730500503
1582,0.0,lbfgs,7282,597.7173891067505,,,,0.0005407679315176689,0.0002828566752678459,0.0,0.0003669214910372253,0.0006497781663050712
1583,0.0,lbfgs,7283,597.9984912872314,,,,0.0005405656650342378,0.0002828224011157587,0.0,0.00036699612613142705,0.0006498185272471857
1584,0.0,lbfgs,7284,598.2920393943787,,,,0.0005403225406729893,0.0002828287374632853,0.0,0.0003668144222686714,0.0006496431597319567
1585,0.0,lbfgs,7285,598.5228917598724,,,,0.0005401837958446331,0.0002828269624129397,0.0,0.00036684643291296615,0.0006496733953259058
1586,0.0,lbfgs,7286,598.8701090812683,,,,0.0005401095772923632,0.0002828055385634177,0.0,0.000366895001829865,0.0006497005403932827
1587,0.0,lbfgs,7287,599.2709310054779,,,,0.0005398570299838831,0.00028269426337698277,0.0,0.0003669942612710732,0.000649688524648056
1588,0.0,lbfgs,7288,599.7902874946594,,,,0.0005397817451773648,0.0002826086222410501,0.0,0.0003670568975936638,0.0006496655198347139
1589,0.0,lbfgs,7289,600.0806701183319,,,,0.000539517683014981,0.0002824378926188272,0.0,0.0003671105025944555,0.0006495483952132827
1590,0.0,lbfgs,7290,600.308043718338,,,,0.0005392087934351724,0.0002822480107265621,0.0,0.00036705295307044525,0.0006493009637970073
1591,0.0,lbfgs,7291,600.5225908756256,,,,0.0005388184613205746,0.0002819944635724173,0.0,0.0003669685145063005,0.0006489629780787177
1592,0.0,lbfgs,7292,600.7949712276459,,,,0.0005384963769834367,0.00028181150504878234,0.0,0.0003669068360220049,0.0006487183410707872
1593,0.0,lbfgs,7293,601.0787155628204,,,,0.000537943460837932,0.00028150652186505274,0.0,0.00036671801634424967,0.0006482245382093024
1594,0.0,lbfgs,7294,601.5317304134369,,,,0.0005377151269254177,0.0002813762703495614,0.0,0.00036691391844544325,0.0006482901887950046
1595,0.0,lbfgs,7295,601.7776780128479,,,,0.0005373188373804189,0.0002812284132756547,0.0,0.00036666232552273417,0.0006478907387983889
1596,0.0,lbfgs,7296,602.0100317001343,,,,0.0005370260354817451,0.0002811227481754609,0.0,0.0003665227603310349,0.0006476455085064958
1597,0.0,lbfgs,7297,602.2210562229156,,,,0.000536681465330475,0.00028100990121488145,0.0,0.00036685165037177294,0.0006478615515866544
1598,0.0,lbfgs,7298,602.5298800468445,,,,0.000536163690680491,0.00028089473849420514,0.0,0.00036658829832969113,0.0006474830368238963
1599,0.0,lbfgs,7299,602.8048043251038,,,,0.00053568819838025,0.0002807601939838709,0.0,0.00036656771250046335,0.0006473279064843343
1600,0.0,lbfgs,7300,602.9745314121246,,,,0.0005352909005819967,0.0002806031286994077,0.0,0.0003666915783470276,0.0006472947070464354
1601,0.0,lbfgs,7301,603.2422692775726,,,,0.0005349147384025748,0.0002804230851869536,0.0,0.00036758915568061383,0.0006480122408675674
1602,0.0,lbfgs,7302,603.5343987941742,,,,0.0005342783062048973,0.0002803421662388571,0.0,0.0003672477836905391,0.0006475899499293962
1603,0.0,lbfgs,7303,603.8561108112335,,,,0.0005340113201146086,0.0002803378229947349,0.0,0.0003670224398750206,0.0006473602628697555
1604,0.0,lbfgs,7304,604.1283330917358,,,,0.0005337524534675507,0.0002802795955290218,0.0,0.0003668999982076884,0.0006471795937367102
1605,0.0,lbfgs,7305,604.4189493656158,,,,0.0005334208010640054,0.00028014557381660023,0.0,0.00036676925547935704,0.0006469148292959573
1606,0.0,lbfgs,7306,604.6791021823883,,,,0.0005327637278805521,0.0002797674712459802,0.0,0.00036675497524046234,0.0006465224464864425
1607,0.0,lbfgs,7307,605.1392953395844,,,,0.0005324407250425157,0.0002796339283759,0.0,0.00036684985012648975,0.0006464837785023897
1608,0.0,lbfgs,7308,605.3630132675171,,,,0.000532139148085502,0.000279474167538575,0.0,0.0003667863729795842,0.0006462605405181592
1609,0.0,lbfgs,7309,605.5985419750214,,,,0.0005318633754428695,0.0002793167099190292,0.0,0.00036704788991448874,0.0006463645998335179
1610,0.0,lbfgs,7310,605.9059088230133,,,,0.0005315861238683001,0.0002792079964133544,0.0,0.0003670834099074755,0.0006462914063208299
1611,0.0,lbfgs,7311,606.1861023902893,,,,0.000531050727612854,0.0002790559728205303,0.0,0.0003674997510118487,0.0006465557238323791
1612,0.0,lbfgs,7312,606.531219959259,,,,0.0005304301741490651,0.00027890244463765464,0.0,0.0003678971795013553,0.00064679962413901
1613,0.0,lbfgs,7313,606.8449664115906,,,,0.0005297903870487587,0.00027874948522749714,0.0,0.00036871023002857866,0.0006474597152560758
1614,0.0,lbfgs,7314,607.386559009552,,,,0.0005296367281003311,0.00027869631406445607,0.0,0.00036888490628989403,0.0006475812203543502
1615,0.0,lbfgs,7315,607.6963496208191,,,,0.0005293197500939562,0.0002786758924149309,0.0,0.00036894408427595574,0.0006476199766908867
1616,0.0,lbfgs,7316,607.9453134536743,,,,0.000528888709322742,0.0002786472850652153,0.0,0.00036875844836831384,0.0006474057334335292
1617,0.0,lbfgs,7317,608.1823880672455,,,,0.0005284289239905739,0.00027863923936768644,0.0,0.000368516526961459,0.0006471557663291455
1618,0.0,lbfgs,7318,608.3944470882416,,,,0.0005278897799440412,0.00027859437772724565,0.0,0.00036825130072073986,0.0006468456784479856
1619,0.0,lbfgs,7319,608.7259628772736,,,,0.0005275911119036026,0.00027860657945152017,0.0,0.000368741626054691,0.0006473482055062112
1620,0.0,lbfgs,7320,609.0274398326874,,,,0.000527294428568795,0.00027843230965523207,0.0,0.0003684692632661822,0.0006469015729214143
1621,0.0,lbfgs,7321,609.3085601329803,,,,0.000526934838339807,0.0002783595717473854,0.0,0.0003681213525352918,0.0006464809242826771
1622,0.0,lbfgs,7322,609.6134519577026,,,,0.0005268066368209381,0.00027828186674200246,0.0,0.00036812453112540966,0.0006464063978674122
1623,0.0,lbfgs,7323,609.8861119747162,,,,0.0005265840795651565,0.00027810787311673905,0.0,0.0003681893438612045,0.0006462972169779435
1624,0.0,lbfgs,7324,610.1630465984344,,,,0.0005262155380007523,0.0002778130220647739,0.0,0.0003681752286518818,0.0006459882507166557
1625,0.0,lbfgs,7325,610.4228219985962,,,,0.0005254535575775666,0.00027713854674248946,0.0,0.0003679057171359885,0.0006450442638784779
1626,0.0,lbfgs,7326,610.6817193031311,,,,0.0005252497578714026,0.000276068716533936,0.0,0.0003688772078403265,0.0006449459243742625
1627,0.0,lbfgs,7327,610.9173455238342,,,,0.0005247582182300588,0.00027593078048581185,0.0,0.0003684826239001692,0.000644413404385981
1628,0.0,lbfgs,7328,611.1713535785675,,,,0.0005243837824311533,0.00027610349931599673,0.0,0.00036772723282750726,0.000643830732143504
1629,0.0,lbfgs,7329,611.3559958934784,,,,0.000524201898539509,0.0002759976083753726,0.0,0.0003675315844425579,0.0006435291928179306
1630,0.0,lbfgs,7330,611.5701329708099,,,,0.000523952771327307,0.00027568395670087996,0.0,0.00036758114367749044,0.0006432651003783704
1631,0.0,lbfgs,7331,611.9994156360626,,,,0.000523791410392207,0.0002754711672117302,0.0,0.0003672728309513823,0.0006427439981631125
1632,0.0,lbfgs,7332,612.2801072597504,,,,0.0005235669385962033,0.0002753119423942137,0.0,0.00036727119131733417,0.0006425831337115479
1633,0.0,lbfgs,7333,612.501535654068,,,,0.0005229103555939975,0.00027490952780053846,0.0,0.00036723503739212975,0.0006421445651926681
1634,0.0,lbfgs,7334,612.7637143135071,,,,0.0005225897338048824,0.00027472715513906127,0.0,0.0003671576245113098,0.0006418847796503711
1635,0.0,lbfgs,7335,613.1931183338165,,,,0.0005224556812213315,0.0002745705011320174,0.0,0.00036718076583397674,0.0006417512669659941
1636,0.0,lbfgs,7336,613.4334926605225,,,,0.0005222394262576215,0.00027453286743706214,0.0,0.00036694707197893703,0.0006414799394159991
1637,0.0,lbfgs,7337,613.6238431930542,,,,0.0005220846743209551,0.00027446619868587945,0.0,0.00036680027739176497,0.0006412664760776445
1638,0.0,lbfgs,7338,613.8537664413452,,,,0.0005219336180295711,0.00027434748608894533,0.0,0.00036671371066466287,0.0006410611967536083
1639,0.0,lbfgs,7339,614.1583795547485,,,,0.0005216472823591293,0.0002740924903376454,0.0,0.00036660161991694746,0.0006406941102545928
1640,0.0,lbfgs,7340,614.4698760509491,,,,0.0005214101286368359,0.0002735294475512555,0.0,0.00036669243076010104,0.0006402218783113565
1641,0.0,lbfgs,7341,614.7781672477722,,,,0.0005210683414104006,0.00027326965901173616,0.0,0.000366689545327627,0.0006399592043393632
1642,0.0,lbfgs,7342,615.0761005878448,,,,0.000520932716166395,0.00027333985180300123,0.0,0.0003664622518909903,0.0006398021036939915
1643,0.0,lbfgs,7343,615.3505096435547,,,,0.0005207027187004501,0.00027327073159999715,0.0,0.00036615422471147414,0.0006394249563114713
1644,0.0,lbfgs,7344,615.6143307685852,,,,0.0005204600117162042,0.00027315583038595577,0.0,0.00036590525503540266,0.0006390610854213584
1645,0.0,lbfgs,7345,615.9228813648224,,,,0.0005200551699259799,0.00027288034375403265,0.0,0.0003656021818119455,0.0006384825255659782
1646,0.0,lbfgs,7346,616.1533048152924,,,,0.0005199588794021518,0.0002724943872573863,0.0,0.0003660068061119999,0.0006385011933693861
1647,0.0,lbfgs,7347,616.4075701236725,,,,0.0005190266790978448,0.00027226701023927956,0.0,0.00036536073784692506,0.0006376277480862046
1648,0.0,lbfgs,7348,616.6943311691284,,,,0.0005186384534665169,0.00027210749869302487,0.0,0.00036526142876396885,0.0006373689274569937
1649,0.0,lbfgs,7349,616.9029166698456,,,,0.0005182647793326754,0.0002719687922233321,0.0,0.00036539568138225186,0.000637364473605584
1650,0.0,lbfgs,7350,617.113862991333,,,,0.0005179881761812681,0.00027174218508875823,0.0,0.00036543657678357865,0.0006371787618723369
1651,0.0,lbfgs,7351,617.378123998642,,,,0.0005176179685040164,0.00027169307427712947,0.0,0.00036526103150494646,0.0006369541057820759
1652,0.0,lbfgs,7352,617.6047191619873,,,,0.0005171600303313377,0.0002716780590648337,0.0,0.0003647687175614423,0.000636446776626276
1653,0.0,lbfgs,7353,617.8359816074371,,,,0.0005170174019684164,0.0002715966898232179,0.0,0.00036453657281636503,0.0006361332626395829
1654,0.0,lbfgs,7354,618.1267249584198,,,,0.0005167916921643241,0.0002715494086874604,0.0,0.0003641120626847236,0.0006356614713721839
1655,0.0,lbfgs,7355,618.2998249530792,,,,0.000516654833383506,0.00027153165197849776,0.0,0.0003638999527741597,0.0006354316047526575
1656,0.0,lbfgs,7356,618.58074426651,,,,0.0005163393972611782,0.00027146097584644673,0.0,0.00036355770084311637,0.0006350186766895631
1657,0.0,lbfgs,7357,618.8887143135071,,,,0.0005159994533459591,0.00027135746808300347,0.0,0.00036326383590312055,0.000634621303986124
1658,0.0,lbfgs,7358,619.1693077087402,,,,0.000515589439268244,0.0002712865615499812,0.0,0.00036303762675974493,0.0006343241883097261
1659,0.0,lbfgs,7359,619.442328453064,,,,0.0005152525739733409,0.00027111601095353236,0.0,0.0003627100602600223,0.0006338260712135547
1660,0.0,lbfgs,7360,619.7499730587006,,,,0.0005149926606872477,0.0002711272952821135,0.0,0.00036251126837622536,0.0006336385636583389
1661,0.0,lbfgs,7361,620.0520765781403,,,,0.0005147607733065168,0.0002710966897534454,0.0,0.000362304780946303,0.0006334014706997484
1662,0.0,lbfgs,7362,620.4141902923584,,,,0.000514476660687086,0.0002710626753713228,0.0,0.0003618376946883924,0.0006329003700597152
1663,0.0,lbfgs,7363,620.7342748641968,,,,0.0005138846115258964,0.00027086237156374393,0.0,0.00036119783501031366,0.0006320602065740576
1664,0.0,lbfgs,7364,620.9358851909637,,,,0.0005137508400693941,0.00027075490909292903,0.0,0.00035936976150069546,0.0006301246705936245
1665,0.0,lbfgs,7365,621.1191191673279,,,,0.0005130981459542666,0.00027061812601080404,0.0,0.000359519114372857,0.000630137240383661
1666,0.0,lbfgs,7366,621.4102900028229,,,,0.0005128520605998372,0.000270515146195715,0.0,0.00035966623951275156,0.0006301813857084665
1667,0.0,lbfgs,7367,621.6856920719147,,,,0.0005126502200221011,0.0002704392948804397,0.0,0.0003595569270078358,0.0006299962218882755
1668,0.0,lbfgs,7368,621.888852596283,,,,0.0005122772198240576,0.00027029511149748387,0.0,0.0003595323734111168,0.0006298274849086006
1669,0.0,lbfgs,7369,622.0960938930511,,,,0.0005118304796350897,0.0002700553977697143,0.0,0.00035962128325067754,0.0006296766810203918
1670,0.0,lbfgs,7370,622.3165400028229,,,,0.0005114304502622234,0.0002697649521305083,0.0,0.0003599620014684582,0.0006297269535989664
1671,0.0,lbfgs,7371,622.5821218490601,,,,0.0005110932150059101,0.0002695534847774124,0.0,0.0003601944525339069,0.0006297479373113192
1672,0.0,lbfgs,7372,622.8395926952362,,,,0.0005108697861125253,0.0002694331309174475,0.0,0.0003602026728825611,0.0006296358038000086
1673,0.0,lbfgs,7373,623.0369734764099,,,,0.0005106906212649782,0.00026937010720282285,0.0,0.00036005465240492474,0.0006294247596077475
1674,0.0,lbfgs,7374,623.2365396022797,,,,0.0005105581482939498,0.00026935197356678104,0.0,0.00035988263688817545,0.0006292346104549565
1675,0.0,lbfgs,7375,623.4910478591919,,,,0.0005102623384171334,0.00026927854306597833,0.0,0.00035961198046995053,0.0006288905235359288
1676,0.0,lbfgs,7376,623.6957721710205,,,,0.0005099842884609395,0.00026918769851236156,0.0,0.0003594577969354396,0.0006286454954478012
1677,0.0,lbfgs,7377,623.9405691623688,,,,0.0005094226961329039,0.0002689855467606112,0.0,0.0003590633378277989,0.0006280488845884101
1678,0.0,lbfgs,7378,624.1440885066986,,,,0.000508773555289506,0.0002688202660958431,0.0,0.000358134913704317,0.00062695517980016
1679,0.0,lbfgs,7379,624.3673527240753,,,,0.0005082502237241709,0.00026856184811941357,0.0,0.00035733634129856833,0.0006258981894179819
1680,0.0,lbfgs,7380,624.6478769779205,,,,0.0005079018437211404,0.00026866106703395777,0.0,0.00035670494169037434,0.000625366008724332
1681,0.0,lbfgs,7381,625.023770570755,,,,0.0005076394489556506,0.00026868994701444035,0.0,0.00035602415344680147,0.0006247141004612418
1682,0.0,lbfgs,7382,625.354163646698,,,,0.0005074224207314478,0.0002686612059687364,0.0,0.00035557085241759385,0.0006242320583863302
1683,0.0,lbfgs,7383,625.6796267032623,,,,0.0005071453663495874,0.0002683931857291233,0.0,0.0003545268288576186,0.0006229200145867419
1684,0.0,lbfgs,7384,625.9423191547394,,,,0.0005068730415814572,0.0002683875292191375,0.0,0.0003542491716121298,0.0006226367008312673
1685,0.0,lbfgs,7385,626.1347949504852,,,,0.0005066673836163569,0.00026836169304373785,0.0,0.00035425657299535283,0.0006226182660390906
1686,0.0,lbfgs,7386,626.3842384815216,,,,0.0005064678381264272,0.00026824912663718763,0.0,0.00035428947638925604,0.0006225386030264436
1687,0.0,lbfgs,7387,626.8054926395416,,,,0.0005063467598239098,0.00026820524111486856,0.0,0.0003542431823493165,0.000622448423464185
1688,0.0,lbfgs,7388,627.065434217453,,,,0.0005062017136719647,0.00026812354139035355,0.0,0.00035411568628448845,0.000622239227674842
1689,0.0,lbfgs,7389,627.2971594333649,,,,0.0005059606816598699,0.0002680103617601013,0.0,0.00035377903989895824,0.0006217894016590595
1690,0.0,lbfgs,7390,627.5930600166321,,,,0.0005057682181142954,0.00026794008886147014,0.0,0.0003535407739854798,0.0006214808628469499
1691,0.0,lbfgs,7391,627.8967092037201,,,,0.0005053074799030605,0.00026779230963509896,0.0,0.00035301376528295924,0.0006208060749180582
1692,0.0,lbfgs,7392,628.1902775764465,,,,0.0005051067865741836,0.0002675556779049741,0.0,0.00035284766028518654,0.0006204033381901606
1693,0.0,lbfgs,7393,628.4355683326721,,,,0.0005046660015225952,0.0002674731958203882,0.0,0.0003524011020787298,0.000619874297899118
1694,0.0,lbfgs,7394,628.7341463565826,,,,0.0005044064574049175,0.00026745728395126373,0.0,0.00035222765413653735,0.0006196849380878011
1695,0.0,lbfgs,7395,628.8937876224518,,,,0.0005041406875111324,0.00026742032235180544,0.0,0.0003520828569275459,0.0006195031792793513
1696,0.0,lbfgs,7396,629.1378417015076,,,,0.0005037958707073256,0.00026736221546309267,0.0,0.00035182833348088716,0.0006191905489439798
1697,0.0,lbfgs,7397,629.3869817256927,,,,0.0005029773444779461,0.0002673224540881357,0.0,0.00035107422492618943,0.0006183966790143251
1698,0.0,lbfgs,7398,629.6707730293274,,,,0.0005026291596137652,0.0002670474921571762,0.0,0.00035121466709215466,0.0006182621592493308
1699,0.0,lbfgs,7399,629.9796717166901,,,,0.0005020932374808462,0.0002670381319702815,0.0,0.0003507633674378529,0.0006178014994081344
1700,0.0,lbfgs,7400,630.2470197677612,,,,0.0005017913580350511,0.0002668439392511923,0.0,0.00035061924710197976,0.000617463186353172
1701,0.0,lbfgs,7401,630.5432147979736,,,,0.0005014363626556007,0.00026665802794236535,0.0,0.0003505644510094118,0.0006172224789517772
1702,0.0,lbfgs,7402,630.824999332428,,,,0.0005010879273052096,0.0002663498595787308,0.0,0.00035061830760198595,0.0006169681671807168
1703,0.0,lbfgs,7403,630.9892630577087,,,,0.0005007915086349511,0.00026593843272059093,0.0,0.00035061021146019127,0.0006165486441807823
1704,0.0,lbfgs,7404,631.2373716831207,,,,0.00050058020327101,0.00026585933272811103,0.0,0.00035040692794253145,0.0006162662606706425
1705,0.0,lbfgs,7405,631.518750667572,,,,0.0005004256579388242,0.00026569873586198043,0.0,0.00035010117731818993,0.0006157999131801704
1706,0.0,lbfgs,7406,631.832456111908,,,,0.000500203252908892,0.00026561653913542715,0.0,0.00034979836267965764,0.0006154149018150847
1707,0.0,lbfgs,7407,632.0735490322113,,,,0.0005000742179525272,0.000265557616943041,0.0,0.00034958114022182554,0.0006151387571648665
1708,0.0,lbfgs,7408,632.2997188568115,,,,0.0004998314737528635,0.0002653818268706102,0.0,0.0003492106362690697,0.0006145924631396799
1709,0.0,lbfgs,7409,632.5467760562897,,,,0.0004995887799180528,0.00026523458567688713,0.0,0.00034908584158886615,0.0006143204272657533
1710,0.0,lbfgs,7410,632.7835400104523,,,,0.0004992576059998615,0.00026491205610837474,0.0,0.000348935723387901,0.0006138477794962757
1711,0.0,lbfgs,7411,633.0344860553741,,,,0.0004990306887702747,0.00026489793351663915,0.0,0.0003488503583361747,0.0006137482918528138
1712,0.0,lbfgs,7412,633.2771089076996,,,,0.0004988674152323448,0.0002648528545535412,0.0,0.00034884571930602514,0.0006136985738595664
1713,0.0,lbfgs,7413,633.5699999332428,,,,0.0004986268864455936,0.0002648605414418134,0.0,0.0003486548192325517,0.0006135153606743651
1714,0.0,lbfgs,7414,633.8936681747437,,,,0.0004983269736645378,0.00026472496371970753,0.0,0.00034828071845984063,0.0006130056821795481
1715,0.0,lbfgs,7415,634.1996834278107,,,,0.0004979785889499149,0.0002646714839112898,0.0,0.00034776685523264155,0.0006124383391439313
1716,0.0,lbfgs,7416,634.4890170097351,,,,0.000497739142689118,0.00026457672076700655,0.0,0.0003467928817611243,0.0006113696025281309
1717,0.0,lbfgs,7417,634.947333574295,,,,0.0004975605384974662,0.00026453863917893025,0.0,0.000346497011983101,0.0006110356511620312
1718,0.0,lbfgs,7418,635.1754207611084,,,,0.0004974682874781051,0.00026453175693102137,0.0,0.00034656853418839643,0.0006111002911194178
1719,0.0,lbfgs,7419,635.4059658050537,,,,0.0004971657939489996,0.00026447170623402895,0.0,0.00034655895053368704,0.000611030656767716
1720,0.0,lbfgs,7420,635.6365413665771,,,,0.0004968014090435407,0.0002643807545466516,0.0,0.00034647365615619175,0.0006108544107028433
1721,0.0,lbfgs,7421,635.8942713737488,,,,0.0004964571653350615,0.00026425641484638656,0.0,0.00034648335307656383,0.0006107397679229504
1722,0.0,lbfgs,7422,636.0532059669495,,,,0.0004961553945786957,0.00026422508706355465,0.0,0.00034619395409938474,0.0006104190411629394
1723,0.0,lbfgs,7423,636.3305065631866,,,,0.0004958072179616793,0.00026414534682567086,0.0,0.0003460031448793893,0.0006101484917050602
1724,0.0,lbfgs,7424,636.5787506103516,,,,0.000495600593167582,0.00026405029028251655,0.0,0.00034614710715215693,0.0006101973974346735
1725,0.0,lbfgs,7425,636.8493840694427,,,,0.0004953324668313616,0.00026404188541076864,0.0,0.00034588508086764313,0.0006099269662784118
1726,0.0,lbfgs,7426,637.1291785240173,,,,0.0004952159068162087,0.0002640162509027876,0.0,0.0003458067378688209,0.0006098229887716085
1727,0.0,lbfgs,7427,637.348884344101,,,,0.0004948015513863757,0.0002638586534391632,0.0,0.00034553573597025463,0.0006093943894094178
1728,0.0,lbfgs,7428,637.6131284236908,,,,0.000494412633972417,0.00026365672331703547,0.0,0.0003454837088123406,0.0006091404321293761
1729,0.0,lbfgs,7429,637.888237953186,,,,0.0004940166304888331,0.00026337677273460336,0.0,0.0003450780930513359,0.0006084548657859393
1730,0.0,lbfgs,7430,638.141051530838,,,,0.0004936975090414239,0.00026317506723766394,0.0,0.0003450558156265098,0.0006082308828641737
1731,0.0,lbfgs,7431,638.3706667423248,,,,0.0004935089403388476,0.0002631974271304224,0.0,0.0003451680253825841,0.0006083654525130065
1732,0.0,lbfgs,7432,638.63267827034,,,,0.0004932860935604421,0.0002631490148454483,0.0,0.00034476259168024785,0.0006079116065256961
1733,0.0,lbfgs,7433,638.8877789974213,,,,0.0004929051009833133,0.0002630268363989474,0.0,0.0003442722026018565,0.0006072990390008038
1734,0.0,lbfgs,7434,639.0570950508118,,,,0.0004925568448826017,0.00026286265171248724,0.0,0.0003440676343394794,0.0006069302860519667
1735,0.0,lbfgs,7435,639.2866218090057,,,,0.0004921615153235274,0.00026269429990472297,0.0,0.0003441765960571044,0.0006068708959618273
1736,0.0,lbfgs,7436,639.5466873645782,,,,0.0004919186436351596,0.00026249989407191147,0.0,0.00034416975769203435,0.0006066696517639458
1737,0.0,lbfgs,7437,639.8114392757416,,,,0.0004917559401360998,0.0002625443675373662,0.0,0.00034408370810327715,0.0006066280756406434
1738,0.0,lbfgs,7438,640.0790627002716,,,,0.0004915726619934506,0.0002625733924558755,0.0,0.0003439879015397709,0.0006065612939956464
1739,0.0,lbfgs,7439,640.513295173645,,,,0.0004915062821402017,0.0002625834202609239,0.0,0.0003438765794205451,0.0006064599996814691
1740,0.0,lbfgs,7440,640.6903891563416,,,,0.0004913188306099008,0.0002625670394962791,0.0,0.00034368867141921627,0.0006062557109154953
1741,0.0,lbfgs,7441,640.968987941742,,,,0.0004910357044145105,0.000262504326723533,0.0,0.00034324666907320045,0.0006057509957967334
1742,0.0,lbfgs,7442,641.2475516796112,,,,0.0004906698521216129,0.00026238669797418196,0.0,0.0003424976251762241,0.000604884323150406
1743,0.0,lbfgs,7443,641.5548646450043,,,,0.00049028031376935,0.0002622423860343714,0.0,0.000341457453674703,0.0006036998397090744
1744,0.0,lbfgs,7444,641.8266878128052,,,,0.0004901586748929589,0.00026217727551898517,0.0,0.00034092129244787,0.0006030985679668552
1745,0.0,lbfgs,7445,642.1041185855865,,,,0.0004898554275627916,0.00026210707325892744,0.0,0.0003405581735230523,0.0006026652467819797
1746,0.0,lbfgs,7446,642.390632390976,,,,0.0004897410496049269,0.00026209178038304914,0.0,0.00034061962772120467,0.0006027114081042539
1747,0.0,lbfgs,7447,642.6862161159515,,,,0.0004895262313597572,0.0002620454448634983,0.0,0.00034071646783489075,0.000602761912698389
1748,0.0,lbfgs,7448,643.0020289421082,,,,0.000489215679136743,0.0002620460509857596,0.0,0.00034086261929211573,0.0006029086702778754
1749,0.0,lbfgs,7449,643.4596309661865,,,,0.0004889814041554788,0.0002618631912403341,0.0,0.00034100312900961873,0.0006028663202499528
1750,0.0,lbfgs,7450,643.7248680591583,,,,0.000488545082853946,0.00026182707872907704,0.0,0.00034073262112372494,0.0006025596998528019
1751,0.0,lbfgs,7451,643.905523777008,,,,0.00048807063255375293,0.0002616997593006961,0.0,0.0003403796427583213,0.0006020794020590174
1752,0.0,lbfgs,7452,644.150393486023,,,,0.0004876929667989613,0.00026150598350352367,0.0,0.0003401678028692758,0.0006016737863727994
1753,0.0,lbfgs,7453,644.370044708252,,,,0.0004871851912085619,0.00026123560573582615,0.0,0.0003401552394392892,0.0006013908451751154
1754,0.0,lbfgs,7454,644.6029648780823,,,,0.0004868762856148854,0.0002609280582097136,0.0,0.00034081837911659847,0.0006017464373263121
1755,0.0,lbfgs,7455,644.8652038574219,,,,0.0004861830300377437,0.00026068430446945883,0.0,0.00034058355843838423,0.000601267862907843
1756,0.0,lbfgs,7456,645.0989139080048,,,,0.0004858488844556554,0.00026059389035801425,0.0,0.0003406665590618602,0.0006012604494198745
1757,0.0,lbfgs,7457,645.3334045410156,,,,0.00048567015564177595,0.0002605042408684849,0.0,0.0003409756683289417,0.0006014799091974266
1758,0.0,lbfgs,7458,645.5061485767365,,,,0.0004853854265990626,0.00026041869147033986,0.0,0.0003410464199636399,0.0006014651114339797
1759,0.0,lbfgs,7459,645.7454853057861,,,,0.00048521460781473125,0.0002603248568045932,0.0,0.000341120996102679,0.0006014458529072722
1760,0.0,lbfgs,7460,646.0333404541016,,,,0.00048503457358995544,0.0002601994126980166,0.0,0.00034114341522985947,0.0006013428279278761
1761,0.0,lbfgs,7461,646.2426564693451,,,,0.00048467466518019753,0.0002599420527350607,0.0,0.00034107805016535676,0.0006010201029004174
1762,0.0,lbfgs,7462,646.4536769390106,,,,0.0004841793358805349,0.0002597116244198195,0.0,0.0003408354799296868,0.0006005471043495064
1763,0.0,lbfgs,7463,646.694397687912,,,,0.00048401327381392394,0.0002590026707150212,0.0,0.0003411818287970113,0.0006001844995120326
1764,0.0,lbfgs,7464,646.8729884624481,,,,0.0004835600868075398,0.0002592446178640646,0.0,0.00034065262881653274,0.0005998972466805973
1765,0.0,lbfgs,7465,647.1301181316376,,,,0.00048337385822672997,0.000259319476079507,0.0,0.00034046645949170823,0.0005997859355712153
1766,0.0,lbfgs,7466,647.3725345134735,,,,0.0004830731835098317,0.0002592776055322029,0.0,0.00034037115582872304,0.000599648761360926
1767,0.0,lbfgs,7467,647.6821038722992,,,,0.00048276046698539035,0.00025907611386845965,0.0,0.00034018779369557046,0.0005992639075640301
1768,0.0,lbfgs,7468,647.9928033351898,,,,0.00048238528890983036,0.00025883533941196155,0.0,0.0003401489071491276,0.0005989842465610891
1769,0.0,lbfgs,7469,648.2524657249451,,,,0.0004823077731078994,0.00025866703102646354,0.0,0.0003401708343405727,0.0005988378653670362
1770,0.0,lbfgs,7470,648.5133635997772,,,,0.00048210887974973506,0.0002586199043434489,0.0,0.0003399341313592765,0.0005985540357027253
1771,0.0,lbfgs,7471,648.7372286319733,,,,0.0004820153160018443,0.00025857340468776784,0.0,0.0003398137833285769,0.0005983871880163448
1772,0.0,lbfgs,7472,648.9598972797394,,,,0.00048188053682952833,0.000258529169015585,0.0,0.0003396626652920413,0.0005981918343076263
1773,0.0,lbfgs,7473,649.1417980194092,,,,0.0004816224113390132,0.0002584660571390017,0.0,0.0003394245754127363,0.000597890632551738
1774,0.0,lbfgs,7474,649.3825595378876,,,,0.00048123985965801497,0.0002583289200143623,0.0,0.00033912552784188616,0.0005974544478562485
1775,0.0,lbfgs,7475,649.7231211662292,,,,0.00048110567084961675,0.00025800916719033353,0.0,0.0003389371723240156,0.0005969463395143491
1776,0.0,lbfgs,7476,649.9654319286346,,,,0.00048060169898058824,0.0002579259783570432,0.0,0.0003386010278999176,0.0005965270062569608
1777,0.0,lbfgs,7477,650.1687242984772,,,,0.0004804581381431576,0.000257891180847145,0.0,0.00033854334531870745,0.0005964345261658525
1778,0.0,lbfgs,7478,650.3528897762299,,,,0.00048033472033410564,0.00025782842878492487,0.0,0.0003384103128669962,0.0005962387416519211
1779,0.0,lbfgs,7479,650.6081447601318,,,,0.0004802300740784751,0.0002577165343553649,0.0,0.00033825981518147277,0.0005959763495368376
1780,0.0,lbfgs,7480,650.8490228652954,,,,0.00048010092786341415,0.0002576036999481614,0.0,0.00033811958338568357,0.0005957232833338449
1781,0.0,lbfgs,7481,651.1077489852905,,,,0.00047971710909712625,0.00025734470739905986,0.0,0.00033787825457195055,0.0005952229619710104
1782,0.0,lbfgs,7482,651.624879360199,,,,0.0004795426398896272,0.00025723967954266973,0.0,0.0003376746506867626,0.0005949143302294323
1783,0.0,lbfgs,7483,651.9237697124481,,,,0.0004791682536424677,0.00025702203263997203,0.0,0.0003375312118612557,0.0005945532445012277
1784,0.0,lbfgs,7484,652.2550723552704,,,,0.000478946958138819,0.00025698508995368474,0.0,0.0003375242508849411,0.0005945093408386258
1785,0.0,lbfgs,7485,652.5794296264648,,,,0.0004787040940651051,0.0002569675100232251,0.0,0.00033751008674574114,0.0005944775967689662
1786,0.0,lbfgs,7486,652.8532102108002,,,,0.00047841981456802057,0.00025687302759561483,0.0,0.00033734110619608205,0.0005942141337916969
1787,0.0,lbfgs,7487,653.138664484024,,,,0.0004778740061947627,0.0002566185225511072,0.0,0.0003368257463151857,0.000593444268866293
1788,0.0,lbfgs,7488,653.5931491851807,,,,0.0004776314330467713,0.00025646282598580926,0.0,0.0003364368934543191,0.0005928997194401284
1789,0.0,lbfgs,7489,653.846987247467,,,,0.0004772243621473858,0.00025625612184240884,0.0,0.00033575710026507213,0.000592013222107481
1790,0.0,lbfgs,7490,654.2575132846832,,,,0.0004771424226711956,0.0002561846519826074,0.0,0.00033558940007805794,0.0005917740520606653
1791,0.0,lbfgs,7491,654.5338096618652,,,,0.0004769676631400484,0.0002560550229373681,0.0,0.0003352634335105298,0.0005913184564478979
1792,0.0,lbfgs,7492,654.8099300861359,,,,0.00047684644948381254,0.00025596951200321423,0.0,0.0003350994721654903,0.0005910689841687046
1793,0.0,lbfgs,7493,655.0254561901093,,,,0.0004767008705704787,0.0002558753604158991,0.0,0.0003349823983042847,0.0005908577587201838
1794,0.0,lbfgs,7494,655.2732591629028,,,,0.0004764411937678885,0.0002556897367220697,0.0,0.00033478672164671504,0.0005904764583687847
1795,0.0,lbfgs,7495,655.5134680271149,,,,0.0004763652988810747,0.0002551380600111049,0.0,0.00033504588384392634,0.0005901839438550312
1796,0.0,lbfgs,7496,655.8364279270172,,,,0.0004759727337578361,0.0002551448742878394,0.0,0.0003345618602288992,0.0005897067345167386
1797,0.0,lbfgs,7497,656.0687077045441,,,,0.00047582540151532547,0.0002551759850545585,0.0,0.0003344063236737806,0.0005895823087283391
1798,0.0,lbfgs,7498,656.2606282234192,,,,0.0004756476155604913,0.00025505170936583496,0.0,0.0003342185822281265,0.0005892702915939615
1799,0.0,lbfgs,7499,656.5393600463867,,,,0.00047546703662685957,0.0002548901787960012,0.0,0.00033396224101326445,0.0005888524198092656
1800,0.0,lbfgs,7500,656.7832884788513,,,,0.00047517949223448505,0.0002547475950820191,0.0,0.0003334165877328032,0.0005881641828148223
1801,0.0,lbfgs,7501,656.9814522266388,,,,0.00047505583315954255,0.00025450254899820945,0.0,0.0003330606677462853,0.0005875632167444947
1802,0.0,lbfgs,7502,657.1985065937042,,,,0.0004746969042450295,0.00025447317617963947,0.0,0.00033256600489035414,0.0005870391810699936
1803,0.0,lbfgs,7503,657.4199032783508,,,,0.0004745178272013585,0.00025446630469015626,0.0,0.00033246312989992135,0.0005869294345900776
1804,0.0,lbfgs,7504,657.6646409034729,,,,0.0004741005272172873,0.0002542944331370035,0.0,0.0003321794312802575,0.000586473864417261
1805,0.0,lbfgs,7505,657.8904621601105,,,,0.0004737059559930314,0.00025395955367644134,0.0,0.0003319441249748123,0.0005859036786512537
1806,0.0,lbfgs,7506,658.1289093494415,,,,0.000473320418287226,0.00025362417839334993,0.0,0.00033151468498555107,0.0005851388633789009
1807,0.0,lbfgs,7507,658.4081707000732,,,,0.0004728611567776027,0.00025310209636396087,0.0,0.0003310695146692738,0.0005841716110332347
1808,0.0,lbfgs,7508,658.872837305069,,,,0.00047271586298676155,0.0002528379087456235,0.0,0.0003308260099562219,0.0005836639187018454
1809,0.0,lbfgs,7509,659.1144976615906,,,,0.00047248291460514014,0.0002526433410518682,0.0,0.00033058052966694184,0.0005832238707188101
1810,0.0,lbfgs,7510,659.3738090991974,,,,0.000472246073864574,0.0002524843192484311,0.0,0.00033041163102265385,0.000582895950271085
1811,0.0,lbfgs,7511,659.6583800315857,,,,0.00047204165271032245,0.0002523451834057897,0.0,0.00033031533677622304,0.0005826605201820127
1812,0.0,lbfgs,7512,659.9798057079315,,,,0.000471780266125271,0.0002521436125571782,0.0,0.00033019638582877815,0.0005823399983859563
1813,0.0,lbfgs,7513,660.3100478649139,,,,0.0004716514087480633,0.0002517352280874256,0.0,0.00033052144788133945,0.0005822566759687651
1814,0.0,lbfgs,7514,660.5864698886871,,,,0.0004712881257373755,0.0002517494942768484,0.0,0.0003301059613161592,0.0005818554555930076
1815,0.0,lbfgs,7515,660.8704113960266,,,,0.00047109764443341637,0.000251720510867668,0.0,0.00032994266658348004,0.000581663177451148
1816,0.0,lbfgs,7516,661.1850202083588,,,,0.0004707534592406082,0.000251551382306452,0.0,0.0003297090874161003,0.0005812604697225523
1817,0.0,lbfgs,7517,661.4285047054291,,,,0.00047037231120680527,0.0002513643074523334,0.0,0.0003293190700687005,0.000580683377521034
1818,0.0,lbfgs,7518,661.8962814807892,,,,0.00047024242591854533,0.00025120400868482775,0.0,0.0003290885990512341,0.0005802926077360618
1819,0.0,lbfgs,7519,662.1610062122345,,,,0.0004698900073516435,0.00025105776902896253,0.0,0.00032857211654281317,0.0005796298855717758
1820,0.0,lbfgs,7520,662.4103014469147,,,,0.00046958307924072675,0.0002510146752510367,0.0,0.0003280031611992884,0.000579017836450325
1821,0.0,lbfgs,7521,662.6886389255524,,,,0.000469254987038942,0.0002509152066763219,0.0,0.0003271247958131819,0.0005780400024895038
1822,0.0,lbfgs,7522,662.951639175415,,,,0.000469001312827967,0.0002508893760860358,0.0,0.00032654800565254627,0.000577437381738582
1823,0.0,lbfgs,7523,663.24067735672,,,,0.00046884417500971966,0.0002508902988748641,0.0,0.00032654043646535957,0.0005774307353402237
1824,0.0,lbfgs,7524,663.4892873764038,,,,0.0004687237367638267,0.00025087042019151666,0.0,0.0003264767841100762,0.0005773472043015929
1825,0.0,lbfgs,7525,663.7457916736603,,,,0.00046860197122572,0.00025082236805579303,0.0,0.0003263699898716373,0.0005771923579274303
1826,0.0,lbfgs,7526,664.0468425750732,,,,0.0004682135861345391,0.0002506112008365703,0.0,0.0003260420072350422,0.0005766532080716125
1827,0.0,lbfgs,7527,664.3180196285248,,,,0.00046771898336467116,0.00025032640184096435,0.0,0.0003257447079358135,0.0005760711097767778
1828,0.0,lbfgs,7528,664.8699042797089,,,,0.000467533990977958,0.00025015803961844627,0.0,0.00032576512135682107,0.0005759231609752673
1829,0.0,lbfgs,7529,665.0630066394806,,,,0.0004671658340958395,0.0002499955018495564,0.0,0.0003256106778264721,0.0005756061796760285
1830,0.0,lbfgs,7530,665.3106410503387,,,,0.000466962893051217,0.00024997430383828995,0.0,0.00032558517856159117,0.0005755594823998811
1831,0.0,lbfgs,7531,665.5459263324738,,,,0.00046663432158886855,0.00024998579190835046,0.0,0.0003257305953119952,0.0005757163872203456
1832,0.0,lbfgs,7532,665.8945734500885,,,,0.00046628398809119313,0.00024993488031423486,0.0,0.00032586456897866034,0.0005757994492928952
1833,0.0,lbfgs,7533,666.2092044353485,,,,0.0004659189021281272,0.00024978419401947363,0.0,0.0003261642470842788,0.0005759484411037524
1834,0.0,lbfgs,7534,666.4688789844513,,,,0.000465698088197716,0.00024965810760916847,0.0,0.0003262052394715578,0.0005758633470807263
1835,0.0,lbfgs,7535,666.7176826000214,,,,0.0004653292880020047,0.0002493741498471198,0.0,0.0003262318428163332,0.000575605992663453
1836,0.0,lbfgs,7536,667.1628723144531,,,,0.00046511093358431665,0.0002492408242594375,0.0,0.00032601833709559484,0.0005752591613550324
1837,0.0,lbfgs,7537,667.4222447872162,,,,0.000464835231278933,0.0002491329293286376,0.0,0.0003257839951881117,0.0005749169245167494
1838,0.0,lbfgs,7538,667.6754472255707,,,,0.0004645255073269241,0.00024905286681027366,0.0,0.00032544415330506773,0.0005744970201153415
1839,0.0,lbfgs,7539,667.9684205055237,,,,0.0004643544392075124,0.00024901596973963104,0.0,0.00032533124236752556,0.0005743472121071566
1840,0.0,lbfgs,7540,668.1876366138458,,,,0.0004637848015101851,0.0002488787052660747,0.0,0.0003251477623774604,0.0005740264676435351
1841,0.0,lbfgs,7541,668.6039612293243,,,,0.00046362175483519093,0.0002487760483972351,0.0,0.0003249888851572606,0.0005737649335544957
1842,0.0,lbfgs,7542,668.8940823078156,,,,0.00046338247423211997,0.0002487218200481769,0.0,0.00032483842033753527,0.0005735602403857122
1843,0.0,lbfgs,7543,669.1841464042664,,,,0.0004632619434686851,0.000248714152897881,0.0,0.0003249001561251147,0.0005736143090229957
1844,0.0,lbfgs,7544,669.3425047397614,,,,0.00046316949560560716,0.00024869775154335596,0.0,0.0003247965107812177,0.0005734942623245737
1845,0.0,lbfgs,7545,669.5871956348419,,,,0.000462875535476988,0.0002486449858104558,0.0,0.0003246525951251628,0.0005732975809356186
1846,0.0,lbfgs,7546,669.8820731639862,,,,0.00046252446095842493,0.0002485784854091329,0.0,0.00032440318974266154,0.0005729816751517945
1847,0.0,lbfgs,7547,670.390248298645,,,,0.0004623768239671865,0.00024865137399891594,0.0,0.00032419192002017033,0.0005728432940190863
1848,0.0,lbfgs,7548,670.7149891853333,,,,0.0004621227469207782,0.00024863868474140743,0.0,0.00032397749885391963,0.0005726161835953271
1849,0.0,lbfgs,7549,671.0037755966187,,,,0.00046191539369315975,0.00024866617046255285,0.0,0.0003237933133372956,0.0005724594837998485
1850,0.0,lbfgs,7550,671.2728843688965,,,,0.00046179785768009227,0.00024869772617131474,0.0,0.00032368642247867775,0.0005723841486499925
1851,0.0,lbfgs,7551,671.4954671859741,,,,0.00046162353937010124,0.00024872805533294724,0.0,0.0003235538121334475,0.0005722818674663947
1852,0.0,lbfgs,7552,671.7805292606354,,,,0.00046120168323355903,0.0002487587895150841,0.0,0.0003233856261504625,0.0005721444156655466
1853,0.0,lbfgs,7553,672.0455851554871,,,,0.0004609837165520928,0.00024857566370011056,0.0,0.00032333695338438866,0.0005719126170844992
1854,0.0,lbfgs,7554,672.3637008666992,,,,0.0004604711080732298,0.00024857892726299957,0.0,0.0003230779152122743,0.0005716568424752738
1855,0.0,lbfgs,7555,672.664843082428,,,,0.0004602272706734491,0.0002485176734975335,0.0,0.0003229034626278737,0.0005714211361254072
1856,0.0,lbfgs,7556,672.9659039974213,,,,0.0004598778163436454,0.00024839377042306044,0.0,0.00032263912981229465,0.0005710329002353551
1857,0.0,lbfgs,7557,673.2448086738586,,,,0.00045946109473923283,0.00024819896610482004,0.0,0.00032231525327083583,0.0005705142193756559
1858,0.0,lbfgs,7558,673.5475208759308,,,,0.00045926880334893456,0.00024794198949524285,0.0,0.00032215945900485174,0.0005701014485000946
1859,0.0,lbfgs,7559,673.8080542087555,,,,0.0004590445716377684,0.00024799794247551817,0.0,0.000322045584225732,0.0005700435267012502
1860,0.0,lbfgs,7560,674.0999865531921,,,,0.0004589358218017282,0.0002480168637644432,0.0,0.0003220077528887747,0.0005700246166532179
1861,0.0,lbfgs,7561,674.5846784114838,,,,0.000458866849207909,0.00024799937957107254,0.0,0.00032213695146375744,0.0005701363310348299
1862,0.0,lbfgs,7562,674.878458738327,,,,0.0004587268072753084,0.00024793711154451787,0.0,0.0003221488175370449,0.0005700859290815628
1863,0.0,lbfgs,7563,675.1419961452484,,,,0.0004583946762149267,0.00024771109101978347,0.0,0.00032233859260922957,0.000570049683629013
1864,0.0,lbfgs,7564,675.3941714763641,,,,0.00045819668585984235,0.00024755398583382426,0.0,0.0003224946856832719,0.0005700486715170961
1865,0.0,lbfgs,7565,675.678858757019,,,,0.0004579243729992961,0.00024739975145911995,0.0,0.00032252203337068366,0.0005699217848298036
1866,0.0,lbfgs,7566,676.0339066982269,,,,0.0004575002794864136,0.00024722667613233347,0.0,0.0003223723912235047,0.0005695990673558382
1867,0.0,lbfgs,7567,676.5231335163116,,,,0.0004572672533446927,0.00024706775941989276,0.0,0.0003223789850878834,0.0005694467445077761
1868,0.0,lbfgs,7568,676.8270626068115,,,,0.00045696296710441456,0.0002470399031631539,0.0,0.0003218215421988953,0.0005688614453620493
1869,0.0,lbfgs,7569,677.1067926883698,,,,0.00045674021115760927,0.000247024775227351,0.0,0.0003214795288048684,0.0005685043040322194
1870,0.0,lbfgs,7570,677.3863656520844,,,,0.0004564438274181829,0.00024698038705323137,0.0,0.0003211597583340731,0.0005681401453873045
1871,0.0,lbfgs,7571,677.8592665195465,,,,0.00045625402705144335,0.00024700434793539685,0.0,0.00032127169608330903,0.0005682760440187059
1872,0.0,lbfgs,7572,678.199737071991,,,,0.00045595884255518156,0.00024686131409783966,0.0,0.0003209565345178252,0.0005678178486156649
1873,0.0,lbfgs,7573,678.4625508785248,,,,0.0004558544909170172,0.00024689261827410186,0.0,0.0003209965605222683,0.0005678891787963701
1874,0.0,lbfgs,7574,678.7098059654236,,,,0.00045566238315528985,0.0002467935040102758,0.0,0.000321027619568086,0.0005678211235783618
1875,0.0,lbfgs,7575,678.9943697452545,,,,0.00045556611402904876,0.0002467835494072727,0.0,0.0003210641527942582,0.0005678477022015309
1876,0.0,lbfgs,7576,679.3754870891571,,,,0.00045538265493685816,0.0002467931461151644,0.0,0.00032102888824330443,0.0005678220343584688
1877,0.0,lbfgs,7577,679.5222716331482,,,,0.0004550817786304745,0.00024678746380471777,0.0,0.00032082866982782206,0.0005676161336325399
1878,0.0,lbfgs,7578,679.7927968502045,,,,0.0004546465221018332,0.0002467380844033725,0.0,0.0003204118449860623,0.0005671499293894349
1879,0.0,lbfgs,7579,680.0754234790802,,,,0.00045439407316588026,0.0002466562395357337,0.0,0.000320194354532255,0.0005668505940679886
1880,0.0,lbfgs,7580,680.3527648448944,,,,0.00045419913361016765,0.00024655515380013086,0.0,0.0003200400501150632,0.000566595203915194
1881,0.0,lbfgs,7581,680.611129283905,,,,0.00045404387379253925,0.00024644269977344154,0.0,0.00031983357801385596,0.0005662762777872975
1882,0.0,lbfgs,7582,680.9114873409271,,,,0.0004538639922287818,0.00024631831814753597,0.0,0.0003196593296386957,0.0005659776477862316
1883,0.0,lbfgs,7583,681.1896905899048,,,,0.0004535629449679235,0.00024616690821600986,0.0,0.0003193566628030089,0.0005655235710190188
1884,0.0,lbfgs,7584,681.457291841507,,,,0.00045314475905795646,0.00024594225731881423,0.0,0.0003190392905274595,0.0005649815478462738
1885,0.0,lbfgs,7585,681.7116446495056,,,,0.0004527683673788437,0.00024585377842143607,0.0,0.00031859654989518205,0.0005644503283166181
1886,0.0,lbfgs,7586,682.0264108181,,,,0.0004524804189446831,0.0002458370830604862,0.0,0.0003184218585299847,0.000564258941590471
1887,0.0,lbfgs,7587,682.3532626628876,,,,0.00045215039643599754,0.0002457889566094196,0.0,0.0003183412360343798,0.0005641301926437994
1888,0.0,lbfgs,7588,682.6432085037231,,,,0.0004520694967725714,0.0002457175992602376,0.0,0.00031838844694353477,0.0005641060462037723
1889,0.0,lbfgs,7589,682.8839399814606,,,,0.00045188384883159977,0.000245644217405604,0.0,0.0003183769456354808,0.0005640211630410848
1890,0.0,lbfgs,7590,683.1557583808899,,,,0.00045173983744785975,0.00024553406516167315,0.0,0.0003184313342108315,0.0005639653993725047
1891,0.0,lbfgs,7591,683.4728834629059,,,,0.0004516282980803473,0.0002454412425201043,0.0,0.0003184967494332245,0.0005639379919533288
1892,0.0,lbfgs,7592,683.7417492866516,,,,0.00045142889174867276,0.0002453351339741731,0.0,0.00031853901913781824,0.0005638741531119914
1893,0.0,lbfgs,7593,684.0164504051208,,,,0.00045118037686265526,0.0002452160014395965,0.0,0.0003186363250932632,0.0005638523265328597
1894,0.0,lbfgs,7594,684.2745969295502,,,,0.00045095212255911836,0.00024508065158911806,0.0,0.0003186268141634178,0.0005637074657525358
1895,0.0,lbfgs,7595,684.5707869529724,,,,0.00045081856878839016,0.00024514329975344415,0.0,0.00031833256880517055,0.0005634758685586147
1896,0.0,lbfgs,7596,684.9038379192352,,,,0.00045070871793988926,0.000245204447985589,0.0,0.0003180360962634305,0.0005632405442490196
1897,0.0,lbfgs,7597,685.1956989765167,,,,0.00045062688066333076,0.00024520047419661524,0.0,0.0003178820267106325,0.0005630825009072477
1898,0.0,lbfgs,7598,685.4100947380066,,,,0.0004503977762385222,0.0002451217042015974,0.0,0.000317547187101591,0.0005626688913031885
1899,0.0,lbfgs,7599,685.8247365951538,,,,0.0004503602438051755,0.0002450654883238786,0.0,0.00031753241134459536,0.000562597899668474
1900,0.0,lbfgs,7600,686.0750951766968,,,,0.0004501817239524724,0.00024497053391223946,0.0,0.00031731679871408895,0.0005622873326263285
1901,0.0,lbfgs,7601,686.3743417263031,,,,0.0004500057741107027,0.00024488731660628346,0.0,0.00031717226693154366,0.0005620595835378272
1902,0.0,lbfgs,7602,686.6516299247742,,,,0.00044982798907419134,0.0002448236308061208,0.0,0.0003170693139954844,0.0005618929448016053
1903,0.0,lbfgs,7603,686.8983066082001,,,,0.00044964903786355955,0.00024480611960615715,0.0,0.00031694993720229577,0.000561756056808453
1904,0.0,lbfgs,7604,687.1769685745239,,,,0.00044933414510205897,0.0002448297843527107,0.0,0.00031676200383308934,0.0005615917881858
1905,0.0,lbfgs,7605,687.4452936649323,,,,0.0004491705579695356,0.00024507919057950914,0.0,0.0003165184193894696,0.0005615976099689788
1906,0.0,lbfgs,7606,687.7422549724579,,,,0.00044896977621197004,0.00024488961446201564,0.0,0.00031650021127347907,0.0005613898257354948
1907,0.0,lbfgs,7607,688.0200140476227,,,,0.00044869582368891876,0.00024487816697214734,0.0,0.00031631894148436877,0.0005611971084565162
1908,0.0,lbfgs,7608,688.2829701900482,,,,0.0004485323814370513,0.0002448649367028799,0.0,0.0003162839932539365,0.0005611489299568164
1909,0.0,lbfgs,7609,688.5667223930359,,,,0.0004482332566619215,0.0002448281657312499,0.0,0.00031625587887956514,0.000561084044610815
1910,0.0,lbfgs,7610,688.8494596481323,,,,0.000447943255016013,0.00024486919207886214,0.0,0.0003161942445180235,0.0005610634365968857
1911,0.0,lbfgs,7611,689.138596534729,,,,0.00044777501407879605,0.0002448301378397102,0.0,0.0003161111247148859,0.000560941262554596
1912,0.0,lbfgs,7612,689.3788447380066,,,,0.000447609391317641,0.00024481958085339117,0.0,0.0003160678448920929,0.000560887425745484
1913,0.0,lbfgs,7613,689.6257207393646,,,,0.00044747622810967447,0.00024484161492151137,0.0,0.0003157671894999903,0.0005606088044215016
1914,0.0,lbfgs,7614,689.8804273605347,,,,0.00044736033660875926,0.000244857327731914,0.0,0.00031551322003799695,0.000560370547769911
1915,0.0,lbfgs,7615,690.143483877182,,,,0.0004469708766498354,0.00024490636545377567,0.0,0.000314958142353478,0.0005598645078072537
1916,0.0,lbfgs,7616,690.4365744590759,,,,0.0004466120362891247,0.0002449463355541976,0.0,0.0003144293493183518,0.0005593756848725495
1917,0.0,lbfgs,7617,690.6986050605774,,,,0.0004463242789837567,0.0002449478236687684,0.0,0.00031428718252271055,0.0005592350061914789
1918,0.0,lbfgs,7618,690.9457762241364,,,,0.00044588579001774966,0.00024484535658602177,0.0,0.00031426943549708826,0.00055911479208311
1919,0.0,lbfgs,7619,691.2097344398499,,,,0.0004455310763148408,0.0002446914436227563,0.0,0.0003147034126948455,0.0005593948563176018
1920,0.0,lbfgs,7620,691.6236655712128,,,,0.0004452830532413036,0.00024453475433445766,0.0,0.00031462563645708833,0.000559160390791546
1921,0.0,lbfgs,7621,691.9124393463135,,,,0.0004450930573492416,0.00024442330709243315,0.0,0.00031460061570137655,0.0005590239227938098
1922,0.0,lbfgs,7622,692.1511044502258,,,,0.0004447784126449286,0.00024423975877010175,0.0,0.00031436772320058955,0.0005586074819706912
1923,0.0,lbfgs,7623,692.3753802776337,,,,0.0004444439547307277,0.0002440121131172143,0.0,0.0003140063916422763,0.0005580185047594906
1924,0.0,lbfgs,7624,692.8572702407837,,,,0.0004442582938345048,0.0002439279802076183,0.0,0.00031390928146171826,0.0005578372616693365
1925,0.0,lbfgs,7625,693.1436178684235,,,,0.00044401027392556116,0.00024381499892438163,0.0,0.00031341538992576154,0.0005572303888501432
1926,0.0,lbfgs,7626,693.4534847736359,,,,0.00044381310661194696,0.0002437687849682967,0.0,0.0003129324567805322,0.0005567012417488289
1927,0.0,lbfgs,7627,693.7722795009613,,,,0.0004436962990896013,0.0002436509762598884,0.0,0.0003125818361345945,0.0005562328123944829
1928,0.0,lbfgs,7628,694.0411598682404,,,,0.00044354804457048466,0.0002436513608743898,0.0,0.0003124501734706002,0.0005561015343449901
1929,0.0,lbfgs,7629,694.3273591995239,,,,0.00044335426553746287,0.00024358435572374194,0.0,0.00031225795184887807,0.00055584230757262
1930,0.0,lbfgs,7630,694.7016222476959,,,,0.00044323763741860035,0.000243500593462332,0.0,0.0003120705000542933,0.0005555710935166253
1931,0.0,lbfgs,7631,695.0023336410522,,,,0.0004430874521672233,0.00024334929681985948,0.0,0.00031181818519983057,0.0005551674820196901
1932,0.0,lbfgs,7632,695.3056533336639,,,,0.00044296501176052905,0.00024325160488476545,0.0,0.00031143699505591316,0.0005546885999406786
1933,0.0,lbfgs,7633,695.6421904563904,,,,0.00044285509702288216,0.00024325011144144977,0.0,0.0003113349033370669,0.0005545850147785166
1934,0.0,lbfgs,7634,695.8743710517883,,,,0.0004426952281326499,0.0002432637162643604,0.0,0.0003111496243491631,0.0005544133406135235
1935,0.0,lbfgs,7635,696.125529050827,,,,0.00044258282573745526,0.00024324233526369676,0.0,0.000311022104821149,0.0005542644400848458
1936,0.0,lbfgs,7636,696.4138054847717,,,,0.0004423155364467864,0.00024309590159133596,0.0,0.00031079391179941447,0.0005538898133907505
1937,0.0,lbfgs,7637,696.628844499588,,,,0.00044215805615529266,0.00024293215344345294,0.0,0.0003104169269267703,0.0005533490803702232
1938,0.0,lbfgs,7638,696.880092382431,,,,0.00044191151118861056,0.00024277480621714636,0.0,0.0003102902009219789,0.0005530650071391253
1939,0.0,lbfgs,7639,697.1427991390228,,,,0.00044168799286088657,0.0002425490147588298,0.0,0.0003101280025462975,0.0005526770173051273
1940,0.0,lbfgs,7640,697.4159693717957,,,,0.00044156311190647374,0.00024241190037154565,0.0,0.00030999856013377706,0.0005524104605053227
1941,0.0,lbfgs,7641,697.7682721614838,,,,0.0004414067047848653,0.00024229218390980353,0.0,0.00030976326553899147,0.000552055449448795
1942,0.0,lbfgs,7642,698.1981737613678,,,,0.0004413270083822304,0.0002421977421418207,0.0,0.00030986961320367815,0.0005520673553454988
1943,0.0,lbfgs,7643,698.4938659667969,,,,0.0004412038975828385,0.00024216674227051232,0.0,0.00030968537686555615,0.0005518521191360684
1944,0.0,lbfgs,7644,698.6516599655151,,,,0.0004410655380052027,0.0002421498245599961,0.0,0.0003095684856251632,0.0005517183101851593
1945,0.0,lbfgs,7645,698.9024155139923,,,,0.00044088616839162793,0.00024209745876163137,0.0,0.000309504050146458,0.0005516015089080894
1946,0.0,lbfgs,7646,699.4069561958313,,,,0.0004408062124592739,0.0002420464142730025,0.0,0.00030948054404941435,0.0005515269583224169
1947,0.0,lbfgs,7647,699.6508824825287,,,,0.0004406830131306928,0.00024197293288699725,0.0,0.0003094260617002723,0.0005513989945872696
1948,0.0,lbfgs,7648,699.9283623695374,,,,0.000440561521608008,0.000241873571843897,0.0,0.00030936041546988344,0.0005512339873137805
1949,0.0,lbfgs,7649,700.205157995224,,,,0.00044033754947049076,0.00024169845770293956,0.0,0.00030925139846911884,0.0005509498561720584
1950,0.0,lbfgs,7650,700.4295291900635,,,,0.00043997621125854507,0.00024138547652583444,0.0,0.00030909033686105623,0.0005504758133868906
1951,0.0,lbfgs,7651,700.8634822368622,,,,0.00043990507071977843,0.00024137231667141447,0.0,0.00030904162602787285,0.0005504139426992874
1952,0.0,lbfgs,7652,701.1701107025146,,,,0.0004397403403331246,0.00024126942947619155,0.0,0.00030901884097225374,0.0005502882704484452
1953,0.0,lbfgs,7653,701.426436662674,,,,0.00043957300551038134,0.00024124306962473283,0.0,0.00030902285973473446,0.0005502659293594673
1954,0.0,lbfgs,7654,701.652414560318,,,,0.00043938320405770243,0.0002412276677514495,0.0,0.0003090404860678897,0.0005502681538193392
1955,0.0,lbfgs,7655,701.9249987602234,,,,0.0004391567587899583,0.00024121025505604337,0.0,0.00030895539465879726,0.0005501656497148407
1956,0.0,lbfgs,7656,702.1291990280151,,,,0.0004388834008714378,0.00024102020475354763,0.0,0.00030890017997235925,0.0005499203847259069
1957,0.0,lbfgs,7657,702.4254353046417,,,,0.0004386700766284816,0.00024093288562473302,0.0,0.0003086811416353989,0.0005496140272601319
1958,0.0,lbfgs,7658,702.6050345897675,,,,0.00043842554126249434,0.00024074270384992448,0.0,0.0003084224930116907,0.0005491651968616152
1959,0.0,lbfgs,7659,702.8495378494263,,,,0.00043832209838818973,0.00024060654624863376,0.0,0.00030838514582287775,0.0005489916920715115
1960,0.0,lbfgs,7660,703.1431701183319,,,,0.0004380987053632466,0.0002405260040191595,0.0,0.00030823064159955034,0.0005487566456187098
1961,0.0,lbfgs,7661,703.4007873535156,,,,0.00043790743348044736,0.00024043460504652892,0.0,0.0003081526415810925,0.0005485872466276214
1962,0.0,lbfgs,7662,703.70676445961,,,,0.00043774518283084483,0.00024035218038856055,0.0,0.00030805236889330887,0.0005484045492818694
1963,0.0,lbfgs,7663,703.9958739280701,,,,0.0004375193898923781,0.0002402286868115758,0.0,0.0003077275905827357,0.0005479562773943116
1964,0.0,lbfgs,7664,704.4607095718384,,,,0.000437345206936959,0.00024013418478991671,0.0,0.00030751270788746503,0.0005476468926773817
1965,0.0,lbfgs,7665,704.718700170517,,,,0.00043716206540270945,0.00024007165137838156,0.0,0.00030717863413185534,0.0005472502855102369
1966,0.0,lbfgs,7666,705.0306122303009,,,,0.0004369531505241976,0.0002400003213075455,0.0,0.0003068457106326415,0.000546846031940187
1967,0.0,lbfgs,7667,705.3441519737244,,,,0.000436762329658382,0.00023994808495167796,0.0,0.00030648535347264596,0.0005464334384243239
1968,0.0,lbfgs,7668,705.6031551361084,,,,0.0004365337353101068,0.0002398943799623396,0.0,0.0003063127037508705,0.0005462070837132101
1969,0.0,lbfgs,7669,705.8829300403595,,,,0.0004363049986284511,0.00023985710076943861,0.0,0.0003062040537666229,0.0005460611545360615
1970,0.0,lbfgs,7670,706.2076885700226,,,,0.0004361037588999039,0.00023981960728585773,0.0,0.00030611648790959065,0.0005459360951954484
1971,0.0,lbfgs,7671,706.4451258182526,,,,0.0004358389640665519,0.000239787060023321,0.0,0.00030599643576167723,0.0005457834957849982
1972,0.0,lbfgs,7672,706.7149076461792,,,,0.00043563100191977057,0.00023964211595242508,0.0,0.0003056384143988653,0.0005452805303512904
1973,0.0,lbfgs,7673,706.9828453063965,,,,0.00043530336018062074,0.00023964051787696023,0.0,0.0003054106951819009,0.0005450512130588611
1974,0.0,lbfgs,7674,707.2372930049896,,,,0.0004350624090417373,0.00023960411467703052,0.0,0.000305095472936213,0.0005446995876132435
1975,0.0,lbfgs,7675,707.5486493110657,,,,0.0004348828371143414,0.00023954392793431803,0.0,0.0003047913021351133,0.0005443352300694313
1976,0.0,lbfgs,7676,707.8410179615021,,,,0.0004346287546690372,0.00023944435249756166,0.0,0.00030451004927081857,0.0005439544017683802
1977,0.0,lbfgs,7677,708.3584959506989,,,,0.0004344432877344428,0.0002394255391418382,0.0,0.00030415372445163907,0.0005435792635934773
1978,0.0,lbfgs,7678,708.6352708339691,,,,0.000434209781673674,0.00023939584912072048,0.0,0.00030370601154808264,0.0005431018606688031
1979,0.0,lbfgs,7679,708.9243049621582,,,,0.00043404770022725846,0.00023941479319620188,0.0,0.00030364144313425444,0.0005430562363304564
1980,0.0,lbfgs,7680,709.1363246440887,,,,0.00043384827707613604,0.00023944332652126087,0.0,0.00030353570323812205,0.000542979029759383
1981,0.0,lbfgs,7681,709.3291339874268,,,,0.00043362968217832716,0.00023947008379708362,0.0,0.0003033670835515928,0.0005428371673486764
1982,0.0,lbfgs,7682,709.551655292511,,,,0.00043336646807398053,0.00023949219984028316,0.0,0.000303036529574431,0.0005425287294147142
1983,0.0,lbfgs,7683,709.8512735366821,,,,0.00043308140263721945,0.00023944728443170505,0.0,0.0003026681263616532,0.0005421154107933582
1984,0.0,lbfgs,7684,710.0754354000092,,,,0.00043297687482795103,0.00023942674893077723,0.0,0.00030240447543595177,0.000541831224366729
1985,0.0,lbfgs,7685,710.2731733322144,,,,0.00043277556372126014,0.00023937061987727856,0.0,0.0003022573020039573,0.0005416279218812359
1986,0.0,lbfgs,7686,710.6144888401031,,,,0.00043258295090448513,0.0002393013194089209,0.0,0.00030213699660685335,0.0005414383160157743
1987,0.0,lbfgs,7687,710.9072897434235,,,,0.0004324457355947628,0.00023923089954282082,0.0,0.0003020374574490906,0.0005412683569919114
1988,0.0,lbfgs,7688,711.1949915885925,,,,0.0004322353656714728,0.00023912542089484274,0.0,0.0003018012640264435,0.0005409266849212862
1989,0.0,lbfgs,7689,711.4341883659363,,,,0.0004317071135176729,0.00023890175865882703,0.0,0.0003011432482499258,0.0005400450069087528
1990,0.0,lbfgs,7690,711.9399371147156,,,,0.0004315422066907618,0.0002388854137012629,0.0,0.00030077727613047337,0.0005396626898317362
1991,0.0,lbfgs,7691,712.2636613845825,,,,0.00043121363117855257,0.00023872180642884683,0.0,0.00030040588513738554,0.0005391276915662324
1992,0.0,lbfgs,7692,712.6010785102844,,,,0.0004309730848564158,0.000238678323271733,0.0,0.00030021571137138736,0.0005388940346431203
1993,0.0,lbfgs,7693,712.905698299408,,,,0.00043072055460277294,0.00023856286869763433,0.0,0.0002999939155595529,0.0005385567842571872
1994,0.0,lbfgs,7694,713.2091953754425,,,,0.0004304780069903514,0.00023852166348479402,0.0,0.00029996406025805224,0.0005384857237428463
1995,0.0,lbfgs,7695,713.4790964126587,,,,0.00043021803057821705,0.00023853350960360088,0.0,0.00029970392542388576,0.0005382374350274867
1996,0.0,lbfgs,7696,713.6442718505859,,,,0.00042988112674714936,0.00023850375000529568,0.0,0.0002994063427657241,0.0005379100927710198
1997,0.0,lbfgs,7697,714.1212930679321,,,,0.00042980097923614035,0.00023852854065526942,0.0,0.00029925211824392183,0.0005377806588991912
1998,0.0,lbfgs,7698,714.4022443294525,,,,0.000429715175538705,0.00023852723674340308,0.0,0.0002991396989492842,0.0005376669356926873
1999,0.0,lbfgs,7699,714.6907880306244,,,,0.00042957614185031923,0.00023849714637615577,0.0,0.0002989582971943077,0.0005374554435704634
2000,0.0,lbfgs,7700,714.9562215805054,,,,0.0004294744025286232,0.00023847183440098662,0.0,0.0002988634649890909,0.0005373352993900775
2001,0.0,lbfgs,7701,715.2377314567566,,,,0.00042922415647219503,0.0002383861064507744,0.0,0.00029873266959282125,0.0005371187760435957
2002,0.0,lbfgs,7702,715.5050702095032,,,,0.0004289059530298386,0.00023824736498783726,0.0,0.000298474864424497,0.0005367222294123343
2003,0.0,lbfgs,7703,715.7762398719788,,,,0.00042859659279922567,0.0002379204387113732,0.0,0.00029835266716436314,0.0005362731058757363
2004,0.0,lbfgs,7704,715.9471955299377,,,,0.0004284325146015872,0.00023793627214561342,0.0,0.0002981092489083677,0.0005360455210539811
2005,0.0,lbfgs,7705,716.1923954486847,,,,0.00042830566500997984,0.00023789645558306924,0.0,0.0002978460166486986,0.0005357424722317679
2006,0.0,lbfgs,7706,716.4266321659088,,,,0.0004280326790441555,0.0002377594193157292,0.0,0.00029733198286799073,0.0005350914021837199
2007,0.0,lbfgs,7707,716.775830745697,,,,0.0004277959272144088,0.0002372403521437057,0.0,0.0002968170020822809,0.0005340573542259865
2008,0.0,lbfgs,7708,717.0355267524719,,,,0.000427541277152732,0.00023717169422581686,0.0,0.0002963615891210443,0.0005335332833468612
2009,0.0,lbfgs,7709,717.282244682312,,,,0.0004273956652514248,0.00023719273319696712,0.0,0.0002963696691620989,0.000533562402359066
2010,0.0,lbfgs,7710,717.5545923709869,,,,0.0004271973178161801,0.00023713067753040206,0.0,0.0002962634801719676,0.0005333941577023697
2011,0.0,lbfgs,7711,717.8374440670013,,,,0.0004268408885311685,0.00023696895382957592,0.0,0.0002961534891017455,0.0005331224429313214
2012,0.0,lbfgs,7712,718.1197702884674,,,,0.00042660033305776503,0.00023682118630210126,0.0,0.0002959657295761404,0.0005327869158782417
2013,0.0,lbfgs,7713,718.4180481433868,,,,0.0004263833852105472,0.00023672841043504306,0.0,0.00029577350125336693,0.00053250191168841
2014,0.0,lbfgs,7714,718.7535257339478,,,,0.0004262275939166956,0.00023667272405257815,0.0,0.0002957015146357559,0.000532374238688334
2015,0.0,lbfgs,7715,718.999011516571,,,,0.00042605833010875857,0.0002366814792744356,0.0,0.00029562621175290385,0.0005323076910273394
2016,0.0,lbfgs,7716,719.3866953849792,,,,0.0004259197743500502,0.00023667731330964927,0.0,0.00029556216824267015,0.0005322394815523194
2017,0.0,lbfgs,7717,719.6698110103607,,,,0.0004257527456609303,0.000236707804136107,0.0,0.00029553878296070384,0.0005322465870968108
2018,0.0,lbfgs,7718,719.9352111816406,,,,0.0004254485956081607,0.0002366839913722674,0.0,0.0002954787592361055,0.000532162750608373
2019,0.0,lbfgs,7719,720.1314086914062,,,,0.00042522978622420104,0.0002366010183916127,0.0,0.0002954402690815029,0.0005320412874731156
2020,0.0,lbfgs,7720,720.3962879180908,,,,0.0004248985125634508,0.00023637502524745299,0.0,0.00029523906053422296,0.000531614085781676
2021,0.0,lbfgs,7721,720.7076981067657,,,,0.0004247380307701385,0.00023613734329852582,0.0,0.00029553243171522123,0.000531669775013747
2022,0.0,lbfgs,7722,720.9819099903107,,,,0.00042453025898078376,0.00023608069306194456,0.0,0.00029523460082963107,0.0005313152938915757
2023,0.0,lbfgs,7723,721.2241849899292,,,,0.0004243616761472776,0.00023600147600113072,0.0,0.00029506761042716193,0.0005310690864282926
2024,0.0,lbfgs,7724,721.4018130302429,,,,0.00042407971009511926,0.0002358865209900018,0.0,0.00029499377718941006,0.0005308802981794119
2025,0.0,lbfgs,7725,721.6704061031342,,,,0.0004235849536522508,0.0002356250060590336,0.0,0.00029491485622564086,0.0005305398622846744
2026,0.0,lbfgs,7726,722.073677778244,,,,0.0004233829839598067,0.00023556892416552318,0.0,0.00029485255973189003,0.0005304214838974132
2027,0.0,lbfgs,7727,722.321439743042,,,,0.0004230920265051317,0.00023546160771701507,0.0,0.00029485300118698294,0.000530314608903998
2028,0.0,lbfgs,7728,722.6268916130066,,,,0.0004227179493778699,0.00023534050334663212,0.0,0.0002946704948413039,0.000530010998187936
2029,0.0,lbfgs,7729,722.872834444046,,,,0.0004224750395307043,0.00023526408155433832,0.0,0.0002945193353072903,0.0005297834168616286
2030,0.0,lbfgs,7730,723.1270685195923,,,,0.00042230014297722795,0.00023515256495810295,0.0,0.0002942339332745757,0.0005293864982326786
2031,0.0,lbfgs,7731,723.3953080177307,,,,0.0004221520591928307,0.0002351263386291418,0.0,0.0002939882959438362,0.000529114634572978
2032,0.0,lbfgs,7732,723.6593542098999,,,,0.00042199954172062923,0.00023508331891621516,0.0,0.00029366175304919155,0.0005287450719654067
2033,0.0,lbfgs,7733,723.8828942775726,,,,0.0004219504154420611,0.00023504665553230675,0.0,0.0002935522964184648,0.0005285989519507716
2034,0.0,lbfgs,7734,724.1254949569702,,,,0.0004217230097378979,0.00023502696879891633,0.0,0.0002933329280206957,0.000528359896819612
2035,0.0,lbfgs,7735,724.3701331615448,,,,0.00042149929238423877,0.00023500019257149387,0.0,0.000293209012094114,0.0005282092046656079
2036,0.0,lbfgs,7736,724.5253894329071,,,,0.0004212907194364139,0.00023497253664930948,0.0,0.00029316988262911376,0.0005281424192784233
2037,0.0,lbfgs,7737,724.8060572147369,,,,0.0004210518400786563,0.00023496646227582127,0.0,0.00029313098599241777,0.0005280974482682391
2038,0.0,lbfgs,7738,725.1724073886871,,,,0.00042067208038335435,0.0002351054498102031,0.0,0.00029269062813126403,0.0005277960779414672
2039,0.0,lbfgs,7739,725.440616607666,,,,0.0004203867480924589,0.00023518087895577037,0.0,0.00029237391056229707,0.0005275547895180674
2040,0.0,lbfgs,7740,725.7173664569855,,,,0.0004203214974498464,0.00023524083471775738,0.0,0.0002923108693181708,0.0005275517040359281
2041,0.0,lbfgs,7741,726.0377752780914,,,,0.00042018740782167626,0.00023522546100661438,0.0,0.00029201471685246877,0.0005272401778590831
2042,0.0,lbfgs,7742,726.258793592453,,,,0.00042012366913878974,0.00023522196301112451,0.0,0.0002918279625362243,0.0005270499255473489
2043,0.0,lbfgs,7743,726.4982557296753,,,,0.0004200086903932875,0.00023522364637832349,0.0,0.0002915503533276305,0.000526773999705954
2044,0.0,lbfgs,7744,726.726292848587,,,,0.00041984035359189165,0.00023522148096746464,0.0,0.000291291398167896,0.0005265128791353607
2045,0.0,lbfgs,7745,727.0149812698364,,,,0.0004195543115939098,0.00023513657083242716,0.0,0.0002911337229465011,0.0005262702937789283
2046,0.0,lbfgs,7746,727.5649688243866,,,,0.0004193700245614148,0.000235141514433056,0.0,0.0002910233789720843,0.0005261648934051403
2047,0.0,lbfgs,7747,727.8557820320129,,,,0.0004192025596956346,0.00023509675513088625,0.0,0.0002910623502882106,0.0005261591054190968
2048,0.0,lbfgs,7748,728.1085448265076,,,,0.0004191026502442599,0.0002350549109571801,0.0,0.00029115426727969654,0.0005262091782368767
2049,0.0,lbfgs,7749,728.4098863601685,,,,0.0004189985919019125,0.00023498190980655447,0.0,0.0002912494482851738,0.0005262313580917282
2050,0.0,lbfgs,7750,728.7443025112152,,,,0.0004188197536005929,0.00023488684695641032,0.0,0.00029126867495688895,0.0005261555219132993
2051,0.0,lbfgs,7751,728.9674544334412,,,,0.00041865479540760737,0.00023482304971143782,0.0,0.0002911761398535443,0.0005259991895649821
2052,0.0,lbfgs,7752,729.2097859382629,,,,0.0004185190230187575,0.00023480004034934438,0.0,0.0002909669019706392,0.0005257669423199835
2053,0.0,lbfgs,7753,729.5152080059052,,,,0.0004184251997823968,0.00023478706240934164,0.0,0.0002908594047115295,0.0005256464671208711
2054,0.0,lbfgs,7754,729.8014380931854,,,,0.0004183306323702692,0.0002346734304888864,0.0,0.00029090371442707036,0.0005255771449159568
2055,0.0,lbfgs,7755,730.081228017807,,,,0.0004181706655911942,0.00023470349029763372,0.0,0.00029085766466110214,0.0005255611549587359
2056,0.0,lbfgs,7756,730.327082157135,,,,0.00041809251454854473,0.00023467202020536,0.0,0.0002909395880505693,0.0005256116082559293
2057,0.0,lbfgs,7757,730.5832586288452,,,,0.0004180207099259501,0.00023461679906997964,0.0,0.0002910620468654712,0.0005256788459354508
2058,0.0,lbfgs,7758,730.8943417072296,,,,0.0004178865685697832,0.00023453589790977305,0.0,0.0002911044460168056,0.0005256403439265787
2059,0.0,lbfgs,7759,731.3908491134644,,,,0.00041775047310127527,0.00023446962779685414,0.0,0.0002914280748864834,0.0005258977026833375
2060,0.0,lbfgs,7760,731.5980637073517,,,,0.00041747521945528754,0.00023431154127237576,0.0,0.00029135953809493004,0.0005256710793673058
2061,0.0,lbfgs,7761,731.7878873348236,,,,0.0004172972344045004,0.00023426999633691743,0.0,0.0002911587142922907,0.0005254287106292081
2062,0.0,lbfgs,7762,732.0145649909973,,,,0.0004170024738087972,0.00023418680002349976,0.0,0.0002908441611801357,0.0005250309612036355
2063,0.0,lbfgs,7763,732.2686111927032,,,,0.0004167751163570814,0.0002341765647228266,0.0,0.00029076906655714957,0.0005249456312799762
2064,0.0,lbfgs,7764,732.5443577766418,,,,0.00041652732239768925,0.00023407825900632632,0.0,0.0002906798395159669,0.0005247580985222932
2065,0.0,lbfgs,7765,732.8518769741058,,,,0.0004163192127333144,0.00023393459702132082,0.0,0.0002909277220080363,0.0005248623190293571
2066,0.0,lbfgs,7766,733.0964703559875,,,,0.0004161479803297803,0.00023387659114098316,0.0,0.00029084564689364127,0.0005247222380346244
2067,0.0,lbfgs,7767,733.3526990413666,,,,0.0004159311808727217,0.00023382932618912057,0.0,0.0002907450003081561,0.0005245743264972767
2068,0.0,lbfgs,7768,733.562420129776,,,,0.0004157642174593672,0.0002337325873664299,0.0,0.0002909182359146008,0.0005246508232810308
2069,0.0,lbfgs,7769,733.76713347435,,,,0.000415594428697239,0.00023376949536751574,0.0,0.0002905893144465723,0.000524358809814088
2070,0.0,lbfgs,7770,733.998214006424,,,,0.0004154652718341003,0.00023377287453812232,0.0,0.0002904321698547882,0.0005242050443929105
2071,0.0,lbfgs,7771,734.2401864528656,,,,0.00041539965572984846,0.00023377930850963246,0.0,0.0002903554117606706,0.000524134720270303
2072,0.0,lbfgs,7772,734.4545884132385,,,,0.00041529079726311524,0.0002337839122628173,0.0,0.00029027914286754153,0.0005240630551303588
2073,0.0,lbfgs,7773,734.7067170143127,,,,0.0004150380251729092,0.00023378361821430375,0.0,0.0002902004818577379,0.0005239841000720417
2074,0.0,lbfgs,7774,734.9739418029785,,,,0.00041474740781327873,0.0002337840391173395,0.0,0.00029019101384431065,0.0005239750529616501
2075,0.0,lbfgs,7775,735.3844816684723,,,,0.00041465417031455085,0.0002337287755796865,0.0,0.0002903135840895341,0.0005240423596692206
2076,0.0,lbfgs,7776,735.6102163791656,,,,0.00041446307868538173,0.00023371141480294514,0.0,0.00029035043432261545,0.0005240618491255606
2077,0.0,lbfgs,7777,735.8000929355621,,,,0.00041431107868880894,0.0002336849413621488,0.0,0.0002903207510111951,0.0005240056923733439
2078,0.0,lbfgs,7778,736.0573823451996,,,,0.0004140286867212826,0.00023363313778298025,0.0,0.0002902019422723974,0.0005238350800553776
2079,0.0,lbfgs,7779,736.3246977329254,,,,0.0004137613798319256,0.00023359428862886308,0.0,0.00029011045918198925,0.0005237047478108524
2080,0.0,lbfgs,7780,736.5350949764252,,,,0.0004135918453861221,0.00023360850673814402,0.0,0.0002899710119982066,0.0005235795187363507
2081,0.0,lbfgs,7781,736.7480623722076,,,,0.00041343284712532294,0.00023363887519428487,0.0,0.00028979258228767113,0.000523431457481956
2082,0.0,lbfgs,7782,736.9476766586304,,,,0.00041335309097612717,0.00023366514947230322,0.0,0.0002896961814024901,0.0005233613308747932
2083,0.0,lbfgs,7783,737.2190382480621,,,,0.0004132166647155979,0.00023371775415404698,0.0,0.0002895859084726092,0.0005233036626266562
2084,0.0,lbfgs,7784,737.446507692337,,,,0.00041296558969706386,0.00023378626316590437,0.0,0.0002894836382061791,0.0005232699013720835
2085,0.0,lbfgs,7785,737.6841690540314,,,,0.0004127498989975237,0.0002338991325502029,0.0,0.00028946951738009535,0.0005233686499302982
2086,0.0,lbfgs,7786,737.8713433742523,,,,0.0004126048689933641,0.0002339452626584238,0.0,0.00028946652516944504,0.0005234117878278688
2087,0.0,lbfgs,7787,738.1043109893799,,,,0.00041249037173196786,0.00023389399527478765,0.0,0.0002893832259697052,0.0005232772212444928
2088,0.0,lbfgs,7788,738.3731873035431,,,,0.0004123963413066591,0.0002338613909816262,0.0,0.00028935541479125596,0.0005232168057728822
2089,0.0,lbfgs,7789,738.6441445350647,,,,0.0004122523717904324,0.00023384259706805296,0.0,0.0002893178437726181,0.0005231604408406711
2090,0.0,lbfgs,7790,738.9457068443298,,,,0.000412044741036713,0.00023387023189172412,0.0,0.00028923719441435817,0.0005231074263060823
2091,0.0,lbfgs,7791,739.20396733284,,,,0.0004117822851474167,0.00023395171534098527,0.0,0.0002890211861703004,0.0005229729015112857
2092,0.0,lbfgs,7792,739.4754474163055,,,,0.0004117269109645044,0.00023410316930916092,0.0,0.0002893084854784896,0.0005234116547876505
2093,0.0,lbfgs,7793,739.8308622837067,,,,0.00041137843441995964,0.0002341204587733591,0.0,0.0002887965760546079,0.000522917034827967
2094,0.0,lbfgs,7794,740.1535873413086,,,,0.00041126987212202105,0.00023412547392510295,0.0,0.00028862272270221165,0.0005227481966273147
2095,0.0,lbfgs,7795,740.4805035591125,,,,0.00041108654810108314,0.0002341555700532167,0.0,0.000288397694433843,0.0005225532644870597
2096,0.0,lbfgs,7796,740.7420032024384,,,,0.00041088368949483147,0.0002341870619221745,0.0,0.00028801652139220127,0.0005222035833143758
2097,0.0,lbfgs,7797,740.9462118148804,,,,0.0004106697410417752,0.00023421489698673224,0.0,0.0002878997147150543,0.0005221146117017866
2098,0.0,lbfgs,7798,741.5036282539368,,,,0.0004105750459386052,0.0002342378074605687,0.0,0.00028787089000021043,0.0005221086974607791
2099,0.0,lbfgs,7799,741.7333950996399,,,,0.0004104433407208333,0.00023420091537857405,0.0,0.00028779291911378615,0.0005219938344923602
2100,0.0,lbfgs,7800,742.0246713161469,,,,0.000410271163677248,0.00023410229621366528,0.0,0.0002878178625797425,0.0005219201587934078
2101,0.0,lbfgs,7801,742.3041002750397,,,,0.00041014954138706545,0.00023404000700539415,0.0,0.0002877681850714719,0.000521808192076866
2102,0.0,lbfgs,7802,742.5933704376221,,,,0.00041004658804889615,0.00023394180621376905,0.0,0.00028778106903332856,0.0005217228752470976
2103,0.0,lbfgs,7803,742.921591758728,,,,0.0004099478258227122,0.00023393033476023684,0.0,0.0002876971708660854,0.0005216275056263223
2104,0.0,lbfgs,7804,743.1634931564331,,,,0.0004096855541111406,0.0002338972957449804,0.0,0.0002875130378074174,0.0005214103335523978
2105,0.0,lbfgs,7805,743.6062636375427,,,,0.00040961466255702756,0.00023387860746360562,0.0,0.00028759081885851615,0.0005214694263221218
2106,0.0,lbfgs,7806,743.9374690055847,,,,0.0004094664976506218,0.0002338995130917521,0.0,0.0002875438773427011,0.0005214433904344532
2107,0.0,lbfgs,7807,744.2100079059601,,,,0.0004093917082103627,0.00023387523838624814,0.0,0.0002875199881514316,0.0005213952265376797
2108,0.0,lbfgs,7808,744.470312833786,,,,0.00040931424757079793,0.0002338356802457637,0.0,0.0002876183353246649,0.0005214540155704286
2109,0.0,lbfgs,7809,744.7067921161652,,,,0.00040918911519431894,0.00023376375012235248,0.0,0.00028774153377390316,0.0005215052838962557
2110,0.0,lbfgs,7810,744.9233767986298,,,,0.0004090131393754926,0.00023368056286615592,0.0,0.0002880439505522704,0.0005217245134184264
2111,0.0,lbfgs,7811,745.19801902771,,,,0.00040877805818721784,0.00023360379231399992,0.0,0.0002881582726401081,0.000521762064954108
2112,0.0,lbfgs,7812,745.4059472084045,,,,0.0004084882058070095,0.00023348961095351846,0.0,0.00028854590641761433,0.0005220355173711328
2113,0.0,lbfgs,7813,745.6867203712463,,,,0.0004083822505474452,0.00023346339760923273,0.0,0.00028906043105310033,0.0005225238286623331
2114,0.0,lbfgs,7814,745.9687991142273,,,,0.0004082418705272315,0.00023344645770137905,0.0,0.00028866475054545294,0.000522111208246832
2115,0.0,lbfgs,7815,746.2199840545654,,,,0.00040815276853810594,0.00023343052103471181,0.0,0.0002884456867172146,0.0005218762077519264
2116,0.0,lbfgs,7816,746.4943823814392,,,,0.00040805881250024914,0.00023340693351591569,0.0,0.00028836205992437093,0.0005217689934402866
2117,0.0,lbfgs,7817,746.7737352848053,,,,0.00040787037742379654,0.00023336811975466082,0.0,0.0002882644882278998,0.0005216326079825606
2118,0.0,lbfgs,7818,747.0944771766663,,,,0.00040783353970602686,0.00023332598046460156,0.0,0.00028886491895012097,0.0005221908994147226
2119,0.0,lbfgs,7819,747.3751528263092,,,,0.00040752281986490037,0.0002333133340264302,0.0,0.0002884456209143201,0.0005217589549407503
2120,0.0,lbfgs,7820,747.6007928848267,,,,0.0004074045457684753,0.00023331312759112546,0.0,0.0002883864319918718,0.0005216995595829973
2121,0.0,lbfgs,7821,747.8235363960266,,,,0.00040725255741985613,0.00023331799762483257,0.0,0.0002883244987924965,0.0005216424964173291
2122,0.0,lbfgs,7822,748.0303540229797,,,,0.0004072226151348834,0.0002332998761188175,0.0,0.00028876609652591777,0.0005220659726447353
2123,0.0,lbfgs,7823,748.331538438797,,,,0.00040700962093267274,0.00023329310492286277,0.0,0.00028832008127401844,0.0005216131861968812
2124,0.0,lbfgs,7824,748.4982213973999,,,,0.00040686887846709687,0.00023326491763668616,0.0,0.00028806798792887936,0.0005213329055655655
2125,0.0,lbfgs,7825,748.775648355484,,,,0.0004066878377742191,0.00023321191325349796,0.0,0.0002878307454492889,0.0005210426587027869
2126,0.0,lbfgs,7826,748.991975069046,,,,0.0004064920954849108,0.00023317169664351515,0.0,0.00028757737374765984,0.000520749070391175
2127,0.0,lbfgs,7827,749.4249448776245,,,,0.00040635882212153556,0.00023306986603636553,0.0,0.0002873757902852539,0.0005204456563216195
2128,0.0,lbfgs,7828,749.7062516212463,,,,0.0004061176881450817,0.00023304907731006255,0.0,0.00028707991976991895,0.0005201289970799815
2129,0.0,lbfgs,7829,750.0029618740082,,,,0.0004059302336638672,0.0002330143610669471,0.0,0.0002867952381783854,0.0005198095992453325
2130,0.0,lbfgs,7830,750.2715106010437,,,,0.0004056687036866571,0.0002329317934983214,0.0,0.0002863298796026258,0.0005192616731009472
2131,0.0,lbfgs,7831,750.5605025291443,,,,0.00040535845964677824,0.00023278473535228317,0.0,0.00028598984774600675,0.00051877458309829
2132,0.0,lbfgs,7832,751.0652604103088,,,,0.00040518883712759414,0.00023271713501144892,0.0,0.00028553701650771456,0.0005182541515191634
2133,0.0,lbfgs,7833,751.4258422851562,,,,0.0004049094276623493,0.00023252585977751728,0.0,0.0002853156379592876,0.0005178414977368049
2134,0.0,lbfgs,7834,751.7031507492065,,,,0.0004047098790707389,0.0002324309231445521,0.0,0.00028522677313572793,0.00051765769628028
2135,0.0,lbfgs,7835,751.9377655982971,,,,0.00040439068121793256,0.00023229444865874974,0.0,0.0002850720317951568,0.0005173664804539066
2136,0.0,lbfgs,7836,752.1721568107605,,,,0.00040410285766679754,0.00023217659709180559,0.0,0.00028520751981263526,0.0005173841169044408
2137,0.0,lbfgs,7837,752.4488875865936,,,,0.00040382071114701816,0.00023212027456288392,0.0,0.0002848891330257192,0.0005170094075886032
2138,0.0,lbfgs,7838,752.7105648517609,,,,0.00040360410526659525,0.00023208280875803083,0.0,0.00028482497719925157,0.0005169077859572824
2139,0.0,lbfgs,7839,753.001384973526,,,,0.0004035253432672931,0.00023203979837331,0.0,0.0002846640942256623,0.0005167038925989722
2140,0.0,lbfgs,7840,753.3362305164337,,,,0.0004034119189452376,0.00023202311545809397,0.0,0.00028464961946436727,0.0005166727349224612
2141,0.0,lbfgs,7841,753.633819103241,,,,0.00040334429280486903,0.00023197753212379172,0.0,0.0002846792029217936,0.0005166567350455853
2142,0.0,lbfgs,7842,753.8987119197845,,,,0.0004032847946474406,0.00023191609511469223,0.0,0.0002847042018908036,0.0005166202970054958
2143,0.0,lbfgs,7843,754.1644852161407,,,,0.0004031820503387001,0.00023182692148278,0.0,0.000284691839766125,0.000516518761248905
2144,0.0,lbfgs,7844,754.4352526664734,,,,0.00040293409264530655,0.00023166939747781124,0.0,0.00028451269651921525,0.0005161820939970265
2145,0.0,lbfgs,7845,754.8345079421997,,,,0.00040287194421011966,0.00023156830431787182,0.0,0.0002845960860515949,0.0005161643903694667
2146,0.0,lbfgs,7846,755.0660154819489,,,,0.00040265337535867795,0.00023144181654812383,0.0,0.0002843695339459402,0.000515811350494064
2147,0.0,lbfgs,7847,755.3239891529083,,,,0.0004025338479025915,0.0002313925019452065,0.0,0.00028423774374654575,0.0005156302456917523
2148,0.0,lbfgs,7848,755.648074388504,,,,0.0004023936991564538,0.00023134792224611925,0.0,0.0002840632056381689,0.0005154111278842881
2149,0.0,lbfgs,7849,755.9199728965759,,,,0.0004022274801031184,0.0002312691527465351,0.0,0.0002838754705357574,0.0005151446232822925
2150,0.0,lbfgs,7850,756.1721704006195,,,,0.0004020116564227255,0.00023111713990468438,0.0,0.0002836429809773083,0.0005147601208819927
2151,0.0,lbfgs,7851,756.4413628578186,,,,0.0004018130598862359,0.00023084756669330058,0.0,0.00028356993229796486,0.0005144174989912655
2152,0.0,lbfgs,7852,756.7063744068146,,,,0.0004016345815044582,0.000230905356306525,0.0,0.00028337172144575213,0.0005142770777522771
2153,0.0,lbfgs,7853,756.948292016983,,,,0.0004015281886010657,0.0002309127118445754,0.0,0.0002832693322720216,0.000514182044116597
2154,0.0,lbfgs,7854,757.1392381191254,,,,0.00040146263974537777,0.0002308965311612102,0.0,0.00028320211949120423,0.0005140986506524145
2155,0.0,lbfgs,7855,757.416081905365,,,,0.0004012752145656005,0.00023083684676329668,0.0,0.0002829784186275654,0.0005138152653908621
2156,0.0,lbfgs,7856,757.8597271442413,,,,0.00040121968851643383,0.0002308106342563045,0.0,0.0002829420531240128,0.0005137526873803173
2157,0.0,lbfgs,7857,758.0765969753265,,,,0.000401120711300342,0.0002307873413854446,0.0,0.00028279987127660574,0.0005135872126620503
2158,0.0,lbfgs,7858,758.3160326480865,,,,0.00040105671564988945,0.0002307827232531868,0.0,0.00028266294582627053,0.0005134456690794574
2159,0.0,lbfgs,7859,758.561689376831,,,,0.00040100862928741754,0.00023077921779212743,0.0,0.00028253977533792386,0.0005133189931300513
2160,0.0,lbfgs,7860,758.8930444717407,,,,0.00040089273666558186,0.0002307476717776232,0.0,0.0002822746424801485,0.0005130223142577717
2161,0.0,lbfgs,7861,759.1175038814545,,,,0.0004007182896379895,0.0002306814451807213,0.0,0.0002819666948229617,0.000512648140003683
2162,0.0,lbfgs,7862,759.5730490684509,,,,0.00040059344836714255,0.00023061602437133465,0.0,0.0002816719656931303,0.0005122879900644649
2163,0.0,lbfgs,7863,759.8566303253174,,,,0.000400390247315121,0.0002305127404904522,0.0,0.0002814047916377354,0.0005119175321281876
2164,0.0,lbfgs,7864,760.1221544742584,,,,0.00040027380550343905,0.00023046742801272413,0.0,0.00028132653445356244,0.0005117939624662865
2165,0.0,lbfgs,7865,760.4095294475555,,,,0.0004001453545001269,0.00023042386684803836,0.0,0.0002812032135388075,0.0005116270803868459
2166,0.0,lbfgs,7866,760.6674809455872,,,,0.0004000532842404566,0.00023036157884287153,0.0,0.00028131732962495613,0.0005116789084678277
2167,0.0,lbfgs,7867,761.0265510082245,,,,0.0003999305309340468,0.00023032830858653276,0.0,0.00028104654150232244,0.0005113748500888552
2168,0.0,lbfgs,7868,761.3211395740509,,,,0.00039981904525581086,0.00023027210892523752,0.0,0.0002808199619557732,0.0005110920708810107
2169,0.0,lbfgs,7869,761.632402420044,,,,0.00039972480756945186,0.00023018800860938416,0.0,0.0002807078098379207,0.0005108958184473049
2170,0.0,lbfgs,7870,761.9183070659637,,,,0.0003995800194004051,0.0002300466423157374,0.0,0.00028065642891155244,0.0005107030712272898
2171,0.0,lbfgs,7871,762.2182166576385,,,,0.00039932666923923584,0.0002298562245950702,0.0,0.0002804096306386301,0.0005102658552337002
2172,0.0,lbfgs,7872,762.6066818237305,,,,0.0003991483726034858,0.00022972139973838468,0.0,0.0002804989362063715,0.0005102203359447562
2173,0.0,lbfgs,7873,762.9191915988922,,,,0.00039894361212595026,0.00022964503571848782,0.0,0.00028027349608721297,0.0005099185318057008
2174,0.0,lbfgs,7874,763.2189118862152,,,,0.0003988243511160865,0.00022964741142820775,0.0,0.00028034624985053577,0.0005099936612787435
2175,0.0,lbfgs,7875,763.5336172580719,,,,0.0003987810079111015,0.00022970126529466608,0.0,0.00028005841115672696,0.000509759676451393
2176,0.0,lbfgs,7876,763.8859276771545,,,,0.00039862421896066577,0.00022966021638268374,0.0,0.0002801132710391827,0.0005097734874218665
2177,0.0,lbfgs,7877,764.1540486812592,,,,0.00039849711224430824,0.00022959725146098632,0.0,0.00028011614760275056,0.0005097133990637369
2178,0.0,lbfgs,7878,764.4433422088623,,,,0.00039831603463115115,0.0002294745100206286,0.0,0.0002800534924992098,0.0005095280025198384
2179,0.0,lbfgs,7879,764.7063484191895,,,,0.00039816215187643957,0.0002293637320191924,0.0,0.0002799464037016811,0.0005093101357208736
2180,0.0,lbfgs,7880,764.8817512989044,,,,0.00039795493592841876,0.00022919652085298455,0.0,0.00027973790352126395,0.0005089344243742485
2181,0.0,lbfgs,7881,765.0893943309784,,,,0.0003978354486735863,0.00022893555647611997,0.0,0.0002802139474338406,0.0005091495039099606
2182,0.0,lbfgs,7882,765.374683380127,,,,0.0003976514593849144,0.00022901378867334064,0.0,0.00027987597952295457,0.0005088897681962952
2183,0.0,lbfgs,7883,765.6582431793213,,,,0.00039759955216175284,0.00022901353570521993,0.0,0.00027983153657006656,0.0005088450722752865
2184,0.0,lbfgs,7884,765.9257266521454,,,,0.00039749297263458024,0.00022896903458468376,0.0,0.00027981240129253,0.0005087814358772138
2185,0.0,lbfgs,7885,766.2196714878082,,,,0.0003973322471581681,0.00022886101600898495,0.0,0.000279734340165806,0.000508595356174791
2186,0.0,lbfgs,7886,766.5024752616882,,,,0.0003971598265904901,0.0002287135668824523,0.0,0.000279829666260539,0.0005085432331429912
2187,0.0,lbfgs,7887,766.789231300354,,,,0.0003970118305173522,0.00022864133438568022,0.0,0.00027974226777339057,0.0005083836021590708
2188,0.0,lbfgs,7888,767.0579347610474,,,,0.0003968120936989311,0.0002285395439860477,0.0,0.0002795786298067566,0.0005081181737928043
2189,0.0,lbfgs,7889,767.3997993469238,,,,0.00039668470476345366,0.00022844289091305652,0.0,0.00027963846236692667,0.0005080813532799832
2190,0.0,lbfgs,7890,767.6840162277222,,,,0.00039647893544168193,0.00022841559683926623,0.0,0.0002794430668596197,0.0005078586636988859
2191,0.0,lbfgs,7891,767.9599752426147,,,,0.0003963339845532143,0.00022835933103489082,0.0,0.000279641659776052,0.0005080009908109428
2192,0.0,lbfgs,7892,768.2315266132355,,,,0.00039624184485721964,0.00022838698677263256,0.0,0.00027961484183780966,0.0005080018286104422
2193,0.0,lbfgs,7893,768.4823603630066,,,,0.0003961577700956566,0.00022837042376254414,0.0,0.00027966194953714114,0.0005080323732996853
2194,0.0,lbfgs,7894,768.7206828594208,,,,0.00039602416466662303,0.00022833133317654876,0.0,0.00027977631276319796,0.0005081076459397467
2195,0.0,lbfgs,7895,768.9442772865295,,,,0.00039585016290676154,0.00022827339671254734,0.0,0.0002797837824026153,0.0005080571791151627
2196,0.0,lbfgs,7896,769.1588590145111,,,,0.00039562056626791294,0.0002282779244646641,0.0,0.0002796158021877115,0.0005078937266523756
2197,0.0,lbfgs,7897,769.3942184448242,,,,0.000395430554153741,0.0002281576673485922,0.0,0.00027956461463429105,0.0005077222819828833
2198,0.0,lbfgs,7898,769.6302497386932,,,,0.0003952224700306073,0.00022823624466715908,0.0,0.000279109239779716,0.0005073454844468751
2199,0.0,lbfgs,7899,769.823698759079,,,,0.00039510878490039736,0.00022828135146479953,0.0,0.00027878617217820875,0.0005070675236430082
2200,0.0,lbfgs,7900,770.0581729412079,,,,0.0003949776221738811,0.0002282910941397679,0.0,0.00027859110916987715,0.0005068822033096451
2201,0.0,lbfgs,7901,770.3078534603119,,,,0.00039484818725529254,0.0002282027304572618,0.0,0.0002786762872869332,0.000506879017744195
2202,0.0,lbfgs,7902,770.73029255867,,,,0.0003947010788721057,0.00022818815583811346,0.0,0.0002786756560088794,0.0005068638118469928
2203,0.0,lbfgs,7903,770.9772865772247,,,,0.00039456105946414935,0.00022821511829740926,0.0,0.00027864990485942383,0.0005068650231568331
2204,0.0,lbfgs,7904,771.2203164100647,,,,0.000394456259055048,0.00022821636502517526,0.0,0.00027872784990462513,0.0005069442149298004
2205,0.0,lbfgs,7905,771.5108630657196,,,,0.000394378085553548,0.00022821938527780984,0.0,0.000278796259626038,0.0005070156449038479
2206,0.0,lbfgs,7906,771.7232086658478,,,,0.00039426335949046615,0.00022823921029404515,0.0,0.00027878243940052897,0.0005070216496945742
2207,0.0,lbfgs,7907,771.9383249282837,,,,0.0003940813016998896,0.0002282387544372468,0.0,0.0002786788160567667,0.0005069175704940135
2208,0.0,lbfgs,7908,772.3545424938202,,,,0.00039405841885981085,0.0002282429625839752,0.0,0.00027867232281013934,0.0005069152853941145
2209,0.0,lbfgs,7909,772.647901058197,,,,0.0003939257863024402,0.00022822372988192595,0.0,0.00027852620240337734,0.0005067499322853033
2210,0.0,lbfgs,7910,772.8447849750519,,,,0.0003938225313472666,0.000228160009945458,0.0,0.00027842135883312505,0.0005065813687785831
2211,0.0,lbfgs,7911,773.1010608673096,,,,0.00039364202409666014,0.00022803258325524743,0.0,0.00027822203769963476,0.0005062546209548822
2212,0.0,lbfgs,7912,773.3864917755127,,,,0.0003934873310699596,0.000227895217706435,0.0,0.0002781803538651483,0.0005060755715715833
2213,0.0,lbfgs,7913,773.6624715328217,,,,0.00039334354643734664,0.00022780964499640772,0.0,0.0002780851395376577,0.0005058947845340654
2214,0.0,lbfgs,7914,773.9070510864258,,,,0.000393136945098227,0.00022764994828427949,0.0,0.00027830571704657594,0.0005059556653308554
2215,0.0,lbfgs,7915,774.1542615890503,,,,0.00039305566663046655,0.0002275929271341723,0.0,0.00027837472996285586,0.0005059676570970281
2216,0.0,lbfgs,7916,774.4239625930786,,,,0.000392959008309331,0.00022762452008107332,0.0,0.0002783417967724687,0.0005059663168535419
2217,0.0,lbfgs,7917,774.7341289520264,,,,0.000392813077044375,0.00022763785776083002,0.0,0.000278336948091795,0.000505974805852625
2218,0.0,lbfgs,7918,775.0320892333984,,,,0.0003926729709134289,0.0002275658910161548,0.0,0.00027862160359943877,0.0005061874946155936
2219,0.0,lbfgs,7919,775.3031828403473,,,,0.0003924978738649687,0.0002274551268984814,0.0,0.0002785119842476405,0.0005059671111461219
2220,0.0,lbfgs,7920,775.5655448436737,,,,0.0003923782537959021,0.000227330121557543,0.0,0.00027849040420070323,0.0005058205257582462
2221,0.0,lbfgs,7921,775.809802532196,,,,0.00039224318165435775,0.00022721094881069927,0.0,0.00027844834081831735,0.0005056592896290166
2222,0.0,lbfgs,7922,776.1223435401917,,,,0.0003920328446512391,0.00022706721288460208,0.0,0.00027840107425656943,0.0005054682871411715
2223,0.0,lbfgs,7923,776.4130177497864,,,,0.0003916966753981872,0.00022688608083942777,0.0,0.0002783094292961959,0.0005051955101356237
2224,0.0,lbfgs,7924,776.846423625946,,,,0.0003915072081706845,0.00022680897347360593,0.0,0.0002783724698539401,0.0005051814433275461
2225,0.0,lbfgs,7925,777.1241567134857,,,,0.0003912397824146659,0.00022673434713897772,0.0,0.00027832268622640893,0.0005050570333653867
2226,0.0,lbfgs,7926,777.4429950714111,,,,0.0003910972605392776,0.00022671349489022984,0.0,0.00027819007727294693,0.0005049035721631768
2227,0.0,lbfgs,7927,777.7134475708008,,,,0.00039097272462061303,0.00022674945521640417,0.0,0.00027812212659736167,0.0005048715818137658
2228,0.0,lbfgs,7928,778.0003426074982,,,,0.0003909544332301701,0.00022675696505975313,0.0,0.0002778068159701617,0.0005045637810299148
2229,0.0,lbfgs,7929,778.247802734375,,,,0.00039081772873306186,0.0002267123693127437,0.0,0.0002779390877490411,0.0005046514570617847
2230,0.0,lbfgs,7930,778.5145959854126,,,,0.00039075471288977336,0.00022665922892986013,0.0,0.0002780053327772757,0.0005046645617071358
2231,0.0,lbfgs,7931,778.8932526111603,,,,0.0003906942976028415,0.00022659473722787328,0.0,0.0002780231506497482,0.0005046178878776214
2232,0.0,lbfgs,7932,779.172180891037,,,,0.00039060331561511336,0.00022654381510169532,0.0,0.0002779547576972801,0.0005044985727989754
2233,0.0,lbfgs,7933,779.3905310630798,,,,0.0003905406046781414,0.0002263249774051094,0.0,0.0002777715667002238,0.0005040965441053332
2234,0.0,lbfgs,7934,779.5947725772858,,,,0.00039022153044186703,0.0002262790482069125,0.0,0.00027770956123645174,0.0005039886094433642
2235,0.0,lbfgs,7935,779.8647661209106,,,,0.0003900912726470945,0.00022628600527881845,0.0,0.00027757057926580165,0.0005038565845446201
2236,0.0,lbfgs,7936,780.128751039505,,,,0.00038990172705197896,0.00022621789029143464,0.0,0.0002773916156156574,0.0005036095059070921
2237,0.0,lbfgs,7937,780.3231792449951,,,,0.0003897248819692982,0.00022613466120523164,0.0,0.00027714257807508755,0.0005032772392803192
2238,0.0,lbfgs,7938,780.6155588626862,,,,0.00038962881066757586,0.0002259152402452397,0.0,0.0002772915086475343,0.0005032067488927739
2239,0.0,lbfgs,7939,780.937442779541,,,,0.0003894771858544483,0.0002259356288205386,0.0,0.00027712747182947795,0.0005030631006500165
2240,0.0,lbfgs,7940,781.1284193992615,,,,0.0003894198021071992,0.00022594545716384467,0.0,0.0002771259828153251,0.0005030714399791698
2241,0.0,lbfgs,7941,781.4592227935791,,,,0.00038933126673144176,0.00022594431673178975,0.0,0.00027716211579775383,0.0005031064325295436
2242,0.0,lbfgs,7942,781.6360895633698,,,,0.00038917768831698814,0.00022593853771393291,0.0,0.0002771447349072022,0.0005030832726211352
2243,0.0,lbfgs,7943,782.1060705184937,,,,0.00038913123049058,0.00022592392638357141,0.0,0.0002772329275247274,0.0005031568539082988
2244,0.0,lbfgs,7944,782.4379341602325,,,,0.0003889776251984283,0.0002259101407591681,0.0,0.0002771290219179152,0.0005030391626770833
2245,0.0,lbfgs,7945,782.6301097869873,,,,0.0003888706177573254,0.00022590898048882764,0.0,0.0002769472095849548,0.0005028561900737824
2246,0.0,lbfgs,7946,782.875972032547,,,,0.0003887607304580208,0.00022591572740077713,0.0,0.0002767006277956285,0.0005026163551964056
2247,0.0,lbfgs,7947,783.0801875591278,,,,0.00038864267448239097,0.00022593075819359095,0.0,0.000276470025318794,0.0005024007835123849
2248,0.0,lbfgs,7948,783.3105025291443,,,,0.0003884300665181288,0.0002259697770785531,0.0,0.00027622084900250207,0.0005021906260810552
2249,0.0,lbfgs,7949,783.786762714386,,,,0.0003883071267837708,0.00022590370892064282,0.0,0.0002762369165773508,0.0005021406254979937
2250,0.0,lbfgs,7950,784.011391878128,,,,0.00038803347328774263,0.00022600645209290522,0.0,0.00027612236844720955,0.0005021288205401147
2251,0.0,lbfgs,7951,784.2406966686249,,,,0.0003878417491503593,0.00022599681175963703,0.0,0.0002762547560728491,0.0005022515678324861
2252,0.0,lbfgs,7952,784.5820355415344,,,,0.00038765979202570424,0.0002259772706479001,0.0,0.00027655741857101663,0.0005025346892189168
2253,0.0,lbfgs,7953,784.8681507110596,,,,0.0003875684985899893,0.00022588420754352372,0.0,0.00027663546901079934,0.0005025196765543231
2254,0.0,lbfgs,7954,785.0779740810394,,,,0.00038749580651116435,0.00022583264971610034,0.0,0.00027659211141514646,0.0005024247611312468
2255,0.0,lbfgs,7955,785.4522571563721,,,,0.0003874157783066873,0.0002257774255340156,0.0,0.0002765664307717706,0.0005023438563057862
2256,0.0,lbfgs,7956,785.7226271629333,,,,0.0003873172337750029,0.00022570730298566218,0.0,0.00027658308492378974,0.0005022903879094519
2257,0.0,lbfgs,7957,786.0118415355682,,,,0.00038717515840633966,0.0002256117819190452,0.0,0.0002766942257287583,0.0005023060076478035
2258,0.0,lbfgs,7958,786.2340605258942,,,,0.00038712309247007,0.00022548834658358454,0.0,0.00027687671548284843,0.000502365062066433
2259,0.0,lbfgs,7959,786.4901115894318,,,,0.0003869651419225364,0.00022552624881297438,0.0,0.0002767283815974135,0.0005022546304103879
2260,0.0,lbfgs,7960,786.8224289417267,,,,0.00038689051007453125,0.00022555466487573367,0.0,0.0002766152360958948,0.0005021699009716285
2261,0.0,lbfgs,7961,787.1597652435303,,,,0.00038681778537774734,0.00022555129276555458,0.0,0.00027656622124704673,0.0005021175140126013
2262,0.0,lbfgs,7962,787.4684941768646,,,,0.00038674405889358663,0.00022553283107826596,0.0,0.0002765149869801584,0.0005020478180584244
2263,0.0,lbfgs,7963,787.7230288982391,,,,0.0003866264154370522,0.00022550219528737528,0.0,0.00027636555481172167,0.000501867750099097
2264,0.0,lbfgs,7964,787.9521243572235,,,,0.00038638425454770955,0.00022544056170798222,0.0,0.0002760380263037207,0.0005014785880117029
2265,0.0,lbfgs,7965,788.2083411216736,,,,0.0003862524817747783,0.00022535417489616635,0.0,0.0002759492707935614,0.0005013034456897278
2266,0.0,lbfgs,7966,788.4590132236481,,,,0.00038614221843464615,0.00022533547025071514,0.0,0.00027582070092609,0.0005011561711768051
2267,0.0,lbfgs,7967,788.6887285709381,,,,0.00038602150190604056,0.0002252576596191008,0.0,0.00027564611077670356,0.0005009037703958044
2268,0.0,lbfgs,7968,788.9376103878021,,,,0.00038587965909713597,0.00022527040813156605,0.0,0.00027549687574965885,0.0005007672838812249
2269,0.0,lbfgs,7969,789.1967494487762,,,,0.000385746144404209,0.00022524786033639756,0.0,0.00027542307240081284,0.0005006709327372104
2270,0.0,lbfgs,7970,789.3889725208282,,,,0.000385652581680209,0.00022520404108963002,0.0,0.0002753545987836757,0.0005005586398733057
2271,0.0,lbfgs,7971,789.7669665813446,,,,0.0003854297374245282,0.00022508298778282042,0.0,0.0002751060436635688,0.0005001890314463892
2272,0.0,lbfgs,7972,790.0781800746918,,,,0.00038535376488952006,0.00022475513208254365,0.0,0.00027432612939319096,0.0004990812614757346
2273,0.0,lbfgs,7973,790.3064434528351,,,,0.0003849909191213211,0.00022462900039797162,0.0,0.0002744777970917615,0.0004991067974897331
2274,0.0,lbfgs,7974,790.5025601387024,,,,0.00038488260983796205,0.00022466396286376664,0.0,0.0002743890839257386,0.0004990530467895052
2275,0.0,lbfgs,7975,790.7627608776093,,,,0.00038470090481690833,0.00022458941357363947,0.0,0.0002742109347757406,0.00049880034834938
2276,0.0,lbfgs,7976,791.1075389385223,,,,0.00038452576812403447,0.00022445758319674666,0.0,0.00027402505344012153,0.0004984826366368682
2277,0.0,lbfgs,7977,791.3423821926117,,,,0.0003843850476850868,0.0002243333084935874,0.0,0.0002738593268499926,0.00049819263534358
2278,0.0,lbfgs,7978,791.5563957691193,,,,0.0003842218356208824,0.00022423623346950103,0.0,0.0002736539660219324,0.0004978901994914334
2279,0.0,lbfgs,7979,792.033579826355,,,,0.00038413454046487387,0.00022415691657600104,0.0,0.0002735228560092931,0.0004976797725852941
2280,0.0,lbfgs,7980,792.3381340503693,,,,0.0003839975634972867,0.0002241185986099251,0.0,0.0002734450364824749,0.0004975636350924
2281,0.0,lbfgs,7981,792.6224739551544,,,,0.0003839382906736313,0.0002241619594874818,0.0,0.0002731838724570105,0.0004973458319444923
2282,0.0,lbfgs,7982,792.8795897960663,,,,0.00038383167695766235,0.0002241314522302293,0.0,0.0002732708692882167,0.0004974023215184461
2283,0.0,lbfgs,7983,793.1694660186768,,,,0.0003837395571813045,0.00022410438132957288,0.0,0.0002733068967657515,0.0004974112780953244
2284,0.0,lbfgs,7984,793.4621591567993,,,,0.00038359349946288153,0.00022403023714193652,0.0,0.0002732982718598973,0.0004973285090018337
2285,0.0,lbfgs,7985,793.7333302497864,,,,0.0003834073118134915,0.00022391043766626932,0.0,0.0002732515214333943,0.0004971619590996636
2286,0.0,lbfgs,7986,794.2458653450012,,,,0.0003832964610030727,0.00022380092293540824,0.0,0.00027312936356229056,0.0004969302864976989
2287,0.0,lbfgs,7987,794.4243340492249,,,,0.0003830568203114752,0.00022370057186845509,0.0,0.00027306771869452755,0.0004967682905629826
2288,0.0,lbfgs,7988,794.6804647445679,,,,0.00038287819781399014,0.00022367921719888777,0.0,0.00027296878761325804,0.0004966480048121458
2289,0.0,lbfgs,7989,794.8769783973694,,,,0.0003826312749667414,0.00022366770324774418,0.0,0.00027285477444137664,0.0004965224776891208
2290,0.0,lbfgs,7990,795.0958187580109,,,,0.00038246340014132067,0.00022364931511579216,0.0,0.00027275507448479253,0.0004964043896005846
2291,0.0,lbfgs,7991,795.6482148170471,,,,0.00038236568400119863,0.00022360135889834876,0.0,0.0002727916936515445,0.0004963930525498933
2292,0.0,lbfgs,7992,795.9606165885925,,,,0.0003821499393175966,0.00022358750921811846,0.0,0.0002726041526704082,0.0004961916618885266
2293,0.0,lbfgs,7993,796.1866335868835,,,,0.00038201740075050045,0.00022357723209170236,0.0,0.0002724313034461335,0.0004960085355378359
2294,0.0,lbfgs,7994,796.4709737300873,,,,0.0003817976044676936,0.0002235433476904741,0.0,0.0002721295533861685,0.0004956729010766426
2295,0.0,lbfgs,7995,796.6457533836365,,,,0.0003816215971547746,0.00022348732288485538,0.0,0.00027181507316038884,0.0004953023960452442
2296,0.0,lbfgs,7996,796.878002166748,,,,0.00038141062044439887,0.00022343847016566038,0.0,0.00027158987777769274,0.0004950283479433532
2297,0.0,lbfgs,7997,797.2043344974518,,,,0.00038129123534427994,0.0002234254000171819,0.0,0.00027149376202974387,0.0004949191620469257
2298,0.0,lbfgs,7998,797.4006547927856,,,,0.00038111856300597675,0.00022337168161262006,0.0,0.0002714354872532873,0.0004948071688659074
2299,0.0,lbfgs,7999,797.6633334159851,,,,0.00038092202253295067,0.00022328131848222785,0.0,0.0002713948442428353,0.0004946761627250631
2300,0.0,lbfgs,8000,797.9563405513763,,,,0.00038056347440654117,0.0002230636127352205,0.0,0.0002712756556774446,0.000494339268412665
