epoch,lr,stage,step,time,train_data,train_ic,train_phys,train_total,val_data,val_ic,val_phys,val_total
0,0.001,adam,1,14.489489316940308,0.05230652426437245,0.0,1.177448641176547,0.05230652426437245,,,,
1,0.001,adam,2,14.514742136001587,0.02914777451028214,0.0,1.1351267628642696,0.02914777451028214,,,,
2,0.001,adam,3,14.536992311477661,0.020088857094924327,0.0,1.2269959475310652,0.020088857094924327,,,,
3,0.001,adam,4,14.559985160827637,0.018241311751466285,0.0,1.330696394963854,0.018241311751466285,,,,
4,0.001,adam,5,14.582203149795532,0.01732937604605338,0.0,1.7302221183106212,0.01732937604605338,,,,
5,0.001,adam,6,14.604182004928589,0.015261934008715021,0.0,1.8158897100669456,0.015261934008715021,,,,
6,0.001,adam,7,14.62709927558899,0.01284676401858033,0.0,2.2905602616549823,0.01284676401858033,,,,
7,0.001,adam,8,14.650329113006592,0.011098500902247729,0.0,2.8419605667753602,0.011098500902247729,,,,
8,0.001,adam,9,14.67816972732544,0.01040817831663229,0.0,3.067254354858991,0.01040817831663229,,,,
9,0.001,adam,10,14.698487997055054,0.010499450165366402,0.0,3.435549406982047,0.010499450165366402,,,,
10,0.001,adam,11,14.719687938690186,0.010692056144591625,0.0,3.3112940469187335,0.010692056144591625,,,,
11,0.001,adam,12,14.740682125091553,0.010462892514927094,0.0,3.4564013817186607,0.010462892514927094,,,,
12,0.001,adam,13,14.765228986740112,0.009790493867413519,0.0,2.845846032828156,0.009790493867413519,,,,
13,0.001,adam,14,14.78565764427185,0.008999995351461154,0.0,2.9971734460511863,0.008999995351461154,,,,
14,0.001,adam,15,14.807453632354736,0.008409105718955786,0.0,2.793550839975939,0.008409105718955786,,,,
15,0.001,adam,16,14.829086303710938,0.00810854330973352,0.0,2.6403700990965406,0.00810854330973352,,,,
16,0.001,adam,17,14.852195978164673,0.007995966837674388,0.0,2.598702669092442,0.007995966837674388,,,,
17,0.001,adam,18,14.874804735183716,0.007920061905264128,0.0,2.1967331613315557,0.007920061905264128,,,,
18,0.001,adam,19,14.897186994552612,0.007772363110939732,0.0,2.0890056627369282,0.007772363110939732,,,,
19,0.001,adam,20,14.91836667060852,0.0075294536579839505,0.0,2.1085688878661886,0.0075294536579839505,0.00891519529090228,0.0,1.8953318514345905,0.00891519529090228
20,0.001,adam,21,15.56731653213501,0.00725527911840728,0.0,2.0581582409140133,0.00725527911840728,,,,
21,0.001,adam,22,15.588725090026855,0.007043733348608554,0.0,1.916917874567723,0.007043733348608554,,,,
22,0.001,adam,23,15.61098861694336,0.006939515291050599,0.0,1.7787937595172156,0.006939515291050599,,,,
23,0.001,adam,24,15.63219690322876,0.006905641847999406,0.0,1.8871355465308013,0.006905641847999406,,,,
24,0.001,adam,25,15.652868270874023,0.0068656502980305265,0.0,1.8350059053239445,0.0068656502980305265,,,,
25,0.001,adam,26,15.674836158752441,0.006774136992997146,0.0,1.7179226301223476,0.006774136992997146,,,,
26,0.001,adam,27,15.695759057998657,0.006641765407866332,0.0,1.7488737497391855,0.006641765407866332,,,,
27,0.001,adam,28,15.716617822647095,0.00650323130670959,0.0,1.9113462714508185,0.00650323130670959,,,,
28,0.001,adam,29,15.737969875335693,0.0063784233348578275,0.0,1.8892709944299313,0.0063784233348578275,,,,
29,0.001,adam,30,15.760138750076294,0.006266250154398621,0.0,2.0060709759519355,0.006266250154398621,,,,
30,0.001,adam,31,15.7832190990448,0.006161735043161028,0.0,1.9185504695256348,0.006161735043161028,,,,
31,0.001,adam,32,15.803841590881348,0.006065635657974507,0.0,2.0117367686144094,0.006065635657974507,,,,
32,0.001,adam,33,15.825793027877808,0.005978280072039619,0.0,2.0156861131317876,0.005978280072039619,,,,
33,0.001,adam,34,15.846706867218018,0.005893371195109108,0.0,1.8303577820753958,0.005893371195109108,,,,
34,0.001,adam,35,15.868099689483643,0.00580285088401012,0.0,1.9335824261877963,0.00580285088401012,,,,
35,0.001,adam,36,15.89061188697815,0.005705591633586378,0.0,1.942518042452895,0.005705591633586378,,,,
36,0.001,adam,37,15.911842584609985,0.005608395668358877,0.0,1.876006359477385,0.005608395668358877,,,,
37,0.001,adam,38,15.93304181098938,0.005519548813803091,0.0,1.8852315172212193,0.005519548813803091,,,,
38,0.001,adam,39,15.954468727111816,0.005442746486095717,0.0,1.689919778263399,0.005442746486095717,,,,
39,0.001,adam,40,15.975522518157959,0.005374680031656923,0.0,1.6023281305738617,0.005374680031656923,0.008022394635265795,0.0,1.6709803629984838,0.008022394635265795
40,0.001,adam,41,16.008913040161133,0.0053062754294713535,0.0,1.7412262915518162,0.0053062754294713535,,,,
41,0.001,adam,42,16.03045916557312,0.005229256279847876,0.0,1.52850365693718,0.005229256279847876,,,,
42,0.001,adam,43,16.052587032318115,0.005144681995878204,0.0,1.7634244014081415,0.005144681995878204,,,,
43,0.001,adam,44,16.072895526885986,0.0050630619330268726,0.0,1.590020219063201,0.0050630619330268726,,,,
44,0.001,adam,45,16.093656063079834,0.00499327339666261,0.0,1.5454873427354898,0.00499327339666261,,,,
45,0.001,adam,46,16.11458468437195,0.004933104125978725,0.0,1.5314433424562512,0.004933104125978725,,,,
46,0.001,adam,47,16.13552212715149,0.004873413480923122,0.0,1.6047454036611044,0.004873413480923122,,,,
47,0.001,adam,48,16.155069589614868,0.004808653180292849,0.0,1.763048603432054,0.004808653180292849,,,,
48,0.001,adam,49,16.17772603034973,0.004738564102756427,0.0,1.6110595228935558,0.004738564102756427,,,,
49,0.001,adam,50,16.199363708496094,0.004663075828071741,0.0,1.6492152070811161,0.004663075828071741,,,,
50,0.001,adam,51,16.219879865646362,0.0045834105095609815,0.0,1.5908745224313106,0.0045834105095609815,,,,
51,0.001,adam,52,16.24121618270874,0.004506280755331446,0.0,1.49069554125908,0.004506280755331446,,,,
52,0.001,adam,53,16.26323437690735,0.004437686799318768,0.0,1.4460190022748702,0.004437686799318768,,,,
53,0.001,adam,54,16.28520965576172,0.004372992690899057,0.0,1.3894570248325295,0.004372992690899057,,,,
54,0.001,adam,55,16.305424451828003,0.0043020371403776885,0.0,1.5581987763528433,0.0043020371403776885,,,,
55,0.001,adam,56,16.335716485977173,0.004223344090379597,0.0,1.445892354493584,0.004223344090379597,,,,
56,0.001,adam,57,16.3686580657959,0.004144744039496707,0.0,1.4320133107636777,0.004144744039496707,,,,
57,0.001,adam,58,16.401750564575195,0.004071664988205959,0.0,1.4697887238482887,0.004071664988205959,,,,
58,0.001,adam,59,16.432334423065186,0.0040027964423943576,0.0,1.452274305868405,0.0040027964423943576,,,,
59,0.001,adam,60,16.462724924087524,0.003934737981573832,0.0,1.494389546052325,0.003934737981573832,0.007326480497442057,0.0,1.395897063156434,0.007326480497442057
60,0.001,adam,61,16.508161067962646,0.0038645137805822633,0.0,1.2931390709102994,0.0038645137805822633,,,,
61,0.001,adam,62,16.53961181640625,0.003790573094780864,0.0,1.5784566269083857,0.003790573094780864,,,,
62,0.001,adam,63,16.570751667022705,0.003714220208124501,0.0,1.3864988059359415,0.003714220208124501,,,,
63,0.001,adam,64,16.603145122528076,0.003637169281410096,0.0,1.3415063948143442,0.003637169281410096,,,,
64,0.001,adam,65,16.63455867767334,0.003559485832827472,0.0,1.4343242561564211,0.003559485832827472,,,,
65,0.001,adam,66,16.665562391281128,0.0034818812916143516,0.0,1.3210890337944972,0.0034818812916143516,,,,
66,0.001,adam,67,16.697022199630737,0.003405030516832635,0.0,1.3885027603416467,0.003405030516832635,,,,
67,0.001,adam,68,16.729151487350464,0.0033274857603300114,0.0,1.2962281286428121,0.0033274857603300114,,,,
68,0.001,adam,69,16.759193658828735,0.0032491872361453743,0.0,1.3455616076189436,0.0032491872361453743,,,,
69,0.001,adam,70,16.792184352874756,0.003172124548511657,0.0,1.3027567958962147,0.003172124548511657,,,,
70,0.001,adam,71,16.822362899780273,0.0030963689731751416,0.0,1.3937666334170231,0.0030963689731751416,,,,
71,0.001,adam,72,16.85338854789734,0.003021366501799754,0.0,1.384997245657559,0.003021366501799754,,,,
72,0.001,adam,73,16.87550401687622,0.0029471407591228826,0.0,1.2242566631268317,0.0029471407591228826,,,,
73,0.001,adam,74,16.898814916610718,0.002873434771797292,0.0,1.3174053062174411,0.002873434771797292,,,,
74,0.001,adam,75,16.919798135757446,0.0028019592982051066,0.0,1.400568921942135,0.0028019592982051066,,,,
75,0.001,adam,76,16.941689491271973,0.0027340502453399454,0.0,1.4313880687641607,0.0027340502453399454,,,,
76,0.001,adam,77,16.96247124671936,0.002668463532393604,0.0,1.3371689665648476,0.002668463532393604,,,,
77,0.001,adam,78,16.9843533039093,0.002604900278920524,0.0,1.3773272591638048,0.002604900278920524,,,,
78,0.001,adam,79,17.005964040756226,0.002543773041095087,0.0,1.4149647338347742,0.002543773041095087,,,,
79,0.001,adam,80,17.026655673980713,0.002485511429453966,0.0,1.3117079979994202,0.002485511429453966,0.006854069557655629,0.0,1.2915151369882387,0.006854069557655629
80,0.001,adam,81,17.06084418296814,0.0024306881776142513,0.0,1.447543411298911,0.0024306881776142513,,,,
81,0.001,adam,82,17.081175804138184,0.0023797384036432904,0.0,1.321160350070499,0.0023797384036432904,,,,
82,0.001,adam,83,17.102590084075928,0.002332621635556587,0.0,1.4436298592168675,0.002332621635556587,,,,
83,0.001,adam,84,17.12475299835205,0.002288210724179919,0.0,1.4097938331488453,0.002288210724179919,,,,
84,0.001,adam,85,17.14450430870056,0.0022468617078577812,0.0,1.3009261732248112,0.0022468617078577812,,,,
85,0.001,adam,86,17.16494917869568,0.0022084215184057674,0.0,1.3154851061266701,0.0022084215184057674,,,,
86,0.001,adam,87,17.185569524765015,0.0021723851655379087,0.0,1.265846384074456,0.0021723851655379087,,,,
87,0.001,adam,88,17.20538067817688,0.0021389893929358835,0.0,1.4756457182654912,0.0021389893929358835,,,,
88,0.001,adam,89,17.22524881362915,0.002107793404373299,0.0,1.2944032773388543,0.002107793404373299,,,,
89,0.001,adam,90,17.246017694473267,0.0020783021003357464,0.0,1.2504316782618647,0.0020783021003357464,,,,
90,0.001,adam,91,17.26634907722473,0.002050209152909685,0.0,1.2050961783951872,0.002050209152909685,,,,
91,0.001,adam,92,17.28700852394104,0.0020232076783670526,0.0,1.2980951819807296,0.0020232076783670526,,,,
92,0.001,adam,93,17.307406425476074,0.001996872750513976,0.0,1.2965555821159804,0.001996872750513976,,,,
93,0.001,adam,94,17.32857584953308,0.001971640046808339,0.0,1.287350621630143,0.001971640046808339,,,,
94,0.001,adam,95,17.34931206703186,0.0019471744294152545,0.0,1.3074650976325792,0.0019471744294152545,,,,
95,0.001,adam,96,17.369566202163696,0.0019233995920384947,0.0,1.4051244592053513,0.0019233995920384947,,,,
96,0.001,adam,97,17.390837907791138,0.0019000957656665487,0.0,1.304121767350261,0.0019000957656665487,,,,
97,0.001,adam,98,17.413686275482178,0.0018771099719602368,0.0,1.344039086770565,0.0018771099719602368,,,,
98,0.001,adam,99,17.433794736862183,0.0018546622825797476,0.0,1.2272360423484794,0.0018546622825797476,,,,
99,0.001,adam,100,17.454524517059326,0.0018329057383090301,0.0,1.3431856543297147,0.0018329057383090301,0.00670861707830955,0.0,1.289417441704595,0.00670861707830955
100,0.001,adam,101,17.487295627593994,0.0018117923772702248,0.0,1.2527328133838926,0.0018117923772702248,,,,
101,0.001,adam,102,17.50777268409729,0.001791315379921353,0.0,1.3074073614883868,0.001791315379921353,,,,
102,0.001,adam,103,17.528318881988525,0.0017714666187799556,0.0,1.291681796000589,0.0017714666187799556,,,,
103,0.001,adam,104,17.548123836517334,0.001752244083426843,0.0,1.3537817147343483,0.001752244083426843,,,,
104,0.001,adam,105,17.570502042770386,0.0017336747258694383,0.0,1.3868460747874096,0.0017336747258694383,,,,
105,0.001,adam,106,17.59303903579712,0.0017156567599369275,0.0,1.3036534931742747,0.0017156567599369275,,,,
106,0.001,adam,107,17.613796949386597,0.0016982152607638318,0.0,1.307114168331536,0.0016982152607638318,,,,
107,0.001,adam,108,17.634401321411133,0.0016813690298763517,0.0,1.2510201601362219,0.0016813690298763517,,,,
108,0.001,adam,109,17.655901193618774,0.0016649951948506621,0.0,1.301881730233232,0.0016649951948506621,,,,
109,0.001,adam,110,17.67606258392334,0.0016490302218618808,0.0,1.2505574354184699,0.0016490302218618808,,,,
110,0.001,adam,111,17.6970694065094,0.0016334549787931979,0.0,1.273784266415433,0.0016334549787931979,,,,
111,0.001,adam,112,17.717342853546143,0.001618246266942227,0.0,1.2785432494509168,0.001618246266942227,,,,
112,0.001,adam,113,17.73763608932495,0.0016034060603750619,0.0,1.2835393249835203,0.0016034060603750619,,,,
113,0.001,adam,114,17.757148265838623,0.001588818514563469,0.0,1.227066694290176,0.001588818514563469,,,,
114,0.001,adam,115,17.777222871780396,0.0015744734573977538,0.0,1.313565869347491,0.0015744734573977538,,,,
115,0.001,adam,116,17.797178268432617,0.0015603684704810813,0.0,1.390472669373257,0.0015603684704810813,,,,
116,0.001,adam,117,17.81864881515503,0.0015465035320186029,0.0,1.2946936454737699,0.0015465035320186029,,,,
117,0.001,adam,118,17.839738368988037,0.0015328996105202694,0.0,1.366752605798889,0.0015328996105202694,,,,
118,0.001,adam,119,17.860169887542725,0.0015195552992609902,0.0,1.3244281650808074,0.0015195552992609902,,,,
119,0.001,adam,120,17.8810875415802,0.0015064763860844583,0.0,1.352571846514146,0.0015064763860844583,0.0064826953498392645,0.0,1.2663151098140382,0.0064826953498392645
120,0.001,adam,121,17.912703037261963,0.0014936093263586002,0.0,1.3401380378897938,0.0014936093263586002,,,,
121,0.001,adam,122,17.932772397994995,0.0014809854496643457,0.0,1.279031982544878,0.0014809854496643457,,,,
122,0.001,adam,123,17.953485012054443,0.0014686161822045007,0.0,1.3842731424459203,0.0014686161822045007,,,,
123,0.001,adam,124,17.973634719848633,0.0014565086437658605,0.0,1.1913516109781224,0.0014565086437658605,,,,
124,0.001,adam,125,17.994513273239136,0.0014446304365428875,0.0,1.3124568734009077,0.0014446304365428875,,,,
125,0.001,adam,126,18.016451120376587,0.0014329701470381657,0.0,1.3729716450584122,0.0014329701470381657,,,,
126,0.001,adam,127,18.03770923614502,0.0014215215949829256,0.0,1.3801537808492585,0.0014215215949829256,,,,
127,0.001,adam,128,18.059489011764526,0.0014102732590155838,0.0,1.3008114144948066,0.0014102732590155838,,,,
128,0.001,adam,129,18.080681562423706,0.0013992194536689945,0.0,1.274483616327936,0.0013992194536689945,,,,
129,0.001,adam,130,18.10287857055664,0.001388350585268967,0.0,1.268049595892842,0.001388350585268967,,,,
130,0.001,adam,131,18.125003576278687,0.0013776492928881604,0.0,1.2045613536416808,0.0013776492928881604,,,,
131,0.001,adam,132,18.147013187408447,0.0013671023542308693,0.0,1.3007568856865717,0.0013671023542308693,,,,
132,0.001,adam,133,18.168721914291382,0.0013567011910893755,0.0,1.3121084672626533,0.0013567011910893755,,,,
133,0.001,adam,134,18.191155910491943,0.0013464517859339518,0.0,1.2352765097036635,0.0013464517859339518,,,,
134,0.001,adam,135,18.21109175682068,0.0013363441526353945,0.0,1.2738182300963836,0.0013363441526353945,,,,
135,0.001,adam,136,18.23282265663147,0.0013263752919324267,0.0,1.2233429182476077,0.0013263752919324267,,,,
136,0.001,adam,137,18.253121614456177,0.0013165372996193337,0.0,1.2579875322403946,0.0013165372996193337,,,,
137,0.001,adam,138,18.273865938186646,0.0013068342731799405,0.0,1.2322240474634565,0.0013068342731799405,,,,
138,0.001,adam,139,18.294307708740234,0.001297260046376524,0.0,1.3404747032967879,0.001297260046376524,,,,
139,0.001,adam,140,18.31572389602661,0.0012878170934048443,0.0,1.2243719950703873,0.0012878170934048443,0.006257561820980183,0.0,1.23555722675922,0.006257561820980183
140,0.001,adam,141,18.347703456878662,0.001278499817068413,0.0,1.3874634507519654,0.001278499817068413,,,,
141,0.001,adam,142,18.368762254714966,0.0012693060181214193,0.0,1.2915717959876556,0.0012693060181214193,,,,
142,0.001,adam,143,18.389061212539673,0.0012602309280214535,0.0,1.2517040225331795,0.0012602309280214535,,,,
143,0.001,adam,144,18.410178899765015,0.00125127469741535,0.0,1.3343662599356818,0.00125127469741535,,,,
144,0.001,adam,145,18.430829763412476,0.0012424327386400282,0.0,1.2699705139023547,0.0012424327386400282,,,,
145,0.001,adam,146,18.45117211341858,0.0012336996632819192,0.0,1.3384978718390426,0.0012336996632819192,,,,
146,0.001,adam,147,18.47381830215454,0.0012250707324754256,0.0,1.2813125825424418,0.0012250707324754256,,,,
147,0.001,adam,148,18.494930028915405,0.0012165433593629876,0.0,1.1929404607056027,0.0012165433593629876,,,,
148,0.001,adam,149,18.51752758026123,0.0012081142141263921,0.0,1.171962488905025,0.0012081142141263921,,,,
149,0.001,adam,150,18.537506580352783,0.001199780235986037,0.0,1.2631133408240947,0.001199780235986037,,,,
150,0.001,adam,151,18.55828833580017,0.0011915392286652809,0.0,1.2932879141915672,0.0011915392286652809,,,,
151,0.001,adam,152,18.57965922355652,0.001183388875857801,0.0,1.2373267454331613,0.001183388875857801,,,,
152,0.001,adam,153,18.600083351135254,0.0011753264457829708,0.0,1.242692755790787,0.0011753264457829708,,,,
153,0.001,adam,154,18.620584726333618,0.001167351075192763,0.0,1.2599379338290377,0.001167351075192763,,,,
154,0.001,adam,155,18.640957593917847,0.0011594606777017501,0.0,1.2099791685586028,0.0011594606777017501,,,,
155,0.001,adam,156,18.66254997253418,0.0011516539225166478,0.0,1.3145969978390462,0.0011516539225166478,,,,
156,0.001,adam,157,18.68368911743164,0.0011439276520604068,0.0,1.2072480063167288,0.0011439276520604068,,,,
157,0.001,adam,158,18.708024740219116,0.0011362805643307541,0.0,1.1737767268999655,0.0011362805643307541,,,,
158,0.001,adam,159,18.72854208946228,0.0011287105908540148,0.0,1.2515115609855645,0.0011287105908540148,,,,
159,0.001,adam,160,18.753281593322754,0.0011212177128995266,0.0,1.2846963941082228,0.0011212177128995266,0.006096805385910115,0.0,1.2105292375640084,0.006096805385910115
160,0.001,adam,161,18.785308599472046,0.001113810743562859,0.0,1.2312587832040136,0.001113810743562859,,,,
161,0.001,adam,162,18.806150674819946,0.0011065397110622832,0.0,1.2372349373325604,0.0011065397110622832,,,,
162,0.001,adam,163,18.826971292495728,0.0010996661128347357,0.0,1.1957899779681553,0.0010996661128347357,,,,
163,0.001,adam,164,18.847156524658203,0.0010945407019182672,0.0,1.2235433708401764,0.0010945407019182672,,,,
164,0.001,adam,165,18.869199991226196,0.0010983231167899122,0.0,1.1855930990732748,0.0010983231167899122,,,,
165,0.001,adam,166,18.891140937805176,0.0011480389301845254,0.0,1.231281979464286,0.0011480389301845254,,,,
166,0.001,adam,167,18.9140522480011,0.001395025987050041,0.0,1.2811905962051047,0.001395025987050041,,,,
167,0.001,adam,168,18.93352699279785,0.0019925864685550994,0.0,1.2186881364721813,0.0019925864685550994,,,,
168,0.001,adam,169,18.954076528549194,0.0019437328660488163,0.0,1.1528805025805853,0.0019437328660488163,,,,
169,0.001,adam,170,18.97578740119934,0.001073890739962551,0.0,1.1944542294890226,0.001073890739962551,,,,
170,0.001,adam,171,18.99624490737915,0.0015708841406440626,0.0,1.2871790624929287,0.0015708841406440626,,,,
171,0.001,adam,172,19.016454458236694,0.0014214295529536474,0.0,1.2996458987702588,0.0014214295529536474,,,,
172,0.001,adam,173,19.03761339187622,0.001129151461791946,0.0,1.2011495242310661,0.001129151461791946,,,,
173,0.001,adam,174,19.06065058708191,0.0014919139051704441,0.0,1.2999803629565965,0.0014919139051704441,,,,
174,0.001,adam,175,19.081331968307495,0.0010389468754974003,0.0,1.169696938991774,0.0010389468754974003,,,,
175,0.001,adam,176,19.101606607437134,0.0013853835052135455,0.0,1.26393966360714,0.0013853835052135455,,,,
176,0.001,adam,177,19.122962713241577,0.0010531974491250905,0.0,1.1734883507514555,0.0010531974491250905,,,,
177,0.001,adam,178,19.144611597061157,0.0012761376014760928,0.0,1.211000994153253,0.0012761376014760928,,,,
178,0.001,adam,179,19.164506196975708,0.0010679873572131246,0.0,1.2018026896694987,0.0010679873572131246,,,,
179,0.001,adam,180,19.188373804092407,0.0011946314032466891,0.0,1.2323168368549378,0.0011946314032466891,0.005928072057457051,0.0,1.1877038475793542,0.005928072057457051
180,0.001,adam,181,19.22168731689453,0.001064731896111922,0.0,1.157737677320947,0.001064731896111922,,,,
181,0.001,adam,182,19.242443084716797,0.0011387457518579399,0.0,1.2197318904055667,0.0011387457518579399,,,,
182,0.001,adam,183,19.26371455192566,0.0010535604592381974,0.0,1.1156045358705877,0.0010535604592381974,,,,
183,0.001,adam,184,19.284143924713135,0.0010981260871557135,0.0,1.3230173023382015,0.0010981260871557135,,,,
184,0.001,adam,185,19.30494475364685,0.0010368193787877087,0.0,1.251395975336084,0.0010368193787877087,,,,
185,0.001,adam,186,19.326531410217285,0.001065930211790335,0.0,1.221856518599036,0.001065930211790335,,,,
186,0.001,adam,187,19.346795320510864,0.0010206233022179334,0.0,1.2566373703167422,0.0010206233022179334,,,,
187,0.001,adam,188,19.37007713317871,0.0010391434912722874,0.0,1.0938114776988939,0.0010391434912722874,,,,
188,0.001,adam,189,19.391576528549194,0.0010047553927252065,0.0,1.1685756167276722,0.0010047553927252065,,,,
189,0.001,adam,190,19.413185834884644,0.0010153599165920598,0.0,1.240790296632367,0.0010153599165920598,,,,
190,0.001,adam,191,19.434548139572144,0.0009909257807569785,0.0,1.1990483811305388,0.0009909257807569785,,,,
191,0.001,adam,192,19.45672106742859,0.0009939398759218358,0.0,1.2259219465505786,0.0009939398759218358,,,,
192,0.001,adam,193,19.4800021648407,0.000978164465067962,0.0,1.1874029587787818,0.000978164465067962,,,,
193,0.001,adam,194,19.505317211151123,0.0009739260288035279,0.0,1.2309679438672854,0.0009739260288035279,,,,
194,0.001,adam,195,19.525681972503662,0.0009667535892286216,0.0,1.198971614341042,0.0009667535892286216,,,,
195,0.001,adam,196,19.546172857284546,0.0009554635582805404,0.0,1.2493404299212056,0.0009554635582805404,,,,
196,0.001,adam,197,19.566935300827026,0.0009559399295689812,0.0,1.2525106684986578,0.0009559399295689812,,,,
197,0.001,adam,198,19.58752131462097,0.0009383097535443329,0.0,1.105340437460367,0.0009383097535443329,,,,
198,0.001,adam,199,19.60845422744751,0.0009454162928003295,0.0,1.2475647797367597,0.0009454162928003295,,,,
199,0.001,adam,200,19.62930178642273,0.0009229226821577939,0.0,1.2733844757175492,0.0009229226821577939,0.005935914986929965,0.0,1.1655661485679374,0.005935914986929965
200,0.001,adam,201,19.65714740753174,0.000934527513185486,0.0,1.316965667917031,0.000934527513185486,,,,
201,0.001,adam,202,19.677465438842773,0.0009093171223493729,0.0,1.2485918451831841,0.0009093171223493729,,,,
202,0.001,adam,203,19.69746422767639,0.0009227544002970085,0.0,1.1499986643380444,0.0009227544002970085,,,,
203,0.001,adam,204,19.717700004577637,0.0008978335432226303,0.0,1.1322958644811387,0.0008978335432226303,,,,
204,0.001,adam,205,19.73766803741455,0.0009099636611081729,0.0,1.1971874553234687,0.0009099636611081729,,,,
205,0.001,adam,206,19.758121490478516,0.0008883577802864677,0.0,1.1769115285170777,0.0008883577802864677,,,,
206,0.001,adam,207,19.778289318084717,0.0008961266044730892,0.0,1.0511527182126177,0.0008961266044730892,,,,
207,0.001,adam,208,19.79921817779541,0.0008804782514331283,0.0,1.2014388048594327,0.0008804782514331283,,,,
208,0.001,adam,209,19.819568634033203,0.0008818556539886187,0.0,1.2141790538801533,0.0008818556539886187,,,,
209,0.001,adam,210,19.840063333511353,0.0008733739595026162,0.0,1.1323455502466593,0.0008733739595026162,,,,
210,0.001,adam,211,19.86076045036316,0.0008680018082250625,0.0,1.1426261226115613,0.0008680018082250625,,,,
211,0.001,adam,212,19.88154935836792,0.0008658747621014633,0.0,1.2533841504407435,0.0008658747621014633,,,,
212,0.001,adam,213,19.902138233184814,0.0008556036545352057,0.0,1.1326153133563004,0.0008556036545352057,,,,
213,0.001,adam,214,19.923272609710693,0.0008569901814280559,0.0,1.194592141818561,0.0008569901814280559,,,,
214,0.001,adam,215,19.94351363182068,0.000845378637352066,0.0,1.134873555221361,0.000845378637352066,,,,
215,0.001,adam,216,19.96392512321472,0.0008463529435393511,0.0,1.229802045474595,0.0008463529435393511,,,,
216,0.001,adam,217,19.985212087631226,0.0008371328252531775,0.0,1.2068214961354884,0.0008371328252531775,,,,
217,0.001,adam,218,20.005692720413208,0.000834597788386774,0.0,1.1666399333429305,0.000834597788386774,,,,
218,0.001,adam,219,20.02912664413452,0.0008296765881867154,0.0,1.212668844337243,0.0008296765881867154,,,,
219,0.001,adam,220,20.0512433052063,0.0008231921952925088,0.0,1.169257827149936,0.0008231921952925088,0.005858880218346595,0.0,1.1509610293354933,0.005858880218346595
220,0.001,adam,221,20.08374547958374,0.0008214398924524379,0.0,1.1700690897119626,0.0008214398924524379,,,,
221,0.001,adam,222,20.104350805282593,0.0008134439879455582,0.0,1.2010393097427745,0.0008134439879455582,,,,
222,0.001,adam,223,20.124529361724854,0.000811636136379835,0.0,1.1969647098306335,0.000811636136379835,,,,
223,0.001,adam,224,20.144442558288574,0.0008053612968801384,0.0,2.2397719193886725,0.0008053612968801384,,,,
224,0.001,adam,225,20.166090965270996,0.0008010110142010202,0.0,1.1098115101797046,0.0008010110142010202,,,,
225,0.001,adam,226,20.18610906600952,0.0007975354482103694,0.0,1.192930886518854,0.0007975354482103694,,,,
226,0.001,adam,227,20.208006143569946,0.0007911881911810063,0.0,1.2227277471295255,0.0007911881911810063,,,,
227,0.001,adam,228,20.228347539901733,0.0007885591407782381,0.0,1.1644776181439547,0.0007885591407782381,,,,
228,0.001,adam,229,20.249074697494507,0.0007828644115926308,0.0,1.1950782443996766,0.0007828644115926308,,,,
229,0.001,adam,230,20.268859386444092,0.0007786608159037669,0.0,1.283195144641279,0.0007786608159037669,,,,
230,0.001,adam,231,20.290088653564453,0.0007749406553760003,0.0,1.1780833927146446,0.0007749406553760003,,,,
231,0.001,adam,232,20.311111450195312,0.000769366388273354,0.0,1.1983145979961978,0.000769366388273354,,,,
232,0.001,adam,233,20.331812620162964,0.0007660695140730868,0.0,1.3769134886877687,0.0007660695140730868,,,,
233,0.001,adam,234,20.352046966552734,0.0007612564098865634,0.0,1.1626024249005227,0.0007612564098865634,,,,
234,0.001,adam,235,20.37397027015686,0.0007566726527309559,0.0,1.1373435741381008,0.0007566726527309559,,,,
235,0.001,adam,236,20.394059658050537,0.0007531205318045225,0.0,1.084037531810003,0.0007531205318045225,,,,
236,0.001,adam,237,20.415687799453735,0.0007481084194059849,0.0,1.1301197433281849,0.0007481084194059849,,,,
237,0.001,adam,238,20.43593406677246,0.0007441706447959672,0.0,1.1464046793916238,0.0007441706447959672,,,,
238,0.001,adam,239,20.456816911697388,0.0007401790121456628,0.0,1.1734004858127338,0.0007401790121456628,,,,
239,0.001,adam,240,20.477357387542725,0.0007354312925661707,0.0,1.2279866756805546,0.0007354312925661707,0.005796455667089456,0.0,1.1381265111969827,0.005796455667089456
240,0.001,adam,241,20.511576890945435,0.0007316974852728579,0.0,1.1902210425757829,0.0007316974852728579,,,,
241,0.001,adam,242,20.53266978263855,0.0007274820612184263,0.0,1.2205266688553067,0.0007274820612184263,,,,
242,0.001,adam,243,20.5551917552948,0.0007230397567841611,0.0,1.1521548657769702,0.0007230397567841611,,,,
243,0.001,adam,244,20.575496196746826,0.0007193078222131279,0.0,1.1575219500178915,0.0007193078222131279,,,,
244,0.001,adam,245,20.59928870201111,0.0007150748173047352,0.0,1.1452256254681035,0.0007150748173047352,,,,
245,0.001,adam,246,20.623995780944824,0.0007108349919659133,0.0,1.220236207750274,0.0007108349919659133,,,,
246,0.001,adam,247,20.644866228103638,0.0007070762995561716,0.0,1.1748186048889733,0.0007070762995561716,,,,
247,0.001,adam,248,20.66602873802185,0.0007029267083528461,0.0,1.2471423755668583,0.0007029267083528461,,,,
248,0.001,adam,249,20.68790078163147,0.0006988002133111183,0.0,1.1323187182392962,0.0006988002133111183,,,,
249,0.001,adam,250,20.709343910217285,0.0006950352943743455,0.0,1.2313041019264195,0.0006950352943743455,,,,
250,0.001,adam,251,20.730403900146484,0.0006910049374028975,0.0,1.217791743926407,0.0006910049374028975,,,,
251,0.001,adam,252,20.75178623199463,0.0006869496941860753,0.0,1.02441673223904,0.0006869496941860753,,,,
252,0.001,adam,253,20.771539211273193,0.0006831876305424864,0.0,1.1422386365290538,0.0006831876305424864,,,,
253,0.001,adam,254,20.79211688041687,0.0006792906709720221,0.0,1.1915873530706882,0.0006792906709720221,,,,
254,0.001,adam,255,20.812817096710205,0.0006753017483645551,0.0,1.2589103081461732,0.0006753017483645551,,,,
255,0.001,adam,256,20.834073543548584,0.0006715339104425419,0.0,1.1785332053655906,0.0006715339104425419,,,,
256,0.001,adam,257,20.856639623641968,0.0006677649786086082,0.0,1.1593550621290345,0.0006677649786086082,,,,
257,0.001,adam,258,20.882519960403442,0.0006638690234233384,0.0,1.150736348264531,0.0006638690234233384,,,,
258,0.001,adam,259,20.90731406211853,0.0006600867860430548,0.0,1.1702300917310324,0.0006600867860430548,,,,
259,0.001,adam,260,20.92940092086792,0.0006564072384400864,0.0,1.1870347932337364,0.0006564072384400864,0.005754941000621849,0.0,1.1279861694723692,0.005754941000621849
260,0.001,adam,261,20.96226692199707,0.0006526437593651789,0.0,1.0673523010045467,0.0006526437593651789,,,,
261,0.001,adam,262,20.984783172607422,0.0006488737079334974,0.0,1.1295783687423366,0.0006488737079334974,,,,
262,0.001,adam,263,21.00732135772705,0.0006452192635613374,0.0,1.2063118471008671,0.0006452192635613374,,,,
263,0.001,adam,264,21.028298139572144,0.000641587824804547,0.0,1.2332016377026795,0.000641587824804547,,,,
264,0.001,adam,265,21.04904007911682,0.0006379035799864146,0.0,1.1934343519915909,0.0006379035799864146,,,,
265,0.001,adam,266,21.070016384124756,0.0006342497100114059,0.0,1.1477641178423084,0.0006342497100114059,,,,
266,0.001,adam,267,21.091451168060303,0.0006306771907104796,0.0,1.0234756536144238,0.0006306771907104796,,,,
267,0.001,adam,268,21.113080978393555,0.0006271195474304022,0.0,1.1937035748602247,0.0006271195474304022,,,,
268,0.001,adam,269,21.135300397872925,0.0006235366321144452,0.0,1.1499320303279519,0.0006235366321144452,,,,
269,0.001,adam,270,21.156434535980225,0.0006199761467095878,0.0,1.1596512949324662,0.0006199761467095878,,,,
270,0.001,adam,271,21.177747011184692,0.0006164749930455309,0.0,1.2270185217035525,0.0006164749930455309,,,,
271,0.001,adam,272,21.19904923439026,0.0006130043261448816,0.0,1.1011255688028432,0.0006130043261448816,,,,
272,0.001,adam,273,21.22096562385559,0.0006095289662014051,0.0,1.173257634300825,0.0006095289662014051,,,,
273,0.001,adam,274,21.2426495552063,0.0006060593562916162,0.0,1.0626207207403628,0.0006060593562916162,,,,
274,0.001,adam,275,21.26327347755432,0.000602625099753886,0.0,1.1215788232077053,0.000602625099753886,,,,
275,0.001,adam,276,21.284754037857056,0.0005992320161688769,0.0,1.1109462066787552,0.0005992320161688769,,,,
276,0.001,adam,277,21.3051700592041,0.000595861345385143,0.0,1.1258928191573545,0.000595861345385143,,,,
277,0.001,adam,278,21.327601432800293,0.0005924982028566837,0.0,1.1746668490628855,0.0005924982028566837,,,,
278,0.001,adam,279,21.349220275878906,0.000589146716451414,0.0,1.1596601206673942,0.000589146716451414,,,,
279,0.001,adam,280,21.369808673858643,0.0005858193751181861,0.0,1.1503044124777664,0.0005858193751181861,0.005724202299253465,0.0,1.1207347107249663,0.005724202299253465
280,0.001,adam,281,21.402780532836914,0.0005825235880186655,0.0,1.1782034158636114,0.0005825235880186655,,,,
281,0.001,adam,282,21.42568349838257,0.0005792565775595831,0.0,1.145326859162092,0.0005792565775595831,,,,
282,0.001,adam,283,21.44696545600891,0.0005760110215324337,0.0,1.1781621854978335,0.0005760110215324337,,,,
283,0.001,adam,284,21.46750497817993,0.0005727823874983852,0.0,1.1246342436844334,0.0005727823874983852,,,,
284,0.001,adam,285,21.488787412643433,0.0005695699491625468,0.0,1.211019960125328,0.0005695699491625468,,,,
285,0.001,adam,286,21.51002812385559,0.0005663763498023284,0.0,1.1607170046118003,0.0005663763498023284,,,,
286,0.001,adam,287,21.530763149261475,0.0005632040848000924,0.0,2.147056006716996,0.0005632040848000924,,,,
287,0.001,adam,288,21.552379608154297,0.0005600549366929269,0.0,1.172175973251048,0.0005600549366929269,,,,
288,0.001,adam,289,21.575971126556396,0.000556929068410137,0.0,1.1976011378960874,0.000556929068410137,,,,
289,0.001,adam,290,21.596450090408325,0.0005538262354435346,0.0,1.034504298118923,0.0005538262354435346,,,,
290,0.001,adam,291,21.616742610931396,0.0005507459726212581,0.0,1.1086398953639145,0.0005507459726212581,,,,
291,0.001,adam,292,21.63707137107849,0.0005476879735508702,0.0,1.1221980214158631,0.0005476879735508702,,,,
292,0.001,adam,293,21.65783977508545,0.0005446526935474672,0.0,1.1076400861335247,0.0005446526935474672,,,,
293,0.001,adam,294,21.678184032440186,0.0005416411561582767,0.0,1.1352461524527357,0.0005416411561582767,,,,
294,0.001,adam,295,21.69848346710205,0.0005386565199786824,0.0,1.1074148283821272,0.0005386565199786824,,,,
295,0.001,adam,296,21.719451427459717,0.0005357052318748724,0.0,1.0853168967829476,0.0005357052318748724,,,,
296,0.001,adam,297,21.74086046218872,0.0005328040792242573,0.0,1.1773267738775672,0.0005328040792242573,,,,
297,0.001,adam,298,21.7618465423584,0.0005299927972808965,0.0,1.185434843179742,0.0005299927972808965,,,,
298,0.001,adam,299,21.784956216812134,0.0005273774327822087,0.0,1.1125858649995533,0.0005273774327822087,,,,
299,0.001,adam,300,21.80533790588379,0.0005252407932387944,0.0,1.1506476569608222,0.0005252407932387944,0.0057066304288397925,0.0,1.1165847143598497,0.0057066304288397925
300,0.001,adam,301,21.838608264923096,0.0005243880696415226,0.0,1.1061155962818094,0.0005243880696415226,,,,
301,0.001,adam,302,21.859806537628174,0.0005271661772320263,0.0,1.1686177821645654,0.0005271661772320263,,,,
302,0.001,adam,303,21.881314754486084,0.0005406899082013344,0.0,1.1509348023630728,0.0005406899082013344,,,,
303,0.001,adam,304,21.90134334564209,0.0005866446171424212,0.0,1.1751439802249926,0.0005866446171424212,,,,
304,0.001,adam,305,21.922387838363647,0.0007285916456660532,0.0,1.1942901228802534,0.0007285916456660532,,,,
305,0.001,adam,306,21.943883657455444,0.0011133758040208054,0.0,1.1151550049468313,0.0011133758040208054,,,,
306,0.001,adam,307,21.96419906616211,0.001823670856418326,0.0,1.1835618691254404,0.001823670856418326,,,,
307,0.001,adam,308,21.986469984054565,0.0020318202190628657,0.0,1.0630398063809596,0.0020318202190628657,,,,
308,0.001,adam,309,22.007434129714966,0.0009207046512460672,0.0,1.1610028392477822,0.0009207046512460672,,,,
309,0.001,adam,310,22.02792239189148,0.0006637857712320705,0.0,1.1457992533078858,0.0006637857712320705,,,,
310,0.001,adam,311,22.048235177993774,0.0013361112122668639,0.0,1.1016603588789695,0.0013361112122668639,,,,
311,0.001,adam,312,22.069063425064087,0.0006587763663796098,0.0,1.188353879259111,0.0006587763663796098,,,,
312,0.001,adam,313,22.08978247642517,0.0008280852460294545,0.0,1.1514843297137936,0.0008280852460294545,,,,
313,0.001,adam,314,22.112388372421265,0.0009066628427679138,0.0,1.1612263795301407,0.0009066628427679138,,,,
314,0.001,adam,315,22.132722854614258,0.0005670255038149959,0.0,1.0980011684842181,0.0005670255038149959,,,,
315,0.001,adam,316,22.153403282165527,0.0009068160059455655,0.0,1.1727000582056895,0.0009068160059455655,,,,
316,0.001,adam,317,22.176061868667603,0.000529767103142437,0.0,1.1970500348023205,0.000529767103142437,,,,
317,0.001,adam,318,22.196704864501953,0.0008157306273993019,0.0,1.1611430264635847,0.0008157306273993019,,,,
318,0.001,adam,319,22.21989130973816,0.0005490010727322929,0.0,1.1749585568454755,0.0005490010727322929,,,,
319,0.001,adam,320,22.240889072418213,0.0007202857786906316,0.0,2.31438692434962,0.0007202857786906316,0.0055891926093036455,0.0,1.1090102508403195,0.0055891926093036455
320,0.001,adam,321,22.275407552719116,0.0005650769764272269,0.0,1.0864187108218664,0.0005650769764272269,,,,
321,0.001,adam,322,22.296923637390137,0.0006460465313069428,0.0,1.110636822888594,0.0006460465313069428,,,,
322,0.001,adam,323,22.31938624382019,0.0005733393410820954,0.0,1.1666766403350493,0.0005733393410820954,,,,
323,0.001,adam,324,22.340044736862183,0.0005918083991380457,0.0,1.1358861444012998,0.0005918083991380457,,,,
324,0.001,adam,325,22.361218214035034,0.0005731877949047827,0.0,1.1074157183503874,0.0005731877949047827,,,,
325,0.001,adam,326,22.3816397190094,0.0005516736258664544,0.0,1.1074668971435793,0.0005516736258664544,,,,
326,0.001,adam,327,22.404064893722534,0.0005692394490291803,0.0,1.1195047669106484,0.0005692394490291803,,,,
327,0.001,adam,328,22.42640519142151,0.0005229102808518392,0.0,1.1648153883045995,0.0005229102808518392,,,,
328,0.001,adam,329,22.448413133621216,0.0005619412121083702,0.0,1.1282573178721633,0.0005619412121083702,,,,
329,0.001,adam,330,22.46872329711914,0.0005016378572217154,0.0,1.146562170844791,0.0005016378572217154,,,,
330,0.001,adam,331,22.48901653289795,0.0005519614129650332,0.0,1.1656255123512476,0.0005519614129650332,,,,
331,0.001,adam,332,22.50987458229065,0.00048739131993438334,0.0,1.1319082775819367,0.00048739131993438334,,,,
332,0.001,adam,333,22.53080940246582,0.0005395785020490657,0.0,1.1357549015789088,0.0005395785020490657,,,,
333,0.001,adam,334,22.551358222961426,0.0004784110295107279,0.0,1.128491517233301,0.0004784110295107279,,,,
334,0.001,adam,335,22.571686267852783,0.0005245305777007326,0.0,1.0863802703256575,0.0005245305777007326,,,,
335,0.001,adam,336,22.59335970878601,0.0004738280704323249,0.0,1.1370564031718187,0.0004738280704323249,,,,
336,0.001,adam,337,22.61379647254944,0.0005081737669666024,0.0,1.1705551715129219,0.0005081737669666024,,,,
337,0.001,adam,338,22.636380910873413,0.000472321822162741,0.0,1.2012553861945616,0.000472321822162741,,,,
338,0.001,adam,339,22.658133029937744,0.0004915112345879731,0.0,1.2128240023999761,0.0004915112345879731,,,,
339,0.001,adam,340,22.678000450134277,0.0004722377983162835,0.0,1.0644711835982903,0.0004722377983162835,0.005600901998325347,0.0,1.1042067455587294,0.005600901998325347
340,0.001,adam,341,22.705435276031494,0.0004761661547535836,0.0,1.15063396289831,0.0004761661547535836,,,,
341,0.001,adam,342,22.72568106651306,0.0004720280219716014,0.0,1.1711417698063102,0.0004720280219716014,,,,
342,0.001,adam,343,22.746083736419678,0.00046332032469906226,0.0,1.113867465438197,0.00046332032469906226,,,,
343,0.001,adam,344,22.76679039001465,0.00047014674560367695,0.0,1.0624674626231907,0.00047014674560367695,,,,
344,0.001,adam,345,22.787469148635864,0.00045378654719639363,0.0,1.1767036333332814,0.00045378654719639363,,,,
345,0.001,adam,346,22.80848217010498,0.0004657250275152435,0.0,1.1057324166857936,0.0004657250275152435,,,,
346,0.001,adam,347,22.82943105697632,0.00044781405723978327,0.0,1.1117692117766809,0.00044781405723978327,,,,
347,0.001,adam,348,22.85084557533264,0.00045873133836586195,0.0,1.139939191719295,0.00045873133836586195,,,,
348,0.001,adam,349,22.8716242313385,0.000444759112506732,0.0,1.1247088291527128,0.000444759112506732,,,,
349,0.001,adam,350,22.892844438552856,0.0004500120355715175,0.0,1.1439386717579152,0.0004500120355715175,,,,
350,0.001,adam,351,22.91303777694702,0.00044315997771212046,0.0,1.0802151588763629,0.00044315997771212046,,,,
351,0.001,adam,352,22.932679414749146,0.0004412331075280917,0.0,1.1376254909411743,0.0004412331075280917,,,,
352,0.001,adam,353,22.953158140182495,0.0004412569967919,0.0,1.1293347627864077,0.0004412569967919,,,,
353,0.001,adam,354,22.97379779815674,0.0004341117512909768,0.0,1.2046923050351999,0.0004341117512909768,,,,
354,0.001,adam,355,22.994141101837158,0.0004376241915162811,0.0,1.0467337806202566,0.0004376241915162811,,,,
355,0.001,adam,356,23.015026569366455,0.0004294849375495693,0.0,0.9802358647590779,0.0004294849375495693,,,,
356,0.001,adam,357,23.036252975463867,0.0004320194668632812,0.0,1.178402404750547,0.0004320194668632812,,,,
357,0.001,adam,358,23.056740760803223,0.0004268064490347364,0.0,1.1052176856373912,0.0004268064490347364,,,,
358,0.001,adam,359,23.07832169532776,0.0004255715725973968,0.0,1.1907206417301004,0.0004255715725973968,,,,
359,0.001,adam,360,23.098698377609253,0.0004244235514948556,0.0,1.0780438751424657,0.0004244235514948556,0.005588967312021789,0.0,1.103144009852527,0.005588967312021789
360,0.001,adam,361,23.133668422698975,0.0004199891984135987,0.0,1.1613742917914052,0.0004199891984135987,,,,
361,0.001,adam,362,23.15505027770996,0.0004208098712136988,0.0,1.104654716730729,0.0004208098712136988,,,,
362,0.001,adam,363,23.175957441329956,0.00041616483747390496,0.0,1.1230751197505733,0.00041616483747390496,,,,
363,0.001,adam,364,23.196213960647583,0.00041581862824965004,0.0,1.1820947840380303,0.00041581862824965004,,,,
364,0.001,adam,365,23.216397762298584,0.0004134153125150057,0.0,1.1999403390522658,0.0004134153125150057,,,,
365,0.001,adam,366,23.23646855354309,0.00041071604472110967,0.0,1.1341355072625086,0.00041071604472110967,,,,
366,0.001,adam,367,23.257689714431763,0.0004102401629460002,0.0,1.1437439419872075,0.0004102401629460002,,,,
367,0.001,adam,368,23.279231071472168,0.0004067539494158824,0.0,1.1178381273269626,0.0004067539494158824,,,,
368,0.001,adam,369,23.302831649780273,0.0004059842074694394,0.0,1.0428441087090552,0.0004059842074694394,,,,
369,0.001,adam,370,23.32505440711975,0.0004037855345925894,0.0,1.1013219908097498,0.0004037855345925894,,,,
370,0.001,adam,371,23.345452785491943,0.00040147859590054585,0.0,1.1493097043724274,0.00040147859590054585,,,,
371,0.001,adam,372,23.365800619125366,0.00040059558329698136,0.0,1.1733537657876087,0.00040059558329698136,,,,
372,0.001,adam,373,23.386606216430664,0.00039781599792460426,0.0,1.1072826531838178,0.00039781599792460426,,,,
373,0.001,adam,374,23.40634274482727,0.0003966032620918152,0.0,1.195837478718169,0.0003966032620918152,,,,
374,0.001,adam,375,23.42618465423584,0.00039484289254971004,0.0,1.0574691496003095,0.00039484289254971004,,,,
375,0.001,adam,376,23.44750189781189,0.00039256677978099656,0.0,2.1568478299502596,0.00039256677978099656,,,,
376,0.001,adam,377,23.468708276748657,0.00039153500990230536,0.0,1.148974215697016,0.00039153500990230536,,,,
377,0.001,adam,378,23.493130922317505,0.00038927753930935774,0.0,1.0803042045147115,0.00038927753930935774,,,,
378,0.001,adam,379,23.516575813293457,0.000387680322820464,0.0,1.1489219943280082,0.000387680322820464,,,,
379,0.001,adam,380,23.538032054901123,0.0003862848764964007,0.0,1.1123722132744944,0.0003862848764964007,0.005576066696938493,0.0,1.103377762235641,0.005576066696938493
380,0.001,adam,381,23.570871114730835,0.00038411416600811986,0.0,1.127728257749202,0.00038411416600811986,,,,
381,0.001,adam,382,23.591009855270386,0.0003828289359444306,0.0,1.0520072225081403,0.0003828289359444306,,,,
382,0.001,adam,383,23.611973524093628,0.000381109218899328,0.0,1.1131944410358792,0.000381109218899328,,,,
383,0.001,adam,384,23.63223433494568,0.00037923960552666946,0.0,1.139413661767131,0.00037923960552666946,,,,
384,0.001,adam,385,23.65365433692932,0.00037796199917352203,0.0,1.1747858668307012,0.00037796199917352203,,,,
385,0.001,adam,386,23.674376487731934,0.00037613101964691596,0.0,1.1007449827118738,0.00037613101964691596,,,,
386,0.001,adam,387,23.69607973098755,0.0003745125975531658,0.0,1.1739198818779273,0.0003745125975531658,,,,
387,0.001,adam,388,23.716533184051514,0.00037313512658395125,0.0,1.0698028953514622,0.00037313512658395125,,,,
388,0.001,adam,389,23.737797260284424,0.0003713521797381519,0.0,1.2390931732953914,0.0003713521797381519,,,,
389,0.001,adam,390,23.758992910385132,0.000369856924688023,0.0,1.2123834683882229,0.000369856924688023,,,,
390,0.001,adam,391,23.78058695793152,0.0003684111283419049,0.0,1.1028830878759837,0.0003684111283419049,,,,
391,0.001,adam,392,23.800985097885132,0.0003667219460752233,0.0,1.2380630355757727,0.0003667219460752233,,,,
392,0.001,adam,393,23.823258638381958,0.0003652676206120941,0.0,1.122879065644069,0.0003652676206120941,,,,
393,0.001,adam,394,23.84406805038452,0.00036381201640059245,0.0,1.1291148887343092,0.00036381201640059245,,,,
394,0.001,adam,395,23.864561080932617,0.0003622017259382101,0.0,1.1313907426968228,0.0003622017259382101,,,,
395,0.001,adam,396,23.88592267036438,0.000360763630978555,0.0,1.1213915235740324,0.000360763630978555,,,,
396,0.001,adam,397,23.905616521835327,0.0003593288400151438,0.0,1.1409055951081122,0.0003593288400151438,,,,
397,0.001,adam,398,23.927045106887817,0.0003577804831823202,0.0,1.157418095993104,0.0003577804831823202,,,,
398,0.001,adam,399,23.94805407524109,0.0003563528204993419,0.0,1.2522313784773367,0.0003563528204993419,,,,
399,0.001,adam,400,23.96836495399475,0.00035495040820974404,0.0,1.2028720476217614,0.00035495040820974404,0.005566722286243106,0.0,1.1018336617113178,0.005566722286243106
400,0.001,adam,401,24.00427532196045,0.0003534542137146075,0.0,1.171849184129083,0.0003534542137146075,,,,
401,0.001,adam,402,24.02507710456848,0.00035203675655348573,0.0,1.1230387504512638,0.00035203675655348573,,,,
402,0.001,adam,403,24.047312021255493,0.00035066692788571734,0.0,1.1224615541726475,0.00035066692788571734,,,,
403,0.001,adam,404,24.06877613067627,0.0003492203527074464,0.0,1.1473468635881177,0.0003492203527074464,,,,
404,0.001,adam,405,24.08908247947693,0.0003478154645970699,0.0,1.1409667563863801,0.0003478154645970699,,,,
405,0.001,adam,406,24.11049199104309,0.00034647118812712173,0.0,1.0106532755444326,0.00034647118812712173,,,,
406,0.001,adam,407,24.13198184967041,0.00034507612841756666,0.0,1.0666287075584093,0.00034507612841756666,,,,
407,0.001,adam,408,24.152998208999634,0.0003436886493308265,0.0,1.1366314898910441,0.0003436886493308265,,,,
408,0.001,adam,409,24.174324989318848,0.0003423604104460936,0.0,2.1781238176713464,0.0003423604104460936,,,,
409,0.001,adam,410,24.194674730300903,0.0003410155836606682,0.0,1.0934622424768208,0.0003410155836606682,,,,
410,0.001,adam,411,24.215287685394287,0.0003396549845981395,0.0,1.2612737155824192,0.0003396549845981395,,,,
411,0.001,adam,412,24.236470222473145,0.000338335853983856,0.0,1.2052525506364258,0.000338335853983856,,,,
412,0.001,adam,413,24.25769805908203,0.00033703146646113275,0.0,1.1941030245172801,0.00033703146646113275,,,,
413,0.001,adam,414,24.277920246124268,0.00033570937782277486,0.0,1.155204619069964,0.00033570937782277486,,,,
414,0.001,adam,415,24.297991275787354,0.0003344010517849356,0.0,1.1013598164810587,0.0003344010517849356,,,,
415,0.001,adam,416,24.31934404373169,0.0003331209774349699,0.0,1.114696078157147,0.0003331209774349699,,,,
416,0.001,adam,417,24.340167999267578,0.0003318414611627666,0.0,1.0725102879345003,0.0003318414611627666,,,,
417,0.001,adam,418,24.361032485961914,0.0003305564552348819,0.0,1.1772909568559708,0.0003305564552348819,,,,
418,0.001,adam,419,24.383748054504395,0.0003292896808459363,0.0,1.1367244562613865,0.0003292896808459363,,,,
419,0.001,adam,420,24.40438747406006,0.0003280422495475384,0.0,1.0721501222926668,0.0003280422495475384,0.005557184848509628,0.0,1.0995519237742555,0.005557184848509628
420,0.001,adam,421,24.438321352005005,0.00032679306041195,0.0,1.1820704055285662,0.00032679306041195,,,,
421,0.001,adam,422,24.458965063095093,0.0003255447796683204,0.0,1.097855094926572,0.0003255447796683204,,,,
422,0.001,adam,423,24.481081008911133,0.00032431454664964127,0.0,1.1973431891225403,0.00032431454664964127,,,,
423,0.001,adam,424,24.501250982284546,0.0003230976201564616,0.0,1.2150037956719035,0.0003230976201564616,,,,
424,0.001,adam,425,24.522783279418945,0.00032188078865993963,0.0,1.068989841646155,0.00032188078865993963,,,,
425,0.001,adam,426,24.545078992843628,0.0003206684160811536,0.0,1.117923893385935,0.0003206684160811536,,,,
426,0.001,adam,427,24.565049409866333,0.00031947018149705624,0.0,1.0693453976238483,0.00031947018149705624,,,,
427,0.001,adam,428,24.588248014450073,0.00031828300593149704,0.0,1.0521068022914761,0.00031828300593149704,,,,
428,0.001,adam,429,24.608824253082275,0.00031709969236026,0.0,1.1228355030664003,0.00031709969236026,,,,
429,0.001,adam,430,24.630695581436157,0.00031592103683804844,0.0,1.079452527661889,0.00031592103683804844,,,,
430,0.001,adam,431,24.65021300315857,0.0003147522182804872,0.0,1.0799727254666567,0.0003147522182804872,,,,
431,0.001,adam,432,24.670745849609375,0.00031359433655945624,0.0,1.1744883138270883,0.00031359433655945624,,,,
432,0.001,adam,433,24.692238092422485,0.00031244345986640985,0.0,1.129997067292371,0.00031244345986640985,,,,
433,0.001,adam,434,24.715118169784546,0.0003112970172616689,0.0,1.1674673044609083,0.0003112970172616689,,,,
434,0.001,adam,435,24.735531330108643,0.00031015734370106737,0.0,1.1209890600604584,0.00031015734370106737,,,,
435,0.001,adam,436,24.755895137786865,0.00030902740735101687,0.0,1.1157352337894977,0.00030902740735101687,,,,
436,0.001,adam,437,24.77593755722046,0.0003079062357899724,0.0,1.2347539509219005,0.0003079062357899724,,,,
437,0.001,adam,438,24.796173572540283,0.00030679102035666584,0.0,1.1214444142634712,0.00030679102035666584,,,,
438,0.001,adam,439,24.81668448448181,0.00030568131460030536,0.0,1.2323717131159948,0.00030568131460030536,,,,
439,0.001,adam,440,24.83670997619629,0.0003045787541197465,0.0,1.090265620530951,0.0003045787541197465,0.005548918623775982,0.0,1.0965392165820318,0.005548918623775982
440,0.001,adam,441,24.868128776550293,0.0003034843886752453,0.0,1.1165870640012836,0.0003034843886752453,,,,
441,0.001,adam,442,24.890312433242798,0.00030239772045717096,0.0,1.1952347471091709,0.00030239772045717096,,,,
442,0.001,adam,443,24.91166591644287,0.0003013176730724101,0.0,1.1652725147424958,0.0003013176730724101,,,,
443,0.001,adam,444,24.931926727294922,0.0003002436157289703,0.0,1.0661388596120236,0.0003002436157289703,,,,
444,0.001,adam,445,24.9522864818573,0.00029917574284420574,0.0,1.1663794092905442,0.00029917574284420574,,,,
445,0.001,adam,446,24.973125219345093,0.0002981148356005858,0.0,1.1533450052322154,0.0002981148356005858,,,,
446,0.001,adam,447,24.993743658065796,0.00029706124091701436,0.0,1.0263328287387496,0.00029706124091701436,,,,
447,0.001,adam,448,25.015491485595703,0.0002960145547482642,0.0,1.1556802804075086,0.0002960145547482642,,,,
448,0.001,adam,449,25.035940647125244,0.00029497416096030545,0.0,1.1532114070172959,0.00029497416096030545,,,,
449,0.001,adam,450,25.056580543518066,0.0002939397614643069,0.0,1.0395393747651933,0.0002939397614643069,,,,
450,0.001,adam,451,25.077731132507324,0.0002929114806525153,0.0,1.108581495957385,0.0002929114806525153,,,,
451,0.001,adam,452,25.098519325256348,0.0002918894729005878,0.0,1.1562865433165737,0.0002918894729005878,,,,
452,0.001,adam,453,25.118903398513794,0.0002908738626308416,0.0,1.0706143423382946,0.0002908738626308416,,,,
453,0.001,adam,454,25.141138315200806,0.000289864675848188,0.0,1.1679574241525765,0.000289864675848188,,,,
454,0.001,adam,455,25.16240358352661,0.0002888617938659388,0.0,1.2108247658101334,0.0002888617938659388,,,,
455,0.001,adam,456,25.18252944946289,0.00028786499440132255,0.0,1.0844819250341686,0.00028786499440132255,,,,
456,0.001,adam,457,25.204787731170654,0.0002868740789710009,0.0,1.0575875877574819,0.0002868740789710009,,,,
457,0.001,adam,458,25.226043224334717,0.0002858889899715123,0.0,1.067570597216942,0.0002858889899715123,,,,
458,0.001,adam,459,25.24943256378174,0.00028490969321581756,0.0,1.1950937600879743,0.00028490969321581756,,,,
459,0.001,adam,460,25.272632360458374,0.0002839361875738675,0.0,1.0717943595252228,0.0002839361875738675,0.005542236000016191,0.0,1.09296267029265,0.005542236000016191
460,0.001,adam,461,25.30440640449524,0.0002829684223855794,0.0,1.0902476151130784,0.0002829684223855794,,,,
461,0.001,adam,462,25.324360370635986,0.00028200638553988133,0.0,1.1612316743975897,0.00028200638553988133,,,,
462,0.001,adam,463,25.345409393310547,0.0002810500449255956,0.0,1.1758264259695326,0.0002810500449255956,,,,
463,0.001,adam,464,25.36615824699402,0.00028009935565000225,0.0,1.051410783125681,0.00028009935565000225,,,,
464,0.001,adam,465,25.387305736541748,0.00027915423700471126,0.0,1.0891651621224931,0.00027915423700471126,,,,
465,0.001,adam,466,25.407148599624634,0.00027821462778079647,0.0,1.115841867898312,0.00027821462778079647,,,,
466,0.001,adam,467,25.428010940551758,0.0002772804752585597,0.0,1.1282929282921785,0.0002772804752585597,,,,
467,0.001,adam,468,25.450109720230103,0.0002763517298026247,0.0,1.1187191341377176,0.0002763517298026247,,,,
468,0.001,adam,469,25.470688819885254,0.00027542833978658074,0.0,1.1083494394528122,0.00027542833978658074,,,,
469,0.001,adam,470,25.491522073745728,0.00027451024697709356,0.0,1.1458636321377356,0.00027451024697709356,,,,
470,0.001,adam,471,25.51234459877014,0.00027359741166782715,0.0,1.085024198861831,0.00027359741166782715,,,,
471,0.001,adam,472,25.536043643951416,0.0002726898039978835,0.0,2.2803557837593047,0.0002726898039978835,,,,
472,0.001,adam,473,25.55681872367859,0.00027178742807519986,0.0,1.09421588707479,0.00027178742807519986,,,,
473,0.001,adam,474,25.578197956085205,0.0002708903083188853,0.0,1.1500569155170013,0.0002708903083188853,,,,
474,0.001,adam,475,25.598607301712036,0.00026999859281618647,0.0,1.0964195060019937,0.00026999859281618647,,,,
475,0.001,adam,476,25.620184898376465,0.00026911261745346705,0.0,1.1318090708375217,0.00026911261745346705,,,,
476,0.001,adam,477,25.640328407287598,0.0002682332765983555,0.0,1.1191707674206959,0.0002682332765983555,,,,
477,0.001,adam,478,25.66346573829651,0.00026736259633786184,0.0,1.09905201337908,0.00026736259633786184,,,,
478,0.001,adam,479,25.68549084663391,0.0002665055898109505,0.0,1.1317665698602224,0.0002665055898109505,,,,
479,0.001,adam,480,25.705905199050903,0.000265674310316417,0.0,1.1407660457438826,0.000265674310316417,0.005536836322429317,0.0,1.0890860346392928,0.005536836322429317
480,0.001,adam,481,25.739257097244263,0.00026489919930468677,0.0,1.1315553853773033,0.00026489919930468677,,,,
481,0.001,adam,482,25.759365558624268,0.0002642578122331782,0.0,1.153323940010019,0.0002642578122331782,,,,
482,0.001,adam,483,25.779908895492554,0.00026395358915763656,0.0,1.157027554714682,0.00026395358915763656,,,,
483,0.001,adam,484,25.801257848739624,0.0002645324899008797,0.0,1.122406748985616,0.0002645324899008797,,,,
484,0.001,adam,485,25.822973251342773,0.00026748243498820066,0.0,1.0879399253169102,0.00026748243498820066,,,,
485,0.001,adam,486,25.84401798248291,0.0002769784044123993,0.0,1.242433368183973,0.0002769784044123993,,,,
486,0.001,adam,487,25.86482834815979,0.00030460004896886046,0.0,1.099107024908383,0.00030460004896886046,,,,
487,0.001,adam,488,25.88647985458374,0.0003830052369747518,0.0,1.054731445018291,0.0003830052369747518,,,,
488,0.001,adam,489,25.90633225440979,0.000592133880058888,0.0,1.1164669446984168,0.000592133880058888,,,,
489,0.001,adam,490,25.928212881088257,0.0010902415805477187,0.0,1.1425562964786888,0.0010902415805477187,,,,
490,0.001,adam,491,25.94877576828003,0.0018364427237561323,0.0,1.249090311173301,0.0018364427237561323,,,,
491,0.001,adam,492,25.96876072883606,0.001990079788227298,0.0,1.1245271573400835,0.001990079788227298,,,,
492,0.001,adam,493,25.989489555358887,0.0007668491488794025,0.0,1.2081379719934469,0.0007668491488794025,,,,
493,0.001,adam,494,26.01067066192627,0.0004401216634143548,0.0,1.0753489170433537,0.0004401216634143548,,,,
494,0.001,adam,495,26.031998872756958,0.0011223871110398985,0.0,1.1049008923738026,0.0011223871110398985,,,,
495,0.001,adam,496,26.052080154418945,0.000488060546998599,0.0,0.9854927376180183,0.000488060546998599,,,,
496,0.001,adam,497,26.072919845581055,0.0006059451406798597,0.0,1.1247571145892776,0.0006059451406798597,,,,
497,0.001,adam,498,26.093782663345337,0.000693844661114912,0.0,1.0948546723014743,0.000693844661114912,,,,
498,0.001,adam,499,26.114547967910767,0.00038602639165128896,0.0,1.1193377033124903,0.00038602639165128896,,,,
499,0.001,adam,500,26.13463568687439,0.0006600875229910441,0.0,1.1110516731134956,0.0006600875229910441,0.0052965273566856624,0.0,1.0838037756804801,0.0052965273566856624
500,0.001,adam,501,26.169164896011353,0.00035442022949571983,0.0,1.092011150929355,0.00035442022949571983,,,,
501,0.001,adam,502,26.18974232673645,0.0005643360332275296,0.0,1.1180856660417993,0.0005643360332275296,,,,
502,0.001,adam,503,26.210813760757446,0.0003618848366392111,0.0,1.1412649370651722,0.0003618848366392111,,,,
503,0.001,adam,504,26.230827569961548,0.0004755757030482837,0.0,1.1538398536714443,0.0004755757030482837,,,,
504,0.001,adam,505,26.25215220451355,0.0003670722027012698,0.0,1.0680072768920141,0.0003670722027012698,,,,
505,0.001,adam,506,26.272075176239014,0.0004083142483086482,0.0,1.1909346155381573,0.0004083142483086482,,,,
506,0.001,adam,507,26.291900873184204,0.00036650835454517575,0.0,1.1429759346897956,0.00036650835454517575,,,,
507,0.001,adam,508,26.314682245254517,0.00036338481124423055,0.0,1.1244061909501917,0.00036338481124423055,,,,
508,0.001,adam,509,26.337721586227417,0.00035807359319348916,0.0,1.0982103835279378,0.00035807359319348916,,,,
509,0.001,adam,510,26.358587503433228,0.00033382977225014784,0.0,1.1344097176797336,0.00033382977225014784,,,,
510,0.001,adam,511,26.37960934638977,0.0003459929808421185,0.0,1.10094170601961,0.0003459929808421185,,,,
511,0.001,adam,512,26.39986491203308,0.0003138921752580618,0.0,1.1645245586065838,0.0003138921752580618,,,,
512,0.001,adam,513,26.420333862304688,0.0003328948204553187,0.0,1.2094887485271038,0.0003328948204553187,,,,
513,0.001,adam,514,26.44135332107544,0.00029962097160937776,0.0,1.1158249816638595,0.00029962097160937776,,,,
514,0.001,adam,515,26.46279263496399,0.00031964131770258463,0.0,1.0987442199777466,0.00031964131770258463,,,,
515,0.001,adam,516,26.483856439590454,0.0002900821762402591,0.0,1.0546390946062296,0.0002900821762402591,,,,
516,0.001,adam,517,26.50641965866089,0.0003061735603940269,0.0,1.075694540572814,0.0003061735603940269,,,,
517,0.001,adam,518,26.52685546875,0.000283656327118726,0.0,1.1369121052224607,0.000283656327118726,,,,
518,0.001,adam,519,26.54756236076355,0.0002939856304650452,0.0,1.1286801322467062,0.0002939856304650452,,,,
519,0.001,adam,520,26.568494081497192,0.0002787542009434128,0.0,1.1154633989486857,0.0002787542009434128,0.005377413342293529,0.0,1.0693340568866818,0.005377413342293529
520,0.001,adam,521,26.59734272956848,0.00028397327092153155,0.0,1.04205043133643,0.00028397327092153155,,,,
521,0.001,adam,522,26.618439197540283,0.0002746162176183302,0.0,1.103399212100404,0.0002746162176183302,,,,
522,0.001,adam,523,26.639147758483887,0.0002755160475242785,0.0,1.1544074795066124,0.0002755160475242785,,,,
523,0.001,adam,524,26.659629821777344,0.00027116529556993335,0.0,1.101059654376519,0.00027116529556993335,,,,
524,0.001,adam,525,26.68108320236206,0.0002679557968101014,0.0,1.1879643960285218,0.0002679557968101014,,,,
525,0.001,adam,526,26.70259189605713,0.0002681188284161974,0.0,1.0760172731888247,0.0002681188284161974,,,,
526,0.001,adam,527,26.724303007125854,0.0002614706146354088,0.0,1.1277440782186159,0.0002614706146354088,,,,
527,0.001,adam,528,26.74601912498474,0.00026506692917599363,0.0,1.115355218661307,0.00026506692917599363,,,,
528,0.001,adam,529,26.766615867614746,0.000256195471316798,0.0,1.0828310269389643,0.000256195471316798,,,,
529,0.001,adam,530,26.78804302215576,0.000261970682663563,0.0,1.1623300411931368,0.000261970682663563,,,,
530,0.001,adam,531,26.80826735496521,0.00025182566372881915,0.0,1.0575253471015362,0.00025182566372881915,,,,
531,0.001,adam,532,26.830172300338745,0.0002588982970940238,0.0,1.071619065051196,0.0002588982970940238,,,,
532,0.001,adam,533,26.851911544799805,0.00024827551698609624,0.0,1.0807920509354447,0.00024827551698609624,,,,
533,0.001,adam,534,26.872457027435303,0.00025572014039570713,0.0,1.0648286269114327,0.00025572014039570713,,,,
534,0.001,adam,535,26.893996477127075,0.00024565097914367015,0.0,1.0938668736194386,0.00024565097914367015,,,,
535,0.001,adam,536,26.915018796920776,0.00025227710000986885,0.0,1.0798338563525829,0.00025227710000986885,,,,
536,0.001,adam,537,26.93484854698181,0.0002437956227430619,0.0,1.196575714282639,0.0002437956227430619,,,,
537,0.001,adam,538,26.95829749107361,0.00024868941292911057,0.0,1.065540698133456,0.00024868941292911057,,,,
538,0.001,adam,539,26.978625535964966,0.00024232985750886267,0.0,1.0917095881195442,0.00024232985750886267,,,,
539,0.001,adam,540,26.99921989440918,0.00024516498726052883,0.0,1.1259826598965688,0.00024516498726052883,0.005417117723010338,0.0,1.0674040535678895,0.005417117723010338
540,0.001,adam,541,27.026990175247192,0.0002410530122931899,0.0,1.0220318655128398,0.0002410530122931899,,,,
541,0.001,adam,542,27.048096895217896,0.00024184826139415835,0.0,1.100785180103689,0.00024184826139415835,,,,
542,0.001,adam,543,27.068108797073364,0.000239821089262468,0.0,1.058374932676044,0.000239821089262468,,,,
543,0.001,adam,544,27.08897089958191,0.0002389145289022604,0.0,1.0913426551880712,0.0002389145289022604,,,,
544,0.001,adam,545,27.109233856201172,0.0002384176585433861,0.0,1.0478192859110727,0.0002384176585433861,,,,
545,0.001,adam,546,27.12873148918152,0.00023650204646967238,0.0,1.1105881184393502,0.00023650204646967238,,,,
546,0.001,adam,547,27.14940047264099,0.00023674961549026321,0.0,1.1166634594260436,0.00023674961549026321,,,,
547,0.001,adam,548,27.170864820480347,0.00023456524412868922,0.0,0.9458903631197012,0.00023456524412868922,,,,
548,0.001,adam,549,27.19288730621338,0.00023489892396318882,0.0,1.1270263760774433,0.00023489892396318882,,,,
549,0.001,adam,550,27.214061498641968,0.0002329352524325611,0.0,1.17143896315061,0.0002329352524325611,,,,
550,0.001,adam,551,27.236263513565063,0.00023299658798320714,0.0,1.2004301903391787,0.00023299658798320714,,,,
551,0.001,adam,552,27.256511449813843,0.000231461267917039,0.0,1.1519122075866626,0.000231461267917039,,,,
552,0.001,adam,553,27.277512788772583,0.00023113764009894392,0.0,1.0832365640639356,0.00023113764009894392,,,,
553,0.001,adam,554,27.298826694488525,0.00023000555199952078,0.0,1.1016126704336293,0.00023000555199952078,,,,
554,0.001,adam,555,27.321845293045044,0.00022944186387651052,0.0,1.1281576924197474,0.00022944186387651052,,,,
555,0.001,adam,556,27.34316372871399,0.00022848305927517366,0.0,1.0730257207048008,0.00022848305927517366,,,,
556,0.001,adam,557,27.36396884918213,0.0002279231336565537,0.0,1.051950599070678,0.0002279231336565537,,,,
557,0.001,adam,558,27.384284496307373,0.00022692821261335015,0.0,1.0661810577640167,0.00022692821261335015,,,,
558,0.001,adam,559,27.405214071273804,0.00022649056977707956,0.0,1.1014248002354712,0.00022649056977707956,,,,
559,0.001,adam,560,27.425943613052368,0.00022542735060723232,0.0,1.002361811652862,0.00022542735060723232,0.005419618985359527,0.0,1.0653064555492557,0.005419618985359527
560,0.001,adam,561,27.457451105117798,0.00022505944692366838,0.0,1.092942085592536,0.00022505944692366838,,,,
561,0.001,adam,562,27.478548526763916,0.00022403262788405086,0.0,1.0521905552136523,0.00022403262788405086,,,,
562,0.001,adam,563,27.50027585029602,0.0002235928960886259,0.0,1.0590228215781656,0.0002235928960886259,,,,
563,0.001,adam,564,27.523364543914795,0.0002227497734078441,0.0,1.0370140741733578,0.0002227497734078441,,,,
564,0.001,adam,565,27.54417872428894,0.00022210126434758993,0.0,1.0587805759123472,0.00022210126434758993,,,,
565,0.001,adam,566,27.56434154510498,0.00022151868941881753,0.0,1.0547360145885782,0.00022151868941881753,,,,
566,0.001,adam,567,27.585071563720703,0.00022066128085482167,0.0,1.1349119107238106,0.00022066128085482167,,,,
567,0.001,adam,568,27.60549831390381,0.00022025310159584153,0.0,1.1244980218455083,0.00022025310159584153,,,,
568,0.001,adam,569,27.627060890197754,0.0002193354545399583,0.0,1.1178435350004288,0.0002193354545399583,,,,
569,0.001,adam,570,27.649134159088135,0.00021892599385392946,0.0,1.063107138285704,0.00021892599385392946,,,,
570,0.001,adam,571,27.66938281059265,0.00021811156739729438,0.0,1.133752777155485,0.00021811156739729438,,,,
571,0.001,adam,572,27.69128704071045,0.00021757303609613166,0.0,1.0460748197952185,0.00021757303609613166,,,,
572,0.001,adam,573,27.712185382843018,0.00021693136296110379,0.0,1.0792436565235026,0.00021693136296110379,,,,
573,0.001,adam,574,27.732625722885132,0.0002162537343881641,0.0,1.1194024996751688,0.0002162537343881641,,,,
574,0.001,adam,575,27.753620862960815,0.0002157325276665276,0.0,1.0848408439759853,0.0002157325276665276,,,,
575,0.001,adam,576,27.774350881576538,0.0002150106610913151,0.0,1.1584385007154492,0.0002150106610913151,,,,
576,0.001,adam,577,27.794933080673218,0.00021449750359521787,0.0,1.1015408852973376,0.00021449750359521787,,,,
577,0.001,adam,578,27.815484762191772,0.00021382844585324205,0.0,1.168064240580185,0.00021382844585324205,,,,
578,0.001,adam,579,27.83594799041748,0.00021326037599659988,0.0,1.0700754892121604,0.00021326037599659988,,,,
579,0.001,adam,580,27.858187437057495,0.0002126640620815821,0.0,1.1388413760448182,0.0002126640620815821,0.005430882500070598,0.0,1.060979273963187,0.005430882500070598
580,0.001,adam,581,27.88732886314392,0.00021205426983270757,0.0,1.1077454284387835,0.00021205426983270757,,,,
581,0.001,adam,582,27.9085636138916,0.00021149491242153132,0.0,1.0910750424556432,0.00021149491242153132,,,,
582,0.001,adam,583,27.930469512939453,0.00021088592721801673,0.0,1.1411981979443326,0.00021088592721801673,,,,
583,0.001,adam,584,27.951399326324463,0.00021032538326833656,0.0,1.1071098415235523,0.00021032538326833656,,,,
584,0.001,adam,585,27.9718656539917,0.00020973970696811954,0.0,1.1100929205452048,0.00020973970696811954,,,,
585,0.001,adam,586,27.99271869659424,0.0002091724994690583,0.0,1.0683374393860956,0.0002091724994690583,,,,
586,0.001,adam,587,28.014450550079346,0.0002086014517415127,0.0,1.1335812322166456,0.0002086014517415127,,,,
587,0.001,adam,588,28.0348482131958,0.00020803972386092506,0.0,1.1157896314892821,0.00020803972386092506,,,,
588,0.001,adam,589,28.055804014205933,0.00020747557641855364,0.0,2.1049821424907953,0.00020747557641855364,,,,
589,0.001,adam,590,28.07829999923706,0.00020691863962095584,0.0,1.074540975029325,0.00020691863962095584,,,,
590,0.001,adam,591,28.099380493164062,0.00020636675889095725,0.0,1.0040996682740786,0.00020636675889095725,,,,
591,0.001,adam,592,28.120211124420166,0.00020580795016344057,0.0,1.094809487400464,0.00020580795016344057,,,,
592,0.001,adam,593,28.14089298248291,0.0002052706836700447,0.0,1.1522045803121386,0.0002052706836700447,,,,
593,0.001,adam,594,28.16115403175354,0.00020471264187142807,0.0,1.1153876332620503,0.00020471264187142807,,,,
594,0.001,adam,595,28.18324327468872,0.00020418099308429355,0.0,1.1268981493941221,0.00020418099308429355,,,,
595,0.001,adam,596,28.20445704460144,0.00020363558574510826,0.0,1.0380004709487989,0.00020363558574510826,,,,
596,0.001,adam,597,28.225252866744995,0.00020309852663995877,0.0,1.1364121416547075,0.00020309852663995877,,,,
597,0.001,adam,598,28.247753143310547,0.0002025705188226372,0.0,1.0389585982536382,0.0002025705188226372,,,,
598,0.001,adam,599,28.269555807113647,0.0002020303764019053,0.0,1.0909408633231983,0.0002020303764019053,,,,
599,0.001,adam,600,28.29057502746582,0.00020151139005417817,0.0,1.1374076584892001,0.00020151139005417817,0.00543660769321289,0.0,1.0564069268343153,0.00543660769321289
600,0.001,adam,601,28.319633722305298,0.00020097819967395696,0.0,1.0667510662316144,0.00020097819967395696,,,,
601,0.001,adam,602,28.34047508239746,0.00020045893516328997,0.0,1.136792267395443,0.00020045893516328997,,,,
602,0.001,adam,603,28.360621690750122,0.00019993841499571394,0.0,1.1299969753428694,0.00019993841499571394,,,,
603,0.001,adam,604,28.381202936172485,0.00019941725071819714,0.0,1.080727592490621,0.00019941725071819714,,,,
604,0.001,adam,605,28.402114152908325,0.0001989062603382947,0.0,1.0896197309350648,0.0001989062603382947,,,,
605,0.001,adam,606,28.42376184463501,0.00019838883093353012,0.0,1.0954884494327561,0.00019838883093353012,,,,
606,0.001,adam,607,28.444564819335938,0.00019788089387141352,0.0,1.0333312452512065,0.00019788089387141352,,,,
607,0.001,adam,608,28.464862823486328,0.00019737189547999295,0.0,1.1019995356022194,0.00019737189547999295,,,,
608,0.001,adam,609,28.486496210098267,0.00019686454700295868,0.0,1.069578302747722,0.00019686454700295868,,,,
609,0.001,adam,610,28.5116868019104,0.0001963634134695068,0.0,1.0974938941838581,0.0001963634134695068,,,,
610,0.001,adam,611,28.532357215881348,0.00019585949519970708,0.0,1.1097185454309102,0.00019585949519970708,,,,
611,0.001,adam,612,28.553120851516724,0.00019536181815716074,0.0,1.0034003641073916,0.00019536181815716074,,,,
612,0.001,adam,613,28.573872566223145,0.00019486492877609084,0.0,1.0418363538814068,0.00019486492877609084,,,,
613,0.001,adam,614,28.59464406967163,0.00019436900670840757,0.0,1.1031743993402945,0.00019436900670840757,,,,
614,0.001,adam,615,28.615511417388916,0.00019387812361723445,0.0,1.08128011622718,0.00019387812361723445,,,,
615,0.001,adam,616,28.639771461486816,0.00019338640300191201,0.0,1.0172004187262407,0.00019338640300191201,,,,
616,0.001,adam,617,28.659656763076782,0.00019289862867332317,0.0,1.0241536259346598,0.00019289862867332317,,,,
617,0.001,adam,618,28.680089950561523,0.00019241269363178841,0.0,1.1029897785685072,0.00019241269363178841,,,,
618,0.001,adam,619,28.700904846191406,0.0001919279535740569,0.0,1.2082697238284799,0.0001919279535740569,,,,
619,0.001,adam,620,28.721964359283447,0.00019144635377901277,0.0,1.0549131898520023,0.00019144635377901277,0.005441420863002939,0.0,1.0515660284497892,0.005441420863002939
620,0.001,adam,621,28.750531435012817,0.00019096605194970987,0.0,1.120212163213304,0.00019096605194970987,,,,
621,0.001,adam,622,28.770429611206055,0.0001904880313217963,0.0,1.037510582173484,0.0001904880313217963,,,,
622,0.001,adam,623,28.790388345718384,0.00019001182755430646,0.0,1.1970959211699514,0.00019001182755430646,,,,
623,0.001,adam,624,28.810731649398804,0.00018953785267410077,0.0,1.1151104012197621,0.00018953785267410077,,,,
624,0.001,adam,625,28.8303701877594,0.00018906545714116542,0.0,1.0765762971131376,0.00018906545714116542,,,,
625,0.001,adam,626,28.851131677627563,0.00018859511645487675,0.0,1.0821662581271831,0.00018859511645487675,,,,
626,0.001,adam,627,28.871625900268555,0.00018812699247120686,0.0,1.201091410199106,0.00018812699247120686,,,,
627,0.001,adam,628,28.892117261886597,0.0001876600003603242,0.0,1.091558124749389,0.0001876600003603242,,,,
628,0.001,adam,629,28.91320037841797,0.00018719561374039138,0.0,1.147315797030181,0.00018719561374039138,,,,
629,0.001,adam,630,28.9339017868042,0.00018673275875064304,0.0,1.153189196942376,0.00018673275875064304,,,,
630,0.001,adam,631,28.95664143562317,0.00018627141720949295,0.0,1.0500290769564635,0.00018627141720949295,,,,
631,0.001,adam,632,28.977102756500244,0.0001858125470302767,0.0,0.9867865852571331,0.0001858125470302767,,,,
632,0.001,adam,633,28.997830152511597,0.00018535485835678958,0.0,2.085116121351973,0.00018535485835678958,,,,
633,0.001,adam,634,29.02001714706421,0.0001848991375987749,0.0,1.1194682220667609,0.0001848991375987749,,,,
634,0.001,adam,635,29.041714191436768,0.00018444540838054874,0.0,0.9839347541459844,0.00018444540838054874,,,,
635,0.001,adam,636,29.062259912490845,0.00018399298038399212,0.0,1.0739553135702884,0.00018399298038399212,,,,
636,0.001,adam,637,29.083219051361084,0.00018354259833052578,0.0,1.049294772171176,0.00018354259833052578,,,,
637,0.001,adam,638,29.103585958480835,0.00018309387206368014,0.0,1.1147608590880984,0.00018309387206368014,,,,
638,0.001,adam,639,29.123959064483643,0.00018264665477802793,0.0,1.049381724448073,0.00018264665477802793,,,,
639,0.001,adam,640,29.14467144012451,0.000182201372118226,0.0,1.0240307336219998,0.000182201372118226,0.00544533769242879,0.0,1.0465093976686213,0.00544533769242879
640,0.001,adam,641,29.172274589538574,0.00018175757768391083,0.0,1.0120967516834505,0.00018175757768391083,,,,
641,0.001,adam,642,29.192570447921753,0.00018131544294323966,0.0,1.0809889015324408,0.00018131544294323966,,,,
642,0.001,adam,643,29.213225603103638,0.00018087507313468203,0.0,1.0170956629511472,0.00018087507313468203,,,,
643,0.001,adam,644,29.233787298202515,0.0001804361489792714,0.0,1.1573413852888745,0.0001804361489792714,,,,
644,0.001,adam,645,29.254202127456665,0.00017999895870041797,0.0,1.0815332351174816,0.00017999895870041797,,,,
645,0.001,adam,646,29.274134159088135,0.00017956334838781235,0.0,1.08031263240247,0.00017956334838781235,,,,
646,0.001,adam,647,29.2952618598938,0.0001791292437190432,0.0,1.1762396253177072,0.0001791292437190432,,,,
647,0.001,adam,648,29.316613912582397,0.0001786968197385172,0.0,1.0439435903984944,0.0001786968197385172,,,,
648,0.001,adam,649,29.336949825286865,0.00017826588870314633,0.0,1.0617181828398554,0.00017826588870314633,,,,
649,0.001,adam,650,29.357364654541016,0.00017783651250103928,0.0,1.0393958849019929,0.00017783651250103928,,,,
650,0.001,adam,651,29.377432107925415,0.0001774087035881165,0.0,1.0723222346405836,0.0001774087035881165,,,,
651,0.001,adam,652,29.397258758544922,0.00017698239056746756,0.0,1.0979393286304686,0.00017698239056746756,,,,
652,0.001,adam,653,29.4189350605011,0.00017655760951580066,0.0,1.059942790662338,0.00017655760951580066,,,,
653,0.001,adam,654,29.43908429145813,0.0001761343227449428,0.0,1.050632498833223,0.0001761343227449428,,,,
654,0.001,adam,655,29.45922541618347,0.00017571253891845195,0.0,1.0394238427903126,0.00017571253891845195,,,,
655,0.001,adam,656,29.479557752609253,0.00017529223907176912,0.0,1.0418614402086706,0.00017529223907176912,,,,
656,0.001,adam,657,29.501171112060547,0.0001748733942139268,0.0,1.0529073603124215,0.0001748733942139268,,,,
657,0.001,adam,658,29.52123761177063,0.00017445603522614334,0.0,1.1623930850229687,0.00017445603522614334,,,,
658,0.001,adam,659,29.54507327079773,0.00017404012459315758,0.0,1.1397457820725954,0.00017404012459315758,,,,
659,0.001,adam,660,29.56763219833374,0.00017362563738617607,0.0,0.9710655068037622,0.00017362563738617607,0.0054481405196966926,0.0,1.0414035990389165,0.0054481405196966926
660,0.001,adam,661,29.59490156173706,0.00017321261074498823,0.0,1.0346936724314162,0.00017321261074498823,,,,
661,0.001,adam,662,29.61500835418701,0.00017280100109133502,0.0,1.1233929549111754,0.00017280100109133502,,,,
662,0.001,adam,663,29.635047674179077,0.00017239078839530392,0.0,1.1345746408789963,0.00017239078839530392,,,,
663,0.001,adam,664,29.655587434768677,0.00017198200717416878,0.0,1.0604238187606359,0.00017198200717416878,,,,
664,0.001,adam,665,29.675551176071167,0.0001715746129489455,0.0,1.0184603566287926,0.0001715746129489455,,,,
665,0.001,adam,666,29.698357343673706,0.0001711685967657756,0.0,1.0587783074044572,0.0001711685967657756,,,,
666,0.001,adam,667,29.719457387924194,0.0001707639791474084,0.0,0.9995466858830705,0.0001707639791474084,,,,
667,0.001,adam,668,29.740683794021606,0.00017036072144151256,0.0,1.135205118862259,0.00017036072144151256,,,,
668,0.001,adam,669,29.76074719429016,0.00016995882397016318,0.0,1.0918013082532294,0.00016995882397016318,,,,
669,0.001,adam,670,29.781368255615234,0.00016955829259641023,0.0,1.068757962473801,0.00016955829259641023,,,,
670,0.001,adam,671,29.802945375442505,0.0001691590973683257,0.0,1.1419616675627124,0.0001691590973683257,,,,
671,0.001,adam,672,29.82331657409668,0.00016876124240280033,0.0,1.10109179947558,0.00016876124240280033,,,,
672,0.001,adam,673,29.844364404678345,0.0001683647244362472,0.0,1.033528298202499,0.0001683647244362472,,,,
673,0.001,adam,674,29.86405634880066,0.0001679695217123552,0.0,1.0553577880847897,0.0001679695217123552,,,,
674,0.001,adam,675,29.88654375076294,0.00016757563608977392,0.0,1.0277116205566637,0.00016757563608977392,,,,
675,0.001,adam,676,29.907522916793823,0.0001671830615000914,0.0,1.1070225584760596,0.0001671830615000914,,,,
676,0.001,adam,677,29.927315950393677,0.0001667917831937002,0.0,0.9979913830500688,0.0001667917831937002,,,,
677,0.001,adam,678,29.949156284332275,0.0001664017978679112,0.0,1.0125047662741629,0.0001664017978679112,,,,
678,0.001,adam,679,29.969432830810547,0.0001660130998682595,0.0,1.118231744212689,0.0001660130998682595,,,,
679,0.001,adam,680,29.991131067276,0.00016562567929671531,0.0,1.1111503222948407,0.00016562567929671531,0.005450950727916396,0.0,1.0362455978549496,0.005450950727916396
680,0.001,adam,681,30.01900887489319,0.00016523952955267162,0.0,1.0726893260647343,0.00016523952955267162,,,,
681,0.001,adam,682,30.038851499557495,0.0001648546444554035,0.0,1.0643272939306916,0.0001648546444554035,,,,
682,0.001,adam,683,30.059487342834473,0.0001644710168942046,0.0,1.1108143274981443,0.0001644710168942046,,,,
683,0.001,adam,684,30.080301523208618,0.0001640886404267858,0.0,1.0759671608241657,0.0001640886404267858,,,,
684,0.001,adam,685,30.102306127548218,0.0001637075070153549,0.0,1.0958599772017896,0.0001637075070153549,,,,
685,0.001,adam,686,30.122426986694336,0.00016332761091591202,0.0,0.9743209472691057,0.00016332761091591202,,,,
686,0.001,adam,687,30.14477252960205,0.0001629489469630994,0.0,1.03985731536521,0.0001629489469630994,,,,
687,0.001,adam,688,30.164749145507812,0.0001625715061384494,0.0,1.0985595197215272,0.0001625715061384494,,,,
688,0.001,adam,689,30.18836236000061,0.00016219528312224336,0.0,1.0228040444589221,0.00016219528312224336,,,,
689,0.001,adam,690,30.212442636489868,0.0001618202731176905,0.0,1.0735793379226528,0.0001618202731176905,,,,
690,0.001,adam,691,30.233314752578735,0.00016144646756788115,0.0,0.9999804306651351,0.00016144646756788115,,,,
691,0.001,adam,692,30.252872705459595,0.0001610738612951936,0.0,1.056182868153566,0.0001610738612951936,,,,
692,0.001,adam,693,30.274677515029907,0.0001607024492333655,0.0,1.0712305590587115,0.0001607024492333655,,,,
693,0.001,adam,694,30.295098781585693,0.00016033222372544053,0.0,1.0410098723292287,0.00016033222372544053,,,,
694,0.001,adam,695,30.315683841705322,0.0001599631793816158,0.0,0.9864180862455963,0.0001599631793816158,,,,
695,0.001,adam,696,30.33583426475525,0.00015959531132878492,0.0,1.0786913226387835,0.00015959531132878492,,,,
696,0.001,adam,697,30.35742974281311,0.00015922861264989463,0.0,1.102416900232579,0.00015922861264989463,,,,
697,0.001,adam,698,30.37738347053528,0.00015886307743113916,0.0,1.0855497103528557,0.00015886307743113916,,,,
698,0.001,adam,699,30.398170232772827,0.00015849870111449117,0.0,0.9930629676653651,0.00015849870111449117,,,,
699,0.001,adam,700,30.421360969543457,0.00015813547756509882,0.0,1.116333290589401,0.00015813547756509882,0.00545390747277395,0.0,1.031050230301373,0.00545390747277395
700,0.001,adam,701,30.449816465377808,0.00015777340067844945,0.0,1.0859873134906906,0.00015777340067844945,,,,
701,0.001,adam,702,30.46982979774475,0.00015741246568431205,0.0,1.0316098091142565,0.00015741246568431205,,,,
702,0.001,adam,703,30.489890336990356,0.0001570526670956878,0.0,1.0640511982574603,0.0001570526670956878,,,,
703,0.001,adam,704,30.51128911972046,0.00015669399911561493,0.0,1.1456732910886838,0.00015669399911561493,,,,
704,0.001,adam,705,30.532108783721924,0.00015633645680676456,0.0,1.0863032478089318,0.00015633645680676456,,,,
705,0.001,adam,706,30.55269765853882,0.00015598003479777028,0.0,1.0317311567462215,0.00015598003479777028,,,,
706,0.001,adam,707,30.572656631469727,0.00015562472779646737,0.0,1.0694159902205598,0.00015562472779646737,,,,
707,0.001,adam,708,30.59576940536499,0.0001552705308322038,0.0,1.0235689946975182,0.0001552705308322038,,,,
708,0.001,adam,709,30.620229959487915,0.00015491743881140146,0.0,1.0502078675277737,0.00015491743881140146,,,,
709,0.001,adam,710,30.64095973968506,0.00015456544660205534,0.0,1.0789634742074763,0.00015456544660205534,,,,
710,0.001,adam,711,30.66309094429016,0.00015421454967936963,0.0,0.9864468944855591,0.00015421454967936963,,,,
711,0.001,adam,712,30.683589458465576,0.00015386474317247926,0.0,1.066367876952786,0.00015386474317247926,,,,
712,0.001,adam,713,30.705840587615967,0.00015351602304148818,0.0,0.9843385553953317,0.00015351602304148818,,,,
713,0.001,adam,714,30.726516723632812,0.0001531683856693747,0.0,1.0722834637608567,0.0001531683856693747,,,,
714,0.001,adam,715,30.746956825256348,0.00015282182932997002,0.0,1.0949528216533282,0.00015282182932997002,,,,
715,0.001,adam,716,30.76685118675232,0.00015247635430321618,0.0,1.0713823301506475,0.00015247635430321618,,,,
716,0.001,adam,717,30.790256023406982,0.0001521319684837217,0.0,1.0442661443914063,0.0001521319684837217,,,,
717,0.001,adam,718,30.810731410980225,0.00015178869094883984,0.0,1.0659943428647143,0.00015178869094883984,,,,
718,0.001,adam,719,30.832171201705933,0.00015144657120644677,0.0,1.0836874607512836,0.00015144657120644677,,,,
719,0.001,adam,720,30.85589599609375,0.00015110571723810814,0.0,1.0308328376495528,0.00015110571723810814,0.005457242117471138,0.0,1.0258282317317549,0.005457242117471138
720,0.001,adam,721,30.88331437110901,0.00015076637966274437,0.0,1.035474392341507,0.00015076637966274437,,,,
721,0.001,adam,722,30.90579390525818,0.00015042911312316504,0.0,0.9471047098717171,0.00015042911312316504,,,,
722,0.001,adam,723,30.92595887184143,0.00015009519664568494,0.0,1.1749911119210226,0.00015009519664568494,,,,
723,0.001,adam,724,30.94676685333252,0.00014976755319606714,0.0,1.1347050444633595,0.00014976755319606714,,,,
724,0.001,adam,725,30.967711925506592,0.00014945304726752133,0.0,1.0905296162227782,0.00014945304726752133,,,,
725,0.001,adam,726,30.98895573616028,0.00014916784701061897,0.0,1.051988186725329,0.00014916784701061897,,,,
726,0.001,adam,727,31.010618209838867,0.0001489508774054692,0.0,1.0071299108493617,0.0001489508774054692,,,,
727,0.001,adam,728,31.0322425365448,0.00014889624354309577,0.0,1.1270959947817167,0.00014889624354309577,,,,
728,0.001,adam,729,31.05657696723938,0.00014923625221046534,0.0,1.0247157756874783,0.00014923625221046534,,,,
729,0.001,adam,730,31.076595306396484,0.00015054170376441387,0.0,1.0217618517601645,0.00015054170376441387,,,,
730,0.001,adam,731,31.09792447090149,0.00015424077968780413,0.0,0.9931376542542167,0.00015424077968780413,,,,
731,0.001,adam,732,31.120962858200073,0.00016375101013782557,0.0,1.0497208648752658,0.00016375101013782557,,,,
732,0.001,adam,733,31.143205642700195,0.00018708120013764305,0.0,1.0345508575971518,0.00018708120013764305,,,,
733,0.001,adam,734,31.163671493530273,0.00023870340703584513,0.0,1.0448487281791792,0.00023870340703584513,,,,
734,0.001,adam,735,31.18358302116394,0.0003356709029642404,0.0,1.1168790542570464,0.0003356709029642404,,,,
735,0.001,adam,736,31.204846382141113,0.00044617458841855073,0.0,0.9951887114329956,0.00044617458841855073,,,,
736,0.001,adam,737,31.225402355194092,0.0004710116076730003,0.0,1.096426543685454,0.0004710116076730003,,,,
737,0.001,adam,738,31.24532198905945,0.0003237065136199492,0.0,1.0162969545549625,0.0003237065136199492,,,,
738,0.001,adam,739,31.266056537628174,0.00019488552221739593,0.0,0.9974015874394133,0.00019488552221739593,,,,
739,0.001,adam,740,31.286893129348755,0.00022324032243942237,0.0,0.9924731145309991,0.00022324032243942237,0.005552910482539535,0.0,1.0256612279023019,0.005552910482539535
740,0.001,adam,741,31.31667399406433,0.00026607826195885673,0.0,1.0769859213059685,0.00026607826195885673,,,,
741,0.001,adam,742,31.337342262268066,0.0002170468690195345,0.0,0.9898131956333996,0.0002170468690195345,,,,
742,0.001,adam,743,31.357144832611084,0.00019768058448136735,0.0,0.9147812535836334,0.00019768058448136735,,,,
743,0.001,adam,744,31.378511428833008,0.0002360841795171656,0.0,1.2079477950578554,0.0002360841795171656,,,,
744,0.001,adam,745,31.398829698562622,0.00020891153413830283,0.0,0.9890629984360277,0.00020891153413830283,,,,
745,0.001,adam,746,31.420072555541992,0.0001632874871336329,0.0,1.1458126752849829,0.0001632874871336329,,,,
746,0.001,adam,747,31.439698696136475,0.00018854948331383087,0.0,1.1458476854168151,0.00018854948331383087,,,,
747,0.001,adam,748,31.460994482040405,0.00020628130334298216,0.0,0.9919888903894751,0.00020628130334298216,,,,
748,0.001,adam,749,31.48114824295044,0.00018012474226064402,0.0,1.0536634201769342,0.00018012474226064402,,,,
749,0.001,adam,750,31.50298309326172,0.00016566389751153263,0.0,1.0535532958753728,0.00016566389751153263,,,,
750,0.001,adam,751,31.524691820144653,0.00016670340836036875,0.0,0.9581882871093349,0.00016670340836036875,,,,
751,0.001,adam,752,31.544735431671143,0.00017225263561252192,0.0,1.0150509237697043,0.00017225263561252192,,,,
752,0.001,adam,753,31.566667556762695,0.0001748957578561726,0.0,0.9877789787818934,0.0001748957578561726,,,,
753,0.001,adam,754,31.588731050491333,0.0001603607196481162,0.0,1.0339957199685188,0.0001603607196481162,,,,
754,0.001,adam,755,31.60943031311035,0.0001539419940339301,0.0,0.995419129770178,0.0001539419940339301,,,,
755,0.001,adam,756,31.630558729171753,0.00016194617432606684,0.0,1.0446511406710415,0.00016194617432606684,,,,
756,0.001,adam,757,31.650609970092773,0.00015752004166797977,0.0,1.033396082032798,0.00015752004166797977,,,,
757,0.001,adam,758,31.671224355697632,0.00015393472694498684,0.0,1.0365340429849401,0.00015393472694498684,,,,
758,0.001,adam,759,31.691540241241455,0.00015741087966310782,0.0,1.0170668192581123,0.00015741087966310782,,,,
759,0.001,adam,760,31.712321043014526,0.00014797238541395554,0.0,1.0089146505439852,0.00014797238541395554,0.005447092432379085,0.0,1.013096264740792,0.005447092432379085
760,0.001,adam,761,31.741344213485718,0.00014478242620699476,0.0,0.9821099007982411,0.00014478242620699476,,,,
761,0.001,adam,762,31.76175570487976,0.00015550079577943414,0.0,1.0413301207897998,0.00015550079577943414,,,,
762,0.001,adam,763,31.782421827316284,0.0001504489662241362,0.0,1.1400907654584855,0.0001504489662241362,,,,
763,0.001,adam,764,31.803386211395264,0.00014030783313258687,0.0,1.068061168969005,0.00014030783313258687,,,,
764,0.001,adam,765,31.823904275894165,0.00014591677076529927,0.0,1.0648663745653717,0.00014591677076529927,,,,
765,0.001,adam,766,31.84563899040222,0.0001475645311297366,0.0,0.9849238157070959,0.0001475645311297366,,,,
766,0.001,adam,767,31.867554426193237,0.00014172264075604552,0.0,1.1036902730732066,0.00014172264075604552,,,,
767,0.001,adam,768,31.888718366622925,0.00014365474827907472,0.0,1.0172786804924339,0.00014365474827907472,,,,
768,0.001,adam,769,31.90931463241577,0.00014380414402353456,0.0,1.059356563663049,0.00014380414402353456,,,,
769,0.001,adam,770,31.930325508117676,0.00013845963178220314,0.0,1.1342458354219154,0.00013845963178220314,,,,
770,0.001,adam,771,31.950180530548096,0.00014023207426867686,0.0,0.9780082835768511,0.00014023207426867686,,,,
771,0.001,adam,772,31.97218370437622,0.00014310487422565808,0.0,1.1322239069198068,0.00014310487422565808,,,,
772,0.001,adam,773,31.99342918395996,0.00013907408996737493,0.0,1.0554139628036836,0.00013907408996737493,,,,
773,0.001,adam,774,32.01348638534546,0.0001371685869983155,0.0,1.0341600845316776,0.0001371685869983155,,,,
774,0.001,adam,775,32.035030126571655,0.00013893715452116044,0.0,0.969539511530687,0.00013893715452116044,,,,
775,0.001,adam,776,32.05616331100464,0.00013802703868657495,0.0,0.9227946044078312,0.00013802703868657495,,,,
776,0.001,adam,777,32.07734251022339,0.00013701839649749104,0.0,1.0709549154410245,0.00013701839649749104,,,,
777,0.001,adam,778,32.099101305007935,0.00013762471934658255,0.0,1.0643997214137249,0.00013762471934658255,,,,
778,0.001,adam,779,32.120906829833984,0.00013641683355129598,0.0,0.9917006894955165,0.00013641683355129598,,,,
779,0.001,adam,780,32.14279818534851,0.00013501074653203123,0.0,1.0338606349800057,0.00013501074653203123,0.005448361587457401,0.0,1.0087458998689784,0.005448361587457401
780,0.001,adam,781,32.17087411880493,0.00013560289015026046,0.0,1.0726174505588701,0.00013560289015026046,,,,
781,0.001,adam,782,32.194844484329224,0.00013567832223095773,0.0,1.0113507172446081,0.00013567832223095773,,,,
782,0.001,adam,783,32.21616792678833,0.0001347421996631828,0.0,1.1102106969783407,0.0001347421996631828,,,,
783,0.001,adam,784,32.23666286468506,0.00013435470944045307,0.0,1.0443783595893528,0.00013435470944045307,,,,
784,0.001,adam,785,32.25735783576965,0.000133881514850548,0.0,0.9897615965606782,0.000133881514850548,,,,
785,0.001,adam,786,32.27757120132446,0.00013324531964758646,0.0,1.0623486903035402,0.00013324531964758646,,,,
786,0.001,adam,787,32.297274112701416,0.00013333510874503546,0.0,1.1801995747135725,0.00013333510874503546,,,,
787,0.001,adam,788,32.31785345077515,0.00013326869464410352,0.0,1.0939894662531418,0.00013326869464410352,,,,
788,0.001,adam,789,32.33808255195618,0.0001325281170371526,0.0,1.0440164676594694,0.0001325281170371526,,,,
789,0.001,adam,790,32.35814642906189,0.00013212354955662625,0.0,0.9891361827018599,0.00013212354955662625,,,,
790,0.001,adam,791,32.38045883178711,0.00013194467474325,0.0,0.9765350359619978,0.00013194467474325,,,,
791,0.001,adam,792,32.40284276008606,0.0001314053143164869,0.0,1.0563465246643777,0.0001314053143164869,,,,
792,0.001,adam,793,32.42408013343811,0.0001311434348133257,0.0,0.9296894257125526,0.0001311434348133257,,,,
793,0.001,adam,794,32.44414496421814,0.00013121846337836728,0.0,0.9889188591328019,0.00013121846337836728,,,,
794,0.001,adam,795,32.46521472930908,0.00013079594717105641,0.0,1.0465069436046517,0.00013079594717105641,,,,
795,0.001,adam,796,32.48563885688782,0.00013016226958884495,0.0,0.9908198244517106,0.00013016226958884495,,,,
796,0.001,adam,797,32.506264209747314,0.00012998055353077297,0.0,1.0548719624053562,0.00012998055353077297,,,,
797,0.001,adam,798,32.52701139450073,0.00012981240447220956,0.0,0.9617442897609905,0.00012981240447220956,,,,
798,0.001,adam,799,32.54710674285889,0.00012935682554772378,0.0,1.0289892659078284,0.00012935682554772378,,,,
799,0.001,adam,800,32.56777906417847,0.0001291031714344387,0.0,1.0643883582024027,0.0001291031714344387,0.005466613892805337,0.0,1.0057988609089283,0.005466613892805337
800,0.001,adam,801,32.59698033332825,0.00012903423438334722,0.0,0.9207747960329637,0.00012903423438334722,,,,
801,0.001,adam,802,32.61789536476135,0.00012868459518303377,0.0,1.085014950155487,0.00012868459518303377,,,,
802,0.001,adam,803,32.638120889663696,0.0001282194625612547,0.0,1.1325886622206582,0.0001282194625612547,,,,
803,0.001,adam,804,32.65982270240784,0.00012798232260965363,0.0,0.9921708276601379,0.00012798232260965363,,,,
804,0.001,adam,805,32.68124556541443,0.0001277799653834132,0.0,1.0158977875216983,0.0001277799653834132,,,,
805,0.001,adam,806,32.70176696777344,0.0001274403867177033,0.0,1.005403493604381,0.0001274403867177033,,,,
806,0.001,adam,807,32.7224223613739,0.00012715993998014565,0.0,0.9491331913010139,0.00012715993998014565,,,,
807,0.001,adam,808,32.74285912513733,0.00012698324512180152,0.0,1.00311115155676,0.00012698324512180152,,,,
808,0.001,adam,809,32.76286554336548,0.00012672679247059608,0.0,1.0765701892501292,0.00012672679247059608,,,,
809,0.001,adam,810,32.78321075439453,0.00012639655946092404,0.0,1.0615801338042712,0.00012639655946092404,,,,
810,0.001,adam,811,32.80369853973389,0.000126119153200944,0.0,1.0865274979014141,0.000126119153200944,,,,
811,0.001,adam,812,32.82434606552124,0.00012586633705809644,0.0,1.0219779035367604,0.00012586633705809644,,,,
812,0.001,adam,813,32.84554862976074,0.00012557915746890064,0.0,1.076024173809699,0.00012557915746890064,,,,
813,0.001,adam,814,32.866236209869385,0.00012530577621157126,0.0,1.0003510973242218,0.00012530577621157126,,,,
814,0.001,adam,815,32.887916564941406,0.00012506747155731726,0.0,1.0054007122795197,0.00012506747155731726,,,,
815,0.001,adam,816,32.908005237579346,0.00012481870261479413,0.0,1.0374927083364067,0.00012481870261479413,,,,
816,0.001,adam,817,32.92926740646362,0.0001245598988313794,0.0,1.0531812754295111,0.0001245598988313794,,,,
817,0.001,adam,818,32.95255398750305,0.00012431727874520848,0.0,1.0110460058615334,0.00012431727874520848,,,,
818,0.001,adam,819,32.972806453704834,0.00012406783518811778,0.0,0.9801359164046002,0.00012406783518811778,,,,
819,0.001,adam,820,32.992942333221436,0.00012379605338096457,0.0,1.0409405395672333,0.00012379605338096457,0.0054700806041537665,0.0,1.0013112699316702,0.0054700806041537665
820,0.001,adam,821,33.021376609802246,0.00012353384731222909,0.0,1.068551036099914,0.00012353384731222909,,,,
821,0.001,adam,822,33.0456759929657,0.00012328868783827816,0.0,0.9800843809234578,0.00012328868783827816,,,,
822,0.001,adam,823,33.06793665885925,0.00012302995079237794,0.0,1.06723890826393,0.00012302995079237794,,,,
823,0.001,adam,824,33.09088444709778,0.00012275949770251774,0.0,0.9882312948673275,0.00012275949770251774,,,,
824,0.001,adam,825,33.112523794174194,0.00012250764007211873,0.0,1.0367511567206797,0.00012250764007211873,,,,
825,0.001,adam,826,33.13202786445618,0.00012226959537439425,0.0,1.0918936322723465,0.00012226959537439425,,,,
826,0.001,adam,827,33.15231275558472,0.00012201858530016491,0.0,1.0422185051450188,0.00012201858530016491,,,,
827,0.001,adam,828,33.172921657562256,0.00012176010452056511,0.0,0.8950325584358273,0.00012176010452056511,,,,
828,0.001,adam,829,33.19316482543945,0.0001215160883706832,0.0,1.0114606902925858,0.0001215160883706832,,,,
829,0.001,adam,830,33.214547872543335,0.00012128093307100068,0.0,1.0348605923101792,0.00012128093307100068,,,,
830,0.001,adam,831,33.23618197441101,0.00012103663989823639,0.0,1.0214257822489992,0.00012103663989823639,,,,
831,0.001,adam,832,33.25789761543274,0.00012078748433838635,0.0,0.9926368141437557,0.00012078748433838635,,,,
832,0.001,adam,833,33.2798969745636,0.0001205474321436339,0.0,1.0286620415673153,0.0001205474321436339,,,,
833,0.001,adam,834,33.3024206161499,0.0001203138170197563,0.0,1.031639320253103,0.0001203138170197563,,,,
834,0.001,adam,835,33.322826623916626,0.00012007712710706911,0.0,1.0793208582802776,0.00012007712710706911,,,,
835,0.001,adam,836,33.34364914894104,0.00011984031883921678,0.0,1.032928365362125,0.00011984031883921678,,,,
836,0.001,adam,837,33.36400008201599,0.0001196116448410835,0.0,1.0793976909468328,0.0001196116448410835,,,,
837,0.001,adam,838,33.384764432907104,0.00011939186239003262,0.0,1.0323797556300238,0.00011939186239003262,,,,
838,0.001,adam,839,33.40572929382324,0.00011918059110001572,0.0,1.0091581785632175,0.00011918059110001572,,,,
839,0.001,adam,840,33.42677879333496,0.00011898597026857868,0.0,1.041888532920148,0.00011898597026857868,0.005473776576403351,0.0,0.9961008111117488,0.005473776576403351
840,0.001,adam,841,33.45476174354553,0.00011882180725519468,0.0,1.0795169344199365,0.00011882180725519468,,,,
841,0.001,adam,842,33.4748752117157,0.00011870610810786363,0.0,1.0896127158397113,0.00011870610810786363,,,,
842,0.001,adam,843,33.49633240699768,0.0001186727239132657,0.0,0.9416612341887276,0.0001186727239132657,,,,
843,0.001,adam,844,33.51803231239319,0.00011878656857055005,0.0,0.9925831775275198,0.00011878656857055005,,,,
844,0.001,adam,845,33.538623571395874,0.00011916584812313864,0.0,1.107324609770188,0.00011916584812313864,,,,
845,0.001,adam,846,33.55907320976257,0.00012002236459764024,0.0,0.9081097044069099,0.00012002236459764024,,,,
846,0.001,adam,847,33.57907032966614,0.0001217652797860492,0.0,1.0576941213732574,0.0001217652797860492,,,,
847,0.001,adam,848,33.59886288642883,0.0001251576081035349,0.0,1.0184873418237195,0.0001251576081035349,,,,
848,0.001,adam,849,33.620933294296265,0.0001316975223722429,0.0,1.1236589455777575,0.0001316975223722429,,,,
849,0.001,adam,850,33.6430766582489,0.00014412248159259943,0.0,0.9521533106406285,0.00014412248159259943,,,,
850,0.001,adam,851,33.66493535041809,0.0001678047069089302,0.0,1.0753888156187525,0.0001678047069089302,,,,
851,0.001,adam,852,33.687721252441406,0.00021156834926923463,0.0,1.0155852645164618,0.00021156834926923463,,,,
852,0.001,adam,853,33.71176743507385,0.0002905850245457611,0.0,1.0178866065601526,0.0002905850245457611,,,,
853,0.001,adam,854,33.732704877853394,0.00041698775025144534,0.0,1.0171290340387888,0.00041698775025144534,,,,
854,0.001,adam,855,33.753177642822266,0.0005872907821634824,0.0,0.9752165157524442,0.0005872907821634824,,,,
855,0.001,adam,856,33.77371692657471,0.0007082158166265328,0.0,1.1497774737108568,0.0007082158166265328,,,,
856,0.001,adam,857,33.79405236244202,0.000634361574802941,0.0,1.1070837451139126,0.000634361574802941,,,,
857,0.001,adam,858,33.81638717651367,0.0003299303434605468,0.0,1.139931055464729,0.0003299303434605468,,,,
858,0.001,adam,859,33.83736181259155,0.00012575532698060965,0.0,0.964142797243501,0.00012575532698060965,,,,
859,0.001,adam,860,33.857996702194214,0.00024580247322303865,0.0,0.9694975115370769,0.00024580247322303865,0.005617538508819615,0.0,1.007824626261998,0.005617538508819615
860,0.001,adam,861,33.88779640197754,0.0003637976685364804,0.0,1.089013816184643,0.0003637976685364804,,,,
861,0.001,adam,862,33.907859563827515,0.0002186844893268765,0.0,0.9957329354876989,0.0002186844893268765,,,,
862,0.001,adam,863,33.930307388305664,0.00013290177205908503,0.0,0.9687738909589546,0.00013290177205908503,,,,
863,0.001,adam,864,33.95207953453064,0.0002481991268264623,0.0,1.0452472637122372,0.0002481991268264623,,,,
864,0.001,adam,865,33.97197508811951,0.00023304031426698982,0.0,1.0714356890160208,0.00023304031426698982,,,,
865,0.001,adam,866,33.992520332336426,0.00012889494246001682,0.0,1.1122650981671385,0.00012889494246001682,,,,
866,0.001,adam,867,34.01288914680481,0.00018323040211409004,0.0,1.0338809080738367,0.00018323040211409004,,,,
867,0.001,adam,868,34.033074378967285,0.00021017738625189733,0.0,1.0450323188984212,0.00021017738625189733,,,,
868,0.001,adam,869,34.054969787597656,0.0001325535692719866,0.0,1.047933188097732,0.0001325535692719866,,,,
869,0.001,adam,870,34.07541561126709,0.00015265695456793155,0.0,1.0867614593603434,0.00015265695456793155,,,,
870,0.001,adam,871,34.09742617607117,0.00018642760546378728,0.0,1.1279870169737631,0.00018642760546378728,,,,
871,0.001,adam,872,34.11783695220947,0.0001326890431108224,0.0,1.0765209141499859,0.0001326890431108224,,,,
872,0.001,adam,873,34.138535261154175,0.0001358010569712492,0.0,1.004333006023415,0.0001358010569712492,,,,
873,0.001,adam,874,34.15920686721802,0.00016763351659624575,0.0,0.9847996869167961,0.00016763351659624575,,,,
874,0.001,adam,875,34.17933392524719,0.00013149763102047278,0.0,1.0606195716263274,0.00013149763102047278,,,,
875,0.001,adam,876,34.19961714744568,0.00012546785058182398,0.0,1.040254932475468,0.00012546785058182398,,,,
876,0.001,adam,877,34.22005248069763,0.00015272635822956266,0.0,0.974019705004738,0.00015272635822956266,,,,
877,0.001,adam,878,34.24031066894531,0.00013004712629484583,0.0,1.0339275687133014,0.00013004712629484583,,,,
878,0.001,adam,879,34.260725021362305,0.00011973794438661678,0.0,1.069848967619888,0.00011973794438661678,,,,
879,0.001,adam,880,34.280539989471436,0.00014082932262666218,0.0,0.9540045660879795,0.00014082932262666218,0.0054256640152763455,0.0,0.9894495728096947,0.0054256640152763455
880,0.001,adam,881,34.3102023601532,0.00012794908906676105,0.0,1.0416625160276831,0.00012794908906676105,,,,
881,0.001,adam,882,34.330543756484985,0.00011691283576990507,0.0,0.9833713529531446,0.00011691283576990507,,,,
882,0.001,adam,883,34.35110092163086,0.00013179457324424666,0.0,1.0142376394348762,0.00013179457324424666,,,,
883,0.001,adam,884,34.37101483345032,0.00012509518472053345,0.0,1.0164431752605994,0.00012509518472053345,,,,
884,0.001,adam,885,34.392566442489624,0.00011516064463293812,0.0,1.0407169700475631,0.00011516064463293812,,,,
885,0.001,adam,886,34.41403651237488,0.00012524695867142005,0.0,1.0298771853549356,0.00012524695867142005,,,,
886,0.001,adam,887,34.434284687042236,0.000122241709802415,0.0,1.0891870619385677,0.000122241709802415,,,,
887,0.001,adam,888,34.45516014099121,0.0001136842923037104,0.0,0.9715293207758379,0.0001136842923037104,,,,
888,0.001,adam,889,34.475688457489014,0.00012038881531938819,0.0,1.0087839895962911,0.00012038881531938819,,,,
889,0.001,adam,890,34.49733877182007,0.0001199154562380274,0.0,0.9874022663138037,0.0001199154562380274,,,,
890,0.001,adam,891,34.51889681816101,0.00011247233908063627,0.0,0.9888428117372445,0.00011247233908063627,,,,
891,0.001,adam,892,34.53974533081055,0.00011632816815203073,0.0,0.9956204218893827,0.00011632816815203073,,,,
892,0.001,adam,893,34.56172204017639,0.00011780572055958279,0.0,0.9656652793002088,0.00011780572055958279,,,,
893,0.001,adam,894,34.581953287124634,0.00011179899327409126,0.0,0.9867116961485397,0.00011179899327409126,,,,
894,0.001,adam,895,34.60239338874817,0.0001130472797137266,0.0,1.0621748450404145,0.0001130472797137266,,,,
895,0.001,adam,896,34.62352800369263,0.00011555757414903876,0.0,1.062452787805174,0.00011555757414903876,,,,
896,0.001,adam,897,34.64392447471619,0.0001115142951601485,0.0,1.04784177524839,0.0001115142951601485,,,,
897,0.001,adam,898,34.66675615310669,0.00011077781763029578,0.0,1.0273389945428821,0.00011077781763029578,,,,
898,0.001,adam,899,34.687785625457764,0.0001132059094691099,0.0,0.9681092783414644,0.0001132059094691099,,,,
899,0.001,adam,900,34.70962142944336,0.0001111585011811038,0.0,1.0062938998042141,0.0001111585011811038,0.00542021852412677,0.0,0.9805086000544118,0.00542021852412677
900,0.001,adam,901,34.73745083808899,0.00010939463040824586,0.0,0.9682269834758349,0.00010939463040824586,,,,
901,0.001,adam,902,34.75859880447388,0.00011101752182880884,0.0,1.0505641865977453,0.00011101752182880884,,,,
902,0.001,adam,903,34.78333854675293,0.00011048230429397176,0.0,1.0219310977565113,0.00011048230429397176,,,,
903,0.001,adam,904,34.80480241775513,0.00010853052316360049,0.0,1.0095159852389457,0.00010853052316360049,,,,
904,0.001,adam,905,34.8243510723114,0.00010914583111061524,0.0,0.9358468758749744,0.00010914583111061524,,,,
905,0.001,adam,906,34.84649181365967,0.0001095311278055801,0.0,0.9978450837695618,0.0001095311278055801,,,,
906,0.001,adam,907,34.86825680732727,0.00010796164283826017,0.0,1.025656429254451,0.00010796164283826017,,,,
907,0.001,adam,908,34.888402700424194,0.00010763645337279914,0.0,0.9928941535983903,0.00010763645337279914,,,,
908,0.001,adam,909,34.90916419029236,0.00010835217881574651,0.0,0.8924244185337369,0.00010835217881574651,,,,
909,0.001,adam,910,34.929115533828735,0.00010753259416800612,0.0,1.074845690772375,0.00010753259416800612,,,,
910,0.001,adam,911,34.95164608955383,0.00010657752658073733,0.0,1.0003115364490582,0.00010657752658073733,,,,
911,0.001,adam,912,34.97438073158264,0.0001070097425960197,0.0,1.0787309639383897,0.0001070097425960197,,,,
912,0.001,adam,913,34.996384620666504,0.0001069665615288479,0.0,1.0007785574399946,0.0001069665615288479,,,,
913,0.001,adam,914,35.017319440841675,0.00010597432855487229,0.0,1.043135275056492,0.00010597432855487229,,,,
914,0.001,adam,915,35.0374641418457,0.00010578237830648127,0.0,0.9901153198416779,0.00010578237830648127,,,,
915,0.001,adam,916,35.05791354179382,0.0001060769737686035,0.0,1.0188035124387036,0.0001060769737686035,,,,
916,0.001,adam,917,35.079426765441895,0.00010554585292153656,0.0,1.0719210669433912,0.00010554585292153656,,,,
917,0.001,adam,918,35.10052013397217,0.00010492923403128671,0.0,1.04111543073418,0.00010492923403128671,,,,
918,0.001,adam,919,35.12060356140137,0.0001050165521312167,0.0,1.018457143399438,0.0001050165521312167,,,,
919,0.001,adam,920,35.14270043373108,0.00010494887331913839,0.0,0.9687447334957678,0.00010494887331913839,0.005439132434837014,0.0,0.9780515892608564,0.005439132434837014
920,0.001,adam,921,35.17158889770508,0.00010438327968039911,0.0,0.9653953101100935,0.00010438327968039911,,,,
921,0.001,adam,922,35.191781520843506,0.00010409589826935052,0.0,1.1105148517713448,0.00010409589826935052,,,,
922,0.001,adam,923,35.21191358566284,0.00010412480723694594,0.0,1.0949031231307331,0.00010412480723694594,,,,
923,0.001,adam,924,35.2335479259491,0.00010386520460082506,0.0,1.0366441804639377,0.00010386520460082506,,,,
924,0.001,adam,925,35.25396394729614,0.00010343665159981264,0.0,0.9737122416695005,0.00010343665159981264,,,,
925,0.001,adam,926,35.27498912811279,0.00010327051855528716,0.0,1.130149695046295,0.00010327051855528716,,,,
926,0.001,adam,927,35.29540801048279,0.0001031941319295062,0.0,1.1070248192582421,0.0001031941319295062,,,,
927,0.001,adam,928,35.315855741500854,0.00010290367382518394,0.0,0.995346821508685,0.00010290367382518394,,,,
928,0.001,adam,929,35.33634972572327,0.00010257323034308473,0.0,1.0161731145188344,0.00010257323034308473,,,,
929,0.001,adam,930,35.35655975341797,0.00010242440464971245,0.0,1.0424199264824412,0.00010242440464971245,,,,
930,0.001,adam,931,35.37992882728577,0.0001022952981592682,0.0,1.1367542541576003,0.0001022952981592682,,,,
931,0.001,adam,932,35.39990592002869,0.00010201740904498077,0.0,0.953568554037066,0.00010201740904498077,,,,
932,0.001,adam,933,35.42120409011841,0.00010173776729708293,0.0,1.0873949247154915,0.00010173776729708293,,,,
933,0.001,adam,934,35.44184899330139,0.0001015860558625332,0.0,0.9859423176728932,0.0001015860558625332,,,,
934,0.001,adam,935,35.461907148361206,0.00010143174508749117,0.0,0.9503777375131263,0.00010143174508749117,,,,
935,0.001,adam,936,35.48255014419556,0.00010117542917692144,0.0,0.9153156589121286,0.00010117542917692144,,,,
936,0.001,adam,937,35.50449728965759,0.00010092744297470555,0.0,1.0783976341824233,0.00010092744297470555,,,,
937,0.001,adam,938,35.52504324913025,0.0001007639272027154,0.0,0.9430577457780254,0.0001007639272027154,,,,
938,0.001,adam,939,35.546257972717285,0.00010059670879149674,0.0,1.0151800917456328,0.00010059670879149674,,,,
939,0.001,adam,940,35.56840229034424,0.00010036482613821589,0.0,1.1409776856769551,0.00010036482613821589,0.005450898598281412,0.0,0.9741945100175456,0.005450898598281412
940,0.001,adam,941,35.595906257629395,0.00010013448820228527,0.0,0.9921986585377358,0.00010013448820228527,,,,
941,0.001,adam,942,35.61637806892395,9.995707346080415e-05,0.0,1.015112459232149,9.995707346080415e-05,,,,
942,0.001,adam,943,35.63727617263794,9.978512651446548e-05,0.0,0.9405235783274601,9.978512651446548e-05,,,,
943,0.001,adam,944,35.658122062683105,9.957344049208075e-05,0.0,0.9837210621596639,9.957344049208075e-05,,,,
944,0.001,adam,945,35.67788314819336,9.9354139035945e-05,0.0,1.0309088904215857,9.9354139035945e-05,,,,
945,0.001,adam,946,35.69844126701355,9.916777538382944e-05,0.0,0.9966496970058814,9.916777538382944e-05,,,,
946,0.001,adam,947,35.719510555267334,9.899393147330823e-05,0.0,0.9616701880218874,9.899393147330823e-05,,,,
947,0.001,adam,948,35.74028730392456,9.879597853186589e-05,0.0,0.9931806100140441,9.879597853186589e-05,,,,
948,0.001,adam,949,35.76303243637085,9.858573835115147e-05,0.0,0.9557802329449263,9.858573835115147e-05,,,,
949,0.001,adam,950,35.78532862663269,9.839529674934737e-05,0.0,1.0812996478668595,9.839529674934737e-05,,,,
950,0.001,adam,951,35.80522012710571,9.821881022986721e-05,0.0,1.0074900347343991,9.821881022986721e-05,,,,
951,0.001,adam,952,35.82959246635437,9.802964462491606e-05,0.0,1.1070614670744294,9.802964462491606e-05,,,,
952,0.001,adam,953,35.850810527801514,9.782883743855225e-05,0.0,0.972849125843309,9.782883743855225e-05,,,,
953,0.001,adam,954,35.87274885177612,9.763679506823466e-05,0.0,1.0194381521185243,9.763679506823466e-05,,,,
954,0.001,adam,955,35.89267015457153,9.745651254137707e-05,0.0,0.9627065575529453,9.745651254137707e-05,,,,
955,0.001,adam,956,35.91284418106079,9.727372879818496e-05,0.0,1.0333159610268747,9.727372879818496e-05,,,,
956,0.001,adam,957,35.93611001968384,9.708229919317473e-05,0.0,0.9476160143119123,9.708229919317473e-05,,,,
957,0.001,adam,958,35.95638465881348,9.689072638044065e-05,0.0,0.9773028592549894,9.689072638044065e-05,,,,
958,0.001,adam,959,35.976539850234985,9.670689660158531e-05,0.0,1.025793975437242,9.670689660158531e-05,,,,
959,0.001,adam,960,35.997394323349,9.652729594658928e-05,0.0,0.9963226377083437,9.652729594658928e-05,0.005460915870120892,0.0,0.9706885523511217,0.005460915870120892
960,0.001,adam,961,36.02646231651306,9.634376417453192e-05,0.0,1.0517702673358351,9.634376417453192e-05,,,,
961,0.001,adam,962,36.048381090164185,9.615575720144348e-05,0.0,1.0567983836235695,9.615575720144348e-05,,,,
962,0.001,adam,963,36.06839656829834,9.597020298330276e-05,0.0,0.993848189007099,9.597020298330276e-05,,,,
963,0.001,adam,964,36.08923387527466,9.579035067540972e-05,0.0,0.9725698406642017,9.579035067540972e-05,,,,
964,0.001,adam,965,36.110414266586304,9.561151507978282e-05,0.0,1.0328432951442779,9.561151507978282e-05,,,,
965,0.001,adam,966,36.130359411239624,9.542917433716462e-05,0.0,1.0080046399203362,9.542917433716462e-05,,,,
966,0.001,adam,967,36.151883602142334,9.524536182521344e-05,0.0,1.0892717874934061,9.524536182521344e-05,,,,
967,0.001,adam,968,36.17239308357239,9.506441686651273e-05,0.0,0.9614379237082563,9.506441686651273e-05,,,,
968,0.001,adam,969,36.19290280342102,9.488658471985789e-05,0.0,0.9316884105142167,9.488658471985789e-05,,,,
969,0.001,adam,970,36.2132408618927,9.470875149513949e-05,0.0,1.1056691260244385,9.470875149513949e-05,,,,
970,0.001,adam,971,36.23421788215637,9.452918585811152e-05,0.0,1.1030963550174229,9.452918585811152e-05,,,,
971,0.001,adam,972,36.2551007270813,9.434927999474821e-05,0.0,1.0851390311458995,9.434927999474821e-05,,,,
972,0.001,adam,973,36.275808572769165,9.417119947199253e-05,0.0,0.9657436253850993,9.417119947199253e-05,,,,
973,0.001,adam,974,36.29601001739502,9.3995064230598e-05,0.0,1.0689348093006839,9.3995064230598e-05,,,,
974,0.001,adam,975,36.31647849082947,9.381916188223691e-05,0.0,0.8687157144783594,9.381916188223691e-05,,,,
975,0.001,adam,976,36.33676481246948,9.364245514654046e-05,0.0,1.0740645275193699,9.364245514654046e-05,,,,
976,0.001,adam,977,36.35726046562195,9.346568774087506e-05,0.0,1.0094278356621804,9.346568774087506e-05,,,,
977,0.001,adam,978,36.37733268737793,9.329005202799592e-05,0.0,1.0141952848470868,9.329005202799592e-05,,,,
978,0.001,adam,979,36.39766716957092,9.311571621371077e-05,0.0,0.9121578892198938,9.311571621371077e-05,,,,
979,0.001,adam,980,36.41791343688965,9.294190007448188e-05,0.0,0.9953551907217442,9.294190007448188e-05,0.005467072103497508,0.0,0.9670096872263606,0.005467072103497508
980,0.001,adam,981,36.44550323486328,9.276792072688921e-05,0.0,1.0657962833258927,9.276792072688921e-05,,,,
981,0.001,adam,982,36.46573758125305,9.259388105395812e-05,0.0,1.03533794299759,9.259388105395812e-05,,,,
982,0.001,adam,983,36.48548746109009,9.242043540182644e-05,0.0,0.9638522004481773,9.242043540182644e-05,,,,
983,0.001,adam,984,36.50537157058716,9.224799794446735e-05,0.0,1.0815052915512502,9.224799794446735e-05,,,,
984,0.001,adam,985,36.52572727203369,9.207628919271325e-05,0.0,1.0966072568770855,9.207628919271325e-05,,,,
985,0.001,adam,986,36.54617738723755,9.19047434395261e-05,0.0,0.9683570023746887,9.19047434395261e-05,,,,
986,0.001,adam,987,36.56760358810425,9.173321175960727e-05,0.0,0.9585083052145691,9.173321175960727e-05,,,,
987,0.001,adam,988,36.58827328681946,9.15620403395224e-05,0.0,0.9555551318534977,9.15620403395224e-05,,,,
988,0.001,adam,989,36.61009120941162,9.139155492844398e-05,0.0,0.9434948315895018,9.139155492844398e-05,,,,
989,0.001,adam,990,36.63358736038208,9.122173784255225e-05,0.0,1.0186099080699016,9.122173784255225e-05,,,,
990,0.001,adam,991,36.65509247779846,9.105236274549505e-05,0.0,1.0194910437809344,9.105236274549505e-05,,,,
991,0.001,adam,992,36.67608284950256,9.088324883616106e-05,0.0,0.9048912118622493,9.088324883616106e-05,,,,
992,0.001,adam,993,36.69640231132507,9.07143827110253e-05,0.0,0.9401887606541532,9.07143827110253e-05,,,,
993,0.001,adam,994,36.71702718734741,9.05458993971956e-05,0.0,1.0425269248884936,9.05458993971956e-05,,,,
994,0.001,adam,995,36.737592458724976,9.037795007678232e-05,0.0,1.030122929487031,9.037795007678232e-05,,,,
995,0.001,adam,996,36.759300231933594,9.021054601872316e-05,0.0,0.9962499762017885,9.021054601872316e-05,,,,
996,0.001,adam,997,36.78016757965088,9.004356699079231e-05,0.0,0.9652235172420202,9.004356699079231e-05,,,,
997,0.001,adam,998,36.80056715011597,8.987690254335618e-05,0.0,0.9790721568407008,8.987690254335618e-05,,,,
998,0.001,adam,999,36.82495594024658,8.971054563499126e-05,0.0,0.9681595000565661,8.971054563499126e-05,,,,
999,0.001,adam,1000,36.8458309173584,8.954457017294102e-05,0.0,0.9894312526559654,8.954457017294102e-05,0.005471220638125977,0.0,0.9633404648506843,0.005471220638125977
1000,0.001,adam,1001,36.87451219558716,8.937904495523992e-05,0.0,0.9677005129327931,8.937904495523992e-05,,,,
1001,0.001,adam,1002,36.8949875831604,8.92139808271765e-05,0.0,1.1177421209813372,8.92139808271765e-05,,,,
1002,0.001,adam,1003,36.91529417037964,8.90493334269489e-05,0.0,0.9999159647172142,8.90493334269489e-05,,,,
1003,0.001,adam,1004,36.93580198287964,8.888504581632274e-05,0.0,1.0159314949318605,8.888504581632274e-05,,,,
1004,0.001,adam,1005,36.955764293670654,8.87210964944563e-05,0.0,1.0201843521987226,8.87210964944563e-05,,,,
1005,0.001,adam,1006,36.97631907463074,8.855750737466604e-05,0.0,1.018251805980792,8.855750737466604e-05,,,,
1006,0.001,adam,1007,36.99695897102356,8.839431241387421e-05,0.0,1.0609011640942154,8.839431241387421e-05,,,,
1007,0.001,adam,1008,37.01944303512573,8.823152726067538e-05,0.0,0.9922280599451636,8.823152726067538e-05,,,,
1008,0.001,adam,1009,37.0402135848999,8.80691468258429e-05,0.0,1.9456709584665894,8.80691468258429e-05,,,,
1009,0.001,adam,1010,37.06159067153931,8.79071520144164e-05,0.0,0.9802261914010927,8.79071520144164e-05,,,,
1010,0.001,adam,1011,37.0847327709198,8.774551856119607e-05,0.0,0.9318782784177913,8.774551856119607e-05,,,,
1011,0.001,adam,1012,37.105106592178345,8.758423334162576e-05,0.0,1.1400261926704722,8.758423334162576e-05,,,,
1012,0.001,adam,1013,37.126197814941406,8.742330348824307e-05,0.0,0.8882186616267205,8.742330348824307e-05,,,,
1013,0.001,adam,1014,37.14669585227966,8.726274599575931e-05,0.0,1.0053835627197234,8.726274599575931e-05,,,,
1014,0.001,adam,1015,37.16736173629761,8.710257032272367e-05,0.0,0.9885465697792414,8.710257032272367e-05,,,,
1015,0.001,adam,1016,37.18867754936218,8.694277346325035e-05,0.0,0.9905928296701841,8.694277346325035e-05,,,,
1016,0.001,adam,1017,37.209046602249146,8.678334626431301e-05,0.0,0.9865534749450342,8.678334626431301e-05,,,,
1017,0.001,adam,1018,37.229053020477295,8.662427947963281e-05,0.0,0.976302118136784,8.662427947963281e-05,,,,
1018,0.001,adam,1019,37.25028085708618,8.646556588256634e-05,0.0,0.9173462828411724,8.646556588256634e-05,,,,
1019,0.001,adam,1020,37.2704701423645,8.6307202031939e-05,0.0,0.9860645839294782,8.6307202031939e-05,0.005474463850133673,0.0,0.9598029001390911,0.005474463850133673
1020,0.001,adam,1021,37.299338817596436,8.61491898888105e-05,0.0,0.9547681623647563,8.61491898888105e-05,,,,
1021,0.001,adam,1022,37.32110047340393,8.599153370563868e-05,0.0,0.9988435280300335,8.599153370563868e-05,,,,
1022,0.001,adam,1023,37.34087324142456,8.583423605431824e-05,0.0,1.0731277836199657,8.583423605431824e-05,,,,
1023,0.001,adam,1024,37.36233568191528,8.567729576267652e-05,0.0,0.9762012443957616,8.567729576267652e-05,,,,
1024,0.001,adam,1025,37.38172125816345,8.552070938972132e-05,0.0,0.9292438164168679,8.552070938972132e-05,,,,
1025,0.001,adam,1026,37.401344299316406,8.536447263947182e-05,0.0,0.9509224392364741,8.536447263947182e-05,,,,
1026,0.001,adam,1027,37.42216968536377,8.520858098175483e-05,0.0,1.0089663264750013,8.520858098175483e-05,,,,
1027,0.001,adam,1028,37.44211411476135,8.505303185257909e-05,0.0,0.9490931016296384,8.505303185257909e-05,,,,
1028,0.001,adam,1029,37.46310877799988,8.489782415495233e-05,0.0,0.8853820968255885,8.489782415495233e-05,,,,
1029,0.001,adam,1030,37.483365297317505,8.474295780431096e-05,0.0,0.9568044156849954,8.474295780431096e-05,,,,
1030,0.001,adam,1031,37.504374265670776,8.458843235810808e-05,0.0,1.0439211745694432,8.458843235810808e-05,,,,
1031,0.001,adam,1032,37.525468826293945,8.443424746422476e-05,0.0,0.921444910143069,8.443424746422476e-05,,,,
1032,0.001,adam,1033,37.546608686447144,8.4280402528853e-05,0.0,0.8490942468238625,8.4280402528853e-05,,,,
1033,0.001,adam,1034,37.56705069541931,8.412689646016366e-05,0.0,1.041726912067398,8.412689646016366e-05,,,,
1034,0.001,adam,1035,37.58855366706848,8.397372716387072e-05,0.0,0.9517347123929631,8.397372716387072e-05,,,,
1035,0.001,adam,1036,37.610315799713135,8.382089272997175e-05,0.0,0.9610948580870315,8.382089272997175e-05,,,,
1036,0.001,adam,1037,37.63063836097717,8.36683914543889e-05,0.0,1.0404322446886154,8.36683914543889e-05,,,,
1037,0.001,adam,1038,37.65108346939087,8.351622270883144e-05,0.0,1.0001057494407468,8.351622270883144e-05,,,,
1038,0.001,adam,1039,37.67122673988342,8.33643858552291e-05,0.0,0.9394405748348518,8.33643858552291e-05,,,,
1039,0.001,adam,1040,37.69177985191345,8.32128814026273e-05,0.0,0.9776549258863303,8.32128814026273e-05,0.005476983410453372,0.0,0.9563073404567858,0.005476983410453372
1040,0.001,adam,1041,37.72021508216858,8.306171082827986e-05,0.0,1.018831216460019,8.306171082827986e-05,,,,
1041,0.001,adam,1042,37.74102735519409,8.291087838925995e-05,0.0,1.1137853057376506,8.291087838925995e-05,,,,
1042,0.001,adam,1043,37.76235818862915,8.276039101050951e-05,0.0,0.9987958718692049,8.276039101050951e-05,,,,
1043,0.001,adam,1044,37.78242874145508,8.261026277734155e-05,0.0,0.9459156448614159,8.261026277734155e-05,,,,
1044,0.001,adam,1045,37.802796363830566,8.246051743396828e-05,0.0,1.0763736945520361,8.246051743396828e-05,,,,
1045,0.001,adam,1046,37.82422399520874,8.231120061192469e-05,0.0,0.925718498302742,8.231120061192469e-05,,,,
1046,0.001,adam,1047,37.84566020965576,8.216239230652771e-05,0.0,0.9707221220158786,8.216239230652771e-05,,,,
1047,0.001,adam,1048,37.865540981292725,8.201424379532277e-05,0.0,0.847857288848663,8.201424379532277e-05,,,,
1048,0.001,adam,1049,37.88829016685486,8.186703027020704e-05,0.0,1.00272643773211,8.186703027020704e-05,,,,
1049,0.001,adam,1050,37.911442041397095,8.172127545237418e-05,0.0,0.9507255592218116,8.172127545237418e-05,,,,
1050,0.001,adam,1051,37.93374514579773,8.157796170305353e-05,0.0,1.036981162325164,8.157796170305353e-05,,,,
1051,0.001,adam,1052,37.953293323516846,8.14389895178895e-05,0.0,1.0157262775532065,8.14389895178895e-05,,,,
1052,0.001,adam,1053,37.97435641288757,8.130802177305999e-05,0.0,1.0294845042597,8.130802177305999e-05,,,,
1053,0.001,adam,1054,37.99429416656494,8.119229412397884e-05,0.0,1.008357226282088,8.119229412397884e-05,,,,
1054,0.001,adam,1055,38.01686406135559,8.110608959887668e-05,0.0,0.968826714612636,8.110608959887668e-05,,,,
1055,0.001,adam,1056,38.037957191467285,8.107827802672637e-05,0.0,0.936695862084868,8.107827802672637e-05,,,,
1056,0.001,adam,1057,38.0588698387146,8.116704440544517e-05,0.0,1.9750082066137167,8.116704440544517e-05,,,,
1057,0.001,adam,1058,38.08018612861633,8.14928655289929e-05,0.0,0.8904996069469453,8.14928655289929e-05,,,,
1058,0.001,adam,1059,38.100456953048706,8.230243527431293e-05,0.0,0.9514300645594723,8.230243527431293e-05,,,,
1059,0.001,adam,1060,38.12161684036255,8.411882713089474e-05,0.0,1.0047440130283682,8.411882713089474e-05,0.0054701104169933065,0.0,0.9521134168463694,0.0054701104169933065
1060,0.001,adam,1061,38.150723934173584,8.80175306592953e-05,0.0,1.0918854683947603,8.80175306592953e-05,,,,
1061,0.001,adam,1062,38.17204236984253,9.631638768514426e-05,0.0,0.9549186876998975,9.631638768514426e-05,,,,
1062,0.001,adam,1063,38.193856716156006,0.00011362105063950897,0.0,1.0216986367962568,0.00011362105063950897,,,,
1063,0.001,adam,1064,38.21632409095764,0.00014958812251599895,0.0,0.9089018306072113,0.00014958812251599895,,,,
1064,0.001,adam,1065,38.24008059501648,0.00021990780798573489,0.0,0.9201833819756334,0.00021990780798573489,,,,
1065,0.001,adam,1066,38.262115240097046,0.0003491152099532202,0.0,1.0229777103008748,0.0003491152099532202,,,,
1066,0.001,adam,1067,38.283583641052246,0.0005340887668236094,0.0,1.02021340778783,0.0005340887668236094,,,,
1067,0.001,adam,1068,38.304367542266846,0.0007112570413410519,0.0,1.0073147449376143,0.0007112570413410519,,,,
1068,0.001,adam,1069,38.32510685920715,0.0006907488144365852,0.0,1.042201547751349,0.0006907488144365852,,,,
1069,0.001,adam,1070,38.34627556800842,0.0004574927951825894,0.0,0.9527321562262229,0.0004574927951825894,,,,
1070,0.001,adam,1071,38.36742568016052,0.0002796154912210174,0.0,0.9374550872964178,0.0002796154912210174,,,,
1071,0.001,adam,1072,38.389376401901245,0.0003026069925174327,0.0,1.0537874068041588,0.0003026069925174327,,,,
1072,0.001,adam,1073,38.41019797325134,0.00027697066498576694,0.0,0.9540235882491277,0.00027697066498576694,,,,
1073,0.001,adam,1074,38.43057322502136,0.00017680470040315845,0.0,1.032779047402442,0.00017680470040315845,,,,
1074,0.001,adam,1075,38.45107650756836,0.00024861952340464,0.0,0.9755955399565408,0.00024861952340464,,,,
1075,0.001,adam,1076,38.47139096260071,0.0002633327412428552,0.0,1.0056313443660478,0.0002633327412428552,,,,
1076,0.001,adam,1077,38.49267840385437,0.00012271887286690426,0.0,0.9963552688097937,0.00012271887286690426,,,,
1077,0.001,adam,1078,38.51297640800476,0.00016816849789184516,0.0,1.0903692656494737,0.00016816849789184516,,,,
1078,0.001,adam,1079,38.53365921974182,0.00022357446611299584,0.0,0.8624214822797398,0.00022357446611299584,,,,
1079,0.001,adam,1080,38.55581831932068,0.00011898184804109972,0.0,0.8742118250839699,0.00011898184804109972,0.005517561787370721,0.0,0.9521169714176205,0.005517561787370721
1080,0.001,adam,1081,38.58471345901489,0.00013543768746180032,0.0,1.0087407875758223,0.00013543768746180032,,,,
1081,0.001,adam,1082,38.60724973678589,0.0001666859845734339,0.0,0.9771233699988674,0.0001666859845734339,,,,
1082,0.001,adam,1083,38.62823462486267,0.00011608910150210871,0.0,0.9651601609689614,0.00011608910150210871,,,,
1083,0.001,adam,1084,38.649022817611694,0.00013432208918461873,0.0,0.9694152414737547,0.00013432208918461873,,,,
1084,0.001,adam,1085,38.670363903045654,0.00012111148452969994,0.0,0.994116293461316,0.00012111148452969994,,,,
1085,0.001,adam,1086,38.69548726081848,0.00010750407231365857,0.0,0.9404061955778202,0.00010750407231365857,,,,
1086,0.001,adam,1087,38.716625690460205,0.00013235044997680022,0.0,0.945204093113811,0.00013235044997680022,,,,
1087,0.001,adam,1088,38.7370228767395,9.907777899569015e-05,0.0,0.9911785366523537,9.907777899569015e-05,,,,
1088,0.001,adam,1089,38.75899577140808,0.00010167286244912805,0.0,1.0216371160687694,0.00010167286244912805,,,,
1089,0.001,adam,1090,38.78233528137207,0.0001165642766849303,0.0,1.0410810502008694,0.0001165642766849303,,,,
1090,0.001,adam,1091,38.80363154411316,9.627612991563386e-05,0.0,0.978692521693679,9.627612991563386e-05,,,,
1091,0.001,adam,1092,38.82550120353699,9.905056803941444e-05,0.0,1.0145444233223464,9.905056803941444e-05,,,,
1092,0.001,adam,1093,38.84955668449402,9.628446998755299e-05,0.0,1.0634626665522469,9.628446998755299e-05,,,,
1093,0.001,adam,1094,38.869946002960205,9.858883241459764e-05,0.0,0.9548639335231165,9.858883241459764e-05,,,,
1094,0.001,adam,1095,38.89110803604126,9.545780036356209e-05,0.0,0.9464193064632245,9.545780036356209e-05,,,,
1095,0.001,adam,1096,38.91077208518982,8.503963659693211e-05,0.0,0.9838709737750108,8.503963659693211e-05,,,,
1096,0.001,adam,1097,38.93125867843628,9.589442772890122e-05,0.0,0.976341409185002,9.589442772890122e-05,,,,
1097,0.001,adam,1098,38.9516544342041,9.020926769199867e-05,0.0,0.9986376928579098,9.020926769199867e-05,,,,
1098,0.001,adam,1099,38.971723794937134,8.424662310779474e-05,0.0,0.9944943262194907,8.424662310779474e-05,,,,
1099,0.001,adam,1100,38.99292802810669,8.876997188264991e-05,0.0,1.0397493484768383,8.876997188264991e-05,0.005481321778022359,0.0,0.9431029139352675,0.005481321778022359
1100,0.001,adam,1101,39.02087044715881,8.478490680132608e-05,0.0,0.970926940040559,8.478490680132608e-05,,,,
1101,0.001,adam,1102,39.04149293899536,8.657512842668201e-05,0.0,0.9300721477208505,8.657512842668201e-05,,,,
1102,0.001,adam,1103,39.062435150146484,8.285735376627583e-05,0.0,1.0345570348897635,8.285735376627583e-05,,,,
1103,0.001,adam,1104,39.083130836486816,8.094172331924018e-05,0.0,0.9068607337302519,8.094172331924018e-05,,,,
1104,0.001,adam,1105,39.10315299034119,8.599965417698956e-05,0.0,0.9595529254894318,8.599965417698956e-05,,,,
1105,0.001,adam,1106,39.12469530105591,8.012296853871585e-05,0.0,0.9561720777290287,8.012296853871585e-05,,,,
1106,0.001,adam,1107,39.145256996154785,7.968818280468934e-05,0.0,1.016959487963756,7.968818280468934e-05,,,,
1107,0.001,adam,1108,39.1688289642334,8.24919936302574e-05,0.0,1.0612471834816628,8.24919936302574e-05,,,,
1108,0.001,adam,1109,39.188886880874634,7.877416429012354e-05,0.0,1.0135786144241714,7.877416429012354e-05,,,,
1109,0.001,adam,1110,39.208630323410034,7.999493434267499e-05,0.0,0.9316139740513514,7.999493434267499e-05,,,,
1110,0.001,adam,1111,39.22931408882141,7.896351901076364e-05,0.0,0.9567947135657129,7.896351901076364e-05,,,,
1111,0.001,adam,1112,39.250900983810425,7.737466444234775e-05,0.0,0.9990222295510041,7.737466444234775e-05,,,,
1112,0.001,adam,1113,39.27421188354492,7.971354480727419e-05,0.0,0.9705281727997779,7.971354480727419e-05,,,,
1113,0.001,adam,1114,39.29446578025818,7.712578066563879e-05,0.0,0.9328657848388691,7.712578066563879e-05,,,,
1114,0.001,adam,1115,39.31707310676575,7.648455191780326e-05,0.0,1.0427596687702685,7.648455191780326e-05,,,,
1115,0.001,adam,1116,39.33743739128113,7.801111284313445e-05,0.0,1.0198719888892565,7.801111284313445e-05,,,,
1116,0.001,adam,1117,39.35769009590149,7.61606506985379e-05,0.0,1.0346210800555409,7.61606506985379e-05,,,,
1117,0.001,adam,1118,39.37856459617615,7.642656998027842e-05,0.0,2.1038210677202054,7.642656998027842e-05,,,,
1118,0.001,adam,1119,39.398850440979004,7.616152520168275e-05,0.0,0.9778306291947189,7.616152520168275e-05,,,,
1119,0.001,adam,1120,39.41912126541138,7.511140328825257e-05,0.0,0.9655740774711934,7.511140328825257e-05,0.005468626793368651,0.0,0.9463624167195561,0.005468626793368651
1120,0.001,adam,1121,39.446935415267944,7.618993046371298e-05,0.0,0.9431701200423657,7.618993046371298e-05,,,,
1121,0.001,adam,1122,39.46867823600769,7.523914860432191e-05,0.0,0.9304900803092178,7.523914860432191e-05,,,,
1122,0.001,adam,1123,39.490551710128784,7.439489340296376e-05,0.0,0.9622552690559537,7.439489340296376e-05,,,,
1123,0.001,adam,1124,39.510793924331665,7.517629689084909e-05,0.0,0.9021692173580451,7.517629689084909e-05,,,,
1124,0.001,adam,1125,39.534605741500854,7.457386181508348e-05,0.0,1.0372593838019188,7.457386181508348e-05,,,,
1125,0.001,adam,1126,39.55586123466492,7.42349811675579e-05,0.0,0.9925948340938195,7.42349811675579e-05,,,,
1126,0.001,adam,1127,39.57647180557251,7.422787311818846e-05,0.0,0.9079250923334481,7.422787311818846e-05,,,,
1127,0.001,adam,1128,39.597182750701904,7.370156984082168e-05,0.0,1.1037054107401556,7.370156984082168e-05,,,,
1128,0.001,adam,1129,39.61765241622925,7.388660738675522e-05,0.0,0.9845461091777239,7.388660738675522e-05,,,,
1129,0.001,adam,1130,39.638466119766235,7.370814975267286e-05,0.0,0.9731058803927735,7.370814975267286e-05,,,,
1130,0.001,adam,1131,39.65884709358215,7.312004618074082e-05,0.0,0.9475507879764613,7.312004618074082e-05,,,,
1131,0.001,adam,1132,39.67999053001404,7.322561540426779e-05,0.0,1.0840865480549242,7.322561540426779e-05,,,,
1132,0.001,adam,1133,39.700769901275635,7.309225224965718e-05,0.0,0.9883199634791519,7.309225224965718e-05,,,,
1133,0.001,adam,1134,39.72124791145325,7.278575104202729e-05,0.0,0.9545546344652355,7.278575104202729e-05,,,,
1134,0.001,adam,1135,39.742396116256714,7.275379153025681e-05,0.0,0.9565692133909007,7.275379153025681e-05,,,,
1135,0.001,adam,1136,39.76222062110901,7.244724124576843e-05,0.0,0.9596219108210828,7.244724124576843e-05,,,,
1136,0.001,adam,1137,39.786635875701904,7.229142519416463e-05,0.0,0.8540156188561003,7.229142519416463e-05,,,,
1137,0.001,adam,1138,39.807323932647705,7.231481220411143e-05,0.0,1.0126575871898376,7.231481220411143e-05,,,,
1138,0.001,adam,1139,39.82760953903198,7.202391541152458e-05,0.0,0.877829107031974,7.202391541152458e-05,,,,
1139,0.001,adam,1140,39.84798860549927,7.18489314814113e-05,0.0,1.0126583847012274,7.18489314814113e-05,0.005472732717994685,0.0,0.9430408792442131,0.005472732717994685
1140,0.001,adam,1141,39.87640595436096,7.176466220817592e-05,0.0,1.0217633301311857,7.176466220817592e-05,,,,
1141,0.001,adam,1142,39.897433280944824,7.15647119245107e-05,0.0,0.9180464526402551,7.15647119245107e-05,,,,
1142,0.001,adam,1143,39.918665170669556,7.149201978136418e-05,0.0,0.9849161739510436,7.149201978136418e-05,,,,
1143,0.001,adam,1144,39.938539266586304,7.133571720256766e-05,0.0,0.9310876211056931,7.133571720256766e-05,,,,
1144,0.001,adam,1145,39.95879244804382,7.11004634233006e-05,0.0,0.9842935930729718,7.11004634233006e-05,,,,
1145,0.001,adam,1146,39.98070979118347,7.103595092821311e-05,0.0,0.9658908263659978,7.103595092821311e-05,,,,
1146,0.001,adam,1147,40.00244212150574,7.091961123045007e-05,0.0,0.9187137806611384,7.091961123045007e-05,,,,
1147,0.001,adam,1148,40.0232629776001,7.073362381648259e-05,0.0,1.0215061571116277,7.073362381648259e-05,,,,
1148,0.001,adam,1149,40.04440903663635,7.06234650244039e-05,0.0,0.9991466673666611,7.06234650244039e-05,,,,
1149,0.001,adam,1150,40.0667839050293,7.047063091959319e-05,0.0,0.9402195414283543,7.047063091959319e-05,,,,
1150,0.001,adam,1151,40.088377475738525,7.032180340607792e-05,0.0,0.904136802188091,7.032180340607792e-05,,,,
1151,0.001,adam,1152,40.10890507698059,7.023627828364334e-05,0.0,0.9536688883553625,7.023627828364334e-05,,,,
1152,0.001,adam,1153,40.12932825088501,7.008742930906014e-05,0.0,1.025443209702409,7.008742930906014e-05,,,,
1153,0.001,adam,1154,40.14915943145752,6.993011394359576e-05,0.0,0.9922620844449191,6.993011394359576e-05,,,,
1154,0.001,adam,1155,40.170124530792236,6.982476745901493e-05,0.0,0.9726830057561038,6.982476745901493e-05,,,,
1155,0.001,adam,1156,40.190744161605835,6.968557771457589e-05,0.0,0.9594871564834223,6.968557771457589e-05,,,,
1156,0.001,adam,1157,40.21309781074524,6.955430110754014e-05,0.0,0.8959902414391662,6.955430110754014e-05,,,,
1157,0.001,adam,1158,40.23351192474365,6.945076514901496e-05,0.0,1.018559525063489,6.945076514901496e-05,,,,
1158,0.001,adam,1159,40.254573345184326,6.930293667496304e-05,0.0,0.9528491158288708,6.930293667496304e-05,,,,
1159,0.001,adam,1160,40.27558970451355,6.91641438561841e-05,0.0,0.9545982044712481,6.91641438561841e-05,0.00547741662433588,0.0,0.9408162530558093,0.00547741662433588
1160,0.001,adam,1161,40.30333375930786,6.905941275313895e-05,0.0,0.9239489209510949,6.905941275313895e-05,,,,
1161,0.001,adam,1162,40.32426571846008,6.892957016170923e-05,0.0,1.031714058489271,6.892957016170923e-05,,,,
1162,0.001,adam,1163,40.34498882293701,6.880065470496433e-05,0.0,1.015959054156199,6.880065470496433e-05,,,,
1163,0.001,adam,1164,40.36834764480591,6.868520198353768e-05,0.0,0.888782595824902,6.868520198353768e-05,,,,
1164,0.001,adam,1165,40.38835406303406,6.85512374202285e-05,0.0,0.9928667097838957,6.85512374202285e-05,,,,
1165,0.001,adam,1166,40.41227579116821,6.84254971340768e-05,0.0,0.9169007666490796,6.84254971340768e-05,,,,
1166,0.001,adam,1167,40.43232870101929,6.831488540787698e-05,0.0,1.0670782360896003,6.831488540787698e-05,,,,
1167,0.001,adam,1168,40.45204472541809,6.818931190133287e-05,0.0,0.8999590647714701,6.818931190133287e-05,,,,
1168,0.001,adam,1169,40.472184896469116,6.806345512729879e-05,0.0,0.8829371001150742,6.806345512729879e-05,,,,
1169,0.001,adam,1170,40.49555253982544,6.794718173614204e-05,0.0,1.004678984596115,6.794718173614204e-05,,,,
1170,0.001,adam,1171,40.51634240150452,6.782247409578038e-05,0.0,0.9684611300424908,6.782247409578038e-05,,,,
1171,0.001,adam,1172,40.53696274757385,6.769976349837907e-05,0.0,1.0162254077978343,6.769976349837907e-05,,,,
1172,0.001,adam,1173,40.557493448257446,6.758654555309363e-05,0.0,0.9550511646814783,6.758654555309363e-05,,,,
1173,0.001,adam,1174,40.57869625091553,6.746630204438757e-05,0.0,0.8384995097931679,6.746630204438757e-05,,,,
1174,0.001,adam,1175,40.599233627319336,6.734357164014286e-05,0.0,0.9611612995473763,6.734357164014286e-05,,,,
1175,0.001,adam,1176,40.61923670768738,6.722681574301592e-05,0.0,1.00042974329908,6.722681574301592e-05,,,,
1176,0.001,adam,1177,40.63966155052185,6.710751366944508e-05,0.0,0.9781453699448941,6.710751366944508e-05,,,,
1177,0.001,adam,1178,40.66063570976257,6.698835003444022e-05,0.0,0.884228409759228,6.698835003444022e-05,,,,
1178,0.001,adam,1179,40.68174505233765,6.687368970513394e-05,0.0,0.9501737010693571,6.687368970513394e-05,,,,
1179,0.001,adam,1180,40.7025465965271,6.675632253838398e-05,0.0,0.9263324597693483,6.675632253838398e-05,0.005480879695417424,0.0,0.9387901161916762,0.005480879695417424
1180,0.001,adam,1181,40.730021238327026,6.66373993030438e-05,0.0,0.9548497220222927,6.66373993030438e-05,,,,
1181,0.001,adam,1182,40.750741958618164,6.652151402289973e-05,0.0,1.02996217450909,6.652151402289973e-05,,,,
1182,0.001,adam,1183,40.7727792263031,6.640522509960356e-05,0.0,1.016538925782849,6.640522509960356e-05,,,,
1183,0.001,adam,1184,40.79339790344238,6.628840141362216e-05,0.0,1.0030004282227516,6.628840141362216e-05,,,,
1184,0.001,adam,1185,40.81519913673401,6.617381609015377e-05,0.0,1.0200482292817648,6.617381609015377e-05,,,,
1185,0.001,adam,1186,40.836323499679565,6.605915531667491e-05,0.0,0.9003082611468173,6.605915531667491e-05,,,,
1186,0.001,adam,1187,40.85811257362366,6.594332250545474e-05,0.0,0.9657469745878113,6.594332250545474e-05,,,,
1187,0.001,adam,1188,40.8785662651062,6.582846836555734e-05,0.0,0.8754760442937277,6.582846836555734e-05,,,,
1188,0.001,adam,1189,40.89860129356384,6.571410367239996e-05,0.0,1.0211838772518855,6.571410367239996e-05,,,,
1189,0.001,adam,1190,40.91840839385986,6.559957821788738e-05,0.0,0.9579047416955108,6.559957821788738e-05,,,,
1190,0.001,adam,1191,40.93955039978027,6.548609669912282e-05,0.0,0.9969135317002482,6.548609669912282e-05,,,,
1191,0.001,adam,1192,40.95943593978882,6.537299223386809e-05,0.0,0.9686362430177301,6.537299223386809e-05,,,,
1192,0.001,adam,1193,40.98070168495178,6.525946582527943e-05,0.0,0.9166746142915979,6.525946582527943e-05,,,,
1193,0.001,adam,1194,41.001142263412476,6.514643005598208e-05,0.0,1.144505478289544,6.514643005598208e-05,,,,
1194,0.001,adam,1195,41.022791385650635,6.503375550809501e-05,0.0,0.9726492244003513,6.503375550809501e-05,,,,
1195,0.001,adam,1196,41.04352068901062,6.492102829842907e-05,0.0,0.870299542702505,6.492102829842907e-05,,,,
1196,0.001,adam,1197,41.064634561538696,6.480885911390248e-05,0.0,0.9290857190197066,6.480885911390248e-05,,,,
1197,0.001,adam,1198,41.08572292327881,6.469716854318717e-05,0.0,1.042627260090408,6.469716854318717e-05,,,,
1198,0.001,adam,1199,41.10654377937317,6.458554158881932e-05,0.0,0.9472372098248508,6.458554158881932e-05,,,,
1199,0.001,adam,1200,41.127538442611694,6.447422870143234e-05,0.0,0.8799746932481689,6.447422870143234e-05,0.005482721385386662,0.0,0.9364334775257849,0.005482721385386662
1200,0.001,adam,1201,41.158225536346436,6.436318369916086e-05,0.0,0.9006311911094185,6.436318369916086e-05,,,,
1201,0.001,adam,1202,41.17853355407715,6.425215747805383e-05,0.0,0.8764560698099834,6.425215747805383e-05,,,,
1202,0.001,adam,1203,41.201619148254395,6.414145389811714e-05,0.0,0.9875733134796715,6.414145389811714e-05,,,,
1203,0.001,adam,1204,41.22284698486328,6.403118608479607e-05,0.0,0.9245672176782106,6.403118608479607e-05,,,,
1204,0.001,adam,1205,41.243722915649414,6.392105498397787e-05,0.0,0.9788584206596426,6.392105498397787e-05,,,,
1205,0.001,adam,1206,41.26519322395325,6.381117138632911e-05,0.0,1.0718704575262241,6.381117138632911e-05,,,,
1206,0.001,adam,1207,41.28629541397095,6.370169329287391e-05,0.0,0.9565385273088142,6.370169329287391e-05,,,,
1207,0.001,adam,1208,41.3074688911438,6.359235559747333e-05,0.0,0.9400920847479602,6.359235559747333e-05,,,,
1208,0.001,adam,1209,41.33178925514221,6.348315494596433e-05,0.0,0.8553548312277396,6.348315494596433e-05,,,,
1209,0.001,adam,1210,41.35210585594177,6.33742972100532e-05,0.0,0.948313224946783,6.33742972100532e-05,,,,
1210,0.001,adam,1211,41.37222599983215,6.326564410737318e-05,0.0,0.9090425334063543,6.326564410737318e-05,,,,
1211,0.001,adam,1212,41.39358162879944,6.31571446801604e-05,0.0,0.921925251561915,6.31571446801604e-05,,,,
1212,0.001,adam,1213,41.414390563964844,6.304898577376349e-05,0.0,1.0014775448937054,6.304898577376349e-05,,,,
1213,0.001,adam,1214,41.434784173965454,6.294110473409108e-05,0.0,0.9865262449797042,6.294110473409108e-05,,,,
1214,0.001,adam,1215,41.45639657974243,6.283336776707199e-05,0.0,0.9632113879891714,6.283336776707199e-05,,,,
1215,0.001,adam,1216,41.4771089553833,6.272588337619475e-05,0.0,0.9307191810796767,6.272588337619475e-05,,,,
1216,0.001,adam,1217,41.49699521064758,6.261868995527561e-05,0.0,1.0108366565388747,6.261868995527561e-05,,,,
1217,0.001,adam,1218,41.51972675323486,6.251166148496823e-05,0.0,0.949137278441982,6.251166148496823e-05,,,,
1218,0.001,adam,1219,41.54040861129761,6.240481916417271e-05,0.0,0.9425078193692604,6.240481916417271e-05,,,,
1219,0.001,adam,1220,41.56059527397156,6.229825406074665e-05,0.0,0.9229147065597958,6.229825406074665e-05,0.005484365470547595,0.0,0.9342518907668844,0.005484365470547595
1220,0.001,adam,1221,41.58826208114624,6.219190278086187e-05,0.0,1.001923991579149,6.219190278086187e-05,,,,
1221,0.001,adam,1222,41.609026193618774,6.208573006002673e-05,0.0,0.9742056521531852,6.208573006002673e-05,,,,
1222,0.001,adam,1223,41.628724813461304,6.197981459451363e-05,0.0,0.9230265143329504,6.197981459451363e-05,,,,
1223,0.001,adam,1224,41.64960813522339,6.187414165356024e-05,0.0,0.9940245493319925,6.187414165356024e-05,,,,
1224,0.001,adam,1225,41.67006993293762,6.176864952043835e-05,0.0,0.9314562830407684,6.176864952043835e-05,,,,
1225,0.001,adam,1226,41.69234871864319,6.166337768925323e-05,0.0,0.8526598043355007,6.166337768925323e-05,,,,
1226,0.001,adam,1227,41.71280884742737,6.155835115759874e-05,0.0,0.9739452232177133,6.155835115759874e-05,,,,
1227,0.001,adam,1228,41.73318672180176,6.145352205945069e-05,0.0,0.9994481007292612,6.145352205945069e-05,,,,
1228,0.001,adam,1229,41.753506898880005,6.134888630180519e-05,0.0,0.8817888879686467,6.134888630180519e-05,,,,
1229,0.001,adam,1230,41.773547887802124,6.124447724427986e-05,0.0,0.94464635671025,6.124447724427986e-05,,,,
1230,0.001,adam,1231,41.79447364807129,6.114028128957028e-05,0.0,0.9146360614025504,6.114028128957028e-05,,,,
1231,0.001,adam,1232,41.81532168388367,6.103627687018578e-05,0.0,0.9462490373723664,6.103627687018578e-05,,,,
1232,0.001,adam,1233,41.83700394630432,6.093248237889327e-05,0.0,0.9002843282575895,6.093248237889327e-05,,,,
1233,0.001,adam,1234,41.86038589477539,6.082890511272414e-05,0.0,1.0017554081950537,6.082890511272414e-05,,,,
1234,0.001,adam,1235,41.881969690322876,6.072552449771821e-05,0.0,1.02089769881604,6.072552449771821e-05,,,,
1235,0.001,adam,1236,41.90419149398804,6.0622342737728216e-05,0.0,0.9200251294934875,6.0622342737728216e-05,,,,
1236,0.001,adam,1237,41.92782020568848,6.0519373939989895e-05,0.0,0.9685027191430716,6.0519373939989895e-05,,,,
1237,0.001,adam,1238,41.94902276992798,6.041660812579197e-05,0.0,0.9522398829994454,6.041660812579197e-05,,,,
1238,0.001,adam,1239,41.9704315662384,6.0314036568161536e-05,0.0,0.8383853702386853,6.0314036568161536e-05,,,,
1239,0.001,adam,1240,41.99095606803894,6.021166799703471e-05,0.0,0.9703947437110987,6.021166799703471e-05,0.0054858014445997565,0.0,0.9321208969567811,0.0054858014445997565
1240,0.001,adam,1241,42.018505573272705,6.010950270386949e-05,0.0,1.0186628733029468,6.010950270386949e-05,,,,
1241,0.001,adam,1242,42.03887224197388,6.0007532541848025e-05,0.0,1.000337256800163,6.0007532541848025e-05,,,,
1242,0.001,adam,1243,42.05890893936157,5.990575873559288e-05,0.0,1.0029347978823147,5.990575873559288e-05,,,,
1243,0.001,adam,1244,42.080469846725464,5.9804184464593555e-05,0.0,0.9558518084694553,5.9804184464593555e-05,,,,
1244,0.001,adam,1245,42.10118222236633,5.9702805178004185e-05,0.0,1.024908034098215,5.9702805178004185e-05,,,,
1245,0.001,adam,1246,42.12285017967224,5.9601618142087776e-05,0.0,0.9906662518119809,5.9601618142087776e-05,,,,
1246,0.001,adam,1247,42.14406228065491,5.950062625661264e-05,0.0,0.9576840505632156,5.950062625661264e-05,,,,
1247,0.001,adam,1248,42.16477823257446,5.9399828747596785e-05,0.0,0.9413376121683481,5.9399828747596785e-05,,,,
1248,0.001,adam,1249,42.18560314178467,5.929922152146647e-05,0.0,0.9233882604283465,5.929922152146647e-05,,,,
1249,0.001,adam,1250,42.20579981803894,5.919880502829058e-05,0.0,0.9423505219857458,5.919880502829058e-05,,,,
1250,0.001,adam,1251,42.2268853187561,5.9098580433289054e-05,0.0,0.9579592032587222,5.9098580433289054e-05,,,,
1251,0.001,adam,1252,42.248966693878174,5.899854486939111e-05,0.0,0.9250614473295368,5.899854486939111e-05,,,,
1252,0.001,adam,1253,42.26983046531677,5.889869702113548e-05,0.0,0.9291010948252918,5.889869702113548e-05,,,,
1253,0.001,adam,1254,42.290685176849365,5.879903810785396e-05,0.0,0.9494537581138474,5.879903810785396e-05,,,,
1254,0.001,adam,1255,42.31234669685364,5.869956690565796e-05,0.0,1.0942250959325293,5.869956690565796e-05,,,,
1255,0.001,adam,1256,42.335819482803345,5.8600281112089506e-05,0.0,1.0428132795093632,5.8600281112089506e-05,,,,
1256,0.001,adam,1257,42.35821485519409,5.850118086366625e-05,0.0,0.9456762016009946,5.850118086366625e-05,,,,
1257,0.001,adam,1258,42.37998080253601,5.840226656429658e-05,0.0,0.9617583773258606,5.840226656429658e-05,,,,
1258,0.001,adam,1259,42.40070676803589,5.83035366317472e-05,0.0,0.8215281003050234,5.83035366317472e-05,,,,
1259,0.001,adam,1260,42.42142105102539,5.8204989829153795e-05,0.0,0.9447023083892988,5.8204989829153795e-05,0.0054870115289640635,0.0,0.9300675981467159,0.0054870115289640635
1260,0.001,adam,1261,42.450345039367676,5.810662683063035e-05,0.0,0.9526421564901864,5.810662683063035e-05,,,,
1261,0.001,adam,1262,42.4708034992218,5.800844771416124e-05,0.0,0.9238997801697165,5.800844771416124e-05,,,,
1262,0.001,adam,1263,42.491228103637695,5.7910451840399934e-05,0.0,0.8898173406216214,5.7910451840399934e-05,,,,
1263,0.001,adam,1264,42.51313400268555,5.7812640389939544e-05,0.0,0.9972507772910241,5.7812640389939544e-05,,,,
1264,0.001,adam,1265,42.53536581993103,5.7715016875397495e-05,0.0,1.0019689266536624,5.7715016875397495e-05,,,,
1265,0.001,adam,1266,42.55617356300354,5.7617586200053546e-05,0.0,1.002062550214308,5.7617586200053546e-05,,,,
1266,0.001,adam,1267,42.57699680328369,5.7520358232209885e-05,0.0,0.8927347552391989,5.7520358232209885e-05,,,,
1267,0.001,adam,1268,42.59697413444519,5.742335306977061e-05,0.0,1.0098293780245853,5.742335306977061e-05,,,,
1268,0.001,adam,1269,42.61940670013428,5.7326609406064273e-05,0.0,1.0209460654570575,5.7326609406064273e-05,,,,
1269,0.001,adam,1270,42.63885521888733,5.723019963990249e-05,0.0,0.912770787976176,5.723019963990249e-05,,,,
1270,0.001,adam,1271,42.660314321517944,5.713426479682837e-05,0.0,0.8646497030783248,5.713426479682837e-05,,,,
1271,0.001,adam,1272,42.68195104598999,5.703907884001889e-05,0.0,0.9361121219964634,5.703907884001889e-05,,,,
1272,0.001,adam,1273,42.70321083068848,5.6945181009403454e-05,0.0,0.886216859521131,5.6945181009403454e-05,,,,
1273,0.001,adam,1274,42.724997758865356,5.68536366438387e-05,0.0,1.0981679026728042,5.68536366438387e-05,,,,
1274,0.001,adam,1275,42.747758865356445,5.676658165959406e-05,0.0,0.8487864878900637,5.676658165959406e-05,,,,
1275,0.001,adam,1276,42.76930212974548,5.668832382475787e-05,0.0,0.9042478196480317,5.668832382475787e-05,,,,
1276,0.001,adam,1277,42.790544271469116,5.662765833601853e-05,0.0,0.9266482289582372,5.662765833601853e-05,,,,
1277,0.001,adam,1278,42.81202054023743,5.660266116256634e-05,0.0,0.935949537281372,5.660266116256634e-05,,,,
1278,0.001,adam,1279,42.83284854888916,5.665093951775781e-05,0.0,1.037797148565782,5.665093951775781e-05,,,,
1279,0.001,adam,1280,42.854801177978516,5.6851161351641644e-05,0.0,1.0197370710110043,5.6851161351641644e-05,0.005487067025983212,0.0,0.9265390097527078,0.005487067025983212
1280,0.001,adam,1281,42.88229727745056,5.7370032463415556e-05,0.0,0.9471305179086856,5.7370032463415556e-05,,,,
1281,0.001,adam,1282,42.902809143066406,5.856151917913258e-05,0.0,0.8512772644154805,5.856151917913258e-05,,,,
1282,0.001,adam,1283,42.92519211769104,6.11878910480924e-05,0.0,0.988717603799224,6.11878910480924e-05,,,,
1283,0.001,adam,1284,42.94672703742981,6.687840613774177e-05,0.0,0.9325588788329267,6.687840613774177e-05,,,,
1284,0.001,adam,1285,42.967702865600586,7.915782480695664e-05,0.0,0.903162477789578,7.915782480695664e-05,,,,
1285,0.001,adam,1286,42.98837232589722,0.00010536534331151834,0.0,0.9795377372433933,0.00010536534331151834,,,,
1286,0.001,adam,1287,43.0105619430542,0.00016054006569984474,0.0,0.9589326917380152,0.00016054006569984474,,,,
1287,0.001,adam,1288,43.03160881996155,0.0002705519282163256,0.0,0.998162531121414,0.0002705519282163256,,,,
1288,0.001,adam,1289,43.052329301834106,0.0004686570180955199,0.0,0.9273844421023056,0.0004686570180955199,,,,
1289,0.001,adam,1290,43.07273077964783,0.0007366499770437058,0.0,0.9219871981911121,0.0007366499770437058,,,,
1290,0.001,adam,1291,43.09373426437378,0.000893781736298269,0.0,0.9634606412858778,0.000893781736298269,,,,
1291,0.001,adam,1292,43.11502647399902,0.0006347428245419552,0.0,0.9968091279254805,0.0006347428245419552,,,,
1292,0.001,adam,1293,43.13554930686951,0.0001596460720656222,0.0,0.9018175216252138,0.0001596460720656222,,,,
1293,0.001,adam,1294,43.15593862533569,0.00016088087890747953,0.0,0.9661793197800485,0.00016088087890747953,,,,
1294,0.001,adam,1295,43.17881798744202,0.00040672795287055,0.0,0.983529251102009,0.00040672795287055,,,,
1295,0.001,adam,1296,43.200159788131714,0.00022608750727418943,0.0,0.8951234002751306,0.00022608750727418943,,,,
1296,0.001,adam,1297,43.22291874885559,0.0001128761493981246,0.0,1.095520295346342,0.0001128761493981246,,,,
1297,0.001,adam,1298,43.24376153945923,0.0002675993239594454,0.0,0.9902968030231432,0.0002675993239594454,,,,
1298,0.001,adam,1299,43.2636981010437,0.0001697142324704245,0.0,0.9419370440949825,0.0001697142324704245,,,,
1299,0.001,adam,1300,43.28394842147827,0.00012181342055522715,0.0,0.8861237920914586,0.00012181342055522715,0.005419773703303871,0.0,0.9428520579655051,0.005419773703303871
1300,0.001,adam,1301,43.311789751052856,0.0001916075291179584,0.0,0.9887143029943942,0.0001916075291179584,,,,
1301,0.001,adam,1302,43.332284450531006,0.00012617093419966852,0.0,1.0091764473661806,0.00012617093419966852,,,,
1302,0.001,adam,1303,43.35433888435364,0.00012802527917973804,0.0,0.964024552161543,0.00012802527917973804,,,,
1303,0.001,adam,1304,43.376627922058105,0.0001347483141786776,0.0,1.0038200116464218,0.0001347483141786776,,,,
1304,0.001,adam,1305,43.39905023574829,0.00011252311168731962,0.0,0.9115259595543661,0.00011252311168731962,,,,
1305,0.001,adam,1306,43.42003798484802,0.00011690631867411213,0.0,0.929993430941277,0.00011690631867411213,,,,
1306,0.001,adam,1307,43.44243049621582,9.987991787013092e-05,0.0,0.978202165618411,9.987991787013092e-05,,,,
1307,0.001,adam,1308,43.462785959243774,0.0001098638875740192,0.0,0.8688343208845379,0.0001098638875740192,,,,
1308,0.001,adam,1309,43.48326110839844,9.467034273644553e-05,0.0,1.0692954583098346,9.467034273644553e-05,,,,
1309,0.001,adam,1310,43.504587173461914,8.81587518942284e-05,0.0,1.0708959086005592,8.81587518942284e-05,,,,
1310,0.001,adam,1311,43.52700090408325,0.00010166888979779312,0.0,0.9534291708755763,0.00010166888979779312,,,,
1311,0.001,adam,1312,43.54685091972351,7.519003708122942e-05,0.0,0.9054872672200285,7.519003708122942e-05,,,,
1312,0.001,adam,1313,43.56733322143555,8.808406725140625e-05,0.0,0.9608439693385507,8.808406725140625e-05,,,,
1313,0.001,adam,1314,43.58982014656067,8.563260329462739e-05,0.0,1.0192606983832966,8.563260329462739e-05,,,,
1314,0.001,adam,1315,43.609710454940796,6.716758475113956e-05,0.0,0.971949995108951,6.716758475113956e-05,,,,
1315,0.001,adam,1316,43.630987882614136,8.707951905564493e-05,0.0,1.0505610030599768,8.707951905564493e-05,,,,
1316,0.001,adam,1317,43.65429186820984,6.95479436889482e-05,0.0,0.9378665516088749,6.95479436889482e-05,,,,
1317,0.001,adam,1318,43.67621183395386,6.883196164050465e-05,0.0,0.9523219408374788,6.883196164050465e-05,,,,
1318,0.001,adam,1319,43.69668984413147,7.953092655341126e-05,0.0,0.9611901687187832,7.953092655341126e-05,,,,
1319,0.001,adam,1320,43.71865653991699,6.090981861366539e-05,0.0,0.9793290434467471,6.090981861366539e-05,0.005321212951924375,0.0,0.9202116629305196,0.005321212951924375
1320,0.001,adam,1321,43.74647068977356,7.178867683646471e-05,0.0,0.9562252951808805,7.178867683646471e-05,,,,
1321,0.001,adam,1322,43.768117904663086,6.81340549029673e-05,0.0,0.8600391947089993,6.81340549029673e-05,,,,
1322,0.001,adam,1323,43.78829598426819,6.0150716292246333e-05,0.0,0.9336329513140104,6.0150716292246333e-05,,,,
1323,0.001,adam,1324,43.8081636428833,6.962189169359016e-05,0.0,0.9998685993133973,6.962189169359016e-05,,,,
1324,0.001,adam,1325,43.82812476158142,6.003447693200614e-05,0.0,0.8802069447803987,6.003447693200614e-05,,,,
1325,0.001,adam,1326,43.84891939163208,6.22103561076936e-05,0.0,0.9753710968319474,6.22103561076936e-05,,,,
1326,0.001,adam,1327,43.86980414390564,6.389725746990487e-05,0.0,1.1153551762329854,6.389725746990487e-05,,,,
1327,0.001,adam,1328,43.89137506484985,5.775130750879417e-05,0.0,0.8768680375451364,5.775130750879417e-05,,,,
1328,0.001,adam,1329,43.91211724281311,6.21087713776029e-05,0.0,0.916823715797426,6.21087713776029e-05,,,,
1329,0.001,adam,1330,43.93335485458374,5.897256555925966e-05,0.0,0.9009129681645407,5.897256555925966e-05,,,,
1330,0.001,adam,1331,43.95362901687622,5.812422790378071e-05,0.0,0.9093382104100394,5.812422790378071e-05,,,,
1331,0.001,adam,1332,43.973464012145996,5.9642008052610996e-05,0.0,0.9824041707118827,5.9642008052610996e-05,,,,
1332,0.001,adam,1333,43.994170904159546,5.663178046844594e-05,0.0,1.0187933176810449,5.663178046844594e-05,,,,
1333,0.001,adam,1334,44.01517677307129,5.797311152085682e-05,0.0,0.8887853202628324,5.797311152085682e-05,,,,
1334,0.001,adam,1335,44.035454750061035,5.694200534780033e-05,0.0,0.9345947542709061,5.694200534780033e-05,,,,
1335,0.001,adam,1336,44.05674958229065,5.5884037219214746e-05,0.0,0.8925690414429098,5.5884037219214746e-05,,,,
1336,0.001,adam,1337,44.07968854904175,5.6852075052447524e-05,0.0,0.856462057974991,5.6852075052447524e-05,,,,
1337,0.001,adam,1338,44.10017800331116,5.520583107149225e-05,0.0,0.9850347183601571,5.520583107149225e-05,,,,
1338,0.001,adam,1339,44.122116804122925,5.546730705749942e-05,0.0,0.9489716923587199,5.546730705749942e-05,,,,
1339,0.001,adam,1340,44.1437771320343,5.548252678473455e-05,0.0,0.9621667925513883,5.548252678473455e-05,0.005375549741230099,0.0,0.9205855813067592,0.005375549741230099
1340,0.001,adam,1341,44.17112970352173,5.42312821075358e-05,0.0,0.9384192556321619,5.42312821075358e-05,,,,
1341,0.001,adam,1342,44.19253206253052,5.496388654577289e-05,0.0,0.91954258380882,5.496388654577289e-05,,,,
1342,0.001,adam,1343,44.21349024772644,5.4262962198361694e-05,0.0,0.908049695280899,5.4262962198361694e-05,,,,
1343,0.001,adam,1344,44.234153270721436,5.365841294293841e-05,0.0,0.9278833214244943,5.365841294293841e-05,,,,
1344,0.001,adam,1345,44.25475740432739,5.4309515240442005e-05,0.0,0.8994284478477302,5.4309515240442005e-05,,,,
1345,0.001,adam,1346,44.275256872177124,5.329326814039743e-05,0.0,0.9605212596265668,5.329326814039743e-05,,,,
1346,0.001,adam,1347,44.29867458343506,5.33039517280762e-05,0.0,0.9132661115798131,5.33039517280762e-05,,,,
1347,0.001,adam,1348,44.31976652145386,5.3526664243699875e-05,0.0,0.8411447462571129,5.3526664243699875e-05,,,,
1348,0.001,adam,1349,44.34074282646179,5.263113827107327e-05,0.0,0.9264743308884654,5.263113827107327e-05,,,,
1349,0.001,adam,1350,44.36060857772827,5.297401452585965e-05,0.0,0.9873669596574292,5.297401452585965e-05,,,,
1350,0.001,adam,1351,44.38229417800903,5.2737689704009244e-05,0.0,0.9541095518599203,5.2737689704009244e-05,,,,
1351,0.001,adam,1352,44.40351390838623,5.222731834531634e-05,0.0,0.8956869281221348,5.222731834531634e-05,,,,
1352,0.001,adam,1353,44.4253351688385,5.25516865552455e-05,0.0,0.9463733769291187,5.25516865552455e-05,,,,
1353,0.001,adam,1354,44.4468252658844,5.208932704528196e-05,0.0,0.9797217965738995,5.208932704528196e-05,,,,
1354,0.001,adam,1355,44.46655225753784,5.193610522932465e-05,0.0,0.9503482309985902,5.193610522932465e-05,,,,
1355,0.001,adam,1356,44.487518310546875,5.2039496564021206e-05,0.0,0.9444098469961247,5.2039496564021206e-05,,,,
1356,0.001,adam,1357,44.509583473205566,5.161235033580813e-05,0.0,0.97144103629713,5.161235033580813e-05,,,,
1357,0.001,adam,1358,44.52942609786987,5.163611090805277e-05,0.0,0.9022803128876674,5.163611090805277e-05,,,,
1358,0.001,adam,1359,44.549943923950195,5.153383626176222e-05,0.0,0.8720133223273574,5.153383626176222e-05,,,,
1359,0.001,adam,1360,44.5714852809906,5.1248900824348534e-05,0.0,1.9741619773331067,5.1248900824348534e-05,0.005390465411483707,0.0,0.9208213565384312,0.005390465411483707
1360,0.001,adam,1361,44.59896492958069,5.12919184543415e-05,0.0,1.0088187552899055,5.12919184543415e-05,,,,
1361,0.001,adam,1362,44.62143325805664,5.109933362192259e-05,0.0,0.9211055707415641,5.109933362192259e-05,,,,
1362,0.001,adam,1363,44.64222264289856,5.0929424358006206e-05,0.0,0.8928056742743958,5.0929424358006206e-05,,,,
1363,0.001,adam,1364,44.66309428215027,5.093492844388033e-05,0.0,0.976301267736319,5.093492844388033e-05,,,,
1364,0.001,adam,1365,44.6837043762207,5.0731676918954205e-05,0.0,0.9294682855037454,5.0731676918954205e-05,,,,
1365,0.001,adam,1366,44.706807136535645,5.0624009076904066e-05,0.0,0.9403730570078789,5.0624009076904066e-05,,,,
1366,0.001,adam,1367,44.72877597808838,5.058553086379333e-05,0.0,0.9920241172340324,5.058553086379333e-05,,,,
1367,0.001,adam,1368,44.74884366989136,5.0398797203378365e-05,0.0,0.9378155416366628,5.0398797203378365e-05,,,,
1368,0.001,adam,1369,44.76837921142578,5.032555671734692e-05,0.0,0.9738086428881854,5.032555671734692e-05,,,,
1369,0.001,adam,1370,44.7885959148407,5.025212152951935e-05,0.0,0.9197742544449253,5.025212152951935e-05,,,,
1370,0.001,adam,1371,44.80883002281189,5.0088892405926885e-05,0.0,0.9220986674910225,5.0088892405926885e-05,,,,
1371,0.001,adam,1372,44.82942748069763,5.003354978378825e-05,0.0,0.8683914463341615,5.003354978378825e-05,,,,
1372,0.001,adam,1373,44.85152339935303,4.993472892737953e-05,0.0,0.9713720222137475,4.993472892737953e-05,,,,
1373,0.001,adam,1374,44.874369621276855,4.9798276551523984e-05,0.0,0.9098961551753237,4.9798276551523984e-05,,,,
1374,0.001,adam,1375,44.89549469947815,4.974523520213096e-05,0.0,0.9634924927318878,4.974523520213096e-05,,,,
1375,0.001,adam,1376,44.91746711730957,4.9630255804039305e-05,0.0,1.010920018756106,4.9630255804039305e-05,,,,
1376,0.001,adam,1377,44.9398877620697,4.951939377472066e-05,0.0,0.9095788434578325,4.951939377472066e-05,,,,
1377,0.001,adam,1378,44.96077084541321,4.945891315304372e-05,0.0,0.9410342458037582,4.945891315304372e-05,,,,
1378,0.001,adam,1379,44.98101997375488,4.933995512916704e-05,0.0,0.8835338853763138,4.933995512916704e-05,,,,
1379,0.001,adam,1380,45.00283741950989,4.924602203456566e-05,0.0,0.9178728123066783,4.924602203456566e-05,0.005404868068357625,0.0,0.9204051863757623,0.005404868068357625
1380,0.001,adam,1381,45.0306293964386,4.91764707849695e-05,0.0,0.9596294350001854,4.91764707849695e-05,,,,
1381,0.001,adam,1382,45.05188488960266,4.906380823304598e-05,0.0,0.990612200222104,4.906380823304598e-05,,,,
1382,0.001,adam,1383,45.07300543785095,4.8975819080095556e-05,0.0,0.8912501932111134,4.8975819080095556e-05,,,,
1383,0.001,adam,1384,45.094931840896606,4.889999100028046e-05,0.0,0.9404418744562392,4.889999100028046e-05,,,,
1384,0.001,adam,1385,45.11894416809082,4.879657727614648e-05,0.0,0.8952880456305502,4.879657727614648e-05,,,,
1385,0.001,adam,1386,45.14076018333435,4.870904712665946e-05,0.0,0.859036152939891,4.870904712665946e-05,,,,
1386,0.001,adam,1387,45.162440061569214,4.862995034928638e-05,0.0,0.9922906424699504,4.862995034928638e-05,,,,
1387,0.001,adam,1388,45.18321895599365,4.853367454166168e-05,0.0,0.9895376496420145,4.853367454166168e-05,,,,
1388,0.001,adam,1389,45.204272985458374,4.844600017209689e-05,0.0,0.9604439311354632,4.844600017209689e-05,,,,
1389,0.001,adam,1390,45.22593641281128,4.836569170151614e-05,0.0,0.9677197556952635,4.836569170151614e-05,,,,
1390,0.001,adam,1391,45.247947454452515,4.8274049787334614e-05,0.0,0.8973413463025167,4.8274049787334614e-05,,,,
1391,0.001,adam,1392,45.26884746551514,4.8187126628962325e-05,0.0,0.9311159510025862,4.8187126628962325e-05,,,,
1392,0.001,adam,1393,45.290719985961914,4.8105757177542414e-05,0.0,0.8980212257133398,4.8105757177542414e-05,,,,
1393,0.001,adam,1394,45.312119483947754,4.8017311838342e-05,0.0,1.0118320030688879,4.8017311838342e-05,,,,
1394,0.001,adam,1395,45.334415912628174,4.793241411480937e-05,0.0,1.065447042521615,4.793241411480937e-05,,,,
1395,0.001,adam,1396,45.35723567008972,4.7849731573901964e-05,0.0,0.9854371724500902,4.7849731573901964e-05,,,,
1396,0.001,adam,1397,45.377588748931885,4.77634383008136e-05,0.0,0.9216364229133192,4.77634383008136e-05,,,,
1397,0.001,adam,1398,45.39762353897095,4.76808385439671e-05,0.0,0.9768041414126667,4.76808385439671e-05,,,,
1398,0.001,adam,1399,45.418171644210815,4.7597517693879795e-05,0.0,0.9221362148284318,4.7597517693879795e-05,,,,
1399,0.001,adam,1400,45.439581871032715,4.7512586258393606e-05,0.0,0.9998807502444398,4.7512586258393606e-05,0.005414285267705089,0.0,0.9195657866774276,0.005414285267705089
1400,0.001,adam,1401,45.46941041946411,4.743149299461004e-05,0.0,0.8973790837502568,4.743149299461004e-05,,,,
1401,0.001,adam,1402,45.49068880081177,4.734859228133339e-05,0.0,0.9487771295892173,4.734859228133339e-05,,,,
1402,0.001,adam,1403,45.51213979721069,4.7264644886820363e-05,0.0,0.9021055005012455,4.7264644886820363e-05,,,,
1403,0.001,adam,1404,45.53248643875122,4.718434549835184e-05,0.0,0.9918141790574573,4.718434549835184e-05,,,,
1404,0.001,adam,1405,45.55671000480652,4.710246292342803e-05,0.0,0.9581156526400649,4.710246292342803e-05,,,,
1405,0.001,adam,1406,45.57662010192871,4.701937269350771e-05,0.0,0.9558044205180026,4.701937269350771e-05,,,,
1406,0.001,adam,1407,45.596962213516235,4.6939497914291495e-05,0.0,0.9883755925394571,4.6939497914291495e-05,,,,
1407,0.001,adam,1408,45.61709213256836,4.6858780335873776e-05,0.0,0.9281896498670459,4.6858780335873776e-05,,,,
1408,0.001,adam,1409,45.639180421829224,4.6776586206159224e-05,0.0,1.014458621550669,4.6776586206159224e-05,,,,
1409,0.001,adam,1410,45.660735845565796,4.669697200917904e-05,0.0,0.9476588632745482,4.669697200917904e-05,,,,
1410,0.001,adam,1411,45.680585622787476,4.6617205226405576e-05,0.0,0.883330365709256,4.6617205226405576e-05,,,,
1411,0.001,adam,1412,45.70064043998718,4.653605249175691e-05,0.0,1.0155917922113566,4.653605249175691e-05,,,,
1412,0.001,adam,1413,45.72222089767456,4.64568111416353e-05,0.0,0.9395733473546471,4.64568111416353e-05,,,,
1413,0.001,adam,1414,45.744059801101685,4.637767759116252e-05,0.0,0.9714469388017173,4.637767759116252e-05,,,,
1414,0.001,adam,1415,45.76459240913391,4.629753885228733e-05,0.0,1.074051203572839,4.629753885228733e-05,,,,
1415,0.001,adam,1416,45.78482484817505,4.621881112153247e-05,0.0,0.9129741387739493,4.621881112153247e-05,,,,
1416,0.001,adam,1417,45.80551338195801,4.6140205745725106e-05,0.0,0.9669379735543263,4.6140205745725106e-05,,,,
1417,0.001,adam,1418,45.82721138000488,4.606097044230251e-05,0.0,0.9482116683079198,4.606097044230251e-05,,,,
1418,0.001,adam,1419,45.851197957992554,4.598274609722771e-05,0.0,0.8681157081109253,4.598274609722771e-05,,,,
1419,0.001,adam,1420,45.87244772911072,4.590467075471789e-05,0.0,1.0260701806083226,4.590467075471789e-05,0.005420322153656137,0.0,0.9186960147671521,0.005420322153656137
1420,0.001,adam,1421,45.90045142173767,4.582626141498661e-05,0.0,0.981281459867626,4.582626141498661e-05,,,,
1421,0.001,adam,1422,45.9206428527832,4.574854248911945e-05,0.0,0.9347424819298809,4.574854248911945e-05,,,,
1422,0.001,adam,1423,45.941224336624146,4.567100922202933e-05,0.0,0.9279263000183484,4.567100922202933e-05,,,,
1423,0.001,adam,1424,45.96278095245361,4.559333944180005e-05,0.0,0.9258899293661053,4.559333944180005e-05,,,,
1424,0.001,adam,1425,45.98234558105469,4.551612345675171e-05,0.0,0.9665307164338511,4.551612345675171e-05,,,,
1425,0.001,adam,1426,46.00319814682007,4.543913559740933e-05,0.0,0.9073399810141058,4.543913559740933e-05,,,,
1426,0.001,adam,1427,46.0246307849884,4.536214314350058e-05,0.0,0.9461510498194399,4.536214314350058e-05,,,,
1427,0.001,adam,1428,46.045366048812866,4.5285444516505525e-05,0.0,0.9914283392366808,4.5285444516505525e-05,,,,
1428,0.001,adam,1429,46.067240953445435,4.5208979448203855e-05,0.0,1.0780360933051982,4.5208979448203855e-05,,,,
1429,0.001,adam,1430,46.088348150253296,4.513258566688266e-05,0.0,1.0271893854561769,4.513258566688266e-05,,,,
1430,0.001,adam,1431,46.10831046104431,4.505642918988054e-05,0.0,0.8978294826887752,4.505642918988054e-05,,,,
1431,0.001,adam,1432,46.12917137145996,4.498049702273892e-05,0.0,0.9765015054316972,4.498049702273892e-05,,,,
1432,0.001,adam,1433,46.15015387535095,4.490464041982742e-05,0.0,1.0181792671131882,4.490464041982742e-05,,,,
1433,0.001,adam,1434,46.170599699020386,4.4829002523405313e-05,0.0,1.0411589456278851,4.4829002523405313e-05,,,,
1434,0.001,adam,1435,46.192153215408325,4.475360671310265e-05,0.0,1.022301148641212,4.475360671310265e-05,,,,
1435,0.001,adam,1436,46.213162899017334,4.467828039016001e-05,0.0,1.011055928637079,4.467828039016001e-05,,,,
1436,0.001,adam,1437,46.233381509780884,4.460313279079086e-05,0.0,0.9406657588447175,4.460313279079086e-05,,,,
1437,0.001,adam,1438,46.25357007980347,4.452824782933649e-05,0.0,1.013703645532527,4.452824782933649e-05,,,,
1438,0.001,adam,1439,46.27596473693848,4.445345404390789e-05,0.0,0.9224643351138784,4.445345404390789e-05,,,,
1439,0.001,adam,1440,46.29651689529419,4.437878897453685e-05,0.0,1.0628118414114744,4.437878897453685e-05,0.00542525073143946,0.0,0.9178213178881766,0.00542525073143946
1440,0.001,adam,1441,46.32400298118591,4.4304379092302927e-05,0.0,0.9161941132968436,4.4304379092302927e-05,,,,
1441,0.001,adam,1442,46.344353914260864,4.423010674592389e-05,0.0,0.9476462275296391,4.423010674592389e-05,,,,
1442,0.001,adam,1443,46.36579442024231,4.4155934710911034e-05,0.0,0.8916182817368853,4.4155934710911034e-05,,,,
1443,0.001,adam,1444,46.38614821434021,4.408197715121609e-05,0.0,0.87892545568231,4.408197715121609e-05,,,,
1444,0.001,adam,1445,46.407620429992676,4.400819300314017e-05,0.0,0.9145611331486304,4.400819300314017e-05,,,,
1445,0.001,adam,1446,46.428142786026,4.393451591888286e-05,0.0,1.0230047443056949,4.393451591888286e-05,,,,
1446,0.001,adam,1447,46.45166873931885,4.3861014444486276e-05,0.0,1.037893963161374,4.3861014444486276e-05,,,,
1447,0.001,adam,1448,46.4725399017334,4.3787692908284806e-05,0.0,0.9638757184294569,4.3787692908284806e-05,,,,
1448,0.001,adam,1449,46.49380326271057,4.3714493295398794e-05,0.0,0.9647003981349096,4.3714493295398794e-05,,,,
1449,0.001,adam,1450,46.51516890525818,4.364144933831687e-05,0.0,0.9402085258459325,4.364144933831687e-05,,,,
1450,0.001,adam,1451,46.53514385223389,4.356857897911423e-05,0.0,0.9541828898210664,4.356857897911423e-05,,,,
1451,0.001,adam,1452,46.555625200271606,4.3495840159434254e-05,0.0,0.9672124604717143,4.3495840159434254e-05,,,,
1452,0.001,adam,1453,46.57693529129028,4.3423247778230395e-05,0.0,0.9242387970764497,4.3423247778230395e-05,,,,
1453,0.001,adam,1454,46.59677577018738,4.3350821384537165e-05,0.0,1.007503470173298,4.3350821384537165e-05,,,,
1454,0.001,adam,1455,46.61714696884155,4.327853132658646e-05,0.0,0.9663103460655151,4.327853132658646e-05,,,,
1455,0.001,adam,1456,46.63745832443237,4.320638183246117e-05,0.0,1.0077085056020934,4.320638183246117e-05,,,,
1456,0.001,adam,1457,46.65968871116638,4.313439099839038e-05,0.0,1.0232947941712682,4.313439099839038e-05,,,,
1457,0.001,adam,1458,46.68050718307495,4.306254034669121e-05,0.0,0.9482976163066894,4.306254034669121e-05,,,,
1458,0.001,adam,1459,46.70137548446655,4.2990827201884444e-05,0.0,0.9697991676909122,4.2990827201884444e-05,,,,
1459,0.001,adam,1460,46.721534967422485,4.291926425078662e-05,0.0,0.9239611032359889,4.291926425078662e-05,0.0054296122279980305,0.0,0.9169796517954263,0.0054296122279980305
1460,0.001,adam,1461,46.74891924858093,4.284784239513461e-05,0.0,0.9036160950243097,4.284784239513461e-05,,,,
1461,0.001,adam,1462,46.771419048309326,4.277655719005498e-05,0.0,0.973017685282259,4.277655719005498e-05,,,,
1462,0.001,adam,1463,46.791393518447876,4.270541637722136e-05,0.0,0.869172067143835,4.270541637722136e-05,,,,
1463,0.001,adam,1464,46.81330990791321,4.263441619477144e-05,0.0,1.0048445830644428,4.263441619477144e-05,,,,
1464,0.001,adam,1465,46.83424210548401,4.256355089863958e-05,0.0,0.9775525802429688,4.256355089863958e-05,,,,
1465,0.001,adam,1466,46.85819482803345,4.249282495511279e-05,0.0,0.9078101529344454,4.249282495511279e-05,,,,
1466,0.001,adam,1467,46.87944221496582,4.2422239458951536e-05,0.0,0.9556758397942897,4.2422239458951536e-05,,,,
1467,0.001,adam,1468,46.90004014968872,4.235178808286212e-05,0.0,1.0373835094681485,4.235178808286212e-05,,,,
1468,0.001,adam,1469,46.9211323261261,4.228147055788072e-05,0.0,0.8880409612207695,4.228147055788072e-05,,,,
1469,0.001,adam,1470,46.94540619850159,4.22112916443259e-05,0.0,1.0618568945347078,4.22112916443259e-05,,,,
1470,0.001,adam,1471,46.968587160110474,4.214124792165775e-05,0.0,0.9683849509573728,4.214124792165775e-05,,,,
1471,0.001,adam,1472,46.99115467071533,4.207133452533301e-05,0.0,0.9647415923731437,4.207133452533301e-05,,,,
1472,0.001,adam,1473,47.01338720321655,4.200155538307088e-05,0.0,0.9435123625308373,4.200155538307088e-05,,,,
1473,0.001,adam,1474,47.03325867652893,4.193191132377766e-05,0.0,0.9721008327294012,4.193191132377766e-05,,,,
1474,0.001,adam,1475,47.05445075035095,4.186239712891831e-05,0.0,0.8483900976818755,4.186239712891831e-05,,,,
1475,0.001,adam,1476,47.077845335006714,4.1793013404239833e-05,0.0,0.868657971669608,4.1793013404239833e-05,,,,
1476,0.001,adam,1477,47.09776473045349,4.172376240045548e-05,0.0,0.9043182955026611,4.172376240045548e-05,,,,
1477,0.001,adam,1478,47.1179633140564,4.165464108591103e-05,0.0,0.891536428876989,4.165464108591103e-05,,,,
1478,0.001,adam,1479,47.138956785202026,4.158564816174104e-05,0.0,0.9885546975128638,4.158564816174104e-05,,,,
1479,0.001,adam,1480,47.16061019897461,4.151678518885755e-05,0.0,1.0469736682343527,4.151678518885755e-05,0.005433484132032856,0.0,0.9161678183865842,0.005433484132032856
1480,0.001,adam,1481,47.18835663795471,4.1448050910583644e-05,0.0,0.8852015522794673,4.1448050910583644e-05,,,,
1481,0.001,adam,1482,47.21156930923462,4.13794436420814e-05,0.0,0.9891042169140842,4.13794436420814e-05,,,,
1482,0.001,adam,1483,47.232577085494995,4.131096397149024e-05,0.0,0.9297237474611275,4.131096397149024e-05,,,,
1483,0.001,adam,1484,47.25519680976868,4.12426116419535e-05,0.0,0.8821850809420108,4.12426116419535e-05,,,,
1484,0.001,adam,1485,47.2773323059082,4.117438513126072e-05,0.0,1.008191884848099,4.117438513126072e-05,,,,
1485,0.001,adam,1486,47.298229694366455,4.110628416350161e-05,0.0,0.8898070534527875,4.110628416350161e-05,,,,
1486,0.001,adam,1487,47.3195013999939,4.1038308918103076e-05,0.0,0.9592705843244401,4.1038308918103076e-05,,,,
1487,0.001,adam,1488,47.34040808677673,4.097045837211268e-05,0.0,0.9684405914477316,4.097045837211268e-05,,,,
1488,0.001,adam,1489,47.36324763298035,4.090273179852505e-05,0.0,0.9447136755348797,4.090273179852505e-05,,,,
1489,0.001,adam,1490,47.38330554962158,4.083512927538834e-05,0.0,1.05809185003934,4.083512927538834e-05,,,,
1490,0.001,adam,1491,47.40346121788025,4.076765018016298e-05,0.0,1.0540695364564558,4.076765018016298e-05,,,,
1491,0.001,adam,1492,47.423786640167236,4.070029368800129e-05,0.0,1.0034649298185268,4.070029368800129e-05,,,,
1492,0.001,adam,1493,47.44555115699768,4.063305968973232e-05,0.0,0.8988463899619509,4.063305968973232e-05,,,,
1493,0.001,adam,1494,47.466734170913696,4.0565947865818565e-05,0.0,1.0080903263104686,4.0565947865818565e-05,,,,
1494,0.001,adam,1495,47.487067222595215,4.049895740722566e-05,0.0,0.9865417777960295,4.049895740722566e-05,,,,
1495,0.001,adam,1496,47.50763010978699,4.043208791704397e-05,0.0,1.0144647834859988,4.043208791704397e-05,,,,
1496,0.001,adam,1497,47.527815103530884,4.036533927377359e-05,0.0,0.912738749278762,4.036533927377359e-05,,,,
1497,0.001,adam,1498,47.548805713653564,4.029871095318909e-05,0.0,0.8814392456242224,4.029871095318909e-05,,,,
1498,0.001,adam,1499,47.569886207580566,4.0232202310371855e-05,0.0,0.938093901233303,4.0232202310371855e-05,,,,
1499,0.001,adam,1500,47.59253406524658,4.016581306585542e-05,0.0,0.9232000331049918,4.016581306585542e-05,0.005437009364186852,0.0,0.9154078023542539,0.005437009364186852
1500,0.001,adam,1501,47.62002682685852,4.0099542987334434e-05,0.0,0.9396788467772034,4.0099542987334434e-05,,,,
1501,0.001,adam,1502,47.64100909233093,4.003339154209712e-05,0.0,1.0391627309463003,4.003339154209712e-05,,,,
1502,0.001,adam,1503,47.66246819496155,3.996735822760327e-05,0.0,0.9783098000553071,3.996735822760327e-05,,,,
1503,0.001,adam,1504,47.68326425552368,3.990144280768364e-05,0.0,0.8734667827876208,3.990144280768364e-05,,,,
1504,0.001,adam,1505,47.7031466960907,3.983564495680833e-05,0.0,1.8743703964165206,3.983564495680833e-05,,,,
1505,0.001,adam,1506,47.723384141922,3.97699641499628e-05,0.0,0.9873135682221614,3.97699641499628e-05,,,,
1506,0.001,adam,1507,47.743674755096436,3.9704400050859984e-05,0.0,0.9123860773145189,3.9704400050859984e-05,,,,
1507,0.001,adam,1508,47.764991760253906,3.963895240970454e-05,0.0,0.8603527177761496,3.963895240970454e-05,,,,
1508,0.001,adam,1509,47.78538680076599,3.9573620786992106e-05,0.0,0.8558790551367028,3.9573620786992106e-05,,,,
1509,0.001,adam,1510,47.806440114974976,3.9508404783429494e-05,0.0,1.0087852537256474,3.9508404783429494e-05,,,,
1510,0.001,adam,1511,47.827165842056274,3.9443304134245405e-05,0.0,0.8610211552660558,3.9443304134245405e-05,,,,
1511,0.001,adam,1512,47.847116231918335,3.937831849760462e-05,0.0,0.8909400403423222,3.937831849760462e-05,,,,
1512,0.001,adam,1513,47.86718773841858,3.93134474774977e-05,0.0,0.8927217396389274,3.93134474774977e-05,,,,
1513,0.001,adam,1514,47.88656401634216,3.924869076687694e-05,0.0,1.011715015812627,3.924869076687694e-05,,,,
1514,0.001,adam,1515,47.90833258628845,3.9184048059592916e-05,0.0,0.8879562509009006,3.9184048059592916e-05,,,,
1515,0.001,adam,1516,47.92984485626221,3.91195190053314e-05,0.0,0.8496226713880484,3.91195190053314e-05,,,,
1516,0.001,adam,1517,47.951005935668945,3.9055103282390586e-05,0.0,0.9161303794340663,3.9055103282390586e-05,,,,
1517,0.001,adam,1518,47.971757888793945,3.8990800591473166e-05,0.0,0.8767398912980028,3.8990800591473166e-05,,,,
1518,0.001,adam,1519,47.992238998413086,3.892661061719705e-05,0.0,0.9572380816985268,3.892661061719705e-05,,,,
1519,0.001,adam,1520,48.01434898376465,3.8862533038184455e-05,0.0,0.8948811878162044,3.8862533038184455e-05,0.005440276904190829,0.0,0.9147028968281571,0.005440276904190829
1520,0.001,adam,1521,48.043251514434814,3.879856754940023e-05,0.0,0.9708250053064914,3.879856754940023e-05,,,,
1521,0.001,adam,1522,48.064799785614014,3.873471386939722e-05,0.0,0.9663401197443966,3.873471386939722e-05,,,,
1522,0.001,adam,1523,48.08471083641052,3.8670971697568316e-05,0.0,0.926599084867027,3.8670971697568316e-05,,,,
1523,0.001,adam,1524,48.105711936950684,3.860734071855024e-05,0.0,0.9973138400272727,3.860734071855024e-05,,,,
1524,0.001,adam,1525,48.126800537109375,3.8543820655318014e-05,0.0,0.8471439435870837,3.8543820655318014e-05,,,,
1525,0.001,adam,1526,48.147680044174194,3.8480411232392436e-05,0.0,0.9605137445668926,3.8480411232392436e-05,,,,
1526,0.001,adam,1527,48.168370962142944,3.8417112157417293e-05,0.0,0.9341725875076874,3.8417112157417293e-05,,,,
1527,0.001,adam,1528,48.189679861068726,3.835392314207983e-05,0.0,0.9202608149444789,3.835392314207983e-05,,,,
1528,0.001,adam,1529,48.21117329597473,3.829084391850984e-05,0.0,2.0198419744111966,3.829084391850984e-05,,,,
1529,0.001,adam,1530,48.23137331008911,3.8227874218917314e-05,0.0,0.931723224961868,3.8227874218917314e-05,,,,
1530,0.001,adam,1531,48.251842975616455,3.81650137637719e-05,0.0,0.9127305642060284,3.81650137637719e-05,,,,
1531,0.001,adam,1532,48.273197650909424,3.810226228277928e-05,0.0,0.9517550846507257,3.810226228277928e-05,,,,
1532,0.001,adam,1533,48.29548740386963,3.803961952021148e-05,0.0,0.9801983623035497,3.803961952021148e-05,,,,
1533,0.001,adam,1534,48.316742181777954,3.797708521419245e-05,0.0,0.9077851128629378,3.797708521419245e-05,,,,
1534,0.001,adam,1535,48.3372859954834,3.791465909986565e-05,0.0,0.9138985424861172,3.791465909986565e-05,,,,
1535,0.001,adam,1536,48.35713171958923,3.785234092210636e-05,0.0,0.9414919837419256,3.785234092210636e-05,,,,
1536,0.001,adam,1537,48.379618644714355,3.779013043190091e-05,0.0,0.9850288163651799,3.779013043190091e-05,,,,
1537,0.001,adam,1538,48.40073299407959,3.7728027376812774e-05,0.0,0.923095021049166,3.7728027376812774e-05,,,,
1538,0.001,adam,1539,48.42107605934143,3.76660315069716e-05,0.0,0.8938814638647352,3.76660315069716e-05,,,,
1539,0.001,adam,1540,48.4423508644104,3.760414257820935e-05,0.0,0.8897716197944756,3.760414257820935e-05,0.005443343666746608,0.0,0.9140520078044652,0.005443343666746608
1540,0.001,adam,1541,48.46936893463135,3.754236034826475e-05,0.0,0.9220105350808365,3.754236034826475e-05,,,,
1541,0.001,adam,1542,48.48962664604187,3.7480684575961274e-05,0.0,0.9671118300547168,3.7480684575961274e-05,,,,
1542,0.001,adam,1543,48.51029086112976,3.741911502106278e-05,0.0,0.9224525928702949,3.741911502106278e-05,,,,
1543,0.001,adam,1544,48.530354261398315,3.7357651451088e-05,0.0,0.9650821514530259,3.7357651451088e-05,,,,
1544,0.001,adam,1545,48.55048656463623,3.7296293631412814e-05,0.0,0.978700817268664,3.7296293631412814e-05,,,,
1545,0.001,adam,1546,48.570815324783325,3.7235041329687426e-05,0.0,0.888684298408484,3.7235041329687426e-05,,,,
1546,0.001,adam,1547,48.593247175216675,3.7173894317351604e-05,0.0,0.9320975435866808,3.7173894317351604e-05,,,,
1547,0.001,adam,1548,48.613598346710205,3.7112852367858525e-05,0.0,0.9545645758994856,3.7112852367858525e-05,,,,
1548,0.001,adam,1549,48.63447046279907,3.7051915256679583e-05,0.0,0.9461462099284489,3.7051915256679583e-05,,,,
1549,0.001,adam,1550,48.65580987930298,3.699108276129843e-05,0.0,0.8911923103713786,3.699108276129843e-05,,,,
1550,0.001,adam,1551,48.67615294456482,3.693035465894591e-05,0.0,0.8693416651241239,3.693035465894591e-05,,,,
1551,0.001,adam,1552,48.69811177253723,3.686973073435026e-05,0.0,0.8743446096298617,3.686973073435026e-05,,,,
1552,0.001,adam,1553,48.71959209442139,3.680921076888344e-05,0.0,0.9447937687983442,3.680921076888344e-05,,,,
1553,0.001,adam,1554,48.74150586128235,3.674879454878683e-05,0.0,0.9168202787925633,3.674879454878683e-05,,,,
1554,0.001,adam,1555,48.76431584358215,3.668848185956761e-05,0.0,1.0467255516090717,3.668848185956761e-05,,,,
1555,0.001,adam,1556,48.78506088256836,3.662827249390203e-05,0.0,0.9434184908910336,3.662827249390203e-05,,,,
1556,0.001,adam,1557,48.80619430541992,3.6568166239470357e-05,0.0,1.0266075492920028,3.6568166239470357e-05,,,,
1557,0.001,adam,1558,48.82833695411682,3.6508162893838416e-05,0.0,0.9767652657362801,3.6508162893838416e-05,,,,
1558,0.001,adam,1559,48.84918165206909,3.6448262247367106e-05,0.0,0.9784172000865532,3.6448262247367106e-05,,,,
1559,0.001,adam,1560,48.87072539329529,3.638846410544731e-05,0.0,1.001451124786956,3.638846410544731e-05,0.005446258553286275,0.0,0.9134521395287127,0.005446258553286275
1560,0.001,adam,1561,48.899115324020386,3.63287682624185e-05,0.0,0.9208933860649285,3.63287682624185e-05,,,,
1561,0.001,adam,1562,48.91968607902527,3.626917453436435e-05,0.0,0.8653945969614979,3.626917453436435e-05,,,,
1562,0.001,adam,1563,48.941800594329834,3.6209682722978e-05,0.0,0.9774710005303422,3.6209682722978e-05,,,,
1563,0.001,adam,1564,48.96278953552246,3.615029267006716e-05,0.0,0.9155351291649408,3.615029267006716e-05,,,,
1564,0.001,adam,1565,48.98413133621216,3.6091004198561485e-05,0.0,1.0092895962029549,3.6091004198561485e-05,,,,
1565,0.001,adam,1566,49.005303382873535,3.6031817214307985e-05,0.0,0.8691241475992337,3.6031817214307985e-05,,,,
1566,0.001,adam,1567,49.02668881416321,3.5972731619101924e-05,0.0,0.9124768440638823,3.5972731619101924e-05,,,,
1567,0.001,adam,1568,49.04820203781128,3.5913747507501955e-05,0.0,0.93403892870529,3.5913747507501955e-05,,,,
1568,0.001,adam,1569,49.07278251647949,3.5854865068248845e-05,0.0,1.0050489547117378,3.5854865068248845e-05,,,,
1569,0.001,adam,1570,49.09862470626831,3.5796085013189455e-05,0.0,0.9558145808558948,3.5796085013189455e-05,,,,
1570,0.001,adam,1571,49.12134075164795,3.573740858521805e-05,0.0,0.9357683999343841,3.573740858521805e-05,,,,
1571,0.001,adam,1572,49.143367528915405,3.567883865873851e-05,0.0,0.994605074669062,3.567883865873851e-05,,,,
1572,0.001,adam,1573,49.163654804229736,3.562038042921582e-05,0.0,0.910609770071607,3.562038042921582e-05,,,,
1573,0.001,adam,1574,49.18679094314575,3.556204473616624e-05,0.0,1.022101662254182,3.556204473616624e-05,,,,
1574,0.001,adam,1575,49.208123445510864,3.5503851982937334e-05,0.0,0.8392452271862133,3.5503851982937334e-05,,,,
1575,0.001,adam,1576,49.22783279418945,3.54458436281421e-05,0.0,0.9918131448302848,3.54458436281421e-05,,,,
1576,0.001,adam,1577,49.25007963180542,3.5388100322159516e-05,0.0,0.8460901294909864,3.5388100322159516e-05,,,,
1577,0.001,adam,1578,49.27110719680786,3.53307858066163e-05,0.0,1.0581030867406296,3.53307858066163e-05,,,,
1578,0.001,adam,1579,49.292505741119385,3.527422693207327e-05,0.0,0.9639650717386967,3.527422693207327e-05,,,,
1579,0.001,adam,1580,49.31482815742493,3.521909355910509e-05,0.0,0.9560308591238424,3.521909355910509e-05,0.005448388750838852,0.0,0.9129086591435355,0.005448388750838852
1580,0.001,adam,1581,49.34504723548889,3.516675105021929e-05,0.0,0.9374488393605386,3.516675105021929e-05,,,,
1581,0.001,adam,1582,49.36666989326477,3.5120037071523574e-05,0.0,0.972961749922584,3.5120037071523574e-05,,,,
1582,0.001,adam,1583,49.391443967819214,3.50848381644938e-05,0.0,0.9710082416450767,3.50848381644938e-05,,,,
1583,0.001,adam,1584,49.41369414329529,3.507359217569457e-05,0.0,0.9708486265843199,3.507359217569457e-05,,,,
1584,0.001,adam,1585,49.43475079536438,3.511248186440074e-05,0.0,1.005683179174401,3.511248186440074e-05,,,,
1585,0.001,adam,1586,49.45571827888489,3.525786536297961e-05,0.0,0.9208696121278038,3.525786536297961e-05,,,,
1586,0.001,adam,1587,49.476378202438354,3.5629636049758e-05,0.0,0.8737221284872853,3.5629636049758e-05,,,,
1587,0.001,adam,1588,49.497002363204956,3.649126469930239e-05,0.0,0.9354518963905086,3.649126469930239e-05,,,,
1588,0.001,adam,1589,49.51758861541748,3.840399629668061e-05,0.0,0.9411207516834168,3.840399629668061e-05,,,,
1589,0.001,adam,1590,49.53853416442871,4.26276148903974e-05,0.0,0.9206919996383439,4.26276148903974e-05,,,,
1590,0.001,adam,1591,49.55931305885315,5.1776156664005594e-05,0.0,0.940995926211914,5.1776156664005594e-05,,,,
1591,0.001,adam,1592,49.58029365539551,7.17514513700238e-05,0.0,0.9149187390862139,7.17514513700238e-05,,,,
1592,0.001,adam,1593,49.601529121398926,0.00011323334463673159,0.0,1.0263057024573818,0.00011323334463673159,,,,
1593,0.001,adam,1594,49.623902559280396,0.00019780046631443808,0.0,0.9884700972918257,0.00019780046631443808,,,,
1594,0.001,adam,1595,49.647019147872925,0.00033927347856057427,0.0,0.9416443429237056,0.00033927347856057427,,,,
1595,0.001,adam,1596,49.667845249176025,0.0005310023900693893,0.0,0.9321302957746923,0.0005310023900693893,,,,
1596,0.001,adam,1597,49.6877806186676,0.000595920710559262,0.0,0.9705516514063612,0.000595920710559262,,,,
1597,0.001,adam,1598,49.70878338813782,0.0004244080191149695,0.0,0.8718079469261035,0.0004244080191149695,,,,
1598,0.001,adam,1599,49.731234073638916,0.00015536418452759927,0.0,0.8820511936402141,0.00015536418452759927,,,,
1599,0.001,adam,1600,49.75159025192261,0.00015607160311653865,0.0,0.9912507296690197,0.00015607160311653865,0.005738089037953951,0.0,0.9056866267736019,0.005738089037953951
1600,0.001,adam,1601,49.77872562408447,0.000249775758966722,0.0,0.9568408715996949,0.000249775758966722,,,,
1601,0.001,adam,1602,49.798306941986084,0.00014073374841331552,0.0,1.066770528166264,0.00014073374841331552,,,,
1602,0.001,adam,1603,49.81946849822998,0.00011366230537160537,0.0,0.9981188312121354,0.00011366230537160537,,,,
1603,0.001,adam,1604,49.84095907211304,0.0002065506288704453,0.0,0.8979514606526449,0.0002065506288704453,,,,
1604,0.001,adam,1605,49.86092686653137,0.00011206554399663446,0.0,1.031068210046914,0.00011206554399663446,,,,
1605,0.001,adam,1606,49.881340980529785,5.3306985932537185e-05,0.0,0.8171951001821671,5.3306985932537185e-05,,,,
1606,0.001,adam,1607,49.90169548988342,0.0001493988416174749,0.0,0.8489409849405825,0.0001493988416174749,,,,
1607,0.001,adam,1608,49.92293643951416,0.00010697554024245364,0.0,0.9940859096890182,0.00010697554024245364,,,,
1608,0.001,adam,1609,49.94382953643799,6.259544220871122e-05,0.0,0.961225213148061,6.259544220871122e-05,,,,
1609,0.001,adam,1610,49.96377873420715,0.00010495706751958947,0.0,0.8925170398184132,0.00010495706751958947,,,,
1610,0.001,adam,1611,49.98428225517273,6.556023956468797e-05,0.0,0.9717190628231943,6.556023956468797e-05,,,,
1611,0.001,adam,1612,50.00641107559204,7.442045063777086e-05,0.0,0.9679674005300267,7.442045063777086e-05,,,,
1612,0.001,adam,1613,50.0276620388031,9.397271649344391e-05,0.0,0.9569017088091487,9.397271649344391e-05,,,,
1613,0.001,adam,1614,50.04777121543884,4.416895434159381e-05,0.0,1.0344392524004018,4.416895434159381e-05,,,,
1614,0.001,adam,1615,50.068869829177856,6.579195665812459e-05,0.0,0.8445261267739372,6.579195665812459e-05,,,,
1615,0.001,adam,1616,50.08983874320984,7.470693903163427e-05,0.0,0.8846977587397123,7.470693903163427e-05,,,,
1616,0.001,adam,1617,50.110595703125,4.9020648079677083e-05,0.0,0.8528583089685281,4.9020648079677083e-05,,,,
1617,0.001,adam,1618,50.133723735809326,6.202474729429619e-05,0.0,0.9583226578407219,6.202474729429619e-05,,,,
1618,0.001,adam,1619,50.1543710231781,4.993276912206618e-05,0.0,0.9465555607814504,4.993276912206618e-05,,,,
1619,0.001,adam,1620,50.17955446243286,5.0787673137776103e-05,0.0,0.9214243931548832,5.0787673137776103e-05,0.005501667492510488,0.0,0.9248450279702798,0.005501667492510488
1620,0.001,adam,1621,50.20798587799072,6.100024191873804e-05,0.0,1.025740574645381,6.100024191873804e-05,,,,
1621,0.001,adam,1622,50.22815728187561,4.0758128196534075e-05,0.0,0.9413877790891307,4.0758128196534075e-05,,,,
1622,0.001,adam,1623,50.250868797302246,4.697964792385757e-05,0.0,0.9515811628932486,4.697964792385757e-05,,,,
1623,0.001,adam,1624,50.271631717681885,5.132612798492351e-05,0.0,0.934381543554158,5.132612798492351e-05,,,,
1624,0.001,adam,1625,50.29263210296631,4.223025570645852e-05,0.0,0.8473470942034279,4.223025570645852e-05,,,,
1625,0.001,adam,1626,50.31311845779419,4.652190300710647e-05,0.0,0.9762778261799365,4.652190300710647e-05,,,,
1626,0.001,adam,1627,50.33341860771179,4.023012652834688e-05,0.0,0.9366297157910559,4.023012652834688e-05,,,,
1627,0.001,adam,1628,50.35387063026428,4.152981294045509e-05,0.0,0.8929817103361476,4.152981294045509e-05,,,,
1628,0.001,adam,1629,50.374842405319214,4.604607160098775e-05,0.0,0.9363832666358212,4.604607160098775e-05,,,,
1629,0.001,adam,1630,50.395607233047485,3.701900646417664e-05,0.0,1.0243777187991803,3.701900646417664e-05,,,,
1630,0.001,adam,1631,50.416348695755005,3.945722467096871e-05,0.0,0.8785776812450716,3.945722467096871e-05,,,,
1631,0.001,adam,1632,50.44096255302429,4.115794033038722e-05,0.0,1.012203845120014,4.115794033038722e-05,,,,
1632,0.001,adam,1633,50.46238136291504,3.7415621984854205e-05,0.0,0.9257953692792903,3.7415621984854205e-05,,,,
1633,0.001,adam,1634,50.48369264602661,3.963071365093684e-05,0.0,1.0547597348828348,3.963071365093684e-05,,,,
1634,0.001,adam,1635,50.5040819644928,3.655893875456886e-05,0.0,0.960592753793412,3.655893875456886e-05,,,,
1635,0.001,adam,1636,50.52422332763672,3.625466171004548e-05,0.0,0.9054418626853231,3.625466171004548e-05,,,,
1636,0.001,adam,1637,50.545963287353516,3.9195748317219706e-05,0.0,0.9539478027871526,3.9195748317219706e-05,,,,
1637,0.001,adam,1638,50.567649364471436,3.549660614580489e-05,0.0,0.9359190770788246,3.549660614580489e-05,,,,
1638,0.001,adam,1639,50.58830380439758,3.544289588798333e-05,0.0,1.0232167630957687,3.544289588798333e-05,,,,
1639,0.001,adam,1640,50.61121726036072,3.671469119528728e-05,0.0,0.9535776432161572,3.671469119528728e-05,0.005474035334893808,0.0,0.9162041178122828,0.005474035334893808
1640,0.001,adam,1641,50.642369747161865,3.491930134711019e-05,0.0,0.8686446243456658,3.491930134711019e-05,,,,
1641,0.001,adam,1642,50.66318893432617,3.590151443670762e-05,0.0,0.9298503516386589,3.590151443670762e-05,,,,
1642,0.001,adam,1643,50.682915925979614,3.514812035274738e-05,0.0,1.0527145893845629,3.514812035274738e-05,,,,
1643,0.001,adam,1644,50.70428824424744,3.377549131609686e-05,0.0,0.9793334354815233,3.377549131609686e-05,,,,
1644,0.001,adam,1645,50.72623419761658,3.5353169186502094e-05,0.0,1.0536165749716728,3.5353169186502094e-05,,,,
1645,0.001,adam,1646,50.74672293663025,3.464889687622795e-05,0.0,1.0215144455141663,3.464889687622795e-05,,,,
1646,0.001,adam,1647,50.769097566604614,3.3695282114788075e-05,0.0,0.9053264879443667,3.3695282114788075e-05,,,,
1647,0.001,adam,1648,50.79028606414795,3.432226216672187e-05,0.0,0.9534105908539845,3.432226216672187e-05,,,,
1648,0.001,adam,1649,50.81162095069885,3.3628721684854174e-05,0.0,1.0349048670581873,3.3628721684854174e-05,,,,
1649,0.001,adam,1650,50.8326096534729,3.374337720706573e-05,0.0,0.9201123902674226,3.374337720706573e-05,,,,
1650,0.001,adam,1651,50.85287070274353,3.4032902555137746e-05,0.0,0.9114003145234237,3.4032902555137746e-05,,,,
1651,0.001,adam,1652,50.873223543167114,3.3014894869872945e-05,0.0,1.012719547487546,3.3014894869872945e-05,,,,
1652,0.001,adam,1653,50.89308762550354,3.3217327301898235e-05,0.0,0.8992697277020456,3.3217327301898235e-05,,,,
1653,0.001,adam,1654,50.91406464576721,3.350595237208e-05,0.0,1.025029304254818,3.350595237208e-05,,,,
1654,0.001,adam,1655,50.93680000305176,3.2926415532770264e-05,0.0,0.9184285793658817,3.2926415532770264e-05,,,,
1655,0.001,adam,1656,50.957441091537476,3.302971559948086e-05,0.0,0.8966805049439707,3.302971559948086e-05,,,,
1656,0.001,adam,1657,50.97826051712036,3.2870551643121484e-05,0.0,0.9765086000560625,3.2870551643121484e-05,,,,
1657,0.001,adam,1658,50.9986732006073,3.254632231763899e-05,0.0,0.9699839618833908,3.254632231763899e-05,,,,
1658,0.001,adam,1659,51.019526958465576,3.28557111223965e-05,0.0,1.0519281650586254,3.28557111223965e-05,,,,
1659,0.001,adam,1660,51.042147636413574,3.263840956188089e-05,0.0,0.8937817670217243,3.263840956188089e-05,0.005478015955095005,0.0,0.9175038506153887,0.005478015955095005
1660,0.001,adam,1661,51.07140636444092,3.2299947792133104e-05,0.0,1.008075503918256,3.2299947792133104e-05,,,,
1661,0.001,adam,1662,51.09173059463501,3.2454423952417746e-05,0.0,0.9263394146862225,3.2454423952417746e-05,,,,
1662,0.001,adam,1663,51.112998723983765,3.2304316637310055e-05,0.0,0.9709392655979971,3.2304316637310055e-05,,,,
1663,0.001,adam,1664,51.133471727371216,3.2184853069274965e-05,0.0,0.9189925799170053,3.2184853069274965e-05,,,,
1664,0.001,adam,1665,51.15410876274109,3.225375578416354e-05,0.0,0.8816312068393726,3.225375578416354e-05,,,,
1665,0.001,adam,1666,51.177483558654785,3.200900121309695e-05,0.0,0.8820048562944732,3.200900121309695e-05,,,,
1666,0.001,adam,1667,51.19886612892151,3.191791219556128e-05,0.0,0.9113214272611933,3.191791219556128e-05,,,,
1667,0.001,adam,1668,51.21938610076904,3.2007935904835056e-05,0.0,0.9463405757067982,3.2007935904835056e-05,,,,
1668,0.001,adam,1669,51.23980188369751,3.184932849900657e-05,0.0,1.0644556332546489,3.184932849900657e-05,,,,
1669,0.001,adam,1670,51.26116728782654,3.175853938989892e-05,0.0,0.9761796314131874,3.175853938989892e-05,,,,
1670,0.001,adam,1671,51.28210496902466,3.1746142838202906e-05,0.0,0.9894824575534594,3.1746142838202906e-05,,,,
1671,0.001,adam,1672,51.302921295166016,3.160400624254428e-05,0.0,0.9684517725908977,3.160400624254428e-05,,,,
1672,0.001,adam,1673,51.32342290878296,3.157613835077281e-05,0.0,0.9248314922896572,3.157613835077281e-05,,,,
1673,0.001,adam,1674,51.3438720703125,3.157641413849756e-05,0.0,0.9504611985884053,3.157641413849756e-05,,,,
1674,0.001,adam,1675,51.36413550376892,3.143510780453354e-05,0.0,0.9523359721745873,3.143510780453354e-05,,,,
1675,0.001,adam,1676,51.384721994400024,3.1370566382477715e-05,0.0,0.8899803719582927,3.1370566382477715e-05,,,,
1676,0.001,adam,1677,51.40497851371765,3.135304086253688e-05,0.0,0.9804736793308099,3.135304086253688e-05,,,,
1677,0.001,adam,1678,51.425328493118286,3.126153005181592e-05,0.0,0.8629805298540945,3.126153005181592e-05,,,,
1678,0.001,adam,1679,51.44572401046753,3.1218098126322e-05,0.0,0.9431261016390872,3.1218098126322e-05,,,,
1679,0.001,adam,1680,51.46662974357605,3.11788500591198e-05,0.0,0.9750668999757911,3.11788500591198e-05,0.005480349184908481,0.0,0.9173383088650199,0.005480349184908481
1680,0.001,adam,1681,51.49691081047058,3.1077913592675226e-05,0.0,0.953821057048302,3.1077913592675226e-05,,,,
1681,0.001,adam,1682,51.51794624328613,3.102963962503894e-05,0.0,1.0051556519095808,3.102963962503894e-05,,,,
1682,0.001,adam,1683,51.53991627693176,3.1001085328513735e-05,0.0,1.090338739792383,3.1001085328513735e-05,,,,
1683,0.001,adam,1684,51.561564207077026,3.0924741338796703e-05,0.0,0.9170205473820061,3.0924741338796703e-05,,,,
1684,0.001,adam,1685,51.58248853683472,3.0871299833590684e-05,0.0,1.015822636381389,3.0871299833590684e-05,,,,
1685,0.001,adam,1686,51.603801012039185,3.082552964537273e-05,0.0,0.9280635481634469,3.082552964537273e-05,,,,
1686,0.001,adam,1687,51.62602925300598,3.075160409802975e-05,0.0,0.912080687118587,3.075160409802975e-05,,,,
1687,0.001,adam,1688,51.64754509925842,3.0704284042661986e-05,0.0,0.8406384889836864,3.0704284042661986e-05,,,,
1688,0.001,adam,1689,51.66903591156006,3.0666306482375415e-05,0.0,0.9578275024142748,3.0666306482375415e-05,,,,
1689,0.001,adam,1690,51.68931841850281,3.0600254343182005e-05,0.0,1.024000595496861,3.0600254343182005e-05,,,,
1690,0.001,adam,1691,51.711854219436646,3.054472886782776e-05,0.0,0.9509409868665738,3.054472886782776e-05,,,,
1691,0.001,adam,1692,51.73300075531006,3.0498469860752768e-05,0.0,0.9656570633070347,3.0498469860752768e-05,,,,
1692,0.001,adam,1693,51.754300355911255,3.043899136183538e-05,0.0,0.9490181407268169,3.043899136183538e-05,,,,
1693,0.001,adam,1694,51.774521350860596,3.038973315122735e-05,0.0,2.0985126987129825,3.038973315122735e-05,,,,
1694,0.001,adam,1695,51.795551776885986,3.0345611659598976e-05,0.0,1.0973987719493432,3.0345611659598976e-05,,,,
1695,0.001,adam,1696,51.81595778465271,3.028716530472172e-05,0.0,1.0528756346074633,3.028716530472172e-05,,,,
1696,0.001,adam,1697,51.840370893478394,3.0233216906028613e-05,0.0,0.9362135115549645,3.0233216906028613e-05,,,,
1697,0.001,adam,1698,51.860840797424316,3.018683108309441e-05,0.0,0.992868660242839,3.018683108309441e-05,,,,
1698,0.001,adam,1699,51.88479709625244,3.013400734418171e-05,0.0,0.9711699689760595,3.013400734418171e-05,,,,
1699,0.001,adam,1700,51.90515851974487,3.0083509563146842e-05,0.0,0.9380779863154096,3.0083509563146842e-05,0.005482907890916497,0.0,0.9168678510731859,0.005482907890916497
1700,0.001,adam,1701,51.934268951416016,3.003688665324471e-05,0.0,0.9300634940913565,3.003688665324471e-05,,,,
1701,0.001,adam,1702,51.95521783828735,2.998415985358687e-05,0.0,0.9094637176326519,2.998415985358687e-05,,,,
1702,0.001,adam,1703,51.975478649139404,2.993196639622255e-05,0.0,0.991537203832712,2.993196639622255e-05,,,,
1703,0.001,adam,1704,51.99675250053406,2.988467836674996e-05,0.0,0.9457904578334535,2.988467836674996e-05,,,,
1704,0.001,adam,1705,52.01808142662048,2.983524722876349e-05,0.0,0.8790310094620057,2.983524722876349e-05,,,,
1705,0.001,adam,1706,52.038158655166626,2.9785312681353615e-05,0.0,0.9066904118136504,2.9785312681353615e-05,,,,
1706,0.001,adam,1707,52.05989074707031,2.9737790192601704e-05,0.0,0.9118438836131586,2.9737790192601704e-05,,,,
1707,0.001,adam,1708,52.082746505737305,2.968825050037734e-05,0.0,0.9650048509949617,2.968825050037734e-05,,,,
1708,0.001,adam,1709,52.10334253311157,2.9637842614072182e-05,0.0,0.807427977676976,2.9637842614072182e-05,,,,
1709,0.001,adam,1710,52.12406826019287,2.9590207452999626e-05,0.0,1.025570792321967,2.9590207452999626e-05,,,,
1710,0.001,adam,1711,52.14672374725342,2.9542525447704962e-05,0.0,0.9951517236497945,2.9542525447704962e-05,,,,
1711,0.001,adam,1712,52.16748666763306,2.9493738377433415e-05,0.0,1.0187708233082533,2.9493738377433415e-05,,,,
1712,0.001,adam,1713,52.18832755088806,2.944607750081135e-05,0.0,0.9523931119090658,2.944607750081135e-05,,,,
1713,0.001,adam,1714,52.20858573913574,2.939830132410473e-05,0.0,0.9543639839055856,2.939830132410473e-05,,,,
1714,0.001,adam,1715,52.22888684272766,2.934963805930741e-05,0.0,1.1003086828041204,2.934963805930741e-05,,,,
1715,0.001,adam,1716,52.25104904174805,2.9302050387892137e-05,0.0,0.9407618270190783,2.9302050387892137e-05,,,,
1716,0.001,adam,1717,52.27133512496948,2.925512971043572e-05,0.0,1.0159351695877308,2.925512971043572e-05,,,,
1717,0.001,adam,1718,52.29136848449707,2.920764635881671e-05,0.0,1.0062150548893873,2.920764635881671e-05,,,,
1718,0.001,adam,1719,52.31082367897034,2.9160462229084173e-05,0.0,0.9678595317264076,2.9160462229084173e-05,,,,
1719,0.001,adam,1720,52.33175277709961,2.911361229263627e-05,0.0,0.9641948237980129,2.911361229263627e-05,0.005486143684430108,0.0,0.9164117977243266,0.005486143684430108
1720,0.001,adam,1721,52.35970640182495,2.9066356980015273e-05,0.0,0.9642394007434605,2.9066356980015273e-05,,,,
1721,0.001,adam,1722,52.37982416152954,2.9019314656697922e-05,0.0,0.9175416388700384,2.9019314656697922e-05,,,,
1722,0.001,adam,1723,52.40000653266907,2.8972843049524315e-05,0.0,0.9316816535961235,2.8972843049524315e-05,,,,
1723,0.001,adam,1724,52.42099571228027,2.892639079466612e-05,0.0,0.9886633307012417,2.892639079466612e-05,,,,
1724,0.001,adam,1725,52.441803216934204,2.8879943054384667e-05,0.0,0.9266201690504786,2.8879943054384667e-05,,,,
1725,0.001,adam,1726,52.461918115615845,2.8833706325802673e-05,0.0,0.960681013370381,2.8833706325802673e-05,,,,
1726,0.001,adam,1727,52.482335567474365,2.878749737199054e-05,0.0,0.9202299717212294,2.878749737199054e-05,,,,
1727,0.001,adam,1728,52.50273370742798,2.8741294130408544e-05,0.0,1.0449966040602354,2.8741294130408544e-05,,,,
1728,0.001,adam,1729,52.523181200027466,2.8695300606726203e-05,0.0,0.9560121894587101,2.8695300606726203e-05,,,,
1729,0.001,adam,1730,52.543288469314575,2.8649526541762888e-05,0.0,0.9710578676394093,2.8649526541762888e-05,,,,
1730,0.001,adam,1731,52.56570839881897,2.8603849386510447e-05,0.0,0.8536176425891695,2.8603849386510447e-05,,,,
1731,0.001,adam,1732,52.58681535720825,2.8558253274818297e-05,0.0,1.0060326280022034,2.8558253274818297e-05,,,,
1732,0.001,adam,1733,52.60735201835632,2.8512782445628455e-05,0.0,0.9891499110225814,2.8512782445628455e-05,,,,
1733,0.001,adam,1734,52.62815833091736,2.8467396938004815e-05,0.0,0.9344907860116936,2.8467396938004815e-05,,,,
1734,0.001,adam,1735,52.648664474487305,2.8422058554034515e-05,0.0,0.903092735684474,2.8422058554034515e-05,,,,
1735,0.001,adam,1736,52.66925811767578,2.8376849542660002e-05,0.0,0.9651428730796118,2.8376849542660002e-05,,,,
1736,0.001,adam,1737,52.690009117126465,2.8331817254332768e-05,0.0,1.0066621202305117,2.8331817254332768e-05,,,,
1737,0.001,adam,1738,52.71211862564087,2.8286885803392042e-05,0.0,1.029543220504999,2.8286885803392042e-05,,,,
1738,0.001,adam,1739,52.73247194290161,2.8242031741905648e-05,0.0,0.9364173090609018,2.8242031741905648e-05,,,,
1739,0.001,adam,1740,52.752609968185425,2.819730557221823e-05,0.0,0.9841857204578014,2.819730557221823e-05,0.005488761387897902,0.0,0.9159120048327186,0.005488761387897902
1740,0.001,adam,1741,52.78127694129944,2.815267795350349e-05,0.0,0.8579615184817199,2.815267795350349e-05,,,,
1741,0.001,adam,1742,52.80245518684387,2.810810069275957e-05,0.0,0.9363636751578198,2.810810069275957e-05,,,,
1742,0.001,adam,1743,52.822021484375,2.8063631418999757e-05,0.0,0.9963989793279466,2.8063631418999757e-05,,,,
1743,0.001,adam,1744,52.84328746795654,2.801930518908776e-05,0.0,0.9762590086465689,2.801930518908776e-05,,,,
1744,0.001,adam,1745,52.863696336746216,2.7975062067643996e-05,0.0,0.8736280132220445,2.7975062067643996e-05,,,,
1745,0.001,adam,1746,52.883673906326294,2.7930903185439624e-05,0.0,1.0177920852679612,2.7930903185439624e-05,,,,
1746,0.001,adam,1747,52.90427303314209,2.7886880096377822e-05,0.0,0.9745518297113012,2.7886880096377822e-05,,,,
1747,0.001,adam,1748,52.9270920753479,2.784295098776187e-05,0.0,0.9252048356772921,2.784295098776187e-05,,,,
1748,0.001,adam,1749,52.94731259346008,2.7799075693804563e-05,0.0,0.8555694505052889,2.7799075693804563e-05,,,,
1749,0.001,adam,1750,52.9674289226532,2.775530771959763e-05,0.0,1.1152094112299278,2.775530771959763e-05,,,,
1750,0.001,adam,1751,52.99053907394409,2.7711655374453745e-05,0.0,0.9637789609539977,2.7711655374453745e-05,,,,
1751,0.001,adam,1752,53.01383566856384,2.76680716649343e-05,0.0,0.9260875728988847,2.76680716649343e-05,,,,
1752,0.001,adam,1753,53.03507328033447,2.7624579210628e-05,0.0,0.9085514823239554,2.7624579210628e-05,,,,
1753,0.001,adam,1754,53.05600166320801,2.758120893549848e-05,0.0,0.9262934114181315,2.758120893549848e-05,,,,
1754,0.001,adam,1755,53.08022117614746,2.7537924192945715e-05,0.0,0.9428930178488925,2.7537924192945715e-05,,,,
1755,0.001,adam,1756,53.10075783729553,2.749471299646454e-05,0.0,1.0390370994175444,2.749471299646454e-05,,,,
1756,0.001,adam,1757,53.12242937088013,2.745160674343191e-05,0.0,0.9120390155037589,2.745160674343191e-05,,,,
1757,0.001,adam,1758,53.14321756362915,2.7408595995041387e-05,0.0,0.9424790046714143,2.7408595995041387e-05,,,,
1758,0.001,adam,1759,53.165104389190674,2.736565671155057e-05,0.0,0.9208823090628442,2.736565671155057e-05,,,,
1759,0.001,adam,1760,53.18671655654907,2.7322806293322697e-05,0.0,0.9690936821736603,2.7322806293322697e-05,0.005491366767484614,0.0,0.915498436836901,0.005491366767484614
1760,0.001,adam,1761,53.21419405937195,2.7280057216326295e-05,0.0,1.0000214868610873,2.7280057216326295e-05,,,,
1761,0.001,adam,1762,53.235921144485474,2.7237391263943635e-05,0.0,1.098311460666363,2.7237391263943635e-05,,,,
1762,0.001,adam,1763,53.25807452201843,2.7194806403392762e-05,0.0,0.9180804200249586,2.7194806403392762e-05,,,,
1763,0.001,adam,1764,53.27886414527893,2.715231720300721e-05,0.0,0.9638928306673952,2.715231720300721e-05,,,,
1764,0.001,adam,1765,53.29951190948486,2.7109918075605207e-05,0.0,0.967254401630029,2.7109918075605207e-05,,,,
1765,0.001,adam,1766,53.32009243965149,2.7067597854504025e-05,0.0,1.0454332686010512,2.7067597854504025e-05,,,,
1766,0.001,adam,1767,53.3409206867218,2.702536334211237e-05,0.0,0.9248961386092418,2.702536334211237e-05,,,,
1767,0.001,adam,1768,53.36112308502197,2.698321894258813e-05,0.0,0.8912002130170784,2.698321894258813e-05,,,,
1768,0.001,adam,1769,53.382568359375,2.6941156108929916e-05,0.0,0.9340744304325999,2.6941156108929916e-05,,,,
1769,0.001,adam,1770,53.406068325042725,2.6899173688946155e-05,0.0,1.01636081393609,2.6899173688946155e-05,,,,
1770,0.001,adam,1771,53.42672419548035,2.6857277913909612e-05,0.0,0.9333440270958195,2.6857277913909612e-05,,,,
1771,0.001,adam,1772,53.447059869766235,2.6815466919866503e-05,0.0,1.0181821908106234,2.6815466919866503e-05,,,,
1772,0.001,adam,1773,53.46707105636597,2.677373641309548e-05,0.0,0.9891296816188841,2.677373641309548e-05,,,,
1773,0.001,adam,1774,53.48739528656006,2.6732088763787303e-05,0.0,0.9356322235235701,2.6732088763787303e-05,,,,
1774,0.001,adam,1775,53.50779151916504,2.6690525337624378e-05,0.0,0.8799237581562757,2.6690525337624378e-05,,,,
1775,0.001,adam,1776,53.52957844734192,2.6649043378348248e-05,0.0,0.8852866543730382,2.6649043378348248e-05,,,,
1776,0.001,adam,1777,53.550641775131226,2.6607642138486476e-05,0.0,0.9875192137674347,2.6607642138486476e-05,,,,
1777,0.001,adam,1778,53.570847272872925,2.6566322653373633e-05,0.0,0.9753584089242354,2.6566322653373633e-05,,,,
1778,0.001,adam,1779,53.59144186973572,2.6525084259433917e-05,0.0,0.9973811763516792,2.6525084259433917e-05,,,,
1779,0.001,adam,1780,53.61158227920532,2.648392583331978e-05,0.0,1.0308371551025268,2.648392583331978e-05,0.005493820350670386,0.0,0.9151103398853595,0.005493820350670386
1780,0.001,adam,1781,53.63962244987488,2.6442847214407172e-05,0.0,0.8831087936871918,2.6442847214407172e-05,,,,
1781,0.001,adam,1782,53.660377979278564,2.6401848245507932e-05,0.0,0.9958381981761434,2.6401848245507932e-05,,,,
1782,0.001,adam,1783,53.681400775909424,2.636092868202794e-05,0.0,0.943302035492217,2.636092868202794e-05,,,,
1783,0.001,adam,1784,53.70206260681152,2.632008812876482e-05,0.0,0.9298259857835939,2.632008812876482e-05,,,,
1784,0.001,adam,1785,53.72245717048645,2.627932601817175e-05,0.0,0.9818701894626518,2.627932601817175e-05,,,,
1785,0.001,adam,1786,53.74221134185791,2.623864211315177e-05,0.0,0.9750939264649692,2.623864211315177e-05,,,,
1786,0.001,adam,1787,53.76247453689575,2.619803653950326e-05,0.0,0.8769822041208757,2.619803653950326e-05,,,,
1787,0.001,adam,1788,53.78254008293152,2.615750878013944e-05,0.0,0.9825772166501597,2.615750878013944e-05,,,,
1788,0.001,adam,1789,53.803292989730835,2.611705816853053e-05,0.0,1.0303697753310577,2.611705816853053e-05,,,,
1789,0.001,adam,1790,53.82514500617981,2.6076684726959122e-05,0.0,0.9371513201726547,2.6076684726959122e-05,,,,
1790,0.001,adam,1791,53.84747886657715,2.603638849047806e-05,0.0,1.0844185619309097,2.603638849047806e-05,,,,
1791,0.001,adam,1792,53.867555379867554,2.5996168736551576e-05,0.0,0.8984761186961439,2.5996168736551576e-05,,,,
1792,0.001,adam,1793,53.88782024383545,2.595602501105167e-05,0.0,0.9353574693599163,2.595602501105167e-05,,,,
1793,0.001,adam,1794,53.90806007385254,2.5915957465669173e-05,0.0,0.9795944261133155,2.5915957465669173e-05,,,,
1794,0.001,adam,1795,53.92806029319763,2.5875965907596852e-05,0.0,0.8597274730905256,2.5875965907596852e-05,,,,
1795,0.001,adam,1796,53.948612213134766,2.583604963455115e-05,0.0,0.9312105759544064,2.583604963455115e-05,,,,
1796,0.001,adam,1797,53.96898078918457,2.5796208425166247e-05,0.0,0.9219895233714244,2.5796208425166247e-05,,,,
1797,0.001,adam,1798,53.98917031288147,2.5756442364105506e-05,0.0,1.007846611154259,2.5756442364105506e-05,,,,
1798,0.001,adam,1799,54.01021599769592,2.5716751098478297e-05,0.0,0.96225656871206,2.5716751098478297e-05,,,,
1799,0.001,adam,1800,54.03481698036194,2.5677134085561544e-05,0.0,1.0143012926089199,2.5677134085561544e-05,0.005496160836387322,0.0,0.9147504438187225,0.005496160836387322
1800,0.001,adam,1801,54.063072681427,2.563759126262626e-05,0.0,0.935231695909365,2.563759126262626e-05,,,,
1801,0.001,adam,1802,54.08313775062561,2.559812256698647e-05,0.0,0.9838533904497556,2.559812256698647e-05,,,,
1802,0.001,adam,1803,54.103999853134155,2.555872760951015e-05,0.0,0.8900617278747122,2.555872760951015e-05,,,,
1803,0.001,adam,1804,54.125643253326416,2.5519406056362465e-05,0.0,0.9257253568951901,2.5519406056362465e-05,,,,
1804,0.001,adam,1805,54.146520137786865,2.5480157893235016e-05,0.0,0.8918916409375912,2.5480157893235016e-05,,,,
1805,0.001,adam,1806,54.16811966896057,2.5440982969805585e-05,0.0,0.9607399154880035,2.5440982969805585e-05,,,,
1806,0.001,adam,1807,54.18954420089722,2.5401881062806852e-05,0.0,1.036812389205065,2.5401881062806852e-05,,,,
1807,0.001,adam,1808,54.209378480911255,2.5362852058251424e-05,0.0,2.0444327406437726,2.5362852058251424e-05,,,,
1808,0.001,adam,1809,54.22901105880737,2.5323896096238253e-05,0.0,0.9548484133799728,2.5323896096238253e-05,,,,
1809,0.001,adam,1810,54.249704360961914,2.5285013271677352e-05,0.0,0.9453504529489652,2.5285013271677352e-05,,,,
1810,0.001,adam,1811,54.27064895629883,2.524620396622308e-05,0.0,0.9530529120689024,2.524620396622308e-05,,,,
1811,0.001,adam,1812,54.29060626029968,2.5207468872021993e-05,0.0,0.9090743684091318,2.5207468872021993e-05,,,,
1812,0.001,adam,1813,54.31059694290161,2.5168809431064266e-05,0.0,1.0460345542798302,2.5168809431064266e-05,,,,
1813,0.001,adam,1814,54.331425189971924,2.5130227835629694e-05,0.0,0.8744284784651046,2.5130227835629694e-05,,,,
1814,0.001,adam,1815,54.35239815711975,2.5091728137379426e-05,0.0,0.9116379577163874,2.5091728137379426e-05,,,,
1815,0.001,adam,1816,54.37243318557739,2.5053316872701827e-05,0.0,0.9870223059150487,2.5053316872701827e-05,,,,
1816,0.001,adam,1817,54.393611907958984,2.5015005576653326e-05,0.0,0.947393700671514,2.5015005576653326e-05,,,,
1817,0.001,adam,1818,54.41450762748718,2.4976813323695437e-05,0.0,0.9150208376934372,2.4976813323695437e-05,,,,
1818,0.001,adam,1819,54.43583917617798,2.493877353506352e-05,0.0,0.954422099254813,2.493877353506352e-05,,,,
1819,0.001,adam,1820,54.45653820037842,2.490094303067949e-05,0.0,0.8218271254055768,2.490094303067949e-05,0.00549827729125782,0.0,0.914344045851393,0.00549827729125782
1820,0.001,adam,1821,54.485347032547,2.486342177522181e-05,0.0,0.8984709479660296,2.486342177522181e-05,,,,
1821,0.001,adam,1822,54.505308866500854,2.4826383805437436e-05,0.0,0.9544909943912397,2.4826383805437436e-05,,,,
1822,0.001,adam,1823,54.526455879211426,2.4790138666521626e-05,0.0,0.8877549799847214,2.4790138666521626e-05,,,,
1823,0.001,adam,1824,54.54773950576782,2.4755236805702078e-05,0.0,0.9288570250632262,2.4755236805702078e-05,,,,
1824,0.001,adam,1825,54.56921982765198,2.4722670337962877e-05,0.0,0.8705539199241356,2.4722670337962877e-05,,,,
1825,0.001,adam,1826,54.58918333053589,2.469423884986256e-05,0.0,1.0199768553407471,2.469423884986256e-05,,,,
1826,0.001,adam,1827,54.60957646369934,2.4673232221366562e-05,0.0,0.9997912189445138,2.4673232221366562e-05,,,,
1827,0.001,adam,1828,54.62981581687927,2.4665732426643188e-05,0.0,0.9056693719794641,2.4665732426643188e-05,,,,
1828,0.001,adam,1829,54.65008234977722,2.4683014235793104e-05,0.0,0.9305870711440836,2.4683014235793104e-05,,,,
1829,0.001,adam,1830,54.67034292221069,2.4746317892507446e-05,0.0,0.9008768653206524,2.4746317892507446e-05,,,,
1830,0.001,adam,1831,54.69205355644226,2.4895515602773026e-05,0.0,0.8958101567083532,2.4895515602773026e-05,,,,
1831,0.001,adam,1832,54.71199584007263,2.52071721610093e-05,0.0,0.8841223273684029,2.52071721610093e-05,,,,
1832,0.001,adam,1833,54.73299765586853,2.582633795487902e-05,0.0,0.9892636400423125,2.582633795487902e-05,,,,
1833,0.001,adam,1834,54.75649809837341,2.703695741930328e-05,0.0,0.99470881474605,2.703695741930328e-05,,,,
1834,0.001,adam,1835,54.77921009063721,2.9377408145098285e-05,0.0,0.9087012963764585,2.9377408145098285e-05,,,,
1835,0.001,adam,1836,54.800020694732666,3.391897905123161e-05,0.0,0.916003905153252,3.391897905123161e-05,,,,
1836,0.001,adam,1837,54.820534467697144,4.264724924761377e-05,0.0,1.02328918228818,4.264724924761377e-05,,,,
1837,0.001,adam,1838,54.841612815856934,5.950592550124546e-05,0.0,0.9904378793645308,5.950592550124546e-05,,,,
1838,0.001,adam,1839,54.86149883270264,9.10764575986275e-05,0.0,0.8534694546506666,9.10764575986275e-05,,,,
1839,0.001,adam,1840,54.88226079940796,0.00014924027993042896,0.0,0.9227638831363805,0.00014924027993042896,0.005624606709915068,0.0,0.8954298143664703,0.005624606709915068
1840,0.001,adam,1841,54.909751415252686,0.00024507235739440713,0.0,0.975665572335445,0.00024507235739440713,,,,
1841,0.001,adam,1842,54.92926383018494,0.0003837820015527354,0.0,0.9527014262288122,0.0003837820015527354,,,,
1842,0.001,adam,1843,54.94997835159302,0.0005034693126452131,0.0,1.030067731915136,0.0005034693126452131,,,,
1843,0.001,adam,1844,54.97183585166931,0.0004943070924855642,0.0,1.0341839980653902,0.0004943070924855642,,,,
1844,0.001,adam,1845,54.99254584312439,0.00026547023554284995,0.0,0.833215703021333,0.00026547023554284995,,,,
1845,0.001,adam,1846,55.012725830078125,5.0889703761067766e-05,0.0,0.9344346986429624,5.0889703761067766e-05,,,,
1846,0.001,adam,1847,55.03348970413208,0.00010192416135627872,0.0,0.8863119560912296,0.00010192416135627872,,,,
1847,0.001,adam,1848,55.05468964576721,0.00022760832560695535,0.0,0.9750559982989351,0.00022760832560695535,,,,
1848,0.001,adam,1849,55.07544279098511,0.00014789277932976237,0.0,1.0339482628058263,0.00014789277932976237,,,,
1849,0.001,adam,1850,55.09692192077637,4.423784897230504e-05,0.0,1.0596112101554565,4.423784897230504e-05,,,,
1850,0.001,adam,1851,55.11796569824219,0.00011195498639886884,0.0,0.8783316282302828,0.00011195498639886884,,,,
1851,0.001,adam,1852,55.138856410980225,0.00013938618317765365,0.0,0.9716822160930224,0.00013938618317765365,,,,
1852,0.001,adam,1853,55.16111493110657,6.184650745555436e-05,0.0,0.92170786670704,6.184650745555436e-05,,,,
1853,0.001,adam,1854,55.18183207511902,6.455728342383486e-05,0.0,0.9363183606165016,6.455728342383486e-05,,,,
1854,0.001,adam,1855,55.202369928359985,0.00010072885895818586,0.0,0.9913210797755244,0.00010072885895818586,,,,
1855,0.001,adam,1856,55.22226643562317,6.744204741753365e-05,0.0,1.0876108738691095,6.744204741753365e-05,,,,
1856,0.001,adam,1857,55.24323558807373,5.2001577016345856e-05,0.0,0.9218521298834469,5.2001577016345856e-05,,,,
1857,0.001,adam,1858,55.264408111572266,7.142371128334454e-05,0.0,0.8943887826961545,7.142371128334454e-05,,,,
1858,0.001,adam,1859,55.28536033630371,6.0443079132027486e-05,0.0,0.9421184756379779,6.0443079132027486e-05,,,,
1859,0.001,adam,1860,55.30501580238342,4.8190679050502505e-05,0.0,0.9351046412742237,4.8190679050502505e-05,0.00542373974387073,0.0,0.9195978308324364,0.00542373974387073
1860,0.001,adam,1861,55.3340220451355,5.513853770461793e-05,0.0,1.0132282538421467,5.513853770461793e-05,,,,
1861,0.001,adam,1862,55.354106426239014,4.9911599513109556e-05,0.0,0.9777023940842995,4.9911599513109556e-05,,,,
1862,0.001,adam,1863,55.374672174453735,4.425044613245929e-05,0.0,0.929213653543119,4.425044613245929e-05,,,,
1863,0.001,adam,1864,55.39634323120117,4.70059709922155e-05,0.0,0.9349846841378276,4.70059709922155e-05,,,,
1864,0.001,adam,1865,55.416794538497925,4.126067868808839e-05,0.0,0.8994066901710823,4.126067868808839e-05,,,,
1865,0.001,adam,1866,55.43754816055298,3.9474121294666465e-05,0.0,0.9591979208349255,3.9474121294666465e-05,,,,
1866,0.001,adam,1867,55.457693099975586,4.2623111319274763e-05,0.0,0.8723202823260795,4.2623111319274763e-05,,,,
1867,0.001,adam,1868,55.47806763648987,3.568434455822099e-05,0.0,0.9610244118503953,3.568434455822099e-05,,,,
1868,0.001,adam,1869,55.49845004081726,3.471928555910212e-05,0.0,0.9185946754808836,3.471928555910212e-05,,,,
1869,0.001,adam,1870,55.51862859725952,3.9101238544090775e-05,0.0,2.11154772186769,3.9101238544090775e-05,,,,
1870,0.001,adam,1871,55.54111385345459,3.224845866488486e-05,0.0,0.9783631840849927,3.224845866488486e-05,,,,
1871,0.001,adam,1872,55.56260418891907,3.07736631578566e-05,0.0,0.9638313284541399,3.07736631578566e-05,,,,
1872,0.001,adam,1873,55.5834755897522,3.572178714229114e-05,0.0,0.8979515996433662,3.572178714229114e-05,,,,
1873,0.001,adam,1874,55.60362148284912,3.028141815764073e-05,0.0,0.8811432735534108,3.028141815764073e-05,,,,
1874,0.001,adam,1875,55.62432503700256,2.8171416408437e-05,0.0,0.8483641362801455,2.8171416408437e-05,,,,
1875,0.001,adam,1876,55.64510488510132,3.270170863592111e-05,0.0,0.9094716620966251,3.270170863592111e-05,,,,
1876,0.001,adam,1877,55.66575479507446,2.9117833000385764e-05,0.0,1.0117623186294074,2.9117833000385764e-05,,,,
1877,0.001,adam,1878,55.68654227256775,2.656821413982293e-05,0.0,0.9277041399324748,2.656821413982293e-05,,,,
1878,0.001,adam,1879,55.70720982551575,2.995967237859994e-05,0.0,1.1293274256621504,2.995967237859994e-05,,,,
1879,0.001,adam,1880,55.72754430770874,2.8225526580340325e-05,0.0,0.9197955298415115,2.8225526580340325e-05,0.005411767142498693,0.0,0.912252873037121,0.005411767142498693
1880,0.001,adam,1881,55.75538969039917,2.572085587718648e-05,0.0,0.8860179663204064,2.572085587718648e-05,,,,
1881,0.001,adam,1882,55.776180028915405,2.7667524773704503e-05,0.0,1.0682610536201516,2.7667524773704503e-05,,,,
1882,0.001,adam,1883,55.79906511306763,2.7305786887953638e-05,0.0,0.9662264847276415,2.7305786887953638e-05,,,,
1883,0.001,adam,1884,55.81947040557861,2.5342417593960326e-05,0.0,0.9993036095752735,2.5342417593960326e-05,,,,
1884,0.001,adam,1885,55.840187788009644,2.602654825017817e-05,0.0,0.9578451577374656,2.602654825017817e-05,,,,
1885,0.001,adam,1886,55.86167001724243,2.634948991860737e-05,0.0,0.9264620952660867,2.634948991860737e-05,,,,
1886,0.001,adam,1887,55.88237428665161,2.5120899265990273e-05,0.0,0.9259051308734154,2.5120899265990273e-05,,,,
1887,0.001,adam,1888,55.90371608734131,2.4979739386880948e-05,0.0,0.9533288091801972,2.4979739386880948e-05,,,,
1888,0.001,adam,1889,55.92426156997681,2.5417756995125706e-05,0.0,0.96535858581989,2.5417756995125706e-05,,,,
1889,0.001,adam,1890,55.94416952133179,2.4853531402582227e-05,0.0,0.9048333516410608,2.4853531402582227e-05,,,,
1890,0.001,adam,1891,55.96713995933533,2.4352680412915558e-05,0.0,0.9259265326689089,2.4352680412915558e-05,,,,
1891,0.001,adam,1892,55.98775601387024,2.458447114825097e-05,0.0,1.0319633885503312,2.458447114825097e-05,,,,
1892,0.001,adam,1893,56.00837254524231,2.4498779073514866e-05,0.0,0.9468303221447743,2.4498779073514866e-05,,,,
1893,0.001,adam,1894,56.02824926376343,2.4024655134157087e-05,0.0,0.9773790572616026,2.4024655134157087e-05,,,,
1894,0.001,adam,1895,56.04836106300354,2.395284335781513e-05,0.0,0.9779793207047481,2.395284335781513e-05,,,,
1895,0.001,adam,1896,56.06817841529846,2.4076953092853193e-05,0.0,0.9425024498044507,2.4076953092853193e-05,,,,
1896,0.001,adam,1897,56.09074139595032,2.3836076955763885e-05,0.0,0.962636228443872,2.3836076955763885e-05,,,,
1897,0.001,adam,1898,56.11209464073181,2.3542535889191525e-05,0.0,0.9851155381504679,2.3542535889191525e-05,,,,
1898,0.001,adam,1899,56.131991386413574,2.362865627465661e-05,0.0,1.0083940555541624,2.362865627465661e-05,,,,
1899,0.001,adam,1900,56.152347564697266,2.363364821849617e-05,0.0,0.9456298527676144,2.363364821849617e-05,0.005425967863131628,0.0,0.9131794432768922,0.005425967863131628
1900,0.001,adam,1901,56.1802499294281,2.330229451798166e-05,0.0,0.9290947873025892,2.330229451798166e-05,,,,
1901,0.001,adam,1902,56.200565338134766,2.3246987985518308e-05,0.0,1.0886027609250863,2.3246987985518308e-05,,,,
1902,0.001,adam,1903,56.22132658958435,2.3377904962291078e-05,0.0,0.9520765212321425,2.3377904962291078e-05,,,,
1903,0.001,adam,1904,56.242536544799805,2.313384902535016e-05,0.0,1.0065176091420986,2.313384902535016e-05,,,,
1904,0.001,adam,1905,56.26306438446045,2.2971122476106372e-05,0.0,0.9581282912281243,2.2971122476106372e-05,,,,
1905,0.001,adam,1906,56.28406882286072,2.3110332224816424e-05,0.0,0.8660419627361945,2.3110332224816424e-05,,,,
1906,0.001,adam,1907,56.304157733917236,2.297585375397081e-05,0.0,0.922090818749029,2.297585375397081e-05,,,,
1907,0.001,adam,1908,56.325786113739014,2.2776162600093705e-05,0.0,0.9417971213587549,2.2776162600093705e-05,,,,
1908,0.001,adam,1909,56.346030950546265,2.286790060295678e-05,0.0,0.9084046552139355,2.286790060295678e-05,,,,
1909,0.001,adam,1910,56.36631393432617,2.2815459919463544e-05,0.0,1.0404108918171162,2.2815459919463544e-05,,,,
1910,0.001,adam,1911,56.389259338378906,2.262620412844757e-05,0.0,1.0693178479112653,2.262620412844757e-05,,,,
1911,0.001,adam,1912,56.40984320640564,2.2654096349848547e-05,0.0,0.9519354875002038,2.2654096349848547e-05,,,,
1912,0.001,adam,1913,56.430615186691284,2.2650240495148164e-05,0.0,1.0101523291005514,2.2650240495148164e-05,,,,
1913,0.001,adam,1914,56.45082378387451,2.2501864670699658e-05,0.0,0.998847599212038,2.2501864670699658e-05,,,,
1914,0.001,adam,1915,56.47146272659302,2.2473739045794472e-05,0.0,0.9655813755987763,2.2473739045794472e-05,,,,
1915,0.001,adam,1916,56.49142837524414,2.2485056481472825e-05,0.0,0.8924324902790666,2.2485056481472825e-05,,,,
1916,0.001,adam,1917,56.51273798942566,2.238797257001291e-05,0.0,0.9334609127675702,2.238797257001291e-05,,,,
1917,0.001,adam,1918,56.53255105018616,2.2322096018211432e-05,0.0,0.967627573927404,2.2322096018211432e-05,,,,
1918,0.001,adam,1919,56.553314447402954,2.2319910841079224e-05,0.0,0.9674725398535038,2.2319910841079224e-05,,,,
1919,0.001,adam,1920,56.57370710372925,2.227057907232528e-05,0.0,1.0415906067959984,2.227057907232528e-05,0.0054397604562308926,0.0,0.91453275163414,0.0054397604562308926
1920,0.001,adam,1921,56.60208773612976,2.219582020430584e-05,0.0,0.9824662036925684,2.219582020430584e-05,,,,
1921,0.001,adam,1922,56.624189138412476,2.2164906476563977e-05,0.0,0.8966297226967035,2.2164906476563977e-05,,,,
1922,0.001,adam,1923,56.64556002616882,2.2143518335292407e-05,0.0,0.9712542178424435,2.2143518335292407e-05,,,,
1923,0.001,adam,1924,56.66567587852478,2.2086273965497757e-05,0.0,0.9059743803873446,2.2086273965497757e-05,,,,
1924,0.001,adam,1925,56.6862998008728,2.2031734889202687e-05,0.0,0.946942293931691,2.2031734889202687e-05,,,,
1925,0.001,adam,1926,56.70730543136597,2.2009442190786627e-05,0.0,0.9678038228788022,2.2009442190786627e-05,,,,
1926,0.001,adam,1927,56.7281014919281,2.1975227582016026e-05,0.0,0.9522859112410564,2.1975227582016026e-05,,,,
1927,0.001,adam,1928,56.748159408569336,2.1918448575905956e-05,0.0,0.9447908662625661,2.1918448575905956e-05,,,,
1928,0.001,adam,1929,56.76821970939636,2.188165359546419e-05,0.0,0.957453323639788,2.188165359546419e-05,,,,
1929,0.001,adam,1930,56.789926528930664,2.185597224581885e-05,0.0,0.9039344038899355,2.185597224581885e-05,,,,
1930,0.001,adam,1931,56.810518741607666,2.1811425959091775e-05,0.0,1.0557434173257871,2.1811425959091775e-05,,,,
1931,0.001,adam,1932,56.833147287368774,2.1767267319664394e-05,0.0,0.9303363884812292,2.1767267319664394e-05,,,,
1932,0.001,adam,1933,56.85440182685852,2.1736611180795054e-05,0.0,0.9145177125601147,2.1736611180795054e-05,,,,
1933,0.001,adam,1934,56.874878883361816,2.17015080642818e-05,0.0,0.9047033771474691,2.17015080642818e-05,,,,
1934,0.001,adam,1935,56.89702367782593,2.1660426731456228e-05,0.0,0.8731027964157976,2.1660426731456228e-05,,,,
1935,0.001,adam,1936,56.91956043243408,2.1624309464437757e-05,0.0,0.8918901817786444,2.1624309464437757e-05,,,,
1936,0.001,adam,1937,56.939470529556274,2.159068909619535e-05,0.0,1.0133287349014926,2.159068909619535e-05,,,,
1937,0.001,adam,1938,56.96056866645813,2.1554533538985867e-05,0.0,0.996705115370936,2.1554533538985867e-05,,,,
1938,0.001,adam,1939,56.980656147003174,2.1517864419320016e-05,0.0,0.8957656252227452,2.1517864419320016e-05,,,,
1939,0.001,adam,1940,57.001150608062744,2.148290326765939e-05,0.0,0.9148280591787014,2.148290326765939e-05,0.0054505116428328225,0.0,0.9147461995699425,0.0054505116428328225
1940,0.001,adam,1941,57.031208753585815,2.144864810388158e-05,0.0,0.9979667484587997,2.144864810388158e-05,,,,
1941,0.001,adam,1942,57.05158567428589,2.1413753569447213e-05,0.0,0.9792649336908722,2.1413753569447213e-05,,,,
1942,0.001,adam,1943,57.071837425231934,2.1378677927625072e-05,0.0,0.8792285420848062,2.1378677927625072e-05,,,,
1943,0.001,adam,1944,57.09215307235718,2.1344417323439458e-05,0.0,0.9680863863357946,2.1344417323439458e-05,,,,
1944,0.001,adam,1945,57.11256766319275,2.1310764442034177e-05,0.0,1.0412361784747257,2.1310764442034177e-05,,,,
1945,0.001,adam,1946,57.13504385948181,2.127669212725903e-05,0.0,1.0518001454026282,2.127669212725903e-05,,,,
1946,0.001,adam,1947,57.15686559677124,2.1242314069268098e-05,0.0,0.9770443575467217,2.1242314069268098e-05,,,,
1947,0.001,adam,1948,57.17740845680237,2.1209064241480682e-05,0.0,0.9028518964715395,2.1209064241480682e-05,,,,
1948,0.001,adam,1949,57.19754886627197,2.117627581420931e-05,0.0,0.9374524471901345,2.117627581420931e-05,,,,
1949,0.001,adam,1950,57.217920541763306,2.114211681319907e-05,0.0,0.9777538693670664,2.114211681319907e-05,,,,
1950,0.001,adam,1951,57.23962140083313,2.11084536768625e-05,0.0,0.9273333119153548,2.11084536768625e-05,,,,
1951,0.001,adam,1952,57.26227951049805,2.107678391842152e-05,0.0,0.9598576993764283,2.107678391842152e-05,,,,
1952,0.001,adam,1953,57.28364038467407,2.1043908220365324e-05,0.0,0.9233161998101957,2.1043908220365324e-05,,,,
1953,0.001,adam,1954,57.306684494018555,2.100958737966896e-05,0.0,0.9710434353678552,2.100958737966896e-05,,,,
1954,0.001,adam,1955,57.32774877548218,2.097759590343427e-05,0.0,0.9175541213804062,2.097759590343427e-05,,,,
1955,0.001,adam,1956,57.34948968887329,2.0946472166159438e-05,0.0,1.0019242252779779,2.0946472166159438e-05,,,,
1956,0.001,adam,1957,57.3739972114563,2.091299791390325e-05,0.0,0.9050467283052356,2.091299791390325e-05,,,,
1957,0.001,adam,1958,57.39421200752258,2.0879876657282013e-05,0.0,0.9577126709679348,2.0879876657282013e-05,,,,
1958,0.001,adam,1959,57.41803550720215,2.0848959520490603e-05,0.0,0.9372131383754375,2.0848959520490603e-05,,,,
1959,0.001,adam,1960,57.438899517059326,2.081726957419297e-05,0.0,0.9733016224625428,2.081726957419297e-05,0.005457574044695784,0.0,0.9145773817006971,0.005457574044695784
1960,0.001,adam,1961,57.46665382385254,2.078434172594449e-05,0.0,0.9562072848302563,2.078434172594449e-05,,,,
1961,0.001,adam,1962,57.48892402648926,2.0752555369265066e-05,0.0,1.0130713827094677,2.0752555369265066e-05,,,,
1962,0.001,adam,1963,57.50993776321411,2.0721518242427935e-05,0.0,0.887988082196385,2.0721518242427935e-05,,,,
1963,0.001,adam,1964,57.53013801574707,2.0689776166523812e-05,0.0,0.9112284839272643,2.0689776166523812e-05,,,,
1964,0.001,adam,1965,57.55122375488281,2.0657925002876073e-05,0.0,0.8559859640503108,2.0657925002876073e-05,,,,
1965,0.001,adam,1966,57.57227563858032,2.0626625723327893e-05,0.0,0.897499345551649,2.0626625723327893e-05,,,,
1966,0.001,adam,1967,57.59289860725403,2.0595465228724202e-05,0.0,0.9258445695690721,2.0595465228724202e-05,,,,
1967,0.001,adam,1968,57.613810300827026,2.056422967451311e-05,0.0,0.969066762159763,2.056422967451311e-05,,,,
1968,0.001,adam,1969,57.633055686950684,2.053305053038305e-05,0.0,0.9402710547294305,2.053305053038305e-05,,,,
1969,0.001,adam,1970,57.65643239021301,2.0501970716314556e-05,0.0,1.005948851887489,2.0501970716314556e-05,,,,
1970,0.001,adam,1971,57.67754626274109,2.047104971250286e-05,0.0,0.8662395527430649,2.047104971250286e-05,,,,
1971,0.001,adam,1972,57.69797444343567,2.0440269067981736e-05,0.0,0.8810329075534143,2.0440269067981736e-05,,,,
1972,0.001,adam,1973,57.719852447509766,2.040948188523264e-05,0.0,1.052426917193312,2.040948188523264e-05,,,,
1973,0.001,adam,1974,57.74065804481506,2.0378714732331086e-05,0.0,0.8898362092107558,2.0378714732331086e-05,,,,
1974,0.001,adam,1975,57.76401352882385,2.0348129785697687e-05,0.0,0.9465103311156822,2.0348129785697687e-05,,,,
1975,0.001,adam,1976,57.78473925590515,2.031768136566863e-05,0.0,0.897613541344828,2.031768136566863e-05,,,,
1976,0.001,adam,1977,57.80526161193848,2.0287211900359673e-05,0.0,1.0423654497854673,2.0287211900359673e-05,,,,
1977,0.001,adam,1978,57.82760810852051,2.0256792385468696e-05,0.0,1.0669286801990776,2.0256792385468696e-05,,,,
1978,0.001,adam,1979,57.84785437583923,2.022655503766447e-05,0.0,1.900574318000745,2.022655503766447e-05,,,,
1979,0.001,adam,1980,57.86930799484253,2.0196388305736118e-05,0.0,1.0148638493260278,2.0196388305736118e-05,0.005463792607017018,0.0,0.9145058403790819,0.005463792607017018
1980,0.001,adam,1981,57.896766662597656,2.0166200338110636e-05,0.0,0.9482437280992831,2.0166200338110636e-05,,,,
1981,0.001,adam,1982,57.91791796684265,2.0136133038995505e-05,0.0,2.033205998632711,2.0136133038995505e-05,,,,
1982,0.001,adam,1983,57.941160440444946,2.0106221008664064e-05,0.0,2.000042208684062,2.0106221008664064e-05,,,,
1983,0.001,adam,1984,57.961203813552856,2.0076312848897517e-05,0.0,1.0353897718526255,2.0076312848897517e-05,,,,
1984,0.001,adam,1985,57.98264718055725,2.0046422716642933e-05,0.0,0.9484265734441018,2.0046422716642933e-05,,,,
1985,0.001,adam,1986,58.00454640388489,2.0016680507469138e-05,0.0,1.0517151228153327,2.0016680507469138e-05,,,,
1986,0.001,adam,1987,58.02466440200806,1.998704155512302e-05,0.0,0.92680577809559,1.998704155512302e-05,,,,
1987,0.001,adam,1988,58.04527139663696,1.995740864052465e-05,0.0,0.9330417016084749,1.995740864052465e-05,,,,
1988,0.001,adam,1989,58.066417932510376,1.9927827956685028e-05,0.0,0.8004866416331919,1.9927827956685028e-05,,,,
1989,0.001,adam,1990,58.08713150024414,1.989836299536219e-05,0.0,1.0776233921031875,1.989836299536219e-05,,,,
1990,0.001,adam,1991,58.10683226585388,1.9868980845527977e-05,0.0,0.9503356465329513,1.9868980845527977e-05,,,,
1991,0.001,adam,1992,58.12783598899841,1.9839638564983122e-05,0.0,0.9047569503242322,1.9839638564983122e-05,,,,
1992,0.001,adam,1993,58.14844560623169,1.9810348219698903e-05,0.0,0.9276236757341664,1.9810348219698903e-05,,,,
1993,0.001,adam,1994,58.16862225532532,1.9781140462892137e-05,0.0,1.0774178725399324,1.9781140462892137e-05,,,,
1994,0.001,adam,1995,58.18950581550598,1.975201674497441e-05,0.0,1.0084208200546199,1.975201674497441e-05,,,,
1995,0.001,adam,1996,58.21050238609314,1.9722950330854224e-05,0.0,0.9508561908059743,1.9722950330854224e-05,,,,
1996,0.001,adam,1997,58.2312273979187,1.9693932787841325e-05,0.0,0.9031905264010186,1.9693932787841325e-05,,,,
1997,0.001,adam,1998,58.252885580062866,1.966498493731721e-05,0.0,0.9316128784137632,1.966498493731721e-05,,,,
1998,0.001,adam,1999,58.274277448654175,1.9636113226082674e-05,0.0,0.8911624168990443,1.9636113226082674e-05,,,,
1999,0.001,adam,2000,58.29527735710144,1.9607302671177127e-05,0.0,0.9168439793622765,1.9607302671177127e-05,0.005469029672529583,0.0,0.9144076977655513,0.005469029672529583
2000,0.001,adam,2001,58.32370924949646,1.9578548988056994e-05,0.0,0.9401249038216436,1.9578548988056994e-05,,,,
2001,0.001,adam,2002,58.34395241737366,1.9549858478208347e-05,0.0,0.9551407510278385,1.9549858478208347e-05,,,,
2002,0.001,adam,2003,58.36542797088623,1.952123253146509e-05,0.0,0.9104427568079213,1.952123253146509e-05,,,,
2003,0.001,adam,2004,58.385849952697754,1.949267027204163e-05,0.0,0.9659004731442952,1.949267027204163e-05,,,,
2004,0.001,adam,2005,58.40553951263428,1.9464169368713412e-05,0.0,0.8683033734775425,1.9464169368713412e-05,,,,
2005,0.001,adam,2006,58.42658853530884,1.9435726028198098e-05,0.0,0.9474229625127022,1.9435726028198098e-05,,,,
2006,0.001,adam,2007,58.44760870933533,1.940734298101778e-05,0.0,0.8706178744020615,1.940734298101778e-05,,,,
2007,0.001,adam,2008,58.46733093261719,1.9379024489690358e-05,0.0,0.9683252210911213,1.9379024489690358e-05,,,,
2008,0.001,adam,2009,58.48892664909363,1.935076591501421e-05,0.0,0.832783807721459,1.935076591501421e-05,,,,
2009,0.001,adam,2010,58.509172439575195,1.932256232021466e-05,0.0,0.9675791390353654,1.932256232021466e-05,,,,
2010,0.001,adam,2011,58.53035545349121,1.9294417820213075e-05,0.0,1.018181420049256,1.9294417820213075e-05,,,,
2011,0.001,adam,2012,58.552555084228516,1.926633629340521e-05,0.0,0.9217720937625039,1.926633629340521e-05,,,,
2012,0.001,adam,2013,58.57383990287781,1.9238313431211684e-05,0.0,0.9335445295419049,1.9238313431211684e-05,,,,
2013,0.001,adam,2014,58.594648599624634,1.9210344742746598e-05,0.0,0.8770710308508745,1.9210344742746598e-05,,,,
2014,0.001,adam,2015,58.61517119407654,1.918243293528014e-05,0.0,0.9194035861344675,1.918243293528014e-05,,,,
2015,0.001,adam,2016,58.63564991950989,1.91545817844287e-05,0.0,0.9603561947817664,1.91545817844287e-05,,,,
2016,0.001,adam,2017,58.6584267616272,1.912678897164512e-05,0.0,0.986053234400418,1.912678897164512e-05,,,,
2017,0.001,adam,2018,58.67931652069092,1.909905019066601e-05,0.0,0.9204435954494812,1.909905019066601e-05,,,,
2018,0.001,adam,2019,58.70204472541809,1.907136630805213e-05,0.0,0.8903079384978232,1.907136630805213e-05,,,,
2019,0.001,adam,2020,58.72153401374817,1.904374054326447e-05,0.0,0.9298389097635702,1.904374054326447e-05,0.005473632707791589,0.0,0.9143115716935097,0.005473632707791589
2020,0.001,adam,2021,58.74847888946533,1.901617178238046e-05,0.0,0.9519430828127884,1.901617178238046e-05,,,,
2021,0.001,adam,2022,58.769972801208496,1.898865719610078e-05,0.0,0.9003756074811975,1.898865719610078e-05,,,,
2022,0.001,adam,2023,58.791558027267456,1.8961197216185077e-05,0.0,0.95416949305719,1.8961197216185077e-05,,,,
2023,0.001,adam,2024,58.811675786972046,1.8933792923507774e-05,0.0,0.9492627890531267,1.8933792923507774e-05,,,,
2024,0.001,adam,2025,58.83196568489075,1.8906443375628375e-05,0.0,0.8960958877625114,1.8906443375628375e-05,,,,
2025,0.001,adam,2026,58.85224890708923,1.8879147887966094e-05,0.0,0.9000587829576375,1.8879147887966094e-05,,,,
2026,0.001,adam,2027,58.873435258865356,1.885190682278355e-05,0.0,1.0222027506737574,1.885190682278355e-05,,,,
2027,0.001,adam,2028,58.89368557929993,1.8824719733664745e-05,0.0,1.1291891202939437,1.8824719733664745e-05,,,,
2028,0.001,adam,2029,58.915175437927246,1.879758586022467e-05,0.0,0.8787830980567202,1.879758586022467e-05,,,,
2029,0.001,adam,2030,58.93627738952637,1.8770505446545378e-05,0.0,0.897307787684092,1.8770505446545378e-05,,,,
2030,0.001,adam,2031,58.956464529037476,1.8743478561956563e-05,0.0,0.952817090918648,1.8743478561956563e-05,,,,
2031,0.001,adam,2032,58.977763175964355,1.8716504394383372e-05,0.0,0.9868943185804129,1.8716504394383372e-05,,,,
2032,0.001,adam,2033,58.99972939491272,1.8689582544162516e-05,0.0,0.8972431302750474,1.8689582544162516e-05,,,,
2033,0.001,adam,2034,59.0218071937561,1.866271334822285e-05,0.0,0.9920722743166156,1.866271334822285e-05,,,,
2034,0.001,adam,2035,59.042704343795776,1.8635896679052312e-05,0.0,0.9532856160167494,1.8635896679052312e-05,,,,
2035,0.001,adam,2036,59.06404662132263,1.860913177961111e-05,0.0,1.0401943621517877,1.860913177961111e-05,,,,
2036,0.001,adam,2037,59.0858690738678,1.858241830649708e-05,0.0,0.8662034251882972,1.858241830649708e-05,,,,
2037,0.001,adam,2038,59.10757827758789,1.855575648762686e-05,0.0,0.908877192479849,1.855575648762686e-05,,,,
2038,0.001,adam,2039,59.12768030166626,1.852914633746156e-05,0.0,0.9831005650952956,1.852914633746156e-05,,,,
2039,0.001,adam,2040,59.148733615875244,1.8502587318157267e-05,0.0,0.9684453293081015,1.8502587318157267e-05,0.005477747211231857,0.0,0.9141998535270577,0.005477747211231857
2040,0.001,adam,2041,59.177002906799316,1.847607892099061e-05,0.0,0.9515256612768119,1.847607892099061e-05,,,,
2041,0.001,adam,2042,59.19778513908386,1.844962115169275e-05,0.0,0.9246968547494706,1.844962115169275e-05,,,,
2042,0.001,adam,2043,59.22082805633545,1.8423214080562122e-05,0.0,0.9532272710457178,1.8423214080562122e-05,,,,
2043,0.001,adam,2044,59.24155306816101,1.8396857422796986e-05,0.0,1.0612677060482896,1.8396857422796986e-05,,,,
2044,0.001,adam,2045,59.26262092590332,1.83705508067478e-05,0.0,0.9156966748076686,1.83705508067478e-05,,,,
2045,0.001,adam,2046,59.28344464302063,1.8344294065094204e-05,0.0,0.9223893217099473,1.8344294065094204e-05,,,,
2046,0.001,adam,2047,59.3055202960968,1.831808708582684e-05,0.0,0.9107110918273331,1.831808708582684e-05,,,,
2047,0.001,adam,2048,59.327200174331665,1.8291929666873088e-05,0.0,0.9077056796357791,1.8291929666873088e-05,,,,
2048,0.001,adam,2049,59.34974670410156,1.8265821635129876e-05,0.0,0.9110709560052814,1.8265821635129876e-05,,,,
2049,0.001,adam,2050,59.37047219276428,1.8239762838247383e-05,0.0,0.965380509366461,1.8239762838247383e-05,,,,
2050,0.001,adam,2051,59.39118504524231,1.8213753055044056e-05,0.0,1.0034022282120318,1.8213753055044056e-05,,,,
2051,0.001,adam,2052,59.412131786346436,1.818779207124751e-05,0.0,1.0653472540741624,1.818779207124751e-05,,,,
2052,0.001,adam,2053,59.432973861694336,1.816187976357153e-05,0.0,0.9217898105229179,1.816187976357153e-05,,,,
2053,0.001,adam,2054,59.454761266708374,1.8136016002852107e-05,0.0,0.9489536969663833,1.8136016002852107e-05,,,,
2054,0.001,adam,2055,59.475468158721924,1.8110200582520494e-05,0.0,0.9372851086660727,1.8110200582520494e-05,,,,
2055,0.001,adam,2056,59.496524810791016,1.8084433305899728e-05,0.0,0.9884954864775338,1.8084433305899728e-05,,,,
2056,0.001,adam,2057,59.517276763916016,1.805871402212682e-05,0.0,0.901352757529299,1.805871402212682e-05,,,,
2057,0.001,adam,2058,59.53768992424011,1.8033042602828595e-05,0.0,0.9374857437076356,1.8033042602828595e-05,,,,
2058,0.001,adam,2059,59.55864500999451,1.800741889513866e-05,0.0,0.847923471710733,1.800741889513866e-05,,,,
2059,0.001,adam,2060,59.57909369468689,1.7981842715906565e-05,0.0,0.9686680497055825,1.7981842715906565e-05,0.005481498738042766,0.0,0.9140845917596545,0.005481498738042766
2060,0.001,adam,2061,59.6084463596344,1.795631389399781e-05,0.0,1.0345161704932364,1.795631389399781e-05,,,,
2061,0.001,adam,2062,59.629427671432495,1.7930832280923917e-05,0.0,0.9680344015661622,1.7930832280923917e-05,,,,
2062,0.001,adam,2063,59.650673151016235,1.7905397751696622e-05,0.0,0.8231955853819706,1.7905397751696622e-05,,,,
2063,0.001,adam,2064,59.67097067832947,1.78800101605194e-05,0.0,0.9310846019908438,1.78800101605194e-05,,,,
2064,0.001,adam,2065,59.69436526298523,1.7854669340721912e-05,0.0,0.9296618869682423,1.7854669340721912e-05,,,,
2065,0.001,adam,2066,59.715502977371216,1.7829375140158915e-05,0.0,0.9434207984710838,1.7829375140158915e-05,,,,
2066,0.001,adam,2067,59.73769688606262,1.7804127417919817e-05,0.0,0.9561678365633594,1.7804127417919817e-05,,,,
2067,0.001,adam,2068,59.75801181793213,1.7778926039168966e-05,0.0,0.9618289146016121,1.7778926039168966e-05,,,,
2068,0.001,adam,2069,59.77967309951782,1.7753770863307947e-05,0.0,0.9593913879669946,1.7753770863307947e-05,,,,
2069,0.001,adam,2070,59.79987335205078,1.7728661748139664e-05,0.0,0.9121542120815466,1.7728661748139664e-05,,,,
2070,0.001,adam,2071,59.82063007354736,1.7703598551901917e-05,0.0,0.9233924916191583,1.7703598551901917e-05,,,,
2071,0.001,adam,2072,59.84132409095764,1.7678581138292527e-05,0.0,0.896028953988478,1.7678581138292527e-05,,,,
2072,0.001,adam,2073,59.862677335739136,1.765360937577777e-05,0.0,0.9788430799535245,1.765360937577777e-05,,,,
2073,0.001,adam,2074,59.88524150848389,1.762868313008017e-05,0.0,0.9541598142128602,1.762868313008017e-05,,,,
2074,0.001,adam,2075,59.905582427978516,1.7603802267456218e-05,0.0,0.965467081569393,1.7603802267456218e-05,,,,
2075,0.001,adam,2076,59.925976276397705,1.757896665542515e-05,0.0,0.9606872639381734,1.757896665542515e-05,,,,
2076,0.001,adam,2077,59.94608116149902,1.7554176165119298e-05,0.0,0.9227442999058255,1.7554176165119298e-05,,,,
2077,0.001,adam,2078,59.96684265136719,1.75294306665606e-05,0.0,1.0068010946898966,1.75294306665606e-05,,,,
2078,0.001,adam,2079,59.986835956573486,1.75047300339146e-05,0.0,0.9591091794447918,1.75047300339146e-05,,,,
2079,0.001,adam,2080,60.008662700653076,1.7480074144653855e-05,0.0,0.9646229649012994,1.7480074144653855e-05,0.00548496878007731,0.0,0.9139663306070517,0.00548496878007731
2080,0.001,adam,2081,60.036362171173096,1.7455462872459005e-05,0.0,0.9275614717704468,1.7455462872459005e-05,,,,
2081,0.001,adam,2082,60.05812430381775,1.7430896089687018e-05,0.0,0.9734483753253518,1.7430896089687018e-05,,,,
2082,0.001,adam,2083,60.07845211029053,1.7406373672626484e-05,0.0,0.8893433986845265,1.7406373672626484e-05,,,,
2083,0.001,adam,2084,60.098618507385254,1.738189550358448e-05,0.0,0.9722520084326088,1.738189550358448e-05,,,,
2084,0.001,adam,2085,60.12004566192627,1.7357461463980973e-05,0.0,0.8872718721402162,1.7357461463980973e-05,,,,
2085,0.001,adam,2086,60.14084792137146,1.7333071433493593e-05,0.0,1.0080350060956473,1.7333071433493593e-05,,,,
2086,0.001,adam,2087,60.16188621520996,1.730872529167407e-05,0.0,0.9086685469649805,1.730872529167407e-05,,,,
2087,0.001,adam,2088,60.181910037994385,1.7284422921747752e-05,0.0,0.8878254976518068,1.7284422921747752e-05,,,,
2088,0.001,adam,2089,60.2031090259552,1.7260164208310995e-05,0.0,0.8641345022358623,1.7260164208310995e-05,,,,
2089,0.001,adam,2090,60.22422766685486,1.7235949036623536e-05,0.0,0.9590434627011811,1.7235949036623536e-05,,,,
2090,0.001,adam,2091,60.244935750961304,1.7211777292300188e-05,0.0,0.9625565359661715,1.7211777292300188e-05,,,,
2091,0.001,adam,2092,60.26622009277344,1.7187648861222283e-05,0.0,0.9194467084006174,1.7187648861222283e-05,,,,
2092,0.001,adam,2093,60.288981199264526,1.7163563631848992e-05,0.0,0.9940471907866119,1.7163563631848992e-05,,,,
2093,0.001,adam,2094,60.311567544937134,1.71395214921644e-05,0.0,0.9491731862902888,1.71395214921644e-05,,,,
2094,0.001,adam,2095,60.33188819885254,1.7115522331774006e-05,0.0,0.9135372082262829,1.7115522331774006e-05,,,,
2095,0.001,adam,2096,60.35241365432739,1.7091566040586683e-05,0.0,1.0327837748875153,1.7091566040586683e-05,,,,
2096,0.001,adam,2097,60.376938343048096,1.7067652510720174e-05,0.0,0.8795156150561798,1.7067652510720174e-05,,,,
2097,0.001,adam,2098,60.397050619125366,1.7043781634628342e-05,0.0,1.0193950656210837,1.7043781634628342e-05,,,,
2098,0.001,adam,2099,60.41740155220032,1.7019953304534997e-05,0.0,0.9997886999963981,1.7019953304534997e-05,,,,
2099,0.001,adam,2100,60.43885326385498,1.699616741426754e-05,0.0,0.8513282622739574,1.699616741426754e-05,0.005488212953201126,0.0,0.9138449130416527,0.005488212953201126
2100,0.001,adam,2101,60.46616172790527,1.697242385883257e-05,0.0,0.9943268948934143,1.697242385883257e-05,,,,
2101,0.001,adam,2102,60.486820936203,1.6948722535592434e-05,0.0,0.915297902145333,1.6948722535592434e-05,,,,
2102,0.001,adam,2103,60.50951528549194,1.692506334235565e-05,0.0,1.026191221012956,1.692506334235565e-05,,,,
2103,0.001,adam,2104,60.53001403808594,1.6901446179562287e-05,0.0,0.8362250673985672,1.6901446179562287e-05,,,,
2104,0.001,adam,2105,60.5505268573761,1.687787095102271e-05,0.0,0.9730817087670799,1.687787095102271e-05,,,,
2105,0.001,adam,2106,60.57096242904663,1.6854337566481886e-05,0.0,0.9322094684416866,1.6854337566481886e-05,,,,
2106,0.001,adam,2107,60.59178423881531,1.6830845945270136e-05,0.0,0.9455409951344762,1.6830845945270136e-05,,,,
2107,0.001,adam,2108,60.61439251899719,1.6807396022508945e-05,0.0,0.921160284075726,1.6807396022508945e-05,,,,
2108,0.001,adam,2109,60.634488344192505,1.678398776247928e-05,0.0,0.9295610698113161,1.678398776247928e-05,,,,
2109,0.001,adam,2110,60.65492343902588,1.6760621180288372e-05,0.0,0.920389482336849,1.6760621180288372e-05,,,,
2110,0.001,adam,2111,60.674840688705444,1.6737296385491273e-05,0.0,0.8926813474054025,1.6737296385491273e-05,,,,
2111,0.001,adam,2112,60.69758725166321,1.6714013658441904e-05,0.0,0.9100341790588129,1.6714013658441904e-05,,,,
2112,0.001,adam,2113,60.72176957130432,1.669077359994072e-05,0.0,0.9157764831650752,1.669077359994072e-05,,,,
2113,0.001,adam,2114,60.7424111366272,1.666757740587911e-05,0.0,0.909794977426726,1.666757740587911e-05,,,,
2114,0.001,adam,2115,60.76300096511841,1.6644427402006245e-05,0.0,0.8944839966837327,1.6644427402006245e-05,,,,
2115,0.001,adam,2116,60.786882162094116,1.662132805462762e-05,0.0,0.9736301100568798,1.662132805462762e-05,,,,
2116,0.001,adam,2117,60.808377504348755,1.6598287946655034e-05,0.0,0.9857257733417907,1.6598287946655034e-05,,,,
2117,0.001,adam,2118,60.82896137237549,1.6575323606277618e-05,0.0,1.0161530617775445,1.6575323606277618e-05,,,,
2118,0.001,adam,2119,60.85031509399414,1.6552467045782918e-05,0.0,0.9545499538614285,1.6552467045782918e-05,,,,
2119,0.001,adam,2120,60.87062406539917,1.6529780685999262e-05,0.0,0.8817198275518837,1.6529780685999262e-05,0.005491013446802363,0.0,0.9137306970146339,0.005491013446802363
2120,0.001,adam,2121,60.89770150184631,1.65073870044284e-05,0.0,0.9869899075092846,1.65073870044284e-05,,,,
2121,0.001,adam,2122,60.919318199157715,1.6485528451060623e-05,0.0,0.9706227857747036,1.6485528451060623e-05,,,,
2122,0.001,adam,2123,60.94037485122681,1.6464687465480156e-05,0.0,0.9784232669011301,1.6464687465480156e-05,,,,
2123,0.001,adam,2124,60.96116018295288,1.6445834384324517e-05,0.0,0.9636050157618865,1.6445834384324517e-05,,,,
2124,0.001,adam,2125,60.982810497283936,1.643092662143541e-05,0.0,0.9957912625972956,1.643092662143541e-05,,,,
2125,0.001,adam,2126,61.0043466091156,1.6423966922493677e-05,0.0,0.9959449572883404,1.6423966922493677e-05,,,,
2126,0.001,adam,2127,61.024455308914185,1.6433130876404732e-05,0.0,0.9243158142059091,1.6433130876404732e-05,,,,
2127,0.001,adam,2128,61.04631853103638,1.6475435594894153e-05,0.0,0.952033242195504,1.6475435594894153e-05,,,,
2128,0.001,adam,2129,61.066129207611084,1.6585983091991868e-05,0.0,0.9399330495699685,1.6585983091991868e-05,,,,
2129,0.001,adam,2130,61.086950063705444,1.6839301531257454e-05,0.0,0.9835577395596499,1.6839301531257454e-05,,,,
2130,0.001,adam,2131,61.10704207420349,1.7389783697906947e-05,0.0,0.955733173341,1.7389783697906947e-05,,,,
2131,0.001,adam,2132,61.12805771827698,1.8572924630852272e-05,0.0,0.9673513260739728,1.8572924630852272e-05,,,,
2132,0.001,adam,2133,61.14844250679016,2.107707871813046e-05,0.0,0.9491542558619381,2.107707871813046e-05,,,,
2133,0.001,adam,2134,61.169095516204834,2.6436327096266616e-05,0.0,0.9284710346035496,2.6436327096266616e-05,,,,
2134,0.001,adam,2135,61.18991041183472,3.7639321942431945e-05,0.0,0.9843905624589379,3.7639321942431945e-05,,,,
2135,0.001,adam,2136,61.21107745170593,6.140590661495017e-05,0.0,0.988436050493792,6.140590661495017e-05,,,,
2136,0.001,adam,2137,61.2352352142334,0.0001081931579924677,0.0,1.0482607674968307,0.0001081931579924677,,,,
2137,0.001,adam,2138,61.25603747367859,0.00019870768684634353,0.0,0.9937016460023946,0.00019870768684634353,,,,
2138,0.001,adam,2139,61.276360511779785,0.00033142267455001074,0.0,0.9757899160622154,0.00033142267455001074,,,,
2139,0.001,adam,2140,61.296611070632935,0.0004822241969519689,0.0,0.8741175681266498,0.0004822241969519689,0.0058228275510385785,0.0,0.9193555445329624,0.0058228275510385785
2140,0.001,adam,2141,61.3254611492157,0.0004681284833146376,0.0,0.9746131734830603,0.0004681284833146376,,,,
2141,0.001,adam,2142,61.346648931503296,0.0002799481462481767,0.0,0.9647338061805135,0.0002799481462481767,,,,
2142,0.001,adam,2143,61.367061138153076,0.00012244403296419995,0.0,0.9351659392473606,0.00012244403296419995,,,,
2143,0.001,adam,2144,61.388192892074585,0.00020076781484643016,0.0,2.15786510056265,0.00020076781484643016,,,,
2144,0.001,adam,2145,61.40839862823486,0.00023869748830883698,0.0,0.9149030234631332,0.00023869748830883698,,,,
2145,0.001,adam,2146,61.42984223365784,7.703065078933139e-05,0.0,0.9728821148434713,7.703065078933139e-05,,,,
2146,0.001,adam,2147,61.450559854507446,5.421503944144736e-05,0.0,0.9593903567314748,5.421503944144736e-05,,,,
2147,0.001,adam,2148,61.471508741378784,0.0001688007693283611,0.0,1.0113489468911367,0.0001688007693283611,,,,
2148,0.001,adam,2149,61.491958141326904,0.00011160784749275415,0.0,0.8477208119542514,0.00011160784749275415,,,,
2149,0.001,adam,2150,61.5124990940094,5.338838907024544e-05,0.0,0.8163732469777247,5.338838907024544e-05,,,,
2150,0.001,adam,2151,61.53272867202759,0.00011014093340632489,0.0,0.9089890654643403,0.00011014093340632489,,,,
2151,0.001,adam,2152,61.55479884147644,6.343776129577648e-05,0.0,0.9854650887874061,6.343776129577648e-05,,,,
2152,0.001,adam,2153,61.575841188430786,3.720792152117486e-05,0.0,0.920237922071627,3.720792152117486e-05,,,,
2153,0.001,adam,2154,61.59637761116028,9.53665148371859e-05,0.0,0.8988024359683664,9.53665148371859e-05,,,,
2154,0.001,adam,2155,61.61724042892456,5.771218149672824e-05,0.0,1.0277434664293754,5.771218149672824e-05,,,,
2155,0.001,adam,2156,61.63885307312012,3.3659951317866155e-05,0.0,0.9666519390185219,3.3659951317866155e-05,,,,
2156,0.001,adam,2157,61.65898394584656,6.270312845007478e-05,0.0,0.8549015557201127,6.270312845007478e-05,,,,
2157,0.001,adam,2158,61.67870473861694,3.736563643247718e-05,0.0,0.9236318131234631,3.736563643247718e-05,,,,
2158,0.001,adam,2159,61.698688983917236,4.1040333084077714e-05,0.0,0.9784514161162251,4.1040333084077714e-05,,,,
2159,0.001,adam,2160,61.71882605552673,5.507368305101573e-05,0.0,0.9136287907950805,5.507368305101573e-05,0.00554094675991269,0.0,0.9252741017195014,0.00554094675991269
2160,0.001,adam,2161,61.7483332157135,2.698355356066482e-05,0.0,0.9597637918734672,2.698355356066482e-05,,,,
2161,0.001,adam,2162,61.76872515678406,3.2951679762584665e-05,0.0,0.9082836498105482,3.2951679762584665e-05,,,,
2162,0.001,adam,2163,61.78909087181091,3.998545209115682e-05,0.0,0.9591982014797313,3.998545209115682e-05,,,,
2163,0.001,adam,2164,61.80989456176758,2.763812672482344e-05,0.0,0.9537409590502524,2.763812672482344e-05,,,,
2164,0.001,adam,2165,61.831255197525024,3.5666981506491995e-05,0.0,1.0479704351521462,3.5666981506491995e-05,,,,
2165,0.001,adam,2166,61.85240936279297,2.937860427903619e-05,0.0,0.9359869769876017,2.937860427903619e-05,,,,
2166,0.001,adam,2167,61.872759103775024,2.1799250221666103e-05,0.0,0.9602422119824311,2.1799250221666103e-05,,,,
2167,0.001,adam,2168,61.89323830604553,3.1419761468359116e-05,0.0,0.8274735771975266,3.1419761468359116e-05,,,,
2168,0.001,adam,2169,61.91426372528076,2.6494949965965e-05,0.0,0.9689107874096358,2.6494949965965e-05,,,,
2169,0.001,adam,2170,61.93374848365784,2.3721382743267627e-05,0.0,1.0014966992463121,2.3721382743267627e-05,,,,
2170,0.001,adam,2171,61.9558265209198,2.644739865647526e-05,0.0,1.0008013770114617,2.644739865647526e-05,,,,
2171,0.001,adam,2172,61.97606062889099,2.063988498461823e-05,0.0,0.902501328458136,2.063988498461823e-05,,,,
2172,0.001,adam,2173,61.996381998062134,2.3003758452179892e-05,0.0,0.9870469859519618,2.3003758452179892e-05,,,,
2173,0.001,adam,2174,62.016631841659546,2.5001810858985e-05,0.0,0.9215178689481979,2.5001810858985e-05,,,,
2174,0.001,adam,2175,62.037050008773804,1.9986879987100032e-05,0.0,0.8552983220943059,1.9986879987100032e-05,,,,
2175,0.001,adam,2176,62.058424949645996,2.1161692731637924e-05,0.0,0.8489794144664822,2.1161692731637924e-05,,,,
2176,0.001,adam,2177,62.07842302322388,2.1084465243594087e-05,0.0,0.837626004750194,2.1084465243594087e-05,,,,
2177,0.001,adam,2178,62.09922814369202,1.9202480044935325e-05,0.0,0.9098821684997546,1.9202480044935325e-05,,,,
2178,0.001,adam,2179,62.120002031326294,2.1095961078981942e-05,0.0,1.0174376554049203,2.1095961078981942e-05,,,,
2179,0.001,adam,2180,62.140082120895386,1.976416380817114e-05,0.0,0.8458378150315212,1.976416380817114e-05,0.005508865705773275,0.0,0.9234186630187352,0.005508865705773275
2180,0.001,adam,2181,62.16873216629028,1.8144044756521478e-05,0.0,0.9920032618370251,1.8144044756521478e-05,,,,
2181,0.001,adam,2182,62.1892876625061,1.9370103161055554e-05,0.0,0.9913047205260271,1.9370103161055554e-05,,,,
2182,0.001,adam,2183,62.210389614105225,1.862023585203668e-05,0.0,0.9056795633757325,1.862023585203668e-05,,,,
2183,0.001,adam,2184,62.23095679283142,1.8242515522162823e-05,0.0,0.876327464385491,1.8242515522162823e-05,,,,
2184,0.001,adam,2185,62.251293659210205,1.8672947561309375e-05,0.0,0.8698930982211728,1.8672947561309375e-05,,,,
2185,0.001,adam,2186,62.271612882614136,1.75626948512018e-05,0.0,0.9297481056489996,1.75626948512018e-05,,,,
2186,0.001,adam,2187,62.292486906051636,1.7544880422399255e-05,0.0,0.9090739177122181,1.7544880422399255e-05,,,,
2187,0.001,adam,2188,62.31355023384094,1.8010585404062413e-05,0.0,0.9140357856536472,1.8010585404062413e-05,,,,
2188,0.001,adam,2189,62.33366370201111,1.7275324380183884e-05,0.0,0.9878109823038326,1.7275324380183884e-05,,,,
2189,0.001,adam,2190,62.35362911224365,1.72228843877245e-05,0.0,1.000752019592277,1.72228843877245e-05,,,,
2190,0.001,adam,2191,62.373984813690186,1.72975263974252e-05,0.0,1.0187381654508882,1.72975263974252e-05,,,,
2191,0.001,adam,2192,62.39514207839966,1.6771099222208543e-05,0.0,0.8859465765270889,1.6771099222208543e-05,,,,
2192,0.001,adam,2193,62.4192430973053,1.6938658522274155e-05,0.0,0.9002254879565286,1.6938658522274155e-05,,,,
2193,0.001,adam,2194,62.43899893760681,1.6993690201326293e-05,0.0,1.0493866733512505,1.6993690201326293e-05,,,,
2194,0.001,adam,2195,62.45962619781494,1.6492791942831226e-05,0.0,0.9193502830319599,1.6492791942831226e-05,,,,
2195,0.001,adam,2196,62.47995710372925,1.6522881112837716e-05,0.0,0.9425745708437162,1.6522881112837716e-05,,,,
2196,0.001,adam,2197,62.50058674812317,1.6576305480298858e-05,0.0,0.9288619442312793,1.6576305480298858e-05,,,,
2197,0.001,adam,2198,62.52122354507446,1.632877589629887e-05,0.0,0.9279472199083472,1.632877589629887e-05,,,,
2198,0.001,adam,2199,62.54252552986145,1.6384616573221313e-05,0.0,0.922835105203881,1.6384616573221313e-05,,,,
2199,0.001,adam,2200,62.56335735321045,1.6327812634585316e-05,0.0,1.0893941294039657,1.6327812634585316e-05,0.0055203849196580205,0.0,0.9218396355340497,0.0055203849196580205
2200,0.001,adam,2201,62.59099578857422,1.6049470523522737e-05,0.0,0.8876641375452637,1.6049470523522737e-05,,,,
2201,0.001,adam,2202,62.61471676826477,1.608826268591223e-05,0.0,1.0360612883077642,1.608826268591223e-05,,,,
2202,0.001,adam,2203,62.635600566864014,1.612432128574351e-05,0.0,0.9283504196813368,1.612432128574351e-05,,,,
2203,0.001,adam,2204,62.65596652030945,1.597401056809345e-05,0.0,1.004418646526339,1.597401056809345e-05,,,,
2204,0.001,adam,2205,62.678107023239136,1.5968983823259398e-05,0.0,1.0241040073615975,1.5968983823259398e-05,,,,
2205,0.001,adam,2206,62.69946885108948,1.591089914092457e-05,0.0,1.0513882571142337,1.591089914092457e-05,,,,
2206,0.001,adam,2207,62.71993947029114,1.5754870412548043e-05,0.0,0.9611539870684567,1.5754870412548043e-05,,,,
2207,0.001,adam,2208,62.74039840698242,1.5784923943897177e-05,0.0,0.969820116868563,1.5784923943897177e-05,,,,
2208,0.001,adam,2209,62.7619047164917,1.5797071845190392e-05,0.0,1.0184886543290208,1.5797071845190392e-05,,,,
2209,0.001,adam,2210,62.782981157302856,1.5689306677342834e-05,0.0,0.9496057338077548,1.5689306677342834e-05,,,,
2210,0.001,adam,2211,62.80552363395691,1.5673136366480954e-05,0.0,0.9630851064220269,1.5673136366480954e-05,,,,
2211,0.001,adam,2212,62.82903265953064,1.5633505883429335e-05,0.0,0.9541883173203383,1.5633505883429335e-05,,,,
2212,0.001,adam,2213,62.84939694404602,1.553174619665483e-05,0.0,0.9231293427841643,1.553174619665483e-05,,,,
2213,0.001,adam,2214,62.86929202079773,1.5542898810092378e-05,0.0,0.8871654461331104,1.5542898810092378e-05,,,,
2214,0.001,adam,2215,62.88949942588806,1.5544357993662593e-05,0.0,0.9460185196863502,1.5544357993662593e-05,,,,
2215,0.001,adam,2216,62.909790992736816,1.5463710576620548e-05,0.0,0.8796227717309769,1.5463710576620548e-05,,,,
2216,0.001,adam,2217,62.93130826950073,1.5443441166718585e-05,0.0,0.991969790843009,1.5443441166718585e-05,,,,
2217,0.001,adam,2218,62.95123887062073,1.5421064277081714e-05,0.0,0.9697800716571926,1.5421064277081714e-05,,,,
2218,0.001,adam,2219,62.97318744659424,1.534998951008803e-05,0.0,0.9981690907721369,1.534998951008803e-05,,,,
2219,0.001,adam,2220,62.99453330039978,1.5340068880631615e-05,0.0,1.0046281785072022,1.5340068880631615e-05,0.005521009606844599,0.0,0.9212653114373719,0.005521009606844599
2220,0.001,adam,2221,63.02247428894043,1.5336718556071832e-05,0.0,0.9182941720203118,1.5336718556071832e-05,,,,
2221,0.001,adam,2222,63.0445716381073,1.5280353323702275e-05,0.0,0.9428725350497167,1.5280353323702275e-05,,,,
2222,0.001,adam,2223,63.065638065338135,1.5253878619132856e-05,0.0,0.9764486034358667,1.5253878619132856e-05,,,,
2223,0.001,adam,2224,63.086158752441406,1.5238077785045241e-05,0.0,0.8715875074611361,1.5238077785045241e-05,,,,
2224,0.001,adam,2225,63.106240034103394,1.5189965608304102e-05,0.0,1.0081074757858635,1.5189965608304102e-05,,,,
2225,0.001,adam,2226,63.12678265571594,1.5167468323960174e-05,0.0,0.9090610049015077,1.5167468323960174e-05,,,,
2226,0.001,adam,2227,63.14779806137085,1.5157673041106069e-05,0.0,0.9904460646058528,1.5157673041106069e-05,,,,
2227,0.001,adam,2228,63.16843914985657,1.5118483849871566e-05,0.0,0.8970144842122416,1.5118483849871566e-05,,,,
2228,0.001,adam,2229,63.18895435333252,1.5089956491635067e-05,0.0,0.9749315227088214,1.5089956491635067e-05,,,,
2229,0.001,adam,2230,63.2124810218811,1.507384015071636e-05,0.0,0.9544834572747692,1.507384015071636e-05,,,,
2230,0.001,adam,2231,63.23264026641846,1.5039622358793076e-05,0.0,0.9424090412551024,1.5039622358793076e-05,,,,
2231,0.001,adam,2232,63.25456166267395,1.5013456708063414e-05,0.0,0.9644969111474572,1.5013456708063414e-05,,,,
2232,0.001,adam,2233,63.27622151374817,1.4999760776108158e-05,0.0,1.0152971252884466,1.4999760776108158e-05,,,,
2233,0.001,adam,2234,63.296977281570435,1.497042910754539e-05,0.0,0.9073917400736468,1.497042910754539e-05,,,,
2234,0.001,adam,2235,63.31788468360901,1.4941213250140416e-05,0.0,2.098092872740419,1.4941213250140416e-05,,,,
2235,0.001,adam,2236,63.33962845802307,1.492352658660219e-05,0.0,1.0241308932276718,1.492352658660219e-05,,,,
2236,0.001,adam,2237,63.36044645309448,1.4897184832170077e-05,0.0,0.843262381046322,1.4897184832170077e-05,,,,
2237,0.001,adam,2238,63.38341283798218,1.486967580400705e-05,0.0,0.918595675592686,1.486967580400705e-05,,,,
2238,0.001,adam,2239,63.40434288978577,1.4853062675368525e-05,0.0,1.0410642419344702,1.4853062675368525e-05,,,,
2239,0.001,adam,2240,63.42519998550415,1.4830955210203074e-05,0.0,0.9474603803200041,1.4830955210203074e-05,0.005525706737091354,0.0,0.9208288074479438,0.005525706737091354
2240,0.001,adam,2241,63.45247006416321,1.480328948277786e-05,0.0,0.9564249752657294,1.480328948277786e-05,,,,
2241,0.001,adam,2242,63.474005460739136,1.4782968712932082e-05,0.0,0.9858112979489455,1.4782968712932082e-05,,,,
2242,0.001,adam,2243,63.49432992935181,1.4761309525165549e-05,0.0,0.9615705452246758,1.4761309525165549e-05,,,,
2243,0.001,adam,2244,63.51508116722107,1.4734924842431743e-05,0.0,0.94564029227329,1.4734924842431743e-05,,,,
2244,0.001,adam,2245,63.537001848220825,1.4714472258058282e-05,0.0,1.04676821559397,1.4714472258058282e-05,,,,
2245,0.001,adam,2246,63.55691695213318,1.4695281731690939e-05,0.0,0.9144490864958292,1.4695281731690939e-05,,,,
2246,0.001,adam,2247,63.580591678619385,1.4671165652928892e-05,0.0,0.9026064949084048,1.4671165652928892e-05,,,,
2247,0.001,adam,2248,63.60221982002258,1.46495803490434e-05,0.0,0.9925184761386234,1.46495803490434e-05,,,,
2248,0.001,adam,2249,63.62623476982117,1.4629788276672093e-05,0.0,0.9945290892194578,1.4629788276672093e-05,,,,
2249,0.001,adam,2250,63.64734482765198,1.4606197693397098e-05,0.0,0.9859642477421504,1.4606197693397098e-05,,,,
2250,0.001,adam,2251,63.6680543422699,1.4583978987297113e-05,0.0,0.9942475459369545,1.4583978987297113e-05,,,,
2251,0.001,adam,2252,63.688785791397095,1.456453619517457e-05,0.0,0.9437375554483003,1.456453619517457e-05,,,,
2252,0.001,adam,2253,63.71157741546631,1.4542743569316638e-05,0.0,0.8968771564514633,1.4542743569316638e-05,,,,
2253,0.001,adam,2254,63.73211431503296,1.4520933285534373e-05,0.0,0.9404823254504884,1.4520933285534373e-05,,,,
2254,0.001,adam,2255,63.75307369232178,1.4501391366340283e-05,0.0,1.185138188603124,1.4501391366340283e-05,,,,
2255,0.001,adam,2256,63.773584842681885,1.4480303126973384e-05,0.0,0.9878923221565309,1.4480303126973384e-05,,,,
2256,0.001,adam,2257,63.79451942443848,1.4458393805098384e-05,0.0,0.9134614150083069,1.4458393805098384e-05,,,,
2257,0.001,adam,2258,63.81507611274719,1.4438413498923773e-05,0.0,1.0520835736334395,1.4438413498923773e-05,,,,
2258,0.001,adam,2259,63.836498737335205,1.4418061212239906e-05,0.0,0.9540372735108263,1.4418061212239906e-05,,,,
2259,0.001,adam,2260,63.857792139053345,1.4396775481136221e-05,0.0,0.9856186857429481,1.4396775481136221e-05,0.005529837656147011,0.0,0.9206388091458946,0.005529837656147011
2260,0.001,adam,2261,63.885409355163574,1.4376743103488832e-05,0.0,1.011481012660297,1.4376743103488832e-05,,,,
2261,0.001,adam,2262,63.90603756904602,1.4356854228732722e-05,0.0,0.9261397168441565,1.4356854228732722e-05,,,,
2262,0.001,adam,2263,63.92767572402954,1.4336017607245297e-05,0.0,0.9992450034382407,1.4336017607245297e-05,,,,
2263,0.001,adam,2264,63.95000171661377,1.4315751862261626e-05,0.0,0.9236073651828154,1.4315751862261626e-05,,,,
2264,0.001,adam,2265,63.97151780128479,1.4295943456973823e-05,0.0,1.1250067425212564,1.4295943456973823e-05,,,,
2265,0.001,adam,2266,63.99339962005615,1.42755750346208e-05,0.0,1.0156116421994787,1.42755750346208e-05,,,,
2266,0.001,adam,2267,64.01452779769897,1.425544995342098e-05,0.0,0.9307175493868108,1.425544995342098e-05,,,,
2267,0.001,adam,2268,64.03656721115112,1.4235850905582975e-05,0.0,0.9926250825411145,1.4235850905582975e-05,,,,
2268,0.001,adam,2269,64.05761981010437,1.4215979412464476e-05,0.0,0.9678772670332982,1.4215979412464476e-05,,,,
2269,0.001,adam,2270,64.07789015769958,1.419607562326185e-05,0.0,0.90614448334717,1.419607562326185e-05,,,,
2270,0.001,adam,2271,64.09858012199402,1.4176526639075103e-05,0.0,0.9166886612500693,1.4176526639075103e-05,,,,
2271,0.001,adam,2272,64.12145042419434,1.4156878758930633e-05,0.0,0.9329830747799726,1.4156878758930633e-05,,,,
2272,0.001,adam,2273,64.14200139045715,1.413711874406326e-05,0.0,0.9936220362088294,1.413711874406326e-05,,,,
2273,0.001,adam,2274,64.16339302062988,1.4117610783714242e-05,0.0,0.9787087077557199,1.4117610783714242e-05,,,,
2274,0.001,adam,2275,64.18411064147949,1.4098176431591865e-05,0.0,0.9358920898663492,1.4098176431591865e-05,,,,
2275,0.001,adam,2276,64.20439410209656,1.407866803230597e-05,0.0,0.901660108113963,1.407866803230597e-05,,,,
2276,0.001,adam,2277,64.22622203826904,1.4059311820911762e-05,0.0,2.0983414400208344,1.4059311820911762e-05,,,,
2277,0.001,adam,2278,64.24629998207092,1.404008627133326e-05,0.0,0.8689759864106357,1.404008627133326e-05,,,,
2278,0.001,adam,2279,64.26702499389648,1.4020819080490007e-05,0.0,0.9317171207097561,1.4020819080490007e-05,,,,
2279,0.001,adam,2280,64.28758263587952,1.4001601918465178e-05,0.0,0.8985361503022196,1.4001601918465178e-05,0.005532708433732646,0.0,0.9204591392338469,0.005532708433732646
2280,0.001,adam,2281,64.31525015830994,1.3982502951015568e-05,0.0,0.8953828417268023,1.3982502951015568e-05,,,,
2281,0.001,adam,2282,64.33933424949646,1.396341429256187e-05,0.0,0.8999297407783043,1.396341429256187e-05,,,,
2282,0.001,adam,2283,64.35953450202942,1.394434200317666e-05,0.0,1.0028631698436452,1.394434200317666e-05,,,,
2283,0.001,adam,2284,64.38102459907532,1.3925369441726997e-05,0.0,0.9136623462825376,1.3925369441726997e-05,,,,
2284,0.001,adam,2285,64.40138816833496,1.390645501940879e-05,0.0,0.9782355905337157,1.390645501940879e-05,,,,
2285,0.001,adam,2286,64.42265582084656,1.3887560754047342e-05,0.0,0.8955920019158234,1.3887560754047342e-05,,,,
2286,0.001,adam,2287,64.44357442855835,1.3868738934302414e-05,0.0,0.887460429656284,1.3868738934302414e-05,,,,
2287,0.001,adam,2288,64.46452331542969,1.384998687269051e-05,0.0,1.0327453730736502,1.384998687269051e-05,,,,
2288,0.001,adam,2289,64.48611950874329,1.3831258845491607e-05,0.0,1.034257826827906,1.3831258845491607e-05,,,,
2289,0.001,adam,2290,64.509934425354,1.3812577762471989e-05,0.0,0.9122778837966237,1.3812577762471989e-05,,,,
2290,0.001,adam,2291,64.53030180931091,1.3793963244965387e-05,0.0,0.9658953423343719,1.3793963244965387e-05,,,,
2291,0.001,adam,2292,64.55202460289001,1.3775381354474408e-05,0.0,0.9495873057938518,1.3775381354474408e-05,,,,
2292,0.001,adam,2293,64.5728611946106,1.3756833586140595e-05,0.0,0.8659666937480234,1.3756833586140595e-05,,,,
2293,0.001,adam,2294,64.59365487098694,1.3738348539471064e-05,0.0,1.052984672221766,1.3738348539471064e-05,,,,
2294,0.001,adam,2295,64.61490964889526,1.3719910859064116e-05,0.0,0.880403426493384,1.3719910859064116e-05,,,,
2295,0.001,adam,2296,64.63528823852539,1.3701505421853866e-05,0.0,1.0035801970293825,1.3701505421853866e-05,,,,
2296,0.001,adam,2297,64.6556544303894,1.3683153891913389e-05,0.0,0.9556858226518692,1.3683153891913389e-05,,,,
2297,0.001,adam,2298,64.67600607872009,1.3664858772117984e-05,0.0,0.9404236080370133,1.3664858772117984e-05,,,,
2298,0.001,adam,2299,64.70075464248657,1.3646602282204796e-05,0.0,0.9141483441226036,1.3646602282204796e-05,,,,
2299,0.001,adam,2300,64.72109150886536,1.3628391440718366e-05,0.0,0.9567513353566618,1.3628391440718366e-05,0.005535203343077629,0.0,0.9202801677551564,0.005535203343077629
2300,0.001,adam,2301,64.74869060516357,1.3610238396475429e-05,0.0,0.9672568868453993,1.3610238396475429e-05,,,,
2301,0.001,adam,2302,64.76952242851257,1.3592135724138642e-05,0.0,1.028459359964226,1.3592135724138642e-05,,,,
2302,0.001,adam,2303,64.7889940738678,1.3574083531016477e-05,0.0,0.9442921633312669,1.3574083531016477e-05,,,,
2303,0.001,adam,2304,64.8104522228241,1.3556096671634168e-05,0.0,0.8785446134747839,1.3556096671634168e-05,,,,
2304,0.001,adam,2305,64.83039236068726,1.3538185025966338e-05,0.0,0.9707942912053635,1.3538185025966338e-05,,,,
2305,0.001,adam,2306,64.85278129577637,1.3520358399011818e-05,0.0,0.9025135671986249,1.3520358399011818e-05,,,,
2306,0.001,adam,2307,64.8736162185669,1.3502644738277273e-05,0.0,0.9780212844845402,1.3502644738277273e-05,,,,
2307,0.001,adam,2308,64.8931474685669,1.3485087566579319e-05,0.0,1.0066063562758187,1.3485087566579319e-05,,,,
2308,0.001,adam,2309,64.91382718086243,1.3467748409929355e-05,0.0,0.9214880661855807,1.3467748409929355e-05,,,,
2309,0.001,adam,2310,64.9336473941803,1.3450727169525737e-05,0.0,0.9530031471710491,1.3450727169525737e-05,,,,
2310,0.001,adam,2311,64.95481061935425,1.343419347501628e-05,0.0,0.9435282909811576,1.343419347501628e-05,,,,
2311,0.001,adam,2312,64.97606158256531,1.3418420541261375e-05,0.0,0.9795619107476344,1.3418420541261375e-05,,,,
2312,0.001,adam,2313,64.99942421913147,1.3403854889945818e-05,0.0,0.897519309808891,1.3403854889945818e-05,,,,
2313,0.001,adam,2314,65.02067494392395,1.3391239184619943e-05,0.0,0.9349880818383678,1.3391239184619943e-05,,,,
2314,0.001,adam,2315,65.04072690010071,1.3381825953008913e-05,0.0,1.06347815770178,1.3381825953008913e-05,,,,
2315,0.001,adam,2316,65.06290078163147,1.3377723495636359e-05,0.0,0.9212957069981738,1.3377723495636359e-05,,,,
2316,0.001,adam,2317,65.08609652519226,1.3382521625298927e-05,0.0,0.9320492247744181,1.3382521625298927e-05,,,,
2317,0.001,adam,2318,65.10615944862366,1.3402388065191157e-05,0.0,0.923197094074826,1.3402388065191157e-05,,,,
2318,0.001,adam,2319,65.12598943710327,1.3447996735695577e-05,0.0,0.9816312230670213,1.3447996735695577e-05,,,,
2319,0.001,adam,2320,65.14610433578491,1.3537964430473194e-05,0.0,0.9547545601651823,1.3537964430473194e-05,0.0055368949047270195,0.0,0.9190373121065353,0.0055368949047270195
2320,0.001,adam,2321,65.17330145835876,1.3704959425420732e-05,0.0,0.94886546461079,1.3704959425420732e-05,,,,
2321,0.001,adam,2322,65.19326138496399,1.4006847810443538e-05,0.0,1.0118145512771657,1.4006847810443538e-05,,,,
2322,0.001,adam,2323,65.21466708183289,1.4546339433831434e-05,0.0,1.029676781845867,1.4546339433831434e-05,,,,
2323,0.001,adam,2324,65.23609924316406,1.550751577500224e-05,0.0,0.9396709612663688,1.550751577500224e-05,,,,
2324,0.001,adam,2325,65.25682806968689,1.721863853921049e-05,0.0,1.0464500184846206,1.721863853921049e-05,,,,
2325,0.001,adam,2326,65.27778458595276,2.026936634154181e-05,0.0,0.9520503519324853,2.026936634154181e-05,,,,
2326,0.001,adam,2327,65.29891800880432,2.5694859489799805e-05,0.0,0.9363199596324103,2.5694859489799805e-05,,,,
2327,0.001,adam,2328,65.31925177574158,3.53010198169412e-05,0.0,0.9547317568555481,3.53010198169412e-05,,,,
2328,0.001,adam,2329,65.34008431434631,5.199818035617972e-05,0.0,0.9755188594316933,5.199818035617972e-05,,,,
2329,0.001,adam,2330,65.36002731323242,8.014452993230675e-05,0.0,0.9321265258821663,8.014452993230675e-05,,,,
2330,0.001,adam,2331,65.38088655471802,0.0001241788373050164,0.0,0.9985676042569439,0.0001241788373050164,,,,
2331,0.001,adam,2332,65.40182185173035,0.0001848953912715722,0.0,0.9983320561447162,0.0001848953912715722,,,,
2332,0.001,adam,2333,65.42261576652527,0.00024611992086678316,0.0,0.8586477720310851,0.00024611992086678316,,,,
2333,0.001,adam,2334,65.44280099868774,0.0002706771898665957,0.0,1.1236962647162934,0.0002706771898665957,,,,
2334,0.001,adam,2335,65.46325850486755,0.0002116999630257819,0.0,0.91195224182208,0.0002116999630257819,,,,
2335,0.001,adam,2336,65.48506999015808,9.977246902458362e-05,0.0,0.9216964001731632,9.977246902458362e-05,,,,
2336,0.001,adam,2337,65.50726747512817,3.278260759420294e-05,0.0,0.9842982978466377,3.278260759420294e-05,,,,
2337,0.001,adam,2338,65.52771639823914,6.135842208912387e-05,0.0,0.9134603388385812,6.135842208912387e-05,,,,
2338,0.001,adam,2339,65.54920029640198,0.00010226702316223403,0.0,1.0239872506099772,0.00010226702316223403,,,,
2339,0.001,adam,2340,65.56897187232971,8.0421370969797e-05,0.0,1.0311672569846209,8.0421370969797e-05,0.005490290973886052,0.0,0.9243911698160336,0.005490290973886052
2340,0.001,adam,2341,65.59822225570679,4.33940480021093e-05,0.0,0.9345433559056232,4.33940480021093e-05,,,,
2341,0.001,adam,2342,65.61866450309753,4.7601794529453894e-05,0.0,0.8656196201295397,4.7601794529453894e-05,,,,
2342,0.001,adam,2343,65.64060568809509,5.881117688494108e-05,0.0,0.8741809734195624,5.881117688494108e-05,,,,
2343,0.001,adam,2344,65.66054558753967,4.4123993358016324e-05,0.0,1.0626296250776956,4.4123993358016324e-05,,,,
2344,0.001,adam,2345,65.68105363845825,3.7154192479612534e-05,0.0,0.8820094364512479,3.7154192479612534e-05,,,,
2345,0.001,adam,2346,65.70182752609253,4.6610218358034e-05,0.0,1.0046417126532592,4.6610218358034e-05,,,,
2346,0.001,adam,2347,65.72190952301025,3.933597086346139e-05,0.0,0.9834335188392884,3.933597086346139e-05,,,,
2347,0.001,adam,2348,65.74425792694092,2.4983467535409247e-05,0.0,0.9194988735120088,2.4983467535409247e-05,,,,
2348,0.001,adam,2349,65.76506090164185,3.1799896268909e-05,0.0,0.9508997242797431,3.1799896268909e-05,,,,
2349,0.001,adam,2350,65.78530073165894,3.970781749104033e-05,0.0,1.007120831218624,3.970781749104033e-05,,,,
2350,0.001,adam,2351,65.80596351623535,2.687480322067222e-05,0.0,1.0209335188201583,2.687480322067222e-05,,,,
2351,0.001,adam,2352,65.8270959854126,1.8387717368156013e-05,0.0,0.8924959746728798,1.8387717368156013e-05,,,,
2352,0.001,adam,2353,65.84677171707153,2.87179699727442e-05,0.0,0.8710700710905666,2.87179699727442e-05,,,,
2353,0.001,adam,2354,65.86686086654663,3.107447693028831e-05,0.0,1.0116860814346365,3.107447693028831e-05,,,,
2354,0.001,adam,2355,65.88965439796448,1.9341419241274326e-05,0.0,0.9717077610897235,1.9341419241274326e-05,,,,
2355,0.001,adam,2356,65.91068243980408,1.813635170479947e-05,0.0,0.8605075421769797,1.813635170479947e-05,,,,
2356,0.001,adam,2357,65.93142747879028,2.5513163770767063e-05,0.0,0.9451921555515173,2.5513163770767063e-05,,,,
2357,0.001,adam,2358,65.9540319442749,2.248856963589568e-05,0.0,0.8552924424667763,2.248856963589568e-05,,,,
2358,0.001,adam,2359,65.97658157348633,1.6334129738168816e-05,0.0,0.9394770833619331,1.6334129738168816e-05,,,,
2359,0.001,adam,2360,65.99811673164368,1.9018160079006613e-05,0.0,0.9779275148689746,1.9018160079006613e-05,0.005469455731938355,0.0,0.919644145503206,0.005469455731938355
2360,0.001,adam,2361,66.0252583026886,2.1056534598067572e-05,0.0,0.9321881373361716,2.1056534598067572e-05,,,,
2361,0.001,adam,2362,66.04632782936096,1.6858678114143224e-05,0.0,0.9260676009618718,1.6858678114143224e-05,,,,
2362,0.001,adam,2363,66.06660556793213,1.58876451516759e-05,0.0,0.982258504989928,1.58876451516759e-05,,,,
2363,0.001,adam,2364,66.08749318122864,1.880133399570683e-05,0.0,1.084903366494203,1.880133399570683e-05,,,,
2364,0.001,adam,2365,66.1085319519043,1.7402046218318683e-05,0.0,0.9225690876253893,1.7402046218318683e-05,,,,
2365,0.001,adam,2366,66.12919163703918,1.4311708745339043e-05,0.0,0.87014786293831,1.4311708745339043e-05,,,,
2366,0.001,adam,2367,66.1493501663208,1.579377111970217e-05,0.0,0.9198688392873668,1.579377111970217e-05,,,,
2367,0.001,adam,2368,66.17152261734009,1.7516007851567486e-05,0.0,0.9623649817372797,1.7516007851567486e-05,,,,
2368,0.001,adam,2369,66.19333672523499,1.5151318660816743e-05,0.0,1.016963173998552,1.5151318660816743e-05,,,,
2369,0.001,adam,2370,66.21389842033386,1.3501849792075873e-05,0.0,0.9754169084312281,1.3501849792075873e-05,,,,
2370,0.001,adam,2371,66.23506331443787,1.5280474126313083e-05,0.0,2.0564323678109395,1.5280474126313083e-05,,,,
2371,0.001,adam,2372,66.25574207305908,1.594547204357417e-05,0.0,0.9956177314931679,1.594547204357417e-05,,,,
2372,0.001,adam,2373,66.27688097953796,1.4040115778139483e-05,0.0,1.0948438911256329,1.4040115778139483e-05,,,,
2373,0.001,adam,2374,66.30034947395325,1.3412447533550418e-05,0.0,0.9918771126925388,1.3412447533550418e-05,,,,
2374,0.001,adam,2375,66.32486820220947,1.4569071033526128e-05,0.0,1.0526247557698747,1.4569071033526128e-05,,,,
2375,0.001,adam,2376,66.34549474716187,1.4550409818663246e-05,0.0,1.035852073297778,1.4550409818663246e-05,,,,
2376,0.001,adam,2377,66.36674690246582,1.3502338376918701e-05,0.0,0.8630727751365324,1.3502338376918701e-05,,,,
2377,0.001,adam,2378,66.38764595985413,1.3481208339284054e-05,0.0,0.9126553951048034,1.3481208339284054e-05,,,,
2378,0.001,adam,2379,66.40784215927124,1.3926745182401254e-05,0.0,0.9432328766040442,1.3926745182401254e-05,,,,
2379,0.001,adam,2380,66.42798972129822,1.355686527489556e-05,0.0,0.9139599198816313,1.355686527489556e-05,0.005467779556080598,0.0,0.9185111008903587,0.005467779556080598
2380,0.001,adam,2381,66.45632147789001,1.3173603831933857e-05,0.0,0.9749500277896462,1.3173603831933857e-05,,,,
2381,0.001,adam,2382,66.47746062278748,1.3451404107384332e-05,0.0,0.9373476145700049,1.3451404107384332e-05,,,,
2382,0.001,adam,2383,66.49981713294983,1.3486763413941213e-05,0.0,1.0107438654410745,1.3486763413941213e-05,,,,
2383,0.001,adam,2384,66.52002215385437,1.3002688536910613e-05,0.0,0.9528252931528183,1.3002688536910613e-05,,,,
2384,0.001,adam,2385,66.5404908657074,1.289609107647021e-05,0.0,0.8747029291490482,1.289609107647021e-05,,,,
2385,0.001,adam,2386,66.56110882759094,1.32315402096587e-05,0.0,1.0241269898487995,1.32315402096587e-05,,,,
2386,0.001,adam,2387,66.58267259597778,1.318215450693953e-05,0.0,1.055101592978342,1.318215450693953e-05,,,,
2387,0.001,adam,2388,66.60298156738281,1.276730419899492e-05,0.0,0.9425001958600514,1.276730419899492e-05,,,,
2388,0.001,adam,2389,66.62401723861694,1.2700143639707876e-05,0.0,0.8475128404090905,1.2700143639707876e-05,,,,
2389,0.001,adam,2390,66.64502739906311,1.2937486568152753e-05,0.0,0.9026416816265048,1.2937486568152753e-05,,,,
2390,0.001,adam,2391,66.66628766059875,1.2903860988005671e-05,0.0,0.9418772594246301,1.2903860988005671e-05,,,,
2391,0.001,adam,2392,66.68685913085938,1.2645842430715088e-05,0.0,0.966925407801804,1.2645842430715088e-05,,,,
2392,0.001,adam,2393,66.70753908157349,1.260131985575797e-05,0.0,0.9932971538065534,1.260131985575797e-05,,,,
2393,0.001,adam,2394,66.73033881187439,1.2713163091779548e-05,0.0,0.9276993517592587,1.2713163091779548e-05,,,,
2394,0.001,adam,2395,66.75028967857361,1.2657864974231263e-05,0.0,0.918276086002398,1.2657864974231263e-05,,,,
2395,0.001,adam,2396,66.77113628387451,1.2514699560034544e-05,0.0,0.9493773409473796,1.2514699560034544e-05,,,,
2396,0.001,adam,2397,66.79192328453064,1.2523827898727713e-05,0.0,0.9149280602040772,1.2523827898727713e-05,,,,
2397,0.001,adam,2398,66.8130407333374,1.2579549968311597e-05,0.0,0.9846565348011144,1.2579549968311597e-05,,,,
2398,0.001,adam,2399,66.83338212966919,1.2493155698043189e-05,0.0,1.0055518465647988,1.2493155698043189e-05,,,,
2399,0.001,adam,2400,66.85365295410156,1.2382377319601437e-05,0.0,0.921861684987985,1.2382377319601437e-05,0.005485821934573039,0.0,0.919151232806019,0.005485821934573039
2400,0.001,adam,2401,66.88031506538391,1.2408162815372301e-05,0.0,0.9411995913761603,1.2408162815372301e-05,,,,
2401,0.001,adam,2402,66.9002275466919,1.246152569384198e-05,0.0,0.9221107288469703,1.246152569384198e-05,,,,
2402,0.001,adam,2403,66.92244935035706,1.2396654220263446e-05,0.0,0.9909643033452517,1.2396654220263446e-05,,,,
2403,0.001,adam,2404,66.94339728355408,1.2296257505107261e-05,0.0,1.062596379949429,1.2296257505107261e-05,,,,
2404,0.001,adam,2405,66.96490907669067,1.2289987855565719e-05,0.0,0.9373125114003109,1.2289987855565719e-05,,,,
2405,0.001,adam,2406,66.9846625328064,1.232813082456675e-05,0.0,1.0031333122551298,1.232813082456675e-05,,,,
2406,0.001,adam,2407,67.00795340538025,1.2303599039946925e-05,0.0,1.004920354640331,1.2303599039946925e-05,,,,
2407,0.001,adam,2408,67.02880382537842,1.2238057367534661e-05,0.0,1.0280058990718968,1.2238057367534661e-05,,,,
2408,0.001,adam,2409,67.04941630363464,1.2211152543628301e-05,0.0,0.8652579391164252,1.2211152543628301e-05,,,,
2409,0.001,adam,2410,67.07016253471375,1.2216647803195615e-05,0.0,1.0200848597179948,1.2216647803195615e-05,,,,
2410,0.001,adam,2411,67.09152436256409,1.2199647364448055e-05,0.0,0.9407794949873558,1.2199647364448055e-05,,,,
2411,0.001,adam,2412,67.11132025718689,1.2162563860824527e-05,0.0,0.9469791115765048,1.2162563860824527e-05,,,,
2412,0.001,adam,2413,67.13201355934143,1.2143488733582224e-05,0.0,1.0137947934403557,1.2143488733582224e-05,,,,
2413,0.001,adam,2414,67.1529266834259,1.2137893826745204e-05,0.0,0.9468795570790874,1.2137893826745204e-05,,,,
2414,0.001,adam,2415,67.17268776893616,1.2115485683461371e-05,0.0,1.0316350698833634,1.2115485683461371e-05,,,,
2415,0.001,adam,2416,67.19399547576904,1.2081943332601628e-05,0.0,0.9313071271617417,1.2081943332601628e-05,,,,
2416,0.001,adam,2417,67.21680641174316,1.2064674556637571e-05,0.0,0.961841618690617,1.2064674556637571e-05,,,,
2417,0.001,adam,2418,67.23814868927002,1.2060532967284233e-05,0.0,0.9535376795909232,1.2060532967284233e-05,,,,
2418,0.001,adam,2419,67.2592384815216,1.2044932230282019e-05,0.0,0.9165621109234638,1.2044932230282019e-05,,,,
2419,0.001,adam,2420,67.27934217453003,1.2016159808283573e-05,0.0,0.9960392440271807,1.2016159808283573e-05,0.00549611845040301,0.0,0.9196401743549595,0.00549611845040301
2420,0.001,adam,2421,67.3067638874054,1.19934938768154e-05,0.0,0.983539911694784,1.19934938768154e-05,,,,
2421,0.001,adam,2422,67.32648849487305,1.198228670161548e-05,0.0,0.9451245886522752,1.198228670161548e-05,,,,
2422,0.001,adam,2423,67.34746766090393,1.1969808901489116e-05,0.0,0.9947655721582134,1.1969808901489116e-05,,,,
2423,0.001,adam,2424,67.3699426651001,1.1949876119302637e-05,0.0,1.0289465469815462,1.1949876119302637e-05,,,,
2424,0.001,adam,2425,67.39099335670471,1.1929986585136128e-05,0.0,0.9569054727971924,1.1929986585136128e-05,,,,
2425,0.001,adam,2426,67.41458821296692,1.1915116683604045e-05,0.0,0.9137257929158074,1.1915116683604045e-05,,,,
2426,0.001,adam,2427,67.43497586250305,1.1900224754079092e-05,0.0,0.9382555415913675,1.1900224754079092e-05,,,,
2427,0.001,adam,2428,67.45946764945984,1.1881438041883338e-05,0.0,0.9637155591822975,1.1881438041883338e-05,,,,
2428,0.001,adam,2429,67.48033571243286,1.1863064344452074e-05,0.0,0.9081121412450249,1.1863064344452074e-05,,,,
2429,0.001,adam,2430,67.5011396408081,1.184899989308483e-05,0.0,0.960687670210928,1.184899989308483e-05,,,,
2430,0.001,adam,2431,67.52263760566711,1.1835634792134989e-05,0.0,0.954108853161939,1.1835634792134989e-05,,,,
2431,0.001,adam,2432,67.54289317131042,1.1818498172074872e-05,0.0,0.8974255981142697,1.1818498172074872e-05,,,,
2432,0.001,adam,2433,67.5629358291626,1.1799650981293871e-05,0.0,0.9164829813611636,1.1799650981293871e-05,,,,
2433,0.001,adam,2434,67.58367156982422,1.1783482279115947e-05,0.0,0.9595460736685899,1.1783482279115947e-05,,,,
2434,0.001,adam,2435,67.60332918167114,1.1769644775640359e-05,0.0,0.8673532402885507,1.1769644775640359e-05,,,,
2435,0.001,adam,2436,67.62412476539612,1.175474168564201e-05,0.0,0.9931498229915647,1.175474168564201e-05,,,,
2436,0.001,adam,2437,67.64551973342896,1.1738114075592604e-05,0.0,0.9683863101468576,1.1738114075592604e-05,,,,
2437,0.001,adam,2438,67.66636872291565,1.1721958947485663e-05,0.0,0.956919258557868,1.1721958947485663e-05,,,,
2438,0.001,adam,2439,67.68667125701904,1.1707138752064151e-05,0.0,0.8503912116440169,1.1707138752064151e-05,,,,
2439,0.001,adam,2440,67.70701789855957,1.1692163353716873e-05,0.0,0.902461681135908,1.1692163353716873e-05,0.005501747156186493,0.0,0.9195495194906427,0.005501747156186493
2440,0.001,adam,2441,67.73550033569336,1.1676106274087876e-05,0.0,0.9213966069924876,1.1676106274087876e-05,,,,
2441,0.001,adam,2442,67.7561104297638,1.1660099921072108e-05,0.0,0.9086105567434286,1.1660099921072108e-05,,,,
2442,0.001,adam,2443,67.77716660499573,1.164532342830533e-05,0.0,0.9204322258799028,1.164532342830533e-05,,,,
2443,0.001,adam,2444,67.79779267311096,1.163111564314617e-05,0.0,0.9677877858889076,1.163111564314617e-05,,,,
2444,0.001,adam,2445,67.82005405426025,1.1616102755074145e-05,0.0,0.8964478465869252,1.1616102755074145e-05,,,,
2445,0.001,adam,2446,67.84348440170288,1.1600267513498997e-05,0.0,0.9705763536236767,1.1600267513498997e-05,,,,
2446,0.001,adam,2447,67.86367797851562,1.1584760322535508e-05,0.0,0.8674815133093263,1.1584760322535508e-05,,,,
2447,0.001,adam,2448,67.88738322257996,1.1570092224434086e-05,0.0,0.8982474179660185,1.1570092224434086e-05,,,,
2448,0.001,adam,2449,67.90863680839539,1.1555620315513594e-05,0.0,0.9275663119626769,1.1555620315513594e-05,,,,
2449,0.001,adam,2450,67.93197464942932,1.1540744156744944e-05,0.0,0.9180750417905778,1.1540744156744944e-05,,,,
2450,0.001,adam,2451,67.95280814170837,1.1525684195462141e-05,0.0,0.9813353022720396,1.1525684195462141e-05,,,,
2451,0.001,adam,2452,67.97665476799011,1.1510890928459745e-05,0.0,0.9202239098246636,1.1510890928459745e-05,,,,
2452,0.001,adam,2453,67.99672102928162,1.1496333785342217e-05,0.0,0.9459138101784991,1.1496333785342217e-05,,,,
2453,0.001,adam,2454,68.01834154129028,1.1481681624363566e-05,0.0,0.9146010832828517,1.1481681624363566e-05,,,,
2454,0.001,adam,2455,68.0382730960846,1.146685946299671e-05,0.0,0.9116135837107157,1.146685946299671e-05,,,,
2455,0.001,adam,2456,68.05904078483582,1.1452115248393846e-05,0.0,0.9493541335443902,1.1452115248393846e-05,,,,
2456,0.001,adam,2457,68.07899188995361,1.1437622524201082e-05,0.0,1.9308609371826997,1.1437622524201082e-05,,,,
2457,0.001,adam,2458,68.09874629974365,1.1423255829770927e-05,0.0,0.9380049947009674,1.1423255829770927e-05,,,,
2458,0.001,adam,2459,68.12075567245483,1.1408812106200989e-05,0.0,0.960156177054758,1.1408812106200989e-05,,,,
2459,0.001,adam,2460,68.14243340492249,1.1394288451251405e-05,0.0,0.8901227486166146,1.1394288451251405e-05,0.005506462899348388,0.0,0.9195305444752917,0.005506462899348388
2460,0.001,adam,2461,68.17134714126587,1.1379819603726897e-05,0.0,1.0008500158232767,1.1379819603726897e-05,,,,
2461,0.001,adam,2462,68.19227075576782,1.136545218949363e-05,0.0,0.9201362632722441,1.136545218949363e-05,,,,
2462,0.001,adam,2463,68.212806224823,1.1351116394446458e-05,0.0,0.8658573030671199,1.1351116394446458e-05,,,,
2463,0.001,adam,2464,68.23298025131226,1.1336775587896444e-05,0.0,0.8769386490458473,1.1336775587896444e-05,,,,
2464,0.001,adam,2465,68.25433015823364,1.1322478997389075e-05,0.0,0.9483430397704746,1.1322478997389075e-05,,,,
2465,0.001,adam,2466,68.27455568313599,1.1308268214759604e-05,0.0,0.9743259047946242,1.1308268214759604e-05,,,,
2466,0.001,adam,2467,68.29607248306274,1.1294112023801274e-05,0.0,0.9818452668671945,1.1294112023801274e-05,,,,
2467,0.001,adam,2468,68.31714701652527,1.1279955432280133e-05,0.0,0.9644186096777435,1.1279955432280133e-05,,,,
2468,0.001,adam,2469,68.33810663223267,1.1265791429417244e-05,0.0,0.9453627479335893,1.1265791429417244e-05,,,,
2469,0.001,adam,2470,68.36063313484192,1.1251656888095682e-05,0.0,0.9995623600408674,1.1251656888095682e-05,,,,
2470,0.001,adam,2471,68.3829174041748,1.123757697331685e-05,0.0,0.8986252244256285,1.123757697331685e-05,,,,
2471,0.001,adam,2472,68.40305280685425,1.1223538057546247e-05,0.0,1.0047834533797508,1.1223538057546247e-05,,,,
2472,0.001,adam,2473,68.42385339736938,1.1209518685529115e-05,0.0,0.9068530962791413,1.1209518685529115e-05,,,,
2473,0.001,adam,2474,68.4444580078125,1.1195524297740611e-05,0.0,0.921505134825279,1.1195524297740611e-05,,,,
2474,0.001,adam,2475,68.4650707244873,1.1181575306072675e-05,0.0,0.954443075608997,1.1181575306072675e-05,,,,
2475,0.001,adam,2476,68.48532748222351,1.1167672330564757e-05,0.0,0.9947006894252481,1.1167672330564757e-05,,,,
2476,0.001,adam,2477,68.50588250160217,1.1153793594417267e-05,0.0,0.9065227492988491,1.1153793594417267e-05,,,,
2477,0.001,adam,2478,68.52679920196533,1.1139925773895554e-05,0.0,0.9021366709114413,1.1139925773895554e-05,,,,
2478,0.001,adam,2479,68.5478687286377,1.1126079105825289e-05,0.0,0.9897630174883776,1.1126079105825289e-05,,,,
2479,0.001,adam,2480,68.56824707984924,1.1112269109774566e-05,0.0,0.9875463537711582,1.1112269109774566e-05,0.0055105694708684535,0.0,0.9195300312432226,0.0055105694708684535
2480,0.001,adam,2481,68.60095977783203,1.1098496030227524e-05,0.0,1.0181597732973684,1.1098496030227524e-05,,,,
2481,0.001,adam,2482,68.62078070640564,1.1084748871242904e-05,0.0,1.0850528574981932,1.1084748871242904e-05,,,,
2482,0.001,adam,2483,68.64080858230591,1.1071021839507851e-05,0.0,0.979615358052501,1.1071021839507851e-05,,,,
2483,0.001,adam,2484,68.66323232650757,1.1057321184275945e-05,0.0,0.8426838512677062,1.1057321184275945e-05,,,,
2484,0.001,adam,2485,68.68433022499084,1.1043655896796347e-05,0.0,0.9679623869953785,1.1043655896796347e-05,,,,
2485,0.001,adam,2486,68.70438957214355,1.103002604469211e-05,0.0,0.9580417143487445,1.103002604469211e-05,,,,
2486,0.001,adam,2487,68.72910022735596,1.101642284106042e-05,0.0,1.0063863545691096,1.101642284106042e-05,,,,
2487,0.001,adam,2488,68.7497398853302,1.100283952684987e-05,0.0,0.953889998839507,1.100283952684987e-05,,,,
2488,0.001,adam,2489,68.7736566066742,1.098927859728145e-05,0.0,0.8440057508393553,1.098927859728145e-05,,,,
2489,0.001,adam,2490,68.79388642311096,1.097574617170631e-05,0.0,0.9630422625364281,1.097574617170631e-05,,,,
2490,0.001,adam,2491,68.8144884109497,1.0962243600199915e-05,0.0,0.9087015462969161,1.0962243600199915e-05,,,,
2491,0.001,adam,2492,68.83524918556213,1.0948766854700626e-05,0.0,0.925655247419018,1.0948766854700626e-05,,,,
2492,0.001,adam,2493,68.85693168640137,1.0935312795569226e-05,0.0,0.9891532139070623,1.0935312795569226e-05,,,,
2493,0.001,adam,2494,68.87960505485535,1.0921882581527094e-05,0.0,0.9125593866548544,1.0921882581527094e-05,,,,
2494,0.001,adam,2495,68.9005777835846,1.0908479355184294e-05,0.0,0.9373455342113701,1.0908479355184294e-05,,,,
2495,0.001,adam,2496,68.92123866081238,1.0895104161998395e-05,0.0,0.9359376836923948,1.0895104161998395e-05,,,,
2496,0.001,adam,2497,68.94406509399414,1.0881755052588323e-05,0.0,0.9377476648904185,1.0881755052588323e-05,,,,
2497,0.001,adam,2498,68.96508812904358,1.0868429629811873e-05,0.0,0.9023819768546231,1.0868429629811873e-05,,,,
2498,0.001,adam,2499,68.98717379570007,1.0855127836204682e-05,0.0,0.9113707885257479,1.0855127836204682e-05,,,,
2499,0.001,adam,2500,69.01038074493408,1.0841851490288928e-05,0.0,1.0297627274865675,1.0841851490288928e-05,0.00551431093438767,0.0,0.9195415706614616,0.00551431093438767
2500,0.001,adam,2501,69.03806400299072,1.0828601599436627e-05,0.0,0.937477442897697,1.0828601599436627e-05,,,,
2501,0.001,adam,2502,69.05828857421875,1.081537693736265e-05,0.0,0.8703865240349451,1.081537693736265e-05,,,,
2502,0.001,adam,2503,69.07904982566833,1.0802175482523853e-05,0.0,0.9664400246049762,1.0802175482523853e-05,,,,
2503,0.001,adam,2504,69.0998318195343,1.078899670547032e-05,0.0,1.0400057843124375,1.078899670547032e-05,,,,
2504,0.001,adam,2505,69.11980557441711,1.0775841661108992e-05,0.0,0.9678559201538233,1.0775841661108992e-05,,,,
2505,0.001,adam,2506,69.1407470703125,1.0762711500645137e-05,0.0,1.0214683532351407,1.0762711500645137e-05,,,,
2506,0.001,adam,2507,69.16161489486694,1.0749606043288541e-05,0.0,0.9200033920445954,1.0749606043288541e-05,,,,
2507,0.001,adam,2508,69.1831374168396,1.0736524142894359e-05,0.0,0.9083560192860011,1.0736524142894359e-05,,,,
2508,0.001,adam,2509,69.20579838752747,1.0723464807950244e-05,0.0,0.9871964649228009,1.0723464807950244e-05,,,,
2509,0.001,adam,2510,69.2274112701416,1.0710428115281126e-05,0.0,0.9760108693023977,1.0710428115281126e-05,,,,
2510,0.001,adam,2511,69.24760746955872,1.069741483179626e-05,0.0,0.9485504163509824,1.069741483179626e-05,,,,
2511,0.001,adam,2512,69.26875925064087,1.0684425492405669e-05,0.0,0.9562827303984862,1.0684425492405669e-05,,,,
2512,0.001,adam,2513,69.28991222381592,1.0671459712398587e-05,0.0,0.9717782115475488,1.0671459712398587e-05,,,,
2513,0.001,adam,2514,69.31154465675354,1.0658516702765137e-05,0.0,0.9542634928611701,1.0658516702765137e-05,,,,
2514,0.001,adam,2515,69.33351492881775,1.0645595970060095e-05,0.0,0.8650535859003756,1.0645595970060095e-05,,,,
2515,0.001,adam,2516,69.35416221618652,1.0632697748380681e-05,0.0,0.9632926421134128,1.0632697748380681e-05,,,,
2516,0.001,adam,2517,69.3749783039093,1.06198224645948e-05,0.0,0.9433090073420317,1.06198224645948e-05,,,,
2517,0.001,adam,2518,69.39662528038025,1.0606970362073305e-05,0.0,1.051842667633915,1.0606970362073305e-05,,,,
2518,0.001,adam,2519,69.41797685623169,1.0594141208840359e-05,0.0,0.9861543499184332,1.0594141208840359e-05,,,,
2519,0.001,adam,2520,69.43913078308105,1.0581334710092885e-05,0.0,0.9071120784411117,1.0581334710092885e-05,0.0055177353791024085,0.0,0.9195696462229153,0.0055177353791024085
2520,0.001,adam,2521,69.46896243095398,1.0568550735301594e-05,0.0,0.9818396477762483,1.0568550735301594e-05,,,,
2521,0.001,adam,2522,69.49067306518555,1.0555789653830644e-05,0.0,0.9920785197125361,1.0555789653830644e-05,,,,
2522,0.001,adam,2523,69.5132007598877,1.0543052021518023e-05,0.0,0.8778201355319789,1.0543052021518023e-05,,,,
2523,0.001,adam,2524,69.53358912467957,1.0530338588586414e-05,0.0,0.9551373947096862,1.0530338588586414e-05,,,,
2524,0.001,adam,2525,69.5544981956482,1.0517650069079895e-05,0.0,0.9829986756269783,1.0517650069079895e-05,,,,
2525,0.001,adam,2526,69.57482075691223,1.0504987742170222e-05,0.0,0.9977951268702971,1.0504987742170222e-05,,,,
2526,0.001,adam,2527,69.59933495521545,1.0492353549615283e-05,0.0,0.9135699325086832,1.0492353549615283e-05,,,,
2527,0.001,adam,2528,69.6188063621521,1.0479750970801875e-05,0.0,0.959270794611894,1.0479750970801875e-05,,,,
2528,0.001,adam,2529,69.64018368721008,1.04671851663492e-05,0.0,0.9293239993351368,1.04671851663492e-05,,,,
2529,0.001,adam,2530,69.66168427467346,1.0454664524371379e-05,0.0,0.9166227810442678,1.0454664524371379e-05,,,,
2530,0.001,adam,2531,69.6842999458313,1.044220179034407e-05,0.0,0.9030653529414178,1.044220179034407e-05,,,,
2531,0.001,adam,2532,69.70444393157959,1.0429817780343917e-05,0.0,0.972665982329827,1.0429817780343917e-05,,,,
2532,0.001,adam,2533,69.7253909111023,1.041754546085866e-05,0.0,0.8544625646139682,1.041754546085866e-05,,,,
2533,0.001,adam,2534,69.74634575843811,1.0405439071843424e-05,0.0,1.0649766028134025,1.0405439071843424e-05,,,,
2534,0.001,adam,2535,69.76714730262756,1.0393586608969872e-05,0.0,0.9496864958325515,1.0393586608969872e-05,,,,
2535,0.001,adam,2536,69.78618574142456,1.0382133977549534e-05,0.0,0.9632687505055827,1.0382133977549534e-05,,,,
2536,0.001,adam,2537,69.80913996696472,1.0371323232656328e-05,0.0,1.0295969760532866,1.0371323232656328e-05,,,,
2537,0.001,adam,2538,69.83193325996399,1.0361560690589099e-05,0.0,0.9226694923173792,1.0361560690589099e-05,,,,
2538,0.001,adam,2539,69.85201406478882,1.0353535027214644e-05,0.0,0.8918680677192178,1.0353535027214644e-05,,,,
2539,0.001,adam,2540,69.87404370307922,1.0348417169996967e-05,0.0,1.0436932206478853,1.0348417169996967e-05,0.005522318991251813,0.0,0.9199027314325918,0.005522318991251813
2540,0.001,adam,2541,69.9024589061737,1.0348232703584776e-05,0.0,0.9482451095631033,1.0348232703584776e-05,,,,
2541,0.001,adam,2542,69.92291498184204,1.0356468297276915e-05,0.0,1.0203678272625651,1.0356468297276915e-05,,,,
2542,0.001,adam,2543,69.94311189651489,1.0379281256519895e-05,0.0,0.8675205982692097,1.0379281256519895e-05,,,,
2543,0.001,adam,2544,69.96363067626953,1.0427384069525605e-05,0.0,0.9194279557603633,1.0427384069525605e-05,,,,
2544,0.001,adam,2545,69.98516130447388,1.0520110056658083e-05,0.0,0.9661056132353323,1.0520110056658083e-05,,,,
2545,0.001,adam,2546,70.0058000087738,1.0691337227376167e-05,0.0,1.0766987109619426,1.0691337227376167e-05,,,,
2546,0.001,adam,2547,70.02617144584656,1.100367636176814e-05,0.0,0.8844787737938014,1.100367636176814e-05,,,,
2547,0.001,adam,2548,70.04635190963745,1.1566850640032434e-05,0.0,1.0901707669974565,1.1566850640032434e-05,,,,
2548,0.001,adam,2549,70.06629920005798,1.2589058258655027e-05,0.0,1.002856968790963,1.2589058258655027e-05,,,,
2549,0.001,adam,2550,70.08788585662842,1.4429610274333582e-05,0.0,0.9088828982409198,1.4429610274333582e-05,,,,
2550,0.001,adam,2551,70.11155009269714,1.7789111211238208e-05,0.0,0.9202150688381165,1.7789111211238208e-05,,,,
2551,0.001,adam,2552,70.13414549827576,2.3812796591264582e-05,0.0,0.9902102426340852,2.3812796591264582e-05,,,,
2552,0.001,adam,2553,70.15474796295166,3.477107349846816e-05,0.0,0.9218673700016129,3.477107349846816e-05,,,,
2553,0.001,adam,2554,70.17526030540466,5.376443678315164e-05,0.0,0.9903234135186642,5.376443678315164e-05,,,,
2554,0.001,adam,2555,70.19524478912354,8.666675800490526e-05,0.0,0.9532492575541299,8.666675800490526e-05,,,,
2555,0.001,adam,2556,70.21526002883911,0.00013633440601494196,0.0,0.940559904255706,0.00013633440601494196,,,,
2556,0.001,adam,2557,70.23553848266602,0.00020542110168467973,0.0,0.96280071438029,0.00020542110168467973,,,,
2557,0.001,adam,2558,70.2556357383728,0.00026420780758583715,0.0,0.8850228772405258,0.00026420780758583715,,,,
2558,0.001,adam,2559,70.27685689926147,0.00027843985640011246,0.0,0.9913913235067773,0.00027843985640011246,,,,
2559,0.001,adam,2560,70.29597163200378,0.00019981760517681643,0.0,0.8581422694930154,0.00019981760517681643,0.005539451542558518,0.0,0.9298785299067877,0.005539451542558518
2560,0.001,adam,2561,70.32555842399597,8.884486403694505e-05,0.0,0.9795064570970446,8.884486403694505e-05,,,,
2561,0.001,adam,2562,70.34851694107056,4.365954216854917e-05,0.0,0.8739621001565192,4.365954216854917e-05,,,,
2562,0.001,adam,2563,70.3740439414978,8.056187669089901e-05,0.0,0.873539281555664,8.056187669089901e-05,,,,
2563,0.001,adam,2564,70.39493131637573,0.00010802888268962257,0.0,0.9689581244474335,0.00010802888268962257,,,,
2564,0.001,adam,2565,70.41547918319702,6.973351184525759e-05,0.0,0.9462988171017586,6.973351184525759e-05,,,,
2565,0.001,adam,2566,70.43705606460571,3.51230637792287e-05,0.0,0.8980988626205925,3.51230637792287e-05,,,,
2566,0.001,adam,2567,70.45874309539795,5.362828001172831e-05,0.0,1.0710531388881843,5.362828001172831e-05,,,,
2567,0.001,adam,2568,70.47862696647644,7.275970456978384e-05,0.0,0.9165446777730685,7.275970456978384e-05,,,,
2568,0.001,adam,2569,70.49901509284973,4.961855814512307e-05,0.0,0.9780104321640793,4.961855814512307e-05,,,,
2569,0.001,adam,2570,70.51934337615967,2.3101742004954707e-05,0.0,0.886564267084835,2.3101742004954707e-05,,,,
2570,0.001,adam,2571,70.54023838043213,3.425002412649214e-05,0.0,1.0569809587330359,3.425002412649214e-05,,,,
2571,0.001,adam,2572,70.56210279464722,4.990686456248849e-05,0.0,0.9483474160410843,4.990686456248849e-05,,,,
2572,0.001,adam,2573,70.5846381187439,3.7048674552654106e-05,0.0,0.9505078822241453,3.7048674552654106e-05,,,,
2573,0.001,adam,2574,70.60640597343445,2.225702791250529e-05,0.0,0.9615186030833989,2.225702791250529e-05,,,,
2574,0.001,adam,2575,70.62776160240173,2.7231772791561802e-05,0.0,0.9893885301907608,2.7231772791561802e-05,,,,
2575,0.001,adam,2576,70.6485824584961,3.1894756597861866e-05,0.0,0.9216304835047915,3.1894756597861866e-05,,,,
2576,0.001,adam,2577,70.66972708702087,2.435534360551039e-05,0.0,1.01496853321309,2.435534360551039e-05,,,,
2577,0.001,adam,2578,70.69367718696594,2.1083638455248405e-05,0.0,0.8796060075647816,2.1083638455248405e-05,,,,
2578,0.001,adam,2579,70.71492600440979,2.5607648188033437e-05,0.0,1.0153768400866758,2.5607648188033437e-05,,,,
2579,0.001,adam,2580,70.73559546470642,2.314598651692147e-05,0.0,0.923645109940223,2.314598651692147e-05,0.005473307339602435,0.0,0.9170846074192824,0.005473307339602435
2580,0.001,adam,2581,70.76336908340454,1.635240628980855e-05,0.0,0.9154659619844165,1.635240628980855e-05,,,,
2581,0.001,adam,2582,70.78608465194702,1.7993821115932903e-05,0.0,0.9310071007447285,1.7993821115932903e-05,,,,
2582,0.001,adam,2583,70.80666279792786,2.1783808218847945e-05,0.0,0.9845807507437389,2.1783808218847945e-05,,,,
2583,0.001,adam,2584,70.82769989967346,1.8150004973701346e-05,0.0,0.9349823652329132,1.8150004973701346e-05,,,,
2584,0.001,adam,2585,70.84926891326904,1.4488689376201315e-05,0.0,1.035822562372747,1.4488689376201315e-05,,,,
2585,0.001,adam,2586,70.87460851669312,1.620304845449346e-05,0.0,1.00769956703143,1.620304845449346e-05,,,,
2586,0.001,adam,2587,70.89537978172302,1.6672964282470105e-05,0.0,1.0648026603845981,1.6672964282470105e-05,,,,
2587,0.001,adam,2588,70.91774249076843,1.4469991292635962e-05,0.0,0.981772293178838,1.4469991292635962e-05,,,,
2588,0.001,adam,2589,70.93800020217896,1.4426365365680583e-05,0.0,0.9878936776771692,1.4426365365680583e-05,,,,
2589,0.001,adam,2590,70.95932340621948,1.5011643836040941e-05,0.0,0.8776110694086492,1.5011643836040941e-05,,,,
2590,0.001,adam,2591,70.98073816299438,1.3416688267203288e-05,0.0,0.896478182573199,1.3416688267203288e-05,,,,
2591,0.001,adam,2592,71.00144147872925,1.254906112108222e-05,0.0,0.9631001315852636,1.254906112108222e-05,,,,
2592,0.001,adam,2593,71.02239227294922,1.3480712331863633e-05,0.0,0.9375049109835342,1.3480712331863633e-05,,,,
2593,0.001,adam,2594,71.04252815246582,1.3384524477645458e-05,0.0,1.0421300963569322,1.3384524477645458e-05,,,,
2594,0.001,adam,2595,71.06446385383606,1.2283256140754358e-05,0.0,0.8825581928652657,1.2283256140754358e-05,,,,
2595,0.001,adam,2596,71.08460211753845,1.2051567358063593e-05,0.0,0.9214789594689649,1.2051567358063593e-05,,,,
2596,0.001,adam,2597,71.10590720176697,1.2140270245569979e-05,0.0,1.0121807361503556,1.2140270245569979e-05,,,,
2597,0.001,adam,2598,71.12652397155762,1.1766328082271466e-05,0.0,1.031452208084795,1.1766328082271466e-05,,,,
2598,0.001,adam,2599,71.14846706390381,1.1665182337133964e-05,0.0,1.0433115041102616,1.1665182337133964e-05,,,,
2599,0.001,adam,2600,71.16847586631775,1.1785798132261553e-05,0.0,0.9993574473015261,1.1785798132261553e-05,0.00546474314821044,0.0,0.9221216144094393,0.00546474314821044
2600,0.001,adam,2601,71.19529414176941,1.1414077810912093e-05,0.0,0.9110303095713455,1.1414077810912093e-05,,,,
2601,0.001,adam,2602,71.21535348892212,1.095710161710446e-05,0.0,0.9473807605344376,1.095710161710446e-05,,,,
2602,0.001,adam,2603,71.23760962486267,1.098147748011901e-05,0.0,0.9103757732874247,1.098147748011901e-05,,,,
2603,0.001,adam,2604,71.25925135612488,1.1129675225485715e-05,0.0,0.9263061987628497,1.1129675225485715e-05,,,,
2604,0.001,adam,2605,71.28057217597961,1.0987543420535203e-05,0.0,1.13929079199431,1.0987543420535203e-05,,,,
2605,0.001,adam,2606,71.3004903793335,1.072578042821997e-05,0.0,0.9740170622796237,1.072578042821997e-05,,,,
2606,0.001,adam,2607,71.32075834274292,1.0637581504967707e-05,0.0,0.946011555412872,1.0637581504967707e-05,,,,
2607,0.001,adam,2608,71.34276223182678,1.0652562870693449e-05,0.0,0.9213904991339851,1.0652562870693449e-05,,,,
2608,0.001,adam,2609,71.36384916305542,1.0528010694303451e-05,0.0,0.9480172153427482,1.0528010694303451e-05,,,,
2609,0.001,adam,2610,71.38463401794434,1.0355224556951842e-05,0.0,0.9886614967275765,1.0355224556951842e-05,,,,
2610,0.001,adam,2611,71.40943551063538,1.0405602135327862e-05,0.0,0.9736453007383487,1.0405602135327862e-05,,,,
2611,0.001,adam,2612,71.43027853965759,1.0501298651441496e-05,0.0,1.0382137321691434,1.0501298651441496e-05,,,,
2612,0.001,adam,2613,71.45025730133057,1.0299322972981834e-05,0.0,1.0225681478570667,1.0299322972981834e-05,,,,
2613,0.001,adam,2614,71.47183060646057,1.0051472289464162e-05,0.0,1.019385749855506,1.0051472289464162e-05,,,,
2614,0.001,adam,2615,71.49205946922302,1.0138973194947418e-05,0.0,0.8855295141152932,1.0138973194947418e-05,,,,
2615,0.001,adam,2616,71.51272702217102,1.0277645606537947e-05,0.0,1.1317084592761097,1.0277645606537947e-05,,,,
2616,0.001,adam,2617,71.53351187705994,1.0120864936578932e-05,0.0,1.0223039313597213,1.0120864936578932e-05,,,,
2617,0.001,adam,2618,71.55365324020386,9.952515554748382e-06,0.0,0.9525955942771498,9.952515554748382e-06,,,,
2618,0.001,adam,2619,71.5740020275116,1.0028096449952376e-05,0.0,0.9739211009702451,1.0028096449952376e-05,,,,
2619,0.001,adam,2620,71.59395289421082,1.0073847160656734e-05,0.0,1.0407723447306618,1.0073847160656734e-05,0.005495294479817356,0.0,0.9231034847792098,0.005495294479817356
2620,0.001,adam,2621,71.62337732315063,9.923966733797043e-06,0.0,0.9231095524202934,9.923966733797043e-06,,,,
2621,0.001,adam,2622,71.64443612098694,9.834457007727242e-06,0.0,0.9959651745595242,9.834457007727242e-06,,,,
2622,0.001,adam,2623,71.66706800460815,9.9158270145244e-06,0.0,0.9137829596963318,9.9158270145244e-06,,,,
2623,0.001,adam,2624,71.68743205070496,9.94725216000753e-06,0.0,0.9663419695968175,9.94725216000753e-06,,,,
2624,0.001,adam,2625,71.70861291885376,9.838834976925398e-06,0.0,0.8459233285073292,9.838834976925398e-06,,,,
2625,0.001,adam,2626,71.73020911216736,9.755607683954706e-06,0.0,0.8917183554827737,9.755607683954706e-06,,,,
2626,0.001,adam,2627,71.75028157234192,9.780042342404227e-06,0.0,0.86415586664058,9.780042342404227e-06,,,,
2627,0.001,adam,2628,71.7710509300232,9.805666428671727e-06,0.0,1.102124268013051,9.805666428671727e-06,,,,
2628,0.001,adam,2629,71.79307723045349,9.757200422671044e-06,0.0,1.0039606206447538,9.757200422671044e-06,,,,
2629,0.001,adam,2630,71.8145363330841,9.69843873538351e-06,0.0,0.9170203745811744,9.69843873538351e-06,,,,
2630,0.001,adam,2631,71.83564949035645,9.698879458080116e-06,0.0,0.9003189501637415,9.698879458080116e-06,,,,
2631,0.001,adam,2632,71.85784840583801,9.716322812854003e-06,0.0,0.982547068521838,9.716322812854003e-06,,,,
2632,0.001,adam,2633,71.8782742023468,9.68058574399401e-06,0.0,0.9116429499740388,9.68058574399401e-06,,,,
2633,0.001,adam,2634,71.90055847167969,9.621547206946888e-06,0.0,0.9567422484833685,9.621547206946888e-06,,,,
2634,0.001,adam,2635,71.92090010643005,9.612156765879705e-06,0.0,1.0147068543235203,9.612156765879705e-06,,,,
2635,0.001,adam,2636,71.94176626205444,9.634557192473968e-06,0.0,0.9662616785525195,9.634557192473968e-06,,,,
2636,0.001,adam,2637,71.96309447288513,9.618791667984225e-06,0.0,0.9491362561229266,9.618791667984225e-06,,,,
2637,0.001,adam,2638,71.98489761352539,9.571844669765598e-06,0.0,0.9619730332365503,9.571844669765598e-06,,,,
2638,0.001,adam,2639,72.00658416748047,9.552453540681463e-06,0.0,1.029686891196206,9.552453540681463e-06,,,,
2639,0.001,adam,2640,72.02652835845947,9.55899245185296e-06,0.0,2.0129124644998417,9.55899245185296e-06,0.0054986725646468376,0.0,0.9229833921304016,0.0054986725646468376
2640,0.001,adam,2641,72.05653929710388,9.546024133148794e-06,0.0,0.9210674009861097,9.546024133148794e-06,,,,
2641,0.001,adam,2642,72.07769513130188,9.513185863779696e-06,0.0,2.0946058217183294,9.513185863779696e-06,,,,
2642,0.001,adam,2643,72.09898805618286,9.495117556598135e-06,0.0,0.9707047317418084,9.495117556598135e-06,,,,
2643,0.001,adam,2644,72.1187436580658,9.495113900850324e-06,0.0,0.8520228991382691,9.495113900850324e-06,,,,
2644,0.001,adam,2645,72.13917279243469,9.48788425176528e-06,0.0,0.9289282077829822,9.48788425176528e-06,,,,
2645,0.001,adam,2646,72.15984272956848,9.465804647679324e-06,0.0,0.946269130013793,9.465804647679324e-06,,,,
2646,0.001,adam,2647,72.17982602119446,9.444344205556694e-06,0.0,0.9207018606982984,9.444344205556694e-06,,,,
2647,0.001,adam,2648,72.20093607902527,9.433489151136689e-06,0.0,0.900712323766515,9.433489151136689e-06,,,,
2648,0.001,adam,2649,72.22101998329163,9.426176881654817e-06,0.0,0.9197749407706288,9.426176881654817e-06,,,,
2649,0.001,adam,2650,72.24180150032043,9.412488235251531e-06,0.0,0.9306695865415143,9.412488235251531e-06,,,,
2650,0.001,adam,2651,72.26367402076721,9.39434479256312e-06,0.0,1.0936316787549478,9.39434479256312e-06,,,,
2651,0.001,adam,2652,72.2856719493866,9.380968102205402e-06,0.0,0.9356114501524088,9.380968102205402e-06,,,,
2652,0.001,adam,2653,72.30609393119812,9.373289766851347e-06,0.0,0.9776317719476971,9.373289766851347e-06,,,,
2653,0.001,adam,2654,72.32658886909485,9.362762149279063e-06,0.0,0.9525511125264792,9.362762149279063e-06,,,,
2654,0.001,adam,2655,72.34712767601013,9.346320636342758e-06,0.0,1.0200807556091331,9.346320636342758e-06,,,,
2655,0.001,adam,2656,72.36655807495117,9.33086345789633e-06,0.0,0.972332731928591,9.33086345789633e-06,,,,
2656,0.001,adam,2657,72.39116597175598,9.320472804495754e-06,0.0,1.0240686344068366,9.320472804495754e-06,,,,
2657,0.001,adam,2658,72.41113901138306,9.31056601785382e-06,0.0,0.8803964501812744,9.31056601785382e-06,,,,
2658,0.001,adam,2659,72.43088102340698,9.297402868237676e-06,0.0,0.9620341988558355,9.297402868237676e-06,,,,
2659,0.001,adam,2660,72.4510715007782,9.283682374163814e-06,0.0,0.9322184339171244,9.283682374163814e-06,0.005506323222217388,0.0,0.9229528831929319,0.005506323222217388
2660,0.001,adam,2661,72.47996163368225,9.272276027583267e-06,0.0,0.9411438905204804,9.272276027583267e-06,,,,
2661,0.001,adam,2662,72.5011694431305,9.261765425373347e-06,0.0,0.9929017910901152,9.261765425373347e-06,,,,
2662,0.001,adam,2663,72.52117133140564,9.250021580171914e-06,0.0,0.8571995757347832,9.250021580171914e-06,,,,
2663,0.001,adam,2664,72.54142022132874,9.237333179682506e-06,0.0,0.8946864556896434,9.237333179682506e-06,,,,
2664,0.001,adam,2665,72.56203699111938,9.224996918315792e-06,0.0,0.8975859486828501,9.224996918315792e-06,,,,
2665,0.001,adam,2666,72.58201813697815,9.213460543128686e-06,0.0,1.0734734002282729,9.213460543128686e-06,,,,
2666,0.001,adam,2667,72.60298037528992,9.202259673202128e-06,0.0,0.9581599672489421,9.202259673202128e-06,,,,
2667,0.001,adam,2668,72.62319278717041,9.190745501461672e-06,0.0,0.9844823248627277,9.190745501461672e-06,,,,
2668,0.001,adam,2669,72.64546823501587,9.178902894041477e-06,0.0,1.0198349494848058,9.178902894041477e-06,,,,
2669,0.001,adam,2670,72.66681599617004,9.167362319234696e-06,0.0,0.939812487127823,9.167362319234696e-06,,,,
2670,0.001,adam,2671,72.68751072883606,9.156331196829946e-06,0.0,0.9188126683611308,9.156331196829946e-06,,,,
2671,0.001,adam,2672,72.7083215713501,9.145216306621387e-06,0.0,0.9549152444660585,9.145216306621387e-06,,,,
2672,0.001,adam,2673,72.72872948646545,9.133687634539796e-06,0.0,0.8778692383743408,9.133687634539796e-06,,,,
2673,0.001,adam,2674,72.74984169006348,9.122185901025924e-06,0.0,1.0999391122156632,9.122185901025924e-06,,,,
2674,0.001,adam,2675,72.77036094665527,9.111009725550553e-06,0.0,0.9425089416212786,9.111009725550553e-06,,,,
2675,0.001,adam,2676,72.79110145568848,9.099864138719925e-06,0.0,0.9010767048234396,9.099864138719925e-06,,,,
2676,0.001,adam,2677,72.81180834770203,9.088559645284496e-06,0.0,0.9583780298919755,9.088559645284496e-06,,,,
2677,0.001,adam,2678,72.83262419700623,9.077331547011965e-06,0.0,0.9131246467418391,9.077331547011965e-06,,,,
2678,0.001,adam,2679,72.85369348526001,9.066307730280088e-06,0.0,0.8750658655577656,9.066307730280088e-06,,,,
2679,0.001,adam,2680,72.87762951850891,9.055311856401196e-06,0.0,0.9544993728138202,9.055311856401196e-06,0.005510581607571154,0.0,0.9229594021700348,0.005510581607571154
2680,0.001,adam,2681,72.90798997879028,9.044257958593112e-06,0.0,1.0511917650502647,9.044257958593112e-06,,,,
2681,0.001,adam,2682,72.92868232727051,9.03326068765544e-06,0.0,0.9204385848897555,9.03326068765544e-06,,,,
2682,0.001,adam,2683,72.94995331764221,9.022368388340806e-06,0.0,0.9512960234250516,9.022368388340806e-06,,,,
2683,0.001,adam,2684,72.97016096115112,9.011502780990333e-06,0.0,0.894264522498094,9.011502780990333e-06,,,,
2684,0.001,adam,2685,72.99187898635864,9.000615243103981e-06,0.0,0.8860480798864911,9.000615243103981e-06,,,,
2685,0.001,adam,2686,73.01172661781311,8.989722074963124e-06,0.0,0.9423140673314225,8.989722074963124e-06,,,,
2686,0.001,adam,2687,73.03181862831116,8.978854990345618e-06,0.0,0.9189628031620367,8.978854990345618e-06,,,,
2687,0.001,adam,2688,73.05315256118774,8.968051461645886e-06,0.0,0.9056949243651395,8.968051461645886e-06,,,,
2688,0.001,adam,2689,73.07403779029846,8.957312098501457e-06,0.0,0.9946512378092282,8.957312098501457e-06,,,,
2689,0.001,adam,2690,73.09491896629333,8.946570174642977e-06,0.0,0.9051647856518479,8.946570174642977e-06,,,,
2690,0.001,adam,2691,73.1170289516449,8.935789648785338e-06,0.0,1.0113429999523067,8.935789648785338e-06,,,,
2691,0.001,adam,2692,73.13774013519287,8.925042615196382e-06,0.0,0.9461113956888034,8.925042615196382e-06,,,,
2692,0.001,adam,2693,73.1595709323883,8.91439954151952e-06,0.0,1.13698066177859,8.91439954151952e-06,,,,
2693,0.001,adam,2694,73.18004631996155,8.903812729855867e-06,0.0,0.9321410573505876,8.903812729855867e-06,,,,
2694,0.001,adam,2695,73.20021605491638,8.89319722609414e-06,0.0,1.0125193040436073,8.89319722609414e-06,,,,
2695,0.001,adam,2696,73.22067546844482,8.882562546842241e-06,0.0,0.9600790774526604,8.882562546842241e-06,,,,
2696,0.001,adam,2697,73.24099659919739,8.8719795119503e-06,0.0,1.0482931339854689,8.8719795119503e-06,,,,
2697,0.001,adam,2698,73.26244115829468,8.861469559363397e-06,0.0,0.9365575464033722,8.861469559363397e-06,,,,
2698,0.001,adam,2699,73.28316617012024,8.850992576789064e-06,0.0,0.8382082745842947,8.850992576789064e-06,,,,
2699,0.001,adam,2700,73.30293226242065,8.840513375913391e-06,0.0,1.028594626145877,8.840513375913391e-06,0.005514321473182314,0.0,0.9230087420383685,0.005514321473182314
2700,0.001,adam,2701,73.33070349693298,8.830035509286463e-06,0.0,0.86982908012014,8.830035509286463e-06,,,,
2701,0.001,adam,2702,73.35047602653503,8.819585651213028e-06,0.0,1.0105006209140315,8.819585651213028e-06,,,,
2702,0.001,adam,2703,73.37072920799255,8.809186605772562e-06,0.0,0.9672986511336822,8.809186605772562e-06,,,,
2703,0.001,adam,2704,73.39388871192932,8.798835491205857e-06,0.0,1.010870867586262,8.798835491205857e-06,,,,
2704,0.001,adam,2705,73.41412901878357,8.788506515869444e-06,0.0,1.0082717914395019,8.788506515869444e-06,,,,
2705,0.001,adam,2706,73.43763136863708,8.778186591062806e-06,0.0,1.0098733164024591,8.778186591062806e-06,,,,
2706,0.001,adam,2707,73.4585657119751,8.767899272304616e-06,0.0,1.0596234227144912,8.767899272304616e-06,,,,
2707,0.001,adam,2708,73.48016929626465,8.757679884223643e-06,0.0,1.089479991652838,8.757679884223643e-06,,,,
2708,0.001,adam,2709,73.50104975700378,8.747539827958775e-06,0.0,0.9046076537787059,8.747539827958775e-06,,,,
2709,0.001,adam,2710,73.52157807350159,8.737475858531644e-06,0.0,1.9922415367585238,8.737475858531644e-06,,,,
2710,0.001,adam,2711,73.54225134849548,8.727506852432964e-06,0.0,2.120094165370492,8.727506852432964e-06,,,,
2711,0.001,adam,2712,73.56308794021606,8.717689906529207e-06,0.0,1.004292910949466,8.717689906529207e-06,,,,
2712,0.001,adam,2713,73.5837812423706,8.708110081004156e-06,0.0,0.9393983475122492,8.708110081004156e-06,,,,
2713,0.001,adam,2714,73.6043393611908,8.698882808986348e-06,0.0,0.9315699559374868,8.698882808986348e-06,,,,
2714,0.001,adam,2715,73.6258225440979,8.69017873332512e-06,0.0,0.9005645934237656,8.69017873332512e-06,,,,
2715,0.001,adam,2716,73.64671301841736,8.682276819723725e-06,0.0,0.971100732625388,8.682276819723725e-06,,,,
2716,0.001,adam,2717,73.66802835464478,8.675628546960205e-06,0.0,0.8841773246118905,8.675628546960205e-06,,,,
2717,0.001,adam,2718,73.68937563896179,8.670982981172196e-06,0.0,1.0069445668318848,8.670982981172196e-06,,,,
2718,0.001,adam,2719,73.70990657806396,8.669538010564772e-06,0.0,0.908497389506417,8.669538010564772e-06,,,,
2719,0.001,adam,2720,73.72960805892944,8.673285105070416e-06,0.0,0.9365462382799903,8.673285105070416e-06,0.005515276017374554,0.0,0.923166678756452,0.005515276017374554
2720,0.001,adam,2721,73.75745224952698,8.685438260898974e-06,0.0,0.9587698264926988,8.685438260898974e-06,,,,
2721,0.001,adam,2722,73.77779960632324,8.711492195260003e-06,0.0,0.95859840061926,8.711492195260003e-06,,,,
2722,0.001,adam,2723,73.79873967170715,8.760389229144467e-06,0.0,0.9045456698172716,8.760389229144467e-06,,,,
2723,0.001,adam,2724,73.81853604316711,8.847773183508675e-06,0.0,0.8832704406452097,8.847773183508675e-06,,,,
2724,0.001,adam,2725,73.8401210308075,8.999012405608394e-06,0.0,0.9402631214755758,8.999012405608394e-06,,,,
2725,0.001,adam,2726,73.86146354675293,9.259753982118447e-06,0.0,0.9373471231684064,9.259753982118447e-06,,,,
2726,0.001,adam,2727,73.88233423233032,9.702907675964883e-06,0.0,0.9370872517584935,9.702907675964883e-06,,,,
2727,0.001,adam,2728,73.9051103591919,1.0463970258561527e-05,0.0,0.9916691673885527,1.0463970258561527e-05,,,,
2728,0.001,adam,2729,73.92869758605957,1.1750119313281812e-05,0.0,1.0604550095256622,1.1750119313281812e-05,,,,
2729,0.001,adam,2730,73.94893050193787,1.3959520753051859e-05,0.0,0.9849034119976668,1.3959520753051859e-05,,,,
2730,0.001,adam,2731,73.96999788284302,1.7633459488918318e-05,0.0,0.8652343113937366,1.7633459488918318e-05,,,,
2731,0.001,adam,2732,73.99121522903442,2.383869749326786e-05,0.0,0.9114882100664733,2.383869749326786e-05,,,,
2732,0.001,adam,2733,74.01202750205994,3.3551054950262966e-05,0.0,0.888049881875148,3.3551054950262966e-05,,,,
2733,0.001,adam,2734,74.03196263313293,4.870286158056589e-05,0.0,0.9516789166823006,4.870286158056589e-05,,,,
2734,0.001,adam,2735,74.052898645401,6.814873621573806e-05,0.0,0.9916324366393482,6.814873621573806e-05,,,,
2735,0.001,adam,2736,74.07369208335876,9.099934269368588e-05,0.0,1.000789460478838,9.099934269368588e-05,,,,
2736,0.001,adam,2737,74.09510278701782,0.00010396301089708016,0.0,0.9732487629903723,0.00010396301089708016,,,,
2737,0.001,adam,2738,74.11627984046936,0.00010183754796917605,0.0,0.8944645385920882,0.00010183754796917605,,,,
2738,0.001,adam,2739,74.13657402992249,7.661712076839407e-05,0.0,0.9165311994663998,7.661712076839407e-05,,,,
2739,0.001,adam,2740,74.15758037567139,5.1280877504530516e-05,0.0,0.8675764926892245,5.1280877504530516e-05,0.005559013227473615,0.0,0.9244730173957507,0.005559013227473615
2740,0.001,adam,2741,74.18893003463745,4.463845539647558e-05,0.0,0.9923864211710651,4.463845539647558e-05,,,,
2741,0.001,adam,2742,74.20937991142273,5.911699073611819e-05,0.0,0.9656195670295759,5.911699073611819e-05,,,,
2742,0.001,adam,2743,74.2296667098999,7.34081781253025e-05,0.0,0.9236568387815101,7.34081781253025e-05,,,,
2743,0.001,adam,2744,74.24955010414124,6.455628829380159e-05,0.0,1.0049628389334007,6.455628829380159e-05,,,,
2744,0.001,adam,2745,74.27053809165955,4.1162492365455715e-05,0.0,0.9597782995724788,4.1162492365455715e-05,,,,
2745,0.001,adam,2746,74.29577159881592,2.8221651851617558e-05,0.0,0.986877145237889,2.8221651851617558e-05,,,,
2746,0.001,adam,2747,74.315349817276,3.314432376651489e-05,0.0,1.0200583645113128,3.314432376651489e-05,,,,
2747,0.001,adam,2748,74.33728694915771,3.698495937793684e-05,0.0,0.898080856806405,3.698495937793684e-05,,,,
2748,0.001,adam,2749,74.35752415657043,2.5876811627178698e-05,0.0,0.9055978672947855,2.5876811627178698e-05,,,,
2749,0.001,adam,2750,74.37917160987854,1.2614093138477533e-05,0.0,0.8878848865131073,1.2614093138477533e-05,,,,
2750,0.001,adam,2751,74.3991813659668,1.4087431095438815e-05,0.0,0.9531113142207562,1.4087431095438815e-05,,,,
2751,0.001,adam,2752,74.42159748077393,2.55714246299253e-05,0.0,1.0508234785860715,2.55714246299253e-05,,,,
2752,0.001,adam,2753,74.44263243675232,2.9689915053654915e-05,0.0,0.9291678362288252,2.9689915053654915e-05,,,,
2753,0.001,adam,2754,74.46296739578247,2.243911208899921e-05,0.0,0.9351472958075421,2.243911208899921e-05,,,,
2754,0.001,adam,2755,74.48342537879944,1.58158974563885e-05,0.0,0.9875276072956858,1.58158974563885e-05,,,,
2755,0.001,adam,2756,74.50483465194702,1.6426715031687354e-05,0.0,0.9082107850851866,1.6426715031687354e-05,,,,
2756,0.001,adam,2757,74.52535796165466,1.7533454085715646e-05,0.0,1.0042390605401057,1.7533454085715646e-05,,,,
2757,0.001,adam,2758,74.54515552520752,1.3893710081460849e-05,0.0,0.9492649942789126,1.3893710081460849e-05,,,,
2758,0.001,adam,2759,74.56533575057983,1.0485329767208454e-05,0.0,0.9411081283545102,1.0485329767208454e-05,,,,
2759,0.001,adam,2760,74.58605742454529,1.2737436129680583e-05,0.0,1.0426790622597017,1.2737436129680583e-05,0.005543840167686758,0.0,0.9228398282328577,0.005543840167686758
2760,0.001,adam,2761,74.61314797401428,1.663137001866425e-05,0.0,1.0030858081918228,1.663137001866425e-05,,,,
2761,0.001,adam,2762,74.6334593296051,1.5873671130968635e-05,0.0,0.9780318301286153,1.5873671130968635e-05,,,,
2762,0.001,adam,2763,74.65361547470093,1.2098827770519566e-05,0.0,1.008489987160538,1.2098827770519566e-05,,,,
2763,0.001,adam,2764,74.67330265045166,1.0815500225101947e-05,0.0,1.0165100084615373,1.0815500225101947e-05,,,,
2764,0.001,adam,2765,74.6944408416748,1.229373460539961e-05,0.0,0.8588522267455311,1.229373460539961e-05,,,,
2765,0.001,adam,2766,74.71481657028198,1.2388466535427448e-05,0.0,0.9201672031087753,1.2388466535427448e-05,,,,
2766,0.001,adam,2767,74.73466396331787,1.0098114802798573e-05,0.0,0.9416886739833528,1.0098114802798573e-05,,,,
2767,0.001,adam,2768,74.7556471824646,8.858486782232157e-06,0.0,0.9906207690134197,8.858486782232157e-06,,,,
2768,0.001,adam,2769,74.77687001228333,1.0271653340146844e-05,0.0,0.9408701903443071,1.0271653340146844e-05,,,,
2769,0.001,adam,2770,74.7980809211731,1.1818819559843479e-05,0.0,0.8823678197096523,1.1818819559843479e-05,,,,
2770,0.001,adam,2771,74.81969332695007,1.1305317887953995e-05,0.0,0.971120972936173,1.1305317887953995e-05,,,,
2771,0.001,adam,2772,74.84354972839355,9.898844146137068e-06,0.0,0.9958903967080406,9.898844146137068e-06,,,,
2772,0.001,adam,2773,74.8646969795227,9.580867706042937e-06,0.0,0.9686059990401052,9.580867706042937e-06,,,,
2773,0.001,adam,2774,74.88758635520935,9.985599672033135e-06,0.0,0.9811713295574276,9.985599672033135e-06,,,,
2774,0.001,adam,2775,74.90908527374268,9.65801221771458e-06,0.0,1.0337381287223,9.65801221771458e-06,,,,
2775,0.001,adam,2776,74.93138527870178,8.729621526018593e-06,0.0,0.9842748368272008,8.729621526018593e-06,,,,
2776,0.001,adam,2777,74.95192694664001,8.479032314104017e-06,0.0,1.002195125654589,8.479032314104017e-06,,,,
2777,0.001,adam,2778,74.97231245040894,9.134880204011888e-06,0.0,1.0196628197829674,9.134880204011888e-06,,,,
2778,0.001,adam,2779,74.99313831329346,9.624406481852817e-06,0.0,0.9196434204965953,9.624406481852817e-06,,,,
2779,0.001,adam,2780,75.01504516601562,9.332418087445913e-06,0.0,0.9195546557524752,9.332418087445913e-06,0.005524745641178943,0.0,0.9244747447975489,0.005524745641178943
2780,0.001,adam,2781,75.04652428627014,8.862226189494248e-06,0.0,0.9826689929097812,8.862226189494248e-06,,,,
2781,0.001,adam,2782,75.06651163101196,8.842104839076633e-06,0.0,0.970985904192656,8.842104839076633e-06,,,,
2782,0.001,adam,2783,75.08785557746887,9.00917188971607e-06,0.0,0.8981805497522675,9.00917188971607e-06,,,,
2783,0.001,adam,2784,75.10903477668762,8.837938303208836e-06,0.0,0.9423036250563603,8.837938303208836e-06,,,,
2784,0.001,adam,2785,75.13016510009766,8.429082403796147e-06,0.0,0.9609712008639489,8.429082403796147e-06,,,,
2785,0.001,adam,2786,75.15089797973633,8.268917277946473e-06,0.0,1.0191647947161555,8.268917277946473e-06,,,,
2786,0.001,adam,2787,75.17159008979797,8.441745823681512e-06,0.0,1.0049405245982046,8.441745823681512e-06,,,,
2787,0.001,adam,2788,75.19163084030151,8.578007412427246e-06,0.0,0.8943725824330542,8.578007412427246e-06,,,,
2788,0.001,adam,2789,75.21180367469788,8.467145313039325e-06,0.0,0.9642657360428037,8.467145313039325e-06,,,,
2789,0.001,adam,2790,75.23255848884583,8.31372934986486e-06,0.0,0.9249199822436223,8.31372934986486e-06,,,,
2790,0.001,adam,2791,75.25323700904846,8.353639753795681e-06,0.0,0.9940734474012494,8.353639753795681e-06,,,,
2791,0.001,adam,2792,75.2746376991272,8.498390642401186e-06,0.0,0.9783393568383459,8.498390642401186e-06,,,,
2792,0.001,adam,2793,75.29492592811584,8.511149084442654e-06,0.0,1.0075695053281248,8.511149084442654e-06,,,,
2793,0.001,adam,2794,75.31614303588867,8.35902904745256e-06,0.0,0.9494983294801645,8.35902904745256e-06,,,,
2794,0.001,adam,2795,75.33699345588684,8.217489152802093e-06,0.0,0.7893224163980039,8.217489152802093e-06,,,,
2795,0.001,adam,2796,75.3595781326294,8.19571547338517e-06,0.0,0.9208555528095449,8.19571547338517e-06,,,,
2796,0.001,adam,2797,75.38116693496704,8.216248700270092e-06,0.0,1.0198729097199029,8.216248700270092e-06,,,,
2797,0.001,adam,2798,75.40182971954346,8.172080888903596e-06,0.0,1.024208770186441,8.172080888903596e-06,,,,
2798,0.001,adam,2799,75.42328143119812,8.084369889863365e-06,0.0,0.9953308102416092,8.084369889863365e-06,,,,
2799,0.001,adam,2800,75.44433689117432,8.046008597918708e-06,0.0,1.0239187595914123,8.046008597918708e-06,0.005526714629728662,0.0,0.9251468706812102,0.005526714629728662
2800,0.001,adam,2801,75.47264194488525,8.078081334126645e-06,0.0,0.9059047371094703,8.078081334126645e-06,,,,
2801,0.001,adam,2802,75.4947578907013,8.11127012940452e-06,0.0,0.9309412307360286,8.11127012940452e-06,,,,
2802,0.001,adam,2803,75.51561236381531,8.092632049485788e-06,0.0,1.0063490574119707,8.092632049485788e-06,,,,
2803,0.001,adam,2804,75.53623700141907,8.050330256180302e-06,0.0,0.9140090982492476,8.050330256180302e-06,,,,
2804,0.001,adam,2805,75.55753421783447,8.038521477500702e-06,0.0,0.96762914431035,8.038521477500702e-06,,,,
2805,0.001,adam,2806,75.57817888259888,8.059717924189168e-06,0.0,0.885941444478528,8.059717924189168e-06,,,,
2806,0.001,adam,2807,75.60189890861511,8.071057898146102e-06,0.0,1.0195532713616995,8.071057898146102e-06,,,,
2807,0.001,adam,2808,75.62290358543396,8.049069683556951e-06,0.0,0.9252072806350883,8.049069683556951e-06,,,,
2808,0.001,adam,2809,75.64331650733948,8.01695314575568e-06,0.0,0.8855882963044455,8.01695314575568e-06,,,,
2809,0.001,adam,2810,75.66599130630493,8.005664355839588e-06,0.0,0.9967889120095563,8.005664355839588e-06,,,,
2810,0.001,adam,2811,75.68669176101685,8.012470805730943e-06,0.0,0.9680083859123627,8.012470805730943e-06,,,,
2811,0.001,adam,2812,75.70740628242493,8.01032540004958e-06,0.0,0.9359905821687053,8.01032540004958e-06,,,,
2812,0.001,adam,2813,75.72925662994385,7.986735531059582e-06,0.0,1.007406402346412,7.986735531059582e-06,,,,
2813,0.001,adam,2814,75.75150322914124,7.957796807361715e-06,0.0,0.9254437340765227,7.957796807361715e-06,,,,
2814,0.001,adam,2815,75.7723114490509,7.943503492125667e-06,0.0,0.975208822067259,7.943503492125667e-06,,,,
2815,0.001,adam,2816,75.79234957695007,7.943220280441955e-06,0.0,0.9366529309100879,7.943220280441955e-06,,,,
2816,0.001,adam,2817,75.81286573410034,7.941113286024629e-06,0.0,1.0074860371278007,7.941113286024629e-06,,,,
2817,0.001,adam,2818,75.83262252807617,7.928842474442897e-06,0.0,0.9764949571816048,7.928842474442897e-06,,,,
2818,0.001,adam,2819,75.85260486602783,7.91424457840012e-06,0.0,0.9475845297644909,7.91424457840012e-06,,,,
2819,0.001,adam,2820,75.87370824813843,7.908595452611327e-06,0.0,1.012128519286472,7.908595452611327e-06,0.005531073330046334,0.0,0.9249815953106346,0.005531073330046334
2820,0.001,adam,2821,75.90133166313171,7.912562092410648e-06,0.0,1.0224708367372937,7.912562092410648e-06,,,,
2821,0.001,adam,2822,75.92223978042603,7.918160578311474e-06,0.0,1.0237871047449632,7.918160578311474e-06,,,,
2822,0.001,adam,2823,75.94558095932007,7.921089449824327e-06,0.0,0.9337278457840654,7.921089449824327e-06,,,,
2823,0.001,adam,2824,75.96532940864563,7.926680642682895e-06,0.0,0.8927400586023072,7.926680642682895e-06,,,,
2824,0.001,adam,2825,75.98598599433899,7.943658848189252e-06,0.0,0.872890496736081,7.943658848189252e-06,,,,
2825,0.001,adam,2826,76.0068154335022,7.976091165522186e-06,0.0,0.9241489287548419,7.976091165522186e-06,,,,
2826,0.001,adam,2827,76.02759647369385,8.023540762104137e-06,0.0,0.9502528668080281,8.023540762104137e-06,,,,
2827,0.001,adam,2828,76.04977297782898,8.0887052584021e-06,0.0,0.9135462214546536,8.0887052584021e-06,,,,
2828,0.001,adam,2829,76.06992721557617,8.18208000913087e-06,0.0,0.9071098578308655,8.18208000913087e-06,,,,
2829,0.001,adam,2830,76.0935754776001,8.321397017116594e-06,0.0,0.9994111974859898,8.321397017116594e-06,,,,
2830,0.001,adam,2831,76.11418890953064,8.528239916235536e-06,0.0,0.9594797947322988,8.528239916235536e-06,,,,
2831,0.001,adam,2832,76.13561773300171,8.831358897112827e-06,0.0,1.067126273290261,8.831358897112827e-06,,,,
2832,0.001,adam,2833,76.15800356864929,9.273765595404888e-06,0.0,0.986870721957618,9.273765595404888e-06,,,,
2833,0.001,adam,2834,76.18115377426147,9.926249516378716e-06,0.0,0.9899105818677674,9.926249516378716e-06,,,,
2834,0.001,adam,2835,76.20373773574829,1.0895565167906862e-05,0.0,0.8648872061989362,1.0895565167906862e-05,,,,
2835,0.001,adam,2836,76.22474408149719,1.234737021566299e-05,0.0,0.9497016899303017,1.234737021566299e-05,,,,
2836,0.001,adam,2837,76.24537682533264,1.4518329600601624e-05,0.0,0.9724602012752441,1.4518329600601624e-05,,,,
2837,0.001,adam,2838,76.267169713974,1.7777454876873028e-05,0.0,0.9173867322197298,1.7777454876873028e-05,,,,
2838,0.001,adam,2839,76.28915119171143,2.2626113636490947e-05,0.0,0.9404773268768446,2.2626113636490947e-05,,,,
2839,0.001,adam,2840,76.3095920085907,2.9816340323303915e-05,0.0,1.1489662947749788,2.9816340323303915e-05,0.005532650382525532,0.0,0.9186089837227115,0.005532650382525532
2840,0.001,adam,2841,76.33837509155273,4.018378676688384e-05,0.0,0.8876155476066337,4.018378676688384e-05,,,,
2841,0.001,adam,2842,76.35820031166077,5.474701241364572e-05,0.0,0.9524295266824057,5.474701241364572e-05,,,,
2842,0.001,adam,2843,76.37993049621582,7.371221350779303e-05,0.0,0.9131539446252891,7.371221350779303e-05,,,,
2843,0.001,adam,2844,76.4014081954956,9.619986531337832e-05,0.0,1.029980928048282,9.619986531337832e-05,,,,
2844,0.001,adam,2845,76.42214131355286,0.00011722273150617104,0.0,0.9996906574818505,0.00011722273150617104,,,,
2845,0.001,adam,2846,76.44523119926453,0.00012879505484983538,0.0,0.9810798061612971,0.00012879505484983538,,,,
2846,0.001,adam,2847,76.46615862846375,0.00011952710619987432,0.0,0.9916746896511078,0.00011952710619987432,,,,
2847,0.001,adam,2848,76.48746132850647,8.69634247766959e-05,0.0,0.9041329941427314,8.69634247766959e-05,,,,
2848,0.001,adam,2849,76.5086772441864,4.319988342200782e-05,0.0,0.9224006955934108,4.319988342200782e-05,,,,
2849,0.001,adam,2850,76.52912497520447,1.3434636177521145e-05,0.0,0.9584431983772825,1.3434636177521145e-05,,,,
2850,0.001,adam,2851,76.55067658424377,1.327391432521085e-05,0.0,1.004332634760845,1.327391432521085e-05,,,,
2851,0.001,adam,2852,76.57291960716248,3.35594612040937e-05,0.0,0.8581738188267046,3.35594612040937e-05,,,,
2852,0.001,adam,2853,76.59339785575867,4.967582381062679e-05,0.0,0.9284264620570071,4.967582381062679e-05,,,,
2853,0.001,adam,2854,76.61503577232361,4.497331986773548e-05,0.0,0.9747335688652641,4.497331986773548e-05,,,,
2854,0.001,adam,2855,76.63603329658508,2.567216960234635e-05,0.0,0.8907877518202127,2.567216960234635e-05,,,,
2855,0.001,adam,2856,76.65690684318542,1.1181273342544427e-05,0.0,1.086146764831382,1.1181273342544427e-05,,,,
2856,0.001,adam,2857,76.67871522903442,1.3024232455231804e-05,0.0,1.0266782723909595,1.3024232455231804e-05,,,,
2857,0.001,adam,2858,76.69994139671326,2.4114306715342855e-05,0.0,0.910142581455133,2.4114306715342855e-05,,,,
2858,0.001,adam,2859,76.72005820274353,2.928747717239036e-05,0.0,0.9925045399400034,2.928747717239036e-05,,,,
2859,0.001,adam,2860,76.74085974693298,2.2946816201181413e-05,0.0,1.005434426861286,2.2946816201181413e-05,0.005499311660079666,0.0,0.9212666158788702,0.005499311660079666
2860,0.001,adam,2861,76.77134323120117,1.2953866246901602e-05,0.0,0.8649918221031179,1.2953866246901602e-05,,,,
2861,0.001,adam,2862,76.79338884353638,9.830934852704096e-06,0.0,1.0340901481365417,9.830934852704096e-06,,,,
2862,0.001,adam,2863,76.81495642662048,1.445655915860785e-05,0.0,0.9357130345830406,1.445655915860785e-05,,,,
2863,0.001,adam,2864,76.83757901191711,1.896514878292532e-05,0.0,0.7980505044862214,1.896514878292532e-05,,,,
2864,0.001,adam,2865,76.85873031616211,1.742512264320687e-05,0.0,0.964320194348512,1.742512264320687e-05,,,,
2865,0.001,adam,2866,76.87958312034607,1.209567838512875e-05,0.0,0.8965039721829271,1.209567838512875e-05,,,,
2866,0.001,adam,2867,76.89996933937073,9.30065321305537e-06,0.0,0.9168997371312428,9.30065321305537e-06,,,,
2867,0.001,adam,2868,76.9217278957367,1.1163469866812155e-05,0.0,1.0066832015100537,1.1163469866812155e-05,,,,
2868,0.001,adam,2869,76.9434597492218,1.3963914823192612e-05,0.0,0.9741736612674237,1.3963914823192612e-05,,,,
2869,0.001,adam,2870,76.96465182304382,1.3655828294034913e-05,0.0,0.9131105071921393,1.3655828294034913e-05,,,,
2870,0.001,adam,2871,76.98626565933228,1.0646844021786678e-05,0.0,0.9022156484181891,1.0646844021786678e-05,,,,
2871,0.001,adam,2872,77.0083520412445,8.522440329840687e-06,0.0,0.9165508444785001,8.522440329840687e-06,,,,
2872,0.001,adam,2873,77.02841377258301,9.238765218695909e-06,0.0,0.7805391348256723,9.238765218695909e-06,,,,
2873,0.001,adam,2874,77.05069828033447,1.1161816777760268e-05,0.0,0.9743093597965927,1.1161816777760268e-05,,,,
2874,0.001,adam,2875,77.0732524394989,1.1596856262795174e-05,0.0,0.9686676959464211,1.1596856262795174e-05,,,,
2875,0.001,adam,2876,77.09380030632019,1.0017468851169674e-05,0.0,0.8560829758757122,1.0017468851169674e-05,,,,
2876,0.001,adam,2877,77.11673760414124,8.27417598662458e-06,0.0,1.0643028467193516,8.27417598662458e-06,,,,
2877,0.001,adam,2878,77.13718247413635,8.080203094815409e-06,0.0,0.9291208067614232,8.080203094815409e-06,,,,
2878,0.001,adam,2879,77.15873265266418,9.168581700082386e-06,0.0,0.9902341750431474,9.168581700082386e-06,,,,
2879,0.001,adam,2880,77.17952728271484,9.963096352477337e-06,0.0,0.9260359000768922,9.963096352477337e-06,0.005519701211628219,0.0,0.9261533523980805,0.005519701211628219
2880,0.001,adam,2881,77.20751976966858,9.500842191841054e-06,0.0,0.9190555228977196,9.500842191841054e-06,,,,
2881,0.001,adam,2882,77.22800993919373,8.34619499693564e-06,0.0,0.979673033413069,8.34619499693564e-06,,,,
2882,0.001,adam,2883,77.24799156188965,7.688244355522536e-06,0.0,0.9942444463000168,7.688244355522536e-06,,,,
2883,0.001,adam,2884,77.26962924003601,7.996836971328106e-06,0.0,0.9218250194523756,7.996836971328106e-06,,,,
2884,0.001,adam,2885,77.29123425483704,8.682208889367232e-06,0.0,1.0792178604644431,8.682208889367232e-06,,,,
2885,0.001,adam,2886,77.31063723564148,8.897347306634467e-06,0.0,0.9502693764525176,8.897347306634467e-06,,,,
2886,0.001,adam,2887,77.32811093330383,8.436756478566942e-06,0.0,0.9245830651026721,8.436756478566942e-06,,,,
2887,0.001,adam,2888,77.34745979309082,7.792203884652052e-06,0.0,0.9896382956598281,7.792203884652052e-06,,,,
2888,0.001,adam,2889,77.36756730079651,7.542404170264678e-06,0.0,0.9794884361222232,7.542404170264678e-06,,,,
2889,0.001,adam,2890,77.38801121711731,7.778093061266286e-06,0.0,1.0799191276770947,7.778093061266286e-06,,,,
2890,0.001,adam,2891,77.40642142295837,8.122691146912735e-06,0.0,1.017439167761545,8.122691146912735e-06,,,,
2891,0.001,adam,2892,77.42594027519226,8.183704203706406e-06,0.0,0.8862282462758628,8.183704203706406e-06,,,,
2892,0.001,adam,2893,77.44521427154541,7.911794922356651e-06,0.0,1.0141180539227506,7.911794922356651e-06,,,,
2893,0.001,adam,2894,77.46277666091919,7.575408867427104e-06,0.0,0.9399019328225936,7.575408867427104e-06,,,,
2894,0.001,adam,2895,77.47990012168884,7.4467087458293105e-06,0.0,0.9654657838369782,7.4467087458293105e-06,,,,
2895,0.001,adam,2896,77.49729013442993,7.561583941816215e-06,0.0,0.9758811039001539,7.561583941816215e-06,,,,
2896,0.001,adam,2897,77.51782321929932,7.740097875459243e-06,0.0,0.8943127641173649,7.740097875459243e-06,,,,
2897,0.001,adam,2898,77.53752756118774,7.788564143562547e-06,0.0,0.949322064781609,7.788564143562547e-06,,,,
2898,0.001,adam,2899,77.55730891227722,7.666929446408529e-06,0.0,0.9065248113033348,7.666929446408529e-06,,,,
2899,0.001,adam,2900,77.57551455497742,7.48498148440277e-06,0.0,0.862901135832692,7.48498148440277e-06,0.005534508005012519,0.0,0.9281981393231715,0.005534508005012519
2900,0.001,adam,2901,77.60081267356873,7.3791250059050125e-06,0.0,0.8946567329064241,7.3791250059050125e-06,,,,
2901,0.001,adam,2902,77.61875176429749,7.394934651438445e-06,0.0,1.0112163699822254,7.394934651438445e-06,,,,
2902,0.001,adam,2903,77.63668155670166,7.473046506068354e-06,0.0,0.9887743158271523,7.473046506068354e-06,,,,
2903,0.001,adam,2904,77.65539693832397,7.520595150318979e-06,0.0,1.0207938029159696,7.520595150318979e-06,,,,
2904,0.001,adam,2905,77.67567110061646,7.490138349598988e-06,0.0,1.0186655115164018,7.490138349598988e-06,,,,
2905,0.001,adam,2906,77.69437384605408,7.405512934734454e-06,0.0,1.0863006821194117,7.405512934734454e-06,,,,
2906,0.001,adam,2907,77.71337509155273,7.325785185076012e-06,0.0,0.929514190878655,7.325785185076012e-06,,,,
2907,0.001,adam,2908,77.73251175880432,7.293881584142552e-06,0.0,0.9161301803944966,7.293881584142552e-06,,,,
2908,0.001,adam,2909,77.75128507614136,7.3091538128182965e-06,0.0,0.9594763301281313,7.3091538128182965e-06,,,,
2909,0.001,adam,2910,77.77013230323792,7.338541020447265e-06,0.0,0.9179020964847288,7.338541020447265e-06,,,,
2910,0.001,adam,2911,77.78964352607727,7.347656467334251e-06,0.0,0.9742216351659673,7.347656467334251e-06,,,,
2911,0.001,adam,2912,77.82363200187683,7.324487286364956e-06,0.0,0.8853205168933804,7.324487286364956e-06,,,,
2912,0.001,adam,2913,77.8495237827301,7.282077023739705e-06,0.0,0.8920176305931257,7.282077023739705e-06,,,,
2913,0.001,adam,2914,77.88155126571655,7.243354684610898e-06,0.0,1.0318685525400189,7.243354684610898e-06,,,,
2914,0.001,adam,2915,77.91369462013245,7.224028854211965e-06,0.0,0.9426473423207622,7.224028854211965e-06,,,,
2915,0.001,adam,2916,77.93650937080383,7.224225817513265e-06,0.0,0.9287256688007236,7.224225817513265e-06,,,,
2916,0.001,adam,2917,77.95756578445435,7.232126216233946e-06,0.0,0.9054514726843894,7.232126216233946e-06,,,,
2917,0.001,adam,2918,77.9791693687439,7.234012799700096e-06,0.0,0.8919825830950856,7.234012799700096e-06,,,,
2918,0.001,adam,2919,77.9998345375061,7.222933472825732e-06,0.0,0.9052453680953054,7.222933472825732e-06,,,,
2919,0.001,adam,2920,78.0216851234436,7.2014548075017566e-06,0.0,0.9547157621639328,7.2014548075017566e-06,0.005538982088011175,0.0,0.9287744372266711,0.005538982088011175
2920,0.001,adam,2921,78.0504961013794,7.1780998791810796e-06,0.0,1.0086183740652315,7.1780998791810796e-06,,,,
2921,0.001,adam,2922,78.07371425628662,7.161266889557151e-06,0.0,1.023723278877303,7.161266889557151e-06,,,,
2922,0.001,adam,2923,78.0971372127533,7.154381544470928e-06,0.0,0.970398077748847,7.154381544470928e-06,,,,
2923,0.001,adam,2924,78.12536311149597,7.15500044908827e-06,0.0,0.8947541962049735,7.15500044908827e-06,,,,
2924,0.001,adam,2925,78.15357685089111,7.157360017931409e-06,0.0,0.9057767054966425,7.157360017931409e-06,,,,
2925,0.001,adam,2926,78.18214058876038,7.156385625332e-06,0.0,0.977590618072686,7.156385625332e-06,,,,
2926,0.001,adam,2927,78.20611238479614,7.150695345434499e-06,0.0,0.9904325644842032,7.150695345434499e-06,,,,
2927,0.001,adam,2928,78.24161314964294,7.143071010779533e-06,0.0,0.9418734157576294,7.143071010779533e-06,,,,
2928,0.001,adam,2929,78.2700743675232,7.13890653961552e-06,0.0,0.913868986298381,7.13890653961552e-06,,,,
2929,0.001,adam,2930,78.30405569076538,7.143616053277337e-06,0.0,1.0148774789289856,7.143616053277337e-06,,,,
2930,0.001,adam,2931,78.34198093414307,7.161190132418928e-06,0.0,0.9663271256578136,7.161190132418928e-06,,,,
2931,0.001,adam,2932,78.36632323265076,7.1941789932776515e-06,0.0,0.9958790582820022,7.1941789932776515e-06,,,,
2932,0.001,adam,2933,78.38557624816895,7.2460238646195825e-06,0.0,0.9824165828619197,7.2460238646195825e-06,,,,
2933,0.001,adam,2934,78.40450143814087,7.323717278003296e-06,0.0,0.8759386147848174,7.323717278003296e-06,,,,
2934,0.001,adam,2935,78.43456792831421,7.44179611786162e-06,0.0,0.987000934526888,7.44179611786162e-06,,,,
2935,0.001,adam,2936,78.47520279884338,7.625016212837926e-06,0.0,0.9758217592723767,7.625016212837926e-06,,,,
2936,0.001,adam,2937,78.50979542732239,7.915075309987658e-06,0.0,0.9241057503185658,7.915075309987658e-06,,,,
2937,0.001,adam,2938,78.53297901153564,8.374533651536584e-06,0.0,0.891238858427972,8.374533651536584e-06,,,,
2938,0.001,adam,2939,78.55618238449097,9.108529858322037e-06,0.0,0.9375481657234539,9.108529858322037e-06,,,,
2939,0.001,adam,2940,78.57959961891174,1.0270297846244394e-05,0.0,0.9777658723204208,1.0270297846244394e-05,0.00555212642608157,0.0,0.9326297515301026,0.00555212642608157
2940,0.001,adam,2941,78.60860323905945,1.2130156275947204e-05,0.0,0.9355795706572942,1.2130156275947204e-05,,,,
2941,0.001,adam,2942,78.63167524337769,1.5056636796185183e-05,0.0,0.9729298942997021,1.5056636796185183e-05,,,,
2942,0.001,adam,2943,78.65478110313416,1.9710836012461247e-05,0.0,0.963162507152101,1.9710836012461247e-05,,,,
2943,0.001,adam,2944,78.67762732505798,2.6819887382758087e-05,0.0,0.9540924321047555,2.6819887382758087e-05,,,,
2944,0.001,adam,2945,78.69960904121399,3.762631416218382e-05,0.0,0.9571227364652246,3.762631416218382e-05,,,,
2945,0.001,adam,2946,78.7231125831604,5.2496056763032724e-05,0.0,1.0466430933231474,5.2496056763032724e-05,,,,
2946,0.001,adam,2947,78.74578595161438,7.168790878434122e-05,0.0,0.9097915242368178,7.168790878434122e-05,,,,
2947,0.001,adam,2948,78.76908111572266,9.014488220440775e-05,0.0,0.8983691769246974,9.014488220440775e-05,,,,
2948,0.001,adam,2949,78.79044771194458,0.00010117489656280406,0.0,0.9647558478820935,0.00010117489656280406,,,,
2949,0.001,adam,2950,78.81709742546082,9.179189413785774e-05,0.0,0.9959277509916141,9.179189413785774e-05,,,,
2950,0.001,adam,2951,78.84385228157043,6.200393280758586e-05,0.0,0.9927830620354772,6.200393280758586e-05,,,,
2951,0.001,adam,2952,78.86485409736633,2.6473642978181747e-05,0.0,1.052004723970784,2.6473642978181747e-05,,,,
2952,0.001,adam,2953,78.88623023033142,9.881629988523179e-06,0.0,0.956272989804642,9.881629988523179e-06,,,,
2953,0.001,adam,2954,78.9179368019104,1.9437973758133067e-05,0.0,0.8847016822867166,1.9437973758133067e-05,,,,
2954,0.001,adam,2955,78.9603750705719,3.659858547475352e-05,0.0,0.9796802967258458,3.659858547475352e-05,,,,
2955,0.001,adam,2956,78.99141383171082,3.923985516825004e-05,0.0,0.9255855700798914,3.923985516825004e-05,,,,
2956,0.001,adam,2957,79.03571510314941,2.460849992944615e-05,0.0,0.9781479213702674,2.460849992944615e-05,,,,
2957,0.001,adam,2958,79.06481313705444,1.1422601883019185e-05,0.0,0.9417303920588698,1.1422601883019185e-05,,,,
2958,0.001,adam,2959,79.09505677223206,1.3033599949340208e-05,0.0,0.8752574680730089,1.3033599949340208e-05,,,,
2959,0.001,adam,2960,79.1256742477417,2.217899833861401e-05,0.0,0.8444387295707525,2.217899833861401e-05,0.005581933410774043,0.0,0.9383244292116542,0.005581933410774043
2960,0.001,adam,2961,79.1695396900177,2.4308038342124413e-05,0.0,0.9244440391290054,2.4308038342124413e-05,,,,
2961,0.001,adam,2962,79.19214510917664,1.6773883717498966e-05,0.0,0.9706560353481842,1.6773883717498966e-05,,,,
2962,0.001,adam,2963,79.21464323997498,1.0377363856123647e-05,0.0,1.1014729761579234,1.0377363856123647e-05,,,,
2963,0.001,adam,2964,79.23863792419434,1.1994060082591123e-05,0.0,0.917272542116466,1.1994060082591123e-05,,,,
2964,0.001,adam,2965,79.26631736755371,1.6466518349363864e-05,0.0,1.039977910099378,1.6466518349363864e-05,,,,
2965,0.001,adam,2966,79.3156909942627,1.6080327569662332e-05,0.0,0.8956220634432712,1.6080327569662332e-05,,,,
2966,0.001,adam,2967,79.35353446006775,1.1303642559999919e-05,0.0,1.0444527683390066,1.1303642559999919e-05,,,,
2967,0.001,adam,2968,79.40467429161072,8.761489182975926e-06,0.0,1.0566372308687737,8.761489182975926e-06,,,,
2968,0.001,adam,2969,79.4321961402893,1.096919315243716e-05,0.0,0.9697086542907207,1.096919315243716e-05,,,,
2969,0.001,adam,2970,79.48369598388672,1.3545370412276508e-05,0.0,1.0572324357742093,1.3545370412276508e-05,,,,
2970,0.001,adam,2971,79.53152990341187,1.2360321342444626e-05,0.0,0.9868311215025798,1.2360321342444626e-05,,,,
2971,0.001,adam,2972,79.57426953315735,9.030070778980841e-06,0.0,0.9444399783172625,9.030070778980841e-06,,,,
2972,0.001,adam,2973,79.61208391189575,7.852187905295462e-06,0.0,1.0437870023223723,7.852187905295462e-06,,,,
2973,0.001,adam,2974,79.6342523097992,9.576175571062088e-06,0.0,0.9182614984595645,9.576175571062088e-06,,,,
2974,0.001,adam,2975,79.66782259941101,1.1008321488881786e-05,0.0,1.0278157136329278,1.1008321488881786e-05,,,,
2975,0.001,adam,2976,79.70598030090332,9.969555280428447e-06,0.0,1.0518002294494384,9.969555280428447e-06,,,,
2976,0.001,adam,2977,79.72790694236755,7.874384148045296e-06,0.0,0.976118596277119,7.874384148045296e-06,,,,
2977,0.001,adam,2978,79.74794173240662,7.321065698667726e-06,0.0,0.9592947381460079,7.321065698667726e-06,,,,
2978,0.001,adam,2979,79.7685956954956,8.532443997097523e-06,0.0,0.9475286836568081,8.532443997097523e-06,,,,
2979,0.001,adam,2980,79.79154896736145,9.515538747482333e-06,0.0,1.0207412923648587,9.515538747482333e-06,0.005570890390123984,0.0,0.9332549774734603,0.005570890390123984
2980,0.001,adam,2981,79.82600498199463,8.949866111019676e-06,0.0,1.0019089576662967,8.949866111019676e-06,,,,
2981,0.001,adam,2982,79.84932231903076,7.595360109735785e-06,0.0,1.0650545414016492,7.595360109735785e-06,,,,
2982,0.001,adam,2983,79.87227964401245,7.037268043566076e-06,0.0,0.9099087340086456,7.037268043566076e-06,,,,
2983,0.001,adam,2984,79.92821836471558,7.621135923551257e-06,0.0,0.9347860410488679,7.621135923551257e-06,,,,
2984,0.001,adam,2985,79.96625804901123,8.299261170788202e-06,0.0,0.948072494654243,8.299261170788202e-06,,,,
2985,0.001,adam,2986,80.00124406814575,8.136775696410655e-06,0.0,0.8963477468049822,8.136775696410655e-06,,,,
2986,0.001,adam,2987,80.047434091568,7.362493993018154e-06,0.0,0.9867244121355551,7.362493993018154e-06,,,,
2987,0.001,adam,2988,80.0789086818695,6.905351468001829e-06,0.0,0.961259783737568,6.905351468001829e-06,,,,
2988,0.001,adam,2989,80.10666871070862,7.157764651960051e-06,0.0,0.9573834999316357,7.157764651960051e-06,,,,
2989,0.001,adam,2990,80.12851428985596,7.617916471613026e-06,0.0,0.8524576683927633,7.617916471613026e-06,,,,
2990,0.001,adam,2991,80.15094709396362,7.648196499258193e-06,0.0,0.9726422426386773,7.648196499258193e-06,,,,
2991,0.001,adam,2992,80.17410206794739,7.2361467180303605e-06,0.0,0.9610870393419809,7.2361467180303605e-06,,,,
2992,0.001,adam,2993,80.19862413406372,6.888198813998674e-06,0.0,0.9908799319075117,6.888198813998674e-06,,,,
2993,0.001,adam,2994,80.22255849838257,6.926798670196416e-06,0.0,0.9793298387298142,6.926798670196416e-06,,,,
2994,0.001,adam,2995,80.24792575836182,7.163584198311365e-06,0.0,1.0056232411893633,7.163584198311365e-06,,,,
2995,0.001,adam,2996,80.27339506149292,7.233502989579313e-06,0.0,0.9779095394867692,7.233502989579313e-06,,,,
2996,0.001,adam,2997,80.2994065284729,7.043781263904661e-06,0.0,0.9722536160490144,7.043781263904661e-06,,,,
2997,0.001,adam,2998,80.3246054649353,6.817889247033717e-06,0.0,0.9907244554041998,6.817889247033717e-06,,,,
2998,0.001,adam,2999,80.35103464126587,6.772680121982621e-06,0.0,0.9048640734331272,6.772680121982621e-06,,,,
2999,0.001,adam,3000,80.37624669075012,6.887186324834915e-06,0.0,0.9822394911679003,6.887186324834915e-06,0.005559069398847173,0.0,0.9317947702297908,0.005559069398847173
3000,0.001,adam,3001,80.41383218765259,6.977868950193965e-06,0.0,1.0052197931645535,6.977868950193965e-06,,,,
3001,0.001,adam,3002,80.43982911109924,6.924707525275772e-06,0.0,1.0024406383665916,6.924707525275772e-06,,,,
3002,0.001,adam,3003,80.46329617500305,6.784642218907854e-06,0.0,0.937632074486016,6.784642218907854e-06,,,,
3003,0.001,adam,3004,80.48534059524536,6.696951497443841e-06,0.0,1.0299524441650612,6.696951497443841e-06,,,,
3004,0.001,adam,3005,80.5067527294159,6.724891347623376e-06,0.0,1.000462068089576,6.724891347623376e-06,,,,
3005,0.001,adam,3006,80.52914237976074,6.802599878494365e-06,0.0,1.0250575760630949,6.802599878494365e-06,,,,
3006,0.001,adam,3007,80.55300283432007,6.823653033154728e-06,0.0,0.990916516806353,6.823653033154728e-06,,,,
3007,0.001,adam,3008,80.57730555534363,6.757070628352098e-06,0.0,1.051526244216182,6.757070628352098e-06,,,,
3008,0.001,adam,3009,80.60111451148987,6.666638712821515e-06,0.0,0.9263572885449658,6.666638712821515e-06,,,,
3009,0.001,adam,3010,80.62565803527832,6.629785730198768e-06,0.0,0.9525577765092033,6.629785730198768e-06,,,,
3010,0.001,adam,3011,80.65374302864075,6.6576235431758194e-06,0.0,0.9280313030644052,6.6576235431758194e-06,,,,
3011,0.001,adam,3012,80.69474053382874,6.696673547730043e-06,0.0,0.9331610149656464,6.696673547730043e-06,,,,
3012,0.001,adam,3013,80.72340154647827,6.694393882210775e-06,0.0,0.9270779708181586,6.694393882210775e-06,,,,
3013,0.001,adam,3014,80.75502943992615,6.648586312232032e-06,0.0,1.0217415833664847,6.648586312232032e-06,,,,
3014,0.001,adam,3015,80.79826188087463,6.5977980942008085e-06,0.0,0.9508904017605537,6.5977980942008085e-06,,,,
3015,0.001,adam,3016,80.82315301895142,6.576490169151039e-06,0.0,0.9335742577995051,6.576490169151039e-06,,,,
3016,0.001,adam,3017,80.85503625869751,6.586003439719651e-06,0.0,1.018924288721662,6.586003439719651e-06,,,,
3017,0.001,adam,3018,80.8810784816742,6.601619909042521e-06,0.0,0.9466642623612259,6.601619909042521e-06,,,,
3018,0.001,adam,3019,80.90817618370056,6.599504325887227e-06,0.0,0.9271769243040765,6.599504325887227e-06,,,,
3019,0.001,adam,3020,80.93315100669861,6.5761567612987875e-06,0.0,1.0866146945807007,6.5761567612987875e-06,0.005558069273947085,0.0,0.9309942829784473,0.005558069273947085
3020,0.001,adam,3021,80.97407054901123,6.54697636321729e-06,0.0,1.065135946638166,6.54697636321729e-06,,,,
3021,0.001,adam,3022,80.99967503547668,6.5295601869819275e-06,0.0,0.8821818873986477,6.5295601869819275e-06,,,,
3022,0.001,adam,3023,81.02906322479248,6.528495734886645e-06,0.0,1.0054126266347974,6.528495734886645e-06,,,,
3023,0.001,adam,3024,81.05245566368103,6.534063014347685e-06,0.0,0.9823886334731379,6.534063014347685e-06,,,,
3024,0.001,adam,3025,81.07888984680176,6.5336251440943164e-06,0.0,0.9258779999537374,6.5336251440943164e-06,,,,
3025,0.001,adam,3026,81.10045099258423,6.523230643278853e-06,0.0,0.9292208347376342,6.523230643278853e-06,,,,
3026,0.001,adam,3027,81.12174892425537,6.509176686385201e-06,0.0,0.9601093793928699,6.509176686385201e-06,,,,
3027,0.001,adam,3028,81.14371418952942,6.5003750562070765e-06,0.0,0.9742391669993562,6.5003750562070765e-06,,,,
3028,0.001,adam,3029,81.16674470901489,6.5008663310425454e-06,0.0,0.9935061710557779,6.5008663310425454e-06,,,,
3029,0.001,adam,3030,81.1894633769989,6.508437620031922e-06,0.0,0.9972717545507915,6.508437620031922e-06,,,,
3030,0.001,adam,3031,81.21327185630798,6.519125220318775e-06,0.0,0.9574735361426171,6.519125220318775e-06,,,,
3031,0.001,adam,3032,81.23542380332947,6.5317720389754926e-06,0.0,0.9804039868153049,6.5317720389754926e-06,,,,
3032,0.001,adam,3033,81.25778460502625,6.550400633367215e-06,0.0,1.0102356291116046,6.550400633367215e-06,,,,
3033,0.001,adam,3034,81.28114223480225,6.5826916234774414e-06,0.0,0.9543019234555725,6.5826916234774414e-06,,,,
3034,0.001,adam,3035,81.30354166030884,6.638589402065139e-06,0.0,1.060070205368675,6.638589402065139e-06,,,,
3035,0.001,adam,3036,81.32669019699097,6.728658730678012e-06,0.0,0.8743251341417055,6.728658730678012e-06,,,,
3036,0.001,adam,3037,81.34837865829468,6.867629537699757e-06,0.0,0.9360911483745513,6.867629537699757e-06,,,,
3037,0.001,adam,3038,81.37324357032776,7.077206059096265e-06,0.0,0.9158015581502706,7.077206059096265e-06,,,,
3038,0.001,adam,3039,81.39410758018494,7.397393968731578e-06,0.0,0.8471897519457949,7.397393968731578e-06,,,,
3039,0.001,adam,3040,81.41583847999573,7.887298956650237e-06,0.0,0.9778680820502987,7.887298956650237e-06,0.0055696462062344455,0.0,0.9322436405306956,0.0055696462062344455
3040,0.001,adam,3041,81.44863247871399,8.650044548643967e-06,0.0,1.007840693842767,8.650044548643967e-06,,,,
3041,0.001,adam,3042,81.4775960445404,9.82209488364875e-06,0.0,1.0295007712744702,9.82209488364875e-06,,,,
3042,0.001,adam,3043,81.49914216995239,1.1645619287073426e-05,0.0,0.9811746753264117,1.1645619287073426e-05,,,,
3043,0.001,adam,3044,81.52827835083008,1.4401639636993706e-05,0.0,0.9374906625247675,1.4401639636993706e-05,,,,
3044,0.001,adam,3045,81.55148506164551,1.860270317144912e-05,0.0,0.9434436972690797,1.860270317144912e-05,,,,
3045,0.001,adam,3046,81.57248282432556,2.4631604139766278e-05,0.0,0.9688613580776646,2.4631604139766278e-05,,,,
3046,0.001,adam,3047,81.60509252548218,3.3172538840675076e-05,0.0,1.0158988011149197,3.3172538840675076e-05,,,,
3047,0.001,adam,3048,81.65981674194336,4.371741113786659e-05,0.0,0.8976873381223267,4.371741113786659e-05,,,,
3048,0.001,adam,3049,81.69551706314087,5.557833083318955e-05,0.0,1.0322132186457225,5.557833083318955e-05,,,,
3049,0.001,adam,3050,81.75799250602722,6.440123277733188e-05,0.0,0.9714898135919594,6.440123277733188e-05,,,,
3050,0.001,adam,3051,81.78568601608276,6.656227752423451e-05,0.0,0.9271962485977967,6.656227752423451e-05,,,,
3051,0.001,adam,3052,81.82439684867859,5.799895220401272e-05,0.0,1.0245125297232398,5.799895220401272e-05,,,,
3052,0.001,adam,3053,81.86621046066284,4.2947329266538765e-05,0.0,0.8912835834990679,4.2947329266538765e-05,,,,
3053,0.001,adam,3054,81.89505863189697,3.073495443101083e-05,0.0,0.985627718971872,3.073495443101083e-05,,,,
3054,0.001,adam,3055,81.92597985267639,2.9816385668942597e-05,0.0,0.9797531397774677,2.9816385668942597e-05,,,,
3055,0.001,adam,3056,81.95770215988159,3.95516324218295e-05,0.0,0.9060439637536462,3.95516324218295e-05,,,,
3056,0.001,adam,3057,81.98307418823242,5.0469148547357365e-05,0.0,1.0052754599042384,5.0469148547357365e-05,,,,
3057,0.001,adam,3058,82.00765919685364,5.287663179495541e-05,0.0,0.9133352084674081,5.287663179495541e-05,,,,
3058,0.001,adam,3059,82.03254699707031,4.2772826381588433e-05,0.0,0.9994797073112969,4.2772826381588433e-05,,,,
3059,0.001,adam,3060,82.0659511089325,2.7988946189116763e-05,0.0,0.971563335766476,2.7988946189116763e-05,0.005567813735388764,0.0,0.9365270794865168,0.005567813735388764
3060,0.001,adam,3061,82.10129141807556,1.8363420996563542e-05,0.0,0.9855898718143598,1.8363420996563542e-05,,,,
3061,0.001,adam,3062,82.13631439208984,1.7166774800491003e-05,0.0,1.0561967342416037,1.7166774800491003e-05,,,,
3062,0.001,adam,3063,82.16909861564636,1.895032787591689e-05,0.0,0.96956855090034,1.895032787591689e-05,,,,
3063,0.001,adam,3064,82.19967246055603,1.7149364316688645e-05,0.0,0.9538931546835654,1.7149364316688645e-05,,,,
3064,0.001,adam,3065,82.22417116165161,1.2223440145761336e-05,0.0,1.0468772358809946,1.2223440145761336e-05,,,,
3065,0.001,adam,3066,82.2534568309784,9.69158349277653e-06,0.0,0.9721251126351692,9.69158349277653e-06,,,,
3066,0.001,adam,3067,82.31036424636841,1.2614436624320339e-05,0.0,0.9017451219744658,1.2614436624320339e-05,,,,
3067,0.001,adam,3068,82.34702706336975,1.743048152045152e-05,0.0,0.9929930981735836,1.743048152045152e-05,,,,
3068,0.001,adam,3069,82.38054728507996,1.8509371382982695e-05,0.0,0.8946012483060315,1.8509371382982695e-05,,,,
3069,0.001,adam,3070,82.42092776298523,1.4783950867860982e-05,0.0,0.9654754672614854,1.4783950867860982e-05,,,,
3070,0.001,adam,3071,82.44475269317627,1.0233052788607068e-05,0.0,2.021576458433276,1.0233052788607068e-05,,,,
3071,0.001,adam,3072,82.47963690757751,8.706390571942224e-06,0.0,0.9742580085772833,8.706390571942224e-06,,,,
3072,0.001,adam,3073,82.51380348205566,9.810100456188972e-06,0.0,1.087373033619253,9.810100456188972e-06,,,,
3073,0.001,adam,3074,82.54378342628479,1.0517428059312556e-05,0.0,0.9475574573758617,1.0517428059312556e-05,,,,
3074,0.001,adam,3075,82.57773089408875,9.426230025437352e-06,0.0,0.9009277474312473,9.426230025437352e-06,,,,
3075,0.001,adam,3076,82.60370135307312,8.011512740033254e-06,0.0,0.9045800293077602,8.011512740033254e-06,,,,
3076,0.001,adam,3077,82.63069677352905,8.175353152468122e-06,0.0,0.9453937833132084,8.175353152468122e-06,,,,
3077,0.001,adam,3078,82.6572916507721,9.63207183065447e-06,0.0,0.9844032462952661,9.63207183065447e-06,,,,
3078,0.001,adam,3079,82.69010400772095,1.0466293190676765e-05,0.0,0.9497859276935714,1.0466293190676765e-05,,,,
3079,0.001,adam,3080,82.72555088996887,9.596632613750592e-06,0.0,0.8937903704557784,9.596632613750592e-06,0.00553171295593435,0.0,0.9309379262533221,0.00553171295593435
3080,0.001,adam,3081,82.7704701423645,7.879622219327503e-06,0.0,0.9134716980084526,7.879622219327503e-06,,,,
3081,0.001,adam,3082,82.80241346359253,6.88429344848991e-06,0.0,1.0281259616934744,6.88429344848991e-06,,,,
3082,0.001,adam,3083,82.84682512283325,7.084775546425138e-06,0.0,0.9376925685680076,7.084775546425138e-06,,,,
3083,0.001,adam,3084,82.87542676925659,7.673179281525222e-06,0.0,0.9410291986074864,7.673179281525222e-06,,,,
3084,0.001,adam,3085,82.90877938270569,7.758861229472912e-06,0.0,1.055664888390233,7.758861229472912e-06,,,,
3085,0.001,adam,3086,82.9598217010498,7.310862926561512e-06,0.0,1.0403091725152138,7.310862926561512e-06,,,,
3086,0.001,adam,3087,83.00048780441284,6.928762165443354e-06,0.0,0.9921618183820378,6.928762165443354e-06,,,,
3087,0.001,adam,3088,83.0320200920105,6.985864563638665e-06,0.0,1.001033621141591,6.985864563638665e-06,,,,
3088,0.001,adam,3089,83.067054271698,7.270171613827403e-06,0.0,1.0114539921061598,7.270171613827403e-06,,,,
3089,0.001,adam,3090,83.09283471107483,7.352257441225914e-06,0.0,0.9077791803649269,7.352257441225914e-06,,,,
3090,0.001,adam,3091,83.12617301940918,7.10233426743286e-06,0.0,0.9846834872784743,7.10233426743286e-06,,,,
3091,0.001,adam,3092,83.16186499595642,6.761652865288541e-06,0.0,1.00606597450061,6.761652865288541e-06,,,,
3092,0.001,adam,3093,83.19174265861511,6.603511902778936e-06,0.0,0.9550073750522152,6.603511902778936e-06,,,,
3093,0.001,adam,3094,83.22042989730835,6.654900425013715e-06,0.0,1.06433828186668,6.654900425013715e-06,,,,
3094,0.001,adam,3095,83.25131559371948,6.731214524858684e-06,0.0,0.9614360080492563,6.731214524858684e-06,,,,
3095,0.001,adam,3096,83.27458238601685,6.671355520873083e-06,0.0,0.9310691795983571,6.671355520873083e-06,,,,
3096,0.001,adam,3097,83.29601311683655,6.491550128180544e-06,0.0,0.9537672422160094,6.491550128180544e-06,,,,
3097,0.001,adam,3098,83.31836724281311,6.321893908748466e-06,0.0,1.023848093086939,6.321893908748466e-06,,,,
3098,0.001,adam,3099,83.3412127494812,6.265945784251959e-06,0.0,0.9269713547299447,6.265945784251959e-06,,,,
3099,0.001,adam,3100,83.3627073764801,6.314157656775912e-06,0.0,1.0315408594712676,6.314157656775912e-06,0.005542544037687081,0.0,0.9317763639137855,0.005542544037687081
3100,0.001,adam,3101,83.39659810066223,6.379858789312365e-06,0.0,0.9349647252113724,6.379858789312365e-06,,,,
3101,0.001,adam,3102,83.43203902244568,6.388408425428006e-06,0.0,1.0752711301375304,6.388408425428006e-06,,,,
3102,0.001,adam,3103,83.46349692344666,6.332202493608018e-06,0.0,1.0054795244261114,6.332202493608018e-06,,,,
3103,0.001,adam,3104,83.49917387962341,6.2632202323745895e-06,0.0,1.0633315432508283,6.2632202323745895e-06,,,,
3104,0.001,adam,3105,83.52355313301086,6.235157945059508e-06,0.0,1.0633762079121962,6.235157945059508e-06,,,,
3105,0.001,adam,3106,83.54567170143127,6.258716172241175e-06,0.0,0.9821764906664459,6.258716172241175e-06,,,,
3106,0.001,adam,3107,83.5700421333313,6.298921221516739e-06,0.0,0.9705918771274529,6.298921221516739e-06,,,,
3107,0.001,adam,3108,83.6109926700592,6.3097001363564454e-06,0.0,0.9808494868855103,6.3097001363564454e-06,,,,
3108,0.001,adam,3109,83.66124367713928,6.274227073372892e-06,0.0,0.9583354888232968,6.274227073372892e-06,,,,
3109,0.001,adam,3110,83.69125175476074,6.214282703062143e-06,0.0,1.0043853680238861,6.214282703062143e-06,,,,
3110,0.001,adam,3111,83.72181367874146,6.1678831566994215e-06,0.0,0.908861773847212,6.1678831566994215e-06,,,,
3111,0.001,adam,3112,83.78027844429016,6.1545650403256974e-06,0.0,0.9492445740385506,6.1545650403256974e-06,,,,
3112,0.001,adam,3113,83.83436298370361,6.162291658177255e-06,0.0,0.9838771832480451,6.162291658177255e-06,,,,
3113,0.001,adam,3114,83.88006377220154,6.16410250339064e-06,0.0,0.904503864679522,6.16410250339064e-06,,,,
3114,0.001,adam,3115,83.91023349761963,6.144734320825641e-06,0.0,0.9947058282451747,6.144734320825641e-06,,,,
3115,0.001,adam,3116,83.95040678977966,6.113563883010602e-06,0.0,0.9219827322200306,6.113563883010602e-06,,,,
3116,0.001,adam,3117,83.98379731178284,6.092582732433335e-06,0.0,1.0814222042707045,6.092582732433335e-06,,,,
3117,0.001,adam,3118,84.01133823394775,6.09551236086256e-06,0.0,0.9531653029336251,6.09551236086256e-06,,,,
3118,0.001,adam,3119,84.03872036933899,6.117147123188052e-06,0.0,0.9031961251674376,6.117147123188052e-06,,,,
3119,0.001,adam,3120,84.06657409667969,6.140766666171295e-06,0.0,0.9226358268061269,6.140766666171295e-06,0.0055520377156698135,0.0,0.9328274469918413,0.0055520377156698135
3120,0.001,adam,3121,84.09949374198914,6.1554339637748395e-06,0.0,1.0300322250174632,6.1554339637748395e-06,,,,
3121,0.001,adam,3122,84.12703132629395,6.165079982368142e-06,0.0,0.932780308492446,6.165079982368142e-06,,,,
3122,0.001,adam,3123,84.1529426574707,6.1856770121751545e-06,0.0,0.9527160747238093,6.1856770121751545e-06,,,,
3123,0.001,adam,3124,84.18023824691772,6.232688115255782e-06,0.0,1.01167421228774,6.232688115255782e-06,,,,
3124,0.001,adam,3125,84.20592617988586,6.313865723928234e-06,0.0,0.9606091640208707,6.313865723928234e-06,,,,
3125,0.001,adam,3126,84.23170971870422,6.4312967710447e-06,0.0,0.9664860697629297,6.4312967710447e-06,,,,
3126,0.001,adam,3127,84.25524234771729,6.590294373526292e-06,0.0,0.9024173925165421,6.590294373526292e-06,,,,
3127,0.001,adam,3128,84.27668499946594,6.809318650192795e-06,0.0,1.016744812957715,6.809318650192795e-06,,,,
3128,0.001,adam,3129,84.29983329772949,7.1222923312718965e-06,0.0,0.8928005748719066,7.1222923312718965e-06,,,,
3129,0.001,adam,3130,84.32393670082092,7.581961129178551e-06,0.0,0.9337901916310152,7.581961129178551e-06,,,,
3130,0.001,adam,3131,84.35526323318481,8.259513580416061e-06,0.0,0.949890461482552,8.259513580416061e-06,,,,
3131,0.001,adam,3132,84.39261531829834,9.258409151370684e-06,0.0,0.9855311230200776,9.258409151370684e-06,,,,
3132,0.001,adam,3133,84.42607259750366,1.0728780429399006e-05,0.0,0.8764812964411555,1.0728780429399006e-05,,,,
3133,0.001,adam,3134,84.46260476112366,1.2898871368024225e-05,0.0,0.9731411396632709,1.2898871368024225e-05,,,,
3134,0.001,adam,3135,84.50578355789185,1.6102408846855015e-05,0.0,1.0521128791072833,1.6102408846855015e-05,,,,
3135,0.001,adam,3136,84.53954219818115,2.0821419132271295e-05,0.0,0.9512595071439616,2.0821419132271295e-05,,,,
3136,0.001,adam,3137,84.567697763443,2.7696926134962086e-05,0.0,2.1076445703962077,2.7696926134962086e-05,,,,
3137,0.001,adam,3138,84.60096478462219,3.7529758217626135e-05,0.0,0.9272277229266926,3.7529758217626135e-05,,,,
3138,0.001,adam,3139,84.63923192024231,5.1083300396320854e-05,0.0,1.0243598867074002,5.1083300396320854e-05,,,,
3139,0.001,adam,3140,84.68445062637329,6.870679793446052e-05,0.0,1.1089938108363475,6.870679793446052e-05,0.005699617181501169,0.0,0.9452081617545186,0.005699617181501169
3140,0.001,adam,3141,84.72928237915039,8.937172120076773e-05,0.0,0.9178545523133094,8.937172120076773e-05,,,,
3141,0.001,adam,3142,84.76154923439026,0.00010938335497931418,0.0,1.0355660496152188,0.00010938335497931418,,,,
3142,0.001,adam,3143,84.8136100769043,0.0001217521727510519,0.0,0.9767650538993345,0.0001217521727510519,,,,
3143,0.001,adam,3144,84.84488725662231,0.0001172901534013457,0.0,1.0065752104650247,0.0001172901534013457,,,,
3144,0.001,adam,3145,84.91074776649475,9.234323294573131e-05,0.0,0.9844922410075343,9.234323294573131e-05,,,,
3145,0.001,adam,3146,84.9401741027832,5.3803149775867455e-05,0.0,0.9601858515085621,5.3803149775867455e-05,,,,
3146,0.001,adam,3147,84.97118520736694,2.1317008496423765e-05,0.0,1.0000451286702117,2.1317008496423765e-05,,,,
3147,0.001,adam,3148,85.00967836380005,1.089513237667941e-05,0.0,0.9460147602940232,1.089513237667941e-05,,,,
3148,0.001,adam,3149,85.05146265029907,2.256166316815859e-05,0.0,1.0004868993324691,2.256166316815859e-05,,,,
3149,0.001,adam,3150,85.10075116157532,4.014410264475353e-05,0.0,0.9791584030399745,4.014410264475353e-05,,,,
3150,0.001,adam,3151,85.12935471534729,4.594679080620148e-05,0.0,0.9961920476532488,4.594679080620148e-05,,,,
3151,0.001,adam,3152,85.15413546562195,3.5086905365449266e-05,0.0,0.9756887919980691,3.5086905365449266e-05,,,,
3152,0.001,adam,3153,85.18057489395142,1.7943577928185733e-05,0.0,0.9397340892443206,1.7943577928185733e-05,,,,
3153,0.001,adam,3154,85.2071042060852,9.225102449646118e-06,0.0,0.9814044839298537,9.225102449646118e-06,,,,
3154,0.001,adam,3155,85.23983812332153,1.3684672898799723e-05,0.0,0.9309967479866467,1.3684672898799723e-05,,,,
3155,0.001,adam,3156,85.2740273475647,2.3197045307971125e-05,0.0,1.0078903122387333,2.3197045307971125e-05,,,,
3156,0.001,adam,3157,85.31209182739258,2.6365454440012848e-05,0.0,0.9007713254861173,2.6365454440012848e-05,,,,
3157,0.001,adam,3158,85.34920978546143,1.9896537711455332e-05,0.0,1.0571713752553014,1.9896537711455332e-05,,,,
3158,0.001,adam,3159,85.38571667671204,1.0637062784224007e-05,0.0,0.9686184510449237,1.0637062784224007e-05,,,,
3159,0.001,adam,3160,85.42728614807129,7.145617509085246e-06,0.0,0.9441453375878313,7.145617509085246e-06,0.005535191362556941,0.0,0.9314243688227223,0.005535191362556941
3160,0.001,adam,3161,85.462890625,1.0952045041600335e-05,0.0,0.9592723129420552,1.0952045041600335e-05,,,,
3161,0.001,adam,3162,85.49269223213196,1.6121634434538613e-05,0.0,0.9318400122525997,1.6121634434538613e-05,,,,
3162,0.001,adam,3163,85.52225279808044,1.6525571021250475e-05,0.0,0.9540619042148784,1.6525571021250475e-05,,,,
3163,0.001,adam,3164,85.55082583427429,1.2012437573535072e-05,0.0,0.9716664263839959,1.2012437573535072e-05,,,,
3164,0.001,adam,3165,85.57580947875977,7.4999303144471915e-06,0.0,0.9881480366998254,7.4999303144471915e-06,,,,
3165,0.001,adam,3166,85.60267281532288,7.049328478794915e-06,0.0,0.85684227932599,7.049328478794915e-06,,,,
3166,0.001,adam,3167,85.63183569908142,9.84630880153225e-06,0.0,0.9682514772782664,9.84630880153225e-06,,,,
3167,0.001,adam,3168,85.66423892974854,1.199714604088524e-05,0.0,0.952588484686412,1.199714604088524e-05,,,,
3168,0.001,adam,3169,85.69360733032227,1.1030763251186313e-05,0.0,0.9220192505708418,1.1030763251186313e-05,,,,
3169,0.001,adam,3170,85.72940707206726,8.136271338112614e-06,0.0,0.9144573175420871,8.136271338112614e-06,,,,
3170,0.001,adam,3171,85.76435232162476,6.243039846370625e-06,0.0,0.960509759317624,6.243039846370625e-06,,,,
3171,0.001,adam,3172,85.78970146179199,6.780126260739476e-06,0.0,0.9423344900153368,6.780126260739476e-06,,,,
3172,0.001,adam,3173,85.82567834854126,8.553554400795558e-06,0.0,0.9716659778761129,8.553554400795558e-06,,,,
3173,0.001,adam,3174,85.86246871948242,9.416951296313171e-06,0.0,1.0035677775925929,9.416951296313171e-06,,,,
3174,0.001,adam,3175,85.90051126480103,8.5339439124763e-06,0.0,0.9059286208631757,8.5339439124763e-06,,,,
3175,0.001,adam,3176,85.93036699295044,6.8943306510857025e-06,0.0,1.9964969011111204,6.8943306510857025e-06,,,,
3176,0.001,adam,3177,85.96168303489685,6.016365061209049e-06,0.0,1.0190860334694776,6.016365061209049e-06,,,,
3177,0.001,adam,3178,85.98789644241333,6.40485294068897e-06,0.0,0.9528130068166114,6.40485294068897e-06,,,,
3178,0.001,adam,3179,86.01474714279175,7.295388523893183e-06,0.0,0.9624893672659569,7.295388523893183e-06,,,,
3179,0.001,adam,3180,86.04198718070984,7.635960925533765e-06,0.0,1.0496382601535141,7.635960925533765e-06,0.005552254832570909,0.0,0.9360150663202805,0.005552254832570909
3180,0.001,adam,3181,86.0741515159607,7.110560261633539e-06,0.0,0.9964807333336505,7.110560261633539e-06,,,,
3181,0.001,adam,3182,86.09843564033508,6.276123975856573e-06,0.0,1.0209167197725642,6.276123975856573e-06,,,,
3182,0.001,adam,3183,86.12097144126892,5.87050126041654e-06,0.0,0.9907285118683411,5.87050126041654e-06,,,,
3183,0.001,adam,3184,86.14363265037537,6.111411271097972e-06,0.0,0.98236463843319,6.111411271097972e-06,,,,
3184,0.001,adam,3185,86.16551566123962,6.607886010369675e-06,0.0,1.0391974309873615,6.607886010369675e-06,,,,
3185,0.001,adam,3186,86.18997359275818,6.824435527156575e-06,0.0,0.9830130929344352,6.824435527156575e-06,,,,
3186,0.001,adam,3187,86.21883726119995,6.569231046173633e-06,0.0,1.0068830061799303,6.569231046173633e-06,,,,
3187,0.001,adam,3188,86.24749183654785,6.088760481174323e-06,0.0,1.0895053587744976,6.088760481174323e-06,,,,
3188,0.001,adam,3189,86.27928757667542,5.770940378945976e-06,0.0,0.9782476228476442,5.770940378945976e-06,,,,
3189,0.001,adam,3190,86.31049299240112,5.795208523941031e-06,0.0,2.0604341917931968,5.795208523941031e-06,,,,
3190,0.001,adam,3191,86.36399960517883,6.029881110260832e-06,0.0,1.0211902613811108,6.029881110260832e-06,,,,
3191,0.001,adam,3192,86.38681840896606,6.205461620102182e-06,0.0,0.9275728601474296,6.205461620102182e-06,,,,
3192,0.001,adam,3193,86.43342304229736,6.15953911951308e-06,0.0,0.9457355665424523,6.15953911951308e-06,,,,
3193,0.001,adam,3194,86.4659366607666,5.943974855875273e-06,0.0,1.015528826817374,5.943974855875273e-06,,,,
3194,0.001,adam,3195,86.49227714538574,5.737016859182098e-06,0.0,0.9534706464555007,5.737016859182098e-06,,,,
3195,0.001,adam,3196,86.51663279533386,5.676821617517768e-06,0.0,1.0046309285308705,5.676821617517768e-06,,,,
3196,0.001,adam,3197,86.54226160049438,5.763007560972051e-06,0.0,0.8477985120722911,5.763007560972051e-06,,,,
3197,0.001,adam,3198,86.56980919837952,5.885288280055703e-06,0.0,0.9532220730889354,5.885288280055703e-06,,,,
3198,0.001,adam,3199,86.60649633407593,5.929254061376226e-06,0.0,0.9198765670520952,5.929254061376226e-06,,,,
3199,0.001,adam,3200,86.64069938659668,5.8616147243433325e-06,0.0,0.9422639202577852,5.8616147243433325e-06,0.005551942650153491,0.0,0.9354900916395791,0.005551942650153491
3200,0.001,adam,3201,86.6848783493042,5.737033107684424e-06,0.0,0.8842886906041336,5.737033107684424e-06,,,,
3201,0.001,adam,3202,86.70672011375427,5.639741013345231e-06,0.0,1.0639221023164378,5.639741013345231e-06,,,,
3202,0.001,adam,3203,86.7299075126648,5.617922844506467e-06,0.0,0.9394148315994866,5.617922844506467e-06,,,,
3203,0.001,adam,3204,86.79234552383423,5.657994966863495e-06,0.0,0.8875274917842436,5.657994966863495e-06,,,,
3204,0.001,adam,3205,86.82130575180054,5.707349476454865e-06,0.0,1.0160313101870255,5.707349476454865e-06,,,,
3205,0.001,adam,3206,86.84826731681824,5.718602050231936e-06,0.0,0.9627603043684871,5.718602050231936e-06,,,,
3206,0.001,adam,3207,86.90684914588928,5.680067072544344e-06,0.0,0.872176677368817,5.680067072544344e-06,,,,
3207,0.001,adam,3208,86.94543623924255,5.615890148318752e-06,0.0,1.0697011350614358,5.615890148318752e-06,,,,
3208,0.001,adam,3209,86.9818799495697,5.562611540380756e-06,0.0,0.89436627978294,5.562611540380756e-06,,,,
3209,0.001,adam,3210,87.02480006217957,5.5430894300035485e-06,0.0,0.920532579990795,5.5430894300035485e-06,,,,
3210,0.001,adam,3211,87.07895803451538,5.554989703813928e-06,0.0,1.002755322466332,5.554989703813928e-06,,,,
3211,0.001,adam,3212,87.11639833450317,5.577512348024992e-06,0.0,0.9488209596961743,5.577512348024992e-06,,,,
3212,0.001,adam,3213,87.15265679359436,5.587971628289667e-06,0.0,0.9530704031642795,5.587971628289667e-06,,,,
3213,0.001,adam,3214,87.18302416801453,5.5757399504380805e-06,0.0,0.9814837706695965,5.5757399504380805e-06,,,,
3214,0.001,adam,3215,87.2114679813385,5.546053863738841e-06,0.0,0.9752161288965862,5.546053863738841e-06,,,,
3215,0.001,adam,3216,87.26912093162537,5.513502683790534e-06,0.0,0.9301008005357947,5.513502683790534e-06,,,,
3216,0.001,adam,3217,87.29905223846436,5.4916766473461264e-06,0.0,1.0024269648880026,5.4916766473461264e-06,,,,
3217,0.001,adam,3218,87.33786678314209,5.485545882370211e-06,0.0,0.8574590676654956,5.485545882370211e-06,,,,
3218,0.001,adam,3219,87.37923336029053,5.490558254778436e-06,0.0,0.8848562756181801,5.490558254778436e-06,,,,
3219,0.001,adam,3220,87.41176104545593,5.497211762263775e-06,0.0,0.9889833584098244,5.497211762263775e-06,0.0055601135257275815,0.0,0.9360367772121626,0.0055601135257275815
3220,0.001,adam,3221,87.48145055770874,5.497249514469247e-06,0.0,0.9858477397607188,5.497249514469247e-06,,,,
3221,0.001,adam,3222,87.51607298851013,5.487795133089213e-06,0.0,0.9663329689417118,5.487795133089213e-06,,,,
3222,0.001,adam,3223,87.55603456497192,5.4715894088943e-06,0.0,0.9800915668812715,5.4715894088943e-06,,,,
3223,0.001,adam,3224,87.58979320526123,5.454345285664165e-06,0.0,0.9516606580598218,5.454345285664165e-06,,,,
3224,0.001,adam,3225,87.63251090049744,5.441210579791029e-06,0.0,0.9320757542918703,5.441210579791029e-06,,,,
3225,0.001,adam,3226,87.67252945899963,5.434368694705373e-06,0.0,0.9313596095368964,5.434368694705373e-06,,,,
3226,0.001,adam,3227,87.70913863182068,5.432671476097769e-06,0.0,0.9536861563807569,5.432671476097769e-06,,,,
3227,0.001,adam,3228,87.73584008216858,5.433004390900344e-06,0.0,0.9831139419735291,5.433004390900344e-06,,,,
3228,0.001,adam,3229,87.76344084739685,5.432231753482848e-06,0.0,0.9864017277040716,5.432231753482848e-06,,,,
3229,0.001,adam,3230,87.790762424469,5.428725789227507e-06,0.0,0.9906673509876249,5.428725789227507e-06,,,,
3230,0.001,adam,3231,87.81764435768127,5.4228917501941596e-06,0.0,0.938557995249153,5.4228917501941596e-06,,,,
3231,0.001,adam,3232,87.84496903419495,5.416761494641358e-06,0.0,0.9656154812108759,5.416761494641358e-06,,,,
3232,0.001,adam,3233,87.87001299858093,5.413103257966237e-06,0.0,0.8844905891183817,5.413103257966237e-06,,,,
3233,0.001,adam,3234,87.89983654022217,5.414696121830732e-06,0.0,0.9305675379735423,5.414696121830732e-06,,,,
3234,0.001,adam,3235,87.92448711395264,5.424057568100637e-06,0.0,1.0581623835307394,5.424057568100637e-06,,,,
3235,0.001,adam,3236,87.95999932289124,5.443984747880049e-06,0.0,1.066492097631554,5.443984747880049e-06,,,,
3236,0.001,adam,3237,87.99382543563843,5.478705234276502e-06,0.0,1.047606064668066,5.478705234276502e-06,,,,
3237,0.001,adam,3238,88.01729536056519,5.535820671423753e-06,0.0,0.9658533727921237,5.535820671423753e-06,,,,
3238,0.001,adam,3239,88.03880620002747,5.6288347541064245e-06,0.0,1.0320327169353425,5.6288347541064245e-06,,,,
3239,0.001,adam,3240,88.06756901741028,5.781444816193677e-06,0.0,0.9396909342059467,5.781444816193677e-06,0.005564578777614538,0.0,0.9348411076656912,0.005564578777614538
3240,0.001,adam,3241,88.10331702232361,6.033308188958841e-06,0.0,1.0498379723185642,6.033308188958841e-06,,,,
3241,0.001,adam,3242,88.13058519363403,6.4524447202227754e-06,0.0,0.8665768071790755,6.4524447202227754e-06,,,,
3242,0.001,adam,3243,88.15403461456299,7.150297853453224e-06,0.0,0.9606389172803095,7.150297853453224e-06,,,,
3243,0.001,adam,3244,88.18221473693848,8.321295704268287e-06,0.0,0.9843524132224395,8.321295704268287e-06,,,,
3244,0.001,adam,3245,88.20972561836243,1.027709608403142e-05,0.0,1.02696681169276,1.027709608403142e-05,,,,
3245,0.001,adam,3246,88.24343538284302,1.3568930291224278e-05,0.0,1.07082122679167,1.3568930291224278e-05,,,,
3246,0.001,adam,3247,88.26425099372864,1.90173509488952e-05,0.0,1.0150629837465692,1.90173509488952e-05,,,,
3247,0.001,adam,3248,88.28745937347412,2.803655788703798e-05,0.0,0.935342229834476,2.803655788703798e-05,,,,
3248,0.001,adam,3249,88.31801247596741,4.224581865979335e-05,0.0,1.0043530002763703,4.224581865979335e-05,,,,
3249,0.001,adam,3250,88.35937929153442,6.393236725794733e-05,0.0,0.9982232047496149,6.393236725794733e-05,,,,
3250,0.001,adam,3251,88.38738369941711,9.257659443641044e-05,0.0,0.9328004922957991,9.257659443641044e-05,,,,
3251,0.001,adam,3252,88.42911696434021,0.00012476354796756549,0.0,0.9462394231987122,0.00012476354796756549,,,,
3252,0.001,adam,3253,88.46750950813293,0.00014400994718637912,0.0,0.9859574941414875,0.00014400994718637912,,,,
3253,0.001,adam,3254,88.50002264976501,0.000134371038199078,0.0,1.0800320041673241,0.000134371038199078,,,,
3254,0.001,adam,3255,88.54676389694214,8.900912383586447e-05,0.0,0.9320418188083917,8.900912383586447e-05,,,,
3255,0.001,adam,3256,88.59019064903259,3.878087648876995e-05,0.0,0.9440342744561804,3.878087648876995e-05,,,,
3256,0.001,adam,3257,88.61686992645264,2.08035408307197e-05,0.0,1.1075235682449573,2.08035408307197e-05,,,,
3257,0.001,adam,3258,88.64902758598328,3.640896699198303e-05,0.0,2.035195814297384,3.640896699198303e-05,,,,
3258,0.001,adam,3259,88.67848324775696,5.139790709305893e-05,0.0,0.9564938144998895,5.139790709305893e-05,,,,
3259,0.001,adam,3260,88.70538592338562,4.08860231544834e-05,0.0,1.0967446844395252,4.08860231544834e-05,0.00554257479932337,0.0,0.9445351560729981,0.00554257479932337
3260,0.001,adam,3261,88.75457262992859,2.1077665327381667e-05,0.0,1.0700897015373374,2.1077665327381667e-05,,,,
3261,0.001,adam,3262,88.79343104362488,1.9276028395915183e-05,0.0,1.010215936588785,1.9276028395915183e-05,,,,
3262,0.001,adam,3263,88.82639169692993,3.211921647887785e-05,0.0,0.9232963726001067,3.211921647887785e-05,,,,
3263,0.001,adam,3264,88.86067748069763,3.512485178178844e-05,0.0,0.9148881273010765,3.512485178178844e-05,,,,
3264,0.001,adam,3265,88.88925886154175,2.127227965993666e-05,0.0,0.9348458472732396,2.127227965993666e-05,,,,
3265,0.001,adam,3266,88.92717552185059,1.0084922041882456e-05,0.0,0.9198186108514047,1.0084922041882456e-05,,,,
3266,0.001,adam,3267,88.95861601829529,1.41054826225489e-05,0.0,0.8928987751227675,1.41054826225489e-05,,,,
3267,0.001,adam,3268,88.98443627357483,2.203972366237455e-05,0.0,0.9315997433678771,2.203972366237455e-05,,,,
3268,0.001,adam,3269,89.01103687286377,2.0613019096392084e-05,0.0,0.934394256859059,2.0613019096392084e-05,,,,
3269,0.001,adam,3270,89.05765318870544,1.3272275431097937e-05,0.0,0.9500724630806971,1.3272275431097937e-05,,,,
3270,0.001,adam,3271,89.08379411697388,1.062732332266386e-05,0.0,0.9413234742293038,1.062732332266386e-05,,,,
3271,0.001,adam,3272,89.11453151702881,1.3408835834606684e-05,0.0,1.01193682627344,1.3408835834606684e-05,,,,
3272,0.001,adam,3273,89.1566789150238,1.437362334894473e-05,0.0,0.9536762624734845,1.437362334894473e-05,,,,
3273,0.001,adam,3274,89.18655061721802,1.1451010826040113e-05,0.0,1.0514388570821718,1.1451010826040113e-05,,,,
3274,0.001,adam,3275,89.21469593048096,9.192769717809221e-06,0.0,0.8955928953748336,9.192769717809221e-06,,,,
3275,0.001,adam,3276,89.2430031299591,1.0149602282296865e-05,0.0,0.9237360314818737,1.0149602282296865e-05,,,,
3276,0.001,adam,3277,89.28579258918762,1.1451845965287933e-05,0.0,0.857942359058719,1.1451845965287933e-05,,,,
3277,0.001,adam,3278,89.31959533691406,1.0260590606356491e-05,0.0,0.976748355094552,1.0260590606356491e-05,,,,
3278,0.001,adam,3279,89.38196420669556,8.066684985442842e-06,0.0,0.8799597806431209,8.066684985442842e-06,,,,
3279,0.001,adam,3280,89.42867755889893,7.664475176279836e-06,0.0,1.0018236404267895,7.664475176279836e-06,0.005559035235538097,0.0,0.9373023310448516,0.005559035235538097
3280,0.001,adam,3281,89.49187755584717,8.728218970695692e-06,0.0,1.0089629141804548,8.728218970695692e-06,,,,
3281,0.001,adam,3282,89.51749730110168,8.899639772024861e-06,0.0,0.8504761687223631,8.899639772024861e-06,,,,
3282,0.001,adam,3283,89.55750179290771,7.74399622041213e-06,0.0,0.9013963035275886,7.74399622041213e-06,,,,
3283,0.001,adam,3284,89.587806224823,6.980541592563793e-06,0.0,1.0291295133410183,6.980541592563793e-06,,,,
3284,0.001,adam,3285,89.63347339630127,7.350486280719267e-06,0.0,1.0206776049686876,7.350486280719267e-06,,,,
3285,0.001,adam,3286,89.67756175994873,7.594241212875571e-06,0.0,0.9319504518087198,7.594241212875571e-06,,,,
3286,0.001,adam,3287,89.70569205284119,6.932682159451822e-06,0.0,2.0414312967552717,6.932682159451822e-06,,,,
3287,0.001,adam,3288,89.73882555961609,6.315002486359831e-06,0.0,0.9723438411746788,6.315002486359831e-06,,,,
3288,0.001,adam,3289,89.7743775844574,6.536931323418128e-06,0.0,0.9514494285264601,6.536931323418128e-06,,,,
3289,0.001,adam,3290,89.79974150657654,6.905580222329265e-06,0.0,0.9679527436050517,6.905580222329265e-06,,,,
3290,0.001,adam,3291,89.82462096214294,6.576249700340237e-06,0.0,1.0904497582079162,6.576249700340237e-06,,,,
3291,0.001,adam,3292,89.85190105438232,5.974038104117464e-06,0.0,0.9328011780598618,5.974038104117464e-06,,,,
3292,0.001,adam,3293,89.87801909446716,5.9222861260985784e-06,0.0,0.9839056019674199,5.9222861260985784e-06,,,,
3293,0.001,adam,3294,89.90729570388794,6.25182663211478e-06,0.0,0.9299810254101353,6.25182663211478e-06,,,,
3294,0.001,adam,3295,89.9334831237793,6.229894337621725e-06,0.0,0.8807926016541924,6.229894337621725e-06,,,,
3295,0.001,adam,3296,89.96023774147034,5.8002673877278585e-06,0.0,1.0251979498537618,5.8002673877278585e-06,,,,
3296,0.001,adam,3297,89.98799753189087,5.566298247072608e-06,0.0,1.0404345279419174,5.566298247072608e-06,,,,
3297,0.001,adam,3298,90.01500868797302,5.741841722569932e-06,0.0,0.916756870426737,5.741841722569932e-06,,,,
3298,0.001,adam,3299,90.04291152954102,5.889376480815364e-06,0.0,0.9894891859385773,5.889376480815364e-06,,,,
3299,0.001,adam,3300,90.06497597694397,5.701357392872439e-06,0.0,1.0314453193486863,5.701357392872439e-06,0.005566074376820555,0.0,0.9380672173444409,0.005566074376820555
3300,0.001,adam,3301,90.09726357460022,5.445303317303572e-06,0.0,0.8518399498081484,5.445303317303572e-06,,,,
3301,0.001,adam,3302,90.11898589134216,5.464277889882019e-06,0.0,0.9200454407027797,5.464277889882019e-06,,,,
3302,0.001,adam,3303,90.1418981552124,5.635980870733811e-06,0.0,0.9647223339796197,5.635980870733811e-06,,,,
3303,0.001,adam,3304,90.18101596832275,5.61817342404431e-06,0.0,0.9272836942213274,5.61817342404431e-06,,,,
3304,0.001,adam,3305,90.2074203491211,5.387714419422853e-06,0.0,0.960441726688148,5.387714419422853e-06,,,,
3305,0.001,adam,3306,90.2336483001709,5.236285825025195e-06,0.0,0.9772649477558382,5.236285825025195e-06,,,,
3306,0.001,adam,3307,90.2552878856659,5.308642572117054e-06,0.0,1.0220050650964818,5.308642572117054e-06,,,,
3307,0.001,adam,3308,90.29810953140259,5.424255960408236e-06,0.0,0.9273769300754505,5.424255960408236e-06,,,,
3308,0.001,adam,3309,90.33364939689636,5.388657736476606e-06,0.0,0.8450461228678048,5.388657736476606e-06,,,,
3309,0.001,adam,3310,90.37251114845276,5.261616818529503e-06,0.0,0.9542612217116362,5.261616818529503e-06,,,,
3310,0.001,adam,3311,90.39532709121704,5.214121395326908e-06,0.0,0.9247353874822011,5.214121395326908e-06,,,,
3311,0.001,adam,3312,90.41754794120789,5.266143569486558e-06,0.0,0.9528325774680886,5.266143569486558e-06,,,,
3312,0.001,adam,3313,90.44636607170105,5.293625006020292e-06,0.0,0.9671818104001424,5.293625006020292e-06,,,,
3313,0.001,adam,3314,90.47176218032837,5.230173239205053e-06,0.0,1.0288300241607953,5.230173239205053e-06,,,,
3314,0.001,adam,3315,90.50228428840637,5.145511344159921e-06,0.0,0.9898492422295568,5.145511344159921e-06,,,,
3315,0.001,adam,3316,90.53348231315613,5.125744250449413e-06,0.0,0.9964045654029261,5.125744250449413e-06,,,,
3316,0.001,adam,3317,90.56604433059692,5.163209015938403e-06,0.0,1.0440090126828623,5.163209015938403e-06,,,,
3317,0.001,adam,3318,90.60605597496033,5.188641685560468e-06,0.0,1.0462778927888543,5.188641685560468e-06,,,,
3318,0.001,adam,3319,90.63318634033203,5.165055514071605e-06,0.0,1.000608556543527,5.165055514071605e-06,,,,
3319,0.001,adam,3320,90.66392087936401,5.1186499433237885e-06,0.0,1.0791319510068706,5.1186499433237885e-06,0.0055721626034948525,0.0,0.9390393183287026,0.0055721626034948525
3320,0.001,adam,3321,90.70823454856873,5.0928447483176355e-06,0.0,1.011247736723678,5.0928447483176355e-06,,,,
3321,0.001,adam,3322,90.73362684249878,5.097379567333485e-06,0.0,1.0070941022604345,5.097379567333485e-06,,,,
3322,0.001,adam,3323,90.76036548614502,5.105144542015201e-06,0.0,0.9250082684559635,5.105144542015201e-06,,,,
3323,0.001,adam,3324,90.78629350662231,5.090017463478884e-06,0.0,0.8705833651140867,5.090017463478884e-06,,,,
3324,0.001,adam,3325,90.81321144104004,5.057904856860794e-06,0.0,0.9771598057372077,5.057904856860794e-06,,,,
3325,0.001,adam,3326,90.84131503105164,5.036619501269067e-06,0.0,0.8794849483514977,5.036619501269067e-06,,,,
3326,0.001,adam,3327,90.87215876579285,5.040199282662005e-06,0.0,0.9438462989051475,5.040199282662005e-06,,,,
3327,0.001,adam,3328,90.91746520996094,5.052573131729566e-06,0.0,0.9918594761765451,5.052573131729566e-06,,,,
3328,0.001,adam,3329,90.9395546913147,5.049423060923346e-06,0.0,0.9423062268360145,5.049423060923346e-06,,,,
3329,0.001,adam,3330,90.96021890640259,5.027925245766864e-06,0.0,1.019435317812979,5.027925245766864e-06,,,,
3330,0.001,adam,3331,90.98978877067566,5.007067149124749e-06,0.0,0.9863144179758561,5.007067149124749e-06,,,,
3331,0.001,adam,3332,91.02808403968811,5.001884862061798e-06,0.0,0.9694034549157312,5.001884862061798e-06,,,,
3332,0.001,adam,3333,91.05345606803894,5.006479695222663e-06,0.0,0.9780201387677849,5.006479695222663e-06,,,,
3333,0.001,adam,3334,91.08267211914062,5.004649520209202e-06,0.0,1.0209760095696676,5.004649520209202e-06,,,,
3334,0.001,adam,3335,91.13425612449646,4.990787698712034e-06,0.0,0.8419097456931792,4.990787698712034e-06,,,,
3335,0.001,adam,3336,91.16482090950012,4.974704570008304e-06,0.0,0.9353340927225554,4.974704570008304e-06,,,,
3336,0.001,adam,3337,91.20135951042175,4.967510733177328e-06,0.0,0.9313365069097156,4.967510733177328e-06,,,,
3337,0.001,adam,3338,91.25032234191895,4.968418852634377e-06,0.0,0.917333228829517,4.968418852634377e-06,,,,
3338,0.001,adam,3339,91.27694368362427,4.967809851006056e-06,0.0,0.9626128982544527,4.967809851006056e-06,,,,
3339,0.001,adam,3340,91.30779075622559,4.959935966291818e-06,0.0,0.9932262382515427,4.959935966291818e-06,0.005575617460640267,0.0,0.9394438538904473,0.005575617460640267
3340,0.001,adam,3341,91.35138130187988,4.9486741118647964e-06,0.0,0.9339517524423424,4.9486741118647964e-06,,,,
3341,0.001,adam,3342,91.37802362442017,4.94122725502675e-06,0.0,0.9492892907397191,4.94122725502675e-06,,,,
3342,0.001,adam,3343,91.4048593044281,4.9395616401157046e-06,0.0,1.0155943981452018,4.9395616401157046e-06,,,,
3343,0.001,adam,3344,91.4323136806488,4.939800029464162e-06,0.0,0.9090980773981844,4.939800029464162e-06,,,,
3344,0.001,adam,3345,91.45727109909058,4.938258191152005e-06,0.0,0.9116567533859354,4.938258191152005e-06,,,,
3345,0.001,adam,3346,91.48358154296875,4.935680388994742e-06,0.0,1.0022351685382862,4.935680388994742e-06,,,,
3346,0.001,adam,3347,91.50621724128723,4.935815248545653e-06,0.0,0.9671363082189813,4.935815248545653e-06,,,,
3347,0.001,adam,3348,91.53349900245667,4.9416689609132e-06,0.0,0.9366976630331108,4.9416689609132e-06,,,,
3348,0.001,adam,3349,91.55635666847229,4.9544142957370426e-06,0.0,0.962139605569669,4.9544142957370426e-06,,,,
3349,0.001,adam,3350,91.5780737400055,4.975097494790494e-06,0.0,0.9392030120445902,4.975097494790494e-06,,,,
3350,0.001,adam,3351,91.60106873512268,5.00721137318949e-06,0.0,1.1326935718333615,5.00721137318949e-06,,,,
3351,0.001,adam,3352,91.62321305274963,5.0581261668502595e-06,0.0,0.9741655344279376,5.0581261668502595e-06,,,,
3352,0.001,adam,3353,91.64543294906616,5.140305463448533e-06,0.0,0.874734794284602,5.140305463448533e-06,,,,
3353,0.001,adam,3354,91.66662240028381,5.272183993918929e-06,0.0,0.9228738731123226,5.272183993918929e-06,,,,
3354,0.001,adam,3355,91.68790745735168,5.483314790930481e-06,0.0,0.8475713916494264,5.483314790930481e-06,,,,
3355,0.001,adam,3356,91.71159648895264,5.818334774792501e-06,0.0,0.9352837337042545,5.818334774792501e-06,,,,
3356,0.001,adam,3357,91.73417782783508,6.356029988242514e-06,0.0,1.0029347521302099,6.356029988242514e-06,,,,
3357,0.001,adam,3358,91.76139092445374,7.216071674008987e-06,0.0,0.8613096118604154,7.216071674008987e-06,,,,
3358,0.001,adam,3359,91.7812716960907,8.613731343413908e-06,0.0,0.8930173350097579,8.613731343413908e-06,,,,
3359,0.001,adam,3360,91.80017876625061,1.0859592246656802e-05,0.0,0.9921492821203575,1.0859592246656802e-05,0.005601603569303485,0.0,0.9425332832148433,0.005601603569303485
3360,0.001,adam,3361,91.8252522945404,1.452067814447135e-05,0.0,0.7636353994946055,1.452067814447135e-05,,,,
3361,0.001,adam,3362,91.84566712379456,2.032851676994647e-05,0.0,0.9502214545616763,2.032851676994647e-05,,,,
3362,0.001,adam,3363,91.87105989456177,2.962748292008091e-05,0.0,0.9711267008556664,2.962748292008091e-05,,,,
3363,0.001,adam,3364,91.91313004493713,4.357900509599706e-05,0.0,0.9872056007176516,4.357900509599706e-05,,,,
3364,0.001,adam,3365,91.95055556297302,6.422755906317765e-05,0.0,0.88198995070544,6.422755906317765e-05,,,,
3365,0.001,adam,3366,91.98182940483093,9.01439392808397e-05,0.0,0.9545853549616659,9.01439392808397e-05,,,,
3366,0.001,adam,3367,92.0305449962616,0.00011941800039936227,0.0,1.078238667186598,0.00011941800039936227,,,,
3367,0.001,adam,3368,92.05497169494629,0.0001374514447941058,0.0,0.9936232512954659,0.0001374514447941058,,,,
3368,0.001,adam,3369,92.07980275154114,0.00013459708957677235,0.0,1.0033698672792255,0.00013459708957677235,,,,
3369,0.001,adam,3370,92.10901975631714,9.945191779219624e-05,0.0,0.8610439498830562,9.945191779219624e-05,,,,
3370,0.001,adam,3371,92.13641619682312,5.332710932479952e-05,0.0,0.9862951739800205,5.332710932479952e-05,,,,
3371,0.001,adam,3372,92.16365814208984,2.5609135099079285e-05,0.0,0.9235514252271007,2.5609135099079285e-05,,,,
3372,0.001,adam,3373,92.1977813243866,3.1156773163087045e-05,0.0,1.0197036167326268,3.1156773163087045e-05,,,,
3373,0.001,adam,3374,92.24972748756409,4.97900766727663e-05,0.0,0.9925985875230264,4.97900766727663e-05,,,,
3374,0.001,adam,3375,92.27591562271118,5.055862083898593e-05,0.0,0.9984728799358125,5.055862083898593e-05,,,,
3375,0.001,adam,3376,92.30265784263611,3.069235619669372e-05,0.0,0.9811195639215928,3.069235619669372e-05,,,,
3376,0.001,adam,3377,92.32948756217957,1.4865336424355255e-05,0.0,0.9421471444307615,1.4865336424355255e-05,,,,
3377,0.001,adam,3378,92.35712480545044,2.028488026440134e-05,0.0,0.9704149137039313,2.028488026440134e-05,,,,
3378,0.001,adam,3379,92.38341689109802,3.2908774553098984e-05,0.0,1.0218367171641376,3.2908774553098984e-05,,,,
3379,0.001,adam,3380,92.41418623924255,3.0361392699034192e-05,0.0,0.9460683282519264,3.0361392699034192e-05,0.005599157291250865,0.0,0.9396881240412669,0.005599157291250865
3380,0.001,adam,3381,92.44803857803345,1.5214365729056503e-05,0.0,0.9559589207876105,1.5214365729056503e-05,,,,
3381,0.001,adam,3382,92.47407579421997,8.144304382835321e-06,0.0,0.9096101368966775,8.144304382835321e-06,,,,
3382,0.001,adam,3383,92.50518274307251,1.5714782720259137e-05,0.0,0.9914366258682484,1.5714782720259137e-05,,,,
3383,0.001,adam,3384,92.53043460845947,2.2948534214868296e-05,0.0,0.9217626686907717,2.2948534214868296e-05,,,,
3384,0.001,adam,3385,92.55625534057617,1.8274083406688672e-05,0.0,0.8983212837375408,1.8274083406688672e-05,,,,
3385,0.001,adam,3386,92.58217763900757,9.619096232305301e-06,0.0,0.8794197508259873,9.619096232305301e-06,,,,
3386,0.001,adam,3387,92.6085090637207,8.475102821145308e-06,0.0,1.056699364039195,8.475102821145308e-06,,,,
3387,0.001,adam,3388,92.63632249832153,1.2848907083380194e-05,0.0,2.063937601388453,1.2848907083380194e-05,,,,
3388,0.001,adam,3389,92.65736174583435,1.379418413907533e-05,0.0,0.9790965770455393,1.379418413907533e-05,,,,
3389,0.001,adam,3390,92.6791672706604,1.0233288427114149e-05,0.0,0.9866767081612366,1.0233288427114149e-05,,,,
3390,0.001,adam,3391,92.70228910446167,8.264098630607422e-06,0.0,0.9181419602833285,8.264098630607422e-06,,,,
3391,0.001,adam,3392,92.7238461971283,9.618193708977698e-06,0.0,0.8950592773455908,9.618193708977698e-06,,,,
3392,0.001,adam,3393,92.74680995941162,1.0370944901010193e-05,0.0,1.0824209362230737,1.0370944901010193e-05,,,,
3393,0.001,adam,3394,92.76792120933533,8.63670498746776e-06,0.0,1.0118596804359137,8.63670498746776e-06,,,,
3394,0.001,adam,3395,92.78992915153503,6.89719798109256e-06,0.0,1.0434072854016296,6.89719798109256e-06,,,,
3395,0.001,adam,3396,92.81158638000488,7.193671729047169e-06,0.0,0.9195987709237544,7.193671729047169e-06,,,,
3396,0.001,adam,3397,92.8330545425415,8.253533415950093e-06,0.0,0.9429145861622681,8.253533415950093e-06,,,,
3397,0.001,adam,3398,92.85455513000488,8.209484357777345e-06,0.0,1.0433373755068005,8.209484357777345e-06,,,,
3398,0.001,adam,3399,92.87570190429688,7.162439582798067e-06,0.0,1.022899337946018,7.162439582798067e-06,,,,
3399,0.001,adam,3400,92.89814257621765,6.304523448883085e-06,0.0,0.9417725247219337,6.304523448883085e-06,0.0055899560699202875,0.0,0.943890162312115,0.0055899560699202875
3400,0.001,adam,3401,92.92799496650696,6.219869074976101e-06,0.0,1.0240825911578244,6.219869074976101e-06,,,,
3401,0.001,adam,3402,92.94952607154846,6.529341432757638e-06,0.0,0.9984766019998774,6.529341432757638e-06,,,,
3402,0.001,adam,3403,92.96994423866272,6.601753379174714e-06,0.0,0.9233094818840091,6.601753379174714e-06,,,,
3403,0.001,adam,3404,92.99036622047424,6.256837660410487e-06,0.0,0.8873358452405118,6.256837660410487e-06,,,,
3404,0.001,adam,3405,93.01129603385925,5.879618596813994e-06,0.0,0.9577378348999975,5.879618596813994e-06,,,,
3405,0.001,adam,3406,93.03415632247925,5.847817977342849e-06,0.0,0.9857005095885085,5.847817977342849e-06,,,,
3406,0.001,adam,3407,93.05677032470703,5.962646772358043e-06,0.0,0.9205382934081735,5.962646772358043e-06,,,,
3407,0.001,adam,3408,93.0773868560791,5.771308317501597e-06,0.0,0.9817546341435694,5.771308317501597e-06,,,,
3408,0.001,adam,3409,93.10027980804443,5.357829821270331e-06,0.0,0.8920493746927356,5.357829821270331e-06,,,,
3409,0.001,adam,3410,93.14324641227722,5.251880594349659e-06,0.0,0.8997828158544522,5.251880594349659e-06,,,,
3410,0.001,adam,3411,93.17299103736877,5.540838090256051e-06,0.0,1.0088858263175629,5.540838090256051e-06,,,,
3411,0.001,adam,3412,93.19812059402466,5.687905727621318e-06,0.0,1.0082444098261791,5.687905727621318e-06,,,,
3412,0.001,adam,3413,93.24853873252869,5.380430713624785e-06,0.0,1.0256586319272354,5.380430713624785e-06,,,,
3413,0.001,adam,3414,93.2804639339447,5.011535527392301e-06,0.0,0.8726144950035897,5.011535527392301e-06,,,,
3414,0.001,adam,3415,93.30650591850281,5.023559670656712e-06,0.0,1.0339465939867585,5.023559670656712e-06,,,,
3415,0.001,adam,3416,93.3310022354126,5.243547135369162e-06,0.0,0.9933016267005501,5.243547135369162e-06,,,,
3416,0.001,adam,3417,93.35643100738525,5.2352330246981125e-06,0.0,0.9884590774947076,5.2352330246981125e-06,,,,
3417,0.001,adam,3418,93.38236951828003,4.997765716933173e-06,0.0,0.99488225974305,4.997765716933173e-06,,,,
3418,0.001,adam,3419,93.40899515151978,4.890396689273974e-06,0.0,1.0409252168772831,4.890396689273974e-06,,,,
3419,0.001,adam,3420,93.44171524047852,5.015717120277621e-06,0.0,0.9185705860840876,5.015717120277621e-06,0.005598867352793495,0.0,0.944043881512654,0.005598867352793495
3420,0.001,adam,3421,93.48814535140991,5.09577542154431e-06,0.0,0.9559580172094474,5.09577542154431e-06,,,,
3421,0.001,adam,3422,93.51019382476807,4.954607297071213e-06,0.0,0.9984891933388089,4.954607297071213e-06,,,,
3422,0.001,adam,3423,93.5328676700592,4.7777782869205635e-06,0.0,0.9511818445272837,4.7777782869205635e-06,,,,
3423,0.001,adam,3424,93.55518007278442,4.7844373553130816e-06,0.0,1.0567373469838892,4.7844373553130816e-06,,,,
3424,0.001,adam,3425,93.57926964759827,4.900132023502396e-06,0.0,1.0305537991836469,4.900132023502396e-06,,,,
3425,0.001,adam,3426,93.60273623466492,4.914447353503099e-06,0.0,0.978393950616369,4.914447353503099e-06,,,,
3426,0.001,adam,3427,93.62639093399048,4.805525627825111e-06,0.0,1.0109552205476906,4.805525627825111e-06,,,,
3427,0.001,adam,3428,93.64859867095947,4.730626883741168e-06,0.0,0.9138609708029419,4.730626883741168e-06,,,,
3428,0.001,adam,3429,93.67425918579102,4.761988713303455e-06,0.0,1.0284638817382088,4.761988713303455e-06,,,,
3429,0.001,adam,3430,93.70149540901184,4.803567038925446e-06,0.0,0.8746544481668627,4.803567038925446e-06,,,,
3430,0.001,adam,3431,93.72503685951233,4.767085553464136e-06,0.0,0.984630734735428,4.767085553464136e-06,,,,
3431,0.001,adam,3432,93.74744939804077,4.696991964598929e-06,0.0,0.9510993599512005,4.696991964598929e-06,,,,
3432,0.001,adam,3433,93.77361726760864,4.678087809617807e-06,0.0,1.0401970403579324,4.678087809617807e-06,,,,
3433,0.001,adam,3434,93.80445289611816,4.70755172280823e-06,0.0,0.9298569180796145,4.70755172280823e-06,,,,
3434,0.001,adam,3435,93.8318145275116,4.719485822200703e-06,0.0,1.0010046565899018,4.719485822200703e-06,,,,
3435,0.001,adam,3436,93.86727547645569,4.688936944856543e-06,0.0,0.9477870192479237,4.688936944856543e-06,,,,
3436,0.001,adam,3437,93.8972852230072,4.653228107218917e-06,0.0,1.000066382808256,4.653228107218917e-06,,,,
3437,0.001,adam,3438,93.93245887756348,4.644754661472944e-06,0.0,1.0049335473910623,4.644754661472944e-06,,,,
3438,0.001,adam,3439,93.96249985694885,4.651511816263826e-06,0.0,1.089084819911243,4.651511816263826e-06,,,,
3439,0.001,adam,3440,93.9955666065216,4.647759511319948e-06,0.0,0.9170291053057043,4.647759511319948e-06,0.005604648539688609,0.0,0.9449878569965567,0.005604648539688609
3440,0.001,adam,3441,94.04823279380798,4.631025631244385e-06,0.0,1.0970252137578367,4.631025631244385e-06,,,,
3441,0.001,adam,3442,94.07920789718628,4.615904604023064e-06,0.0,1.0706806108247715,4.615904604023064e-06,,,,
3442,0.001,adam,3443,94.10540270805359,4.6092371987318165e-06,0.0,0.9815758265103371,4.6092371987318165e-06,,,,
3443,0.001,adam,3444,94.14121508598328,4.605578464823425e-06,0.0,0.8855920973569409,4.605578464823425e-06,,,,
3444,0.001,adam,3445,94.16768145561218,4.5996797463076925e-06,0.0,0.9737474543165892,4.5996797463076925e-06,,,,
3445,0.001,adam,3446,94.1969301700592,4.591827075176392e-06,0.0,0.9719610597545593,4.591827075176392e-06,,,,
3446,0.001,adam,3447,94.22479605674744,4.5832020243188835e-06,0.0,1.0052828733443604,4.5832020243188835e-06,,,,
3447,0.001,adam,3448,94.25114703178406,4.573897935285667e-06,0.0,0.9498962707371053,4.573897935285667e-06,,,,
3448,0.001,adam,3449,94.28404593467712,4.565673350492233e-06,0.0,1.9600144787684113,4.565673350492233e-06,,,,
3449,0.001,adam,3450,94.31050252914429,4.561230718933786e-06,0.0,1.0454477705505267,4.561230718933786e-06,,,,
3450,0.001,adam,3451,94.36280703544617,4.559325629122256e-06,0.0,1.0184427282262896,4.559325629122256e-06,,,,
3451,0.001,adam,3452,94.39367723464966,4.55476079258507e-06,0.0,0.9226965296020019,4.55476079258507e-06,,,,
3452,0.001,adam,3453,94.42737102508545,4.545230164718324e-06,0.0,0.996965002443606,4.545230164718324e-06,,,,
3453,0.001,adam,3454,94.48272156715393,4.535018806252267e-06,0.0,1.003394365331225,4.535018806252267e-06,,,,
3454,0.001,adam,3455,94.51223683357239,4.5294977367938535e-06,0.0,0.9772557369603678,4.5294977367938535e-06,,,,
3455,0.001,adam,3456,94.54968047142029,4.527853630397669e-06,0.0,0.9547804684363843,4.527853630397669e-06,,,,
3456,0.001,adam,3457,94.57577013969421,4.524379740304741e-06,0.0,0.9494203116774866,4.524379740304741e-06,,,,
3457,0.001,adam,3458,94.60131430625916,4.516330990438126e-06,0.0,0.9270060973605411,4.516330990438126e-06,,,,
3458,0.001,adam,3459,94.62507367134094,4.507380292735457e-06,0.0,1.058228636720751,4.507380292735457e-06,,,,
3459,0.001,adam,3460,94.65882635116577,4.5024444040437594e-06,0.0,0.967287374170479,4.5024444040437594e-06,0.005606976328580479,0.0,0.9452387848889291,0.005606976328580479
3460,0.001,adam,3461,94.71226406097412,4.501465308791669e-06,0.0,0.8830936843957694,4.501465308791669e-06,,,,
3461,0.001,adam,3462,94.74132800102234,4.500256266337511e-06,0.0,1.0423273711918462,4.500256266337511e-06,,,,
3462,0.001,adam,3463,94.78177785873413,4.496281713496753e-06,0.0,0.9844155854199208,4.496281713496753e-06,,,,
3463,0.001,adam,3464,94.81877326965332,4.491530339463099e-06,0.0,0.939767681127103,4.491530339463099e-06,,,,
3464,0.001,adam,3465,94.87454533576965,4.489593594801802e-06,0.0,0.9494284428471996,4.489593594801802e-06,,,,
3465,0.001,adam,3466,94.89925599098206,4.4917536036003315e-06,0.0,1.056747293568394,4.4917536036003315e-06,,,,
3466,0.001,adam,3467,94.92640972137451,4.496926274059716e-06,0.0,0.9462904608903717,4.496926274059716e-06,,,,
3467,0.001,adam,3468,94.97039270401001,4.504863722099067e-06,0.0,0.9934704967322665,4.504863722099067e-06,,,,
3468,0.001,adam,3469,94.99495005607605,4.518193986123598e-06,0.0,0.9244627489277958,4.518193986123598e-06,,,,
3469,0.001,adam,3470,95.0228271484375,4.542089379074134e-06,0.0,0.9666453878903842,4.542089379074134e-06,,,,
3470,0.001,adam,3471,95.06402969360352,4.5827222940155345e-06,0.0,0.9463835748013238,4.5827222940155345e-06,,,,
3471,0.001,adam,3472,95.11263227462769,4.648766365621813e-06,0.0,0.8973834151175861,4.648766365621813e-06,,,,
3472,0.001,adam,3473,95.13821172714233,4.7532396351074304e-06,0.0,0.9962800868255254,4.7532396351074304e-06,,,,
3473,0.001,adam,3474,95.17410373687744,4.920110418506077e-06,0.0,0.9283725487478758,4.920110418506077e-06,,,,
3474,0.001,adam,3475,95.21412062644958,5.185347478700038e-06,0.0,0.9196813684235966,5.185347478700038e-06,,,,
3475,0.001,adam,3476,95.24079155921936,5.613370924208306e-06,0.0,0.8815229782146264,5.613370924208306e-06,,,,
3476,0.001,adam,3477,95.27102971076965,6.295806657132738e-06,0.0,0.9448436255147327,6.295806657132738e-06,,,,
3477,0.001,adam,3478,95.3077700138092,7.40446151660488e-06,0.0,0.9845612134079011,7.40446151660488e-06,,,,
3478,0.001,adam,3479,95.33191871643066,9.165587700282661e-06,0.0,0.9549034529465945,9.165587700282661e-06,,,,
3479,0.001,adam,3480,95.35525345802307,1.2024280021127155e-05,0.0,0.8808376011307096,1.2024280021127155e-05,0.005617459511483416,0.0,0.9493658988106319,0.005617459511483416
3480,0.001,adam,3481,95.38686656951904,1.6449093719573224e-05,0.0,0.9614299001301919,1.6449093719573224e-05,,,,
3481,0.001,adam,3482,95.40993595123291,2.341690571350135e-05,0.0,0.9997931072658961,2.341690571350135e-05,,,,
3482,0.001,adam,3483,95.44452595710754,3.32948068553036e-05,0.0,0.9940780811385285,3.32948068553036e-05,,,,
3483,0.001,adam,3484,95.48450064659119,4.712886107141762e-05,0.0,1.0119943635786572,4.712886107141762e-05,,,,
3484,0.001,adam,3485,95.5233826637268,6.2001847760917e-05,0.0,1.0342332316429084,6.2001847760917e-05,,,,
3485,0.001,adam,3486,95.54988169670105,7.539162228543071e-05,0.0,0.9882628927158128,7.539162228543071e-05,,,,
3486,0.001,adam,3487,95.59867453575134,7.634014850821052e-05,0.0,0.9576009824896083,7.634014850821052e-05,,,,
3487,0.001,adam,3488,95.62386965751648,6.294513878034117e-05,0.0,0.9432349540141619,6.294513878034117e-05,,,,
3488,0.001,adam,3489,95.65881133079529,3.761554872773693e-05,0.0,1.1773275881585938,3.761554872773693e-05,,,,
3489,0.001,adam,3490,95.68938446044922,1.7960317623388397e-05,0.0,0.984414109513532,1.7960317623388397e-05,,,,
3490,0.001,adam,3491,95.71800374984741,1.5412836512255888e-05,0.0,1.0104997402991192,1.5412836512255888e-05,,,,
3491,0.001,adam,3492,95.74622917175293,2.5362228437247006e-05,0.0,1.0455805079022593,2.5362228437247006e-05,,,,
3492,0.001,adam,3493,95.7719030380249,3.2715413725041796e-05,0.0,0.9768873045284693,3.2715413725041796e-05,,,,
3493,0.001,adam,3494,95.79891610145569,2.7620732603392538e-05,0.0,0.983129095618405,2.7620732603392538e-05,,,,
3494,0.001,adam,3495,95.82557678222656,1.6018625635942638e-05,0.0,0.9846288489867188,1.6018625635942638e-05,,,,
3495,0.001,adam,3496,95.85118556022644,9.19136596240196e-06,0.0,1.0596442101498824,9.19136596240196e-06,,,,
3496,0.001,adam,3497,95.877121925354,1.0901285144550366e-05,0.0,0.9242624339946144,1.0901285144550366e-05,,,,
3497,0.001,adam,3498,95.90221381187439,1.5105159308899462e-05,0.0,0.9223218357193753,1.5105159308899462e-05,,,,
3498,0.001,adam,3499,95.92432880401611,1.5498872513124182e-05,0.0,0.9616172933609548,1.5498872513124182e-05,,,,
3499,0.001,adam,3500,95.95491242408752,1.2758429973307508e-05,0.0,0.9343572159758603,1.2758429973307508e-05,0.005587966662253846,0.0,0.9432311386828954,0.005587966662253846
3500,0.001,adam,3501,96.00400042533875,1.0772544281899388e-05,0.0,0.9388164256162825,1.0772544281899388e-05,,,,
3501,0.001,adam,3502,96.02919507026672,1.0950104869288726e-05,0.0,0.9441512552203328,1.0950104869288726e-05,,,,
3502,0.001,adam,3503,96.05928635597229,1.140488104959692e-05,0.0,0.9155484151380279,1.140488104959692e-05,,,,
3503,0.001,adam,3504,96.08216595649719,1.0585506307185086e-05,0.0,1.0339058406168575,1.0585506307185086e-05,,,,
3504,0.001,adam,3505,96.10537123680115,9.267478355673218e-06,0.0,0.9619194602805763,9.267478355673218e-06,,,,
3505,0.001,adam,3506,96.12994599342346,8.46887773052886e-06,0.0,0.8856721352316834,8.46887773052886e-06,,,,
3506,0.001,adam,3507,96.15621638298035,8.097653701083307e-06,0.0,1.059461472728159,8.097653701083307e-06,,,,
3507,0.001,adam,3508,96.19065189361572,7.594776531153564e-06,0.0,0.9646237462687,7.594776531153564e-06,,,,
3508,0.001,adam,3509,96.21373152732849,7.017248814652794e-06,0.0,0.973295702791549,7.017248814652794e-06,,,,
3509,0.001,adam,3510,96.24784874916077,6.82035865093582e-06,0.0,0.9944974980041458,6.82035865093582e-06,,,,
3510,0.001,adam,3511,96.26998281478882,6.918011930550808e-06,0.0,1.000045907440259,6.918011930550808e-06,,,,
3511,0.001,adam,3512,96.30853319168091,6.839153034654797e-06,0.0,0.945041136049179,6.839153034654797e-06,,,,
3512,0.001,adam,3513,96.33573985099792,6.532550617207349e-06,0.0,0.9478909167943058,6.532550617207349e-06,,,,
3513,0.001,adam,3514,96.37509822845459,6.344736014727763e-06,0.0,1.0194740878562834,6.344736014727763e-06,,,,
3514,0.001,adam,3515,96.40785145759583,6.368168802342003e-06,0.0,0.9235116148006209,6.368168802342003e-06,,,,
3515,0.001,adam,3516,96.42810034751892,6.233145847154497e-06,0.0,0.9194396585459043,6.233145847154497e-06,,,,
3516,0.001,adam,3517,96.46101069450378,5.746268570299153e-06,0.0,0.9817401823843429,5.746268570299153e-06,,,,
3517,0.001,adam,3518,96.51131224632263,5.292373911652617e-06,0.0,0.959282119792924,5.292373911652617e-06,,,,
3518,0.001,adam,3519,96.53785943984985,5.295816307243559e-06,0.0,1.073915412630775,5.295816307243559e-06,,,,
3519,0.001,adam,3520,96.55879402160645,5.581215663086395e-06,0.0,0.9363571812040444,5.581215663086395e-06,0.005582546029053689,0.0,0.9424621545923952,0.005582546029053689
3520,0.001,adam,3521,96.59816789627075,5.591500487050045e-06,0.0,0.8940751788472341,5.591500487050045e-06,,,,
3521,0.001,adam,3522,96.61879372596741,5.165183204009827e-06,0.0,1.0068682980062342,5.165183204009827e-06,,,,
3522,0.001,adam,3523,96.65529465675354,4.753894303860294e-06,0.0,0.9098690968208425,4.753894303860294e-06,,,,
3523,0.001,adam,3524,96.70204615592957,4.781595399905636e-06,0.0,2.019610422831491,4.781595399905636e-06,,,,
3524,0.001,adam,3525,96.73744988441467,5.095181645761461e-06,0.0,0.9182461082894274,5.095181645761461e-06,,,,
3525,0.001,adam,3526,96.7844648361206,5.204826497040846e-06,0.0,1.0019094064166958,5.204826497040846e-06,,,,
3526,0.001,adam,3527,96.81094098091125,4.926673667833857e-06,0.0,1.037657962299068,4.926673667833857e-06,,,,
3527,0.001,adam,3528,96.86293768882751,4.568468032936486e-06,0.0,0.9854979428579622,4.568468032936486e-06,,,,
3528,0.001,adam,3529,96.89436101913452,4.485953576869876e-06,0.0,1.0082030647177593,4.485953576869876e-06,,,,
3529,0.001,adam,3530,96.91886782646179,4.6569207028514944e-06,0.0,0.957699265962886,4.6569207028514944e-06,,,,
3530,0.001,adam,3531,96.94372296333313,4.776980210627523e-06,0.0,1.1084375107289326,4.776980210627523e-06,,,,
3531,0.001,adam,3532,96.98726630210876,4.669990861373076e-06,0.0,0.9973937238825016,4.669990861373076e-06,,,,
3532,0.001,adam,3533,97.01949381828308,4.466991880536687e-06,0.0,0.9096480670196663,4.466991880536687e-06,,,,
3533,0.001,adam,3534,97.05635023117065,4.388350008833953e-06,0.0,0.9409521957325472,4.388350008833953e-06,,,,
3534,0.001,adam,3535,97.09551572799683,4.469845687683799e-06,0.0,0.9045711957717136,4.469845687683799e-06,,,,
3535,0.001,adam,3536,97.12533473968506,4.560151355534188e-06,0.0,0.8240976277827283,4.560151355534188e-06,,,,
3536,0.001,adam,3537,97.16064882278442,4.533853611770859e-06,0.0,0.9791014330003478,4.533853611770859e-06,,,,
3537,0.001,adam,3538,97.19965672492981,4.430633352057657e-06,0.0,0.9557986805462901,4.430633352057657e-06,,,,
3538,0.001,adam,3539,97.22390913963318,4.372913746462884e-06,0.0,0.9386149950769621,4.372913746462884e-06,,,,
3539,0.001,adam,3540,97.2508454322815,4.410174109398113e-06,0.0,0.9331307874990431,4.410174109398113e-06,0.005580380624712461,0.0,0.9443715464008748,0.005580380624712461
3540,0.001,adam,3541,97.30861306190491,4.480225788084289e-06,0.0,0.9881358914220091,4.480225788084289e-06,,,,
3541,0.001,adam,3542,97.33373141288757,4.502135855950363e-06,0.0,1.0022115047966988,4.502135855950363e-06,,,,
3542,0.001,adam,3543,97.35718011856079,4.467467173556419e-06,0.0,1.0188381783055047,4.467467173556419e-06,,,,
3543,0.001,adam,3544,97.37893295288086,4.431529239414563e-06,0.0,0.8973178699857357,4.431529239414563e-06,,,,
3544,0.001,adam,3545,97.40688824653625,4.439724127941585e-06,0.0,0.9407089975275037,4.439724127941585e-06,,,,
3545,0.001,adam,3546,97.43552017211914,4.489273950651686e-06,0.0,0.9515426979880779,4.489273950651686e-06,,,,
3546,0.001,adam,3547,97.45899295806885,4.54898578702976e-06,0.0,1.0351313407390668,4.54898578702976e-06,,,,
3547,0.001,adam,3548,97.4822723865509,4.604576991828712e-06,0.0,0.9993764413541204,4.604576991828712e-06,,,,
3548,0.001,adam,3549,97.50322127342224,4.667249407615501e-06,0.0,0.9539296622349545,4.667249407615501e-06,,,,
3549,0.001,adam,3550,97.52522277832031,4.758789744240956e-06,0.0,0.9063934129805012,4.758789744240956e-06,,,,
3550,0.001,adam,3551,97.54828357696533,4.8909472386447535e-06,0.0,0.955630160733928,4.8909472386447535e-06,,,,
3551,0.001,adam,3552,97.59751510620117,5.075815841625893e-06,0.0,1.0450738199538385,5.075815841625893e-06,,,,
3552,0.001,adam,3553,97.62327814102173,5.330077088395203e-06,0.0,0.9951771438398541,5.330077088395203e-06,,,,
3553,0.001,adam,3554,97.65428471565247,5.694703481915218e-06,0.0,0.9784910361861201,5.694703481915218e-06,,,,
3554,0.001,adam,3555,97.68936824798584,6.201407526218571e-06,0.0,0.9897691362497916,6.201407526218571e-06,,,,
3555,0.001,adam,3556,97.71746349334717,6.915588683314792e-06,0.0,0.9471784223220918,6.915588683314792e-06,,,,
3556,0.001,adam,3557,97.74988579750061,7.87556561780993e-06,0.0,0.9530710521830684,7.87556561780993e-06,,,,
3557,0.001,adam,3558,97.78287053108215,9.22368207320925e-06,0.0,0.9359990054226295,9.22368207320925e-06,,,,
3558,0.001,adam,3559,97.80797553062439,1.1030482647935081e-05,0.0,0.9919543986843042,1.1030482647935081e-05,,,,
3559,0.001,adam,3560,97.82871961593628,1.3559803496048549e-05,0.0,1.01616813680407,1.3559803496048549e-05,0.005560592754541123,0.0,0.9461752781434476,0.005560592754541123
3560,0.001,adam,3561,97.85675573348999,1.6795635411072626e-05,0.0,0.9505748276424655,1.6795635411072626e-05,,,,
3561,0.001,adam,3562,97.8810658454895,2.1063279969420126e-05,0.0,0.9642476551150534,2.1063279969420126e-05,,,,
3562,0.001,adam,3563,97.91379404067993,2.585608494755543e-05,0.0,0.8454433399714762,2.585608494755543e-05,,,,
3563,0.001,adam,3564,97.9535722732544,3.1315869672675394e-05,0.0,1.0883900663083876,3.1315869672675394e-05,,,,
3564,0.001,adam,3565,97.98522090911865,3.561041428686178e-05,0.0,1.0980963294068844,3.561041428686178e-05,,,,
3565,0.001,adam,3566,98.02048945426941,3.842743342635416e-05,0.0,0.9804582374718478,3.842743342635416e-05,,,,
3566,0.001,adam,3567,98.0575053691864,3.682642253282585e-05,0.0,1.0030100736666303,3.682642253282585e-05,,,,
3567,0.001,adam,3568,98.08953142166138,3.15961569297478e-05,0.0,0.9975467658212798,3.15961569297478e-05,,,,
3568,0.001,adam,3569,98.12053894996643,2.257112220460123e-05,0.0,0.8567321471963677,2.257112220460123e-05,,,,
3569,0.001,adam,3570,98.15728950500488,1.3481476771849206e-05,0.0,0.9774073629143561,1.3481476771849206e-05,,,,
3570,0.001,adam,3571,98.18582558631897,7.0799658169298995e-06,0.0,0.9762119034059508,7.0799658169298995e-06,,,,
3571,0.001,adam,3572,98.20795392990112,5.1729315902354265e-06,0.0,0.9506258602011923,5.1729315902354265e-06,,,,
3572,0.001,adam,3573,98.22924828529358,7.132823408074951e-06,0.0,0.9160263467082274,7.132823408074951e-06,,,,
3573,0.001,adam,3574,98.25330328941345,1.069286961364045e-05,0.0,1.001683898195179,1.069286961364045e-05,,,,
3574,0.001,adam,3575,98.27682375907898,1.3509806725437507e-05,0.0,0.9464229339734184,1.3509806725437507e-05,,,,
3575,0.001,adam,3576,98.30227375030518,1.3909079129925814e-05,0.0,1.0171386383733,1.3909079129925814e-05,,,,
3576,0.001,adam,3577,98.32346677780151,1.213268298521703e-05,0.0,0.9555625328851043,1.213268298521703e-05,,,,
3577,0.001,adam,3578,98.34442806243896,9.122856207146185e-06,0.0,0.9899833477387856,9.122856207146185e-06,,,,
3578,0.001,adam,3579,98.3691771030426,6.528544337958363e-06,0.0,1.0034122806160497,6.528544337958363e-06,,,,
3579,0.001,adam,3580,98.40668869018555,5.324846444792187e-06,0.0,1.0507096307429893,5.324846444792187e-06,0.0055782012556965885,0.0,0.9450084830587719,0.0055782012556965885
3580,0.001,adam,3581,98.4357225894928,5.604801954076737e-06,0.0,1.0588518568471277,5.604801954076737e-06,,,,
3581,0.001,adam,3582,98.45726919174194,6.720767384699972e-06,0.0,1.1024596462952565,6.720767384699972e-06,,,,
3582,0.001,adam,3583,98.47917246818542,7.774565605031478e-06,0.0,0.9378033611607235,7.774565605031478e-06,,,,
3583,0.001,adam,3584,98.50033569335938,8.22318594418618e-06,0.0,0.9522394653400641,8.22318594418618e-06,,,,
3584,0.001,adam,3585,98.51983594894409,7.981037001670825e-06,0.0,1.005892908089984,7.981037001670825e-06,,,,
3585,0.001,adam,3586,98.54149651527405,7.452776851932069e-06,0.0,0.9561466944118242,7.452776851932069e-06,,,,
3586,0.001,adam,3587,98.56512093544006,7.221824975591358e-06,0.0,1.0333618859759923,7.221824975591358e-06,,,,
3587,0.001,adam,3588,98.5870885848999,7.739321476508835e-06,0.0,0.9928152346600946,7.739321476508835e-06,,,,
3588,0.001,adam,3589,98.60791969299316,9.358452919221644e-06,0.0,0.9287415888964997,9.358452919221644e-06,,,,
3589,0.001,adam,3590,98.62886333465576,1.2279319900764153e-05,0.0,0.849628743477511,1.2279319900764153e-05,,,,
3590,0.001,adam,3591,98.65018010139465,1.683905686798067e-05,0.0,0.9844868610379806,1.683905686798067e-05,,,,
3591,0.001,adam,3592,98.67343974113464,2.3686241412462923e-05,0.0,1.007347502059916,2.3686241412462923e-05,,,,
3592,0.001,adam,3593,98.69465565681458,3.391118468039741e-05,0.0,0.9559684926373475,3.391118468039741e-05,,,,
3593,0.001,adam,3594,98.71672582626343,4.909646113263531e-05,0.0,0.993531344927445,4.909646113263531e-05,,,,
3594,0.001,adam,3595,98.74666428565979,7.016879105494644e-05,0.0,0.9994935598852607,7.016879105494644e-05,,,,
3595,0.001,adam,3596,98.76790642738342,9.663595202295344e-05,0.0,1.0031631724053676,9.663595202295344e-05,,,,
3596,0.001,adam,3597,98.79065728187561,0.00012167926847719177,0.0,1.0486757820341244,0.00012167926847719177,,,,
3597,0.001,adam,3598,98.81224775314331,0.00013313949248862562,0.0,0.9572102747502782,0.00013313949248862562,,,,
3598,0.001,adam,3599,98.83140134811401,0.00011640479435373107,0.0,0.9619880061604847,0.00011640479435373107,,,,
3599,0.001,adam,3600,98.85172414779663,7.275585984639656e-05,0.0,0.9600818728694851,7.275585984639656e-05,0.005621633109038829,0.0,0.953333012826171,0.005621633109038829
3600,0.001,adam,3601,98.89568495750427,2.8069157770218712e-05,0.0,1.0219311156442792,2.8069157770218712e-05,,,,
3601,0.001,adam,3602,98.91879868507385,1.1363658996061955e-05,0.0,0.9576852245110228,1.1363658996061955e-05,,,,
3602,0.001,adam,3603,98.93965220451355,2.531361244272791e-05,0.0,0.9655731423721001,2.531361244272791e-05,,,,
3603,0.001,adam,3604,98.96055865287781,4.432903491703702e-05,0.0,0.9193118277445109,4.432903491703702e-05,,,,
3604,0.001,adam,3605,98.98234820365906,4.533995038017785e-05,0.0,0.9352633982021107,4.533995038017785e-05,,,,
3605,0.001,adam,3606,99.01523041725159,3.008473222288493e-05,0.0,0.9963327093430067,3.008473222288493e-05,,,,
3606,0.001,adam,3607,99.05358624458313,1.6751146018674697e-05,0.0,0.9611465787290138,1.6751146018674697e-05,,,,
3607,0.001,adam,3608,99.09630537033081,1.5703639781768645e-05,0.0,0.9804549216841847,1.5703639781768645e-05,,,,
3608,0.001,adam,3609,99.12673926353455,2.0314164583788972e-05,0.0,0.8834442681958095,2.0314164583788972e-05,,,,
3609,0.001,adam,3610,99.15275311470032,2.1454636849594708e-05,0.0,0.9735572966447783,2.1454636849594708e-05,,,,
3610,0.001,adam,3611,99.18137311935425,1.8761900631598117e-05,0.0,0.939199926242264,1.8761900631598117e-05,,,,
3611,0.001,adam,3612,99.2298641204834,1.6260395194413354e-05,0.0,1.0908204445273053,1.6260395194413354e-05,,,,
3612,0.001,adam,3613,99.26262331008911,1.4549854402602124e-05,0.0,1.078021007302853,1.4549854402602124e-05,,,,
3613,0.001,adam,3614,99.30005550384521,1.1978061766197347e-05,0.0,1.0000232957751067,1.1978061766197347e-05,,,,
3614,0.001,adam,3615,99.34029197692871,1.0337858717435985e-05,0.0,1.0918575684979959,1.0337858717435985e-05,,,,
3615,0.001,adam,3616,99.38436698913574,1.1805927691375951e-05,0.0,1.0581802242766056,1.1805927691375951e-05,,,,
3616,0.001,adam,3617,99.42414903640747,1.378974546285559e-05,0.0,0.9055936144152034,1.378974546285559e-05,,,,
3617,0.001,adam,3618,99.47870802879333,1.2125248138535896e-05,0.0,0.9730242789297533,1.2125248138535896e-05,,,,
3618,0.001,adam,3619,99.51498603820801,7.779338294984024e-06,0.0,1.0118693511368584,7.779338294984024e-06,,,,
3619,0.001,adam,3620,99.54195237159729,6.1396958986685775e-06,0.0,1.013940432643835,6.1396958986685775e-06,0.005575905426826008,0.0,0.9476148447390362,0.005575905426826008
3620,0.001,adam,3621,99.57202053070068,8.661409717783722e-06,0.0,1.0097718522908294,8.661409717783722e-06,,,,
3621,0.001,adam,3622,99.59540390968323,1.0835874682416081e-05,0.0,0.9431540601330617,1.0835874682416081e-05,,,,
3622,0.001,adam,3623,99.61804032325745,9.14844014394548e-06,0.0,1.002910397800126,9.14844014394548e-06,,,,
3623,0.001,adam,3624,99.64032626152039,5.856079895092542e-06,0.0,1.048895798863065,5.856079895092542e-06,,,,
3624,0.001,adam,3625,99.66109848022461,5.15835993287037e-06,0.0,1.0043536545307181,5.15835993287037e-06,,,,
3625,0.001,adam,3626,99.68149781227112,7.031816687327847e-06,0.0,0.9551654910758337,7.031816687327847e-06,,,,
3626,0.001,adam,3627,99.70595788955688,8.074935896344914e-06,0.0,1.0405441573120975,8.074935896344914e-06,,,,
3627,0.001,adam,3628,99.74560141563416,6.796102047428523e-06,0.0,0.9579778208168357,6.796102047428523e-06,,,,
3628,0.001,adam,3629,99.78589701652527,5.151847468773523e-06,0.0,1.0811720478989533,5.151847468773523e-06,,,,
3629,0.001,adam,3630,99.82149410247803,5.098416223332431e-06,0.0,0.9025230872109905,5.098416223332431e-06,,,,
3630,0.001,adam,3631,99.87510395050049,5.958117950080932e-06,0.0,1.0523265051282198,5.958117950080932e-06,,,,
3631,0.001,adam,3632,99.89866590499878,6.092751613900397e-06,0.0,1.0679991377791365,6.092751613900397e-06,,,,
3632,0.001,adam,3633,99.94015002250671,5.374582277650942e-06,0.0,0.9952945894596568,5.374582277650942e-06,,,,
3633,0.001,adam,3634,99.97699999809265,4.892287764628242e-06,0.0,1.0216347940610404,4.892287764628242e-06,,,,
3634,0.001,adam,3635,100.0090765953064,5.0597549028512905e-06,0.0,0.9910249475757166,5.0597549028512905e-06,,,,
3635,0.001,adam,3636,100.0491099357605,5.222784209475305e-06,0.0,0.9492514623996794,5.222784209475305e-06,,,,
3636,0.001,adam,3637,100.07286643981934,4.9410045933912e-06,0.0,0.9752627469988291,4.9410045933912e-06,,,,
3637,0.001,adam,3638,100.09545564651489,4.598611213069796e-06,0.0,0.8741883439359217,4.598611213069796e-06,,,,
3638,0.001,adam,3639,100.12101650238037,4.633496826588171e-06,0.0,1.0158962509967178,4.633496826588171e-06,,,,
3639,0.001,adam,3640,100.14402318000793,4.840000018965417e-06,0.0,1.0107949489397807,4.840000018965417e-06,0.005574009105788928,0.0,0.946746661085452,0.005574009105788928
3640,0.001,adam,3641,100.17561101913452,4.773612402487891e-06,0.0,1.0232908362045112,4.773612402487891e-06,,,,
3641,0.001,adam,3642,100.19814610481262,4.450353275379028e-06,0.0,1.0020391554623025,4.450353275379028e-06,,,,
3642,0.001,adam,3643,100.22099423408508,4.262385733684287e-06,0.0,1.0073043526822953,4.262385733684287e-06,,,,
3643,0.001,adam,3644,100.24623990058899,4.367637065894944e-06,0.0,0.9584214335929966,4.367637065894944e-06,,,,
3644,0.001,adam,3645,100.27025723457336,4.509566109520135e-06,0.0,1.0134335657443136,4.509566109520135e-06,,,,
3645,0.001,adam,3646,100.30970883369446,4.440151757013369e-06,0.0,0.995510464078205,4.440151757013369e-06,,,,
3646,0.001,adam,3647,100.34961795806885,4.24274002099855e-06,0.0,0.8787762093128283,4.24274002099855e-06,,,,
3647,0.001,adam,3648,100.37738037109375,4.14790077924171e-06,0.0,0.9091052030936492,4.14790077924171e-06,,,,
3648,0.001,adam,3649,100.42617726325989,4.199431471963786e-06,0.0,1.0663997353650718,4.199431471963786e-06,,,,
3649,0.001,adam,3650,100.47454738616943,4.2459967275967645e-06,0.0,1.0490168172880634,4.2459967275967645e-06,,,,
3650,0.001,adam,3651,100.49725818634033,4.190270993048333e-06,0.0,1.0086389223977785,4.190270993048333e-06,,,,
3651,0.001,adam,3652,100.52697706222534,4.102383239887922e-06,0.0,0.9624114071225293,4.102383239887922e-06,,,,
3652,0.001,adam,3653,100.55309176445007,4.081676433669236e-06,0.0,0.9824725550611012,4.081676433669236e-06,,,,
3653,0.001,adam,3654,100.5765335559845,4.109946837720138e-06,0.0,0.9772871480220701,4.109946837720138e-06,,,,
3654,0.001,adam,3655,100.60856866836548,4.100537272038897e-06,0.0,1.9955370411055067,4.100537272038897e-06,,,,
3655,0.001,adam,3656,100.6341495513916,4.0349613448584805e-06,0.0,0.9767620937192039,4.0349613448584805e-06,,,,
3656,0.001,adam,3657,100.66089057922363,3.9817581108036865e-06,0.0,1.0106368577288474,3.9817581108036865e-06,,,,
3657,0.001,adam,3658,100.69364547729492,3.99282940539838e-06,0.0,0.9778611175689852,3.99282940539838e-06,,,,
3658,0.001,adam,3659,100.72076344490051,4.032519706589892e-06,0.0,0.9125544593065594,4.032519706589892e-06,,,,
3659,0.001,adam,3660,100.74638748168945,4.03094768536488e-06,0.0,0.9801884559676507,4.03094768536488e-06,0.005587251331941701,0.0,0.9483050707805196,0.005587251331941701
3660,0.001,adam,3661,100.78535962104797,3.97588887358766e-06,0.0,0.9403866669175596,3.97588887358766e-06,,,,
3661,0.001,adam,3662,100.81339883804321,3.920646193535013e-06,0.0,0.9501305956180884,3.920646193535013e-06,,,,
3662,0.001,adam,3663,100.85373520851135,3.912173355608997e-06,0.0,1.0428538876123077,3.912173355608997e-06,,,,
3663,0.001,adam,3664,100.88899278640747,3.938498828807864e-06,0.0,0.9989869286234716,3.938498828807864e-06,,,,
3664,0.001,adam,3665,100.9179310798645,3.953979432011257e-06,0.0,0.9433564558118711,3.953979432011257e-06,,,,
3665,0.001,adam,3666,100.96982669830322,3.935961588936684e-06,0.0,1.0739642399667033,3.935961588936684e-06,,,,
3666,0.001,adam,3667,101.01366472244263,3.902303682639305e-06,0.0,0.9009694927343759,3.902303682639305e-06,,,,
3667,0.001,adam,3668,101.07936358451843,3.88116477878373e-06,0.0,0.9432613313819024,3.88116477878373e-06,,,,
3668,0.001,adam,3669,101.11712694168091,3.878662448092254e-06,0.0,1.0532810992317487,3.878662448092254e-06,,,,
3669,0.001,adam,3670,101.14371275901794,3.880906232626338e-06,0.0,0.9945499059536612,3.880906232626338e-06,,,,
3670,0.001,adam,3671,101.18691372871399,3.8765446804832504e-06,0.0,0.9099146114906386,3.8765446804832504e-06,,,,
3671,0.001,adam,3672,101.21744894981384,3.8678558709058256e-06,0.0,0.9590116361166936,3.8678558709058256e-06,,,,
3672,0.001,adam,3673,101.24296855926514,3.861652148768876e-06,0.0,1.022639477055121,3.861652148768876e-06,,,,
3673,0.001,adam,3674,101.26839399337769,3.857573724378574e-06,0.0,0.8841842326637359,3.857573724378574e-06,,,,
3674,0.001,adam,3675,101.30690503120422,3.849714395390967e-06,0.0,0.9957243701531308,3.849714395390967e-06,,,,
3675,0.001,adam,3676,101.33249187469482,3.8365713821129014e-06,0.0,0.9440401366629538,3.8365713821129014e-06,,,,
3676,0.001,adam,3677,101.35813283920288,3.82468817062988e-06,0.0,0.965308273966059,3.82468817062988e-06,,,,
3677,0.001,adam,3678,101.38427424430847,3.82093483060527e-06,0.0,0.9893107362732769,3.82093483060527e-06,,,,
3678,0.001,adam,3679,101.41060161590576,3.823939949099864e-06,0.0,1.025369748992182,3.823939949099864e-06,,,,
3679,0.001,adam,3680,101.43577480316162,3.8253863714365e-06,0.0,0.9622498166101539,3.8253863714365e-06,0.005590292164000178,0.0,0.9487636538088338,0.005590292164000178
3680,0.001,adam,3681,101.46552920341492,3.818904098105676e-06,0.0,0.9628533654668141,3.818904098105676e-06,,,,
3681,0.001,adam,3682,101.48912167549133,3.806307087504809e-06,0.0,0.9682115841706922,3.806307087504809e-06,,,,
3682,0.001,adam,3683,101.51295495033264,3.7947876076776646e-06,0.0,1.0108105289498013,3.7947876076776646e-06,,,,
3683,0.001,adam,3684,101.5355920791626,3.7893437427212523e-06,0.0,0.9357848740334637,3.7893437427212523e-06,,,,
3684,0.001,adam,3685,101.55719685554504,3.7887929555326478e-06,0.0,1.113916319496666,3.7887929555326478e-06,,,,
3685,0.001,adam,3686,101.58701395988464,3.7883880857297556e-06,0.0,0.9552316206499972,3.7883880857297556e-06,,,,
3686,0.001,adam,3687,101.62122464179993,3.7848988742819513e-06,0.0,0.9266970706897976,3.7848988742819513e-06,,,,
3687,0.001,adam,3688,101.65060377120972,3.778773121594718e-06,0.0,0.9489915707523962,3.778773121594718e-06,,,,
3688,0.001,adam,3689,101.69338321685791,3.772342276139099e-06,0.0,0.9286904476353672,3.772342276139099e-06,,,,
3689,0.001,adam,3690,101.71825933456421,3.7670298125117733e-06,0.0,0.9657089869504718,3.7670298125117733e-06,,,,
3690,0.001,adam,3691,101.75333046913147,3.762519157561685e-06,0.0,0.9784082033166337,3.762519157561685e-06,,,,
3691,0.001,adam,3692,101.78801035881042,3.7579940294402277e-06,0.0,1.042515152186368,3.7579940294402277e-06,,,,
3692,0.001,adam,3693,101.83051562309265,3.7534279882626054e-06,0.0,1.011779588820001,3.7534279882626054e-06,,,,
3693,0.001,adam,3694,101.87421751022339,3.749441931195017e-06,0.0,1.000264189514132,3.749441931195017e-06,,,,
3694,0.001,adam,3695,101.930899143219,3.7462801454565528e-06,0.0,0.9531022944057005,3.7462801454565528e-06,,,,
3695,0.001,adam,3696,101.97043895721436,3.7432831466951996e-06,0.0,0.964206454622499,3.7432831466951996e-06,,,,
3696,0.001,adam,3697,102.01698589324951,3.739478161595012e-06,0.0,1.0153043634419734,3.739478161595012e-06,,,,
3697,0.001,adam,3698,102.0485987663269,3.7345734222961597e-06,0.0,1.102876305860861,3.7345734222961597e-06,,,,
3698,0.001,adam,3699,102.07949423789978,3.7292508174245175e-06,0.0,0.9727176197943386,3.7292508174245175e-06,,,,
3699,0.001,adam,3700,102.1162371635437,3.724508904650055e-06,0.0,0.9679423451565323,3.724508904650055e-06,0.0055931385218702945,0.0,0.9491110829102904,0.0055931385218702945
3700,0.001,adam,3701,102.15107583999634,3.720783796775174e-06,0.0,1.0111346856600947,3.720783796775174e-06,,,,
3701,0.001,adam,3702,102.17687797546387,3.7177017481079747e-06,0.0,1.0027197039064095,3.7177017481079747e-06,,,,
3702,0.001,adam,3703,102.20402956008911,3.714551166044944e-06,0.0,1.0620788310347318,3.714551166044944e-06,,,,
3703,0.001,adam,3704,102.23327660560608,3.710921584325788e-06,0.0,0.961276762175886,3.710921584325788e-06,,,,
3704,0.001,adam,3705,102.25883913040161,3.7069398462493885e-06,0.0,1.0683714561265916,3.7069398462493885e-06,,,,
3705,0.001,adam,3706,102.2870762348175,3.7030036682071924e-06,0.0,0.9854742320276418,3.7030036682071924e-06,,,,
3706,0.001,adam,3707,102.31384563446045,3.699386855648317e-06,0.0,0.933264399085966,3.699386855648317e-06,,,,
3707,0.001,adam,3708,102.34151101112366,3.696084710551952e-06,0.0,1.0912524493083473,3.696084710551952e-06,,,,
3708,0.001,adam,3709,102.3678822517395,3.692966965260656e-06,0.0,1.0543587586529366,3.692966965260656e-06,,,,
3709,0.001,adam,3710,102.39915728569031,3.6900199386152872e-06,0.0,0.9732835879633942,3.6900199386152872e-06,,,,
3710,0.001,adam,3711,102.43475198745728,3.6874435623173895e-06,0.0,1.0238300759611594,3.6874435623173895e-06,,,,
3711,0.001,adam,3712,102.46174621582031,3.685579496745443e-06,0.0,0.9637881658766376,3.685579496745443e-06,,,,
3712,0.001,adam,3713,102.48909854888916,3.684779359300008e-06,0.0,0.9995716102520629,3.684779359300008e-06,,,,
3713,0.001,adam,3714,102.5341260433197,3.6854293529353256e-06,0.0,0.9917442739751688,3.6854293529353256e-06,,,,
3714,0.001,adam,3715,102.57011842727661,3.68810677248612e-06,0.0,0.975318924669103,3.68810677248612e-06,,,,
3715,0.001,adam,3716,102.6104907989502,3.693885880523372e-06,0.0,0.9621224797481676,3.693885880523372e-06,,,,
3716,0.001,adam,3717,102.64958953857422,3.7045564114115187e-06,0.0,1.0585856899734136,3.7045564114115187e-06,,,,
3717,0.001,adam,3718,102.6757984161377,3.723068457336365e-06,0.0,0.9286470201375554,3.723068457336365e-06,,,,
3718,0.001,adam,3719,102.70968055725098,3.7538921176642537e-06,0.0,1.0124615219814004,3.7538921176642537e-06,,,,
3719,0.001,adam,3720,102.74688696861267,3.8043722087351995e-06,0.0,0.8737685169036002,3.8043722087351995e-06,0.005591615632642431,0.0,0.949657460323532,0.005591615632642431
3720,0.001,adam,3721,102.7927634716034,3.885881042434806e-06,0.0,0.9471425814169372,3.885881042434806e-06,,,,
3721,0.001,adam,3722,102.82832789421082,4.017929584103375e-06,0.0,1.0283160208715512,4.017929584103375e-06,,,,
3722,0.001,adam,3723,102.86052799224854,4.230818445876947e-06,0.0,0.935402116754099,4.230818445876947e-06,,,,
3723,0.001,adam,3724,102.88608717918396,4.577902158364579e-06,0.0,0.9265314333540248,4.577902158364579e-06,,,,
3724,0.001,adam,3725,102.91274905204773,5.1403604376560045e-06,0.0,1.0381627624935352,5.1403604376560045e-06,,,,
3725,0.001,adam,3726,102.94852328300476,6.065739351193702e-06,0.0,0.9787642662214775,6.065739351193702e-06,,,,
3726,0.001,adam,3727,102.97545456886292,7.5680760605154056e-06,0.0,1.0047164824649637,7.5680760605154056e-06,,,,
3727,0.001,adam,3728,103.00018835067749,1.0050876307902509e-05,0.0,0.9942250185370127,1.0050876307902509e-05,,,,
3728,0.001,adam,3729,103.02903771400452,1.4032245982931443e-05,0.0,1.0712335451846053,1.4032245982931443e-05,,,,
3729,0.001,adam,3730,103.0730984210968,2.052142436731107e-05,0.0,0.9229597597641173,2.052142436731107e-05,,,,
3730,0.001,adam,3731,103.10730981826782,3.0392340250142056e-05,0.0,1.0248785585490066,3.0392340250142056e-05,,,,
3731,0.001,adam,3732,103.13530945777893,4.5400491164414024e-05,0.0,1.0542139729475444,4.5400491164414024e-05,,,,
3732,0.001,adam,3733,103.16436338424683,6.463347397039797e-05,0.0,0.985673237537623,6.463347397039797e-05,,,,
3733,0.001,adam,3734,103.20705556869507,8.739846117591222e-05,0.0,0.9725840932983931,8.739846117591222e-05,,,,
3734,0.001,adam,3735,103.23778486251831,0.00010191834735680231,0.0,0.967734719408514,0.00010191834735680231,,,,
3735,0.001,adam,3736,103.28549361228943,0.00010082378330817331,0.0,0.9515466234302924,0.00010082378330817331,,,,
3736,0.001,adam,3737,103.31205916404724,7.216671526002935e-05,0.0,1.0049537851979,7.216671526002935e-05,,,,
3737,0.001,adam,3738,103.33755302429199,3.3761786117908525e-05,0.0,2.012339346948995,3.3761786117908525e-05,,,,
3738,0.001,adam,3739,103.36188983917236,9.713656009751277e-06,0.0,1.0480007979397978,9.713656009751277e-06,,,,
3739,0.001,adam,3740,103.40251970291138,1.4294653240476205e-05,0.0,0.9369841769106451,1.4294653240476205e-05,0.005694010843922685,0.0,0.9511099938215571,0.005694010843922685
3740,0.001,adam,3741,103.44773411750793,3.3431729426551514e-05,0.0,1.0860879768911893,3.3431729426551514e-05,,,,
3741,0.001,adam,3742,103.47573280334473,4.1200350158315265e-05,0.0,1.0774068020816177,4.1200350158315265e-05,,,,
3742,0.001,adam,3743,103.51029562950134,2.9565849942870614e-05,0.0,0.9762011502239669,2.9565849942870614e-05,,,,
3743,0.001,adam,3744,103.54736518859863,1.18707894357034e-05,0.0,0.9547650653742465,1.18707894357034e-05,,,,
3744,0.001,adam,3745,103.5897216796875,7.450279692047585e-06,0.0,0.941039401248837,7.450279692047585e-06,,,,
3745,0.001,adam,3746,103.6270797252655,1.6683293653057036e-05,0.0,0.970336468128842,1.6683293653057036e-05,,,,
3746,0.001,adam,3747,103.65638256072998,2.392319380322498e-05,0.0,0.969532011323458,2.392319380322498e-05,,,,
3747,0.001,adam,3748,103.71203064918518,1.92810557341989e-05,0.0,0.9790091958825087,1.92810557341989e-05,,,,
3748,0.001,adam,3749,103.74102830886841,8.982617800230653e-06,0.0,0.9239885951394349,8.982617800230653e-06,,,,
3749,0.001,adam,3750,103.79650235176086,5.919725432334565e-06,0.0,0.8807907927920983,5.919725432334565e-06,,,,
3750,0.001,adam,3751,103.83058381080627,1.1501906243347847e-05,0.0,0.9653793293037574,1.1501906243347847e-05,,,,
3751,0.001,adam,3752,103.85587096214294,1.5541962075123095e-05,0.0,1.0208408007837384,1.5541962075123095e-05,,,,
3752,0.001,adam,3753,103.90163826942444,1.1913299679929949e-05,0.0,0.9658048949654698,1.1913299679929949e-05,,,,
3753,0.001,adam,3754,103.92938423156738,5.693489160127388e-06,0.0,0.9048136078844038,5.693489160127388e-06,,,,
3754,0.001,adam,3755,103.9694595336914,5.0940877822121386e-06,0.0,0.8770211842829767,5.0940877822121386e-06,,,,
3755,0.001,adam,3756,104.00553846359253,9.359511982470182e-06,0.0,0.9350991973154784,9.359511982470182e-06,,,,
3756,0.001,adam,3757,104.05725741386414,1.1186469851848518e-05,0.0,1.0165672822332725,1.1186469851848518e-05,,,,
3757,0.001,adam,3758,104.10416221618652,7.98332172919827e-06,0.0,0.9456860275817697,7.98332172919827e-06,,,,
3758,0.001,adam,3759,104.14057064056396,4.40307756894965e-06,0.0,0.9023479858499668,4.40307756894965e-06,,,,
3759,0.001,adam,3760,104.16978001594543,4.972092128987019e-06,0.0,1.0132244370259578,4.972092128987019e-06,0.005635044519479586,0.0,0.9521274790166175,0.005635044519479586
3760,0.001,adam,3761,104.20881986618042,7.731471413066977e-06,0.0,0.9720791672147037,7.731471413066977e-06,,,,
3761,0.001,adam,3762,104.24550414085388,8.094384357051416e-06,0.0,0.9328518778226205,8.094384357051416e-06,,,,
3762,0.001,adam,3763,104.27249193191528,5.660015390901192e-06,0.0,1.0142373082033291,5.660015390901192e-06,,,,
3763,0.001,adam,3764,104.31189846992493,3.890054140549727e-06,0.0,0.9914958459813565,3.890054140549727e-06,,,,
3764,0.001,adam,3765,104.34179282188416,4.7378875053579365e-06,0.0,1.0515115494550167,4.7378875053579365e-06,,,,
3765,0.001,adam,3766,104.36757326126099,6.296106399589211e-06,0.0,0.9395759525981131,6.296106399589211e-06,,,,
3766,0.001,adam,3767,104.3903694152832,6.144066579219286e-06,0.0,1.0066817155817933,6.144066579219286e-06,,,,
3767,0.001,adam,3768,104.41412901878357,4.674368272027779e-06,0.0,1.0072150682131498,4.674368272027779e-06,,,,
3768,0.001,adam,3769,104.43848586082458,3.899924024190173e-06,0.0,1.0632268986317381,3.899924024190173e-06,,,,
3769,0.001,adam,3770,104.46197891235352,4.506744410260858e-06,0.0,0.9533914471681942,4.506744410260858e-06,,,,
3770,0.001,adam,3771,104.48401927947998,5.277080329166107e-06,0.0,1.0468219144445068,5.277080329166107e-06,,,,
3771,0.001,adam,3772,104.50652122497559,5.073726164273926e-06,0.0,0.983585873866159,5.073726164273926e-06,,,,
3772,0.001,adam,3773,104.52849221229553,4.261053166101387e-06,0.0,0.9773623449470034,4.261053166101387e-06,,,,
3773,0.001,adam,3774,104.55028343200684,3.873824978001377e-06,0.0,0.9663782480968273,3.873824978001377e-06,,,,
3774,0.001,adam,3775,104.57296204566956,4.214276917877689e-06,0.0,1.010780770931148,4.214276917877689e-06,,,,
3775,0.001,adam,3776,104.59701943397522,4.650502470115819e-06,0.0,1.0298997645440466,4.650502470115819e-06,,,,
3776,0.001,adam,3777,104.61959981918335,4.586964956291635e-06,0.0,0.9966796453016851,4.586964956291635e-06,,,,
3777,0.001,adam,3778,104.6443772315979,4.179543086897569e-06,0.0,1.0228364653741209,4.179543086897569e-06,,,,
3778,0.001,adam,3779,104.66606950759888,3.98934762672139e-06,0.0,0.9939344242970986,3.98934762672139e-06,,,,
3779,0.001,adam,3780,104.68597054481506,4.246327185731573e-06,0.0,0.9440548325407729,4.246327185731573e-06,0.0056163775918997615,0.0,0.951783770609082,0.0056163775918997615
3780,0.001,adam,3781,104.71676588058472,4.637914450996082e-06,0.0,0.9431789935546909,4.637914450996082e-06,,,,
3781,0.001,adam,3782,104.73901414871216,4.796911463989648e-06,0.0,0.9407154545069591,4.796911463989648e-06,,,,
3782,0.001,adam,3783,104.76094388961792,4.767108744399981e-06,0.0,1.0289097439990622,4.767108744399981e-06,,,,
3783,0.001,adam,3784,104.79055500030518,4.9221176836369245e-06,0.0,0.996548616662223,4.9221176836369245e-06,,,,
3784,0.001,adam,3785,104.81493878364563,5.4940901037713055e-06,0.0,0.9642548440166976,5.4940901037713055e-06,,,,
3785,0.001,adam,3786,104.83765649795532,6.394067165420097e-06,0.0,1.0398424098413854,6.394067165420097e-06,,,,
3786,0.001,adam,3787,104.85874676704407,7.457020191059666e-06,0.0,0.9921559144796378,7.457020191059666e-06,,,,
3787,0.001,adam,3788,104.87973594665527,8.805652412627885e-06,0.0,0.9243518449837067,8.805652412627885e-06,,,,
3788,0.001,adam,3789,104.90228009223938,1.0838238588444408e-05,0.0,1.0613814784648454,1.0838238588444408e-05,,,,
3789,0.001,adam,3790,104.92368578910828,1.4029972912704438e-05,0.0,1.1095278564664426,1.4029972912704438e-05,,,,
3790,0.001,adam,3791,104.94488668441772,1.860871635110167e-05,0.0,0.9276452886971575,1.860871635110167e-05,,,,
3791,0.001,adam,3792,104.97064352035522,2.498308007896105e-05,0.0,0.9814078232545818,2.498308007896105e-05,,,,
3792,0.001,adam,3793,104.99481797218323,3.3190627295431344e-05,0.0,1.0576255471865434,3.3190627295431344e-05,,,,
3793,0.001,adam,3794,105.01808285713196,4.3718215288864925e-05,0.0,1.0524498228483108,4.3718215288864925e-05,,,,
3794,0.001,adam,3795,105.06385016441345,5.5142952565753444e-05,0.0,0.96102659471752,5.5142952565753444e-05,,,,
3795,0.001,adam,3796,105.10165190696716,6.579117107300909e-05,0.0,1.0334033199844515,6.579117107300909e-05,,,,
3796,0.001,adam,3797,105.16134572029114,7.02684369811285e-05,0.0,0.8670319848386306,7.02684369811285e-05,,,,
3797,0.001,adam,3798,105.1862063407898,6.536922582469754e-05,0.0,0.9710615839545131,6.536922582469754e-05,,,,
3798,0.001,adam,3799,105.21601819992065,4.868431776911394e-05,0.0,0.9839200527659365,4.868431776911394e-05,,,,
3799,0.001,adam,3800,105.25839471817017,2.7066170619027073e-05,0.0,1.0275775714030209,2.7066170619027073e-05,0.005573759293699404,0.0,0.948717999141579,0.005573759293699404
3800,0.001,adam,3801,105.30447888374329,1.031925293566678e-05,0.0,1.0944153443885098,1.031925293566678e-05,,,,
3801,0.001,adam,3802,105.3503851890564,6.257234205762304e-06,0.0,0.8415813798359377,6.257234205762304e-06,,,,
3802,0.001,adam,3803,105.37746143341064,1.3118959775862636e-05,0.0,1.0247576254496595,1.3118959775862636e-05,,,,
3803,0.001,adam,3804,105.40258550643921,2.1968022083901413e-05,0.0,0.9473549427648573,2.1968022083901413e-05,,,,
3804,0.001,adam,3805,105.42813038825989,2.4621356237771866e-05,0.0,0.9446843410890333,2.4621356237771866e-05,,,,
3805,0.001,adam,3806,105.45292139053345,1.9495879910076654e-05,0.0,0.9731434175529697,1.9495879910076654e-05,,,,
3806,0.001,adam,3807,105.47709727287292,1.1878636800344317e-05,0.0,1.0491946543935258,1.1878636800344317e-05,,,,
3807,0.001,adam,3808,105.49943041801453,7.629941260098909e-06,0.0,0.8939291042987328,7.629941260098909e-06,,,,
3808,0.001,adam,3809,105.52439713478088,8.475509855099084e-06,0.0,0.9206989372358165,8.475509855099084e-06,,,,
3809,0.001,adam,3810,105.55236673355103,1.1397475307882596e-05,0.0,0.949202925156591,1.1397475307882596e-05,,,,
3810,0.001,adam,3811,105.5890805721283,1.2563544556419858e-05,0.0,0.9789887289342811,1.2563544556419858e-05,,,,
3811,0.001,adam,3812,105.62519788742065,1.0787663534302266e-05,0.0,0.9208221693553458,1.0787663534302266e-05,,,,
3812,0.001,adam,3813,105.65036678314209,7.9667495735511e-06,0.0,0.9767320649183503,7.9667495735511e-06,,,,
3813,0.001,adam,3814,105.68798661231995,6.602191647729229e-06,0.0,0.9916737944071752,6.602191647729229e-06,,,,
3814,0.001,adam,3815,105.73079466819763,7.231305772325257e-06,0.0,0.9619870334970342,7.231305772325257e-06,,,,
3815,0.001,adam,3816,105.75172567367554,8.36483614683817e-06,0.0,1.034993181356511,8.36483614683817e-06,,,,
3816,0.001,adam,3817,105.77388119697571,8.286251199282473e-06,0.0,0.9936845703487307,8.286251199282473e-06,,,,
3817,0.001,adam,3818,105.79601526260376,6.860620525446105e-06,0.0,0.9034469184341727,6.860620525446105e-06,,,,
3818,0.001,adam,3819,105.82680702209473,5.316227474397003e-06,0.0,0.9830289112103017,5.316227474397003e-06,,,,
3819,0.001,adam,3820,105.84748268127441,4.877609559687262e-06,0.0,0.983725397988801,4.877609559687262e-06,0.005593571764626935,0.0,0.9537692829744474,0.005593571764626935
3820,0.001,adam,3821,105.87782645225525,5.579375409133476e-06,0.0,0.9411679283293222,5.579375409133476e-06,,,,
3821,0.001,adam,3822,105.90065884590149,6.418540374919955e-06,0.0,1.0189481390100361,6.418540374919955e-06,,,,
3822,0.001,adam,3823,105.9274833202362,6.4468224224830486e-06,0.0,1.1305940092515867,6.4468224224830486e-06,,,,
3823,0.001,adam,3824,105.95295977592468,5.5559394588347436e-06,0.0,1.126267133183567,5.5559394588347436e-06,,,,
3824,0.001,adam,3825,105.9954092502594,4.481957409528894e-06,0.0,1.0929899845292368,4.481957409528894e-06,,,,
3825,0.001,adam,3826,106.02290081977844,3.999917288998227e-06,0.0,1.0506437933891886,3.999917288998227e-06,,,,
3826,0.001,adam,3827,106.04745841026306,4.2855932717695505e-06,0.0,0.9993062467061877,4.2855932717695505e-06,,,,
3827,0.001,adam,3828,106.08367133140564,4.8719262704597615e-06,0.0,1.0502799589210103,4.8719262704597615e-06,,,,
3828,0.001,adam,3829,106.123703956604,5.143950675028584e-06,0.0,0.9747290257125792,5.143950675028584e-06,,,,
3829,0.001,adam,3830,106.14480710029602,4.86999585547551e-06,0.0,1.0624404948472057,4.86999585547551e-06,,,,
3830,0.001,adam,3831,106.16993355751038,4.288127800772545e-06,0.0,1.0079116749256951,4.288127800772545e-06,,,,
3831,0.001,adam,3832,106.19003391265869,3.835890783433411e-06,0.0,1.0011658087042314,3.835890783433411e-06,,,,
3832,0.001,adam,3833,106.22215127944946,3.7610960932461956e-06,0.0,0.952093062480776,3.7610960932461956e-06,,,,
3833,0.001,adam,3834,106.26795387268066,3.9778549172331444e-06,0.0,0.9687924738899006,3.9778549172331444e-06,,,,
3834,0.001,adam,3835,106.31088876724243,4.208641019345424e-06,0.0,0.9013394331379594,4.208641019345424e-06,,,,
3835,0.001,adam,3836,106.3633782863617,4.234677946895287e-06,0.0,0.9775405557301109,4.234677946895287e-06,,,,
3836,0.001,adam,3837,106.38751745223999,4.043994192187424e-06,0.0,1.0146361941528887,4.043994192187424e-06,,,,
3837,0.001,adam,3838,106.41729807853699,3.7880558607282554e-06,0.0,1.0412981904279868,3.7880558607282554e-06,,,,
3838,0.001,adam,3839,106.44487929344177,3.6349070716497874e-06,0.0,0.9109063746041486,3.6349070716497874e-06,,,,
3839,0.001,adam,3840,106.48439383506775,3.6430186946962026e-06,0.0,1.073245257931998,3.6430186946962026e-06,0.005613199945411472,0.0,0.9555760703158569,0.005613199945411472
3840,0.001,adam,3841,106.5472617149353,3.74361363600428e-06,0.0,1.0798699029028471,3.74361363600428e-06,,,,
3841,0.001,adam,3842,106.57487368583679,3.819065520836259e-06,0.0,1.0441069529849052,3.819065520836259e-06,,,,
3842,0.001,adam,3843,106.61441731452942,3.7961522161817217e-06,0.0,0.9832813757425694,3.7961522161817217e-06,,,,
3843,0.001,adam,3844,106.65238285064697,3.685598772615522e-06,0.0,0.9815567746412543,3.685598772615522e-06,,,,
3844,0.001,adam,3845,106.67882180213928,3.5580695093561076e-06,0.0,1.073972292763365,3.5580695093561076e-06,,,,
3845,0.001,adam,3846,106.70680141448975,3.4840434422816624e-06,0.0,0.9855282844362574,3.4840434422816624e-06,,,,
3846,0.001,adam,3847,106.76222014427185,3.4890174751519903e-06,0.0,0.9707717056084041,3.4890174751519903e-06,,,,
3847,0.001,adam,3848,106.7865674495697,3.5452536187327634e-06,0.0,1.11063072998489,3.5452536187327634e-06,,,,
3848,0.001,adam,3849,106.82156825065613,3.5989260746960823e-06,0.0,1.0708916729264,3.5989260746960823e-06,,,,
3849,0.001,adam,3850,106.86869311332703,3.607478336753829e-06,0.0,0.977212336135046,3.607478336753829e-06,,,,
3850,0.001,adam,3851,106.89772868156433,3.5626619428127963e-06,0.0,1.0636026463356472,3.5626619428127963e-06,,,,
3851,0.001,adam,3852,106.93372654914856,3.4894125151749557e-06,0.0,0.9940160083506855,3.4894125151749557e-06,,,,
3852,0.001,adam,3853,106.97227883338928,3.423789035384571e-06,0.0,0.9719567591757308,3.423789035384571e-06,,,,
3853,0.001,adam,3854,106.99770832061768,3.391946822175118e-06,0.0,0.9108860704454422,3.391946822175118e-06,,,,
3854,0.001,adam,3855,107.03845262527466,3.3976728023604425e-06,0.0,0.9451043575228522,3.3976728023604425e-06,,,,
3855,0.001,adam,3856,107.06447005271912,3.4250901152262483e-06,0.0,0.9825431847209135,3.4250901152262483e-06,,,,
3856,0.001,adam,3857,107.08999133110046,3.450719887398911e-06,0.0,0.972418408099802,3.450719887398911e-06,,,,
3857,0.001,adam,3858,107.11754179000854,3.457046879162902e-06,0.0,0.992217476034703,3.457046879162902e-06,,,,
3858,0.001,adam,3859,107.14476728439331,3.4403500812314803e-06,0.0,0.8976643502947951,3.4403500812314803e-06,,,,
3859,0.001,adam,3860,107.17112588882446,3.4092889571985515e-06,0.0,0.9774870704821925,3.4092889571985515e-06,0.0056147197881546386,0.0,0.9556410503105198,0.0056147197881546386
3860,0.001,adam,3861,107.20482230186462,3.378305529214136e-06,0.0,0.9823883162998508,3.378305529214136e-06,,,,
3861,0.001,adam,3862,107.23174834251404,3.3586155666990773e-06,0.0,0.9827911943383055,3.3586155666990773e-06,,,,
3862,0.001,adam,3863,107.25609397888184,3.353626340416256e-06,0.0,0.9729012922742915,3.353626340416256e-06,,,,
3863,0.001,adam,3864,107.28271889686584,3.3589663621384587e-06,0.0,0.9171012033223966,3.3589663621384587e-06,,,,
3864,0.001,adam,3865,107.30421853065491,3.366333459855435e-06,0.0,0.9211817590150861,3.366333459855435e-06,,,,
3865,0.001,adam,3866,107.33644914627075,3.3682552323254604e-06,0.0,1.0512619969772818,3.3682552323254604e-06,,,,
3866,0.001,adam,3867,107.36601972579956,3.3614635279964054e-06,0.0,0.9772535160350205,3.3614635279964054e-06,,,,
3867,0.001,adam,3868,107.39806294441223,3.3476335258465416e-06,0.0,1.0400109845553087,3.3476335258465416e-06,,,,
3868,0.001,adam,3869,107.42882370948792,3.3314408561382675e-06,0.0,0.9219843310522642,3.3314408561382675e-06,,,,
3869,0.001,adam,3870,107.45185923576355,3.3180068340754485e-06,0.0,1.0318210235744332,3.3180068340754485e-06,,,,
3870,0.001,adam,3871,107.47951197624207,3.310454278603074e-06,0.0,0.8891093425954656,3.310454278603074e-06,,,,
3871,0.001,adam,3872,107.52135682106018,3.308994792510222e-06,0.0,0.9192735850475561,3.308994792510222e-06,,,,
3872,0.001,adam,3873,107.56517267227173,3.3113822988340468e-06,0.0,1.0747466121069318,3.3113822988340468e-06,,,,
3873,0.001,adam,3874,107.61096858978271,3.3142996484089646e-06,0.0,0.9759194701000483,3.3142996484089646e-06,,,,
3874,0.001,adam,3875,107.65724349021912,3.3148711830714913e-06,0.0,0.9272164683731174,3.3148711830714913e-06,,,,
3875,0.001,adam,3876,107.68726062774658,3.3117168914935504e-06,0.0,1.0626817667891655,3.3117168914935504e-06,,,,
3876,0.001,adam,3877,107.73472738265991,3.305194265628052e-06,0.0,1.0022416520784319,3.305194265628052e-06,,,,
3877,0.001,adam,3878,107.76934123039246,3.29683686748267e-06,0.0,0.9967022029944783,3.29683686748267e-06,,,,
3878,0.001,adam,3879,107.79622030258179,3.288568925997235e-06,0.0,0.9922245942007433,3.288568925997235e-06,,,,
3879,0.001,adam,3880,107.83185768127441,3.2819029897486014e-06,0.0,0.868053007043691,3.2819029897486014e-06,0.005614445261466861,0.0,0.9551853883840955,0.005614445261466861
3880,0.001,adam,3881,107.87623620033264,3.2774920730129553e-06,0.0,1.0097762925825575,3.2774920730129553e-06,,,,
3881,0.001,adam,3882,107.91064858436584,3.2750973802387066e-06,0.0,0.8814633939028728,3.2750973802387066e-06,,,,
3882,0.001,adam,3883,107.95229816436768,3.273887765906812e-06,0.0,0.8991240456299794,3.273887765906812e-06,,,,
3883,0.001,adam,3884,107.98137068748474,3.2728637461682424e-06,0.0,1.022337631436919,3.2728637461682424e-06,,,,
3884,0.001,adam,3885,108.00945043563843,3.2712265353352564e-06,0.0,0.9945652294998947,3.2712265353352564e-06,,,,
3885,0.001,adam,3886,108.03670859336853,3.268599919054294e-06,0.0,0.9516275455433236,3.268599919054294e-06,,,,
3886,0.001,adam,3887,108.0727174282074,3.265021098040186e-06,0.0,0.9119273690091111,3.265021098040186e-06,,,,
3887,0.001,adam,3888,108.10700058937073,3.260857488230209e-06,0.0,1.058221110360803,3.260857488230209e-06,,,,
3888,0.001,adam,3889,108.15374207496643,3.2566087009879755e-06,0.0,0.9037505726632229,3.2566087009879755e-06,,,,
3889,0.001,adam,3890,108.19563698768616,3.252762778797179e-06,0.0,0.9139460539909964,3.252762778797179e-06,,,,
3890,0.001,adam,3891,108.23047494888306,3.2496840242897984e-06,0.0,0.9947388244304172,3.2496840242897984e-06,,,,
3891,0.001,adam,3892,108.25927829742432,3.2476045878744966e-06,0.0,0.9716223654818943,3.2476045878744966e-06,,,,
3892,0.001,adam,3893,108.28685355186462,3.24663913144483e-06,0.0,0.9349570345534352,3.24663913144483e-06,,,,
3893,0.001,adam,3894,108.31425595283508,3.2468613965616027e-06,0.0,1.0047824791884934,3.2468613965616027e-06,,,,
3894,0.001,adam,3895,108.34040236473083,3.2483870411030958e-06,0.0,0.9517768445840652,3.2483870411030958e-06,,,,
3895,0.001,adam,3896,108.36642742156982,3.2514941316056532e-06,0.0,0.9368082643276712,3.2514941316056532e-06,,,,
3896,0.001,adam,3897,108.39272046089172,3.25669965961304e-06,0.0,1.0165204962630323,3.25669965961304e-06,,,,
3897,0.001,adam,3898,108.42279648780823,3.2649076651829833e-06,0.0,0.941840534495163,3.2649076651829833e-06,,,,
3898,0.001,adam,3899,108.45025515556335,3.277496899697379e-06,0.0,0.9560294186298162,3.277496899697379e-06,,,,
3899,0.001,adam,3900,108.47330713272095,3.2966206167943714e-06,0.0,0.9566913157058682,3.2966206167943714e-06,0.005614813165358332,0.0,0.9551310437875942,0.005614813165358332
3900,0.001,adam,3901,108.50421118736267,3.325439655871617e-06,0.0,0.9606539574928004,3.325439655871617e-06,,,,
3901,0.001,adam,3902,108.5258514881134,3.3688482865348775e-06,0.0,1.0172805768691755,3.3688482865348775e-06,,,,
3902,0.001,adam,3903,108.54886770248413,3.434086953602062e-06,0.0,1.044486922991748,3.434086953602062e-06,,,,
3903,0.001,adam,3904,108.57394337654114,3.53256871740295e-06,0.0,0.958088130120607,3.53256871740295e-06,,,,
3904,0.001,adam,3905,108.60112762451172,3.6813886757394023e-06,0.0,1.0988197036860798,3.6813886757394023e-06,,,,
3905,0.001,adam,3906,108.6242105960846,3.90803969715881e-06,0.0,0.9083730168880308,3.90803969715881e-06,,,,
3906,0.001,adam,3907,108.64852380752563,4.253836369088755e-06,0.0,0.999864962775692,4.253836369088755e-06,,,,
3907,0.001,adam,3908,108.67379522323608,4.786500037192837e-06,0.0,1.016751534780752,4.786500037192837e-06,,,,
3908,0.001,adam,3909,108.69781589508057,5.606711129153989e-06,0.0,0.9457040438648946,5.606711129153989e-06,,,,
3909,0.001,adam,3910,108.71913933753967,6.8819439271606744e-06,0.0,0.9516146996792422,6.8819439271606744e-06,,,,
3910,0.001,adam,3911,108.75006079673767,8.851717400748897e-06,0.0,1.0265117454633332,8.851717400748897e-06,,,,
3911,0.001,adam,3912,108.78981232643127,1.1914720474309893e-05,0.0,1.0191560115556932,1.1914720474309893e-05,,,,
3912,0.001,adam,3913,108.82013773918152,1.6581633279532956e-05,0.0,1.007034730772673,1.6581633279532956e-05,,,,
3913,0.001,adam,3914,108.87210941314697,2.366708395002483e-05,0.0,0.995654622550299,2.366708395002483e-05,,,,
3914,0.001,adam,3915,108.90507221221924,3.387921529253275e-05,0.0,0.9191467449954658,3.387921529253275e-05,,,,
3915,0.001,adam,3916,108.96976351737976,4.810943159510703e-05,0.0,0.9857531412920304,4.810943159510703e-05,,,,
3916,0.001,adam,3917,109.00324559211731,6.54770984035417e-05,0.0,0.9072697108918966,6.54770984035417e-05,,,,
3917,0.001,adam,3918,109.03280305862427,8.404641545661437e-05,0.0,1.0688214645085485,8.404641545661437e-05,,,,
3918,0.001,adam,3919,109.05996751785278,9.654100003278109e-05,0.0,0.9751365704850766,9.654100003278109e-05,,,,
3919,0.001,adam,3920,109.09882164001465,9.709731683589691e-05,0.0,0.8769504826202988,9.709731683589691e-05,0.005599458568567926,0.0,0.9479433986953564,0.005599458568567926
3920,0.001,adam,3921,109.13677525520325,8.06773215460746e-05,0.0,0.9742058358430679,8.06773215460746e-05,,,,
3921,0.001,adam,3922,109.19582343101501,5.621737915807146e-05,0.0,0.9625737366398169,5.621737915807146e-05,,,,
3922,0.001,adam,3923,109.22908997535706,3.667557946376205e-05,0.0,0.9115795283688513,3.667557946376205e-05,,,,
3923,0.001,adam,3924,109.27378535270691,3.053742935904654e-05,0.0,1.0115386777942679,3.053742935904654e-05,,,,
3924,0.001,adam,3925,109.30424284934998,3.291059466837953e-05,0.0,0.9483301798034205,3.291059466837953e-05,,,,
3925,0.001,adam,3926,109.32894110679626,3.203063171598629e-05,0.0,0.8787258409354217,3.203063171598629e-05,,,,
3926,0.001,adam,3927,109.35574722290039,2.3259996662447205e-05,0.0,0.9708501885715762,2.3259996662447205e-05,,,,
3927,0.001,adam,3928,109.38179349899292,1.4014921867798544e-05,0.0,1.05564612340991,1.4014921867798544e-05,,,,
3928,0.001,adam,3929,109.40753126144409,1.4108448360661531e-05,0.0,0.9406214883662679,1.4108448360661531e-05,,,,
3929,0.001,adam,3930,109.43283486366272,2.2262574636832873e-05,0.0,0.9642148197499372,2.2262574636832873e-05,,,,
3930,0.001,adam,3931,109.45635509490967,2.7061927583203153e-05,0.0,0.9520350823262405,2.7061927583203153e-05,,,,
3931,0.001,adam,3932,109.47826910018921,2.096912583559111e-05,0.0,0.9572768862405294,2.096912583559111e-05,,,,
3932,0.001,adam,3933,109.50037288665771,9.462052803763974e-06,0.0,0.96327542277717,9.462052803763974e-06,,,,
3933,0.001,adam,3934,109.53423833847046,4.2332890356797074e-06,0.0,1.0302116779087351,4.2332890356797074e-06,,,,
3934,0.001,adam,3935,109.57723379135132,8.712781253940222e-06,0.0,0.8941462941299747,8.712781253940222e-06,,,,
3935,0.001,adam,3936,109.60535526275635,1.5161319884182252e-05,0.0,0.9006091510691625,1.5161319884182252e-05,,,,
3936,0.001,adam,3937,109.63263583183289,1.5443856567466327e-05,0.0,0.9810352480176154,1.5443856567466327e-05,,,,
3937,0.001,adam,3938,109.65726137161255,1.0256660141028616e-05,0.0,0.9795008827754412,1.0256660141028616e-05,,,,
3938,0.001,adam,3939,109.68358707427979,6.295540854704723e-06,0.0,0.9438656070525508,6.295540854704723e-06,,,,
3939,0.001,adam,3940,109.7083888053894,6.701436606883118e-06,0.0,1.0226056055117327,6.701436606883118e-06,0.005590316984867815,0.0,0.9551757250781615,0.005590316984867815
3940,0.001,adam,3941,109.7415509223938,8.417288961595096e-06,0.0,0.9985603709859282,8.417288961595096e-06,,,,
3941,0.001,adam,3942,109.77692985534668,7.965480782158478e-06,0.0,0.9613039091312727,7.965480782158478e-06,,,,
3942,0.001,adam,3943,109.80208468437195,6.2047475726762426e-06,0.0,1.0417553327230773,6.2047475726762426e-06,,,,
3943,0.001,adam,3944,109.82738542556763,5.890284537795648e-06,0.0,1.0490073010758347,5.890284537795648e-06,,,,
3944,0.001,adam,3945,109.85154390335083,7.0937534532074445e-06,0.0,1.0001155476377899,7.0937534532074445e-06,,,,
3945,0.001,adam,3946,109.87519907951355,7.403293826536966e-06,0.0,1.0413567360058846,7.403293826536966e-06,,,,
3946,0.001,adam,3947,109.89446377754211,5.771579733280195e-06,0.0,1.0408228908359134,5.771579733280195e-06,,,,
3947,0.001,adam,3948,109.91268992424011,4.0134383780470625e-06,0.0,0.9762810434232346,4.0134383780470625e-06,,,,
3948,0.001,adam,3949,109.93152952194214,4.092531899776195e-06,0.0,0.9042531837037104,4.092531899776195e-06,,,,
3949,0.001,adam,3950,109.95335483551025,5.477379966024371e-06,0.0,1.055528207004167,5.477379966024371e-06,,,,
3950,0.001,adam,3951,109.97687768936157,6.1303667105130245e-06,0.0,1.0323474109120145,6.1303667105130245e-06,,,,
3951,0.001,adam,3952,110.00113463401794,5.256592653592896e-06,0.0,1.0430828405115968,5.256592653592896e-06,,,,
3952,0.001,adam,3953,110.02565264701843,4.020786271766786e-06,0.0,0.8835018752682707,4.020786271766786e-06,,,,
3953,0.001,adam,3954,110.05803608894348,3.7238027651046543e-06,0.0,0.9745731534059777,3.7238027651046543e-06,,,,
3954,0.001,adam,3955,110.07945942878723,4.220310965214674e-06,0.0,1.007804702039617,4.220310965214674e-06,,,,
3955,0.001,adam,3956,110.10123372077942,4.498984538264898e-06,0.0,0.9331691798611106,4.498984538264898e-06,,,,
3956,0.001,adam,3957,110.12526607513428,4.163841406742858e-06,0.0,1.0391573661126323,4.163841406742858e-06,,,,
3957,0.001,adam,3958,110.15456938743591,3.7679566108327195e-06,0.0,0.9745392419875805,3.7679566108327195e-06,,,,
3958,0.001,adam,3959,110.17861366271973,3.836169972130199e-06,0.0,0.997018523299125,3.836169972130199e-06,,,,
3959,0.001,adam,3960,110.22384214401245,4.139417436994673e-06,0.0,0.9358058557366213,4.139417436994673e-06,0.0056101698313227345,0.0,0.9577164234302691,0.0056101698313227345
3960,0.001,adam,3961,110.25632691383362,4.115621951562689e-06,0.0,0.9605759195509711,4.115621951562689e-06,,,,
3961,0.001,adam,3962,110.29861545562744,3.6709738478556394e-06,0.0,1.0234406818456876,3.6709738478556394e-06,,,,
3962,0.001,adam,3963,110.32145977020264,3.27136596779331e-06,0.0,1.0601322904531176,3.27136596779331e-06,,,,
3963,0.001,adam,3964,110.34211206436157,3.302789806157322e-06,0.0,1.0072806694330283,3.302789806157322e-06,,,,
3964,0.001,adam,3965,110.37253093719482,3.6233335147242233e-06,0.0,0.9827162285023971,3.6233335147242233e-06,,,,
3965,0.001,adam,3966,110.39634561538696,3.806425897691932e-06,0.0,0.9463054081623069,3.806425897691932e-06,,,,
3966,0.001,adam,3967,110.41812348365784,3.662347211596977e-06,0.0,1.0835570946645696,3.662347211596977e-06,,,,
3967,0.001,adam,3968,110.4399299621582,3.3885615060664992e-06,0.0,0.9905067710289132,3.3885615060664992e-06,,,,
3968,0.001,adam,3969,110.46217942237854,3.2578733602185575e-06,0.0,1.0090858122433057,3.2578733602185575e-06,,,,
3969,0.001,adam,3970,110.48545026779175,3.308099774826172e-06,0.0,1.040490660811816,3.308099774826172e-06,,,,
3970,0.001,adam,3971,110.50777554512024,3.3749710135662306e-06,0.0,0.910744394138767,3.3749710135662306e-06,,,,
3971,0.001,adam,3972,110.53103303909302,3.3400079714881815e-06,0.0,1.0293158923800827,3.3400079714881815e-06,,,,
3972,0.001,adam,3973,110.55615592002869,3.2550245965900965e-06,0.0,0.9235178568288337,3.2550245965900965e-06,,,,
3973,0.001,adam,3974,110.57889223098755,3.2318247056323057e-06,0.0,0.8845065997640079,3.2318247056323057e-06,,,,
3974,0.001,adam,3975,110.6002721786499,3.286822236717611e-06,0.0,0.970666593968415,3.286822236717611e-06,,,,
3975,0.001,adam,3976,110.62468266487122,3.3325273112608204e-06,0.0,1.0165469585971743,3.3325273112608204e-06,,,,
3976,0.001,adam,3977,110.6471483707428,3.295902291105657e-06,0.0,0.936496684039214,3.295902291105657e-06,,,,
3977,0.001,adam,3978,110.6684422492981,3.2013458303737103e-06,0.0,2.0403789518639686,3.2013458303737103e-06,,,,
3978,0.001,adam,3979,110.68919706344604,3.130649258194954e-06,0.0,1.0232807330492801,3.130649258194954e-06,,,,
3979,0.001,adam,3980,110.71135425567627,3.1289392812187877e-06,0.0,1.0521661274253944,3.1289392812187877e-06,0.0056180797253833625,0.0,0.9592270233863963,0.0056180797253833625
3980,0.001,adam,3981,110.73942565917969,3.1682602193320594e-06,0.0,0.9983135690918485,3.1682602193320594e-06,,,,
3981,0.001,adam,3982,110.76316952705383,3.1937879527434253e-06,0.0,0.9363868916204995,3.1937879527434253e-06,,,,
3982,0.001,adam,3983,110.79347014427185,3.1834899490545624e-06,0.0,0.9998380789084962,3.1834899490545624e-06,,,,
3983,0.001,adam,3984,110.82446885108948,3.1574957914470033e-06,0.0,1.1212456523669048,3.1574957914470033e-06,,,,
3984,0.001,adam,3985,110.84713125228882,3.1425398124367124e-06,0.0,0.9177800535041947,3.1425398124367124e-06,,,,
3985,0.001,adam,3986,110.87387657165527,3.1416595881771314e-06,0.0,1.0091401297984166,3.1416595881771314e-06,,,,
3986,0.001,adam,3987,110.89584803581238,3.1390321683921756e-06,0.0,0.957636943556247,3.1390321683921756e-06,,,,
3987,0.001,adam,3988,110.91866159439087,3.1245567643592004e-06,0.0,0.9389284223222433,3.1245567643592004e-06,,,,
3988,0.001,adam,3989,110.93903875350952,3.106078108194187e-06,0.0,0.9831576777262917,3.106078108194187e-06,,,,
3989,0.001,adam,3990,110.97272896766663,3.098560129425032e-06,0.0,0.927958471314672,3.098560129425032e-06,,,,
3990,0.001,adam,3991,111.0124101638794,3.1073523481445034e-06,0.0,0.9927567655342464,3.1073523481445034e-06,,,,
3991,0.001,adam,3992,111.03724813461304,3.1245879790999734e-06,0.0,0.9572381728519975,3.1245879790999734e-06,,,,
3992,0.001,adam,3993,111.09333372116089,3.1399570715517884e-06,0.0,0.9813315922286321,3.1399570715517884e-06,,,,
3993,0.001,adam,3994,111.12521886825562,3.1515079230753193e-06,0.0,1.0829264565293133,3.1515079230753193e-06,,,,
3994,0.001,adam,3995,111.15218806266785,3.166309746242208e-06,0.0,1.0349552340771742,3.166309746242208e-06,,,,
3995,0.001,adam,3996,111.17829370498657,3.193377106735565e-06,0.0,1.0016512005961489,3.193377106735565e-06,,,,
3996,0.001,adam,3997,111.20989465713501,3.2385276686560643e-06,0.0,1.0269107878506676,3.2385276686560643e-06,,,,
3997,0.001,adam,3998,111.23812437057495,3.305478982725907e-06,0.0,1.0869245881969583,3.305478982725907e-06,,,,
3998,0.001,adam,3999,111.28232455253601,3.4030292288904387e-06,0.0,1.054324804546998,3.4030292288904387e-06,,,,
3999,0.001,adam,4000,111.31091475486755,3.5468000939309785e-06,0.0,0.9406080491816449,3.5468000939309785e-06,0.005629612546820464,0.0,0.9613079755285772,0.005629612546820464
4000,0.001,adam,4001,111.34705066680908,3.765023494562286e-06,0.0,0.9849299982115841,3.765023494562286e-06,,,,
4001,0.001,adam,4002,111.37440752983093,4.0918694976787406e-06,0.0,0.9698733151040912,4.0918694976787406e-06,,,,
4002,0.001,adam,4003,111.40154194831848,4.58685280390519e-06,0.0,1.052595549699142,4.58685280390519e-06,,,,
4003,0.001,adam,4004,111.43005776405334,5.321776377626063e-06,0.0,0.9252582628330883,5.321776377626063e-06,,,,
4004,0.001,adam,4005,111.45669913291931,6.437912088828931e-06,0.0,1.0552545254904102,6.437912088828931e-06,,,,
4005,0.001,adam,4006,111.48433446884155,8.08586012467281e-06,0.0,1.0378465947868074,8.08586012467281e-06,,,,
4006,0.001,adam,4007,111.51909184455872,1.057947461955528e-05,0.0,0.9172106433213696,1.057947461955528e-05,,,,
4007,0.001,adam,4008,111.54526853561401,1.4141841127752366e-05,0.0,1.0698570295930594,1.4141841127752366e-05,,,,
4008,0.001,adam,4009,111.5887680053711,1.9333787267969443e-05,0.0,0.9307963326497972,1.9333787267969443e-05,,,,
4009,0.001,adam,4010,111.6296033859253,2.6078231319685432e-05,0.0,0.9573423089934799,2.6078231319685432e-05,,,,
4010,0.001,adam,4011,111.65440154075623,3.4797605693801123e-05,0.0,0.9729396351510726,3.4797605693801123e-05,,,,
4011,0.001,adam,4012,111.6807906627655,4.3479431995273776e-05,0.0,0.9171982215483017,4.3479431995273776e-05,,,,
4012,0.001,adam,4013,111.70647931098938,5.0923821733384205e-05,0.0,1.020503204521932,5.0923821733384205e-05,,,,
4013,0.001,adam,4014,111.7318594455719,5.192585606185644e-05,0.0,1.0242562821560095,5.192585606185644e-05,,,,
4014,0.001,adam,4015,111.75681138038635,4.560592407060023e-05,0.0,0.9567699095235984,4.560592407060023e-05,,,,
4015,0.001,adam,4016,111.78321051597595,3.2181627884107014e-05,0.0,1.0928512350997805,3.2181627884107014e-05,,,,
4016,0.001,adam,4017,111.80957531929016,1.8426567704161295e-05,0.0,0.9246610360338796,1.8426567704161295e-05,,,,
4017,0.001,adam,4018,111.83495569229126,1.091088352786098e-05,0.0,0.9775717760149671,1.091088352786098e-05,,,,
4018,0.001,adam,4019,111.85592150688171,1.139922916982229e-05,0.0,1.0043065946216858,1.139922916982229e-05,,,,
4019,0.001,adam,4020,111.88241982460022,1.5683027167639627e-05,0.0,0.9783852171511844,1.5683027167639627e-05,0.0055881955637110455,0.0,0.9501176108698892,0.0055881955637110455
4020,0.001,adam,4021,111.91195726394653,1.7608387399577862e-05,0.0,0.9349672991911347,1.7608387399577862e-05,,,,
4021,0.001,adam,4022,111.93758225440979,1.511433676981186e-05,0.0,0.8988313860547622,1.511433676981186e-05,,,,
4022,0.001,adam,4023,111.96096539497375,1.0399606380411386e-05,0.0,0.962567182579186,1.0399606380411386e-05,,,,
4023,0.001,adam,4024,111.98380970954895,7.790922178392844e-06,0.0,0.9446350609897042,7.790922178392844e-06,,,,
4024,0.001,adam,4025,112.00950193405151,8.543302435804229e-06,0.0,1.0309339383407963,8.543302435804229e-06,,,,
4025,0.001,adam,4026,112.0299870967865,1.0290742252914995e-05,0.0,1.060501920286152,1.0290742252914995e-05,,,,
4026,0.001,adam,4027,112.05244469642639,1.0204654925764092e-05,0.0,1.0806362278649664,1.0204654925764092e-05,,,,
4027,0.001,adam,4028,112.07565331459045,7.984364891330367e-06,0.0,0.9804821845066656,7.984364891330367e-06,,,,
4028,0.001,adam,4029,112.09812951087952,5.980928904852968e-06,0.0,0.9530301200385581,5.980928904852968e-06,,,,
4029,0.001,adam,4030,112.11844539642334,6.039687093642578e-06,0.0,1.0552959208407835,6.039687093642578e-06,,,,
4030,0.001,adam,4031,112.14168977737427,7.616451456484583e-06,0.0,0.905933259727737,7.616451456484583e-06,,,,
4031,0.001,adam,4032,112.16378664970398,8.470896899981024e-06,0.0,0.9769379587640806,8.470896899981024e-06,,,,
4032,0.001,adam,4033,112.18485379219055,7.283830614429145e-06,0.0,1.0409856795776147,7.283830614429145e-06,,,,
4033,0.001,adam,4034,112.20802855491638,4.94036325096415e-06,0.0,1.1394182007300833,4.94036325096415e-06,,,,
4034,0.001,adam,4035,112.23053026199341,3.4229030163799796e-06,0.0,1.0260227720927908,3.4229030163799796e-06,,,,
4035,0.001,adam,4036,112.2527391910553,3.7357820827109972e-06,0.0,0.9624109956733244,3.7357820827109972e-06,,,,
4036,0.001,adam,4037,112.27607131004333,5.083227795314751e-06,0.0,1.06956607605014,5.083227795314751e-06,,,,
4037,0.001,adam,4038,112.30082368850708,5.936391772552675e-06,0.0,0.9703386057982399,5.936391772552675e-06,,,,
4038,0.001,adam,4039,112.32113790512085,5.559803572036217e-06,0.0,0.9487496525697031,5.559803572036217e-06,,,,
4039,0.001,adam,4040,112.34573531150818,4.490807307461659e-06,0.0,0.9394068220760616,4.490807307461659e-06,0.005602463986148602,0.0,0.9579363799695019,0.005602463986148602
4040,0.001,adam,4041,112.3853120803833,3.7280163789688046e-06,0.0,1.030033525282976,3.7280163789688046e-06,,,,
4041,0.001,adam,4042,112.41565990447998,3.7004738343791003e-06,0.0,2.0985455692754624,3.7004738343791003e-06,,,,
4042,0.001,adam,4043,112.46060872077942,4.043829694209613e-06,0.0,0.9774833964138636,4.043829694209613e-06,,,,
4043,0.001,adam,4044,112.49095225334167,4.1826440052840625e-06,0.0,1.0411330059721897,4.1826440052840625e-06,,,,
4044,0.001,adam,4045,112.52091574668884,3.950819932119598e-06,0.0,1.0681857080542394,3.950819932119598e-06,,,,
4045,0.001,adam,4046,112.55512237548828,3.6503448922169364e-06,0.0,0.951497115515302,3.6503448922169364e-06,,,,
4046,0.001,adam,4047,112.59730386734009,3.5994933607924815e-06,0.0,0.9907294910147908,3.5994933607924815e-06,,,,
4047,0.001,adam,4048,112.62834286689758,3.779073864509858e-06,0.0,1.0474600117516644,3.779073864509858e-06,,,,
4048,0.001,adam,4049,112.67264080047607,3.896379104004982e-06,0.0,1.021358419181581,3.896379104004982e-06,,,,
4049,0.001,adam,4050,112.71400356292725,3.738822629386533e-06,0.0,1.013262191938806,3.738822629386533e-06,,,,
4050,0.001,adam,4051,112.75312376022339,3.3924978575645973e-06,0.0,1.0567246917851307,3.3924978575645973e-06,,,,
4051,0.001,adam,4052,112.78882241249084,3.1217432993184583e-06,0.0,1.0093151442055248,3.1217432993184583e-06,,,,
4052,0.001,adam,4053,112.81697702407837,3.1044087654162403e-06,0.0,0.8725185008581381,3.1044087654162403e-06,,,,
4053,0.001,adam,4054,112.85718417167664,3.278496464161613e-06,0.0,1.0215573996525797,3.278496464161613e-06,,,,
4054,0.001,adam,4055,112.89719820022583,3.4387610409170937e-06,0.0,1.0081472090315262,3.4387610409170937e-06,,,,
4055,0.001,adam,4056,112.92237043380737,3.4375155743086784e-06,0.0,0.990129284232524,3.4375155743086784e-06,,,,
4056,0.001,adam,4057,112.9491126537323,3.290311700729741e-06,0.0,0.9163293930458142,3.290311700729741e-06,,,,
4057,0.001,adam,4058,112.97573041915894,3.124349391952474e-06,0.0,0.9895069369118982,3.124349391952474e-06,,,,
4058,0.001,adam,4059,113.00194430351257,3.043956445323719e-06,0.0,0.9962736623715024,3.043956445323719e-06,,,,
4059,0.001,adam,4060,113.02866458892822,3.054907100743006e-06,0.0,1.016026212922762,3.054907100743006e-06,0.005609717165312464,0.0,0.9587234006558819,0.005609717165312464
4060,0.001,adam,4061,113.06356644630432,3.089274828017851e-06,0.0,1.0068344876448765,3.089274828017851e-06,,,,
4061,0.001,adam,4062,113.08992910385132,3.084965494388993e-06,0.0,0.9637259442672068,3.084965494388993e-06,,,,
4062,0.001,adam,4063,113.11553239822388,3.038815508841053e-06,0.0,0.965244153595324,3.038815508841053e-06,,,,
4063,0.001,adam,4064,113.14081645011902,2.994177307770277e-06,0.0,1.0013119641551544,2.994177307770277e-06,,,,
4064,0.001,adam,4065,113.16808366775513,2.9899483156225425e-06,0.0,0.8725771006070439,2.9899483156225425e-06,,,,
4065,0.001,adam,4066,113.19443678855896,3.023004599574787e-06,0.0,1.0309276446218034,3.023004599574787e-06,,,,
4066,0.001,adam,4067,113.21758985519409,3.0557805453410172e-06,0.0,1.0350909690704535,3.0557805453410172e-06,,,,
4067,0.001,adam,4068,113.23975777626038,3.05280632588368e-06,0.0,0.994162782717811,3.05280632588368e-06,,,,
4068,0.001,adam,4069,113.26085329055786,3.010343875028515e-06,0.0,0.9806697179432436,3.010343875028515e-06,,,,
4069,0.001,adam,4070,113.28148031234741,2.9543591572590295e-06,0.0,0.9700882232218433,2.9543591572590295e-06,,,,
4070,0.001,adam,4071,113.30312490463257,2.91659281883963e-06,0.0,0.9975380149180009,2.91659281883963e-06,,,,
4071,0.001,adam,4072,113.3254017829895,2.9106068031818084e-06,0.0,0.9911925043826983,2.9106068031818084e-06,,,,
4072,0.001,adam,4073,113.35304737091064,2.9267503242285954e-06,0.0,1.0065821431114408,2.9267503242285954e-06,,,,
4073,0.001,adam,4074,113.38075423240662,2.9444406990164113e-06,0.0,0.9928257418130716,2.9444406990164113e-06,,,,
4074,0.001,adam,4075,113.40731382369995,2.9489157810096712e-06,0.0,0.9983818332880636,2.9489157810096712e-06,,,,
4075,0.001,adam,4076,113.4579381942749,2.9396780796624782e-06,0.0,0.9582942758539714,2.9396780796624782e-06,,,,
4076,0.001,adam,4077,113.49386811256409,2.9267540292357094e-06,0.0,0.996211162919302,2.9267540292357094e-06,,,,
4077,0.001,adam,4078,113.51848435401917,2.9209107337508093e-06,0.0,0.9892864895688571,2.9209107337508093e-06,,,,
4078,0.001,adam,4079,113.55098938941956,2.9258510767617806e-06,0.0,0.9345787684850911,2.9258510767617806e-06,,,,
4079,0.001,adam,4080,113.57719039916992,2.937703136740061e-06,0.0,1.0113901632836204,2.937703136740061e-06,0.005614629917041228,0.0,0.9581105032139252,0.005614629917041228
4080,0.001,adam,4081,113.6110372543335,2.950244155231638e-06,0.0,0.9862165056795753,2.950244155231638e-06,,,,
4081,0.001,adam,4082,113.6389513015747,2.961449711500593e-06,0.0,0.9700515511449499,2.961449711500593e-06,,,,
4082,0.001,adam,4083,113.66159224510193,2.9763696001097715e-06,0.0,0.9087777527075819,2.9763696001097715e-06,,,,
4083,0.001,adam,4084,113.68413090705872,3.0060088294692133e-06,0.0,1.0984219873882115,3.0060088294692133e-06,,,,
4084,0.001,adam,4085,113.70573210716248,3.0641938280315137e-06,0.0,0.9635211074205057,3.0641938280315137e-06,,,,
4085,0.001,adam,4086,113.72930645942688,3.166193220178645e-06,0.0,1.0398471651917638,3.166193220178645e-06,,,,
4086,0.001,adam,4087,113.75075459480286,3.331977276202507e-06,0.0,0.9774479430945746,3.331977276202507e-06,,,,
4087,0.001,adam,4088,113.77306318283081,3.593699711314688e-06,0.0,1.0183214414377697,3.593699711314688e-06,,,,
4088,0.001,adam,4089,113.79403591156006,4.008115420066691e-06,0.0,0.9772345920348288,4.008115420066691e-06,,,,
4089,0.001,adam,4090,113.81615114212036,4.671761719704313e-06,0.0,1.1322149238648933,4.671761719704313e-06,,,,
4090,0.001,adam,4091,113.83607125282288,5.7505622971255595e-06,0.0,1.0638302095347738,5.7505622971255595e-06,,,,
4091,0.001,adam,4092,113.85751366615295,7.507230507589589e-06,0.0,0.9513771855565357,7.507230507589589e-06,,,,
4092,0.001,adam,4093,113.87909269332886,1.0397239602261851e-05,0.0,1.0531465419198844,1.0397239602261851e-05,,,,
4093,0.001,adam,4094,113.90060424804688,1.5086284797185701e-05,0.0,0.9509367885521378,1.5086284797185701e-05,,,,
4094,0.001,adam,4095,113.92543363571167,2.2747272188904043e-05,0.0,1.0326480861594913,2.2747272188904043e-05,,,,
4095,0.001,adam,4096,113.94698739051819,3.475212759111108e-05,0.0,0.993530181056844,3.475212759111108e-05,,,,
4096,0.001,adam,4097,113.96826195716858,5.3376529899998235e-05,0.0,0.9454886014428062,5.3376529899998235e-05,,,,
4097,0.001,adam,4098,113.98898267745972,7.915534545703629e-05,0.0,0.9724795086640023,7.915534545703629e-05,,,,
4098,0.001,adam,4099,114.01505923271179,0.00011205750314137119,0.0,0.9869667714480903,0.00011205750314137119,,,,
4099,0.001,adam,4100,114.03744101524353,0.0001408298839457146,0.0,0.9355615660527901,0.0001408298839457146,0.005898087904362043,0.0,0.9683989390781015,0.005898087904362043
4100,0.001,adam,4101,114.09281754493713,0.00015215694960502474,0.0,1.0319710394581296,0.00015215694960502474,,,,
4101,0.001,adam,4102,114.11966347694397,0.00012469699744221743,0.0,0.9937783310215818,0.00012469699744221743,,,,
4102,0.001,adam,4103,114.14161682128906,6.97923015727449e-05,0.0,1.0373786872727357,6.97923015727449e-05,,,,
4103,0.001,adam,4104,114.19851279258728,2.2956748856811558e-05,0.0,1.0171798032440038,2.2956748856811558e-05,,,,
4104,0.001,adam,4105,114.22278881072998,1.654020414757072e-05,0.0,1.0514571589912798,1.654020414757072e-05,,,,
4105,0.001,adam,4106,114.25525188446045,3.9574027326555573e-05,0.0,0.971193560524681,3.9574027326555573e-05,,,,
4106,0.001,adam,4107,114.28552746772766,5.3142028287334416e-05,0.0,0.989863615398003,5.3142028287334416e-05,,,,
4107,0.001,adam,4108,114.31088399887085,4.044593106283468e-05,0.0,0.9140717578107427,4.044593106283468e-05,,,,
4108,0.001,adam,4109,114.34804773330688,1.9940380112633805e-05,0.0,0.9825068588499348,1.9940380112633805e-05,,,,
4109,0.001,adam,4110,114.3896632194519,1.7876968552171435e-05,0.0,0.9755924465062623,1.7876968552171435e-05,,,,
4110,0.001,adam,4111,114.42123317718506,2.8647756542275914e-05,0.0,1.0465408376484713,2.8647756542275914e-05,,,,
4111,0.001,adam,4112,114.45599961280823,2.9387386962759777e-05,0.0,0.9685993239620642,2.9387386962759777e-05,,,,
4112,0.001,adam,4113,114.48593544960022,1.711819566566746e-05,0.0,0.9422148200744573,1.711819566566746e-05,,,,
4113,0.001,adam,4114,114.5213303565979,9.528116466177063e-06,0.0,1.0258225791786475,9.528116466177063e-06,,,,
4114,0.001,adam,4115,114.5533881187439,1.4961562311448269e-05,0.0,0.9985210505558438,1.4961562311448269e-05,,,,
4115,0.001,adam,4116,114.58550429344177,2.0208928280810577e-05,0.0,0.992298748990434,2.0208928280810577e-05,,,,
4116,0.001,adam,4117,114.61704063415527,1.5223704807821224e-05,0.0,0.9926648398338866,1.5223704807821224e-05,,,,
4117,0.001,adam,4118,114.65776562690735,8.2400477727159e-06,0.0,0.99542618815886,8.2400477727159e-06,,,,
4118,0.001,adam,4119,114.69233322143555,9.422369223740241e-06,0.0,0.8633772528972037,9.422369223740241e-06,,,,
4119,0.001,adam,4120,114.71775031089783,1.3990596318718764e-05,0.0,1.019087155705929,1.3990596318718764e-05,0.005643792630422383,0.0,0.9627524968341807,0.005643792630422383
4120,0.001,adam,4121,114.75392651557922,1.2203950011785193e-05,0.0,0.9192180200622874,1.2203950011785193e-05,,,,
4121,0.001,adam,4122,114.78993535041809,6.257020560872196e-06,0.0,0.9749603667987017,6.257020560872196e-06,,,,
4122,0.001,adam,4123,114.82124757766724,5.134440352993959e-06,0.0,0.9685809532176751,5.134440352993959e-06,,,,
4123,0.001,adam,4124,114.85942649841309,9.130723408683851e-06,0.0,1.0157245456323616,9.130723408683851e-06,,,,
4124,0.001,adam,4125,114.8987226486206,1.0667965680388088e-05,0.0,0.92940874319643,1.0667965680388088e-05,,,,
4125,0.001,adam,4126,114.92618703842163,7.31929492362634e-06,0.0,0.9765896387932702,7.31929492362634e-06,,,,
4126,0.001,adam,4127,114.9701669216156,4.403060044750102e-06,0.0,0.9672257804035913,4.403060044750102e-06,,,,
4127,0.001,adam,4128,115.00789523124695,5.341400521587152e-06,0.0,0.9968803778630578,5.341400521587152e-06,,,,
4128,0.001,adam,4129,115.0388491153717,7.093454546880653e-06,0.0,0.9793409130984199,7.093454546880653e-06,,,,
4129,0.001,adam,4130,115.08539175987244,6.363507708149805e-06,0.0,1.032146538846088,6.363507708149805e-06,,,,
4130,0.001,adam,4131,115.1168212890625,4.590832439458742e-06,0.0,1.0424845172860748,4.590832439458742e-06,,,,
4131,0.001,adam,4132,115.15571641921997,4.454842573771342e-06,0.0,1.0198749036467627,4.454842573771342e-06,,,,
4132,0.001,adam,4133,115.20091223716736,5.433777486775956e-06,0.0,0.9992826095331138,5.433777486775956e-06,,,,
4133,0.001,adam,4134,115.2387752532959,5.4117155255095e-06,0.0,0.9833754438645362,5.4117155255095e-06,,,,
4134,0.001,adam,4135,115.26489305496216,4.325916300908018e-06,0.0,0.9114367026997211,4.325916300908018e-06,,,,
4135,0.001,adam,4136,115.29137825965881,3.788989412941133e-06,0.0,1.0022894137848621,3.788989412941133e-06,,,,
4136,0.001,adam,4137,115.34745788574219,4.221759806756611e-06,0.0,0.9839153993000778,4.221759806756611e-06,,,,
4137,0.001,adam,4138,115.40409255027771,4.4770351320443825e-06,0.0,0.9022853381056783,4.4770351320443825e-06,,,,
4138,0.001,adam,4139,115.4308454990387,3.986748437847524e-06,0.0,1.0056090925187846,3.986748437847524e-06,,,,
4139,0.001,adam,4140,115.47192144393921,3.5153088099002877e-06,0.0,0.9612427272735561,3.5153088099002877e-06,0.005625276179440862,0.0,0.964482488332201,0.005625276179440862
4140,0.001,adam,4141,115.51985335350037,3.696332120000121e-06,0.0,1.0227611232090539,3.696332120000121e-06,,,,
4141,0.001,adam,4142,115.55033922195435,4.027581701519322e-06,0.0,0.930005041582513,4.027581701519322e-06,,,,
4142,0.001,adam,4143,115.59751963615417,3.81458960243576e-06,0.0,1.0402802661481978,3.81458960243576e-06,,,,
4143,0.001,adam,4144,115.64161849021912,3.2934211981243403e-06,0.0,1.0748002983405636,3.2934211981243403e-06,,,,
4144,0.001,adam,4145,115.67211294174194,3.1378534499350364e-06,0.0,0.9229788689813303,3.1378534499350364e-06,,,,
4145,0.001,adam,4146,115.69784784317017,3.4103856812437346e-06,0.0,1.0044530303371186,3.4103856812437346e-06,,,,
4146,0.001,adam,4147,115.72491931915283,3.580370350334091e-06,0.0,0.9730053249251132,3.580370350334091e-06,,,,
4147,0.001,adam,4148,115.75411677360535,3.371038678447839e-06,0.0,0.9977546628484573,3.371038678447839e-06,,,,
4148,0.001,adam,4149,115.78019642829895,3.0952360966060323e-06,0.0,1.0163498525398171,3.0952360966060323e-06,,,,
4149,0.001,adam,4150,115.80692076683044,3.090096536303277e-06,0.0,1.0286834122525688,3.090096536303277e-06,,,,
4150,0.001,adam,4151,115.83528113365173,3.2499471095988867e-06,0.0,1.0145833733225564,3.2499471095988867e-06,,,,
4151,0.001,adam,4152,115.85632729530334,3.2665987346667636e-06,0.0,1.0718776386661077,3.2665987346667636e-06,,,,
4152,0.001,adam,4153,115.87776112556458,3.0903217125142683e-06,0.0,0.9781154588164884,3.0903217125142683e-06,,,,
4153,0.001,adam,4154,115.89837956428528,2.943832891664224e-06,0.0,0.9498220218383355,2.943832891664224e-06,,,,
4154,0.001,adam,4155,115.91916370391846,2.9638303916224e-06,0.0,0.9776330993623134,2.9638303916224e-06,,,,
4155,0.001,adam,4156,115.9420371055603,3.047012827379654e-06,0.0,0.9424663620338467,3.047012827379654e-06,,,,
4156,0.001,adam,4157,115.96528506278992,3.045548816334576e-06,0.0,0.984971501728452,3.045548816334576e-06,,,,
4157,0.001,adam,4158,115.988929271698,2.9667113442333355e-06,0.0,1.0003988033021618,2.9667113442333355e-06,,,,
4158,0.001,adam,4159,116.00823545455933,2.919181514297614e-06,0.0,0.8822441922678582,2.919181514297614e-06,,,,
4159,0.001,adam,4160,116.03085541725159,2.9382480274687653e-06,0.0,0.9973565993716669,2.9382480274687653e-06,0.005639279736638487,0.0,0.9650301471055769,0.005639279736638487
4160,0.001,adam,4161,116.06111669540405,2.95695664189169e-06,0.0,0.905032202967643,2.95695664189169e-06,,,,
4161,0.001,adam,4162,116.0993754863739,2.922281113929495e-06,0.0,0.9690923488676505,2.922281113929495e-06,,,,
4162,0.001,adam,4163,116.12951135635376,2.8659996781207827e-06,0.0,0.9889168596078374,2.8659996781207827e-06,,,,
4163,0.001,adam,4164,116.16960954666138,2.8462658063873147e-06,0.0,1.1534522088352341,2.8462658063873147e-06,,,,
4164,0.001,adam,4165,116.19511127471924,2.8634955250655777e-06,0.0,0.9740603655908145,2.8634955250655777e-06,,,,
4165,0.001,adam,4166,116.2154471874237,2.870090008429916e-06,0.0,0.9549631186593308,2.870090008429916e-06,,,,
4166,0.001,adam,4167,116.2364592552185,2.842113261034305e-06,0.0,0.9954334640589237,2.842113261034305e-06,,,,
4167,0.001,adam,4168,116.25867867469788,2.8079634892752133e-06,0.0,0.9996587502499501,2.8079634892752133e-06,,,,
4168,0.001,adam,4169,116.28296852111816,2.803240066410151e-06,0.0,1.0306672402362789,2.803240066410151e-06,,,,
4169,0.001,adam,4170,116.30712223052979,2.8224915875102422e-06,0.0,0.9897246906616065,2.8224915875102422e-06,,,,
4170,0.001,adam,4171,116.33003163337708,2.8307652436659626e-06,0.0,1.036799795198002,2.8307652436659626e-06,,,,
4171,0.001,adam,4172,116.35414028167725,2.8102823377226963e-06,0.0,0.9354764080095992,2.8102823377226963e-06,,,,
4172,0.001,adam,4173,116.37811493873596,2.78003022210202e-06,0.0,1.0096705599843765,2.78003022210202e-06,,,,
4173,0.001,adam,4174,116.40062808990479,2.7676048948151677e-06,0.0,2.1113619854578465,2.7676048948151677e-06,,,,
4174,0.001,adam,4175,116.428475856781,2.775575197695694e-06,0.0,0.9650367557473996,2.775575197695694e-06,,,,
4175,0.001,adam,4176,116.4542407989502,2.782689117895304e-06,0.0,0.9569164943015466,2.782689117895304e-06,,,,
4176,0.001,adam,4177,116.48986268043518,2.772774672056427e-06,0.0,1.0173418776551848,2.772774672056427e-06,,,,
4177,0.001,adam,4178,116.51658892631531,2.7526349995801224e-06,0.0,0.9412283919831925,2.7526349995801224e-06,,,,
4178,0.001,adam,4179,116.55696368217468,2.7400916729978634e-06,0.0,1.0046261726528212,2.7400916729978634e-06,,,,
4179,0.001,adam,4180,116.58941173553467,2.7416459287320252e-06,0.0,0.941032731670083,2.7416459287320252e-06,0.005644380549566302,0.0,0.965287170886506,0.005644380549566302
4180,0.001,adam,4181,116.62111043930054,2.747325578840952e-06,0.0,0.9541017794028811,2.747325578840952e-06,,,,
4181,0.001,adam,4182,116.64422559738159,2.745197482540341e-06,0.0,1.1034156023799144,2.745197482540341e-06,,,,
4182,0.001,adam,4183,116.66852617263794,2.7350682137289473e-06,0.0,1.0560720195646063,2.7350682137289473e-06,,,,
4183,0.001,adam,4184,116.69232249259949,2.726065557496647e-06,0.0,0.9800764626609377,2.726065557496647e-06,,,,
4184,0.001,adam,4185,116.71757674217224,2.724202598843383e-06,0.0,1.011523272144625,2.724202598843383e-06,,,,
4185,0.001,adam,4186,116.74047708511353,2.726183542883201e-06,0.0,0.9837550627194439,2.726183542883201e-06,,,,
4186,0.001,adam,4187,116.76387405395508,2.7251382100378906e-06,0.0,1.0783014435729548,2.7251382100378906e-06,,,,
4187,0.001,adam,4188,116.7893614768982,2.7193597005040664e-06,0.0,1.010888782510897,2.7193597005040664e-06,,,,
4188,0.001,adam,4189,116.81163239479065,2.7134145621096e-06,0.0,1.0851705202057786,2.7134145621096e-06,,,,
4189,0.001,adam,4190,116.8476071357727,2.7118427288910723e-06,0.0,1.021433542856823,2.7118427288910723e-06,,,,
4190,0.001,adam,4191,116.8986554145813,2.7141095315298987e-06,0.0,1.0401191985770815,2.7141095315298987e-06,,,,
4191,0.001,adam,4192,116.91749548912048,2.7164168936181254e-06,0.0,0.9152409760518839,2.7164168936181254e-06,,,,
4192,0.001,adam,4193,116.94528865814209,2.717135960443348e-06,0.0,1.1146186560362719,2.717135960443348e-06,,,,
4193,0.001,adam,4194,116.99256157875061,2.7192819895317513e-06,0.0,1.0341589242093754,2.7192819895317513e-06,,,,
4194,0.001,adam,4195,117.03488159179688,2.727797158559883e-06,0.0,1.0017155351605875,2.727797158559883e-06,,,,
4195,0.001,adam,4196,117.09489393234253,2.746000020111993e-06,0.0,0.948714408409786,2.746000020111993e-06,,,,
4196,0.001,adam,4197,117.12294435501099,2.7753309108608333e-06,0.0,0.9750677284968816,2.7753309108608333e-06,,,,
4197,0.001,adam,4198,117.15116763114929,2.8196086709302594e-06,0.0,1.0276252088875961,2.8196086709302594e-06,,,,
4198,0.001,adam,4199,117.19955968856812,2.8884986332953036e-06,0.0,1.0157898142320618,2.8884986332953036e-06,,,,
4199,0.001,adam,4200,117.22834014892578,3.0006699892190192e-06,0.0,0.9780256383874217,3.0006699892190192e-06,0.005649360952470624,0.0,0.9663638726316475,0.005649360952470624
4200,0.001,adam,4201,117.27354836463928,3.183368586965568e-06,0.0,0.9781728323714034,3.183368586965568e-06,,,,
4201,0.001,adam,4202,117.31645822525024,3.4809255038643424e-06,0.0,1.0189649718475422,3.4809255038643424e-06,,,,
4202,0.001,adam,4203,117.3532042503357,3.960288723519326e-06,0.0,0.9485833053845344,3.960288723519326e-06,,,,
4203,0.001,adam,4204,117.401447057724,4.7427705461859045e-06,0.0,1.0364455124388219,4.7427705461859045e-06,,,,
4204,0.001,adam,4205,117.4222469329834,6.0104034393996475e-06,0.0,0.9788459615378617,6.0104034393996475e-06,,,,
4205,0.001,adam,4206,117.45186758041382,8.095237418393777e-06,0.0,1.0266591087046177,8.095237418393777e-06,,,,
4206,0.001,adam,4207,117.47897386550903,1.1443568780953182e-05,0.0,0.9438766015088866,1.1443568780953182e-05,,,,
4207,0.001,adam,4208,117.52400755882263,1.686982576513152e-05,0.0,1.1466110523195219,1.686982576513152e-05,,,,
4208,0.001,adam,4209,117.55870938301086,2.518054087278823e-05,0.0,1.0142471961509858,2.518054087278823e-05,,,,
4209,0.001,adam,4210,117.59605598449707,3.773489973460952e-05,0.0,0.9314126596068208,3.773489973460952e-05,,,,
4210,0.001,adam,4211,117.64752411842346,5.422080780405677e-05,0.0,1.0853394139479122,5.422080780405677e-05,,,,
4211,0.001,adam,4212,117.6765947341919,7.360926999046603e-05,0.0,1.0292477730396206,7.360926999046603e-05,,,,
4212,0.001,adam,4213,117.71800518035889,8.7735124762127e-05,0.0,0.9926200111856659,8.7735124762127e-05,,,,
4213,0.001,adam,4214,117.74868440628052,8.803172442729996e-05,0.0,0.9800185097135674,8.803172442729996e-05,,,,
4214,0.001,adam,4215,117.77879810333252,6.71160493049903e-05,0.0,1.0989223016032632,6.71160493049903e-05,,,,
4215,0.001,adam,4216,117.8341007232666,3.565725293953222e-05,0.0,0.9714611517877618,3.565725293953222e-05,,,,
4216,0.001,adam,4217,117.86664509773254,1.6658163300458888e-05,0.0,1.0888714020584103,1.6658163300458888e-05,,,,
4217,0.001,adam,4218,117.9265444278717,2.105678825870246e-05,0.0,0.9485638098698435,2.105678825870246e-05,,,,
4218,0.001,adam,4219,117.96029019355774,3.5075075855553e-05,0.0,0.9347585918788518,3.5075075855553e-05,,,,
4219,0.001,adam,4220,118.01739573478699,3.52664599665236e-05,0.0,0.9977087053387217,3.52664599665236e-05,0.005581960259112831,0.0,0.9606525991926806,0.005581960259112831
4220,0.001,adam,4221,118.10374069213867,1.9903772666857368e-05,0.0,0.9094470883223262,1.9903772666857368e-05,,,,
4221,0.001,adam,4222,118.14638209342957,7.078026189706372e-06,0.0,1.171375816953417,7.078026189706372e-06,,,,
4222,0.001,adam,4223,118.19925332069397,1.0451590052025256e-05,0.0,0.9600755489266373,1.0451590052025256e-05,,,,
4223,0.001,adam,4224,118.22545528411865,2.0418139976732323e-05,0.0,1.0327502405654965,2.0418139976732323e-05,,,,
4224,0.001,adam,4225,118.25464987754822,2.0527293930089525e-05,0.0,0.9855005113632688,2.0527293930089525e-05,,,,
4225,0.001,adam,4226,118.28175115585327,1.1397302186740787e-05,0.0,1.1034346667184682,1.1397302186740787e-05,,,,
4226,0.001,adam,4227,118.31161093711853,6.092468630402584e-06,0.0,1.0512072397229995,6.092468630402584e-06,,,,
4227,0.001,adam,4228,118.33849477767944,1.0114792132316314e-05,0.0,0.9782050522987259,1.0114792132316314e-05,,,,
4228,0.001,adam,4229,118.36511445045471,1.480853365338307e-05,0.0,0.9801824284171989,1.480853365338307e-05,,,,
4229,0.001,adam,4230,118.39270210266113,1.2279258234655768e-05,0.0,0.9483463607730378,1.2279258234655768e-05,,,,
4230,0.001,adam,4231,118.4188380241394,6.425661486613552e-06,0.0,1.0282075729250553,6.425661486613552e-06,,,,
4231,0.001,adam,4232,118.44312310218811,4.925438626154155e-06,0.0,0.9805644224799759,4.925438626154155e-06,,,,
4232,0.001,adam,4233,118.46772980690002,7.751109332893232e-06,0.0,1.0496602532967363,7.751109332893232e-06,,,,
4233,0.001,adam,4234,118.48954939842224,9.049082776667008e-06,0.0,0.9261803076446207,9.049082776667008e-06,,,,
4234,0.001,adam,4235,118.5145890712738,6.728912501853583e-06,0.0,0.9394305326991189,6.728912501853583e-06,,,,
4235,0.001,adam,4236,118.54510402679443,4.553632138993355e-06,0.0,0.930710530324076,4.553632138993355e-06,,,,
4236,0.001,adam,4237,118.56889963150024,5.2750524047449115e-06,0.0,1.0287605388165857,5.2750524047449115e-06,,,,
4237,0.001,adam,4238,118.58849596977234,6.900544863618668e-06,0.0,1.0208757303768299,6.900544863618668e-06,,,,
4238,0.001,adam,4239,118.61702609062195,6.626030827818995e-06,0.0,0.956977096394317,6.626030827818995e-06,,,,
4239,0.001,adam,4240,118.64184284210205,4.852421342294601e-06,0.0,1.0056264192892712,4.852421342294601e-06,0.0056062792889890484,0.0,0.9664239400653402,0.0056062792889890484
4240,0.001,adam,4241,118.67472672462463,3.904623689281198e-06,0.0,1.0485999766378487,3.904623689281198e-06,,,,
4241,0.001,adam,4242,118.6949257850647,4.337016624430641e-06,0.0,0.996891929192899,4.337016624430641e-06,,,,
4242,0.001,adam,4243,118.72413110733032,4.754035681696285e-06,0.0,1.0453736792222093,4.754035681696285e-06,,,,
4243,0.001,adam,4244,118.7584536075592,4.31631580437038e-06,0.0,1.036238196237233,4.31631580437038e-06,,,,
4244,0.001,adam,4245,118.7795774936676,3.7040987364135726e-06,0.0,0.9369757040221718,3.7040987364135726e-06,,,,
4245,0.001,adam,4246,118.8024034500122,3.725530851576308e-06,0.0,0.9900640076567034,3.725530851576308e-06,,,,
4246,0.001,adam,4247,118.82699513435364,4.102565911956255e-06,0.0,1.0588789082032075,4.102565911956255e-06,,,,
4247,0.001,adam,4248,118.85264134407043,4.106988970590301e-06,0.0,1.0860755594581288,4.106988970590301e-06,,,,
4248,0.001,adam,4249,118.87868165969849,3.671162341133721e-06,0.0,1.0967788513835832,3.671162341133721e-06,,,,
4249,0.001,adam,4250,118.90686368942261,3.3188554208663107e-06,0.0,1.0109355893865857,3.3188554208663107e-06,,,,
4250,0.001,adam,4251,118.92979979515076,3.33520541167414e-06,0.0,1.0491273755589323,3.33520541167414e-06,,,,
4251,0.001,adam,4252,118.95208764076233,3.4645479522818264e-06,0.0,0.8786906006917695,3.4645479522818264e-06,,,,
4252,0.001,adam,4253,118.97414207458496,3.3884246025516528e-06,0.0,1.0200043427294445,3.3884246025516528e-06,,,,
4253,0.001,adam,4254,119.01115918159485,3.156350570590575e-06,0.0,1.0472795868987448,3.156350570590575e-06,,,,
4254,0.001,adam,4255,119.04222536087036,3.018697162068235e-06,0.0,0.9631929872176134,3.018697162068235e-06,,,,
4255,0.001,adam,4256,119.08936810493469,3.057749751326527e-06,0.0,1.0737760653964012,3.057749751326527e-06,,,,
4256,0.001,adam,4257,119.13252472877502,3.1224875895036656e-06,0.0,0.9976228052657433,3.1224875895036656e-06,,,,
4257,0.001,adam,4258,119.16337299346924,3.0712070608599232e-06,0.0,0.9341172805023715,3.0712070608599232e-06,,,,
4258,0.001,adam,4259,119.19459867477417,2.9515059156372496e-06,0.0,0.9994237991342182,2.9515059156372496e-06,,,,
4259,0.001,adam,4260,119.23087525367737,2.895262162371489e-06,0.0,1.0281574018641115,2.895262162371489e-06,0.005616948934705113,0.0,0.9655135147333456,0.005616948934705113
4260,0.001,adam,4261,119.26559591293335,2.9276730457876736e-06,0.0,0.9879654132379538,2.9276730457876736e-06,,,,
4261,0.001,adam,4262,119.30216336250305,2.9532562215269274e-06,0.0,1.0049214050230737,2.9532562215269274e-06,,,,
4262,0.001,adam,4263,119.33192896842957,2.900211510060564e-06,0.0,1.0611083337195886,2.900211510060564e-06,,,,
4263,0.001,adam,4264,119.364333152771,2.8134526608616032e-06,0.0,1.0613133818038378,2.8134526608616032e-06,,,,
4264,0.001,adam,4265,119.393070936203,2.7784080390026173e-06,0.0,1.0215742542992592,2.7784080390026173e-06,,,,
4265,0.001,adam,4266,119.41609764099121,2.7996542302597484e-06,0.0,1.0261050300414092,2.7996542302597484e-06,,,,
4266,0.001,adam,4267,119.44103765487671,2.803296569161804e-06,0.0,1.0248940993976028,2.803296569161804e-06,,,,
4267,0.001,adam,4268,119.46909666061401,2.744866007850959e-06,0.0,1.04898740444234,2.744866007850959e-06,,,,
4268,0.001,adam,4269,119.49463987350464,2.6697140682392354e-06,0.0,0.994400513945228,2.6697140682392354e-06,,,,
4269,0.001,adam,4270,119.52391481399536,2.648431117518708e-06,0.0,1.0119452385961074,2.648431117518708e-06,,,,
4270,0.001,adam,4271,119.60125255584717,2.68329809903392e-06,0.0,0.9136058285123505,2.68329809903392e-06,,,,
4271,0.001,adam,4272,119.63334655761719,2.7107842251903776e-06,0.0,1.026099577261114,2.7107842251903776e-06,,,,
4272,0.001,adam,4273,119.66095447540283,2.6877712383387827e-06,0.0,0.9409013566493151,2.6877712383387827e-06,,,,
4273,0.001,adam,4274,119.68897604942322,2.6420875703755868e-06,0.0,0.9754660447276192,2.6420875703755868e-06,,,,
4274,0.001,adam,4275,119.71756148338318,2.6265926758758827e-06,0.0,1.030440287408521,2.6265926758758827e-06,,,,
4275,0.001,adam,4276,119.7572386264801,2.648702874931825e-06,0.0,0.9626646688391045,2.648702874931825e-06,,,,
4276,0.001,adam,4277,119.79356908798218,2.6666505930613697e-06,0.0,1.101277275062485,2.6666505930613697e-06,,,,
4277,0.001,adam,4278,119.82506155967712,2.6482977742286077e-06,0.0,1.0068535569995034,2.6482977742286077e-06,,,,
4278,0.001,adam,4279,119.8653655052185,2.610779449702027e-06,0.0,1.046508557726878,2.610779449702027e-06,,,,
4279,0.001,adam,4280,119.90358591079712,2.5933828432097577e-06,0.0,0.940548379432367,2.5933828432097577e-06,0.0056258986921355085,0.0,0.9646796602817587,0.0056258986921355085
4280,0.001,adam,4281,119.94441723823547,2.6071158062070745e-06,0.0,0.9712244387591025,2.6071158062070745e-06,,,,
4281,0.001,adam,4282,120.0077257156372,2.625088753411986e-06,0.0,0.9454222757977805,2.625088753411986e-06,,,,
4282,0.001,adam,4283,120.0321671962738,2.6198262904419426e-06,0.0,0.9563043335764352,2.6198262904419426e-06,,,,
4283,0.001,adam,4284,120.06126070022583,2.5954423738122818e-06,0.0,0.9503276110099252,2.5954423738122818e-06,,,,
4284,0.001,adam,4285,120.10254311561584,2.577755131721367e-06,0.0,1.037511501455943,2.577755131721367e-06,,,,
4285,0.001,adam,4286,120.137042760849,2.5809841666294987e-06,0.0,1.0636253729485436,2.5809841666294987e-06,,,,
4286,0.001,adam,4287,120.15724682807922,2.593887953680785e-06,0.0,1.0489221902824473,2.593887953680785e-06,,,,
4287,0.001,adam,4288,120.18373608589172,2.5971473580738284e-06,0.0,1.0354839868651253,2.5971473580738284e-06,,,,
4288,0.001,adam,4289,120.21090054512024,2.5864099957661e-06,0.0,1.1100159793136373,2.5864099957661e-06,,,,
4289,0.001,adam,4290,120.2477958202362,2.5741447423731294e-06,0.0,1.0209110575285076,2.5741447423731294e-06,,,,
4290,0.001,adam,4291,120.27807688713074,2.572861869351115e-06,0.0,1.0590083899957992,2.572861869351115e-06,,,,
4291,0.001,adam,4292,120.31364941596985,2.5819918564251416e-06,0.0,0.9082067054705286,2.5819918564251416e-06,,,,
4292,0.001,adam,4293,120.3495352268219,2.5919176447093877e-06,0.0,1.0717992520480657,2.5919176447093877e-06,,,,
4293,0.001,adam,4294,120.37309622764587,2.596674740724501e-06,0.0,0.9540437018332362,2.596674740724501e-06,,,,
4294,0.001,adam,4295,120.39864301681519,2.600194427995012e-06,0.0,0.9737800802166747,2.600194427995012e-06,,,,
4295,0.001,adam,4296,120.42352318763733,2.610739536565757e-06,0.0,1.026167737819864,2.610739536565757e-06,,,,
4296,0.001,adam,4297,120.4635181427002,2.6330258041620103e-06,0.0,0.9505376797663617,2.6330258041620103e-06,,,,
4297,0.001,adam,4298,120.48913049697876,2.666214933332292e-06,0.0,0.9729951426024657,2.666214933332292e-06,,,,
4298,0.001,adam,4299,120.51503419876099,2.7092082640657926e-06,0.0,0.9773957694481039,2.7092082640657926e-06,,,,
4299,0.001,adam,4300,120.54274368286133,2.7654159736199943e-06,0.0,1.1008894975958665,2.7654159736199943e-06,0.00563252671305436,0.0,0.9639811073689954,0.00563252671305436
4300,0.001,adam,4301,120.5784285068512,2.8444983861847073e-06,0.0,0.9892586503743775,2.8444983861847073e-06,,,,
4301,0.001,adam,4302,120.60467195510864,2.959290305322144e-06,0.0,0.989063145444654,2.959290305322144e-06,,,,
4302,0.001,adam,4303,120.63738799095154,3.1261087717978887e-06,0.0,1.064895149442096,3.1261087717978887e-06,,,,
4303,0.001,adam,4304,120.66463541984558,3.3652710757923044e-06,0.0,0.98992547966734,3.3652710757923044e-06,,,,
4304,0.001,adam,4305,120.68551230430603,3.7093563558620083e-06,0.0,0.9645779111862479,3.7093563558620083e-06,,,,
4305,0.001,adam,4306,120.70735454559326,4.205170892359863e-06,0.0,0.9822506830436624,4.205170892359863e-06,,,,
4306,0.001,adam,4307,120.72909593582153,4.928786458522464e-06,0.0,0.9859388088338484,4.928786458522464e-06,,,,
4307,0.001,adam,4308,120.75261783599854,5.983069096211971e-06,0.0,1.0224084902406128,5.983069096211971e-06,,,,
4308,0.001,adam,4309,120.7754271030426,7.531582850959894e-06,0.0,0.9484541299738456,7.531582850959894e-06,,,,
4309,0.001,adam,4310,120.80069303512573,9.780494465954824e-06,0.0,1.033126021304323,9.780494465954824e-06,,,,
4310,0.001,adam,4311,120.84700584411621,1.3054083601400981e-05,0.0,1.0399695710791412,1.3054083601400981e-05,,,,
4311,0.001,adam,4312,120.8715307712555,1.769508537541927e-05,0.0,0.9809185737742301,1.769508537541927e-05,,,,
4312,0.001,adam,4313,120.9162929058075,2.4197988225117703e-05,0.0,1.0190195210090343,2.4197988225117703e-05,,,,
4313,0.001,adam,4314,120.9692976474762,3.278437257257449e-05,0.0,0.9640127563866608,3.278437257257449e-05,,,,
4314,0.001,adam,4315,121.01096081733704,4.356595010135554e-05,0.0,0.9409304350442064,4.356595010135554e-05,,,,
4315,0.001,adam,4316,121.05707120895386,5.532524813557037e-05,0.0,0.9409008268528165,5.532524813557037e-05,,,,
4316,0.001,adam,4317,121.09733366966248,6.597744625358876e-05,0.0,1.0087955181185815,6.597744625358876e-05,,,,
4317,0.001,adam,4318,121.13355469703674,7.13868303850923e-05,0.0,0.921541509596468,7.13868303850923e-05,,,,
4318,0.001,adam,4319,121.16426730155945,6.797078806836881e-05,0.0,0.9416168941910936,6.797078806836881e-05,,,,
4319,0.001,adam,4320,121.19098472595215,5.5010589872785454e-05,0.0,1.0128375008673296,5.5010589872785454e-05,0.00563188208286052,0.0,0.9553578504647546,0.00563188208286052
4320,0.001,adam,4321,121.22694849967957,3.6377024135091855e-05,0.0,1.063134450469669,3.6377024135091855e-05,,,,
4321,0.001,adam,4322,121.2523078918457,2.057894130172941e-05,0.0,1.0242781267814842,2.057894130172941e-05,,,,
4322,0.001,adam,4323,121.28037977218628,1.3543301783108476e-05,0.0,1.0674779445765439,1.3543301783108476e-05,,,,
4323,0.001,adam,4324,121.30635523796082,1.621112800519258e-05,0.0,1.1426561150550831,1.621112800519258e-05,,,,
4324,0.001,adam,4325,121.3315749168396,2.3347073818816025e-05,0.0,1.0267435051892086,2.3347073818816025e-05,,,,
4325,0.001,adam,4326,121.35758209228516,2.7871690573297353e-05,0.0,0.9678366987228596,2.7871690573297353e-05,,,,
4326,0.001,adam,4327,121.3843674659729,2.5087145280053455e-05,0.0,0.928201881908539,2.5087145280053455e-05,,,,
4327,0.001,adam,4328,121.41169166564941,1.649262780096339e-05,0.0,0.9969415990688226,1.649262780096339e-05,,,,
4328,0.001,adam,4329,121.43724513053894,7.805261676719432e-06,0.0,1.0264102696028803,7.805261676719432e-06,,,,
4329,0.001,adam,4330,121.46000957489014,4.588443385623663e-06,0.0,1.035455298082292,4.588443385623663e-06,,,,
4330,0.001,adam,4331,121.48167157173157,7.5782186137953235e-06,0.0,2.185269462297293,7.5782186137953235e-06,,,,
4331,0.001,adam,4332,121.503751039505,1.271686407092463e-05,0.0,1.0441781285826464,1.271686407092463e-05,,,,
4332,0.001,adam,4333,121.52556777000427,1.5002139803829767e-05,0.0,2.052630460657979,1.5002139803829767e-05,,,,
4333,0.001,adam,4334,121.5532009601593,1.2476954368599518e-05,0.0,0.9911971835205542,1.2476954368599518e-05,,,,
4334,0.001,adam,4335,121.57473540306091,7.470588995041202e-06,0.0,0.9370901934147262,7.470588995041202e-06,,,,
4335,0.001,adam,4336,121.59722900390625,3.909487293001512e-06,0.0,0.9437344501641707,3.909487293001512e-06,,,,
4336,0.001,adam,4337,121.6203510761261,3.8735648981471745e-06,0.0,1.0177414688480824,3.8735648981471745e-06,,,,
4337,0.001,adam,4338,121.64243078231812,6.19153402691834e-06,0.0,0.9493836161408515,6.19153402691834e-06,,,,
4338,0.001,adam,4339,121.66387915611267,8.120530882561739e-06,0.0,1.0225185601026305,8.120530882561739e-06,,,,
4339,0.001,adam,4340,121.69008135795593,7.91138756291801e-06,0.0,0.9781605816855674,7.91138756291801e-06,0.005605638067841859,0.0,0.9656563684761513,0.005605638067841859
4340,0.001,adam,4341,121.73726606369019,5.945775936753915e-06,0.0,0.9539976138328488,5.945775936753915e-06,,,,
4341,0.001,adam,4342,121.76081585884094,3.994900624432062e-06,0.0,2.1723440392862345,3.994900624432062e-06,,,,
4342,0.001,adam,4343,121.78182363510132,3.4143935888777314e-06,0.0,1.0880903382487237,3.4143935888777314e-06,,,,
4343,0.001,adam,4344,121.80963063240051,4.163122843982422e-06,0.0,0.9700867631533441,4.163122843982422e-06,,,,
4344,0.001,adam,4345,121.83394527435303,5.132549253579303e-06,0.0,1.0497683185769606,5.132549253579303e-06,,,,
4345,0.001,adam,4346,121.85718441009521,5.271740973773927e-06,0.0,1.0520707169183692,5.271740973773927e-06,,,,
4346,0.001,adam,4347,121.87707757949829,4.452285967313837e-06,0.0,0.9859960469848434,4.452285967313837e-06,,,,
4347,0.001,adam,4348,121.89572739601135,3.3770913945976865e-06,0.0,0.967919458985854,3.3770913945976865e-06,,,,
4348,0.001,adam,4349,121.92120313644409,2.8826846365709545e-06,0.0,0.9858605488487558,2.8826846365709545e-06,,,,
4349,0.001,adam,4350,121.9440610408783,3.1984840178836094e-06,0.0,1.0476746965560157,3.1984840178836094e-06,,,,
4350,0.001,adam,4351,121.96658253669739,3.854748834234534e-06,0.0,0.9439991305151121,3.854748834234534e-06,,,,
4351,0.001,adam,4352,121.99037551879883,4.1754897563919406e-06,0.0,1.0446363734138613,4.1754897563919406e-06,,,,
4352,0.001,adam,4353,122.01819348335266,3.857032862489156e-06,0.0,0.9387291741851275,3.857032862489156e-06,,,,
4353,0.001,adam,4354,122.03991317749023,3.169281399568522e-06,0.0,0.9944085588621526,3.169281399568522e-06,,,,
4354,0.001,adam,4355,122.06172013282776,2.639720534324068e-06,0.0,0.9648546830202843,2.639720534324068e-06,,,,
4355,0.001,adam,4356,122.08475947380066,2.593030819418004e-06,0.0,1.003752974832898,2.593030819418004e-06,,,,
4356,0.001,adam,4357,122.10932683944702,2.9214486239574297e-06,0.0,0.9881626301623523,2.9214486239574297e-06,,,,
4357,0.001,adam,4358,122.13078188896179,3.249453295515697e-06,0.0,1.1248115505068392,3.249453295515697e-06,,,,
4358,0.001,adam,4359,122.16105651855469,3.2855030586851637e-06,0.0,0.9140604102211511,3.2855030586851637e-06,,,,
4359,0.001,adam,4360,122.18827962875366,3.026787872058864e-06,0.0,0.9726488955749156,3.026787872058864e-06,0.005621533606344371,0.0,0.9658058992616508,0.005621533606344371
4360,0.001,adam,4361,122.21514558792114,2.703664579188856e-06,0.0,1.0689076394347197,2.703664579188856e-06,,,,
4361,0.001,adam,4362,122.23866319656372,2.5448841177916665e-06,0.0,1.0075959518957498,2.5448841177916665e-06,,,,
4362,0.001,adam,4363,122.27464866638184,2.605569206392718e-06,0.0,0.9991018962997504,2.605569206392718e-06,,,,
4363,0.001,adam,4364,122.31435823440552,2.7669407563394927e-06,0.0,1.1113771231371867,2.7669407563394927e-06,,,,
4364,0.001,adam,4365,122.34211158752441,2.864817254836269e-06,0.0,1.0744470174488625,2.864817254836269e-06,,,,
4365,0.001,adam,4366,122.37340140342712,2.8202096316482144e-06,0.0,1.0387541214665148,2.8202096316482144e-06,,,,
4366,0.001,adam,4367,122.40767526626587,2.6709055691118553e-06,0.0,0.9602489570328622,2.6709055691118553e-06,,,,
4367,0.001,adam,4368,122.43022513389587,2.52060203567094e-06,0.0,0.9687986834961106,2.52060203567094e-06,,,,
4368,0.001,adam,4369,122.4508581161499,2.453718289665289e-06,0.0,0.9688066846014202,2.453718289665289e-06,,,,
4369,0.001,adam,4370,122.47920989990234,2.485162509407311e-06,0.0,1.003849740618228,2.485162509407311e-06,,,,
4370,0.001,adam,4371,122.50323605537415,2.5647974688279105e-06,0.0,0.9139647291929434,2.5647974688279105e-06,,,,
4371,0.001,adam,4372,122.52906250953674,2.62139788626964e-06,0.0,1.0258310706387248,2.62139788626964e-06,,,,
4372,0.001,adam,4373,122.56202268600464,2.612317562140205e-06,0.0,0.8811296180665534,2.612317562140205e-06,,,,
4373,0.001,adam,4374,122.596688747406,2.5450221396793087e-06,0.0,1.0337180577308915,2.5450221396793087e-06,,,,
4374,0.001,adam,4375,122.62713360786438,2.4648387018911576e-06,0.0,1.0253174317331328,2.4648387018911576e-06,,,,
4375,0.001,adam,4376,122.65249466896057,2.4191396062271244e-06,0.0,0.9555341436269673,2.4191396062271244e-06,,,,
4376,0.001,adam,4377,122.68768906593323,2.4259840974013237e-06,0.0,0.9655930250908054,2.4259840974013237e-06,,,,
4377,0.001,adam,4378,122.7244770526886,2.466949544403515e-06,0.0,0.986924317756095,2.466949544403515e-06,,,,
4378,0.001,adam,4379,122.77382779121399,2.505313001548952e-06,0.0,1.0338925513825794,2.505313001548952e-06,,,,
4379,0.001,adam,4380,122.80236744880676,2.512845372446359e-06,0.0,1.011761007639631,2.512845372446359e-06,0.005628227109792548,0.0,0.9670960709655985,0.005628227109792548
4380,0.001,adam,4381,122.85404968261719,2.4858648933607312e-06,0.0,0.9322892586612802,2.4858648933607312e-06,,,,
4381,0.001,adam,4382,122.88880205154419,2.442585042675109e-06,0.0,0.9475674733467516,2.442585042675109e-06,,,,
4382,0.001,adam,4383,122.95575666427612,2.407126123230348e-06,0.0,0.922183779281568,2.407126123230348e-06,,,,
4383,0.001,adam,4384,122.9793438911438,2.3936985286929054e-06,0.0,0.966408146868974,2.3936985286929054e-06,,,,
4384,0.001,adam,4385,123.02313899993896,2.4006601113769296e-06,0.0,0.9281866876117949,2.4006601113769296e-06,,,,
4385,0.001,adam,4386,123.07779264450073,2.4155521914815367e-06,0.0,0.9575658778918263,2.4155521914815367e-06,,,,
4386,0.001,adam,4387,123.10657000541687,2.424951728261096e-06,0.0,0.9599499947256838,2.424951728261096e-06,,,,
4387,0.001,adam,4388,123.16153407096863,2.4220861846374735e-06,0.0,1.0472016157810018,2.4220861846374735e-06,,,,
4388,0.001,adam,4389,123.19846439361572,2.408686000793198e-06,0.0,0.9943877206851457,2.408686000793198e-06,,,,
4389,0.001,adam,4390,123.2501289844513,2.391721936882787e-06,0.0,0.9714360492895476,2.391721936882787e-06,,,,
4390,0.001,adam,4391,123.27919507026672,2.378514028068312e-06,0.0,0.9292875210065784,2.378514028068312e-06,,,,
4391,0.001,adam,4392,123.32319474220276,2.373014185524175e-06,0.0,0.9685501281466602,2.373014185524175e-06,,,,
4392,0.001,adam,4393,123.37048196792603,2.374841062784447e-06,0.0,1.0904924856342684,2.374841062784447e-06,,,,
4393,0.001,adam,4394,123.40690279006958,2.3804506571867296e-06,0.0,0.9642976556652476,2.3804506571867296e-06,,,,
4394,0.001,adam,4395,123.43384671211243,2.385448291900269e-06,0.0,1.0600942032849088,2.385448291900269e-06,,,,
4395,0.001,adam,4396,123.46226334571838,2.3867994231415103e-06,0.0,1.1297707574133458,2.3867994231415103e-06,,,,
4396,0.001,adam,4397,123.49537086486816,2.384100253273026e-06,0.0,1.0215376319181395,2.384100253273026e-06,,,,
4397,0.001,adam,4398,123.53351879119873,2.3794367742319035e-06,0.0,1.0321324389448807,2.3794367742319035e-06,,,,
4398,0.001,adam,4399,123.55934190750122,2.3762014045074657e-06,0.0,1.0234975870476357,2.3762014045074657e-06,,,,
4399,0.001,adam,4400,123.58515548706055,2.3774545642741164e-06,0.0,0.9719190572448912,2.3774545642741164e-06,0.00563399365169822,0.0,0.9674264594845585,0.00563399365169822
4400,0.001,adam,4401,123.62181329727173,2.3849443608859852e-06,0.0,1.1717684876336225,2.3849443608859852e-06,,,,
4401,0.001,adam,4402,123.64811325073242,2.3990117119569736e-06,0.0,1.0910331785097707,2.3990117119569736e-06,,,,
4402,0.001,adam,4403,123.6693754196167,2.4196721173732403e-06,0.0,1.0458310647182358,2.4196721173732403e-06,,,,
4403,0.001,adam,4404,123.69045090675354,2.4478485086000787e-06,0.0,1.0544987321079489,2.4478485086000787e-06,,,,
4404,0.001,adam,4405,123.71444439888,2.4867803026275883e-06,0.0,1.064065182865804,2.4867803026275883e-06,,,,
4405,0.001,adam,4406,123.73676347732544,2.5425481164704987e-06,0.0,1.026011830632181,2.5425481164704987e-06,,,,
4406,0.001,adam,4407,123.76576972007751,2.62542049734643e-06,0.0,1.0281896441350913,2.62542049734643e-06,,,,
4407,0.001,adam,4408,123.79007482528687,2.750086625668086e-06,0.0,1.0099737834566438,2.750086625668086e-06,,,,
4408,0.001,adam,4409,123.8131275177002,2.939936090806037e-06,0.0,0.9431495547493736,2.939936090806037e-06,,,,
4409,0.001,adam,4410,123.83476519584656,3.227608237272569e-06,0.0,0.9991971843839338,3.227608237272569e-06,,,,
4410,0.001,adam,4411,123.85681796073914,3.668457260065742e-06,0.0,0.9325618418038918,3.668457260065742e-06,,,,
4411,0.001,adam,4412,123.87940001487732,4.3384265470614045e-06,0.0,0.9531942134843044,4.3384265470614045e-06,,,,
4412,0.001,adam,4413,123.90143871307373,5.373178016290644e-06,0.0,1.052900104549566,5.373178016290644e-06,,,,
4413,0.001,adam,4414,123.92939162254333,6.947172978837527e-06,0.0,0.9949670926356363,6.947172978837527e-06,,,,
4414,0.001,adam,4415,123.9613265991211,9.383852794099704e-06,0.0,1.0513426248984632,9.383852794099704e-06,,,,
4415,0.001,adam,4416,123.99246788024902,1.3036067102156627e-05,0.0,0.9135738773108265,1.3036067102156627e-05,,,,
4416,0.001,adam,4417,124.02535772323608,1.8577786059394925e-05,0.0,2.107174453249484,1.8577786059394925e-05,,,,
4417,0.001,adam,4418,124.06920886039734,2.6418302082479243e-05,0.0,1.1291662814919248,2.6418302082479243e-05,,,,
4418,0.001,adam,4419,124.1057481765747,3.7406082068243234e-05,0.0,0.9728498022554604,3.7406082068243234e-05,,,,
4419,0.001,adam,4420,124.14205741882324,5.047546366457481e-05,0.0,0.9478626462041871,5.047546366457481e-05,0.005763332487967526,0.0,0.9855551639274512,0.005763332487967526
4420,0.001,adam,4421,124.17754411697388,6.461211586558905e-05,0.0,1.0070679789319161,6.461211586558905e-05,,,,
4421,0.001,adam,4422,124.20485663414001,7.311786770340857e-05,0.0,0.954029959062305,7.311786770340857e-05,,,,
4422,0.001,adam,4423,124.23012280464172,7.200315484295788e-05,0.0,0.9537398738721519,7.200315484295788e-05,,,,
4423,0.001,adam,4424,124.25770950317383,5.550925923671554e-05,0.0,0.9670450616853257,5.550925923671554e-05,,,,
4424,0.001,adam,4425,124.2850124835968,3.20652533414246e-05,0.0,0.9845683397178095,3.20652533414246e-05,,,,
4425,0.001,adam,4426,124.31304550170898,1.3647826870695297e-05,0.0,0.9018345977859308,1.3647826870695297e-05,,,,
4426,0.001,adam,4427,124.33903527259827,1.012131907140068e-05,0.0,0.9733374216066188,1.012131907140068e-05,,,,
4427,0.001,adam,4428,124.36649823188782,1.775248622754561e-05,0.0,0.9273626766422645,1.775248622754561e-05,,,,
4428,0.001,adam,4429,124.39405012130737,2.421848041146088e-05,0.0,0.9549898942471515,2.421848041146088e-05,,,,
4429,0.001,adam,4430,124.42186760902405,2.166745346843267e-05,0.0,0.9581262169726499,2.166745346843267e-05,,,,
4430,0.001,adam,4431,124.4486289024353,1.3050214895765068e-05,0.0,1.0128800010687988,1.3050214895765068e-05,,,,
4431,0.001,adam,4432,124.4728467464447,7.923788575780659e-06,0.0,2.10345970141874,7.923788575780659e-06,,,,
4432,0.001,adam,4433,124.49528932571411,1.0332344930695667e-05,0.0,1.007812039276799,1.0332344930695667e-05,,,,
4433,0.001,adam,4434,124.51619148254395,1.53758842716042e-05,0.0,0.985162092146355,1.53758842716042e-05,,,,
4434,0.001,adam,4435,124.53755283355713,1.6036916175200525e-05,0.0,1.0779396487239212,1.6036916175200525e-05,,,,
4435,0.001,adam,4436,124.55939316749573,1.1116230225802762e-05,0.0,0.9698709476326017,1.1116230225802762e-05,,,,
4436,0.001,adam,4437,124.58174180984497,5.7883384459627645e-06,0.0,1.111764314852957,5.7883384459627645e-06,,,,
4437,0.001,adam,4438,124.60541534423828,4.761208996000415e-06,0.0,0.9823621722863158,4.761208996000415e-06,,,,
4438,0.001,adam,4439,124.62647461891174,7.4457550176664384e-06,0.0,1.0445932169043226,7.4457550176664384e-06,,,,
4439,0.001,adam,4440,124.64917993545532,9.749754168465953e-06,0.0,1.0147403762750988,9.749754168465953e-06,0.005611475233723673,0.0,0.9657632085568959,0.005611475233723673
4440,0.001,adam,4441,124.69244980812073,9.0619136962254e-06,0.0,0.9398644031023687,9.0619136962254e-06,,,,
4441,0.001,adam,4442,124.71750330924988,6.604037138553439e-06,0.0,0.9843028608049378,6.604037138553439e-06,,,,
4442,0.001,adam,4443,124.7391288280487,5.061774097641698e-06,0.0,0.9983147523051127,5.061774097641698e-06,,,,
4443,0.001,adam,4444,124.76451063156128,5.3206213084066336e-06,0.0,1.0046220417502103,5.3206213084066336e-06,,,,
4444,0.001,adam,4445,124.78709816932678,6.17205784039055e-06,0.0,1.0415576315969235,6.17205784039055e-06,,,,
4445,0.001,adam,4446,124.8090329170227,6.229469645069363e-06,0.0,0.9386951684362612,6.229469645069363e-06,,,,
4446,0.001,adam,4447,124.83358788490295,5.518255700767913e-06,0.0,1.1249523511173918,5.518255700767913e-06,,,,
4447,0.001,adam,4448,124.85707259178162,4.927366031835888e-06,0.0,1.0747939338237755,4.927366031835888e-06,,,,
4448,0.001,adam,4449,124.87955856323242,4.961277779220091e-06,0.0,1.0457392473385698,4.961277779220091e-06,,,,
4449,0.001,adam,4450,124.90207982063293,5.333608727809191e-06,0.0,0.9296837662675073,5.333608727809191e-06,,,,
4450,0.001,adam,4451,124.92433786392212,5.567358872154097e-06,0.0,1.0008431490603664,5.567358872154097e-06,,,,
4451,0.001,adam,4452,124.94576025009155,5.587054896548684e-06,0.0,0.9445697216657457,5.587054896548684e-06,,,,
4452,0.001,adam,4453,124.96966552734375,5.595882840091444e-06,0.0,1.1193502106551458,5.595882840091444e-06,,,,
4453,0.001,adam,4454,124.99319052696228,5.700819236352099e-06,0.0,0.9853966210688064,5.700819236352099e-06,,,,
4454,0.001,adam,4455,125.01466107368469,5.8937672565309575e-06,0.0,0.9870502053559509,5.8937672565309575e-06,,,,
4455,0.001,adam,4456,125.03552985191345,6.127162473114917e-06,0.0,0.9942465931655622,6.127162473114917e-06,,,,
4456,0.001,adam,4457,125.05925869941711,6.570065294290587e-06,0.0,1.0374201781151364,6.570065294290587e-06,,,,
4457,0.001,adam,4458,125.08085894584656,7.218939466477771e-06,0.0,1.0522214013118518,7.218939466477771e-06,,,,
4458,0.001,adam,4459,125.1045491695404,7.963090997287113e-06,0.0,1.0420280374459598,7.963090997287113e-06,,,,
4459,0.001,adam,4460,125.13342547416687,8.527770867235187e-06,0.0,0.9878361625933827,8.527770867235187e-06,0.005679457552192678,0.0,0.9720585312866169,0.005679457552192678
4460,0.001,adam,4461,125.17511034011841,8.877414203683276e-06,0.0,1.0266267607220159,8.877414203683276e-06,,,,
4461,0.001,adam,4462,125.20152997970581,9.121393675184278e-06,0.0,1.0270474667287555,9.121393675184278e-06,,,,
4462,0.001,adam,4463,125.25740313529968,9.4676703153311e-06,0.0,1.033731247926303,9.4676703153311e-06,,,,
4463,0.001,adam,4464,125.2908411026001,9.72891458892275e-06,0.0,1.057779054465044,9.72891458892275e-06,,,,
4464,0.001,adam,4465,125.31815361976624,9.806164948041297e-06,0.0,0.9926153213978616,9.806164948041297e-06,,,,
4465,0.001,adam,4466,125.3426718711853,9.339515819029725e-06,0.0,0.990514342482129,9.339515819029725e-06,,,,
4466,0.001,adam,4467,125.37490010261536,8.576568985072986e-06,0.0,0.9845289485379028,8.576568985072986e-06,,,,
4467,0.001,adam,4468,125.40247869491577,7.554071664318689e-06,0.0,1.033386700552087,7.554071664318689e-06,,,,
4468,0.001,adam,4469,125.42685294151306,6.551339311267416e-06,0.0,1.0380197600927605,6.551339311267416e-06,,,,
4469,0.001,adam,4470,125.46755957603455,5.490053963084101e-06,0.0,1.0372560597869516,5.490053963084101e-06,,,,
4470,0.001,adam,4471,125.50339651107788,4.434143675490709e-06,0.0,1.01167310203265,4.434143675490709e-06,,,,
4471,0.001,adam,4472,125.54114055633545,3.4579771232614455e-06,0.0,0.9868944335857049,3.4579771232614455e-06,,,,
4472,0.001,adam,4473,125.58035278320312,2.760908917428311e-06,0.0,0.9939111341566527,2.760908917428311e-06,,,,
4473,0.001,adam,4474,125.61453604698181,2.4549381674267624e-06,0.0,0.9613051819663333,2.4549381674267624e-06,,,,
4474,0.001,adam,4475,125.66032242774963,2.491835064980981e-06,0.0,0.9596551235351629,2.491835064980981e-06,,,,
4475,0.001,adam,4476,125.69075202941895,2.705420489182705e-06,0.0,0.9993694895467113,2.705420489182705e-06,,,,
4476,0.001,adam,4477,125.71987676620483,2.942574880166331e-06,0.0,2.0528389838261356,2.942574880166331e-06,,,,
4477,0.001,adam,4478,125.74299335479736,3.151608914343885e-06,0.0,1.1114474590615993,3.151608914343885e-06,,,,
4478,0.001,adam,4479,125.76502752304077,3.346820337527957e-06,0.0,1.0466064645252662,3.346820337527957e-06,,,,
4479,0.001,adam,4480,125.78719544410706,3.5472024836494844e-06,0.0,0.9913396767333044,3.5472024836494844e-06,0.005628500522069877,0.0,0.9710139659294026,0.005628500522069877
4480,0.001,adam,4481,125.81777906417847,3.705610693707621e-06,0.0,0.9357364518648993,3.705610693707621e-06,,,,
4481,0.001,adam,4482,125.84147047996521,3.779789707337467e-06,0.0,0.9556055624925858,3.779789707337467e-06,,,,
4482,0.001,adam,4483,125.86676049232483,3.73003711480343e-06,0.0,0.9291269464408529,3.73003711480343e-06,,,,
4483,0.001,adam,4484,125.88994693756104,3.604624258411981e-06,0.0,0.9882562978569794,3.604624258411981e-06,,,,
4484,0.001,adam,4485,125.9169192314148,3.442418647052314e-06,0.0,1.0338941101052144,3.442418647052314e-06,,,,
4485,0.001,adam,4486,125.94849061965942,3.290252545345096e-06,0.0,1.0333112778657316,3.290252545345096e-06,,,,
4486,0.001,adam,4487,125.9694139957428,3.141867104187921e-06,0.0,0.9633537263839212,3.141867104187921e-06,,,,
4487,0.001,adam,4488,125.98924040794373,2.9902003402722497e-06,0.0,1.0222933884116157,2.9902003402722497e-06,,,,
4488,0.001,adam,4489,126.02075672149658,2.8309876610995095e-06,0.0,1.0340077703606334,2.8309876610995095e-06,,,,
4489,0.001,adam,4490,126.05596113204956,2.681749092528751e-06,0.0,0.9396706428510957,2.681749092528751e-06,,,,
4490,0.001,adam,4491,126.08504366874695,2.5594965158547824e-06,0.0,1.021070185581625,2.5594965158547824e-06,,,,
4491,0.001,adam,4492,126.10655784606934,2.4695266868807955e-06,0.0,1.0477217789194357,2.4695266868807955e-06,,,,
4492,0.001,adam,4493,126.12904834747314,2.40206720295639e-06,0.0,0.9148504795693515,2.40206720295639e-06,,,,
4493,0.001,adam,4494,126.15401601791382,2.3456311634904584e-06,0.0,1.0692041000437684,2.3456311634904584e-06,,,,
4494,0.001,adam,4495,126.17759680747986,2.2972181235132863e-06,0.0,0.9852011159230418,2.2972181235132863e-06,,,,
4495,0.001,adam,4496,126.20133447647095,2.262739621304233e-06,0.0,1.0097911816762237,2.262739621304233e-06,,,,
4496,0.001,adam,4497,126.2289035320282,2.247909425896761e-06,0.0,0.9594039134990731,2.247909425896761e-06,,,,
4497,0.001,adam,4498,126.2526535987854,2.250787293056518e-06,0.0,1.1017813464705324,2.250787293056518e-06,,,,
4498,0.001,adam,4499,126.27679252624512,2.262555499742227e-06,0.0,1.0307374418604023,2.262555499742227e-06,,,,
4499,0.001,adam,4500,126.29897713661194,2.274588051714558e-06,0.0,1.1201161130581614,2.274588051714558e-06,0.005647008384517953,0.0,0.9708657445175524,0.005647008384517953
4500,0.001,adam,4501,126.32913422584534,2.2845079058344982e-06,0.0,0.9456560320606304,2.2845079058344982e-06,,,,
4501,0.001,adam,4502,126.36011099815369,2.296037475370962e-06,0.0,0.9787498704006428,2.296037475370962e-06,,,,
4502,0.001,adam,4503,126.3912787437439,2.3143645606675196e-06,0.0,1.0386249710301214,2.3143645606675196e-06,,,,
4503,0.001,adam,4504,126.41623115539551,2.341280846114793e-06,0.0,0.9767920605454824,2.341280846114793e-06,,,,
4504,0.001,adam,4505,126.4451904296875,2.3749571092135165e-06,0.0,1.0011354768063998,2.3749571092135165e-06,,,,
4505,0.001,adam,4506,126.48250555992126,2.4127148300857477e-06,0.0,1.0258695197145085,2.4127148300857477e-06,,,,
4506,0.001,adam,4507,126.50691938400269,2.4552058161845945e-06,0.0,1.03814096058146,2.4552058161845945e-06,,,,
4507,0.001,adam,4508,126.54094958305359,2.506635828166931e-06,0.0,0.9632083726648467,2.506635828166931e-06,,,,
4508,0.001,adam,4509,126.58534288406372,2.574838384493543e-06,0.0,1.0033128085443137,2.574838384493543e-06,,,,
4509,0.001,adam,4510,126.60745644569397,2.666892492357291e-06,0.0,1.0387639510139308,2.666892492357291e-06,,,,
4510,0.001,adam,4511,126.62943124771118,2.792635321269762e-06,0.0,2.1473003792363214,2.792635321269762e-06,,,,
4511,0.001,adam,4512,126.65477919578552,2.9604400198916695e-06,0.0,0.9644736987018613,2.9604400198916695e-06,,,,
4512,0.001,adam,4513,126.68070244789124,3.1895154809414047e-06,0.0,0.8861732061825431,3.1895154809414047e-06,,,,
4513,0.001,adam,4514,126.70580530166626,3.498811895538867e-06,0.0,1.0521529363038444,3.498811895538867e-06,,,,
4514,0.001,adam,4515,126.73168206214905,3.930886350155371e-06,0.0,0.986747476979701,3.930886350155371e-06,,,,
4515,0.001,adam,4516,126.75684022903442,4.522983900789779e-06,0.0,0.9347044911903385,4.522983900789779e-06,,,,
4516,0.001,adam,4517,126.78298306465149,5.3601925700442175e-06,0.0,0.9322234703352095,5.3601925700442175e-06,,,,
4517,0.001,adam,4518,126.80727076530457,6.506306448081518e-06,0.0,0.9924254931673264,6.506306448081518e-06,,,,
4518,0.001,adam,4519,126.82981157302856,8.129894979597139e-06,0.0,0.954814066505361,8.129894979597139e-06,,,,
4519,0.001,adam,4520,126.85076594352722,1.0318002415237776e-05,0.0,0.9577805851492582,1.0318002415237776e-05,0.005703561856414725,0.0,0.9726436141785977,0.005703561856414725
4520,0.001,adam,4521,126.87673711776733,1.3380638541315232e-05,0.0,1.0646233640472644,1.3380638541315232e-05,,,,
4521,0.001,adam,4522,126.89902782440186,1.7324955386011045e-05,0.0,0.9497711017794467,1.7324955386011045e-05,,,,
4522,0.001,adam,4523,126.92892289161682,2.2598187817509944e-05,0.0,0.9493126305717687,2.2598187817509944e-05,,,,
4523,0.001,adam,4524,126.96983313560486,2.8682996663444697e-05,0.0,1.0246522479920377,2.8682996663444697e-05,,,,
4524,0.001,adam,4525,127.00000596046448,3.587180124548694e-05,0.0,1.1083275119277074,3.587180124548694e-05,,,,
4525,0.001,adam,4526,127.03065347671509,4.21648955290509e-05,0.0,0.9915313288358638,4.21648955290509e-05,,,,
4526,0.001,adam,4527,127.05407691001892,4.723903292775633e-05,0.0,0.9251189778054976,4.723903292775633e-05,,,,
4527,0.001,adam,4528,127.07977509498596,4.778327126033186e-05,0.0,1.0568336983583477,4.778327126033186e-05,,,,
4528,0.001,adam,4529,127.11187839508057,4.4191372471400264e-05,0.0,1.066687531630243,4.4191372471400264e-05,,,,
4529,0.001,adam,4530,127.1381733417511,3.607913430802815e-05,0.0,0.9894635961174064,3.607913430802815e-05,,,,
4530,0.001,adam,4531,127.16289234161377,2.6785645188045495e-05,0.0,1.0666631439878653,2.6785645188045495e-05,,,,
4531,0.001,adam,4532,127.18589305877686,1.9451508627265286e-05,0.0,0.9987657631889588,1.9451508627265286e-05,,,,
4532,0.001,adam,4533,127.20780944824219,1.6029411598482733e-05,0.0,0.983255027585483,1.6029411598482733e-05,,,,
4533,0.001,adam,4534,127.23031997680664,1.6116194356139557e-05,0.0,0.9872068868225755,1.6116194356139557e-05,,,,
4534,0.001,adam,4535,127.25195264816284,1.741925795263696e-05,0.0,1.0572448097643108,1.741925795263696e-05,,,,
4535,0.001,adam,4536,127.27492594718933,1.750003592131622e-05,0.0,0.9438181307906458,1.750003592131622e-05,,,,
4536,0.001,adam,4537,127.29501628875732,1.479887766941331e-05,0.0,0.8899132315148458,1.479887766941331e-05,,,,
4537,0.001,adam,4538,127.31563758850098,1.0484951753861476e-05,0.0,1.0316911790649463,1.0484951753861476e-05,,,,
4538,0.001,adam,4539,127.33753561973572,6.4488126219436285e-06,0.0,2.123250441978858,6.4488126219436285e-06,,,,
4539,0.001,adam,4540,127.35933446884155,4.774060946078119e-06,0.0,0.9965999251389229,4.774060946078119e-06,0.005668299928076841,0.0,0.9714090128845313,0.005668299928076841
4540,0.001,adam,4541,127.38704538345337,5.762672386899188e-06,0.0,0.9387436021322444,5.762672386899188e-06,,,,
4541,0.001,adam,4542,127.40723967552185,8.017383034041162e-06,0.0,0.869098823286771,8.017383034041162e-06,,,,
4542,0.001,adam,4543,127.42808628082275,9.612569463908763e-06,0.0,0.9891032480747585,9.612569463908763e-06,,,,
4543,0.001,adam,4544,127.45042037963867,9.337775200810811e-06,0.0,1.0601472165393073,9.337775200810811e-06,,,,
4544,0.001,adam,4545,127.47445178031921,7.597875977293085e-06,0.0,0.9634224779286698,7.597875977293085e-06,,,,
4545,0.001,adam,4546,127.49789428710938,5.580023797736272e-06,0.0,0.9959993121688052,5.580023797736272e-06,,,,
4546,0.001,adam,4547,127.51789569854736,4.517297610920829e-06,0.0,0.9525601470764368,4.517297610920829e-06,,,,
4547,0.001,adam,4548,127.54958295822144,4.6697746280816765e-06,0.0,1.0444340520809123,4.6697746280816765e-06,,,,
4548,0.001,adam,4549,127.59528255462646,5.4133472522388965e-06,0.0,0.9365745507244713,5.4133472522388965e-06,,,,
4549,0.001,adam,4550,127.62377071380615,5.827198319148646e-06,0.0,1.1207053577276505,5.827198319148646e-06,,,,
4550,0.001,adam,4551,127.67045211791992,5.446708340218073e-06,0.0,1.1026556636218037,5.446708340218073e-06,,,,
4551,0.001,adam,4552,127.6984601020813,4.481204695680557e-06,0.0,0.9882665697667873,4.481204695680557e-06,,,,
4552,0.001,adam,4553,127.72094202041626,3.494653388415894e-06,0.0,0.9495688326581104,3.494653388415894e-06,,,,
4553,0.001,adam,4554,127.74823212623596,2.988849029214717e-06,0.0,1.0062414316802966,2.988849029214717e-06,,,,
4554,0.001,adam,4555,127.78623104095459,3.0377506909344565e-06,0.0,0.9740121735123436,3.0377506909344565e-06,,,,
4555,0.001,adam,4556,127.81239414215088,3.362557530796934e-06,0.0,0.9439958679780416,3.362557530796934e-06,,,,
4556,0.001,adam,4557,127.84848690032959,3.6006681020327707e-06,0.0,1.0467381233090851,3.6006681020327707e-06,,,,
4557,0.001,adam,4558,127.89288210868835,3.5651441405938565e-06,0.0,1.0729298009397674,3.5651441405938565e-06,,,,
4558,0.001,adam,4559,127.92218685150146,3.319784010211751e-06,0.0,1.0247908075220113,3.319784010211751e-06,,,,
4559,0.001,adam,4560,127.99056506156921,3.0638359981887885e-06,0.0,1.0144883870278938,3.0638359981887885e-06,0.005656430794754136,0.0,0.975030276619791,0.005656430794754136
4560,0.001,adam,4561,128.04129147529602,2.9685917065251435e-06,0.0,1.0001128645865816,2.9685917065251435e-06,,,,
4561,0.001,adam,4562,128.09066581726074,3.0556021483925407e-06,0.0,0.9376189689277703,3.0556021483925407e-06,,,,
4562,0.001,adam,4563,128.1213972568512,3.227068310989848e-06,0.0,1.0324183503977378,3.227068310989848e-06,,,,
4563,0.001,adam,4564,128.1479058265686,3.32947979541318e-06,0.0,0.9966312700049471,3.32947979541318e-06,,,,
4564,0.001,adam,4565,128.17120480537415,3.274231851876168e-06,0.0,0.9941520176893652,3.274231851876168e-06,,,,
4565,0.001,adam,4566,128.19417476654053,3.0631245105835923e-06,0.0,1.018184957488843,3.0631245105835923e-06,,,,
4566,0.001,adam,4567,128.21831440925598,2.787657137929017e-06,0.0,0.8995987258337852,2.787657137929017e-06,,,,
4567,0.001,adam,4568,128.24455881118774,2.5590302337797564e-06,0.0,0.9629980414303889,2.5590302337797564e-06,,,,
4568,0.001,adam,4569,128.27336406707764,2.451818722956899e-06,0.0,1.0088873535075957,2.451818722956899e-06,,,,
4569,0.001,adam,4570,128.30444240570068,2.468791990538986e-06,0.0,1.057433055086611,2.468791990538986e-06,,,,
4570,0.001,adam,4571,128.3428361415863,2.5532630226305297e-06,0.0,1.0306010240075345,2.5532630226305297e-06,,,,
4571,0.001,adam,4572,128.37784600257874,2.6296500764957715e-06,0.0,0.9201965213583861,2.6296500764957715e-06,,,,
4572,0.001,adam,4573,128.40989637374878,2.6440943380115512e-06,0.0,1.0338379298116427,2.6440943380115512e-06,,,,
4573,0.001,adam,4574,128.43539690971375,2.5878591135243804e-06,0.0,0.9006710831014564,2.5878591135243804e-06,,,,
4574,0.001,adam,4575,128.46180653572083,2.4915503674185076e-06,0.0,0.9020597207966967,2.4915503674185076e-06,,,,
4575,0.001,adam,4576,128.49048233032227,2.4002959494469748e-06,0.0,0.9833280036885398,2.4002959494469748e-06,,,,
4576,0.001,adam,4577,128.51631355285645,2.3481599140575223e-06,0.0,0.9911333266811161,2.3481599140575223e-06,,,,
4577,0.001,adam,4578,128.54294443130493,2.3431868810334388e-06,0.0,1.0559124249494967,2.3431868810334388e-06,,,,
4578,0.001,adam,4579,128.57046461105347,2.370216470818198e-06,0.0,0.965153573466375,2.370216470818198e-06,,,,
4579,0.001,adam,4580,128.59658217430115,2.404017836947344e-06,0.0,0.9604900635992785,2.404017836947344e-06,0.005655180498651747,0.0,0.9745004050737766,0.005655180498651747
4580,0.001,adam,4581,128.62952518463135,2.4256776873431356e-06,0.0,1.0552073369043797,2.4256776873431356e-06,,,,
4581,0.001,adam,4582,128.65234541893005,2.4301656174451964e-06,0.0,1.0095648940804272,2.4301656174451964e-06,,,,
4582,0.001,adam,4583,128.67361092567444,2.4273897629656986e-06,0.0,1.12455909235286,2.4273897629656986e-06,,,,
4583,0.001,adam,4584,128.69454216957092,2.433478421570812e-06,0.0,1.0637797497643742,2.433478421570812e-06,,,,
4584,0.001,adam,4585,128.71703481674194,2.466276755653876e-06,0.0,0.9348562620036246,2.466276755653876e-06,,,,
4585,0.001,adam,4586,128.7375509738922,2.5370685002449047e-06,0.0,0.9267490208016884,2.5370685002449047e-06,,,,
4586,0.001,adam,4587,128.76089310646057,2.654989030727014e-06,0.0,0.9436992261404601,2.654989030727014e-06,,,,
4587,0.001,adam,4588,128.7851324081421,2.825405677622596e-06,0.0,0.9815443512298682,2.825405677622596e-06,,,,
4588,0.001,adam,4589,128.80734992027283,3.0613019408395554e-06,0.0,1.0604428111069693,3.0613019408395554e-06,,,,
4589,0.001,adam,4590,128.83291864395142,3.3815257321038936e-06,0.0,1.0007350970585496,3.3815257321038936e-06,,,,
4590,0.001,adam,4591,128.86304712295532,3.825994447969596e-06,0.0,1.1003216311606634,3.825994447969596e-06,,,,
4591,0.001,adam,4592,128.89281105995178,4.446390871082684e-06,0.0,1.0119349009810858,4.446390871082684e-06,,,,
4592,0.001,adam,4593,128.93009638786316,5.336126323337204e-06,0.0,1.1066659651152324,5.336126323337204e-06,,,,
4593,0.001,adam,4594,128.97758603096008,6.595226524797314e-06,0.0,1.061737580700655,6.595226524797314e-06,,,,
4594,0.001,adam,4595,129.0102527141571,8.4098828044507e-06,0.0,0.9084018002336789,8.4098828044507e-06,,,,
4595,0.001,adam,4596,129.03840160369873,1.0926353262741578e-05,0.0,0.9427840001639802,1.0926353262741578e-05,,,,
4596,0.001,adam,4597,129.07781100273132,1.446243913861362e-05,0.0,1.075028543998116,1.446243913861362e-05,,,,
4597,0.001,adam,4598,129.10236072540283,1.9081100792125808e-05,0.0,1.0059076413343175,1.9081100792125808e-05,,,,
4598,0.001,adam,4599,129.1708800792694,2.511171456671128e-05,0.0,0.9965361530494239,2.511171456671128e-05,,,,
4599,0.001,adam,4600,129.19622921943665,3.19222975346591e-05,0.0,1.0841216155323476,3.19222975346591e-05,0.005719268194644411,0.0,0.9903845213057532,0.005719268194644411
4600,0.001,adam,4601,129.22820472717285,3.919640716212679e-05,0.0,1.0445441731496898,3.919640716212679e-05,,,,
4601,0.001,adam,4602,129.26530241966248,4.445706408079702e-05,0.0,0.9546973587975274,4.445706408079702e-05,,,,
4602,0.001,adam,4603,129.30472540855408,4.633237136335035e-05,0.0,1.0824246322433155,4.633237136335035e-05,,,,
4603,0.001,adam,4604,129.32916474342346,4.207617910385252e-05,0.0,1.0434369122999536,4.207617910385252e-05,,,,
4604,0.001,adam,4605,129.36263632774353,3.296521727779985e-05,0.0,1.1013982070632757,3.296521727779985e-05,,,,
4605,0.001,adam,4606,129.39658880233765,2.182537045298575e-05,0.0,0.9699863908664803,2.182537045298575e-05,,,,
4606,0.001,adam,4607,129.42327547073364,1.3777384421449047e-05,0.0,0.969855967091594,1.3777384421449047e-05,,,,
4607,0.001,adam,4608,129.45415568351746,1.1529642286415674e-05,0.0,1.053050933979213,1.1529642286415674e-05,,,,
4608,0.001,adam,4609,129.48001861572266,1.4114981735532785e-05,0.0,0.9806731820114294,1.4114981735532785e-05,,,,
4609,0.001,adam,4610,129.50603127479553,1.776887615363209e-05,0.0,1.0330426319700332,1.776887615363209e-05,,,,
4610,0.001,adam,4611,129.53258657455444,1.837892510632138e-05,0.0,1.0688394404745183,1.837892510632138e-05,,,,
4611,0.001,adam,4612,129.5570569038391,1.5397608679606983e-05,0.0,0.944951947265736,1.5397608679606983e-05,,,,
4612,0.001,adam,4613,129.58334970474243,1.0527098422209933e-05,0.0,1.0382716637233673,1.0527098422209933e-05,,,,
4613,0.001,adam,4614,129.60999727249146,6.934749310579485e-06,0.0,1.0257344605182304,6.934749310579485e-06,,,,
4614,0.001,adam,4615,129.63602828979492,5.974631381470335e-06,0.0,0.9640089890118704,5.974631381470335e-06,,,,
4615,0.001,adam,4616,129.65982174873352,6.742037745411774e-06,0.0,0.956013316602079,6.742037745411774e-06,,,,
4616,0.001,adam,4617,129.6784484386444,7.386230973268274e-06,0.0,1.031071053320216,7.386230973268274e-06,,,,
4617,0.001,adam,4618,129.6999237537384,6.845987978662385e-06,0.0,0.9101888034321443,6.845987978662385e-06,,,,
4618,0.001,adam,4619,129.7255494594574,5.729910964190704e-06,0.0,0.9519072351856164,5.729910964190704e-06,,,,
4619,0.001,adam,4620,129.75956869125366,5.114942918029262e-06,0.0,1.0076450491049131,5.114942918029262e-06,0.005652011127796297,0.0,0.9711529280758998,0.005652011127796297
4620,0.001,adam,4621,129.80522227287292,5.502759464643935e-06,0.0,1.0267286824979016,5.502759464643935e-06,,,,
4621,0.001,adam,4622,129.82970905303955,6.2340768961639544e-06,0.0,1.0370086890376011,6.2340768961639544e-06,,,,
4622,0.001,adam,4623,129.87076878547668,6.333237571552137e-06,0.0,1.0242924605769137,6.333237571552137e-06,,,,
4623,0.001,adam,4624,129.90912222862244,5.432508127830528e-06,0.0,1.0158939777586653,5.432508127830528e-06,,,,
4624,0.001,adam,4625,129.93601727485657,4.122267284791521e-06,0.0,1.0856798892423156,4.122267284791521e-06,,,,
4625,0.001,adam,4626,129.9692656993866,3.2950268543907473e-06,0.0,0.9971006382852078,3.2950268543907473e-06,,,,
4626,0.001,adam,4627,130.02518248558044,3.328188938317579e-06,0.0,1.0649689536009856,3.328188938317579e-06,,,,
4627,0.001,adam,4628,130.0505313873291,3.857568551901209e-06,0.0,1.0086016748214448,3.857568551901209e-06,,,,
4628,0.001,adam,4629,130.07799005508423,4.184244560972805e-06,0.0,0.9671229047827083,4.184244560972805e-06,,,,
4629,0.001,adam,4630,130.10404753684998,3.929052616091592e-06,0.0,1.0892980243952841,3.929052616091592e-06,,,,
4630,0.001,adam,4631,130.13353943824768,3.264319406597842e-06,0.0,1.0043798294248811,3.264319406597842e-06,,,,
4631,0.001,adam,4632,130.1672351360321,2.6753244346441744e-06,0.0,1.024998556666289,2.6753244346441744e-06,,,,
4632,0.001,adam,4633,130.20404863357544,2.5102059132068898e-06,0.0,1.0475926841799144,2.5102059132068898e-06,,,,
4633,0.001,adam,4634,130.23898100852966,2.732458992137606e-06,0.0,0.998490514880124,2.732458992137606e-06,,,,
4634,0.001,adam,4635,130.28881335258484,3.0458952654530517e-06,0.0,1.0369062409988705,3.0458952654530517e-06,,,,
4635,0.001,adam,4636,130.3143265247345,3.177615112028495e-06,0.0,1.0160372092086771,3.177615112028495e-06,,,,
4636,0.001,adam,4637,130.34118103981018,3.078599046121788e-06,0.0,0.9729436147477479,3.078599046121788e-06,,,,
4637,0.001,adam,4638,130.37407231330872,2.8837626605143166e-06,0.0,1.0667802762200744,2.8837626605143166e-06,,,,
4638,0.001,adam,4639,130.40795230865479,2.7535001313715427e-06,0.0,0.9860791459743155,2.7535001313715427e-06,,,,
4639,0.001,adam,4640,130.46786880493164,2.735402995516732e-06,0.0,0.9798752052922015,2.735402995516732e-06,0.00564793314375788,0.0,0.9739752402540928,0.00564793314375788
4640,0.001,adam,4641,130.51267457008362,2.762826958954016e-06,0.0,0.974666544856395,2.762826958954016e-06,,,,
4641,0.001,adam,4642,130.55762648582458,2.74134602217731e-06,0.0,0.9464767973644811,2.74134602217731e-06,,,,
4642,0.001,adam,4643,130.58627486228943,2.6398732731908143e-06,0.0,0.9417714328283345,2.6398732731908143e-06,,,,
4643,0.001,adam,4644,130.63063883781433,2.507474433335196e-06,0.0,0.9166898196099638,2.507474433335196e-06,,,,
4644,0.001,adam,4645,130.6653392314911,2.420755230904719e-06,0.0,1.055691463254806,2.420755230904719e-06,,,,
4645,0.001,adam,4646,130.69155526161194,2.4169469083068504e-06,0.0,0.9286721851021718,2.4169469083068504e-06,,,,
4646,0.001,adam,4647,130.71764731407166,2.469142129221727e-06,0.0,1.073498857653678,2.469142129221727e-06,,,,
4647,0.001,adam,4648,130.74281811714172,2.5132636766317694e-06,0.0,1.0841636366348895,2.5132636766317694e-06,,,,
4648,0.001,adam,4649,130.77323198318481,2.5006153738852765e-06,0.0,1.0203429277366143,2.5006153738852765e-06,,,,
4649,0.001,adam,4650,130.8106610774994,2.4272584563734675e-06,0.0,0.9571280228506719,2.4272584563734675e-06,,,,
4650,0.001,adam,4651,130.83881974220276,2.3313326828409595e-06,0.0,1.000328533113325,2.3313326828409595e-06,,,,
4651,0.001,adam,4652,130.88203716278076,2.2610783232032626e-06,0.0,1.032465635522421,2.2610783232032626e-06,,,,
4652,0.001,adam,4653,130.90356040000916,2.2425471493980995e-06,0.0,0.8544970076968328,2.2425471493980995e-06,,,,
4653,0.001,adam,4654,130.92514824867249,2.2691661467887626e-06,0.0,0.9595010990116982,2.2691661467887626e-06,,,,
4654,0.001,adam,4655,130.94765329360962,2.314113744954647e-06,0.0,1.0386263499727852,2.314113744954647e-06,,,,
4655,0.001,adam,4656,130.9702868461609,2.352501466944527e-06,0.0,1.0834990677132732,2.352501466944527e-06,,,,
4656,0.001,adam,4657,130.99410843849182,2.37589528378629e-06,0.0,0.9884055957914268,2.37589528378629e-06,,,,
4657,0.001,adam,4658,131.01598811149597,2.393641694232233e-06,0.0,0.9875419780922788,2.393641694232233e-06,,,,
4658,0.001,adam,4659,131.03767108917236,2.4244665622552664e-06,0.0,1.0013591861088094,2.4244665622552664e-06,,,,
4659,0.001,adam,4660,131.0586919784546,2.484403023489236e-06,0.0,1.0505771744118793,2.484403023489236e-06,0.005655895005892713,0.0,0.9730400652226358,0.005655895005892713
4660,0.001,adam,4661,131.0895493030548,2.584288767549745e-06,0.0,0.9673876202215006,2.584288767549745e-06,,,,
4661,0.001,adam,4662,131.11247277259827,2.727443870798797e-06,0.0,0.9961797350218131,2.727443870798797e-06,,,,
4662,0.001,adam,4663,131.1345567703247,2.9244383436647546e-06,0.0,0.9780733023712888,2.9244383436647546e-06,,,,
4663,0.001,adam,4664,131.1559498310089,3.1900245123258056e-06,0.0,1.0711428693917964,3.1900245123258056e-06,,,,
4664,0.001,adam,4665,131.17810130119324,3.562758583740783e-06,0.0,0.9797845683521119,3.562758583740783e-06,,,,
4665,0.001,adam,4666,131.20152354240417,4.089709134283318e-06,0.0,0.9319029641919345,4.089709134283318e-06,,,,
4666,0.001,adam,4667,131.2288510799408,4.852727029386913e-06,0.0,0.909320585638078,4.852727029386913e-06,,,,
4667,0.001,adam,4668,131.25031757354736,5.94444556635721e-06,0.0,0.9471930939057349,5.94444556635721e-06,,,,
4668,0.001,adam,4669,131.27359080314636,7.515241211033988e-06,0.0,1.0479276423554698,7.515241211033988e-06,,,,
4669,0.001,adam,4670,131.29586124420166,9.736028039855902e-06,0.0,1.006836167147183,9.736028039855902e-06,,,,
4670,0.001,adam,4671,131.31893301010132,1.2880632774355858e-05,0.0,1.0050107691600088,1.2880632774355858e-05,,,,
4671,0.001,adam,4672,131.3455045223236,1.720893608507793e-05,0.0,1.0089472332255787,1.720893608507793e-05,,,,
4672,0.001,adam,4673,131.36905527114868,2.3110917677006725e-05,0.0,0.8849519552227031,2.3110917677006725e-05,,,,
4673,0.001,adam,4674,131.39367127418518,3.0653525449306095e-05,0.0,0.9892874897084522,3.0653525449306095e-05,,,,
4674,0.001,adam,4675,131.41679215431213,3.9892834657607424e-05,0.0,0.9745825529648823,3.9892834657607424e-05,,,,
4675,0.001,adam,4676,131.43958139419556,4.949760672539813e-05,0.0,0.9790972591723837,4.949760672539813e-05,,,,
4676,0.001,adam,4677,131.4748637676239,5.7896155222073004e-05,0.0,0.9922246502889767,5.7896155222073004e-05,,,,
4677,0.001,adam,4678,131.5270757675171,6.0987825244409054e-05,0.0,0.9754064835028806,6.0987825244409054e-05,,,,
4678,0.001,adam,4679,131.55943632125854,5.6532280766179254e-05,0.0,0.9829675511455875,5.6532280766179254e-05,,,,
4679,0.001,adam,4680,131.59585189819336,4.292175831490319e-05,0.0,0.9820057621926978,4.292175831490319e-05,0.005701918804100641,0.0,0.9770069564962589,0.005701918804100641
4680,0.001,adam,4681,131.63052320480347,2.5031848265509607e-05,0.0,1.1031200970662582,2.5031848265509607e-05,,,,
4681,0.001,adam,4682,131.66785097122192,9.92198026419955e-06,0.0,1.0360014763287353,9.92198026419955e-06,,,,
4682,0.001,adam,4683,131.71897411346436,3.885647073293001e-06,0.0,0.9862915321777317,3.885647073293001e-06,,,,
4683,0.001,adam,4684,131.743882894516,7.206752343396027e-06,0.0,1.0557734918324135,7.206752343396027e-06,,,,
4684,0.001,adam,4685,131.77348613739014,1.4632601132849151e-05,0.0,1.0555014325558656,1.4632601132849151e-05,,,,
4685,0.001,adam,4686,131.82034254074097,1.9605866977278925e-05,0.0,0.9871660747657872,1.9605866977278925e-05,,,,
4686,0.001,adam,4687,131.8489065170288,1.846722375266355e-05,0.0,0.9553288797848932,1.846722375266355e-05,,,,
4687,0.001,adam,4688,131.88748002052307,1.2868150369563573e-05,0.0,0.9746115444600122,1.2868150369563573e-05,,,,
4688,0.001,adam,4689,131.9356665611267,7.227614323247253e-06,0.0,0.9606878747615337,7.227614323247253e-06,,,,
4689,0.001,adam,4690,131.96428394317627,5.259698633737585e-06,0.0,1.090166390897245,5.259698633737585e-06,,,,
4690,0.001,adam,4691,132.00847148895264,6.920881034871334e-06,0.0,1.109516965613655,6.920881034871334e-06,,,,
4691,0.001,adam,4692,132.0424928665161,9.310855954881686e-06,0.0,0.9944261575211513,9.310855954881686e-06,,,,
4692,0.001,adam,4693,132.06874537467957,9.58957794287276e-06,0.0,1.0995085246471608,9.58957794287276e-06,,,,
4693,0.001,adam,4694,132.10900807380676,7.380324152705062e-06,0.0,1.1038087427677952,7.380324152705062e-06,,,,
4694,0.001,adam,4695,132.15321707725525,4.6899196341080565e-06,0.0,0.9431606796303494,4.6899196341080565e-06,,,,
4695,0.001,adam,4696,132.17852401733398,3.6514293099614245e-06,0.0,0.9468269253560914,3.6514293099614245e-06,,,,
4696,0.001,adam,4697,132.20645594596863,4.678716114654507e-06,0.0,0.9877600244689664,4.678716114654507e-06,,,,
4697,0.001,adam,4698,132.23444414138794,6.278566174286208e-06,0.0,1.104046301161392,6.278566174286208e-06,,,,
4698,0.001,adam,4699,132.25976014137268,6.700780877647074e-06,0.0,1.067001843905952,6.700780877647074e-06,,,,
4699,0.001,adam,4700,132.30829739570618,5.433039389602129e-06,0.0,1.0119753169035008,5.433039389602129e-06,0.00564469885685917,0.0,0.9742814390577154,0.00564469885685917
4700,0.001,adam,4701,132.35369873046875,3.5438440931349976e-06,0.0,0.979814683676891,3.5438440931349976e-06,,,,
4701,0.001,adam,4702,132.39792943000793,2.481624784895034e-06,0.0,1.0593328640702597,2.481624784895034e-06,,,,
4702,0.001,adam,4703,132.43885159492493,2.7990370657526196e-06,0.0,1.0275898760040225,2.7990370657526196e-06,,,,
4703,0.001,adam,4704,132.47547936439514,3.852695098501457e-06,0.0,0.9990511623194995,3.852695098501457e-06,,,,
4704,0.001,adam,4705,132.52050471305847,4.530100081673977e-06,0.0,1.0890757192268457,4.530100081673977e-06,,,,
4705,0.001,adam,4706,132.5512626171112,4.258704956824707e-06,0.0,0.9880401443253094,4.258704956824707e-06,,,,
4706,0.001,adam,4707,132.57597827911377,3.31915870115409e-06,0.0,0.8819238147860113,3.31915870115409e-06,,,,
4707,0.001,adam,4708,132.6046724319458,2.4942418500948907e-06,0.0,1.0711073472819108,2.4942418500948907e-06,,,,
4708,0.001,adam,4709,132.63162636756897,2.316050962043221e-06,0.0,0.9924312343455494,2.316050962043221e-06,,,,
4709,0.001,adam,4710,132.65900564193726,2.7071590833019634e-06,0.0,0.9852644998577368,2.7071590833019634e-06,,,,
4710,0.001,adam,4711,132.6961054801941,3.167048592913435e-06,0.0,1.0218834799323964,3.167048592913435e-06,,,,
4711,0.001,adam,4712,132.74511170387268,3.2466961271866664e-06,0.0,0.9673147911797377,3.2466961271866664e-06,,,,
4712,0.001,adam,4713,132.78568744659424,2.898391300516554e-06,0.0,1.0084189553615295,2.898391300516554e-06,,,,
4713,0.001,adam,4714,132.82864212989807,2.416349856725493e-06,0.0,1.0399785420537273,2.416349856725493e-06,,,,
4714,0.001,adam,4715,132.86093282699585,2.1544001932943874e-06,0.0,1.018430812132626,2.1544001932943874e-06,,,,
4715,0.001,adam,4716,132.9107539653778,2.232889360009316e-06,0.0,1.0032322056660075,2.232889360009316e-06,,,,
4716,0.001,adam,4717,132.94973373413086,2.496067368523312e-06,0.0,1.0587638692793302,2.496067368523312e-06,,,,
4717,0.001,adam,4718,132.9762144088745,2.6814498057330367e-06,0.0,0.968115272948132,2.6814498057330367e-06,,,,
4718,0.001,adam,4719,133.00354075431824,2.6328108818940157e-06,0.0,1.0750770119053672,2.6328108818940157e-06,,,,
4719,0.001,adam,4720,133.04173874855042,2.3957314448729974e-06,0.0,1.0047932018147798,2.3957314448729974e-06,0.005658401227390838,0.0,0.9762818825084425,0.005658401227390838
4720,0.001,adam,4721,133.08652186393738,2.1418247911651746e-06,0.0,0.9634767673682424,2.1418247911651746e-06,,,,
4721,0.001,adam,4722,133.11612725257874,2.026308690891481e-06,0.0,1.0548065921541983,2.026308690891481e-06,,,,
4722,0.001,adam,4723,133.14737606048584,2.0821715162016508e-06,0.0,1.0719365515395736,2.0821715162016508e-06,,,,
4723,0.001,adam,4724,133.17502236366272,2.2234146665334353e-06,0.0,1.051688774701407,2.2234146665334353e-06,,,,
4724,0.001,adam,4725,133.2021210193634,2.326975627155269e-06,0.0,0.9992493328219183,2.326975627155269e-06,,,,
4725,0.001,adam,4726,133.22783994674683,2.321354535459914e-06,0.0,0.9730827227817542,2.321354535459914e-06,,,,
4726,0.001,adam,4727,133.2549970149994,2.2213953023421244e-06,0.0,1.0116426796009559,2.2213953023421244e-06,,,,
4727,0.001,adam,4728,133.28852725028992,2.0986965876533114e-06,0.0,1.031426034835133,2.0986965876533114e-06,,,,
4728,0.001,adam,4729,133.31057691574097,2.023503658536389e-06,0.0,0.9912015992150784,2.023503658536389e-06,,,,
4729,0.001,adam,4730,133.33280968666077,2.020745649214202e-06,0.0,0.9753376779583952,2.020745649214202e-06,,,,
4730,0.001,adam,4731,133.35474133491516,2.065351947445461e-06,0.0,1.0620203756548936,2.065351947445461e-06,,,,
4731,0.001,adam,4732,133.39321160316467,2.1097033540449656e-06,0.0,1.0247912891200466,2.1097033540449656e-06,,,,
4732,0.001,adam,4733,133.41883277893066,2.1182500711879913e-06,0.0,1.0441518161203374,2.1182500711879913e-06,,,,
4733,0.001,adam,4734,133.4442422389984,2.0871234852602566e-06,0.0,0.9795072014096913,2.0871234852602566e-06,,,,
4734,0.001,adam,4735,133.4753074645996,2.039094174124611e-06,0.0,0.9734583572061467,2.039094174124611e-06,,,,
4735,0.001,adam,4736,133.49874782562256,2.0038030496370676e-06,0.0,1.0624174267310837,2.0038030496370676e-06,,,,
4736,0.001,adam,4737,133.52197861671448,1.99841846969583e-06,0.0,0.9968467093431649,1.99841846969583e-06,,,,
4737,0.001,adam,4738,133.54403162002563,2.0203181108522394e-06,0.0,1.0766599712820484,2.0203181108522394e-06,,,,
4738,0.001,adam,4739,133.57147669792175,2.0531308362433915e-06,0.0,1.1152094353030997,2.0531308362433915e-06,,,,
4739,0.001,adam,4740,133.6040744781494,2.0792166783093827e-06,0.0,0.9965337854768986,2.0792166783093827e-06,0.005666773240588147,0.0,0.9764584216471128,0.005666773240588147
4740,0.001,adam,4741,133.63788294792175,2.0910599462711415e-06,0.0,1.020907892532329,2.0910599462711415e-06,,,,
4741,0.001,adam,4742,133.68847942352295,2.0948408552088376e-06,0.0,1.022110983691592,2.0948408552088376e-06,,,,
4742,0.001,adam,4743,133.72519707679749,2.107077628262378e-06,0.0,1.053189311190406,2.107077628262378e-06,,,,
4743,0.001,adam,4744,133.75199627876282,2.14746980240103e-06,0.0,1.023911580483368,2.14746980240103e-06,,,,
4744,0.001,adam,4745,133.77499437332153,2.2342664639970843e-06,0.0,1.1141496119927194,2.2342664639970843e-06,,,,
4745,0.001,adam,4746,133.79791617393494,2.3844972498730456e-06,0.0,1.0018009991872059,2.3844972498730456e-06,,,,
4746,0.001,adam,4747,133.8212239742279,2.6211473451811176e-06,0.0,1.0384475690061228,2.6211473451811176e-06,,,,
4747,0.001,adam,4748,133.85862922668457,2.982478760458679e-06,0.0,1.043325337097601,2.982478760458679e-06,,,,
4748,0.001,adam,4749,133.90557551383972,3.5397012072733316e-06,0.0,1.097828666132027,3.5397012072733316e-06,,,,
4749,0.001,adam,4750,133.94528222084045,4.409310610711159e-06,0.0,0.963737075373278,4.409310610711159e-06,,,,
4750,0.001,adam,4751,133.99491834640503,5.786642100018711e-06,0.0,1.0022126765093664,5.786642100018711e-06,,,,
4751,0.001,adam,4752,134.03689789772034,7.963048148981709e-06,0.0,1.006994454445493,7.963048148981709e-06,,,,
4752,0.001,adam,4753,134.06425595283508,1.1390409724470339e-05,0.0,1.0263424723986492,1.1390409724470339e-05,,,,
4753,0.001,adam,4754,134.1104655265808,1.66740188409116e-05,0.0,1.0268507297160188,1.66740188409116e-05,,,,
4754,0.001,adam,4755,134.13734650611877,2.4598706883388223e-05,0.0,0.9837639149193388,2.4598706883388223e-05,,,,
4755,0.001,adam,4756,134.16332507133484,3.579368087238785e-05,0.0,1.0231637855996294,3.579368087238785e-05,,,,
4756,0.001,adam,4757,134.18917894363403,5.024990891769012e-05,0.0,1.0107051818530322,5.024990891769012e-05,,,,
4757,0.001,adam,4758,134.2266173362732,6.574797664152726e-05,0.0,1.0228301545970233,6.574797664152726e-05,,,,
4758,0.001,adam,4759,134.27090620994568,7.72568911583226e-05,0.0,1.0394077818052605,7.72568911583226e-05,,,,
4759,0.001,adam,4760,134.3140091896057,7.688128194316009e-05,0.0,1.067351405408118,7.688128194316009e-05,0.005746238613817975,0.0,0.9694773902571895,0.005746238613817975
4760,0.001,adam,4761,134.35215616226196,6.130063705053515e-05,0.0,1.0306150187084404,6.130063705053515e-05,,,,
4761,0.001,adam,4762,134.3984091281891,3.661021538573822e-05,0.0,1.0935733535400216,3.661021538573822e-05,,,,
4762,0.001,adam,4763,134.43071389198303,1.8183006400871378e-05,0.0,1.0882225451700098,1.8183006400871378e-05,,,,
4763,0.001,adam,4764,134.46268320083618,1.58306647315167e-05,0.0,1.0584395899014796,1.58306647315167e-05,,,,
4764,0.001,adam,4765,134.50984120368958,2.5219696026645262e-05,0.0,0.9855057520898143,2.5219696026645262e-05,,,,
4765,0.001,adam,4766,134.53909158706665,3.321708875181817e-05,0.0,1.1089902788584838,3.321708875181817e-05,,,,
4766,0.001,adam,4767,134.57149577140808,3.1685723459284896e-05,0.0,1.0373349138910208,3.1685723459284896e-05,,,,
4767,0.001,adam,4768,134.6152799129486,2.235373474228518e-05,0.0,1.0039540784247714,2.235373474228518e-05,,,,
4768,0.001,adam,4769,134.65136623382568,1.3330074798776593e-05,0.0,0.9545040115066394,1.3330074798776593e-05,,,,
4769,0.001,adam,4770,134.68859934806824,9.756711027187384e-06,0.0,1.1084289999451322,9.756711027187384e-06,,,,
4770,0.001,adam,4771,134.72569108009338,1.0558059059807073e-05,0.0,1.03232973033669,1.0558059059807073e-05,,,,
4771,0.001,adam,4772,134.76095366477966,1.2017291612251872e-05,0.0,1.05437896572104,1.2017291612251872e-05,,,,
4772,0.001,adam,4773,134.78910779953003,1.1723854371854154e-05,0.0,1.1060369791888782,1.1723854371854154e-05,,,,
4773,0.001,adam,4774,134.83571600914001,9.864358466523428e-06,0.0,1.0595886653559325,9.864358466523428e-06,,,,
4774,0.001,adam,4775,134.8707389831543,7.980855108572382e-06,0.0,1.0483747571433615,7.980855108572382e-06,,,,
4775,0.001,adam,4776,134.91742753982544,7.493165941263578e-06,0.0,1.0428262595862992,7.493165941263578e-06,,,,
4776,0.001,adam,4777,134.95253252983093,8.500586221652286e-06,0.0,0.9837760507105457,8.500586221652286e-06,,,,
4777,0.001,adam,4778,134.99388527870178,9.31968388186402e-06,0.0,0.9818308619927167,9.31968388186402e-06,,,,
4778,0.001,adam,4779,135.02080488204956,8.54223628554338e-06,0.0,0.9254237253045343,8.54223628554338e-06,,,,
4779,0.001,adam,4780,135.04716062545776,6.567770540953103e-06,0.0,1.015537005579294,6.567770540953103e-06,0.005658993982576859,0.0,0.9780941665578555,0.005658993982576859
4780,0.001,adam,4781,135.08448028564453,5.3003920399157685e-06,0.0,0.9966368854712861,5.3003920399157685e-06,,,,
4781,0.001,adam,4782,135.11453819274902,5.59330766298835e-06,0.0,1.0084411972311713,5.59330766298835e-06,,,,
4782,0.001,adam,4783,135.1435034275055,6.15465502338121e-06,0.0,1.0429266023985684,6.15465502338121e-06,,,,
4783,0.001,adam,4784,135.17109942436218,5.495602359476241e-06,0.0,0.9828343619996381,5.495602359476241e-06,,,,
4784,0.001,adam,4785,135.19925212860107,3.89008662094858e-06,0.0,0.9725740409385353,3.89008662094858e-06,,,,
4785,0.001,adam,4786,135.2267143726349,3.0162410550467045e-06,0.0,1.0773009245632001,3.0162410550467045e-06,,,,
4786,0.001,adam,4787,135.2530574798584,3.5343069976343337e-06,0.0,0.9684415059792162,3.5343069976343337e-06,,,,
4787,0.001,adam,4788,135.2767198085785,4.305611701262591e-06,0.0,1.1028894712880526,4.305611701262591e-06,,,,
4788,0.001,adam,4789,135.29922127723694,4.147606636502305e-06,0.0,1.0479208306446164,4.147606636502305e-06,,,,
4789,0.001,adam,4790,135.32212138175964,3.3192856705552873e-06,0.0,1.024942496261371,3.3192856705552873e-06,,,,
4790,0.001,adam,4791,135.34649896621704,2.9236127448372013e-06,0.0,1.0521421635588135,2.9236127448372013e-06,,,,
4791,0.001,adam,4792,135.36951875686646,3.264558935783286e-06,0.0,1.120913441997549,3.264558935783286e-06,,,,
4792,0.001,adam,4793,135.39247727394104,3.637646409313114e-06,0.0,0.9928136931073871,3.637646409313114e-06,,,,
4793,0.001,adam,4794,135.41496229171753,3.478753102009831e-06,0.0,0.9389478102559241,3.478753102009831e-06,,,,
4794,0.001,adam,4795,135.43809723854065,3.0294401954448117e-06,0.0,1.0347079848066858,3.0294401954448117e-06,,,,
4795,0.001,adam,4796,135.4609923362732,2.818363047295558e-06,0.0,0.972086565303466,2.818363047295558e-06,,,,
4796,0.001,adam,4797,135.48200678825378,2.8890926602274216e-06,0.0,0.9590922458039784,2.8890926602274216e-06,,,,
4797,0.001,adam,4798,135.50499892234802,2.8950405507875744e-06,0.0,0.9123150539699113,2.8950405507875744e-06,,,,
4798,0.001,adam,4799,135.52604961395264,2.686008382547116e-06,0.0,1.203942517336317,2.686008382547116e-06,,,,
4799,0.001,adam,4800,135.5481255054474,2.4719081847374045e-06,0.0,0.978304955426049,2.4719081847374045e-06,0.005669824922525066,0.0,0.9791224813448313,0.005669824922525066
4800,0.001,adam,4801,135.57853984832764,2.4402314355588932e-06,0.0,1.0385911219050759,2.4402314355588932e-06,,,,
4801,0.001,adam,4802,135.60184693336487,2.4757207050332955e-06,0.0,1.0049651624956035,2.4757207050332955e-06,,,,
4802,0.001,adam,4803,135.6226532459259,2.3787099067082393e-06,0.0,0.9093996977217064,2.3787099067082393e-06,,,,
4803,0.001,adam,4804,135.6448996067047,2.1825406608429655e-06,0.0,1.0862848941983618,2.1825406608429655e-06,,,,
4804,0.001,adam,4805,135.66757488250732,2.0873161395171836e-06,0.0,0.9775660214013729,2.0873161395171836e-06,,,,
4805,0.001,adam,4806,135.69101929664612,2.1595762135915886e-06,0.0,0.9759459821967644,2.1595762135915886e-06,,,,
4806,0.001,adam,4807,135.71558380126953,2.247425027467585e-06,0.0,0.9960593308603614,2.247425027467585e-06,,,,
4807,0.001,adam,4808,135.73776149749756,2.201657142721079e-06,0.0,0.9969370154052275,2.201657142721079e-06,,,,
4808,0.001,adam,4809,135.76131868362427,2.0641679344015775e-06,0.0,1.0148490553456835,2.0641679344015775e-06,,,,
4809,0.001,adam,4810,135.7837233543396,1.9853873474238295e-06,0.0,1.0842284869263281,1.9853873474238295e-06,,,,
4810,0.001,adam,4811,135.80642175674438,2.026599693370517e-06,0.0,0.955122971359532,2.026599693370517e-06,,,,
4811,0.001,adam,4812,135.8313159942627,2.1076348060636446e-06,0.0,1.0280322574557963,2.1076348060636446e-06,,,,
4812,0.001,adam,4813,135.8567235469818,2.1284774541967672e-06,0.0,1.0217806862357746,2.1284774541967672e-06,,,,
4813,0.001,adam,4814,135.87985730171204,2.081146248000028e-06,0.0,0.9688684496752444,2.081146248000028e-06,,,,
4814,0.001,adam,4815,135.90172410011292,2.029394106588184e-06,0.0,0.9734853829074153,2.029394106588184e-06,,,,
4815,0.001,adam,4816,135.92367553710938,2.0188895703293153e-06,0.0,1.0722091696164688,2.0188895703293153e-06,,,,
4816,0.001,adam,4817,135.9436173439026,2.0404863162050943e-06,0.0,1.0120888451533747,2.0404863162050943e-06,,,,
4817,0.001,adam,4818,135.96264171600342,2.068055319673256e-06,0.0,1.0575453934854344,2.068055319673256e-06,,,,
4818,0.001,adam,4819,135.982248544693,2.095455448968011e-06,0.0,0.9982737538885761,2.095455448968011e-06,,,,
4819,0.001,adam,4820,136.00347781181335,2.128844073933059e-06,0.0,1.0553824574844406,2.128844073933059e-06,0.005679779981553936,0.0,0.9795521701821773,0.005679779981553936
4820,0.001,adam,4821,136.0319540500641,2.1658521122165412e-06,0.0,0.9585562324210029,2.1658521122165412e-06,,,,
4821,0.001,adam,4822,136.05483078956604,2.2032770217128495e-06,0.0,1.0441916234958737,2.2032770217128495e-06,,,,
4822,0.001,adam,4823,136.07662224769592,2.2568778997555427e-06,0.0,0.9860639172269646,2.2568778997555427e-06,,,,
4823,0.001,adam,4824,136.09885120391846,2.3583772152489097e-06,0.0,1.0885793140735238,2.3583772152489097e-06,,,,
4824,0.001,adam,4825,136.12146878242493,2.5300941870328754e-06,0.0,0.9315564568728872,2.5300941870328754e-06,,,,
4825,0.001,adam,4826,136.1433629989624,2.7730973711696277e-06,0.0,1.013594072538958,2.7730973711696277e-06,,,,
4826,0.001,adam,4827,136.1655924320221,3.090500479743629e-06,0.0,0.9571514606071094,3.090500479743629e-06,,,,
4827,0.001,adam,4828,136.18888664245605,3.518377769106019e-06,0.0,0.9843536054873055,3.518377769106019e-06,,,,
4828,0.001,adam,4829,136.20845651626587,4.135283179905356e-06,0.0,0.9306113415927555,4.135283179905356e-06,,,,
4829,0.001,adam,4830,136.2280523777008,5.048570606401131e-06,0.0,1.1409498500564625,5.048570606401131e-06,,,,
4830,0.001,adam,4831,136.24864745140076,6.3796434293389264e-06,0.0,0.992179352172044,6.3796434293389264e-06,,,,
4831,0.001,adam,4832,136.27027130126953,8.283266474415635e-06,0.0,1.0769261935199785,8.283266474415635e-06,,,,
4832,0.001,adam,4833,136.2914900779724,1.0962407416845465e-05,0.0,1.0088390917998091,1.0962407416845465e-05,,,,
4833,0.001,adam,4834,136.31259083747864,1.4689544308788532e-05,0.0,0.9270211416602081,1.4689544308788532e-05,,,,
4834,0.001,adam,4835,136.34497117996216,1.9730435021375086e-05,0.0,0.9243620656322008,1.9730435021375086e-05,,,,
4835,0.001,adam,4836,136.36977696418762,2.62356193867945e-05,0.0,1.107073248252577,2.62356193867945e-05,,,,
4836,0.001,adam,4837,136.39151620864868,3.3953593777602856e-05,0.0,0.9728807548114424,3.3953593777602856e-05,,,,
4837,0.001,adam,4838,136.41716480255127,4.1873938568239035e-05,0.0,0.9309848236759013,4.1873938568239035e-05,,,,
4838,0.001,adam,4839,136.43915557861328,4.7969043877382936e-05,0.0,0.9483885821901581,4.7969043877382936e-05,,,,
4839,0.001,adam,4840,136.45941638946533,4.9278428354518676e-05,0.0,1.0318094642907414,4.9278428354518676e-05,0.005726149515816191,0.0,0.9899113440499412,0.005726149515816191
4840,0.001,adam,4841,136.48857402801514,4.3718603756283064e-05,0.0,1.021588934068878,4.3718603756283064e-05,,,,
4841,0.001,adam,4842,136.51185202598572,3.173131268668144e-05,0.0,0.9695589898516423,3.173131268668144e-05,,,,
4842,0.001,adam,4843,136.53517532348633,1.8153148197952615e-05,0.0,1.0952220787390563,1.8153148197952615e-05,,,,
4843,0.001,adam,4844,136.5567021369934,9.06952935192028e-06,0.0,0.9782296235529078,9.06952935192028e-06,,,,
4844,0.001,adam,4845,136.57887721061707,7.735623784747654e-06,0.0,1.0661782380854556,7.735623784747654e-06,,,,
4845,0.001,adam,4846,136.60180592536926,1.1995693706036046e-05,0.0,1.0515820319541451,1.1995693706036046e-05,,,,
4846,0.001,adam,4847,136.62372088432312,1.6524108928273915e-05,0.0,0.9055089567279889,1.6524108928273915e-05,,,,
4847,0.001,adam,4848,136.64537000656128,1.668483692327971e-05,0.0,0.9332871837859077,1.668483692327971e-05,,,,
4848,0.001,adam,4849,136.66642117500305,1.2386424387934911e-05,0.0,0.9489270758990319,1.2386424387934911e-05,,,,
4849,0.001,adam,4850,136.70170998573303,6.828127111658385e-06,0.0,1.0723674623272192,6.828127111658385e-06,,,,
4850,0.001,adam,4851,136.74248099327087,3.979052105101843e-06,0.0,1.0205564113011327,3.979052105101843e-06,,,,
4851,0.001,adam,4852,136.76502537727356,5.009657188428929e-06,0.0,0.9780778360783173,5.009657188428929e-06,,,,
4852,0.001,adam,4853,136.79754281044006,7.874639930732028e-06,0.0,1.003910415937018,7.874639930732028e-06,,,,
4853,0.001,adam,4854,136.82073736190796,9.597499654069912e-06,0.0,0.9643893790155126,9.597499654069912e-06,,,,
4854,0.001,adam,4855,136.84556198120117,8.6619984560719e-06,0.0,1.033870499761223,8.6619984560719e-06,,,,
4855,0.001,adam,4856,136.86861968040466,6.135604639828818e-06,0.0,1.022992483207277,6.135604639828818e-06,,,,
4856,0.001,adam,4857,136.89534997940063,4.032189368818406e-06,0.0,1.0078167399340163,4.032189368818406e-06,,,,
4857,0.001,adam,4858,136.92283749580383,3.610206236326205e-06,0.0,0.992484366532808,3.610206236326205e-06,,,,
4858,0.001,adam,4859,136.95882511138916,4.46782134251392e-06,0.0,0.9355637923159261,4.46782134251392e-06,,,,
4859,0.001,adam,4860,136.99507403373718,5.292127821621927e-06,0.0,0.9322456479994006,5.292127821621927e-06,0.00565468289540645,0.0,0.9780784238814744,0.00565468289540645
4860,0.001,adam,4861,137.05017566680908,5.181435171246097e-06,0.0,1.0706817607562207,5.181435171246097e-06,,,,
4861,0.001,adam,4862,137.07308268547058,4.242951475547856e-06,0.0,1.0212431326937552,4.242951475547856e-06,,,,
4862,0.001,adam,4863,137.09672737121582,3.2620421405243446e-06,0.0,0.9441787560686713,3.2620421405243446e-06,,,,
4863,0.001,adam,4864,137.1197919845581,2.8729694345046992e-06,0.0,1.104861578966834,2.8729694345046992e-06,,,,
4864,0.001,adam,4865,137.14642357826233,3.0943207432229502e-06,0.0,0.9705355373195633,3.0943207432229502e-06,,,,
4865,0.001,adam,4866,137.16993117332458,3.4725155376362697e-06,0.0,1.0592088522403393,3.4725155376362697e-06,,,,
4866,0.001,adam,4867,137.19415187835693,3.5594246606201686e-06,0.0,1.0132369258978942,3.5594246606201686e-06,,,,
4867,0.001,adam,4868,137.21850848197937,3.2576263920144063e-06,0.0,0.9942941661278961,3.2576263920144063e-06,,,,
4868,0.001,adam,4869,137.24168300628662,2.808190280572771e-06,0.0,1.0110808446853627,2.808190280572771e-06,,,,
4869,0.001,adam,4870,137.2634825706482,2.517913820955711e-06,0.0,1.072433868142476,2.517913820955711e-06,,,,
4870,0.001,adam,4871,137.284175157547,2.5139915512514366e-06,0.0,1.03487213222528,2.5139915512514366e-06,,,,
4871,0.001,adam,4872,137.30613470077515,2.687859839165501e-06,0.0,0.9611891717690885,2.687859839165501e-06,,,,
4872,0.001,adam,4873,137.32789826393127,2.8298883773587264e-06,0.0,1.0640501570293819,2.8298883773587264e-06,,,,
4873,0.001,adam,4874,137.34963822364807,2.7955208394423728e-06,0.0,0.9745381841761274,2.7955208394423728e-06,,,,
4874,0.001,adam,4875,137.3718559741974,2.5940740029988524e-06,0.0,0.9647638685059883,2.5940740029988524e-06,,,,
4875,0.001,adam,4876,137.39416360855103,2.342151363418092e-06,0.0,0.9546836377684496,2.342151363418092e-06,,,,
4876,0.001,adam,4877,137.41849303245544,2.1630043913707982e-06,0.0,0.9877941028675187,2.1630043913707982e-06,,,,
4877,0.001,adam,4878,137.44180417060852,2.112026857955058e-06,0.0,1.0169688550477256,2.112026857955058e-06,,,,
4878,0.001,adam,4879,137.4636332988739,2.1579895905722026e-06,0.0,0.9908298259694608,2.1579895905722026e-06,,,,
4879,0.001,adam,4880,137.4868278503418,2.2236759225006017e-06,0.0,1.0106326352944603,2.2236759225006017e-06,0.0056640794385637745,0.0,0.978321023833409,0.0056640794385637745
4880,0.001,adam,4881,137.51877570152283,2.23817889248101e-06,0.0,0.9451500584932571,2.23817889248101e-06,,,,
4881,0.001,adam,4882,137.54876589775085,2.1773472689370423e-06,0.0,1.004793711177236,2.1773472689370423e-06,,,,
4882,0.001,adam,4883,137.57277989387512,2.0700628813409187e-06,0.0,1.0069206794430152,2.0700628813409187e-06,,,,
4883,0.001,adam,4884,137.59719967842102,1.9741136889362526e-06,0.0,1.0200298982033857,1.9741136889362526e-06,,,,
4884,0.001,adam,4885,137.61839509010315,1.937183341093579e-06,0.0,1.060669582341712,1.937183341093579e-06,,,,
4885,0.001,adam,4886,137.6427400112152,1.967851886210028e-06,0.0,1.0007714454402208,1.967851886210028e-06,,,,
4886,0.001,adam,4887,137.66662979125977,2.0341133158460032e-06,0.0,1.050139124355055,2.0341133158460032e-06,,,,
4887,0.001,adam,4888,137.69112491607666,2.0856952300324647e-06,0.0,0.9892048783668004,2.0856952300324647e-06,,,,
4888,0.001,adam,4889,137.71357226371765,2.0879986613246803e-06,0.0,1.0116058152274374,2.0879986613246803e-06,,,,
4889,0.001,adam,4890,137.73661398887634,2.0400193832113716e-06,0.0,0.9416113878526107,2.0400193832113716e-06,,,,
4890,0.001,adam,4891,137.76048469543457,1.9733504052852193e-06,0.0,1.0654972240291314,1.9733504052852193e-06,,,,
4891,0.001,adam,4892,137.7844111919403,1.9260997121232385e-06,0.0,1.0768969657239809,1.9260997121232385e-06,,,,
4892,0.001,adam,4893,137.8098428249359,1.9199005458285623e-06,0.0,0.9809318611202291,1.9199005458285623e-06,,,,
4893,0.001,adam,4894,137.84557723999023,1.948162995177263e-06,0.0,1.0157767295415614,1.948162995177263e-06,,,,
4894,0.001,adam,4895,137.89819979667664,1.985501076438826e-06,0.0,0.9722048739780866,1.985501076438826e-06,,,,
4895,0.001,adam,4896,137.91883039474487,2.0056715708804396e-06,0.0,0.9616273993045461,2.0056715708804396e-06,,,,
4896,0.001,adam,4897,137.94668102264404,1.997637667399219e-06,0.0,1.0208100491230456,1.997637667399219e-06,,,,
4897,0.001,adam,4898,137.97684121131897,1.9691796967464886e-06,0.0,0.9829523972778331,1.9691796967464886e-06,,,,
4898,0.001,adam,4899,138.01923251152039,1.94004217335591e-06,0.0,1.010159863558167,1.94004217335591e-06,,,,
4899,0.001,adam,4900,138.04289317131042,1.92844632305767e-06,0.0,0.94155195244893,1.92844632305767e-06,0.005674196323357578,0.0,0.9790083288845246,0.005674196323357578
4900,0.001,adam,4901,138.0753014087677,1.9423553193904916e-06,0.0,1.0316121635382665,1.9423553193904916e-06,,,,
4901,0.001,adam,4902,138.10050868988037,1.9766267430822634e-06,0.0,0.979300006422282,1.9766267430822634e-06,,,,
4902,0.001,adam,4903,138.12339639663696,2.0201897431614355e-06,0.0,0.9513755666696866,2.0201897431614355e-06,,,,
4903,0.001,adam,4904,138.14622497558594,2.0623825910000237e-06,0.0,0.8782558357900957,2.0623825910000237e-06,,,,
4904,0.001,adam,4905,138.1823353767395,2.102201127525014e-06,0.0,0.9458613816699486,2.102201127525014e-06,,,,
4905,0.001,adam,4906,138.21990990638733,2.145796446707715e-06,0.0,1.0131402563800638,2.145796446707715e-06,,,,
4906,0.001,adam,4907,138.24485635757446,2.20835582551887e-06,0.0,1.03051874360611,2.20835582551887e-06,,,,
4907,0.001,adam,4908,138.2686173915863,2.3032536833278503e-06,0.0,1.0490910846512613,2.3032536833278503e-06,,,,
4908,0.001,adam,4909,138.2921793460846,2.446567648958671e-06,0.0,0.9834377120124932,2.446567648958671e-06,,,,
4909,0.001,adam,4910,138.31604480743408,2.6477990876990716e-06,0.0,1.0130418809153032,2.6477990876990716e-06,,,,
4910,0.001,adam,4911,138.34148287773132,2.9263716592997233e-06,0.0,1.0963093396671302,2.9263716592997233e-06,,,,
4911,0.001,adam,4912,138.36486291885376,3.2992246903591755e-06,0.0,1.0164649030544328,3.2992246903591755e-06,,,,
4912,0.001,adam,4913,138.3883090019226,3.8107269213015983e-06,0.0,0.9343952819590209,3.8107269213015983e-06,,,,
4913,0.001,adam,4914,138.41251516342163,4.500115626250986e-06,0.0,1.0306185973063133,4.500115626250986e-06,,,,
4914,0.001,adam,4915,138.44286012649536,5.459472218308803e-06,0.0,1.0960178819448667,5.459472218308803e-06,,,,
4915,0.001,adam,4916,138.47550892829895,6.749150183334829e-06,0.0,0.9735786217300195,6.749150183334829e-06,,,,
4916,0.001,adam,4917,138.50305366516113,8.530388328723803e-06,0.0,1.1220210048441968,8.530388328723803e-06,,,,
4917,0.001,adam,4918,138.5341112613678,1.0839679002590826e-05,0.0,1.057547912659971,1.0839679002590826e-05,,,,
4918,0.001,adam,4919,138.55663013458252,1.3901517660675262e-05,0.0,1.1568351095723677,1.3901517660675262e-05,,,,
4919,0.001,adam,4920,138.58040285110474,1.7532144181929438e-05,0.0,1.0101012595314165,1.7532144181929438e-05,0.005764364405628866,0.0,0.9821662422943608,0.005764364405628866
4920,0.001,adam,4921,138.61115646362305,2.1869453237717197e-05,0.0,0.9551782976129914,2.1869453237717197e-05,,,,
4921,0.001,adam,4922,138.6347267627716,2.6007614657291614e-05,0.0,1.0212457482803157,2.6007614657291614e-05,,,,
4922,0.001,adam,4923,138.6569962501526,2.967833123734967e-05,0.0,1.0599562912345877,2.967833123734967e-05,,,,
4923,0.001,adam,4924,138.6787919998169,3.0973864026470925e-05,0.0,1.010308935985374,3.0973864026470925e-05,,,,
4924,0.001,adam,4925,138.70205092430115,2.967334977799802e-05,0.0,1.0689040198846063,2.967334977799802e-05,,,,
4925,0.001,adam,4926,138.7255277633667,2.470949544392405e-05,0.0,1.004114658919287,2.470949544392405e-05,,,,
4926,0.001,adam,4927,138.74941182136536,1.776741696554962e-05,0.0,1.0784205876152193,1.776741696554962e-05,,,,
4927,0.001,adam,4928,138.7718870639801,1.05648880306966e-05,0.0,1.077852348724689,1.05648880306966e-05,,,,
4928,0.001,adam,4929,138.79772448539734,5.456102250147754e-06,0.0,1.175379567647484,5.456102250147754e-06,,,,
4929,0.001,adam,4930,138.8210723400116,3.5163561254337976e-06,0.0,1.0721102296964948,3.5163561254337976e-06,,,,
4930,0.001,adam,4931,138.84564781188965,4.406912353055411e-06,0.0,0.9343644853446487,4.406912353055411e-06,,,,
4931,0.001,adam,4932,138.87329649925232,6.780394445018028e-06,0.0,1.048909432868732,6.780394445018028e-06,,,,
4932,0.001,adam,4933,138.89375376701355,8.986193650705297e-06,0.0,0.9820823937401881,8.986193650705297e-06,,,,
4933,0.001,adam,4934,138.92435383796692,9.998573128773339e-06,0.0,1.0902576818300207,9.998573128773339e-06,,,,
4934,0.001,adam,4935,138.95519423484802,9.396339865072096e-06,0.0,1.036433258161713,9.396339865072096e-06,,,,
4935,0.001,adam,4936,138.98924231529236,7.759556359803569e-06,0.0,1.0424644047219194,7.759556359803569e-06,,,,
4936,0.001,adam,4937,139.01098132133484,5.917955867915609e-06,0.0,1.0451131499861626,5.917955867915609e-06,,,,
4937,0.001,adam,4938,139.03351664543152,4.69926874339839e-06,0.0,1.0135605010418747,4.69926874339839e-06,,,,
4938,0.001,adam,4939,139.05747818946838,4.476432512235302e-06,0.0,1.0715209356188342,4.476432512235302e-06,,,,
4939,0.001,adam,4940,139.08075976371765,5.1382747918120566e-06,0.0,1.0992102100406196,5.1382747918120566e-06,0.0056882090649032,0.0,0.9782568111322077,0.0056882090649032
4940,0.001,adam,4941,139.11072993278503,6.269009922671697e-06,0.0,0.967057388627012,6.269009922671697e-06,,,,
4941,0.001,adam,4942,139.13473081588745,7.417918689796893e-06,0.0,1.137427406112581,7.417918689796893e-06,,,,
4942,0.001,adam,4943,139.15778064727783,8.366558896180276e-06,0.0,1.0003455773735332,8.366558896180276e-06,,,,
4943,0.001,adam,4944,139.18245768547058,9.137300245484668e-06,0.0,1.022110609739552,9.137300245484668e-06,,,,
4944,0.001,adam,4945,139.20548462867737,1.0030557037064231e-05,0.0,1.0182803362851014,1.0030557037064231e-05,,,,
4945,0.001,adam,4946,139.22810673713684,1.1362474501244293e-05,0.0,0.9868705937976262,1.1362474501244293e-05,,,,
4946,0.001,adam,4947,139.2719705104828,1.3459424221925523e-05,0.0,0.9969734381950808,1.3459424221925523e-05,,,,
4947,0.001,adam,4948,139.30695223808289,1.6385504809523383e-05,0.0,1.0169109425185088,1.6385504809523383e-05,,,,
4948,0.001,adam,4949,139.35501527786255,2.0073304101778263e-05,0.0,1.0523189126132066,2.0073304101778263e-05,,,,
4949,0.001,adam,4950,139.38643383979797,2.420358003918913e-05,0.0,0.9547500961894905,2.420358003918913e-05,,,,
4950,0.001,adam,4951,139.4142291545868,2.8222917279112173e-05,0.0,1.0489867298328204,2.8222917279112173e-05,,,,
4951,0.001,adam,4952,139.4533133506775,3.149913354634435e-05,0.0,0.906027291227588,3.149913354634435e-05,,,,
4952,0.001,adam,4953,139.48605871200562,3.303002136701298e-05,0.0,0.9583027199396514,3.303002136701298e-05,,,,
4953,0.001,adam,4954,139.51357245445251,3.2203374901522224e-05,0.0,1.0461249260861187,3.2203374901522224e-05,,,,
4954,0.001,adam,4955,139.5371687412262,2.8357895724684857e-05,0.0,1.0660460145424036,2.8357895724684857e-05,,,,
4955,0.001,adam,4956,139.56091976165771,2.2177143963245274e-05,0.0,1.0674264908817157,2.2177143963245274e-05,,,,
4956,0.001,adam,4957,139.58712434768677,1.4814607974307406e-05,0.0,1.008699382332161,1.4814607974307406e-05,,,,
4957,0.001,adam,4958,139.60903453826904,8.351939248882004e-06,0.0,0.9779069119585886,8.351939248882004e-06,,,,
4958,0.001,adam,4959,139.63300967216492,4.346726081913993e-06,0.0,0.9745675077952883,4.346726081913993e-06,,,,
4959,0.001,adam,4960,139.65598940849304,3.377309124848661e-06,0.0,1.1433220705369256,3.377309124848661e-06,0.0056831137282578655,0.0,0.9847424368243308,0.0056831137282578655
4960,0.001,adam,4961,139.68733382225037,4.800708357146291e-06,0.0,1.0609797843798812,4.800708357146291e-06,,,,
4961,0.001,adam,4962,139.70923113822937,7.239412577885048e-06,0.0,1.017202490588486,7.239412577885048e-06,,,,
4962,0.001,adam,4963,139.73028373718262,9.297565281064436e-06,0.0,0.9950003345078458,9.297565281064436e-06,,,,
4963,0.001,adam,4964,139.7537500858307,1.0000160708003941e-05,0.0,0.9870351745221184,1.0000160708003941e-05,,,,
4964,0.001,adam,4965,139.7765235900879,9.18638207561347e-06,0.0,0.9890706567080553,9.18638207561347e-06,,,,
4965,0.001,adam,4966,139.80025458335876,7.251111441451869e-06,0.0,1.0546275378927912,7.251111441451869e-06,,,,
4966,0.001,adam,4967,139.82402324676514,5.043739567393773e-06,0.0,1.08631255371277,5.043739567393773e-06,,,,
4967,0.001,adam,4968,139.84919142723083,3.357743306540888e-06,0.0,1.0326475363878225,3.357743306540888e-06,,,,
4968,0.001,adam,4969,139.87905192375183,2.6554872518603075e-06,0.0,0.9559019835170103,2.6554872518603075e-06,,,,
4969,0.001,adam,4970,139.91052174568176,2.924099344869741e-06,0.0,1.0895568891725231,2.924099344869741e-06,,,,
4970,0.001,adam,4971,139.94022870063782,3.767951514038123e-06,0.0,0.9551642668406707,3.767951514038123e-06,,,,
4971,0.001,adam,4972,139.99737739562988,4.648206138062349e-06,0.0,1.0823831030427193,4.648206138062349e-06,,,,
4972,0.001,adam,4973,140.02707362174988,5.087236787356272e-06,0.0,1.0731245396873388,5.087236787356272e-06,,,,
4973,0.001,adam,4974,140.06471800804138,4.902840780039714e-06,0.0,1.078818894778512,4.902840780039714e-06,,,,
4974,0.001,adam,4975,140.0978274345398,4.168382236058259e-06,0.0,1.018350724549732,4.168382236058259e-06,,,,
4975,0.001,adam,4976,140.12765669822693,3.2037878919963013e-06,0.0,1.059477554344639,3.2037878919963013e-06,,,,
4976,0.001,adam,4977,140.16113901138306,2.3668073939076775e-06,0.0,1.0233728514143843,2.3668073939076775e-06,,,,
4977,0.001,adam,4978,140.20819997787476,1.9234200925758826e-06,0.0,1.033813590700781,1.9234200925758826e-06,,,,
4978,0.001,adam,4979,140.23875546455383,1.9426308574888086e-06,0.0,1.0799127450860633,1.9426308574888086e-06,,,,
4979,0.001,adam,4980,140.2635817527771,2.3014248665713583e-06,0.0,1.0536458423601869,2.3014248665713583e-06,0.005673794482612231,0.0,0.9830811869099206,0.005673794482612231
4980,0.001,adam,4981,140.294775724411,2.7659354483421466e-06,0.0,1.012428287444474,2.7659354483421466e-06,,,,
4981,0.001,adam,4982,140.32879400253296,3.1008484677031582e-06,0.0,1.0035285167049905,3.1008484677031582e-06,,,,
4982,0.001,adam,4983,140.35315585136414,3.171607401953392e-06,0.0,0.9944860366095671,3.171607401953392e-06,,,,
4983,0.001,adam,4984,140.37672066688538,2.96816848207798e-06,0.0,1.037669597937633,2.96816848207798e-06,,,,
4984,0.001,adam,4985,140.40052819252014,2.5984748910606186e-06,0.0,1.0159474312627843,2.5984748910606186e-06,,,,
4985,0.001,adam,4986,140.42640233039856,2.2096092519983594e-06,0.0,0.9399102966576371,2.2096092519983594e-06,,,,
4986,0.001,adam,4987,140.45300102233887,1.9322125840323505e-06,0.0,1.2543959551245825,1.9322125840323505e-06,,,,
4987,0.001,adam,4988,140.4759886264801,1.825647866122122e-06,0.0,1.0239847580760189,1.825647866122122e-06,,,,
4988,0.001,adam,4989,140.49854159355164,1.8750731734504113e-06,0.0,0.9688931260814606,1.8750731734504113e-06,,,,
4989,0.001,adam,4990,140.52235198020935,2.0128901885068537e-06,0.0,0.9694746966657508,2.0128901885068537e-06,,,,
4990,0.001,adam,4991,140.5466809272766,2.1582103909742113e-06,0.0,0.9499837182019396,2.1582103909742113e-06,,,,
4991,0.001,adam,4992,140.5732774734497,2.2498740754338582e-06,0.0,0.9202821973099603,2.2498740754338582e-06,,,,
4992,0.001,adam,4993,140.6084861755371,2.2620906851298013e-06,0.0,1.111587348425931,2.2620906851298013e-06,,,,
4993,0.001,adam,4994,140.65463018417358,2.2042274237186177e-06,0.0,0.967565336073779,2.2042274237186177e-06,,,,
4994,0.001,adam,4995,140.68899178504944,2.1050565414618013e-06,0.0,1.1068785066640578,2.1050565414618013e-06,,,,
4995,0.001,adam,4996,140.73472142219543,1.9983869486859085e-06,0.0,1.081082944263861,1.9983869486859085e-06,,,,
4996,0.001,adam,4997,140.7653260231018,1.908190309236208e-06,0.0,1.0135845913682082,1.908190309236208e-06,,,,
4997,0.001,adam,4998,140.79775881767273,1.8456514810030424e-06,0.0,1.0519577412175483,1.8456514810030424e-06,,,,
4998,0.001,adam,4999,140.85051703453064,1.8099149945789614e-06,0.0,0.9955349063242614,1.8099149945789614e-06,,,,
4999,0.001,adam,5000,140.88349056243896,1.7944268449696832e-06,0.0,1.067042608096969,1.7944268449696832e-06,0.005671560692098319,0.0,0.9816061243821685,0.005671560692098319
5000,0.001,adam,5001,140.93643140792847,1.7914971199294835e-06,0.0,0.9822327589076064,1.7914971199294835e-06,,,,
5001,0.001,adam,5002,140.9777708053589,1.79594014553331e-06,0.0,1.0519650409791201,1.79594014553331e-06,,,,
5002,0.001,adam,5003,141.0390841960907,1.8049723981686905e-06,0.0,1.049816228221445,1.8049723981686905e-06,,,,
5003,0.001,adam,5004,141.07336473464966,1.8173444540399413e-06,0.0,0.9874882713486534,1.8173444540399413e-06,,,,
5004,0.001,adam,5005,141.1201844215393,1.8319141315874486e-06,0.0,0.9341678880858859,1.8319141315874486e-06,,,,
5005,0.001,adam,5006,141.15369272232056,1.8465445863737747e-06,0.0,1.1078227905138402,1.8465445863737747e-06,,,,
5006,0.001,adam,5007,141.18404293060303,1.8591910610693906e-06,0.0,1.1259999889821295,1.8591910610693906e-06,,,,
5007,0.001,adam,5008,141.22563457489014,1.8674994118345816e-06,0.0,0.9709574493301879,1.8674994118345816e-06,,,,
5008,0.001,adam,5009,141.26213884353638,1.871205606165115e-06,0.0,0.9083483928884434,1.871205606165115e-06,,,,
5009,0.001,adam,5010,141.3025324344635,1.8712649711214218e-06,0.0,1.070955849041723,1.8712649711214218e-06,,,,
5010,0.001,adam,5011,141.34498500823975,1.8715381658292923e-06,0.0,1.0284639693434914,1.8715381658292923e-06,,,,
5011,0.001,adam,5012,141.38132405281067,1.8767249353517701e-06,0.0,1.0180261695343282,1.8767249353517701e-06,,,,
5012,0.001,adam,5013,141.42450308799744,1.8937089730304043e-06,0.0,1.0369358926152448,1.8937089730304043e-06,,,,
5013,0.001,adam,5014,141.45843267440796,1.9293212224790403e-06,0.0,1.074491123059793,1.9293212224790403e-06,,,,
5014,0.001,adam,5015,141.4864616394043,1.9933638855571787e-06,0.0,1.0214182824883515,1.9933638855571787e-06,,,,
5015,0.001,adam,5016,141.51630902290344,2.0963654775068124e-06,0.0,1.0627947386028993,2.0963654775068124e-06,,,,
5016,0.001,adam,5017,141.54400157928467,2.2564761570743773e-06,0.0,0.9613020373485366,2.2564761570743773e-06,,,,
5017,0.001,adam,5018,141.5773687362671,2.496130527854033e-06,0.0,1.0868275083206052,2.496130527854033e-06,,,,
5018,0.001,adam,5019,141.60352778434753,2.8567978672483402e-06,0.0,1.0522984497442012,2.8567978672483402e-06,,,,
5019,0.001,adam,5020,141.63307094573975,3.3910560101028034e-06,0.0,1.005180453129936,3.3910560101028034e-06,0.005679565633141151,0.0,0.9851999580208427,0.005679565633141151
5020,0.001,adam,5021,141.68364357948303,4.195721968860301e-06,0.0,1.0159533286604727,4.195721968860301e-06,,,,
5021,0.001,adam,5022,141.7130150794983,5.387889575295037e-06,0.0,1.025037318208374,5.387889575295037e-06,,,,
5022,0.001,adam,5023,141.7443745136261,7.182831425116226e-06,0.0,1.0395122609577871,7.182831425116226e-06,,,,
5023,0.001,adam,5024,141.76674962043762,9.804282606697804e-06,0.0,1.0412452194297888,9.804282606697804e-06,,,,
5024,0.001,adam,5025,141.78958797454834,1.3663890190279301e-05,0.0,0.9854187677172532,1.3663890190279301e-05,,,,
5025,0.001,adam,5026,141.8268485069275,1.90042917666734e-05,0.0,0.9618733657747063,1.90042917666734e-05,,,,
5026,0.001,adam,5027,141.87816405296326,2.627800355439091e-05,0.0,1.0912009716911615,2.627800355439091e-05,,,,
5027,0.001,adam,5028,141.92224717140198,3.491990225561237e-05,0.0,1.059543659902842,3.491990225561237e-05,,,,
5028,0.001,adam,5029,141.9457688331604,4.4232631203165425e-05,0.0,1.0474604525012743,4.4232631203165425e-05,,,,
5029,0.001,adam,5030,141.99357557296753,5.088064569942004e-05,0.0,1.0285279355649712,5.088064569942004e-05,,,,
5030,0.001,adam,5031,142.0415074825287,5.2095017727175984e-05,0.0,1.1045742830247491,5.2095017727175984e-05,,,,
5031,0.001,adam,5032,142.0895380973816,4.497961156450989e-05,0.0,0.9551842776544375,4.497961156450989e-05,,,,
5032,0.001,adam,5033,142.1379292011261,3.1856034700613864e-05,0.0,0.9974215536506822,3.1856034700613864e-05,,,,
5033,0.001,adam,5034,142.1690924167633,1.9191571531265866e-05,0.0,0.9676971609029114,1.9191571531265866e-05,,,,
5034,0.001,adam,5035,142.19488334655762,1.2942685011992646e-05,0.0,1.0388919804094663,1.2942685011992646e-05,,,,
5035,0.001,adam,5036,142.21919178962708,1.393681843571106e-05,0.0,0.9962698787208865,1.393681843571106e-05,,,,
5036,0.001,adam,5037,142.2438702583313,1.7291288936823873e-05,0.0,0.9069912046570735,1.7291288936823873e-05,,,,
5037,0.001,adam,5038,142.2662124633789,1.8074247711779752e-05,0.0,1.0694952557032213,1.8074247711779752e-05,,,,
5038,0.001,adam,5039,142.29049229621887,1.4494317583099667e-05,0.0,0.9883177379115597,1.4494317583099667e-05,,,,
5039,0.001,adam,5040,142.31491494178772,1.0392282446311851e-05,0.0,0.9994956607431236,1.0392282446311851e-05,0.005673601805240929,0.0,0.9810390044869862,0.005673601805240929
5040,0.001,adam,5041,142.34805464744568,8.85401853938903e-06,0.0,1.0097083164463014,8.85401853938903e-06,,,,
5041,0.001,adam,5042,142.38345193862915,9.404707608399711e-06,0.0,1.0881488186668815,9.404707608399711e-06,,,,
5042,0.001,adam,5043,142.42467784881592,9.32211364007094e-06,0.0,1.0063799171010517,9.32211364007094e-06,,,,
5043,0.001,adam,5044,142.4489448070526,7.2322310790069336e-06,0.0,1.0546122018767168,7.2322310790069336e-06,,,,
5044,0.001,adam,5045,142.48349523544312,4.966070639627335e-06,0.0,0.9959128165446736,4.966070639627335e-06,,,,
5045,0.001,adam,5046,142.5283100605011,4.7047661171100195e-06,0.0,1.0071500350367821,4.7047661171100195e-06,,,,
5046,0.001,adam,5047,142.5508267879486,6.2978285275805216e-06,0.0,0.981356623515223,6.2978285275805216e-06,,,,
5047,0.001,adam,5048,142.57819533348083,7.418889787945437e-06,0.0,0.985003986813199,7.418889787945437e-06,,,,
5048,0.001,adam,5049,142.60112500190735,6.444859971851573e-06,0.0,1.0764667757600335,6.444859971851573e-06,,,,
5049,0.001,adam,5050,142.62379622459412,4.322038163609269e-06,0.0,1.0351402705330577,4.322038163609269e-06,,,,
5050,0.001,adam,5051,142.64676356315613,3.196130001058841e-06,0.0,0.9434700504494298,3.196130001058841e-06,,,,
5051,0.001,adam,5052,142.67405080795288,3.9157446209902545e-06,0.0,0.9828778134746063,3.9157446209902545e-06,,,,
5052,0.001,adam,5053,142.71729159355164,5.264538085056173e-06,0.0,1.0661826484232073,5.264538085056173e-06,,,,
5053,0.001,adam,5054,142.74075078964233,5.536611629877119e-06,0.0,0.9910649080104375,5.536611629877119e-06,,,,
5054,0.001,adam,5055,142.76164531707764,4.341486845697983e-06,0.0,0.9345727165639222,4.341486845697983e-06,,,,
5055,0.001,adam,5056,142.78401279449463,2.814691616825281e-06,0.0,1.0079191476609348,2.814691616825281e-06,,,,
5056,0.001,adam,5057,142.8100049495697,2.2301249575083937e-06,0.0,0.9943258854458644,2.2301249575083937e-06,,,,
5057,0.001,adam,5058,142.83321022987366,2.737904532611425e-06,0.0,1.012958550421057,2.737904532611425e-06,,,,
5058,0.001,adam,5059,142.8562614917755,3.445899579229334e-06,0.0,1.0257359628335838,3.445899579229334e-06,,,,
5059,0.001,adam,5060,142.8791425228119,3.4846741904147476e-06,0.0,1.1383000864225772,3.4846741904147476e-06,0.005678968859732106,0.0,0.9798733710995464,0.005678968859732106
5060,0.001,adam,5061,142.90974044799805,2.8506096933475615e-06,0.0,1.0919588878737005,2.8506096933475615e-06,,,,
5061,0.001,adam,5062,142.93349266052246,2.1845061384500875e-06,0.0,0.9353269008344054,2.1845061384500875e-06,,,,
5062,0.001,adam,5063,142.9582221508026,2.0144009221557337e-06,0.0,1.032538913271566,2.0144009221557337e-06,,,,
5063,0.001,adam,5064,142.98082542419434,2.2743224821722035e-06,0.0,1.14237844721157,2.2743224821722035e-06,,,,
5064,0.001,adam,5065,143.00249004364014,2.5334403336549892e-06,0.0,1.1351429587413904,2.5334403336549892e-06,,,,
5065,0.001,adam,5066,143.02500557899475,2.5048939899294675e-06,0.0,1.011422041716441,2.5048939899294675e-06,,,,
5066,0.001,adam,5067,143.04771661758423,2.264049829159117e-06,0.0,0.8674392109557371,2.264049829159117e-06,,,,
5067,0.001,adam,5068,143.08217763900757,2.069063897435867e-06,0.0,0.9532381353719117,2.069063897435867e-06,,,,
5068,0.001,adam,5069,143.13065767288208,2.061790173962276e-06,0.0,0.9474340291756332,2.061790173962276e-06,,,,
5069,0.001,adam,5070,143.15694761276245,2.1748598680949865e-06,0.0,0.9721038636835679,2.1748598680949865e-06,,,,
5070,0.001,adam,5071,143.1812505722046,2.25231227617922e-06,0.0,0.9417934647801747,2.25231227617922e-06,,,,
5071,0.001,adam,5072,143.20522737503052,2.2234802793483547e-06,0.0,1.0212096867140512,2.2234802793483547e-06,,,,
5072,0.001,adam,5073,143.22703099250793,2.1428178936247783e-06,0.0,0.9532842292199983,2.1428178936247783e-06,,,,
5073,0.001,adam,5074,143.26341152191162,2.1091713028705613e-06,0.0,1.000510331545281,2.1091713028705613e-06,,,,
5074,0.001,adam,5075,143.30871605873108,2.1566190217879512e-06,0.0,1.0108328251387289,2.1566190217879512e-06,,,,
5075,0.001,adam,5076,143.33291792869568,2.2382593850308423e-06,0.0,1.0408339528417812,2.2382593850308423e-06,,,,
5076,0.001,adam,5077,143.35658383369446,2.288201730506888e-06,0.0,0.9973198715285758,2.288201730506888e-06,,,,
5077,0.001,adam,5078,143.3794720172882,2.299943774457045e-06,0.0,0.99482174512416,2.299943774457045e-06,,,,
5078,0.001,adam,5079,143.40408420562744,2.3198322702280735e-06,0.0,1.1281244244684534,2.3198322702280735e-06,,,,
5079,0.001,adam,5080,143.42704463005066,2.409519652889448e-06,0.0,0.9521352577678537,2.409519652889448e-06,0.005664699466449957,0.0,0.979363731182826,0.005664699466449957
5080,0.001,adam,5081,143.4613356590271,2.5872190630443284e-06,0.0,1.0190444452994114,2.5872190630443284e-06,,,,
5081,0.001,adam,5082,143.5033814907074,2.837379231372696e-06,0.0,1.0755946687599554,2.837379231372696e-06,,,,
5082,0.001,adam,5083,143.53348684310913,3.13153262875363e-06,0.0,1.0795369491138918,3.13153262875363e-06,,,,
5083,0.001,adam,5084,143.55948877334595,3.4851927541931187e-06,0.0,1.014374601764193,3.4851927541931187e-06,,,,
5084,0.001,adam,5085,143.58664631843567,3.945475926050521e-06,0.0,0.9316815061303121,3.945475926050521e-06,,,,
5085,0.001,adam,5086,143.60917830467224,4.612772499480295e-06,0.0,0.8588186817059699,4.612772499480295e-06,,,,
5086,0.001,adam,5087,143.6362624168396,5.564487498375489e-06,0.0,1.0293324943316247,5.564487498375489e-06,,,,
5087,0.001,adam,5088,143.67684674263,6.918630894998645e-06,0.0,1.1451857716373024,6.918630894998645e-06,,,,
5088,0.001,adam,5089,143.72205543518066,8.727791488631073e-06,0.0,0.9839899760060525,8.727791488631073e-06,,,,
5089,0.001,adam,5090,143.7469699382782,1.1182739876871315e-05,0.0,1.1067588173696803,1.1182739876871315e-05,,,,
5090,0.001,adam,5091,143.7705569267273,1.4342157747713271e-05,0.0,1.0185615063968891,1.4342157747713271e-05,,,,
5091,0.001,adam,5092,143.7949993610382,1.8513289435855464e-05,0.0,1.0784290842949367,1.8513289435855464e-05,,,,
5092,0.001,adam,5093,143.82034921646118,2.3543953376798844e-05,0.0,0.9562750925072361,2.3543953376798844e-05,,,,
5093,0.001,adam,5094,143.8436315059662,2.9560007063943067e-05,0.0,0.9796955794164173,2.9560007063943067e-05,,,,
5094,0.001,adam,5095,143.86632919311523,3.5474985194433385e-05,0.0,0.9066645955812518,3.5474985194433385e-05,,,,
5095,0.001,adam,5096,143.890056848526,4.064525321310286e-05,0.0,0.9613214212097603,4.064525321310286e-05,,,,
5096,0.001,adam,5097,143.913494348526,4.253168873423309e-05,0.0,0.9799405748167054,4.253168873423309e-05,,,,
5097,0.001,adam,5098,143.95126080513,4.0343373756052356e-05,0.0,0.9835122625768875,4.0343373756052356e-05,,,,
5098,0.001,adam,5099,144.00012683868408,3.274829169123662e-05,0.0,0.9477558621001307,3.274829169123662e-05,,,,
5099,0.001,adam,5100,144.05106592178345,2.22074528788341e-05,0.0,1.0231065762295817,2.22074528788341e-05,0.005651466925334846,0.0,0.9788788833099498,0.005651466925334846
5100,0.001,adam,5101,144.09542036056519,1.1932568254098301e-05,0.0,0.9685543061228874,1.1932568254098301e-05,,,,
5101,0.001,adam,5102,144.11938405036926,5.737063203700074e-06,0.0,1.0120933947152448,5.737063203700074e-06,,,,
5102,0.001,adam,5103,144.14460468292236,4.9584412472994965e-06,0.0,1.0303803702041203,4.9584412472994965e-06,,,,
5103,0.001,adam,5104,144.1706976890564,8.085390205113043e-06,0.0,1.0351833298522213,8.085390205113043e-06,,,,
5104,0.001,adam,5105,144.1957814693451,1.195759087304492e-05,0.0,0.9991661668327174,1.195759087304492e-05,,,,
5105,0.001,adam,5106,144.2200689315796,1.3628395344762377e-05,0.0,1.035781082094307,1.3628395344762377e-05,,,,
5106,0.001,adam,5107,144.2440812587738,1.2191848772251841e-05,0.0,1.1420372928845548,1.2191848772251841e-05,,,,
5107,0.001,adam,5108,144.26629281044006,8.487595762465533e-06,0.0,1.1272752415696858,8.487595762465533e-06,,,,
5108,0.001,adam,5109,144.29084277153015,4.891895966434841e-06,0.0,1.0362565698219406,4.891895966434841e-06,,,,
5109,0.001,adam,5110,144.33011388778687,3.2160045531092267e-06,0.0,0.9851418460394354,3.2160045531092267e-06,,,,
5110,0.001,adam,5111,144.3714301586151,3.873574138748758e-06,0.0,0.9568438925495724,3.873574138748758e-06,,,,
5111,0.001,adam,5112,144.39773774147034,5.77218511475479e-06,0.0,1.0709788273060625,5.77218511475479e-06,,,,
5112,0.001,adam,5113,144.42125368118286,7.270207036831787e-06,0.0,0.9936719427372769,7.270207036831787e-06,,,,
5113,0.001,adam,5114,144.45424389839172,7.283763958753624e-06,0.0,1.108158556573925,7.283763958753624e-06,,,,
5114,0.001,adam,5115,144.48115587234497,5.782748265844919e-06,0.0,1.0091319713380869,5.782748265844919e-06,,,,
5115,0.001,adam,5116,144.50896835327148,3.76881330822962e-06,0.0,1.0360288433094822,3.76881330822962e-06,,,,
5116,0.001,adam,5117,144.53596687316895,2.3669027511743343e-06,0.0,1.0420693191836166,2.3669027511743343e-06,,,,
5117,0.001,adam,5118,144.56310153007507,2.16615040995067e-06,0.0,1.0271856254759377,2.16615040995067e-06,,,,
5118,0.001,adam,5119,144.58973908424377,2.907266018337269e-06,0.0,1.0149480263413504,2.907266018337269e-06,,,,
5119,0.001,adam,5120,144.61643385887146,3.828833394178355e-06,0.0,1.0274827098075294,3.828833394178355e-06,0.00570124543959229,0.0,0.9857789976319642,0.00570124543959229
5120,0.001,adam,5121,144.65237522125244,4.243220306443613e-06,0.0,1.0042013289298748,4.243220306443613e-06,,,,
5121,0.001,adam,5122,144.67372179031372,3.916352963511565e-06,0.0,1.9885999633982139,3.916352963511565e-06,,,,
5122,0.001,adam,5123,144.696142911911,3.1387116436887484e-06,0.0,1.1151025783976416,3.1387116436887484e-06,,,,
5123,0.001,adam,5124,144.71786165237427,2.4067752740895965e-06,0.0,0.8938994753465961,2.4067752740895965e-06,,,,
5124,0.001,adam,5125,144.7501871585846,2.1073588858650775e-06,0.0,1.0653693163490274,2.1073588858650775e-06,,,,
5125,0.001,adam,5126,144.7768440246582,2.279842569765579e-06,0.0,1.0144853424020388,2.279842569765579e-06,,,,
5126,0.001,adam,5127,144.80435466766357,2.67135577447595e-06,0.0,1.0128097568283194,2.67135577447595e-06,,,,
5127,0.001,adam,5128,144.82789254188538,2.9467089241732045e-06,0.0,1.080082003148938,2.9467089241732045e-06,,,,
5128,0.001,adam,5129,144.85051250457764,2.9061454946735137e-06,0.0,0.9986451839273128,2.9061454946735137e-06,,,,
5129,0.001,adam,5130,144.87851667404175,2.578588616642164e-06,0.0,0.9666976099025131,2.578588616642164e-06,,,,
5130,0.001,adam,5131,144.90466976165771,2.1525035742422876e-06,0.0,0.981847435648876,2.1525035742422876e-06,,,,
5131,0.001,adam,5132,144.92997765541077,1.846580977001838e-06,0.0,1.0406906887752023,1.846580977001838e-06,,,,
5132,0.001,adam,5133,144.95235085487366,1.7750963595445174e-06,0.0,1.0457989466123387,1.7750963595445174e-06,,,,
5133,0.001,adam,5134,144.98707628250122,1.9086696949115654e-06,0.0,1.0074454623924227,1.9086696949115654e-06,,,,
5134,0.001,adam,5135,145.01034140586853,2.1200183372440352e-06,0.0,1.0175629538491275,2.1200183372440352e-06,,,,
5135,0.001,adam,5136,145.04153728485107,2.2723466441649305e-06,0.0,1.0255025690085329,2.2723466441649305e-06,,,,
5136,0.001,adam,5137,145.0807409286499,2.2949147182133478e-06,0.0,1.0243426420686312,2.2949147182133478e-06,,,,
5137,0.001,adam,5138,145.11409163475037,2.199987850152394e-06,0.0,0.9949959519127013,2.199987850152394e-06,,,,
5138,0.001,adam,5139,145.1535460948944,2.063525777179662e-06,0.0,1.0475626402768579,2.063525777179662e-06,,,,
5139,0.001,adam,5140,145.1801438331604,1.9681748302024667e-06,0.0,0.8932636348617489,1.9681748302024667e-06,0.0056945397673301545,0.0,0.9857017226749085,0.0056945397673301545
5140,0.001,adam,5141,145.2096667289734,1.9664547114998776e-06,0.0,0.99564884008813,1.9664547114998776e-06,,,,
5141,0.001,adam,5142,145.2423906326294,2.0615914159684346e-06,0.0,1.0273606638245674,2.0615914159684346e-06,,,,
5142,0.001,adam,5143,145.26690483093262,2.22360953311792e-06,0.0,1.079296415451585,2.22360953311792e-06,,,,
5143,0.001,adam,5144,145.29208946228027,2.412261696770069e-06,0.0,0.977966337869834,2.412261696770069e-06,,,,
5144,0.001,adam,5145,145.3225293159485,2.607390442811669e-06,0.0,0.9287481393280593,2.607390442811669e-06,,,,
5145,0.001,adam,5146,145.3540825843811,2.815553691039031e-06,0.0,0.9980805609153375,2.815553691039031e-06,,,,
5146,0.001,adam,5147,145.37908601760864,3.077814810447087e-06,0.0,0.9155174568035281,3.077814810447087e-06,,,,
5147,0.001,adam,5148,145.41296315193176,3.450552886906741e-06,0.0,0.9810694187781517,3.450552886906741e-06,,,,
5148,0.001,adam,5149,145.44084215164185,4.015356371925134e-06,0.0,1.0074180645327642,4.015356371925134e-06,,,,
5149,0.001,adam,5150,145.46650099754333,4.840194795649595e-06,0.0,1.106115856108991,4.840194795649595e-06,,,,
5150,0.001,adam,5151,145.49339294433594,6.040929680381682e-06,0.0,0.9837773355390406,6.040929680381682e-06,,,,
5151,0.001,adam,5152,145.52033758163452,7.677254568339271e-06,0.0,1.0069231923518038,7.677254568339271e-06,,,,
5152,0.001,adam,5153,145.5466344356537,9.935147572510714e-06,0.0,0.99093825792114,9.935147572510714e-06,,,,
5153,0.001,adam,5154,145.5733425617218,1.2803165808364598e-05,0.0,1.0380305387233963,1.2803165808364598e-05,,,,
5154,0.001,adam,5155,145.6317582130432,1.650842394951698e-05,0.0,1.0192206174626877,1.650842394951698e-05,,,,
5155,0.001,adam,5156,145.66706371307373,2.0658316810091264e-05,0.0,1.0653568782483496,2.0658316810091264e-05,,,,
5156,0.001,adam,5157,145.69601345062256,2.5235444587994384e-05,0.0,0.9520188369194121,2.5235444587994384e-05,,,,
5157,0.001,adam,5158,145.7237560749054,2.886777849892083e-05,0.0,1.0304044061180413,2.886777849892083e-05,,,,
5158,0.001,adam,5159,145.76153230667114,3.1024093665887824e-05,0.0,1.029199684457894,3.1024093665887824e-05,,,,
5159,0.001,adam,5160,145.78851866722107,2.9861395761887584e-05,0.0,1.0754825968675354,2.9861395761887584e-05,0.005785253087559925,0.0,0.9884805417721598,0.005785253087559925
5160,0.001,adam,5161,145.82284903526306,2.570206256447473e-05,0.0,1.0426148149359196,2.570206256447473e-05,,,,
5161,0.001,adam,5162,145.8489429950714,1.924485217957765e-05,0.0,0.9672139184791874,1.924485217957765e-05,,,,
5162,0.001,adam,5163,145.88188409805298,1.2970770150705741e-05,0.0,1.0123583793255377,1.2970770150705741e-05,,,,
5163,0.001,adam,5164,145.90979623794556,9.196914853823416e-06,0.0,1.093300970806864,9.196914853823416e-06,,,,
5164,0.001,adam,5165,145.9580078125,8.754230546135901e-06,0.0,1.0303248027187286,8.754230546135901e-06,,,,
5165,0.001,adam,5166,145.98980069160461,1.085446731352458e-05,0.0,0.9559631724303005,1.085446731352458e-05,,,,
5166,0.001,adam,5167,146.035311460495,1.348729369231039e-05,0.0,0.9815318692067165,1.348729369231039e-05,,,,
5167,0.001,adam,5168,146.0661416053772,1.4920100672371582e-05,0.0,1.0797592136176744,1.4920100672371582e-05,,,,
5168,0.001,adam,5169,146.11629033088684,1.4062227624146833e-05,0.0,0.9573218336615996,1.4062227624146833e-05,,,,
5169,0.001,adam,5170,146.15020751953125,1.1536611093626093e-05,0.0,0.9079349490492905,1.1536611093626093e-05,,,,
5170,0.001,adam,5171,146.1767179965973,8.338604448890209e-06,0.0,1.0123054317991271,8.338604448890209e-06,,,,
5171,0.001,adam,5172,146.20363640785217,5.809820803571031e-06,0.0,1.0193858417392296,5.809820803571031e-06,,,,
5172,0.001,adam,5173,146.2326204776764,4.471269416034938e-06,0.0,1.080217505623286,4.471269416034938e-06,,,,
5173,0.001,adam,5174,146.26009941101074,4.171229545058397e-06,0.0,1.0844150819163216,4.171229545058397e-06,,,,
5174,0.001,adam,5175,146.2945454120636,4.321194536805619e-06,0.0,1.089480398574174,4.321194536805619e-06,,,,
5175,0.001,adam,5176,146.33979153633118,4.392229289964814e-06,0.0,1.040654334970574,4.392229289964814e-06,,,,
5176,0.001,adam,5177,146.3856930732727,4.249634029257652e-06,0.0,1.066229710943165,4.249634029257652e-06,,,,
5177,0.001,adam,5178,146.43002343177795,3.983110035023075e-06,0.0,0.9356600845701888,3.983110035023075e-06,,,,
5178,0.001,adam,5179,146.48847103118896,3.8064303512665424e-06,0.0,1.139484146380712,3.8064303512665424e-06,,,,
5179,0.001,adam,5180,146.5129497051239,3.7603675184561448e-06,0.0,1.0400099372084013,3.7603675184561448e-06,0.005680351630649784,0.0,0.983586470363695,0.005680351630649784
5180,0.001,adam,5181,146.57090973854065,3.7898894424513415e-06,0.0,1.0922239337559254,3.7898894424513415e-06,,,,
5181,0.001,adam,5182,146.6173861026764,3.768847591079844e-06,0.0,2.1083870279941914,3.768847591079844e-06,,,,
5182,0.001,adam,5183,146.64939546585083,3.6548717347199764e-06,0.0,0.906667000428105,3.6548717347199764e-06,,,,
5183,0.001,adam,5184,146.71123051643372,3.4795300178821626e-06,0.0,1.0404054585293459,3.4795300178821626e-06,,,,
5184,0.001,adam,5185,146.745671749115,3.3322127756179685e-06,0.0,1.0589262908565185,3.3322127756179685e-06,,,,
5185,0.001,adam,5186,146.80032324790955,3.2418722433021414e-06,0.0,0.998573405110547,3.2418722433021414e-06,,,,
5186,0.001,adam,5187,146.834059715271,3.184960023769541e-06,0.0,1.0274552266698804,3.184960023769541e-06,,,,
5187,0.001,adam,5188,146.8633017539978,3.0735857553833927e-06,0.0,1.0697867456358197,3.0735857553833927e-06,,,,
5188,0.001,adam,5189,146.88697957992554,2.8469396650266396e-06,0.0,1.0888772822627537,2.8469396650266396e-06,,,,
5189,0.001,adam,5190,146.91164088249207,2.511300557553663e-06,0.0,0.9339221041693004,2.511300557553663e-06,,,,
5190,0.001,adam,5191,146.93716549873352,2.149595676838684e-06,0.0,1.0147215617141327,2.149595676838684e-06,,,,
5191,0.001,adam,5192,146.97311067581177,1.870810691426199e-06,0.0,0.9599750662173904,1.870810691426199e-06,,,,
5192,0.001,adam,5193,147.01904773712158,1.752187167064578e-06,0.0,0.9817859702035457,1.752187167064578e-06,,,,
5193,0.001,adam,5194,147.04704785346985,1.7953842277427878e-06,0.0,1.0107685423532504,1.7953842277427878e-06,,,,
5194,0.001,adam,5195,147.07689666748047,1.931486193522105e-06,0.0,1.0035547765753594,1.931486193522105e-06,,,,
5195,0.001,adam,5196,147.11722803115845,2.059701552509704e-06,0.0,1.0761645546148229,2.059701552509704e-06,,,,
5196,0.001,adam,5197,147.15052008628845,2.103818648193433e-06,0.0,0.9864991764427475,2.103818648193433e-06,,,,
5197,0.001,adam,5198,147.17100143432617,2.0433090978011156e-06,0.0,1.1005780093940518,2.0433090978011156e-06,,,,
5198,0.001,adam,5199,147.1937370300293,1.9169789719730216e-06,0.0,0.9767402230587701,1.9169789719730216e-06,,,,
5199,0.001,adam,5200,147.21604251861572,1.7930488721414239e-06,0.0,1.1081046055146029,1.7930488721414239e-06,0.005692851522655301,0.0,0.9853558358813181,0.005692851522655301
5200,0.001,adam,5201,147.24637413024902,1.7317690730347839e-06,0.0,0.9964151920070504,1.7317690730347839e-06,,,,
5201,0.001,adam,5202,147.26731371879578,1.757180304399748e-06,0.0,1.0696834449592025,1.757180304399748e-06,,,,
5202,0.001,adam,5203,147.2904725074768,1.8520119991681829e-06,0.0,1.0679909818774076,1.8520119991681829e-06,,,,
5203,0.001,adam,5204,147.31841897964478,1.9743869131038733e-06,0.0,1.0362534274315167,1.9743869131038733e-06,,,,
5204,0.001,adam,5205,147.3543655872345,2.0815722780728145e-06,0.0,1.0763690127906613,2.0815722780728145e-06,,,,
5205,0.001,adam,5206,147.39778804779053,2.151370139546583e-06,0.0,0.9128804615565602,2.151370139546583e-06,,,,
5206,0.001,adam,5207,147.44628381729126,2.1887877095132595e-06,0.0,1.0054002186172504,2.1887877095132595e-06,,,,
5207,0.001,adam,5208,147.46713638305664,2.2204815261683506e-06,0.0,2.1723807612825254,2.2204815261683506e-06,,,,
5208,0.001,adam,5209,147.50330305099487,2.2823878719109006e-06,0.0,1.053305965867672,2.2823878719109006e-06,,,,
5209,0.001,adam,5210,147.5569188594818,2.408612087687909e-06,0.0,1.02560866961966,2.408612087687909e-06,,,,
5210,0.001,adam,5211,147.58364844322205,2.6256889343100903e-06,0.0,1.1277864225904817,2.6256889343100903e-06,,,,
5211,0.001,adam,5212,147.63134860992432,2.95703269015143e-06,0.0,1.0077400952775282,2.95703269015143e-06,,,,
5212,0.001,adam,5213,147.65720748901367,3.4322574044380586e-06,0.0,1.029330044045859,3.4322574044380586e-06,,,,
5213,0.001,adam,5214,147.69045996665955,4.100338148119657e-06,0.0,1.0752965082437698,4.100338148119657e-06,,,,
5214,0.001,adam,5215,147.72279405593872,5.045781199274245e-06,0.0,0.9739936159210869,5.045781199274245e-06,,,,
5215,0.001,adam,5216,147.74876475334167,6.4015075901084e-06,0.0,1.0984032322339234,6.4015075901084e-06,,,,
5216,0.001,adam,5217,147.77587699890137,8.365193948191473e-06,0.0,0.9569141492942611,8.365193948191473e-06,,,,
5217,0.001,adam,5218,147.85550022125244,1.1224087385734296e-05,0.0,0.9437874866041909,1.1224087385734296e-05,,,,
5218,0.001,adam,5219,147.88338446617126,1.5338169176072055e-05,0.0,0.974684953014948,1.5338169176072055e-05,,,,
5219,0.001,adam,5220,147.9394268989563,2.118989081739736e-05,0.0,0.8918785619470346,2.118989081739736e-05,0.005729068476124048,0.0,0.994552660805815,0.005729068476124048
5220,0.001,adam,5221,147.9837772846222,2.9141491488033497e-05,0.0,1.0197565016694043,2.9141491488033497e-05,,,,
5221,0.001,adam,5222,148.0422921180725,3.946148329743329e-05,0.0,1.1901537753409532,3.946148329743329e-05,,,,
5222,0.001,adam,5223,148.06550931930542,5.1229041117748346e-05,0.0,1.0300144762789087,5.1229041117748346e-05,,,,
5223,0.001,adam,5224,148.0966672897339,6.260278470580588e-05,0.0,1.0735266158613093,6.260278470580588e-05,,,,
5224,0.001,adam,5225,148.14525318145752,6.870133733793251e-05,0.0,0.980540226116408,6.870133733793251e-05,,,,
5225,0.001,adam,5226,148.1765694618225,6.553594821112622e-05,0.0,0.9991637968426058,6.553594821112622e-05,,,,
5226,0.001,adam,5227,148.19926714897156,5.028338159906371e-05,0.0,1.0008029365309934,5.028338159906371e-05,,,,
5227,0.001,adam,5228,148.2258813381195,2.9155293394186958e-05,0.0,1.0298872606030165,2.9155293394186958e-05,,,,
5228,0.001,adam,5229,148.24929547309875,1.2277042276351625e-05,0.0,0.997617889712107,1.2277042276351625e-05,,,,
5229,0.001,adam,5230,148.27158284187317,7.889862855654042e-06,0.0,1.0606639566684533,7.889862855654042e-06,,,,
5230,0.001,adam,5231,148.2951159477234,1.454786275930241e-05,0.0,0.9516981617885408,1.454786275930241e-05,,,,
5231,0.001,adam,5232,148.3166012763977,2.322506949895558e-05,0.0,0.9901634679966828,2.322506949895558e-05,,,,
5232,0.001,adam,5233,148.33981800079346,2.5518610577608396e-05,0.0,1.0066986941319744,2.5518610577608396e-05,,,,
5233,0.001,adam,5234,148.36107325553894,1.9489142228148932e-05,0.0,1.0321961684418743,1.9489142228148932e-05,,,,
5234,0.001,adam,5235,148.38026547431946,1.0701132074565907e-05,0.0,1.0433074719272704,1.0701132074565907e-05,,,,
5235,0.001,adam,5236,148.4017472267151,5.83496828528e-06,0.0,1.0447316044356705,5.83496828528e-06,,,,
5236,0.001,adam,5237,148.42385387420654,6.886854562145849e-06,0.0,2.096303350449708,6.886854562145849e-06,,,,
5237,0.001,adam,5238,148.44531321525574,1.0334145873144562e-05,0.0,1.040612876024694,1.0334145873144562e-05,,,,
5238,0.001,adam,5239,148.46876001358032,1.16639155963555e-05,0.0,2.087297246993441,1.16639155963555e-05,,,,
5239,0.001,adam,5240,148.4899251461029,9.70658197213422e-06,0.0,0.8976165131882514,9.70658197213422e-06,0.0056698594636427815,0.0,0.9840478829275638,0.0056698594636427815
5240,0.001,adam,5241,148.51801300048828,6.807154812211734e-06,0.0,1.0600966961709712,6.807154812211734e-06,,,,
5241,0.001,adam,5242,148.5481243133545,5.537790432467906e-06,0.0,1.0446315873445327,5.537790432467906e-06,,,,
5242,0.001,adam,5243,148.58149123191833,6.038113873827496e-06,0.0,1.1042660870585101,6.038113873827496e-06,,,,
5243,0.001,adam,5244,148.61621737480164,6.570317485529356e-06,0.0,1.0518923769934343,6.570317485529356e-06,,,,
5244,0.001,adam,5245,148.64936590194702,5.8268801264778276e-06,0.0,0.9602902052903481,5.8268801264778276e-06,,,,
5245,0.001,adam,5246,148.68154859542847,4.398781298386133e-06,0.0,1.018700260767383,4.398781298386133e-06,,,,
5246,0.001,adam,5247,148.71665263175964,3.6800440573315973e-06,0.0,1.0678324576688902,3.6800440573315973e-06,,,,
5247,0.001,adam,5248,148.7414791584015,4.181487620781817e-06,0.0,1.0110763851329634,4.181487620781817e-06,,,,
5248,0.001,adam,5249,148.78051257133484,5.01200867147059e-06,0.0,1.0448585820580605,5.01200867147059e-06,,,,
5249,0.001,adam,5250,148.80939626693726,4.955797687329255e-06,0.0,0.9563904036964381,4.955797687329255e-06,,,,
5250,0.001,adam,5251,148.8320755958557,3.841421681814358e-06,0.0,1.0538233022744399,3.841421681814358e-06,,,,
5251,0.001,adam,5252,148.85556650161743,2.572800078604764e-06,0.0,1.0575605404575967,2.572800078604764e-06,,,,
5252,0.001,adam,5253,148.8820550441742,2.162629673498574e-06,0.0,0.9288114188311429,2.162629673498574e-06,,,,
5253,0.001,adam,5254,148.92533946037292,2.7136413025320073e-06,0.0,0.9602422566270163,2.7136413025320073e-06,,,,
5254,0.001,adam,5255,148.97247838974,3.4495037769014145e-06,0.0,1.0737933168368312,3.4495037769014145e-06,,,,
5255,0.001,adam,5256,149.00560522079468,3.5856490989748405e-06,0.0,1.053235524119236,3.5856490989748405e-06,,,,
5256,0.001,adam,5257,149.0404450893402,2.9929896338485694e-06,0.0,0.9644800046140931,2.9929896338485694e-06,,,,
5257,0.001,adam,5258,149.07745575904846,2.225943387642722e-06,0.0,1.098563950495334,2.225943387642722e-06,,,,
5258,0.001,adam,5259,149.123676776886,1.8772259651272301e-06,0.0,0.932862984012519,1.8772259651272301e-06,,,,
5259,0.001,adam,5260,149.14589762687683,2.0772813314840956e-06,0.0,1.0481087101652478,2.0772813314840956e-06,0.005676861238795416,0.0,0.9873790225907222,0.005676861238795416
5260,0.001,adam,5261,149.17922687530518,2.4770896056377483e-06,0.0,1.0746816746539836,2.4770896056377483e-06,,,,
5261,0.001,adam,5262,149.20548701286316,2.627970612826529e-06,0.0,0.9568332115436284,2.627970612826529e-06,,,,
5262,0.001,adam,5263,149.23762154579163,2.397628675135499e-06,0.0,1.000432475577758,2.397628675135499e-06,,,,
5263,0.001,adam,5264,149.26397800445557,1.9985242335482384e-06,0.0,1.1009536438449625,1.9985242335482384e-06,,,,
5264,0.001,adam,5265,149.28554582595825,1.7517836767712366e-06,0.0,1.08742435868389,1.7517836767712366e-06,,,,
5265,0.001,adam,5266,149.3066713809967,1.782932453165e-06,0.0,1.0593385322099689,1.782932453165e-06,,,,
5266,0.001,adam,5267,149.33097553253174,1.960606457838259e-06,0.0,0.9234251691549801,1.960606457838259e-06,,,,
5267,0.001,adam,5268,149.36534070968628,2.066708182581597e-06,0.0,1.0507324224596548,2.066708182581597e-06,,,,
5268,0.001,adam,5269,149.39412331581116,2.000205489699985e-06,0.0,1.0578064170467318,2.000205489699985e-06,,,,
5269,0.001,adam,5270,149.42127299308777,1.836266269923427e-06,0.0,0.979096474668187,1.836266269923427e-06,,,,
5270,0.001,adam,5271,149.45163464546204,1.7121954464237129e-06,0.0,1.0635982075921284,1.7121954464237129e-06,,,,
5271,0.001,adam,5272,149.50488877296448,1.6932636292716037e-06,0.0,0.9462925428138114,1.6932636292716037e-06,,,,
5272,0.001,adam,5273,149.52872228622437,1.733862652842834e-06,0.0,0.9504502455608164,1.733862652842834e-06,,,,
5273,0.001,adam,5274,149.55057191848755,1.7490157590525618e-06,0.0,0.9080194716914184,1.7490157590525618e-06,,,,
5274,0.001,adam,5275,149.5732307434082,1.7043487346032756e-06,0.0,1.089687969480747,1.7043487346032756e-06,,,,
5275,0.001,adam,5276,149.59565925598145,1.6371014346865965e-06,0.0,1.0696900938938974,1.6371014346865965e-06,,,,
5276,0.001,adam,5277,149.62265181541443,1.606174228575671e-06,0.0,0.9070263589391242,1.606174228575671e-06,,,,
5277,0.001,adam,5278,149.6551308631897,1.6293325446451961e-06,0.0,1.0280047977412035,1.6293325446451961e-06,,,,
5278,0.001,adam,5279,149.6782820224762,1.671013366652222e-06,0.0,0.9792391340745823,1.671013366652222e-06,,,,
5279,0.001,adam,5280,149.70019936561584,1.6814353011029255e-06,0.0,1.107396374708591,1.6814353011029255e-06,0.005683360803642102,0.0,0.9852417439208444,0.005683360803642102
5280,0.001,adam,5281,149.75019669532776,1.643029830145325e-06,0.0,1.064154259010213,1.643029830145325e-06,,,,
5281,0.001,adam,5282,149.7744119167328,1.5812089838461506e-06,0.0,0.9758977820367454,1.5812089838461506e-06,,,,
5282,0.001,adam,5283,149.80880331993103,1.5376846144199456e-06,0.0,1.0049819653860474,1.5376846144199456e-06,,,,
5283,0.001,adam,5284,149.85420751571655,1.534231397737401e-06,0.0,0.9762965013718568,1.534231397737401e-06,,,,
5284,0.001,adam,5285,149.90047097206116,1.559848636255967e-06,0.0,1.0343982879967732,1.559848636255967e-06,,,,
5285,0.001,adam,5286,149.95206308364868,1.58609467545073e-06,0.0,1.030509553674624,1.58609467545073e-06,,,,
5286,0.001,adam,5287,149.9941165447235,1.5919019789184492e-06,0.0,1.0018674873783984,1.5919019789184492e-06,,,,
5287,0.001,adam,5288,150.02050971984863,1.5767968409472692e-06,0.0,1.0382468287370865,1.5767968409472692e-06,,,,
5288,0.001,adam,5289,150.04679036140442,1.556369070730162e-06,0.0,1.0230472121052572,1.556369070730162e-06,,,,
5289,0.001,adam,5290,150.07364892959595,1.547824703524349e-06,0.0,1.211751406316011,1.547824703524349e-06,,,,
5290,0.001,adam,5291,150.10646152496338,1.5595579932568715e-06,0.0,1.0298228089582384,1.5595579932568715e-06,,,,
5291,0.001,adam,5292,150.13483691215515,1.589716849811335e-06,0.0,0.9621217201161649,1.589716849811335e-06,,,,
5292,0.001,adam,5293,150.16662216186523,1.6326400828242456e-06,0.0,1.0933013942876832,1.6326400828242456e-06,,,,
5293,0.001,adam,5294,150.19399118423462,1.6864303340622563e-06,0.0,1.0250201050771128,1.6864303340622563e-06,,,,
5294,0.001,adam,5295,150.22058606147766,1.7573319636988783e-06,0.0,1.137751449194761,1.7573319636988783e-06,,,,
5295,0.001,adam,5296,150.24774408340454,1.8599831383134873e-06,0.0,0.9963836981620732,1.8599831383134873e-06,,,,
5296,0.001,adam,5297,150.2699055671692,2.01748994593637e-06,0.0,1.1813938522489131,2.01748994593637e-06,,,,
5297,0.001,adam,5298,150.29472541809082,2.2610002865025997e-06,0.0,1.0386954081122894,2.2610002865025997e-06,,,,
5298,0.001,adam,5299,150.3254737854004,2.6363661221714784e-06,0.0,1.0731809992280374,2.6363661221714784e-06,,,,
5299,0.001,adam,5300,150.379132270813,3.208124901257043e-06,0.0,1.0884965573955607,3.208124901257043e-06,0.005690872319146733,0.0,0.9884318575088444,0.005690872319146733
5300,0.001,adam,5301,150.42243099212646,4.081718650694553e-06,0.0,1.0477227301317962,4.081718650694553e-06,,,,
5301,0.001,adam,5302,150.4488456249237,5.4039356934904895e-06,0.0,1.048023016786304,5.4039356934904895e-06,,,,
5302,0.001,adam,5303,150.4859459400177,7.417175974939457e-06,0.0,1.0247890714402104,7.417175974939457e-06,,,,
5303,0.001,adam,5304,150.5106863975525,1.041326790336228e-05,0.0,1.0774723939735922,1.041326790336228e-05,,,,
5304,0.001,adam,5305,150.53551483154297,1.4839165712314604e-05,0.0,1.0417712029341613,1.4839165712314604e-05,,,,
5305,0.001,adam,5306,150.5596890449524,2.10052143139899e-05,0.0,0.9856527596526465,2.10052143139899e-05,,,,
5306,0.001,adam,5307,150.586275100708,2.9222709922491472e-05,0.0,1.0739769716297691,2.9222709922491472e-05,,,,
5307,0.001,adam,5308,150.61088061332703,3.864002329688081e-05,0.0,1.0347428317616014,3.864002329688081e-05,,,,
5308,0.001,adam,5309,150.63421893119812,4.771600998961087e-05,0.0,1.015148404248037,4.771600998961087e-05,,,,
5309,0.001,adam,5310,150.65800023078918,5.220506539686723e-05,0.0,0.9926833546607543,5.220506539686723e-05,,,,
5310,0.001,adam,5311,150.6890037059784,4.916563772995193e-05,0.0,1.1102356138002967,4.916563772995193e-05,,,,
5311,0.001,adam,5312,150.71397638320923,3.729435987136143e-05,0.0,0.9673803339441424,3.729435987136143e-05,,,,
5312,0.001,adam,5313,150.7395315170288,2.25390578291161e-05,0.0,1.0349263310354313,2.25390578291161e-05,,,,
5313,0.001,adam,5314,150.76362872123718,1.2844838288439835e-05,0.0,1.1554491231399069,1.2844838288439835e-05,,,,
5314,0.001,adam,5315,150.78998160362244,1.2118992366864664e-05,0.0,1.0195083444139952,1.2118992366864664e-05,,,,
5315,0.001,adam,5316,150.81273126602173,1.7061783487261998e-05,0.0,1.0388054200505097,1.7061783487261998e-05,,,,
5316,0.001,adam,5317,150.83391880989075,2.050198147103671e-05,0.0,1.0662576875536927,2.050198147103671e-05,,,,
5317,0.001,adam,5318,150.85918617248535,1.856597104301356e-05,0.0,0.983823976058491,1.856597104301356e-05,,,,
5318,0.001,adam,5319,150.88492345809937,1.3246794635256745e-05,0.0,1.1287219429784296,1.3246794635256745e-05,,,,
5319,0.001,adam,5320,150.91088366508484,9.55789244927257e-06,0.0,1.0073924788874502,9.55789244927257e-06,0.005679773208974253,0.0,0.9858015803745968,0.005679773208974253
5320,0.001,adam,5321,150.94914484024048,9.798842053110385e-06,0.0,1.0079991913815924,9.798842053110385e-06,,,,
5321,0.001,adam,5322,150.97547960281372,1.181871392533485e-05,0.0,0.9433798577849494,1.181871392533485e-05,,,,
5322,0.001,adam,5323,151.00253558158875,1.2023237246058741e-05,0.0,1.0327331648968445,1.2023237246058741e-05,,,,
5323,0.001,adam,5324,151.03363585472107,9.173025661677209e-06,0.0,1.0298519719898351,9.173025661677209e-06,,,,
5324,0.001,adam,5325,151.05562925338745,5.50660152920718e-06,0.0,0.9305842168859254,5.50660152920718e-06,,,,
5325,0.001,adam,5326,151.07828617095947,3.626601218406144e-06,0.0,1.068885487503103,3.626601218406144e-06,,,,
5326,0.001,adam,5327,151.10031962394714,4.167985389018218e-06,0.0,0.9897850248920271,4.167985389018218e-06,,,,
5327,0.001,adam,5328,151.12340188026428,5.579762731050571e-06,0.0,0.9829629185532784,5.579762731050571e-06,,,,
5328,0.001,adam,5329,151.14576768875122,6.1151505012464555e-06,0.0,0.9822354170262557,6.1151505012464555e-06,,,,
5329,0.001,adam,5330,151.16838121414185,5.493467730218771e-06,0.0,0.9835197511319189,5.493467730218771e-06,,,,
5330,0.001,adam,5331,151.1958737373352,4.610985942368288e-06,0.0,0.9991984162296118,4.610985942368288e-06,,,,
5331,0.001,adam,5332,151.21824502944946,4.3315952235931995e-06,0.0,1.0480093455149302,4.3315952235931995e-06,,,,
5332,0.001,adam,5333,151.2521367073059,4.565414449340151e-06,0.0,0.9964093866853843,4.565414449340151e-06,,,,
5333,0.001,adam,5334,151.27262210845947,4.5963160996412814e-06,0.0,1.0507753149513117,4.5963160996412814e-06,,,,
5334,0.001,adam,5335,151.29184770584106,4.050539724193534e-06,0.0,1.0561167862983842,4.050539724193534e-06,,,,
5335,0.001,adam,5336,151.31198501586914,3.204047599285803e-06,0.0,1.0975585851918193,3.204047599285803e-06,,,,
5336,0.001,adam,5337,151.3335633277893,2.653792115793665e-06,0.0,1.0608664766345275,2.653792115793665e-06,,,,
5337,0.001,adam,5338,151.35571241378784,2.6390413462585177e-06,0.0,1.0304356085424764,2.6390413462585177e-06,,,,
5338,0.001,adam,5339,151.38447403907776,2.8779609051703656e-06,0.0,1.122950700357919,2.8779609051703656e-06,,,,
5339,0.001,adam,5340,151.41134548187256,2.9253503418928796e-06,0.0,1.0915294192717717,2.9253503418928796e-06,0.005688057936353396,0.0,0.9872779140666075,0.005688057936353396
5340,0.001,adam,5341,151.44092750549316,2.654299668106559e-06,0.0,1.112053589292446,2.654299668106559e-06,,,,
5341,0.001,adam,5342,151.46515893936157,2.309810664749494e-06,0.0,1.0338197487920031,2.309810664749494e-06,,,,
5342,0.001,adam,5343,151.48742723464966,2.169294028217766e-06,0.0,1.014559009955598,2.169294028217766e-06,,,,
5343,0.001,adam,5344,151.5090208053589,2.241497489523764e-06,0.0,1.031704616378469,2.241497489523764e-06,,,,
5344,0.001,adam,5345,151.52970623970032,2.3001773135385836e-06,0.0,1.012124460254277,2.3001773135385836e-06,,,,
5345,0.001,adam,5346,151.55162167549133,2.1788992400238527e-06,0.0,1.0166968778698275,2.1788992400238527e-06,,,,
5346,0.001,adam,5347,151.57250905036926,1.9566266684099997e-06,0.0,0.9494534274009029,1.9566266684099997e-06,,,,
5347,0.001,adam,5348,151.59752345085144,1.8540041719952014e-06,0.0,0.9746692051629801,1.8540041719952014e-06,,,,
5348,0.001,adam,5349,151.61837649345398,1.9773179015348667e-06,0.0,1.0703877968058628,1.9773179015348667e-06,,,,
5349,0.001,adam,5350,151.65032505989075,2.201336799334151e-06,0.0,1.0461841359327715,2.201336799334151e-06,,,,
5350,0.001,adam,5351,151.692134141922,2.3002862723441444e-06,0.0,1.084439881828426,2.3002862723441444e-06,,,,
5351,0.001,adam,5352,151.71670651435852,2.1760627409062153e-06,0.0,0.9821626826496054,2.1760627409062153e-06,,,,
5352,0.001,adam,5353,151.74823760986328,1.9385706714114915e-06,0.0,1.1208688294069282,1.9385706714114915e-06,,,,
5353,0.001,adam,5354,151.7871060371399,1.7822493406047742e-06,0.0,1.033627564135656,1.7822493406047742e-06,,,,
5354,0.001,adam,5355,151.81389546394348,1.796009167070398e-06,0.0,0.9768768480363852,1.796009167070398e-06,,,,
5355,0.001,adam,5356,151.86136841773987,1.9058326216881532e-06,0.0,1.004866324803081,1.9058326216881532e-06,,,,
5356,0.001,adam,5357,151.89272356033325,1.9704220670384052e-06,0.0,1.1067938655535445,1.9704220670384052e-06,,,,
5357,0.001,adam,5358,151.91925954818726,1.92630820153809e-06,0.0,1.0767848349165374,1.92630820153809e-06,,,,
5358,0.001,adam,5359,151.94456124305725,1.824802072595054e-06,0.0,1.069950787041393,1.824802072595054e-06,,,,
5359,0.001,adam,5360,151.98451399803162,1.7674632877587562e-06,0.0,1.0775156751187578,1.7674632877587562e-06,0.005684336966193528,0.0,0.9880098735855819,0.005684336966193528
5360,0.001,adam,5361,152.03061819076538,1.802695805418405e-06,0.0,1.1402186927312161,1.802695805418405e-06,,,,
5361,0.001,adam,5362,152.0541684627533,1.89824320540588e-06,0.0,1.0160397741685336,1.89824320540588e-06,,,,
5362,0.001,adam,5363,152.0772831439972,1.983057451774489e-06,0.0,1.115032959832758,1.983057451774489e-06,,,,
5363,0.001,adam,5364,152.10174751281738,2.0210671440522978e-06,0.0,1.0862994508624133,2.0210671440522978e-06,,,,
5364,0.001,adam,5365,152.12444281578064,2.0297985852006285e-06,0.0,0.9731099908796061,2.0297985852006285e-06,,,,
5365,0.001,adam,5366,152.15122652053833,2.063336769289029e-06,0.0,1.0433693298840305,2.063336769289029e-06,,,,
5366,0.001,adam,5367,152.17737436294556,2.158552385680024e-06,0.0,1.0849928303041367,2.158552385680024e-06,,,,
5367,0.001,adam,5368,152.20662450790405,2.3263018453775246e-06,0.0,0.9967223671631563,2.3263018453775246e-06,,,,
5368,0.001,adam,5369,152.22851586341858,2.550444833083948e-06,0.0,0.997583467389935,2.550444833083948e-06,,,,
5369,0.001,adam,5370,152.2742621898651,2.8300989373232812e-06,0.0,1.0169862659016218,2.8300989373232812e-06,,,,
5370,0.001,adam,5371,152.3066794872284,3.1788160242664144e-06,0.0,1.0087809882704324,3.1788160242664144e-06,,,,
5371,0.001,adam,5372,152.3288242816925,3.6497680799909457e-06,0.0,0.9942063984619919,3.6497680799909457e-06,,,,
5372,0.001,adam,5373,152.34923315048218,4.29000047337452e-06,0.0,1.0157753538224883,4.29000047337452e-06,,,,
5373,0.001,adam,5374,152.3720588684082,5.181952476569376e-06,0.0,1.0330027353783193,5.181952476569376e-06,,,,
5374,0.001,adam,5375,152.39401078224182,6.364881733519164e-06,0.0,1.0291483453051264,6.364881733519164e-06,,,,
5375,0.001,adam,5376,152.4166076183319,7.96004734296271e-06,0.0,1.0241851264938382,7.96004734296271e-06,,,,
5376,0.001,adam,5377,152.43974709510803,9.982985867385997e-06,0.0,1.0487821163385087,9.982985867385997e-06,,,,
5377,0.001,adam,5378,152.46827268600464,1.2624413287391304e-05,0.0,1.0117153106597887,1.2624413287391304e-05,,,,
5378,0.001,adam,5379,152.50565195083618,1.5764782142118538e-05,0.0,1.089959055287793,1.5764782142118538e-05,,,,
5379,0.001,adam,5380,152.55135107040405,1.9569399575230845e-05,0.0,0.9674594304373461,1.9569399575230845e-05,0.005635525475981916,0.0,0.9846446398736778,0.005635525475981916
5380,0.001,adam,5381,152.604558467865,2.3441867855204657e-05,0.0,0.9584367761129473,2.3441867855204657e-05,,,,
5381,0.001,adam,5382,152.6323311328888,2.7247730150617405e-05,0.0,1.0463241452390448,2.7247730150617405e-05,,,,
5382,0.001,adam,5383,152.66251730918884,2.9566229780944222e-05,0.0,0.9958986945907935,2.9566229780944222e-05,,,,
5383,0.001,adam,5384,152.68839836120605,3.0024279116138272e-05,0.0,0.9513527198841546,3.0024279116138272e-05,,,,
5384,0.001,adam,5385,152.71222758293152,2.722535577892356e-05,0.0,0.9944165313953478,2.722535577892356e-05,,,,
5385,0.001,adam,5386,152.736962556839,2.1908138502169688e-05,0.0,1.0007763412330255,2.1908138502169688e-05,,,,
5386,0.001,adam,5387,152.76428937911987,1.4823414256677932e-05,0.0,1.0372841671369997,1.4823414256677932e-05,,,,
5387,0.001,adam,5388,152.78805017471313,8.280923136745673e-06,0.0,1.0073626101763327,8.280923136745673e-06,,,,
5388,0.001,adam,5389,152.82536005973816,3.99301021098388e-06,0.0,0.8988648027702546,3.99301021098388e-06,,,,
5389,0.001,adam,5390,152.8604896068573,2.7824003850067147e-06,0.0,0.9244212148977885,2.7824003850067147e-06,,,,
5390,0.001,adam,5391,152.8959128856659,4.096616551349746e-06,0.0,1.1453558770015155,4.096616551349746e-06,,,,
5391,0.001,adam,5392,152.9307165145874,6.489288665134288e-06,0.0,1.0212480458310509,6.489288665134288e-06,,,,
5392,0.001,adam,5393,152.95262837409973,8.43037627102021e-06,0.0,1.1600563570593085,8.43037627102021e-06,,,,
5393,0.001,adam,5394,152.97361183166504,8.949215715830713e-06,0.0,0.9213420910997943,8.949215715830713e-06,,,,
5394,0.001,adam,5395,153.00408744812012,7.996704460856683e-06,0.0,1.0816097076484918,7.996704460856683e-06,,,,
5395,0.001,adam,5396,153.03094053268433,6.238300513388936e-06,0.0,1.045410150159582,6.238300513388936e-06,,,,
5396,0.001,adam,5397,153.06371903419495,4.5692965452981125e-06,0.0,0.975201410846869,4.5692965452981125e-06,,,,
5397,0.001,adam,5398,153.0959324836731,3.611040801177501e-06,0.0,1.0955335069490002,3.611040801177501e-06,,,,
5398,0.001,adam,5399,153.13745760917664,3.444834546730293e-06,0.0,0.9078871535193402,3.444834546730293e-06,,,,
5399,0.001,adam,5400,153.18762516975403,3.7122300125755384e-06,0.0,0.9400524975496042,3.7122300125755384e-06,0.0056796657079466115,0.0,0.9915215090203346,0.0056796657079466115
5400,0.001,adam,5401,153.22323369979858,3.942810986068897e-06,0.0,1.0051471272449115,3.942810986068897e-06,,,,
5401,0.001,adam,5402,153.25385928153992,3.861035616851358e-06,0.0,1.0658876318976214,3.861035616851358e-06,,,,
5402,0.001,adam,5403,153.29792070388794,3.444781519201429e-06,0.0,1.070599376709471,3.444781519201429e-06,,,,
5403,0.001,adam,5404,153.32440185546875,2.9415726506288157e-06,0.0,1.0719466202378927,2.9415726506288157e-06,,,,
5404,0.001,adam,5405,153.3537096977234,2.5912601757772215e-06,0.0,1.0955045274879223,2.5912601757772215e-06,,,,
5405,0.001,adam,5406,153.37986373901367,2.5233372800431705e-06,0.0,0.9371240539602829,2.5233372800431705e-06,,,,
5406,0.001,adam,5407,153.4050269126892,2.673962294922177e-06,0.0,0.9503327635270707,2.673962294922177e-06,,,,
5407,0.001,adam,5408,153.4348545074463,2.8608019760308e-06,0.0,1.0793542044357491,2.8608019760308e-06,,,,
5408,0.001,adam,5409,153.4811990261078,2.900970825669807e-06,0.0,0.9643798415654917,2.900970825669807e-06,,,,
5409,0.001,adam,5410,153.52131390571594,2.716306190491373e-06,0.0,1.015056118601009,2.716306190491373e-06,,,,
5410,0.001,adam,5411,153.57136631011963,2.361581663495955e-06,0.0,0.982566822180198,2.361581663495955e-06,,,,
5411,0.001,adam,5412,153.6055941581726,1.9789981276635844e-06,0.0,0.9510118211723306,1.9789981276635844e-06,,,,
5412,0.001,adam,5413,153.64745140075684,1.715981712773161e-06,0.0,1.1104609010778699,1.715981712773161e-06,,,,
5413,0.001,adam,5414,153.69827842712402,1.6467980631664626e-06,0.0,0.9906001321108577,1.6467980631664626e-06,,,,
5414,0.001,adam,5415,153.72807717323303,1.7498306633541833e-06,0.0,0.9813690601005517,1.7498306633541833e-06,,,,
5415,0.001,adam,5416,153.77213501930237,1.9313042463568694e-06,0.0,1.1197559697257595,1.9313042463568694e-06,,,,
5416,0.001,adam,5417,153.81365823745728,2.0799407878121907e-06,0.0,1.0523788906570029,2.0799407878121907e-06,,,,
5417,0.001,adam,5418,153.8398175239563,2.119699367144512e-06,0.0,1.0120010073254577,2.119699367144512e-06,,,,
5418,0.001,adam,5419,153.88202619552612,2.034870559014944e-06,0.0,1.033824466487591,2.034870559014944e-06,,,,
5419,0.001,adam,5420,153.9272768497467,1.867980050643172e-06,0.0,0.9908648825728925,1.867980050643172e-06,0.005702247864608962,0.0,0.9914962261864197,0.005702247864608962
5420,0.001,adam,5421,154.00424122810364,1.6894827524966563e-06,0.0,1.0144691398300942,1.6894827524966563e-06,,,,
5421,0.001,adam,5422,154.03596448898315,1.5640389856559703e-06,0.0,1.1227248967845775,1.5640389856559703e-06,,,,
5422,0.001,adam,5423,154.06622695922852,1.5249871449443523e-06,0.0,1.1399532772906034,1.5249871449443523e-06,,,,
5423,0.001,adam,5424,154.09086894989014,1.5672604424192543e-06,0.0,1.0776494688965936,1.5672604424192543e-06,,,,
5424,0.001,adam,5425,154.1146194934845,1.6579507366449432e-06,0.0,1.0436025128751,1.6579507366449432e-06,,,,
5425,0.001,adam,5426,154.1426887512207,1.755585622081874e-06,0.0,1.0039207155656478,1.755585622081874e-06,,,,
5426,0.001,adam,5427,154.17763686180115,1.8284362916982035e-06,0.0,0.9402682752718018,1.8284362916982035e-06,,,,
5427,0.001,adam,5428,154.20567536354065,1.8642660542054637e-06,0.0,0.9673694836767878,1.8642660542054637e-06,,,,
5428,0.001,adam,5429,154.2312605381012,1.8731445289855578e-06,0.0,1.145242889931381,1.8731445289855578e-06,,,,
5429,0.001,adam,5430,154.256334066391,1.8791592886284979e-06,0.0,1.1483894155970586,1.8791592886284979e-06,,,,
5430,0.001,adam,5431,154.27855849266052,1.9151204415640067e-06,0.0,0.9568729837065,1.9151204415640067e-06,,,,
5431,0.001,adam,5432,154.30165338516235,2.012859604506321e-06,0.0,0.9484834793388621,2.012859604506321e-06,,,,
5432,0.001,adam,5433,154.33931636810303,2.2053592911454893e-06,0.0,1.0605695841563265,2.2053592911454893e-06,,,,
5433,0.001,adam,5434,154.3640902042389,2.524054902076976e-06,0.0,1.0461608841591716,2.524054902076976e-06,,,,
5434,0.001,adam,5435,154.39047265052795,3.0170081433802412e-06,0.0,1.0334679131553521,3.0170081433802412e-06,,,,
5435,0.001,adam,5436,154.42453336715698,3.7439496123208347e-06,0.0,1.0187842612215596,3.7439496123208347e-06,,,,
5436,0.001,adam,5437,154.4728000164032,4.818880337854275e-06,0.0,1.1170467268525133,4.818880337854275e-06,,,,
5437,0.001,adam,5438,154.49856162071228,6.379107414100999e-06,0.0,1.10821121908899,6.379107414100999e-06,,,,
5438,0.001,adam,5439,154.53076004981995,8.67647721612233e-06,0.0,1.0563252531875273,8.67647721612233e-06,,,,
5439,0.001,adam,5440,154.570969581604,1.195592100388457e-05,0.0,1.0495611071032491,1.195592100388457e-05,0.005705626682475263,0.0,0.9890119345139159,0.005705626682475263
5440,0.001,adam,5441,154.62155532836914,1.6643987398630937e-05,0.0,0.9563474601716211,1.6643987398630937e-05,,,,
5441,0.001,adam,5442,154.6645050048828,2.290263438700846e-05,0.0,1.0402648533484122,2.290263438700846e-05,,,,
5442,0.001,adam,5443,154.6955850124359,3.100530108425183e-05,0.0,1.0840052234348938,3.100530108425183e-05,,,,
5443,0.001,adam,5444,154.72965574264526,3.998727599488114e-05,0.0,0.9842413318890877,3.998727599488114e-05,,,,
5444,0.001,adam,5445,154.77617359161377,4.8708007587241106e-05,0.0,1.0547485872927629,4.8708007587241106e-05,,,,
5445,0.001,adam,5446,154.80945205688477,5.3626524598186226e-05,0.0,0.9754963725025959,5.3626524598186226e-05,,,,
5446,0.001,adam,5447,154.86647582054138,5.2604587604596606e-05,0.0,0.9388226298816107,5.2604587604596606e-05,,,,
5447,0.001,adam,5448,154.8980951309204,4.393835641474263e-05,0.0,0.9740673721270401,4.393835641474263e-05,,,,
5448,0.001,adam,5449,154.95922565460205,3.088292995497861e-05,0.0,0.9432385825934426,3.088292995497861e-05,,,,
5449,0.001,adam,5450,155.0044391155243,1.8456151234010047e-05,0.0,1.125494547611139,1.8456151234010047e-05,,,,
5450,0.001,adam,5451,155.05997943878174,1.1201478381497554e-05,0.0,1.0279038729240249,1.1201478381497554e-05,,,,
5451,0.001,adam,5452,155.09172701835632,1.0006159016370533e-05,0.0,1.0388704304899146,1.0006159016370533e-05,,,,
5452,0.001,adam,5453,155.1355423927307,1.2376514435630133e-05,0.0,1.0272518476528232,1.2376514435630133e-05,,,,
5453,0.001,adam,5454,155.1728491783142,1.4672823341602093e-05,0.0,0.9752625115769229,1.4672823341602093e-05,,,,
5454,0.001,adam,5455,155.21476864814758,1.4371231410754246e-05,0.0,0.9797368975896539,1.4371231410754246e-05,,,,
5455,0.001,adam,5456,155.25968742370605,1.179998623305188e-05,0.0,1.0531260643601865,1.179998623305188e-05,,,,
5456,0.001,adam,5457,155.30813932418823,8.871807959063408e-06,0.0,1.0489420963119573,8.871807959063408e-06,,,,
5457,0.001,adam,5458,155.34304451942444,7.305873448307267e-06,0.0,1.0922837112611312,7.305873448307267e-06,,,,
5458,0.001,adam,5459,155.3930630683899,7.2569393307908815e-06,0.0,0.9799206798418068,7.2569393307908815e-06,,,,
5459,0.001,adam,5460,155.4307587146759,7.619709264407161e-06,0.0,1.006245256283244,7.619709264407161e-06,0.005663032848238667,0.0,0.9833700488772478,0.005663032848238667
5460,0.001,adam,5461,155.50350379943848,7.399684331412954e-06,0.0,1.0694670745679957,7.399684331412954e-06,,,,
5461,0.001,adam,5462,155.55247402191162,6.421448597861019e-06,0.0,1.0058921918386934,6.421448597861019e-06,,,,
5462,0.001,adam,5463,155.60480213165283,5.365218233259518e-06,0.0,0.9914061891650683,5.365218233259518e-06,,,,
5463,0.001,adam,5464,155.6333236694336,4.863956529853039e-06,0.0,1.1428615546917864,4.863956529853039e-06,,,,
5464,0.001,adam,5465,155.65968990325928,4.871450076948001e-06,0.0,1.0508756191397346,4.871450076948001e-06,,,,
5465,0.001,adam,5466,155.69412207603455,4.92919375010537e-06,0.0,1.015335951267122,4.92919375010537e-06,,,,
5466,0.001,adam,5467,155.72789788246155,4.614072642036926e-06,0.0,0.9841218093965098,4.614072642036926e-06,,,,
5467,0.001,adam,5468,155.76355624198914,4.009411933121396e-06,0.0,0.9964822040064671,4.009411933121396e-06,,,,
5468,0.001,adam,5469,155.79947757720947,3.443633504573938e-06,0.0,1.0322359105346592,3.443633504573938e-06,,,,
5469,0.001,adam,5470,155.8363242149353,3.180606807306315e-06,0.0,1.0480370785269346,3.180606807306315e-06,,,,
5470,0.001,adam,5471,155.86407899856567,3.1721693989446387e-06,0.0,1.0308662369010808,3.1721693989446387e-06,,,,
5471,0.001,adam,5472,155.89324760437012,3.1651601603001454e-06,0.0,0.9839887871597804,3.1651601603001454e-06,,,,
5472,0.001,adam,5473,155.92066884040833,3.0176493281900656e-06,0.0,0.9483607624295443,3.0176493281900656e-06,,,,
5473,0.001,adam,5474,155.9689781665802,2.7852394447109787e-06,0.0,0.990155777930793,2.7852394447109787e-06,,,,
5474,0.001,adam,5475,156.0104649066925,2.635979885823867e-06,0.0,0.976918282465989,2.635979885823867e-06,,,,
5475,0.001,adam,5476,156.0369942188263,2.6249358557589023e-06,0.0,1.1410825346893043,2.6249358557589023e-06,,,,
5476,0.001,adam,5477,156.07353973388672,2.6451285000167085e-06,0.0,1.0082167204927448,2.6451285000167085e-06,,,,
5477,0.001,adam,5478,156.1070535182953,2.5365860672510063e-06,0.0,1.0340998468653584,2.5365860672510063e-06,,,,
5478,0.001,adam,5479,156.132981300354,2.2512952586973075e-06,0.0,1.0630725928624531,2.2512952586973075e-06,,,,
5479,0.001,adam,5480,156.1630208492279,1.917012617446637e-06,0.0,0.9871924078881426,1.917012617446637e-06,0.005699116798583743,0.0,0.9897238835521214,0.005699116798583743
5480,0.001,adam,5481,156.21503949165344,1.7294226637403647e-06,0.0,1.0245832901446732,1.7294226637403647e-06,,,,
5481,0.001,adam,5482,156.2384054660797,1.7834372531259492e-06,0.0,1.0243064325827294,1.7834372531259492e-06,,,,
5482,0.001,adam,5483,156.26241445541382,1.993341912708728e-06,0.0,1.0280519643806438,1.993341912708728e-06,,,,
5483,0.001,adam,5484,156.287367105484,2.1642563403796514e-06,0.0,0.9184823571041868,2.1642563403796514e-06,,,,
5484,0.001,adam,5485,156.31132411956787,2.1434824305474483e-06,0.0,1.0767295509601365,2.1434824305474483e-06,,,,
5485,0.001,adam,5486,156.33672738075256,1.927484949101851e-06,0.0,1.1475677303042655,1.927484949101851e-06,,,,
5486,0.001,adam,5487,156.3672354221344,1.6479011959468485e-06,0.0,1.1735814037819678,1.6479011959468485e-06,,,,
5487,0.001,adam,5488,156.40857791900635,1.466470086968671e-06,0.0,0.9475869677919629,1.466470086968671e-06,,,,
5488,0.001,adam,5489,156.44631099700928,1.4609724023470204e-06,0.0,0.9939245480294385,1.4609724023470204e-06,,,,
5489,0.001,adam,5490,156.50395584106445,1.5869052713550279e-06,0.0,0.9637539401137,1.5869052713550279e-06,,,,
5490,0.001,adam,5491,156.52703309059143,1.7270645042021911e-06,0.0,1.0202860482874507,1.7270645042021911e-06,,,,
5491,0.001,adam,5492,156.55295944213867,1.7800018542329718e-06,0.0,1.014174461793084,1.7800018542329718e-06,,,,
5492,0.001,adam,5493,156.59130716323853,1.720153442916942e-06,0.0,1.0823373342676856,1.720153442916942e-06,,,,
5493,0.001,adam,5494,156.61463332176208,1.5959351848337421e-06,0.0,1.0056508220026317,1.5959351848337421e-06,,,,
5494,0.001,adam,5495,156.6644892692566,1.482864483769403e-06,0.0,1.219166007534631,1.482864483769403e-06,,,,
5495,0.001,adam,5496,156.70476770401,1.4306051147350675e-06,0.0,1.1159712192410884,1.4306051147350675e-06,,,,
5496,0.001,adam,5497,156.7397801876068,1.4404963587246356e-06,0.0,0.9902042406393878,1.4404963587246356e-06,,,,
5497,0.001,adam,5498,156.77824068069458,1.477737476891846e-06,0.0,0.9856002662184571,1.477737476891846e-06,,,,
5498,0.001,adam,5499,156.8124008178711,1.5024333600616317e-06,0.0,1.0591399266135975,1.5024333600616317e-06,,,,
5499,0.001,adam,5500,156.86593627929688,1.4947157729599794e-06,0.0,1.0049040556683786,1.4947157729599794e-06,0.005700885339196009,0.0,0.9900868480172587,0.005700885339196009
5500,0.001,adam,5501,156.91329860687256,1.4609818271331935e-06,0.0,1.0123461930202615,1.4609818271331935e-06,,,,
5501,0.001,adam,5502,156.95299005508423,1.4220466400265455e-06,0.0,1.0061498971528464,1.4220466400265455e-06,,,,
5502,0.001,adam,5503,156.99347758293152,1.3967716703702183e-06,0.0,0.979077827367022,1.3967716703702183e-06,,,,
5503,0.001,adam,5504,157.02073693275452,1.3913295251807716e-06,0.0,0.9713415752109886,1.3913295251807716e-06,,,,
5504,0.001,adam,5505,157.05278968811035,1.3993533812046153e-06,0.0,0.9265995625049502,1.3993533812046153e-06,,,,
5505,0.001,adam,5506,157.08005237579346,1.4092271868979893e-06,0.0,1.0298643108789942,1.4092271868979893e-06,,,,
5506,0.001,adam,5507,157.11232328414917,1.4118451377820582e-06,0.0,1.069191096738553,1.4118451377820582e-06,,,,
5507,0.001,adam,5508,157.1414659023285,1.4049859269711913e-06,0.0,1.112977204641353,1.4049859269711913e-06,,,,
5508,0.001,adam,5509,157.16859769821167,1.392066881035413e-06,0.0,1.1653470660069425,1.392066881035413e-06,,,,
5509,0.001,adam,5510,157.19483852386475,1.3789526855184232e-06,0.0,1.0365625117780213,1.3789526855184232e-06,,,,
5510,0.001,adam,5511,157.22055506706238,1.3697094215436473e-06,0.0,1.0690267127095971,1.3697094215436473e-06,,,,
5511,0.001,adam,5512,157.2449345588684,1.3656786682742515e-06,0.0,1.0285073118662598,1.3656786682742515e-06,,,,
5512,0.001,adam,5513,157.26952123641968,1.3656447861590577e-06,0.0,1.1534567471423338,1.3656447861590577e-06,,,,
5513,0.001,adam,5514,157.30714201927185,1.3680837733340753e-06,0.0,0.999123034454669,1.3680837733340753e-06,,,,
5514,0.001,adam,5515,157.33273363113403,1.3725693766416614e-06,0.0,1.0494582557006222,1.3725693766416614e-06,,,,
5515,0.001,adam,5516,157.36109447479248,1.3802647523034578e-06,0.0,1.1981887865698566,1.3802647523034578e-06,,,,
5516,0.001,adam,5517,157.38218331336975,1.3935800734363847e-06,0.0,1.0568640418726936,1.3935800734363847e-06,,,,
5517,0.001,adam,5518,157.40362071990967,1.4152720211338853e-06,0.0,1.0271253659808492,1.4152720211338853e-06,,,,
5518,0.001,adam,5519,157.42617177963257,1.448100203337998e-06,0.0,1.0542959027208492,1.448100203337998e-06,,,,
5519,0.001,adam,5520,157.44833755493164,1.4953007407115518e-06,0.0,1.1215020589484805,1.4953007407115518e-06,0.0056962948769350066,0.0,0.9892323428627838,0.0056962948769350066
5520,0.001,adam,5521,157.47974967956543,1.561531676470822e-06,0.0,1.072400999872722,1.561531676470822e-06,,,,
5521,0.001,adam,5522,157.50132203102112,1.6555605844684616e-06,0.0,0.958939906133996,1.6555605844684616e-06,,,,
5522,0.001,adam,5523,157.5267186164856,1.7914115561799864e-06,0.0,0.9956035874139424,1.7914115561799864e-06,,,,
5523,0.001,adam,5524,157.55174326896667,1.993018807589242e-06,0.0,1.0280202020286981,1.993018807589242e-06,,,,
5524,0.001,adam,5525,157.57429790496826,2.2953884490342015e-06,0.0,0.9736193333713867,2.2953884490342015e-06,,,,
5525,0.001,adam,5526,157.59632420539856,2.7539708038222004e-06,0.0,0.9527423775095318,2.7539708038222004e-06,,,,
5526,0.001,adam,5527,157.61900544166565,3.4482804528809e-06,0.0,1.0516593855522234,3.4482804528809e-06,,,,
5527,0.001,adam,5528,157.65998125076294,4.5025461701684165e-06,0.0,1.0485270744019304,4.5025461701684165e-06,,,,
5528,0.001,adam,5529,157.6836907863617,6.092688222725226e-06,0.0,0.999632706032736,6.092688222725226e-06,,,,
5529,0.001,adam,5530,157.70423889160156,8.484451086624956e-06,0.0,1.0491113170666773,8.484451086624956e-06,,,,
5530,0.001,adam,5531,157.7340087890625,1.2022441648532639e-05,0.0,0.9932550689702655,1.2022441648532639e-05,,,,
5531,0.001,adam,5532,157.7771556377411,1.7161305470701794e-05,0.0,1.053970965738487,1.7161305470701794e-05,,,,
5532,0.001,adam,5533,157.80410408973694,2.4307342316694125e-05,0.0,1.0032943182483742,2.4307342316694125e-05,,,,
5533,0.001,adam,5534,157.82562637329102,3.3685782134749484e-05,0.0,0.8960757043954859,3.3685782134749484e-05,,,,
5534,0.001,adam,5535,157.86307883262634,4.4718496962479714e-05,0.0,0.9886747376761147,4.4718496962479714e-05,,,,
5535,0.001,adam,5536,157.889883518219,5.5678346026462384e-05,0.0,1.0123875048405675,5.5678346026462384e-05,,,,
5536,0.001,adam,5537,157.91890621185303,6.336425812475109e-05,0.0,1.0608850683663422,6.336425812475109e-05,,,,
5537,0.001,adam,5538,157.9540319442749,6.448437074800458e-05,0.0,1.084129416841567,6.448437074800458e-05,,,,
5538,0.001,adam,5539,157.99514508247375,5.7962437408560874e-05,0.0,0.9998854277680611,5.7962437408560874e-05,,,,
5539,0.001,adam,5540,158.03996443748474,4.70095482313069e-05,0.0,1.115119202309773,4.70095482313069e-05,0.0056600913014453426,0.0,0.9849600073441754,0.0056600913014453426
5540,0.001,adam,5541,158.08126020431519,3.603315793427344e-05,0.0,0.9776790978540838,3.603315793427344e-05,,,,
5541,0.001,adam,5542,158.11528205871582,2.9512590734928037e-05,0.0,0.9485048403257563,2.9512590734928037e-05,,,,
5542,0.001,adam,5543,158.16722202301025,2.597387011233176e-05,0.0,0.9966462844952317,2.597387011233176e-05,,,,
5543,0.001,adam,5544,158.1975440979004,2.2669951077166918e-05,0.0,0.9876320208369526,2.2669951077166918e-05,,,,
5544,0.001,adam,5545,158.2373013496399,1.7994806331309147e-05,0.0,1.0678273417946211,1.7994806331309147e-05,,,,
5545,0.001,adam,5546,158.28212594985962,1.3655073125391007e-05,0.0,2.0421963973464243,1.3655073125391007e-05,,,,
5546,0.001,adam,5547,158.32095313072205,1.2990651728934294e-05,0.0,1.1678527892804016,1.2990651728934294e-05,,,,
5547,0.001,adam,5548,158.36525559425354,1.586017043248737e-05,0.0,1.17605944037324,1.586017043248737e-05,,,,
5548,0.001,adam,5549,158.39336490631104,1.8307196634742996e-05,0.0,0.9591988836689943,1.8307196634742996e-05,,,,
5549,0.001,adam,5550,158.43388104438782,1.6130892791784132e-05,0.0,1.000718108916487,1.6130892791784132e-05,,,,
5550,0.001,adam,5551,158.4743950366974,1.0203104801717537e-05,0.0,1.088719129697546,1.0203104801717537e-05,,,,
5551,0.001,adam,5552,158.5064878463745,5.2193239635631684e-06,0.0,0.929873801869481,5.2193239635631684e-06,,,,
5552,0.001,adam,5553,158.5551471710205,4.834460726744711e-06,0.0,1.022903457053442,4.834460726744711e-06,,,,
5553,0.001,adam,5554,158.60119533538818,7.807311973459305e-06,0.0,1.003861750639314,7.807311973459305e-06,,,,
5554,0.001,adam,5555,158.6303677558899,9.919673612060186e-06,0.0,1.103612289061822,9.919673612060186e-06,,,,
5555,0.001,adam,5556,158.65620803833008,8.776746227652654e-06,0.0,0.9846115580892807,8.776746227652654e-06,,,,
5556,0.001,adam,5557,158.68324518203735,5.8562941596787595e-06,0.0,1.0916641842926935,5.8562941596787595e-06,,,,
5557,0.001,adam,5558,158.70955204963684,4.117927486032074e-06,0.0,0.9872282788235758,4.117927486032074e-06,,,,
5558,0.001,adam,5559,158.7413227558136,4.418072206271806e-06,0.0,1.0574194993448127,4.418072206271806e-06,,,,
5559,0.001,adam,5560,158.76653861999512,5.28231336636111e-06,0.0,1.004824580742035,5.28231336636111e-06,0.005698515058990427,0.0,0.98852100789993,0.005698515058990427
5560,0.001,adam,5561,158.80373668670654,5.18912059819115e-06,0.0,1.0550922866790886,5.18912059819115e-06,,,,
5561,0.001,adam,5562,158.82957434654236,4.301269254046503e-06,0.0,0.959577132255999,4.301269254046503e-06,,,,
5562,0.001,adam,5563,158.85444331169128,3.6769237977026466e-06,0.0,0.9619838393609171,3.6769237977026466e-06,,,,
5563,0.001,adam,5564,158.87662363052368,3.678711024683993e-06,0.0,1.0683225174290574,3.678711024683993e-06,,,,
5564,0.001,adam,5565,158.89894676208496,3.6897795657574792e-06,0.0,1.0265209280891774,3.6897795657574792e-06,,,,
5565,0.001,adam,5566,158.92493391036987,3.196676812387533e-06,0.0,1.0366118077767663,3.196676812387533e-06,,,,
5566,0.001,adam,5567,158.96452403068542,2.515529044638667e-06,0.0,1.0162235420237837,2.515529044638667e-06,,,,
5567,0.001,adam,5568,159.00291633605957,2.324307887424992e-06,0.0,0.9794797479531342,2.324307887424992e-06,,,,
5568,0.001,adam,5569,159.02998733520508,2.7529211641430605e-06,0.0,1.0806912692837676,2.7529211641430605e-06,,,,
5569,0.001,adam,5570,159.09463262557983,3.2008192910127624e-06,0.0,1.0200237781519128,3.2008192910127624e-06,,,,
5570,0.001,adam,5571,159.12480306625366,3.0687098450296677e-06,0.0,1.0773532370356975,3.0687098450296677e-06,,,,
5571,0.001,adam,5572,159.15778017044067,2.4188054290089164e-06,0.0,0.9910977232838857,2.4188054290089164e-06,,,,
5572,0.001,adam,5573,159.19536805152893,1.8441155477723636e-06,0.0,1.016107066132695,1.8441155477723636e-06,,,,
5573,0.001,adam,5574,159.2289638519287,1.7699054780981137e-06,0.0,1.0406590762493964,1.7699054780981137e-06,,,,
5574,0.001,adam,5575,159.26541686058044,2.0593422207810196e-06,0.0,1.0631531772404759,2.0593422207810196e-06,,,,
5575,0.001,adam,5576,159.31390285491943,2.2745815038870562e-06,0.0,1.0000699070564232,2.2745815038870562e-06,,,,
5576,0.001,adam,5577,159.3447823524475,2.174922903708984e-06,0.0,1.0747408073194122,2.174922903708984e-06,,,,
5577,0.001,adam,5578,159.39010190963745,1.8890357062034435e-06,0.0,0.96283087494804,1.8890357062034435e-06,,,,
5578,0.001,adam,5579,159.43363237380981,1.678878605199436e-06,0.0,1.0245075077706693,1.678878605199436e-06,,,,
5579,0.001,adam,5580,159.4635398387909,1.6496959678094263e-06,0.0,1.0298484138098452,1.6496959678094263e-06,0.005695243692148359,0.0,0.9890465086882586,0.005695243692148359
5580,0.001,adam,5581,159.49850344657898,1.7082958904378768e-06,0.0,1.0186693872232582,1.7082958904378768e-06,,,,
5581,0.001,adam,5582,159.52856302261353,1.7279965788398682e-06,0.0,1.0383797240761439,1.7279965788398682e-06,,,,
5582,0.001,adam,5583,159.55670809745789,1.6786582975912884e-06,0.0,0.9661791790266754,1.6786582975912884e-06,,,,
5583,0.001,adam,5584,159.58552503585815,1.6161526377094252e-06,0.0,1.038106662858869,1.6161526377094252e-06,,,,
5584,0.001,adam,5585,159.63435649871826,1.5852336127334486e-06,0.0,1.017266682409766,1.5852336127334486e-06,,,,
5585,0.001,adam,5586,159.68348455429077,1.5777830764962618e-06,0.0,1.048991927544475,1.5777830764962618e-06,,,,
5586,0.001,adam,5587,159.71518421173096,1.5617132811000206e-06,0.0,0.9873787240140992,1.5617132811000206e-06,,,,
5587,0.001,adam,5588,159.74228763580322,1.5284895013775675e-06,0.0,1.0164505648359246,1.5284895013775675e-06,,,,
5588,0.001,adam,5589,159.77410292625427,1.4955641472537632e-06,0.0,1.0277443011655392,1.4955641472537632e-06,,,,
5589,0.001,adam,5590,159.8084900379181,1.4764285762823462e-06,0.0,1.0954887769488404,1.4764285762823462e-06,,,,
5590,0.001,adam,5591,159.84267401695251,1.4650679637371733e-06,0.0,1.0273292233283797,1.4650679637371733e-06,,,,
5591,0.001,adam,5592,159.88189315795898,1.448046083602255e-06,0.0,1.048259976768027,1.448046083602255e-06,,,,
5592,0.001,adam,5593,159.91934370994568,1.426580175910851e-06,0.0,0.993734988199353,1.426580175910851e-06,,,,
5593,0.001,adam,5594,159.95463132858276,1.4129379055697074e-06,0.0,0.9849650378930456,1.4129379055697074e-06,,,,
5594,0.001,adam,5595,159.98812317848206,1.4112768894875624e-06,0.0,1.0132236003400639,1.4112768894875624e-06,,,,
5595,0.001,adam,5596,160.02328824996948,1.4086290471078806e-06,0.0,0.9390311048769429,1.4086290471078806e-06,,,,
5596,0.001,adam,5597,160.06923508644104,1.3905775696219516e-06,0.0,1.0664833566117178,1.3905775696219516e-06,,,,
5597,0.001,adam,5598,160.1062252521515,1.3595704491798545e-06,0.0,0.9891915806437751,1.3595704491798545e-06,,,,
5598,0.001,adam,5599,160.13377690315247,1.3339293970972594e-06,0.0,1.0806309678971162,1.3339293970972594e-06,,,,
5599,0.001,adam,5600,160.1610836982727,1.3294350602444976e-06,0.0,1.0695693048926889,1.3294350602444976e-06,0.005700572880161026,0.0,0.9911202574168332,0.005700572880161026
5600,0.001,adam,5601,160.21340799331665,1.343361325868386e-06,0.0,0.968910443403866,1.343361325868386e-06,,,,
5601,0.001,adam,5602,160.24584436416626,1.3571903649523089e-06,0.0,1.01773180747901,1.3571903649523089e-06,,,,
5602,0.001,adam,5603,160.29174613952637,1.3538726989977387e-06,0.0,0.9635060131240692,1.3538726989977387e-06,,,,
5603,0.001,adam,5604,160.31801533699036,1.3330109472618916e-06,0.0,1.0348632879612079,1.3330109472618916e-06,,,,
5604,0.001,adam,5605,160.34583735466003,1.3092824970813002e-06,0.0,0.9690847313223717,1.3092824970813002e-06,,,,
5605,0.001,adam,5606,160.38185095787048,1.2987901359840048e-06,0.0,2.180668169189697,1.2987901359840048e-06,,,,
5606,0.001,adam,5607,160.4254744052887,1.3053794035762079e-06,0.0,1.0248385785601637,1.3053794035762079e-06,,,,
5607,0.001,adam,5608,160.45764565467834,1.3195241248882564e-06,0.0,1.112958056353317,1.3195241248882564e-06,,,,
5608,0.001,adam,5609,160.48686838150024,1.328615111396345e-06,0.0,0.9724500203611257,1.328615111396345e-06,,,,
5609,0.001,adam,5610,160.5285086631775,1.3281100696708192e-06,0.0,0.8961050915819102,1.3281100696708192e-06,,,,
5610,0.001,adam,5611,160.560316324234,1.3235866638396114e-06,0.0,1.0628356507834855,1.3235866638396114e-06,,,,
5611,0.001,adam,5612,160.59085726737976,1.3242770722722275e-06,0.0,1.0283200679370306,1.3242770722722275e-06,,,,
5612,0.001,adam,5613,160.6268904209137,1.335319909623373e-06,0.0,0.9780962335929102,1.335319909623373e-06,,,,
5613,0.001,adam,5614,160.6729919910431,1.3560852009647802e-06,0.0,0.9720534799855127,1.3560852009647802e-06,,,,
5614,0.001,adam,5615,160.70992612838745,1.3841683254789054e-06,0.0,1.009864140709952,1.3841683254789054e-06,,,,
5615,0.001,adam,5616,160.75750088691711,1.4208881673713799e-06,0.0,1.073210959586032,1.4208881673713799e-06,,,,
5616,0.001,adam,5617,160.78452277183533,1.4728536028203522e-06,0.0,0.9734834121228572,1.4728536028203522e-06,,,,
5617,0.001,adam,5618,160.83485412597656,1.5513517406118226e-06,0.0,1.0158243286957664,1.5513517406118226e-06,,,,
5618,0.001,adam,5619,160.87079048156738,1.6696234025743208e-06,0.0,1.0264084071196347,1.6696234025743208e-06,,,,
5619,0.001,adam,5620,160.908616065979,1.845341867924281e-06,0.0,1.0645253504053447,1.845341867924281e-06,0.005700496245047597,0.0,0.9920101168838475,0.005700496245047597
5620,0.001,adam,5621,160.9606192111969,2.1025316950630545e-06,0.0,1.1080389744105463,2.1025316950630545e-06,,,,
5621,0.001,adam,5622,160.98942160606384,2.482589995863224e-06,0.0,1.040897951787242,2.482589995863224e-06,,,,
5622,0.001,adam,5623,161.0227975845337,3.045517519704238e-06,0.0,1.0811623957305923,3.045517519704238e-06,,,,
5623,0.001,adam,5624,161.07407689094543,3.892583296010723e-06,0.0,0.9874486385934841,3.892583296010723e-06,,,,
5624,0.001,adam,5625,161.10438323020935,5.157105153550986e-06,0.0,0.9925456795875254,5.157105153550986e-06,,,,
5625,0.001,adam,5626,161.15280771255493,7.061960389081892e-06,0.0,0.8482945937631342,7.061960389081892e-06,,,,
5626,0.001,adam,5627,161.1906933784485,9.868578162666683e-06,0.0,1.0220008404923568,9.868578162666683e-06,,,,
5627,0.001,adam,5628,161.22504830360413,1.4009728066478192e-05,0.0,1.0398977219821077,1.4009728066478192e-05,,,,
5628,0.001,adam,5629,161.25837969779968,1.9840975257098024e-05,0.0,1.1050717234167777,1.9840975257098024e-05,,,,
5629,0.001,adam,5630,161.28370261192322,2.7877373492927013e-05,0.0,1.0017576675235218,2.7877373492927013e-05,,,,
5630,0.001,adam,5631,161.30791425704956,3.784908663527681e-05,0.0,1.0747303121040102,3.784908663527681e-05,,,,
5631,0.001,adam,5632,161.3325536251068,4.912096518713059e-05,0.0,0.9317286677295733,4.912096518713059e-05,,,,
5632,0.001,adam,5633,161.35697841644287,5.866896851827649e-05,0.0,1.0035495761599749,5.866896851827649e-05,,,,
5633,0.001,adam,5634,161.38195824623108,6.307401462230856e-05,0.0,0.9993383955579628,6.307401462230856e-05,,,,
5634,0.001,adam,5635,161.4055106639862,5.847477714917068e-05,0.0,1.083143752039303,5.847477714917068e-05,,,,
5635,0.001,adam,5636,161.4301242828369,4.515255227402001e-05,0.0,1.0188030952181049,4.515255227402001e-05,,,,
5636,0.001,adam,5637,161.45434999465942,2.8893478957737508e-05,0.0,1.0982370848616567,2.8893478957737508e-05,,,,
5637,0.001,adam,5638,161.47745037078857,1.656389002471457e-05,0.0,1.085878202864042,1.656389002471457e-05,,,,
5638,0.001,adam,5639,161.4997217655182,1.248512481477895e-05,0.0,1.063041012612297,1.248512481477895e-05,,,,
5639,0.001,adam,5640,161.51965498924255,1.458716072015661e-05,0.0,0.8933852915905744,1.458716072015661e-05,0.005765590965866803,0.0,0.9936250608180508,0.005765590965866803
5640,0.001,adam,5641,161.54824781417847,1.777154348194808e-05,0.0,1.004595215275014,1.777154348194808e-05,,,,
5641,0.001,adam,5642,161.57583475112915,1.749493945202644e-05,0.0,1.0229230877688404,1.749493945202644e-05,,,,
5642,0.001,adam,5643,161.5997884273529,1.428924220299939e-05,0.0,1.0062374980788296,1.428924220299939e-05,,,,
5643,0.001,adam,5644,161.6506061553955,1.0685559795952572e-05,0.0,1.1184553285483743,1.0685559795952572e-05,,,,
5644,0.001,adam,5645,161.6751561164856,9.393242663849531e-06,0.0,1.057527781778958,9.393242663849531e-06,,,,
5645,0.001,adam,5646,161.6982765197754,1.0158949226094828e-05,0.0,1.0657612628513806,1.0158949226094828e-05,,,,
5646,0.001,adam,5647,161.72491931915283,1.0866629838348462e-05,0.0,0.9735709926756224,1.0866629838348462e-05,,,,
5647,0.001,adam,5648,161.77806425094604,9.903003389527084e-06,0.0,1.0145060302329274,9.903003389527084e-06,,,,
5648,0.001,adam,5649,161.8032672405243,7.4053062936071235e-06,0.0,1.0010268022884876,7.4053062936071235e-06,,,,
5649,0.001,adam,5650,161.82554817199707,5.2229143683494545e-06,0.0,1.1065158360658924,5.2229143683494545e-06,,,,
5650,0.001,adam,5651,161.84904646873474,4.5487016197186535e-06,0.0,1.0054669299004242,4.5487016197186535e-06,,,,
5651,0.001,adam,5652,161.88137578964233,5.315663398480317e-06,0.0,1.0297813318051816,5.315663398480317e-06,,,,
5652,0.001,adam,5653,161.90664887428284,6.28069861815833e-06,0.0,0.971554458045096,6.28069861815833e-06,,,,
5653,0.001,adam,5654,161.94231939315796,6.34752469707041e-06,0.0,1.0291225943055322,6.34752469707041e-06,,,,
5654,0.001,adam,5655,161.98703336715698,5.404785162925446e-06,0.0,0.9831816147597561,5.404785162925446e-06,,,,
5655,0.001,adam,5656,162.02981996536255,4.124388315189395e-06,0.0,1.0262139696115624,4.124388315189395e-06,,,,
5656,0.001,adam,5657,162.0595841407776,3.31579539623289e-06,0.0,0.933911841571802,3.31579539623289e-06,,,,
5657,0.001,adam,5658,162.10496377944946,3.174406301073001e-06,0.0,1.0667217759717598,3.174406301073001e-06,,,,
5658,0.001,adam,5659,162.1324348449707,3.3605147508336576e-06,0.0,0.996048653402448,3.3605147508336576e-06,,,,
5659,0.001,adam,5660,162.17376041412354,3.431126529349224e-06,0.0,0.9714077686176854,3.431126529349224e-06,0.00570487129856724,0.0,0.9941311851456217,0.00570487129856724
5660,0.001,adam,5661,162.22551560401917,3.2406059413226965e-06,0.0,0.9215060280867803,3.2406059413226965e-06,,,,
5661,0.001,adam,5662,162.25594520568848,2.9604251197494508e-06,0.0,0.98322705861205,2.9604251197494508e-06,,,,
5662,0.001,adam,5663,162.2923755645752,2.8033814323279285e-06,0.0,0.9394972790015981,2.8033814323279285e-06,,,,
5663,0.001,adam,5664,162.33499145507812,2.7875005359774704e-06,0.0,1.0037115213293233,2.7875005359774704e-06,,,,
5664,0.001,adam,5665,162.40651416778564,2.740788620884814e-06,0.0,1.0132098859167946,2.740788620884814e-06,,,,
5665,0.001,adam,5666,162.4368634223938,2.5065474701326226e-06,0.0,1.0425295831853234,2.5065474701326226e-06,,,,
5666,0.001,adam,5667,162.4717562198639,2.1302443736030937e-06,0.0,1.0609860262716864,2.1302443736030937e-06,,,,
5667,0.001,adam,5668,162.50925540924072,1.821590780970096e-06,0.0,0.9642908277507114,1.821590780970096e-06,,,,
5668,0.001,adam,5669,162.54529237747192,1.7591008422887054e-06,0.0,1.1284181884363487,1.7591008422887054e-06,,,,
5669,0.001,adam,5670,162.58961057662964,1.928825509740251e-06,0.0,1.0099524434375278,1.928825509740251e-06,,,,
5670,0.001,adam,5671,162.6256890296936,2.1364992074028874e-06,0.0,1.0982778906374522,2.1364992074028874e-06,,,,
5671,0.001,adam,5672,162.6641013622284,2.184260546273215e-06,0.0,1.033096924630484,2.184260546273215e-06,,,,
5672,0.001,adam,5673,162.70892238616943,2.019095583567267e-06,0.0,0.9893198778071784,2.019095583567267e-06,,,,
5673,0.001,adam,5674,162.7465398311615,1.751236431710855e-06,0.0,0.9471272351575374,1.751236431710855e-06,,,,
5674,0.001,adam,5675,162.78800916671753,1.5410426604564376e-06,0.0,1.014519824294916,1.5410426604564376e-06,,,,
5675,0.001,adam,5676,162.84095525741577,1.4752534054439462e-06,0.0,0.9656105837032769,1.4752534054439462e-06,,,,
5676,0.001,adam,5677,162.8673393726349,1.527068048570268e-06,0.0,1.081274663773092,1.527068048570268e-06,,,,
5677,0.001,adam,5678,162.89536356925964,1.601505017851637e-06,0.0,1.1259421239764307,1.601505017851637e-06,,,,
5678,0.001,adam,5679,162.9232017993927,1.6234438928522799e-06,0.0,1.062052300042895,1.6234438928522799e-06,,,,
5679,0.001,adam,5680,162.95068788528442,1.5820196001419983e-06,0.0,1.1089935294597135,1.5820196001419983e-06,0.0057117527945484145,0.0,0.9934120630155164,0.0057117527945484145
5680,0.001,adam,5681,162.98517870903015,1.5151139220461745e-06,0.0,1.1452781060011366,1.5151139220461745e-06,,,,
5681,0.001,adam,5682,163.0177140235901,1.461325199564462e-06,0.0,1.0438239069701563,1.461325199564462e-06,,,,
5682,0.001,adam,5683,163.0500807762146,1.431978588784597e-06,0.0,1.0409124992265961,1.431978588784597e-06,,,,
5683,0.001,adam,5684,163.07260298728943,1.416141942360209e-06,0.0,1.1142389606410086,1.416141942360209e-06,,,,
5684,0.001,adam,5685,163.09749341011047,1.4002844678312172e-06,0.0,1.0859788137691175,1.4002844678312172e-06,,,,
5685,0.001,adam,5686,163.1183376312256,1.3815334378452625e-06,0.0,1.0169356144735882,1.3815334378452625e-06,,,,
5686,0.001,adam,5687,163.14185857772827,1.3657378228640171e-06,0.0,1.0609359831594058,1.3657378228640171e-06,,,,
5687,0.001,adam,5688,163.16683340072632,1.3564987605117343e-06,0.0,0.9851754619226449,1.3564987605117343e-06,,,,
5688,0.001,adam,5689,163.18979835510254,1.350168097921196e-06,0.0,1.1569599154636188,1.350168097921196e-06,,,,
5689,0.001,adam,5690,163.21627163887024,1.339989207223192e-06,0.0,1.1166782829645443,1.339989207223192e-06,,,,
5690,0.001,adam,5691,163.2378489971161,1.324242000067996e-06,0.0,1.081586169704725,1.324242000067996e-06,,,,
5691,0.001,adam,5692,163.2605128288269,1.3077955692824242e-06,0.0,0.9290038023578393,1.3077955692824242e-06,,,,
5692,0.001,adam,5693,163.28429532051086,1.297599912957688e-06,0.0,1.0809109953917488,1.297599912957688e-06,,,,
5693,0.001,adam,5694,163.30647230148315,1.2960863304588428e-06,0.0,1.0032080508451795,1.2960863304588428e-06,,,,
5694,0.001,adam,5695,163.3280897140503,1.2978855127902104e-06,0.0,1.0793233727340066,1.2978855127902104e-06,,,,
5695,0.001,adam,5696,163.3497154712677,1.2944647840079824e-06,0.0,1.0160239543112133,1.2944647840079824e-06,,,,
5696,0.001,adam,5697,163.39431500434875,1.280980595046342e-06,0.0,1.158890486600741,1.280980595046342e-06,,,,
5697,0.001,adam,5698,163.43049454689026,1.2604339180740995e-06,0.0,1.0028865349934484,1.2604339180740995e-06,,,,
5698,0.001,adam,5699,163.45462131500244,1.240696755354634e-06,0.0,1.0980295697846978,1.240696755354634e-06,,,,
5699,0.001,adam,5700,163.48222970962524,1.229321450130014e-06,0.0,1.0961748030819556,1.229321450130014e-06,0.0057192961577846,0.0,0.9946626261523488,0.0057192961577846
5700,0.001,adam,5701,163.5193452835083,1.2289244703673618e-06,0.0,1.0706907048047405,1.2289244703673618e-06,,,,
5701,0.001,adam,5702,163.54480576515198,1.2363197191834798e-06,0.0,1.0686140460546416,1.2363197191834798e-06,,,,
5702,0.001,adam,5703,163.5747127532959,1.2451352892291124e-06,0.0,1.0120758472467888,1.2451352892291124e-06,,,,
5703,0.001,adam,5704,163.60858845710754,1.2497517444100793e-06,0.0,1.0620992806571727,1.2497517444100793e-06,,,,
5704,0.001,adam,5705,163.63975858688354,1.248161783975033e-06,0.0,1.025724412432941,1.248161783975033e-06,,,,
5705,0.001,adam,5706,163.66283202171326,1.241818160739572e-06,0.0,1.0295590348554593,1.241818160739572e-06,,,,
5706,0.001,adam,5707,163.68705010414124,1.2340993861149293e-06,0.0,1.0064665212394501,1.2340993861149293e-06,,,,
5707,0.001,adam,5708,163.70953965187073,1.2279303920545278e-06,0.0,1.0435026926271809,1.2279303920545278e-06,,,,
5708,0.001,adam,5709,163.73354649543762,1.224630151436743e-06,0.0,1.00581540491509,1.224630151436743e-06,,,,
5709,0.001,adam,5710,163.75600719451904,1.223829128091214e-06,0.0,0.9584784391219273,1.223829128091214e-06,,,,
5710,0.001,adam,5711,163.78082656860352,1.2242548463786716e-06,0.0,1.1119106402470493,1.2242548463786716e-06,,,,
5711,0.001,adam,5712,163.80385971069336,1.224624120510664e-06,0.0,1.1625432167772582,1.224624120510664e-06,,,,
5712,0.001,adam,5713,163.82734417915344,1.22418968280614e-06,0.0,1.1199343881406156,1.22418968280614e-06,,,,
5713,0.001,adam,5714,163.8483006954193,1.2230481119379826e-06,0.0,0.9897477679439473,1.2230481119379826e-06,,,,
5714,0.001,adam,5715,163.87317562103271,1.2219954419617542e-06,0.0,1.0445668191445385,1.2219954419617542e-06,,,,
5715,0.001,adam,5716,163.9017083644867,1.2221973956810417e-06,0.0,1.1071219251688045,1.2221973956810417e-06,,,,
5716,0.001,adam,5717,163.92401337623596,1.2247713398436133e-06,0.0,1.1461857338793469,1.2247713398436133e-06,,,,
5717,0.001,adam,5718,163.97097206115723,1.2305552334400148e-06,0.0,1.223518930512916,1.2305552334400148e-06,,,,
5718,0.001,adam,5719,164.01861333847046,1.2401240088786726e-06,0.0,0.919758929428777,1.2401240088786726e-06,,,,
5719,0.001,adam,5720,164.03991079330444,1.2540141696058753e-06,0.0,1.0015217845118465,1.2540141696058753e-06,0.0057231794347534105,0.0,0.9954439814227367,0.0057231794347534105
5720,0.001,adam,5721,164.07354474067688,1.2732747964577612e-06,0.0,1.1766783477602996,1.2732747964577612e-06,,,,
5721,0.001,adam,5722,164.10041761398315,1.299886849384711e-06,0.0,1.0161817055749944,1.299886849384711e-06,,,,
5722,0.001,adam,5723,164.12872886657715,1.337461754161676e-06,0.0,1.1155667121060808,1.337461754161676e-06,,,,
5723,0.001,adam,5724,164.1564109325409,1.3915428668110692e-06,0.0,1.0420925341981035,1.3915428668110692e-06,,,,
5724,0.001,adam,5725,164.1845383644104,1.4706495809210797e-06,0.0,1.0631570472959724,1.4706495809210797e-06,,,,
5725,0.001,adam,5726,164.21328806877136,1.5868939070185162e-06,0.0,1.1448646735100354,1.5868939070185162e-06,,,,
5726,0.001,adam,5727,164.24620532989502,1.7588140535871114e-06,0.0,1.0500672496579155,1.7588140535871114e-06,,,,
5727,0.001,adam,5728,164.2796287536621,2.0131925960946105e-06,0.0,1.0217376546190196,2.0131925960946105e-06,,,,
5728,0.001,adam,5729,164.3088550567627,2.39276847993632e-06,0.0,1.0493937001878204,2.39276847993632e-06,,,,
5729,0.001,adam,5730,164.3521180152893,2.9592853977934247e-06,0.0,0.9689032328230016,2.9592853977934247e-06,,,,
5730,0.001,adam,5731,164.37312030792236,3.812879413977696e-06,0.0,1.0063738942822582,3.812879413977696e-06,,,,
5731,0.001,adam,5732,164.39569759368896,5.0927320999942355e-06,0.0,1.0662433637792343,5.0927320999942355e-06,,,,
5732,0.001,adam,5733,164.419606924057,7.023032797906957e-06,0.0,1.0448915543782047,7.023032797906957e-06,,,,
5733,0.001,adam,5734,164.44217324256897,9.885033922611352e-06,0.0,0.9911062150418403,9.885033922611352e-06,,,,
5734,0.001,adam,5735,164.46970129013062,1.4108813813521178e-05,0.0,1.0170314906933355,1.4108813813521178e-05,,,,
5735,0.001,adam,5736,164.5000457763672,2.0075493869196854e-05,0.0,2.1697893856535635,2.0075493869196854e-05,,,,
5736,0.001,adam,5737,164.52559804916382,2.8231497364522896e-05,0.0,1.0100544399509563,2.8231497364522896e-05,,,,
5737,0.001,adam,5738,164.55101943016052,3.820371311762156e-05,0.0,0.9957627833465061,3.820371311762156e-05,,,,
5738,0.001,adam,5739,164.5775010585785,4.8971799073047486e-05,0.0,0.9423020573356038,4.8971799073047486e-05,,,,
5739,0.001,adam,5740,164.6038954257965,5.682267333777018e-05,0.0,0.9879966793857996,5.682267333777018e-05,0.005866621402487073,0.0,1.0156110168641566,0.005866621402487073
5740,0.001,adam,5741,164.641770362854,5.780570502907155e-05,0.0,1.0744544842723027,5.780570502907155e-05,,,,
5741,0.001,adam,5742,164.66711950302124,4.769544734544277e-05,0.0,1.0148012665400432,4.769544734544277e-05,,,,
5742,0.001,adam,5743,164.68952536582947,2.9540346256324298e-05,0.0,1.0469496190540433,2.9540346256324298e-05,,,,
5743,0.001,adam,5744,164.7127821445465,1.166125781968216e-05,0.0,1.0286718231470546,1.166125781968216e-05,,,,
5744,0.001,adam,5745,164.73736453056335,3.7475789955553682e-06,0.0,1.0105849345145845,3.7475789955553682e-06,,,,
5745,0.001,adam,5746,164.7653329372406,7.576017384160274e-06,0.0,1.0513293314199887,7.576017384160274e-06,,,,
5746,0.001,adam,5747,164.81067848205566,1.627024605973542e-05,0.0,1.0200179034416563,1.627024605973542e-05,,,,
5747,0.001,adam,5748,164.843031167984,2.088800159975447e-05,0.0,1.094319978487572,2.088800159975447e-05,,,,
5748,0.001,adam,5749,164.87126684188843,1.7303409460624942e-05,0.0,0.9719641848684681,1.7303409460624942e-05,,,,
5749,0.001,adam,5750,164.9147927761078,9.351106828506288e-06,0.0,1.0276309734424411,9.351106828506288e-06,,,,
5750,0.001,adam,5751,164.96001434326172,3.9286129826927466e-06,0.0,0.9860200167784832,3.9286129826927466e-06,,,,
5751,0.001,adam,5752,165.007972240448,4.678321819716843e-06,0.0,1.040007927977554,4.678321819716843e-06,,,,
5752,0.001,adam,5753,165.05374836921692,9.031401100992757e-06,0.0,1.008545808102712,9.031401100992757e-06,,,,
5753,0.001,adam,5754,165.09432339668274,1.1613179182557078e-05,0.0,1.0278841985091134,1.1613179182557078e-05,,,,
5754,0.001,adam,5755,165.14893174171448,9.778272057369324e-06,0.0,0.9377231734664224,9.778272057369324e-06,,,,
5755,0.001,adam,5756,165.2013726234436,5.326274340747266e-06,0.0,1.1074970864141005,5.326274340747266e-06,,,,
5756,0.001,adam,5757,165.24191737174988,2.4033988121001448e-06,0.0,0.9846090336328375,2.4033988121001448e-06,,,,
5757,0.001,adam,5758,165.26897501945496,3.0195638035269023e-06,0.0,1.1519243493632338,3.0195638035269023e-06,,,,
5758,0.001,adam,5759,165.30428409576416,5.5697362085867315e-06,0.0,0.9863333004554675,5.5697362085867315e-06,,,,
5759,0.001,adam,5760,165.3567135334015,6.942920877068597e-06,0.0,1.0172474341563649,6.942920877068597e-06,0.005693644395195997,0.0,0.9905924276256983,0.005693644395195997
5760,0.001,adam,5761,165.40890741348267,5.703635265465284e-06,0.0,1.0680772899798672,5.703635265465284e-06,,,,
5761,0.001,adam,5762,165.4480423927307,3.1841109210799504e-06,0.0,1.0762085749153754,3.1841109210799504e-06,,,,
5762,0.001,adam,5763,165.4849729537964,1.7265212845043247e-06,0.0,0.9836988091766262,1.7265212845043247e-06,,,,
5763,0.001,adam,5764,165.53630304336548,2.304020938057603e-06,0.0,1.0861407138037067,2.304020938057603e-06,,,,
5764,0.001,adam,5765,165.56374168395996,3.827331031167962e-06,0.0,1.0378586767292555,3.827331031167962e-06,,,,
5765,0.001,adam,5766,165.59837675094604,4.5334576104865155e-06,0.0,1.1009989858758222,4.5334576104865155e-06,,,,
5766,0.001,adam,5767,165.63229179382324,3.742737647540818e-06,0.0,0.982102014191381,3.742737647540818e-06,,,,
5767,0.001,adam,5768,165.66201639175415,2.265483535578543e-06,0.0,1.0410036262126396,2.265483535578543e-06,,,,
5768,0.001,adam,5769,165.68795490264893,1.394209485364043e-06,0.0,1.069493151890777,1.394209485364043e-06,,,,
5769,0.001,adam,5770,165.7135410308838,1.6450335999200035e-06,0.0,1.066488033683826,1.6450335999200035e-06,,,,
5770,0.001,adam,5771,165.7405858039856,2.474859051342994e-06,0.0,1.032379926672445,2.474859051342994e-06,,,,
5771,0.001,adam,5772,165.76874017715454,2.981029574215911e-06,0.0,1.0485787628031111,2.981029574215911e-06,,,,
5772,0.001,adam,5773,165.80355978012085,2.748090059255027e-06,0.0,0.9611358042622357,2.748090059255027e-06,,,,
5773,0.001,adam,5774,165.83156633377075,2.081486803747489e-06,0.0,1.0018687379838231,2.081486803747489e-06,,,,
5774,0.001,adam,5775,165.85755896568298,1.5827933981571118e-06,0.0,1.0995348401101133,1.5827933981571118e-06,,,,
5775,0.001,adam,5776,165.88389563560486,1.5820125492741638e-06,0.0,1.0923407735005022,1.5820125492741638e-06,,,,
5776,0.001,adam,5777,165.9292824268341,1.9287400019752255e-06,0.0,1.1053966512242204,1.9287400019752255e-06,,,,
5777,0.001,adam,5778,165.95379662513733,2.2251535558929e-06,0.0,1.0558655802966188,2.2251535558929e-06,,,,
5778,0.001,adam,5779,165.98530459403992,2.2123730703558713e-06,0.0,1.012279634165045,2.2123730703558713e-06,,,,
5779,0.001,adam,5780,166.0130331516266,1.943405012755701e-06,0.0,1.0481572107841484,1.943405012755701e-06,0.005721218384420519,0.0,0.9976178756545211,0.005721218384420519
5780,0.001,adam,5781,166.0475423336029,1.6969490243165754e-06,0.0,1.0496126232182106,1.6969490243165754e-06,,,,
5781,0.001,adam,5782,166.07590436935425,1.7046100990703072e-06,0.0,0.9993490244462773,1.7046100990703072e-06,,,,
5782,0.001,adam,5783,166.12301301956177,1.9813665378031404e-06,0.0,0.9857552130602911,1.9813665378031404e-06,,,,
5783,0.001,adam,5784,166.1546220779419,2.3608045207783303e-06,0.0,1.0360416816887112,2.3608045207783303e-06,,,,
5784,0.001,adam,5785,166.18145322799683,2.671162408217466e-06,0.0,1.0007155001764114,2.671162408217466e-06,,,,
5785,0.001,adam,5786,166.21100568771362,2.890670853973933e-06,0.0,1.0169548230639411,2.890670853973933e-06,,,,
5786,0.001,adam,5787,166.24346566200256,3.1544385665179714e-06,0.0,1.065086528700934,3.1544385665179714e-06,,,,
5787,0.001,adam,5788,166.269850730896,3.663727066505106e-06,0.0,0.9254960788190105,3.663727066505106e-06,,,,
5788,0.001,adam,5789,166.30111932754517,4.539232754230289e-06,0.0,0.9204912536649715,4.539232754230289e-06,,,,
5789,0.001,adam,5790,166.35786819458008,5.84558299436277e-06,0.0,1.0749597648957299,5.84558299436277e-06,,,,
5790,0.001,adam,5791,166.3841392993927,7.5557501833985645e-06,0.0,1.036084809931666,7.5557501833985645e-06,,,,
5791,0.001,adam,5792,166.4226906299591,9.760758543037471e-06,0.0,1.0791855799130776,9.760758543037471e-06,,,,
5792,0.001,adam,5793,166.47336316108704,1.2490302847066326e-05,0.0,1.0237027950655229,1.2490302847066326e-05,,,,
5793,0.001,adam,5794,166.5032343864441,1.5962935969107757e-05,0.0,1.1185632743883434,1.5962935969107757e-05,,,,
5794,0.001,adam,5795,166.5577871799469,1.9918982528155835e-05,0.0,1.0910373451185156,1.9918982528155835e-05,,,,
5795,0.001,adam,5796,166.59550857543945,2.4272687067652698e-05,0.0,0.9483715490407523,2.4272687067652698e-05,,,,
5796,0.001,adam,5797,166.63889145851135,2.7759369858252338e-05,0.0,1.1462596595356935,2.7759369858252338e-05,,,,
5797,0.001,adam,5798,166.68263149261475,2.9743126966805267e-05,0.0,0.9646276306655672,2.9743126966805267e-05,,,,
5798,0.001,adam,5799,166.7219603061676,2.8472115366605403e-05,0.0,0.9122571999353759,2.8472115366605403e-05,,,,
5799,0.001,adam,5800,166.76154780387878,2.422448692375212e-05,0.0,0.9408986357258702,2.422448692375212e-05,0.005709657865409292,0.0,0.9964755259328456,0.005709657865409292
5800,0.001,adam,5801,166.80597448349,1.756077941075222e-05,0.0,1.1005714387838896,1.756077941075222e-05,,,,
5801,0.001,adam,5802,166.8322615623474,1.0954933971900265e-05,0.0,0.9818877438842227,1.0954933971900265e-05,,,,
5802,0.001,adam,5803,166.88404750823975,6.456339463471973e-06,0.0,0.9775211055730759,6.456339463471973e-06,,,,
5803,0.001,adam,5804,166.91377520561218,5.062766143844262e-06,0.0,0.9670682531605609,5.062766143844262e-06,,,,
5804,0.001,adam,5805,166.9431791305542,6.120316582519059e-06,0.0,1.0010044722367684,6.120316582519059e-06,,,,
5805,0.001,adam,5806,166.97837734222412,8.031367652385801e-06,0.0,0.9796248412025026,8.031367652385801e-06,,,,
5806,0.001,adam,5807,167.0066614151001,9.320645370233166e-06,0.0,2.081084600571515,9.320645370233166e-06,,,,
5807,0.001,adam,5808,167.0348629951477,9.083845399594302e-06,0.0,1.0647685426974545,9.083845399594302e-06,,,,
5808,0.001,adam,5809,167.07253074645996,7.611243902625048e-06,0.0,0.9811523857547865,7.611243902625048e-06,,,,
5809,0.001,adam,5810,167.12309432029724,5.5935012834637255e-06,0.0,1.0156988778980143,5.5935012834637255e-06,,,,
5810,0.001,adam,5811,167.15474033355713,3.957904007999713e-06,0.0,1.056614419501168,3.957904007999713e-06,,,,
5811,0.001,adam,5812,167.20797777175903,3.1423512925376937e-06,0.0,1.0872519885984289,3.1423512925376937e-06,,,,
5812,0.001,adam,5813,167.23774480819702,3.0825853922741912e-06,0.0,1.0697878391097053,3.0825853922741912e-06,,,,
5813,0.001,adam,5814,167.26225757598877,3.390006648520849e-06,0.0,0.9938245819908783,3.390006648520849e-06,,,,
5814,0.001,adam,5815,167.2889108657837,3.6709596641964925e-06,0.0,1.0380880347176071,3.6709596641964925e-06,,,,
5815,0.001,adam,5816,167.33864545822144,3.7700982555449584e-06,0.0,1.0269826230357566,3.7700982555449584e-06,,,,
5816,0.001,adam,5817,167.37748908996582,3.676143315747204e-06,0.0,1.0650858437013657,3.676143315747204e-06,,,,
5817,0.001,adam,5818,167.42053771018982,3.4988226210944976e-06,0.0,1.1310032100569685,3.4988226210944976e-06,,,,
5818,0.001,adam,5819,167.47087121009827,3.2600182036372227e-06,0.0,1.0008598089697625,3.2600182036372227e-06,,,,
5819,0.001,adam,5820,167.49734616279602,2.9618216756741494e-06,0.0,1.0115562169431456,2.9618216756741494e-06,0.005729477068120465,0.0,0.9998196039619034,0.005729477068120465
5820,0.001,adam,5821,167.53088569641113,2.601351361421206e-06,0.0,1.005615548659007,2.601351361421206e-06,,,,
5821,0.001,adam,5822,167.56693601608276,2.2276781531851315e-06,0.0,1.0806609555402393,2.2276781531851315e-06,,,,
5822,0.001,adam,5823,167.60415124893188,1.9492746707699525e-06,0.0,1.0523048127408177,1.9492746707699525e-06,,,,
5823,0.001,adam,5824,167.65438270568848,1.8420368318344822e-06,0.0,1.0438597327143129,1.8420368318344822e-06,,,,
5824,0.001,adam,5825,167.67602443695068,1.9064486503997519e-06,0.0,1.1048126380776087,1.9064486503997519e-06,,,,
5825,0.001,adam,5826,167.7067677974701,2.052400771596601e-06,0.0,1.0521810345989198,2.052400771596601e-06,,,,
5826,0.001,adam,5827,167.74444913864136,2.1540913726614013e-06,0.0,1.0092606380064262,2.1540913726614013e-06,,,,
5827,0.001,adam,5828,167.76934170722961,2.1265005909432984e-06,0.0,1.0692675518641237,2.1265005909432984e-06,,,,
5828,0.001,adam,5829,167.79813623428345,1.9624310291475437e-06,0.0,0.8927856061807328,1.9624310291475437e-06,,,,
5829,0.001,adam,5830,167.83781671524048,1.7349196247422015e-06,0.0,0.9680695850542813,1.7349196247422015e-06,,,,
5830,0.001,adam,5831,167.86593890190125,1.5310634752925779e-06,0.0,1.0006447397674143,1.5310634752925779e-06,,,,
5831,0.001,adam,5832,167.89839458465576,1.4181736969817151e-06,0.0,1.0581538270006856,1.4181736969817151e-06,,,,
5832,0.001,adam,5833,167.92289280891418,1.4055956968542058e-06,0.0,0.9952054447535161,1.4055956968542058e-06,,,,
5833,0.001,adam,5834,167.94647598266602,1.4579241882104501e-06,0.0,1.075039246973232,1.4579241882104501e-06,,,,
5834,0.001,adam,5835,167.9733226299286,1.5228144875098003e-06,0.0,1.1066104294600785,1.5228144875098003e-06,,,,
5835,0.001,adam,5836,167.99836897850037,1.5595524695467898e-06,0.0,1.0256590816144238,1.5595524695467898e-06,,,,
5836,0.001,adam,5837,168.02165389060974,1.552585427990597e-06,0.0,1.0111189088480532,1.552585427990597e-06,,,,
5837,0.001,adam,5838,168.0567021369934,1.5093147536202995e-06,0.0,1.0016803925183688,1.5093147536202995e-06,,,,
5838,0.001,adam,5839,168.0855827331543,1.4497803608699441e-06,0.0,0.9847596955583688,1.4497803608699441e-06,,,,
5839,0.001,adam,5840,168.1284523010254,1.3909807468716506e-06,0.0,1.0622343806647758,1.3909807468716506e-06,0.005728847003968673,0.0,0.9977262965239055,0.005728847003968673
5840,0.001,adam,5841,168.17316794395447,1.3436924297426257e-06,0.0,1.0237973879408637,1.3436924297426257e-06,,,,
5841,0.001,adam,5842,168.19800448417664,1.3090180133163843e-06,0.0,1.0379068845694157,1.3090180133163843e-06,,,,
5842,0.001,adam,5843,168.23252487182617,1.2850131508607985e-06,0.0,1.0492095798334908,1.2850131508607985e-06,,,,
5843,0.001,adam,5844,168.26648354530334,1.2694643885493956e-06,0.0,0.9699419207097801,1.2694643885493956e-06,,,,
5844,0.001,adam,5845,168.2901804447174,1.2627798720874225e-06,0.0,0.9349806436815096,1.2627798720874225e-06,,,,
5845,0.001,adam,5846,168.3132951259613,1.2660872767030908e-06,0.0,0.9839501446044359,1.2660872767030908e-06,,,,
5846,0.001,adam,5847,168.3358278274536,1.2793645115552573e-06,0.0,1.060838033974902,1.2793645115552573e-06,,,,
5847,0.001,adam,5848,168.359849691391,1.299135776335211e-06,0.0,1.0894828103606764,1.299135776335211e-06,,,,
5848,0.001,adam,5849,168.38486623764038,1.319469203217272e-06,0.0,1.0914216406838735,1.319469203217272e-06,,,,
5849,0.001,adam,5850,168.4094738960266,1.3339343790005668e-06,0.0,0.9318442736941552,1.3339343790005668e-06,,,,
5850,0.001,adam,5851,168.4346160888672,1.3392023234353424e-06,0.0,0.9494345720114712,1.3392023234353424e-06,,,,
5851,0.001,adam,5852,168.45692372322083,1.336779277529467e-06,0.0,0.9992605532312873,1.336779277529467e-06,,,,
5852,0.001,adam,5853,168.4787244796753,1.3329230652457392e-06,0.0,2.0633022100030827,1.3329230652457392e-06,,,,
5853,0.001,adam,5854,168.50941109657288,1.3368198015287912e-06,0.0,1.0878346328907689,1.3368198015287912e-06,,,,
5854,0.001,adam,5855,168.55222177505493,1.3576136983150449e-06,0.0,1.0327941292912088,1.3576136983150449e-06,,,,
5855,0.001,adam,5856,168.60862374305725,1.4028845851618532e-06,0.0,1.0304263454073608,1.4028845851618532e-06,,,,
5856,0.001,adam,5857,168.6447868347168,1.477947262339892e-06,0.0,1.0330595236387758,1.477947262339892e-06,,,,
5857,0.001,adam,5858,168.68126893043518,1.5876843491205118e-06,0.0,1.124366765942226,1.5876843491205118e-06,,,,
5858,0.001,adam,5859,168.71585845947266,1.7385467444116914e-06,0.0,1.0109128277627921,1.7385467444116914e-06,,,,
5859,0.001,adam,5860,168.7399537563324,1.9425532638833057e-06,0.0,1.0978173626373127,1.9425532638833057e-06,0.005738093423133974,0.0,0.9982635086395792,0.005738093423133974
5860,0.001,adam,5861,168.77500677108765,2.218551243217255e-06,0.0,0.9962855899446609,2.218551243217255e-06,,,,
5861,0.001,adam,5862,168.8112063407898,2.5979474421019257e-06,0.0,1.0959367671422633,2.5979474421019257e-06,,,,
5862,0.001,adam,5863,168.83675074577332,3.122947129894854e-06,0.0,1.0287142537601741,3.122947129894854e-06,,,,
5863,0.001,adam,5864,168.86188411712646,3.857607029641632e-06,0.0,1.054710129029075,3.857607029641632e-06,,,,
5864,0.001,adam,5865,168.88882064819336,4.878972637211936e-06,0.0,1.0677862856362985,4.878972637211936e-06,,,,
5865,0.001,adam,5866,168.9149010181427,6.299192210970917e-06,0.0,1.0125551882260597,6.299192210970917e-06,,,,
5866,0.001,adam,5867,168.94162106513977,8.229332960384958e-06,0.0,1.0737245115184972,8.229332960384958e-06,,,,
5867,0.001,adam,5868,168.9660985469818,1.0817252118537825e-05,0.0,1.0576616876511462,1.0817252118537825e-05,,,,
5868,0.001,adam,5869,169.00426054000854,1.4115648018154752e-05,0.0,1.0406667379971295,1.4115648018154752e-05,,,,
5869,0.001,adam,5870,169.04387640953064,1.8145692744515814e-05,0.0,0.9329713279860161,1.8145692744515814e-05,,,,
5870,0.001,adam,5871,169.07032203674316,2.2536935211445323e-05,0.0,0.9629759899508052,2.2536935211445323e-05,,,,
5871,0.001,adam,5872,169.10030674934387,2.6761943217344615e-05,0.0,1.0151919738664472,2.6761943217344615e-05,,,,
5872,0.001,adam,5873,169.12729334831238,2.958132910509551e-05,0.0,1.1183911314407564,2.958132910509551e-05,,,,
5873,0.001,adam,5874,169.17144346237183,3.007728894643915e-05,0.0,0.9285890513994538,3.007728894643915e-05,,,,
5874,0.001,adam,5875,169.20099258422852,2.7282441418869753e-05,0.0,1.0150628682702296,2.7282441418869753e-05,,,,
5875,0.001,adam,5876,169.24515008926392,2.1995564724498652e-05,0.0,0.986007661498439,2.1995564724498652e-05,,,,
5876,0.001,adam,5877,169.2717878818512,1.563828217863885e-05,0.0,1.0602369528288704,1.563828217863885e-05,,,,
5877,0.001,adam,5878,169.2981719970703,1.0599003687468887e-05,0.0,1.0142008698567113,1.0599003687468887e-05,,,,
5878,0.001,adam,5879,169.32518410682678,8.174918920077326e-06,0.0,1.0294225148984382,8.174918920077326e-06,,,,
5879,0.001,adam,5880,169.36071920394897,8.525913404087952e-06,0.0,0.9774171411070295,8.525913404087952e-06,0.005724772960512516,0.0,0.99708989673948,0.005724772960512516
5880,0.001,adam,5881,169.39903903007507,1.0465689565487493e-05,0.0,1.0883586499222266,1.0465689565487493e-05,,,,
5881,0.001,adam,5882,169.43479228019714,1.25124085458567e-05,0.0,1.0168837305403253,1.25124085458567e-05,,,,
5882,0.001,adam,5883,169.4832215309143,1.3658527563469485e-05,0.0,1.0947430955728747,1.3658527563469485e-05,,,,
5883,0.001,adam,5884,169.5272340774536,1.3792671380466127e-05,0.0,1.0727812703412742,1.3792671380466127e-05,,,,
5884,0.001,adam,5885,169.5533344745636,1.3784270537880573e-05,0.0,0.9777152195471768,1.3784270537880573e-05,,,,
5885,0.001,adam,5886,169.58916687965393,1.4200782741253462e-05,0.0,1.1696615009505449,1.4200782741253462e-05,,,,
5886,0.001,adam,5887,169.62928223609924,1.5437283430478717e-05,0.0,1.0737514422232788,1.5437283430478717e-05,,,,
5887,0.001,adam,5888,169.66520476341248,1.654099626854854e-05,0.0,1.0989430944594865,1.654099626854854e-05,,,,
5888,0.001,adam,5889,169.70166087150574,1.701153853782957e-05,0.0,0.9624671827367154,1.701153853782957e-05,,,,
5889,0.001,adam,5890,169.7493724822998,1.5929043330005216e-05,0.0,0.9930685938790852,1.5929043330005216e-05,,,,
5890,0.001,adam,5891,169.78555536270142,1.4052307316345569e-05,0.0,0.9663568291569365,1.4052307316345569e-05,,,,
5891,0.001,adam,5892,169.8175528049469,1.1877219241747214e-05,0.0,1.02269185368012,1.1877219241747214e-05,,,,
5892,0.001,adam,5893,169.84624695777893,1.0330275905300044e-05,0.0,1.0893544886178017,1.0330275905300044e-05,,,,
5893,0.001,adam,5894,169.874103307724,9.311389964174055e-06,0.0,1.0882963680271498,9.311389964174055e-06,,,,
5894,0.001,adam,5895,169.90217900276184,8.247821930069185e-06,0.0,1.0753989617516282,8.247821930069185e-06,,,,
5895,0.001,adam,5896,169.93210887908936,6.630520908719958e-06,0.0,1.0800402468791495,6.630520908719958e-06,,,,
5896,0.001,adam,5897,169.9615454673767,4.486384969035857e-06,0.0,1.0605762688363065,4.486384969035857e-06,,,,
5897,0.001,adam,5898,169.98846292495728,2.5754665051021413e-06,0.0,1.0236202070144187,2.5754665051021413e-06,,,,
5898,0.001,adam,5899,170.0151391029358,1.686600612369301e-06,0.0,1.0283126010394479,1.686600612369301e-06,,,,
5899,0.001,adam,5900,170.0427267551422,2.086187620158201e-06,0.0,2.147821193849464,2.086187620158201e-06,0.005720373802579563,0.0,0.9960493783212573,0.005720373802579563
5900,0.001,adam,5901,170.07285499572754,3.288344870568687e-06,0.0,0.9318611282472269,3.288344870568687e-06,,,,
5901,0.001,adam,5902,170.0951771736145,4.436102002047915e-06,0.0,1.0654432202436315,4.436102002047915e-06,,,,
5902,0.001,adam,5903,170.11813306808472,4.860940072887914e-06,0.0,1.0032473929546413,4.860940072887914e-06,,,,
5903,0.001,adam,5904,170.14125633239746,4.461109498930391e-06,0.0,0.9808659195303824,4.461109498930391e-06,,,,
5904,0.001,adam,5905,170.1665804386139,3.644841339590156e-06,0.0,1.025203042305206,3.644841339590156e-06,,,,
5905,0.001,adam,5906,170.19017434120178,2.9266259540090645e-06,0.0,1.0128350910877968,2.9266259540090645e-06,,,,
5906,0.001,adam,5907,170.2139527797699,2.586305839042385e-06,0.0,0.9530613378950605,2.586305839042385e-06,,,,
5907,0.001,adam,5908,170.23792433738708,2.5551121501746427e-06,0.0,0.9749744488471658,2.5551121501746427e-06,,,,
5908,0.001,adam,5909,170.27728843688965,2.5824774960804355e-06,0.0,1.0729813638457244,2.5824774960804355e-06,,,,
5909,0.001,adam,5910,170.29750967025757,2.488685081792326e-06,0.0,1.0522775393232933,2.488685081792326e-06,,,,
5910,0.001,adam,5911,170.32301115989685,2.270704892252683e-06,0.0,1.1236186632705736,2.270704892252683e-06,,,,
5911,0.001,adam,5912,170.34564542770386,2.047614109548522e-06,0.0,0.9624245412527659,2.047614109548522e-06,,,,
5912,0.001,adam,5913,170.37118005752563,1.9273226539192714e-06,0.0,1.0644975042563716,1.9273226539192714e-06,,,,
5913,0.001,adam,5914,170.39591097831726,1.9115557264223283e-06,0.0,0.9908343231433786,1.9115557264223283e-06,,,,
5914,0.001,adam,5915,170.41903805732727,1.9116643914658935e-06,0.0,1.1358521048470345,1.9116643914658935e-06,,,,
5915,0.001,adam,5916,170.4442024230957,1.837063480911184e-06,0.0,1.0022933282679305,1.837063480911184e-06,,,,
5916,0.001,adam,5917,170.47082829475403,1.6709416274839693e-06,0.0,1.0079141906270155,1.6709416274839693e-06,,,,
5917,0.001,adam,5918,170.49771666526794,1.476711841878914e-06,0.0,0.9726579384267889,1.476711841878914e-06,,,,
5918,0.001,adam,5919,170.52340817451477,1.3472356346617897e-06,0.0,1.0341677568672285,1.3472356346617897e-06,,,,
5919,0.001,adam,5920,170.55156993865967,1.3313425838176789e-06,0.0,1.0312187638213144,1.3313425838176789e-06,0.005726041057612031,0.0,0.9964448765485518,0.005726041057612031
5920,0.001,adam,5921,170.5916042327881,1.408896721291983e-06,0.0,1.020129714650259,1.408896721291983e-06,,,,
5921,0.001,adam,5922,170.62012767791748,1.510445784525851e-06,0.0,1.0821789749085768,1.510445784525851e-06,,,,
5922,0.001,adam,5923,170.6461775302887,1.5702589982072676e-06,0.0,1.0272719498038643,1.5702589982072676e-06,,,,
5923,0.001,adam,5924,170.68381524085999,1.566664596613138e-06,0.0,1.0821959932208727,1.566664596613138e-06,,,,
5924,0.001,adam,5925,170.7266402244568,1.5245955079948555e-06,0.0,1.1274060152050431,1.5245955079948555e-06,,,,
5925,0.001,adam,5926,170.75666880607605,1.4919626513457832e-06,0.0,1.084663770542716,1.4919626513457832e-06,,,,
5926,0.001,adam,5927,170.77996635437012,1.5019131267528958e-06,0.0,1.0900528046917741,1.5019131267528958e-06,,,,
5927,0.001,adam,5928,170.80183458328247,1.5567081444401727e-06,0.0,1.0342138710806403,1.5567081444401727e-06,,,,
5928,0.001,adam,5929,170.82973074913025,1.6321189885991836e-06,0.0,1.1801299425919,1.6321189885991836e-06,,,,
5929,0.001,adam,5930,170.85338592529297,1.6992555184603825e-06,0.0,1.0222887941406547,1.6992555184603825e-06,,,,
5930,0.001,adam,5931,170.87818908691406,1.7431641628336053e-06,0.0,1.1454380145801624,1.7431641628336053e-06,,,,
5931,0.001,adam,5932,170.90362429618835,1.7698131526029e-06,0.0,1.0400591863868014,1.7698131526029e-06,,,,
5932,0.001,adam,5933,170.9310007095337,1.7988555602163483e-06,0.0,1.1006590651459738,1.7988555602163483e-06,,,,
5933,0.001,adam,5934,170.95788860321045,1.8508777623520556e-06,0.0,1.0216303924845007,1.8508777623520556e-06,,,,
5934,0.001,adam,5935,170.986314535141,1.93758616736711e-06,0.0,0.9417044374261977,1.93758616736711e-06,,,,
5935,0.001,adam,5936,171.01393246650696,2.061983592754471e-06,0.0,1.0725674148320858,2.061983592754471e-06,,,,
5936,0.001,adam,5937,171.04048132896423,2.2215242393510864e-06,0.0,1.0786202816208221,2.2215242393510864e-06,,,,
5937,0.001,adam,5938,171.06481218338013,2.4220711273306063e-06,0.0,1.056254841149658,2.4220711273306063e-06,,,,
5938,0.001,adam,5939,171.08975219726562,2.67533921801241e-06,0.0,1.0341826181145042,2.67533921801241e-06,,,,
5939,0.001,adam,5940,171.1119155883789,3.0107418202694695e-06,0.0,1.0132475004583017,3.0107418202694695e-06,0.005737502487067968,0.0,0.9987736612924287,0.005737502487067968
5940,0.001,adam,5941,171.1454620361328,3.460105944964233e-06,0.0,1.014004610573425,3.460105944964233e-06,,,,
5941,0.001,adam,5942,171.16975164413452,4.067774128659377e-06,0.0,2.271068136662288,4.067774128659377e-06,,,,
5942,0.001,adam,5943,171.19759249687195,4.87722749641461e-06,0.0,0.9869244466519941,4.87722749641461e-06,,,,
5943,0.001,adam,5944,171.21894001960754,5.943331952963302e-06,0.0,0.9253351528350325,5.943331952963302e-06,,,,
5944,0.001,adam,5945,171.24269032478333,7.32695673831261e-06,0.0,1.1000701120308367,7.32695673831261e-06,,,,
5945,0.001,adam,5946,171.2658953666687,9.097277678857456e-06,0.0,1.037741985303829,9.097277678857456e-06,,,,
5946,0.001,adam,5947,171.29653358459473,1.1324064732495326e-05,0.0,0.9714927878854098,1.1324064732495326e-05,,,,
5947,0.001,adam,5948,171.317063331604,1.404632120399479e-05,0.0,1.0350298467673895,1.404632120399479e-05,,,,
5948,0.001,adam,5949,171.34166169166565,1.7247130599469264e-05,0.0,1.0265281316592823,1.7247130599469264e-05,,,,
5949,0.001,adam,5950,171.36401653289795,2.076650139406128e-05,0.0,1.0126417623803785,2.076650139406128e-05,,,,
5950,0.001,adam,5951,171.38792943954468,2.427687520290968e-05,0.0,1.0707900469838718,2.427687520290968e-05,,,,
5951,0.001,adam,5952,171.41059970855713,2.7170543538594578e-05,0.0,1.0157881730910763,2.7170543538594578e-05,,,,
5952,0.001,adam,5953,171.4324550628662,2.8736532788821207e-05,0.0,1.1035376018716723,2.8736532788821207e-05,,,,
5953,0.001,adam,5954,171.45685529708862,2.8147609447702818e-05,0.0,1.0086137180676245,2.8147609447702818e-05,,,,
5954,0.001,adam,5955,171.48026394844055,2.5165235584812235e-05,0.0,1.1231457711847035,2.5165235584812235e-05,,,,
5955,0.001,adam,5956,171.50255966186523,1.997948823987762e-05,0.0,1.0539718195109302,1.997948823987762e-05,,,,
5956,0.001,adam,5957,171.52414536476135,1.3919579943787187e-05,0.0,0.969463125698279,1.3919579943787187e-05,,,,
5957,0.001,adam,5958,171.54743885993958,8.400687260288898e-06,0.0,1.005881753995067,8.400687260288898e-06,,,,
5958,0.001,adam,5959,171.57236623764038,4.8737038164312515e-06,0.0,1.1035959453658462,4.8737038164312515e-06,,,,
5959,0.001,adam,5960,171.5947253704071,3.822147587038591e-06,0.0,1.0824212784760565,3.822147587038591e-06,0.005725360245715083,0.0,0.9943834379275198,0.005725360245715083
5960,0.001,adam,5961,171.6395869255066,4.878363840145489e-06,0.0,1.030538285070111,4.878363840145489e-06,,,,
5961,0.001,adam,5962,171.67767024040222,6.9940527129600865e-06,0.0,1.0222678226682984,6.9940527129600865e-06,,,,
5962,0.001,adam,5963,171.71313786506653,8.929475008363573e-06,0.0,0.9896892400061772,8.929475008363573e-06,,,,
5963,0.001,adam,5964,171.74552130699158,9.76728702895947e-06,0.0,1.08121214739904,9.76728702895947e-06,,,,
5964,0.001,adam,5965,171.7772228717804,9.106349109372606e-06,0.0,1.0127288584513776,9.106349109372606e-06,,,,
5965,0.001,adam,5966,171.8029420375824,7.274203007489762e-06,0.0,1.064701209941855,7.274203007489762e-06,,,,
5966,0.001,adam,5967,171.83849716186523,4.974986504308171e-06,0.0,0.9431981782342034,4.974986504308171e-06,,,,
5967,0.001,adam,5968,171.88170886039734,3.04656396029476e-06,0.0,2.136878380199504,3.04656396029476e-06,,,,
5968,0.001,adam,5969,171.9133062362671,2.023055500933006e-06,0.0,1.073310996785445,2.023055500933006e-06,,,,
5969,0.001,adam,5970,171.94157671928406,1.9730930817723102e-06,0.0,1.0463746809323518,1.9730930817723102e-06,,,,
5970,0.001,adam,5971,171.9779191017151,2.5692285374708546e-06,0.0,0.9491636135084978,2.5692285374708546e-06,,,,
5971,0.001,adam,5972,172.00969099998474,3.297009595973936e-06,0.0,1.070717075572014,3.297009595973936e-06,,,,
5972,0.001,adam,5973,172.0418176651001,3.728263343705577e-06,0.0,0.9857747156045281,3.728263343705577e-06,,,,
5973,0.001,adam,5974,172.06795239448547,3.655900225846582e-06,0.0,0.969371291137274,3.655900225846582e-06,,,,
5974,0.001,adam,5975,172.0962553024292,3.164909791056224e-06,0.0,1.0069736370304119,3.164909791056224e-06,,,,
5975,0.001,adam,5976,172.12174725532532,2.4906697898456334e-06,0.0,1.020848579999048,2.4906697898456334e-06,,,,
5976,0.001,adam,5977,172.15378212928772,1.918282785536598e-06,0.0,1.0559747703393338,1.918282785536598e-06,,,,
5977,0.001,adam,5978,172.1967339515686,1.629446525525635e-06,0.0,0.9603595028741049,1.629446525525635e-06,,,,
5978,0.001,adam,5979,172.22314143180847,1.6548324681790105e-06,0.0,1.0390263730367557,1.6548324681790105e-06,,,,
5979,0.001,adam,5980,172.25117421150208,1.8972680240073316e-06,0.0,0.9525634134842722,1.8972680240073316e-06,0.005707093750951581,0.0,0.9979135613333375,0.005707093750951581
5980,0.001,adam,5981,172.28383684158325,2.1899974869664775e-06,0.0,0.9748051815604134,2.1899974869664775e-06,,,,
5981,0.001,adam,5982,172.31335353851318,2.392558225958176e-06,0.0,1.104536312023209,2.392558225958176e-06,,,,
5982,0.001,adam,5983,172.3379921913147,2.4169994445047275e-06,0.0,1.0397104612723307,2.4169994445047275e-06,,,,
5983,0.001,adam,5984,172.36334037780762,2.281137410327169e-06,0.0,1.03844812521698,2.281137410327169e-06,,,,
5984,0.001,adam,5985,172.39322972297668,2.042908973301803e-06,0.0,1.0531832982706635,2.042908973301803e-06,,,,
5985,0.001,adam,5986,172.4214870929718,1.8072266860981521e-06,0.0,1.0533327978458558,1.8072266860981521e-06,,,,
5986,0.001,adam,5987,172.44571495056152,1.6467597916473168e-06,0.0,1.0933353185177244,1.6467597916473168e-06,,,,
5987,0.001,adam,5988,172.46787476539612,1.6061957797610566e-06,0.0,1.0743528291008482,1.6061957797610566e-06,,,,
5988,0.001,adam,5989,172.49165725708008,1.6774379925888404e-06,0.0,1.0480399833446463,1.6774379925888404e-06,,,,
5989,0.001,adam,5990,172.51424479484558,1.8240093746190133e-06,0.0,1.008612029523204,1.8240093746190133e-06,,,,
5990,0.001,adam,5991,172.53702902793884,1.994336687289362e-06,0.0,1.025673041438632,1.994336687289362e-06,,,,
5991,0.001,adam,5992,172.55915141105652,2.144406840602572e-06,0.0,1.0441765572554327,2.144406840602572e-06,,,,
5992,0.001,adam,5993,172.58206987380981,2.2526757135158646e-06,0.0,1.0477922997798137,2.2526757135158646e-06,,,,
5993,0.001,adam,5994,172.6058120727539,2.318483626146231e-06,0.0,0.9040595081640411,2.318483626146231e-06,,,,
5994,0.001,adam,5995,172.6276695728302,2.3667297054055105e-06,0.0,0.9792192250986742,2.3667297054055105e-06,,,,
5995,0.001,adam,5996,172.64936327934265,2.4304672558642093e-06,0.0,1.0591688109228987,2.4304672558642093e-06,,,,
5996,0.001,adam,5997,172.67245841026306,2.5477426568949656e-06,0.0,1.0896395659459739,2.5477426568949656e-06,,,,
5997,0.001,adam,5998,172.69566798210144,2.7548751681815215e-06,0.0,0.9048548758133446,2.7548751681815215e-06,,,,
5998,0.001,adam,5999,172.7174530029297,3.0721234020827066e-06,0.0,1.069211273414589,3.0721234020827066e-06,,,,
5999,0.001,adam,6000,172.74136447906494,3.531671394630955e-06,0.0,1.0463360145245724,3.531671394630955e-06,0.005712456493169055,0.0,0.9995548022166005,0.005712456493169055
6020,0.0,lbfgs,6020,175.4206085205078,,,,0.00025341650033246503,0.005452036340937694,0.0,1.0805342880690199,0.005452036340937694
6040,0.0,lbfgs,6040,176.8263223171234,,,,0.00021845976918003241,0.005531038044901173,0.0,1.0720777034092248,0.005531038044901173
6060,0.0,lbfgs,6060,178.36833000183105,,,,0.00017464005397359645,0.005562772495509133,0.0,1.0589674647968044,0.005562772495509133
6080,0.0,lbfgs,6080,179.96914076805115,,,,0.00014845447936706897,0.005581278209571363,0.0,1.0433640847632792,0.005581278209571363
6100,0.0,lbfgs,6100,181.5403847694397,,,,0.00012638820074977172,0.005525754822213338,0.0,1.0205988252660212,0.005525754822213338
6120,0.0,lbfgs,6120,183.17969036102295,,,,0.00011064424401383794,0.005567976757521111,0.0,0.999862325958088,0.005567976757521111
6140,0.0,lbfgs,6140,184.84127569198608,,,,9.646364857229452e-05,0.005472059563238406,0.0,0.9605535820961187,0.005472059563238406
6160,0.0,lbfgs,6160,186.32575678825378,,,,8.375602936113588e-05,0.005355750636423794,0.0,0.9258405905872984,0.005355750636423794
6180,0.0,lbfgs,6180,187.88911128044128,,,,7.620967679843137e-05,0.005239350984135235,0.0,0.9130598801558605,0.005239350984135235
6200,0.0,lbfgs,6200,189.53025889396667,,,,6.785896072196504e-05,0.005131325478931546,0.0,0.895663534344248,0.005131325478931546
6220,0.0,lbfgs,6220,191.01904940605164,,,,6.203093889742235e-05,0.005116632700969511,0.0,0.8894214838692412,0.005116632700969511
6240,0.0,lbfgs,6240,192.75959491729736,,,,5.602969993815796e-05,0.0050268508064019385,0.0,0.877152142563676,0.0050268508064019385
6260,0.0,lbfgs,6260,194.28877186775208,,,,5.039026769825079e-05,0.004978960295063684,0.0,0.8705321722444059,0.004978960295063684
6280,0.0,lbfgs,6280,195.98856019973755,,,,4.620267186648542e-05,0.004961647236675588,0.0,0.8643873687498869,0.004961647236675588
6300,0.0,lbfgs,6300,197.495178937912,,,,4.1418645073275106e-05,0.004990837905830363,0.0,0.8568924224401062,0.004990837905830363
6320,0.0,lbfgs,6320,199.07581734657288,,,,3.783865045274672e-05,0.0049803182405597736,0.0,0.8536018147555325,0.0049803182405597736
6340,0.0,lbfgs,6340,200.58787560462952,,,,3.4201121465840526e-05,0.005001994721956932,0.0,0.8511414047404514,0.005001994721956932
6360,0.0,lbfgs,6360,202.12101793289185,,,,3.071171903873953e-05,0.00504307753524144,0.0,0.8582717724982787,0.00504307753524144
6380,0.0,lbfgs,6380,203.72044467926025,,,,2.8214406623305615e-05,0.00504789166811903,0.0,0.8551940503170424,0.00504789166811903
6400,0.0,lbfgs,6400,205.24557328224182,,,,2.57369950229754e-05,0.005019285659035567,0.0,0.8546604406763365,0.005019285659035567
6420,0.0,lbfgs,6420,206.68649697303772,,,,2.3820085935081285e-05,0.004984946034425237,0.0,0.8560646092256753,0.004984946034425237
6440,0.0,lbfgs,6440,208.23754239082336,,,,2.2137690276115952e-05,0.004941972290618116,0.0,0.8534780605660915,0.004941972290618116
6460,0.0,lbfgs,6460,209.6619255542755,,,,2.0561513247402754e-05,0.0049177309980561815,0.0,0.8546305744199454,0.0049177309980561815
6480,0.0,lbfgs,6480,211.02003812789917,,,,1.8986735222563295e-05,0.004922083697379054,0.0,0.8519638199829417,0.004922083697379054
6500,0.0,lbfgs,6500,212.49193716049194,,,,1.75385018763124e-05,0.0048989598578565675,0.0,0.849064975904966,0.0048989598578565675
6520,0.0,lbfgs,6520,213.89433360099792,,,,1.60561265285232e-05,0.004864861014260743,0.0,0.8432867594806,0.004864861014260743
6540,0.0,lbfgs,6540,215.53026056289673,,,,1.4921858595436956e-05,0.004865219077104605,0.0,0.8413115459462278,0.004865219077104605
6560,0.0,lbfgs,6560,217.25452065467834,,,,1.3975274345217731e-05,0.004867675078839653,0.0,0.8359459440304454,0.004867675078839653
6580,0.0,lbfgs,6580,219.16024923324585,,,,1.3091084869434054e-05,0.004867255904143912,0.0,0.829930087313932,0.004867255904143912
6600,0.0,lbfgs,6600,220.74974584579468,,,,1.2260453896973167e-05,0.004837165158407997,0.0,0.8258448789716435,0.004837165158407997
6620,0.0,lbfgs,6620,222.29197216033936,,,,1.1657269802310104e-05,0.0048253268661391,0.0,0.821703960028558,0.0048253268661391
6640,0.0,lbfgs,6640,223.97064971923828,,,,1.0889914818042537e-05,0.004798514157715505,0.0,0.8171626079283637,0.004798514157715505
6660,0.0,lbfgs,6660,225.65097665786743,,,,1.018493125986982e-05,0.004763473579750279,0.0,0.813566174947015,0.004763473579750279
6680,0.0,lbfgs,6680,227.09914755821228,,,,9.616954785431716e-06,0.004746890221447962,0.0,0.8102874596852011,0.004746890221447962
6700,0.0,lbfgs,6700,228.8592255115509,,,,9.006902837881531e-06,0.004723135683214724,0.0,0.8079286824450551,0.004723135683214724
6720,0.0,lbfgs,6720,230.3062126636505,,,,8.49903431954867e-06,0.004714723874219059,0.0,0.805993477032712,0.004714723874219059
6740,0.0,lbfgs,6740,231.84943556785583,,,,8.121526637978481e-06,0.0046967305916251305,0.0,0.8037983833136527,0.0046967305916251305
6760,0.0,lbfgs,6760,233.53597688674927,,,,7.6517297674488e-06,0.004669763520891548,0.0,0.8018883148051045,0.004669763520891548
6780,0.0,lbfgs,6780,235.14870071411133,,,,7.21402534440465e-06,0.0046382967093981575,0.0,0.7992794748725642,0.0046382967093981575
6800,0.0,lbfgs,6800,236.71613025665283,,,,6.827569286143107e-06,0.004617577573818616,0.0,0.7981946307209767,0.004617577573818616
6820,0.0,lbfgs,6820,238.1576886177063,,,,6.486946332186894e-06,0.0045975347042092095,0.0,0.7951180465186839,0.0045975347042092095
6840,0.0,lbfgs,6840,239.6288242340088,,,,6.2069268461683326e-06,0.0045900027998391525,0.0,0.79493689178786,0.0045900027998391525
6860,0.0,lbfgs,6860,241.1563060283661,,,,5.88463067021775e-06,0.004588381027825661,0.0,0.7935966286408698,0.004588381027825661
6880,0.0,lbfgs,6880,242.6036365032196,,,,5.587201988592171e-06,0.004585514753184175,0.0,0.7924096325087845,0.004585514753184175
6900,0.0,lbfgs,6900,244.04886388778687,,,,5.288229317629331e-06,0.0045860408362466305,0.0,0.7910104501912351,0.0045860408362466305
6920,0.0,lbfgs,6920,245.46122193336487,,,,5.051826187426837e-06,0.0045811482173173405,0.0,0.790967251272891,0.0045811482173173405
6940,0.0,lbfgs,6940,247.08067774772644,,,,4.788738866789339e-06,0.004582530944223657,0.0,0.7882811925540596,0.004582530944223657
6960,0.0,lbfgs,6960,248.55703258514404,,,,4.550546628221083e-06,0.004579694996630953,0.0,0.7872464093509998,0.004579694996630953
6980,0.0,lbfgs,6980,250.18468475341797,,,,4.341019001831152e-06,0.004585577580323324,0.0,0.7853447669560275,0.004585577580323324
7000,0.0,lbfgs,7000,251.72054290771484,,,,4.13027040769833e-06,0.004591022743384329,0.0,0.7853338563164008,0.004591022743384329
7020,0.0,lbfgs,7020,253.43411707878113,,,,3.942335087299819e-06,0.004592623761324459,0.0,0.785257902174829,0.004592623761324459
7040,0.0,lbfgs,7040,255.05430579185486,,,,3.7603598641401947e-06,0.004595696026350341,0.0,0.7830040474092201,0.004595696026350341
7060,0.0,lbfgs,7060,256.72496461868286,,,,3.565590206389869e-06,0.0045938619175817565,0.0,0.7854234595301539,0.0045938619175817565
7080,0.0,lbfgs,7080,258.1847755908966,,,,3.3887017346474567e-06,0.004594837475108488,0.0,0.7844055111655716,0.004594837475108488
7100,0.0,lbfgs,7100,259.6947591304779,,,,3.2154844849515026e-06,0.0046016268553334015,0.0,0.7850565408004292,0.0046016268553334015
7120,0.0,lbfgs,7120,261.3386697769165,,,,3.0753094051806375e-06,0.004602321578166537,0.0,0.7843770216472405,0.004602321578166537
7140,0.0,lbfgs,7140,262.959196805954,,,,2.9602113126260734e-06,0.0046110095325313785,0.0,0.7843875699058973,0.0046110095325313785
7160,0.0,lbfgs,7160,264.46874833106995,,,,2.8320951286264097e-06,0.0046220136959931385,0.0,0.7847691113554434,0.0046220136959931385
7180,0.0,lbfgs,7180,266.36833143234253,,,,2.733918601551865e-06,0.004632489479052216,0.0,0.7856649894110562,0.004632489479052216
7200,0.0,lbfgs,7200,268.09271240234375,,,,2.6328982689080933e-06,0.004640617562356028,0.0,0.7864760692403807,0.004640617562356028
7220,0.0,lbfgs,7220,269.76895785331726,,,,2.502200523240425e-06,0.004655185090675265,0.0,0.7863243808771303,0.004655185090675265
7240,0.0,lbfgs,7240,271.42547369003296,,,,2.405280976115682e-06,0.004657596889810182,0.0,0.7858406185929201,0.004657596889810182
7260,0.0,lbfgs,7260,273.0630271434784,,,,2.2871139576447143e-06,0.004668121303262786,0.0,0.7866873002754708,0.004668121303262786
7280,0.0,lbfgs,7280,274.89383125305176,,,,2.1839146779348327e-06,0.004683723499353551,0.0,0.7867181783945031,0.004683723499353551
7300,0.0,lbfgs,7300,276.42443585395813,,,,2.094903579342322e-06,0.0046882704602862636,0.0,0.7862435214711304,0.0046882704602862636
7320,0.0,lbfgs,7320,278.1334273815155,,,,2.0015949921195736e-06,0.0047015376545401924,0.0,0.7873352313951553,0.0047015376545401924
7340,0.0,lbfgs,7340,279.7295832633972,,,,1.928799416637738e-06,0.004714702948014055,0.0,0.7865085777540084,0.004714702948014055
7360,0.0,lbfgs,7360,281.3579978942871,,,,1.8448092528707543e-06,0.004724399488484181,0.0,0.7865598029936328,0.004724399488484181
7380,0.0,lbfgs,7380,282.8499572277069,,,,1.7696223963185019e-06,0.0047340218848107496,0.0,0.7863996598372835,0.0047340218848107496
7400,0.0,lbfgs,7400,284.59262323379517,,,,1.7020054805082737e-06,0.00474288719240097,0.0,0.78622840944407,0.00474288719240097
7420,0.0,lbfgs,7420,286.11897253990173,,,,1.6213901604032795e-06,0.0047521033328814756,0.0,0.7870369036363655,0.0047521033328814756
7440,0.0,lbfgs,7440,287.83548641204834,,,,1.5496429987226507e-06,0.004765582815424813,0.0,0.7866975639640199,0.004765582815424813
7460,0.0,lbfgs,7460,289.4150698184967,,,,1.4820393005482408e-06,0.004779209866686047,0.0,0.7881593035062815,0.004779209866686047
7480,0.0,lbfgs,7480,290.95150876045227,,,,1.4150765003567323e-06,0.004788895923610404,0.0,0.787624223603692,0.004788895923610404
7500,0.0,lbfgs,7500,292.50797057151794,,,,1.3584153348421955e-06,0.004790322230406921,0.0,0.7876561570343951,0.004790322230406921
7520,0.0,lbfgs,7520,294.2654376029968,,,,1.298425602381938e-06,0.004799225601337789,0.0,0.7881567536022581,0.004799225601337789
7540,0.0,lbfgs,7540,296.0629634857178,,,,1.2455559434994637e-06,0.004809167990117001,0.0,0.78898171676076,0.004809167990117001
7560,0.0,lbfgs,7560,297.782799243927,,,,1.2102640685895076e-06,0.00481293929262509,0.0,0.789271719972902,0.00481293929262509
7580,0.0,lbfgs,7580,299.44935727119446,,,,1.165822341641158e-06,0.004825048023101972,0.0,0.789732197552669,0.004825048023101972
7600,0.0,lbfgs,7600,301.1720299720764,,,,1.1262392657802545e-06,0.004837667348815269,0.0,0.7902494437410842,0.004837667348815269
7620,0.0,lbfgs,7620,302.8148193359375,,,,1.0880493942345805e-06,0.004840141228389515,0.0,0.7899150772586825,0.004840141228389515
7640,0.0,lbfgs,7640,304.36581563949585,,,,1.0516974982723256e-06,0.004843177602981609,0.0,0.7894386916433656,0.004843177602981609
7660,0.0,lbfgs,7660,306.0072343349457,,,,1.027701623344199e-06,0.004844863873379411,0.0,0.7889012113024799,0.004844863873379411
7680,0.0,lbfgs,7680,307.76900005340576,,,,9.920424345472101e-07,0.004845529141176809,0.0,0.7887388712294711,0.004845529141176809
7700,0.0,lbfgs,7700,309.3881993293762,,,,9.628635566476747e-07,0.004850611062850837,0.0,0.7891194773570306,0.004850611062850837
7720,0.0,lbfgs,7720,311.2437677383423,,,,9.381003109048308e-07,0.004853374812364373,0.0,0.7887477490872358,0.004853374812364373
7740,0.0,lbfgs,7740,312.9770951271057,,,,9.110005151149841e-07,0.004854527928677425,0.0,0.7884708821967656,0.004854527928677425
7760,0.0,lbfgs,7760,314.51541113853455,,,,8.900440599466061e-07,0.004856983313932977,0.0,0.7884788781204396,0.004856983313932977
7780,0.0,lbfgs,7780,316.13435316085815,,,,8.64515780183272e-07,0.004861714361987081,0.0,0.7888447573053412,0.004861714361987081
7800,0.0,lbfgs,7800,317.6139931678772,,,,8.372755044256622e-07,0.00486450426209568,0.0,0.7891038784315597,0.00486450426209568
7820,0.0,lbfgs,7820,319.16620659828186,,,,8.145006648945596e-07,0.0048694961399124385,0.0,0.7890790981362524,0.0048694961399124385
7840,0.0,lbfgs,7840,320.7384457588196,,,,7.882047443998157e-07,0.00487319389853423,0.0,0.7890166544346819,0.00487319389853423
7860,0.0,lbfgs,7860,322.4585213661194,,,,7.55297075261135e-07,0.004877368896451001,0.0,0.7895903700728116,0.004877368896451001
7880,0.0,lbfgs,7880,324.35380506515503,,,,7.238443199127641e-07,0.004887696477107422,0.0,0.7900493121899819,0.004887696477107422
7900,0.0,lbfgs,7900,326.1766834259033,,,,6.950249882931647e-07,0.004890165776395209,0.0,0.7900713175006402,0.004890165776395209
7920,0.0,lbfgs,7920,327.9842369556427,,,,6.777427084331121e-07,0.004892734264353304,0.0,0.790345479119068,0.004892734264353304
7940,0.0,lbfgs,7940,329.7116229534149,,,,6.597085821511058e-07,0.00489905778624796,0.0,0.7908674783684563,0.00489905778624796
7960,0.0,lbfgs,7960,331.0666377544403,,,,6.406430128988987e-07,0.004900022298447203,0.0,0.7912682354479217,0.004900022298447203
7980,0.0,lbfgs,7980,332.7024493217468,,,,6.23733658353244e-07,0.004903583504982711,0.0,0.7920444275147551,0.004903583504982711
8000,0.0,lbfgs,8000,334.3516972064972,,,,6.070257416723705e-07,0.004905267145860137,0.0,0.7920363066609607,0.004905267145860137
