epoch,lr,stage,step,time,train_data,train_ic,train_phys,train_total,val_data,val_ic,val_phys,val_total
0,0.0009999999310821295,adam,1,2.2478737831115723,0.05318814167248795,0.0,1.3384383987225612,0.054526580134782926,,,,
1,0.0009999998146668077,adam,2,2.2586963176727295,0.036331008864366375,0.0,1.1357856787261031,0.0374667945970394,,,,
2,0.0009999994654208422,adam,3,2.268972873687744,0.02310169803647461,0.0,0.9215952446519214,0.024023293324899955,,,,
3,0.0009999989997595549,adam,4,2.2785463333129883,0.013662355650719306,0.0,0.8267624437457304,0.014489118133734146,,,,
4,0.0009999984176829457,adam,5,2.2879271507263184,0.00818777252804557,0.0,0.7843305365585863,0.008972103101857858,,,,
5,0.000999997602775693,adam,6,2.2981443405151367,0.007289062085540186,0.0,0.7507891059966971,0.008039851227197452,,,,
6,0.0009999967878684402,adam,7,2.30769681930542,0.008580504173478767,0.0,0.7730878288381791,0.009353592039036648,,,,
7,0.0009999957401305437,adam,8,2.3174123764038086,0.009293742239119756,0.0,0.7849144325411541,0.010078656708942346,,,,
8,0.0009999945759773254,adam,9,2.327450752258301,0.008842268325423357,0.0,0.7249684300428991,0.009567236789900409,,,,
9,0.0009999932954087853,adam,10,2.3373899459838867,0.0073441495611988395,0.0,0.7002091937270343,0.008044358788184026,,,,
10,0.0009999918984249234,adam,11,2.3470194339752197,0.005600797771257033,0.0,0.6758127347046086,0.006276610538061025,,,,
11,0.0009999903850257397,adam,12,2.359513282775879,0.004372139053539014,0.0,0.5907451106688314,0.004962884192266733,,,,
12,0.000999988755211234,adam,13,2.373364210128784,0.003983928999804202,0.0,0.5692156236776403,0.0045531446505181344,,,,
13,0.0009999868925660849,adam,14,2.385744333267212,0.0043761870552375196,0.0,0.5513427051508994,0.004927529786575792,,,,
14,0.0009999849135056138,adam,15,2.397473096847534,0.005090361457409951,0.0,0.5823986182417293,0.0056727601033141305,,,,
15,0.0009999829344451427,adam,16,2.409677743911743,0.005669147564222599,0.0,0.5553019389072973,0.006224449529505322,,,,
16,0.000999980722554028,adam,17,2.421234607696533,0.00578643585472862,0.0,0.5207495926358852,0.0063071854720987836,,,,
17,0.0009999782778322697,adam,18,2.433403730392456,0.005358131379159623,0.0,0.5361591012639939,0.005894290505889808,,,,
18,0.0009999758331105113,adam,19,2.4449105262756348,0.004627231370651962,0.0,0.5122190483166897,0.005139450443297751,,,,
19,0.0009999731555581093,adam,20,2.454430103302002,0.003899783978060993,0.0,0.47580357053136135,0.004375587571191811,0.005620089512903249,0.0,0.4856153198042085,0.006105704855772948
20,0.0009999704780057073,adam,21,2.745567560195923,0.0034332145506472877,0.0,0.48051176811917923,0.003913726341589551,,,,
21,0.0009999675676226616,adam,22,2.755302667617798,0.0032856773168173734,0.0,0.44856439401852205,0.003734241732141561,,,,
22,0.000999964540824294,adam,23,2.7654848098754883,0.003352938000027101,0.0,0.446193208514529,0.00379913122973467,,,,
23,0.0009999613976106048,adam,24,2.7757277488708496,0.0035130391843682628,0.0,0.47283742863519185,0.003985876635462028,,,,
24,0.0009999581379815936,adam,25,2.785137891769409,0.0036139362381814944,0.0,0.4735413545336915,0.004087477615207193,,,,
25,0.0009999546455219388,adam,26,2.7947840690612793,0.003585444183856194,0.0,0.4565093100239841,0.004041953515563207,,,,
26,0.000999951153062284,adam,27,2.8066916465759277,0.0034091090928374144,0.0,0.42775570831959076,0.003836864821474311,,,,
27,0.0009999473113566637,adam,28,2.8181235790252686,0.0031473874755143087,0.0,0.42941099745901096,0.0035767984933692478,,,,
28,0.0009999435860663652,adam,29,2.8342373371124268,0.00291307553705533,0.0,0.40825494871279483,0.0033213305051591944,,,,
29,0.0009999396279454231,adam,30,2.846191883087158,0.0027891242742510438,0.0,0.4005389753149165,0.003189663268590541,,,,
30,0.0009999355534091592,adam,31,2.858104944229126,0.0028121580170903516,0.0,0.3933267552475247,0.0032054847910198947,,,,
31,0.0009999312460422516,adam,32,2.871488332748413,0.0029079661576793137,0.0,0.3871213266831621,0.0032950875027497523,,,,
32,0.000999926938675344,adam,33,2.884506940841675,0.0029841435372087587,0.0,0.37215268524180484,0.0033562962401268675,,,,
33,0.0009999223984777927,adam,34,2.895493984222412,0.0029729319219121814,0.0,0.3721710342560979,0.0033451029738454548,,,,
34,0.0009999177418649197,adam,35,2.905710458755493,0.002893604714157205,0.0,0.3419526633013758,0.0032355573937004607,,,,
35,0.0009999129688367248,adam,36,2.9162681102752686,0.0027866442744332765,0.0,0.36420127590708934,0.003150845567638998,,,,
36,0.000999908079393208,adam,37,2.9269299507141113,0.0026901187913231576,0.0,0.35904578975305457,0.0030491645981299722,,,,
37,0.0009999030735343695,adam,38,2.936457872390747,0.002617061119611708,0.0,0.3404359608891131,0.002957497096670662,,,,
38,0.0009998978348448873,adam,39,2.9461801052093506,0.0025761801925386968,0.0,0.36960489038939864,0.0029457851004833857,,,,
39,0.000999892596155405,adam,40,2.9563190937042236,0.002561794765065253,0.0,0.37190976326592207,0.002933704545995941,0.0045524127591369335,0.0,0.36412253527816035,0.0049165353117099865
40,0.0009998871246352792,adam,41,2.973851203918457,0.0025624145944729386,0.0,0.3807272097512777,0.0029431418223077885,,,,
41,0.0009998816531151533,adam,42,2.984137535095215,0.0025550342229417678,0.0,0.3655226528058412,0.0029205568931090034,,,,
42,0.0009998759487643838,adam,43,2.9941608905792236,0.002521204544154821,0.0,0.3356115199088483,0.002856816080004361,,,,
43,0.0009998700115829706,adam,44,3.0050787925720215,0.0024586740492399933,0.0,0.3414708457964979,0.002800144911255486,,,,
44,0.0009998640744015574,adam,45,3.0158162117004395,0.002394747828679389,0.0,0.33638012932538297,0.002731127973981971,,,,
45,0.0009998579043895006,adam,46,3.0275301933288574,0.002351972032063727,0.0,0.35413938348727525,0.0027061114323717202,,,,
46,0.0009998517343774438,adam,47,3.03985857963562,0.0023330634199952,0.0,0.335251270698737,0.0026683147066175177,,,,
47,0.0009998453315347433,adam,48,3.0508570671081543,0.002322452946935336,0.0,0.34266683443808404,0.0026651197976492215,,,,
48,0.000999838812276721,adam,49,3.063342571258545,0.0023118378265529534,0.0,0.339516794021539,0.0026513546367006747,,,,
49,0.0009998321766033769,adam,50,3.076120138168335,0.002294922054851519,0.0,0.3478372276836046,0.0026427592990565054,,,,
50,0.000999825424514711,adam,51,3.088102340698242,0.0022733239213145757,0.0,0.34307547753982043,0.0026163994151496067,,,,
51,0.0009998184395954013,adam,52,3.1004016399383545,0.0022467284381344575,0.0,0.3040306308225068,0.0025507590833976444,,,,
52,0.0009998114546760917,adam,53,3.1111900806427,0.0022131124954310275,0.0,0.32000628623700433,0.0025331187968675147,,,,
53,0.0009998042369261384,adam,54,3.1226580142974854,0.002178467611336512,0.0,0.32609526076814077,0.0025045628875933466,,,,
54,0.0009997969027608633,adam,55,3.132845640182495,0.002151603180512402,0.0,0.3319014328192551,0.0024835046290961294,,,,
55,0.0009997894521802664,adam,56,3.143282413482666,0.0021354573447501727,0.0,0.3192612973319834,0.002454718657246254,,,,
56,0.0009997818851843476,adam,57,3.153805732727051,0.002122814164484839,0.0,0.32243051865346234,0.0024452446984529292,,,,
57,0.0009997740853577852,adam,58,3.164116382598877,0.002106922630679402,0.0,0.3147231686284603,0.0024216458142564106,,,,
58,0.0009997662855312228,adam,59,3.173703193664551,0.0020848303444589863,0.0,0.31286504697856526,0.002397695406297844,,,,
59,0.0009997582528740168,adam,60,3.1835341453552246,0.0020584703449626684,0.0,0.30716786079084035,0.002365638220343199,0.004342091567745791,0.0,0.31819701767706116,0.0046602886005363995
60,0.0009997502202168107,adam,61,3.2022104263305664,0.002032136163522457,0.0,0.30824488582844733,0.0023403810639917506,,,,
61,0.0009997418383136392,adam,62,3.2138521671295166,0.0020062411333957066,0.0,0.3257408710411813,0.002331982019908749,,,,
62,0.0009997334564104676,adam,63,3.22440767288208,0.001981987921285271,0.0,0.3068283404275337,0.0022888162762863687,,,,
63,0.0009997249580919743,adam,64,3.236078977584839,0.0019617276540668353,0.0,0.3169602287114217,0.0022786878978330602,,,,
64,0.0009997162269428372,adam,65,3.2479372024536133,0.0019434172911190423,0.0,0.29964064020398934,0.0022430579455551985,,,,
65,0.0009997074957937002,adam,66,3.2620108127593994,0.0019226958894509958,0.0,0.3042177704447921,0.0022269136743453565,,,,
66,0.0009996985318139195,adam,67,3.2748703956604004,0.0018978043100565571,0.0,0.3291084083011503,0.002226912733989518,,,,
67,0.000999689451418817,adam,68,3.2866482734680176,0.001870685437207506,0.0,0.31662257506347463,0.0021873080273097463,,,,
68,0.0009996802546083927,adam,69,3.2989139556884766,0.0018453182921654588,0.0,0.30764686332399677,0.0021529651701018976,,,,
69,0.0009996709413826466,adam,70,3.3098642826080322,0.0018228487045340185,0.0,0.2916319754194131,0.002114480693805207,,,,
70,0.0009996615117415786,adam,71,3.3216781616210938,0.0018012921548192374,0.0,0.31125106753848614,0.0021125432371413557,,,,
71,0.000999651849269867,adam,72,3.333217144012451,0.0017784287871049802,0.0,0.29218047580418305,0.002070609276786991,,,,
72,0.0009996421867981553,adam,73,3.3427836894989014,0.001753141052583202,0.0,0.3051420211609711,0.0020582830882376413,,,,
73,0.0009996322914958,adam,74,3.3525702953338623,0.001725816591048115,0.0,0.3003218987180999,0.0020261385040307397,,,,
74,0.000999622163362801,adam,75,3.362318754196167,0.0016975216963028867,0.0,0.2902037870863726,0.0019877254971731994,,,,
75,0.000999612151645124,adam,76,3.372340679168701,0.0016700909887180648,0.0,0.29818777883205416,0.0019682787817132787,,,,
76,0.0009996017906814814,adam,77,3.3829078674316406,0.0016447236265976675,0.0,0.30952344173870766,0.00195424708303795,,,,
77,0.0009995914297178388,adam,78,3.393160820007324,0.0016195389498039404,0.0,0.3003007766200686,0.0019198397406875304,,,,
78,0.0009995809523388743,adam,79,3.4031338691711426,0.0015927868073789108,0.0,0.2943794330416269,0.0018871662544028105,,,,
79,0.0009995702421292663,adam,80,3.4140255451202393,0.00156378403990274,0.0,0.28384852874960315,0.001847632582134425,0.004032551415706198,0.0,0.29380996455584546,0.004326361394217268
80,0.0009995594155043364,adam,81,3.434929609298706,0.0015337280625807846,0.0,0.28864624161143715,0.0018223743179021825,,,,
81,0.0009995485888794065,adam,82,3.447157144546509,0.0015047159386762327,0.0,0.2951184805033511,0.0017998344331969594,,,,
82,0.000999537413008511,adam,83,3.4584779739379883,0.0014760576613993541,0.0,0.2861107107019762,0.0017621683856908598,,,,
83,0.0009995262371376157,adam,84,3.4717395305633545,0.0014474786553767478,0.0,0.2950950829946514,0.0017425737523876635,,,,
84,0.0009995148284360766,adam,85,3.4841132164001465,0.001418017388693414,0.0,0.2901018092271038,0.0017081192116996143,,,,
85,0.0009995034197345376,adam,86,3.4962170124053955,0.0013872659321848167,0.0,0.29957698787912174,0.0016868429342930817,,,,
86,0.000999491778202355,adam,87,3.508132219314575,0.0013556985514760896,0.0,0.28884053816463784,0.001644539103359917,,,,
87,0.0009994800202548504,adam,88,3.5190632343292236,0.0013237562032174296,0.0,0.27954604035144787,0.001603302256846602,,,,
88,0.000999468145892024,adam,89,3.5297417640686035,0.001292769172591799,0.0,0.3016675697132476,0.0015944367566334873,,,,
89,0.000999456038698554,adam,90,3.5392990112304688,0.0012617468249138985,0.0,0.27651150795454305,0.0015382583460020335,,,,
90,0.000999443931505084,adam,91,3.5491979122161865,0.001230643162341917,0.0,0.2877249819727474,0.0015183681579808677,,,,
91,0.0009994317078962922,adam,92,3.559697151184082,0.0011988271287282004,0.0,0.27629876112060986,0.001475125902972297,,,,
92,0.0009994192514568567,adam,93,3.5724234580993652,0.0011672544989438137,0.0,0.2840245642440401,0.0014512790766782967,,,,
93,0.0009994066786020994,adam,94,3.5833849906921387,0.0011354273945832385,0.0,0.2743226403720885,0.0014097500479849532,,,,
94,0.0009993939893320203,adam,95,3.5950846672058105,0.001104159590678365,0.0,0.25987361790485464,0.0013640332209265541,,,,
95,0.0009993811836466193,adam,96,3.6067187786102295,0.0010726671693876207,0.0,0.2689481389665375,0.0013416153211285094,,,,
96,0.0009993681451305747,adam,97,3.620245933532715,0.001042084197279134,0.0,0.2721105704747103,0.0013141947806784029,,,,
97,0.00099935510661453,adam,98,3.632049322128296,0.001011318929374392,0.0,0.25111000759787594,0.0012624289488993535,,,,
98,0.0009993418352678418,adam,99,3.645808696746826,0.0009827635033725856,0.0,0.26175539947408955,0.0012445189152793894,,,,
99,0.0009993285639211535,adam,100,3.6577930450439453,0.0009567647108456395,0.0,0.26635549275026504,0.0012231202162471116,0.0033692856106655685,0.0,0.2628749273329911,0.0036321605504844486
100,0.0009993150597438216,adam,101,3.6841745376586914,0.0009446786228006263,0.0,0.2611050488006671,0.0012057836840031178,,,,
101,0.0009993014391511679,adam,102,3.7148923873901367,0.000962623448605094,0.0,0.25891188110369645,0.0012215353420064448,,,,
102,0.0009992877021431923,adam,103,3.751244306564331,0.0010783322652240888,0.0,0.25801463417100845,0.0013363469116501347,,,,
103,0.000999273732304573,adam,104,3.7749342918395996,0.0012738984405943465,0.0,0.27558500738950725,0.0015494834610734391,,,,
104,0.000999259646050632,adam,105,3.8026368618011475,0.001233493104359422,0.0,0.2343748946420477,0.0014678680101336797,,,,
105,0.000999245559796691,adam,106,3.8357367515563965,0.0008518151162477834,0.0,0.2559829727062709,0.0011077981011125932,,,,
106,0.0009992312407121062,adam,107,3.850740909576416,0.0008534971985065072,0.0,0.257268579116268,0.001110765789842377,,,,
107,0.0009992168052121997,adam,108,3.865396499633789,0.00104797377794384,0.0,0.2606567082635612,0.0013086304985879304,,,,
108,0.0009992022532969713,adam,109,3.879363536834717,0.000819724928422447,0.0,0.26237742407023534,0.0010821023649549412,,,,
109,0.0009991874685510993,adam,110,3.8923537731170654,0.0007424610848253102,0.0,0.2434361739356001,0.000985897270323508,,,,
110,0.0009991726838052273,adam,111,3.9048593044281006,0.0009003173021811176,0.0,0.23282402288400672,0.001133141336123672,,,,
111,0.0009991576662287116,adam,112,3.9181079864501953,0.0007292476949916581,0.0,0.2359085634673482,0.0009651562696640618,,,,
112,0.000999142648652196,adam,113,3.931638240814209,0.0006907121759630184,0.0,0.22916215807436702,0.0009198743449220038,,,,
113,0.0009991273982450366,adam,114,3.94307541847229,0.0007894158520809827,0.0,0.23758687036316234,0.001027002733728916,,,,
114,0.0009991120314225554,adam,115,3.9551613330841064,0.0006416429108814959,0.0,0.23618361751917002,0.0008778265396187858,,,,
115,0.0009990965481847525,adam,116,3.9660580158233643,0.0006554138987175457,0.0,0.2287900844925365,0.000884203994077028,,,,
116,0.0009990808321163058,adam,117,3.9764742851257324,0.0006925328864149788,0.0,0.23063717819571872,0.0009231700755653756,,,,
117,0.0009990651160478592,adam,118,3.9866135120391846,0.0005769635377343931,0.0,0.25189527601382133,0.0008288588257125981,,,,
118,0.0009990492835640907,adam,119,3.99737811088562,0.0006200293526503204,0.0,0.22408206849374296,0.0008441114317873905,,,,
119,0.0009990331018343568,adam,120,4.008840322494507,0.0006064448040082833,0.0,0.21817779148373942,0.0008246226058549117,0.0026798403235579744,0.0,0.22333709104657248,0.0029031774252124896
120,0.0009990170365199447,adam,121,4.0263190269470215,0.0005345596843314896,0.0,0.21908287171934976,0.0007536425664567174,,,,
121,0.000999000621959567,adam,122,4.03793740272522,0.000580463889977757,0.0,0.22278134807840178,0.000803245248637705,,,,
122,0.0009989842073991895,adam,123,4.050573110580444,0.0005363295596684244,0.0,0.21833854069507033,0.000754668110734019,,,,
123,0.00099896767642349,adam,124,4.0622522830963135,0.0005038654412973777,0.0,0.21682523165185108,0.0007206906832478747,,,,
124,0.000998950912617147,adam,125,4.077789783477783,0.0005324250206301624,0.0,0.21315545352702125,0.0007455804842815244,,,,
125,0.000998934032395482,adam,126,4.090000152587891,0.0004818586094319478,0.0,0.20302694659080295,0.0006848855656660133,,,,
126,0.0009989170357584953,adam,127,4.1023924350738525,0.00047608101222074194,0.0,0.20668107666547492,0.0006827620987030412,,,,
127,0.0009989000391215086,adam,128,4.1156299114227295,0.0004835627941347238,0.0,0.21639239533090313,0.0006999551997437141,,,,
128,0.0009988828096538782,adam,129,4.130444526672363,0.00044132047786601443,0.0,0.20161403405288397,0.0006429345214950512,,,,
129,0.0009988653473556042,adam,130,4.142192125320435,0.0004462695341394783,0.0,0.2039497208708546,0.0006502192646974248,,,,
130,0.0009988478850573301,adam,131,4.153104543685913,0.00044105908600596683,0.0,0.20759158989252566,0.0006486506857585639,,,,
131,0.0009988301899284124,adam,132,4.163058280944824,0.00040945556486642195,0.0,0.19881144924227914,0.0006082670235517383,,,,
132,0.000998812378384173,adam,133,4.174337148666382,0.0004157156703883818,0.0,0.19765845558016235,0.000613374135356817,,,,
133,0.0009987944504246116,adam,134,4.18477201461792,0.000404883136033464,0.0,0.19461928620969685,0.0005995024314870809,,,,
134,0.0009987764060497284,adam,135,4.1945037841796875,0.0003823077065470905,0.0,0.19806708005046597,0.000580374796005238,,,,
135,0.0009987581288442016,adam,136,4.204560995101929,0.0003875163926562376,0.0,0.18863254056162543,0.0005761489421774279,,,,
136,0.0009987398516386747,adam,137,4.215721130371094,0.00037591800260181377,0.0,0.1828242523676364,0.0005587422636531362,,,,
137,0.000998721458017826,adam,138,4.226160526275635,0.00035826026294156094,0.0,0.19358858952595248,0.000551848861662478,,,,
138,0.0009987028315663338,adam,139,4.240375995635986,0.00036165188050044664,0.0,0.18361954111680084,0.0005452714303387078,,,,
139,0.0009986842051148415,adam,140,4.252310037612915,0.00035204717246563094,0.0,0.18313713305642498,0.000535184314220603,0.0022530934508304934,0.0,0.18351112631754507,0.0024366045858643494
140,0.0009986653458327055,adam,141,4.275061130523682,0.0003367174488233646,0.0,0.18254208125215282,0.000519259538745801,,,,
141,0.0009986462537199259,adam,142,4.287537574768066,0.00033719300559712363,0.0,0.17346147410995308,0.0005106544879460546,,,,
142,0.0009986271616071463,adam,143,4.302771091461182,0.00033095171433426205,0.0,0.1869043671488024,0.0005178560903605456,,,,
143,0.0009986079530790448,adam,144,4.314776182174683,0.0003178607544598113,0.0,0.16991643642984278,0.0004877771989602517,,,,
144,0.0009985885117202997,adam,145,4.328270673751831,0.0003157517151159853,0.0,0.17730373679947478,0.0004930554603369357,,,,
145,0.0009985689539462328,adam,146,4.340051651000977,0.00031247622080855596,0.0,0.1640976255962187,0.00047657385419899365,,,,
146,0.000998549279756844,adam,147,4.351855039596558,0.0003018018157372529,0.0,0.17207798572568717,0.0004738798096362058,,,,
147,0.0009985294891521335,adam,148,4.363276243209839,0.0002969382899202739,0.0,0.17681950419393264,0.0004737578025126823,,,,
148,0.000998509582132101,adam,149,4.3737952709198,0.0002951845638862891,0.0,0.16442079856380035,0.0004596053702596583,,,,
149,0.000998489442281425,adam,150,4.383353233337402,0.00028759889873671354,0.0,0.17634271046004857,0.0004639416175725914,,,,
150,0.000998469302430749,adam,151,4.393951416015625,0.0002813694734324018,0.0,0.1603992532064477,0.00044176873425740525,,,,
151,0.000998449046164751,adam,152,4.404514789581299,0.0002794766506040984,0.0,0.15648754817666727,0.00043596420621352537,,,,
152,0.0009984285570681095,adam,153,4.414889812469482,0.00027493966528190674,0.0,0.16328041875768062,0.0004382200917949911,,,,
153,0.0009984079515561461,adam,154,4.425102233886719,0.0002684668269274133,0.0,0.16244504031180262,0.0004309118749549413,,,,
154,0.000998387229628861,adam,155,4.435190677642822,0.00026568947637571047,0.0,0.16153854903304873,0.00042722803308142853,,,,
155,0.000998366391286254,adam,156,4.445679187774658,0.0002634243296851841,0.0,0.16839030681556416,0.00043181464449885867,,,,
156,0.0009983453201130033,adam,157,4.4577412605285645,0.00025795643556521475,0.0,0.15967852012311035,0.0004176349632726478,,,,
157,0.0009983242489397526,adam,158,4.469624996185303,0.00025345214055086206,0.0,0.15324838090061554,0.0004067005287303851,,,,
158,0.0009983029449358582,adam,159,4.485237121582031,0.0002515240272641596,0.0,0.1536449593104372,0.0004051689938723408,,,,
159,0.000998281524516642,adam,160,4.49931001663208,0.0002486982266869845,0.0,0.14385912534171919,0.00039255735886164545,0.001964419698970536,0.0,0.15495387522449425,0.0021193735815549447
160,0.000998260104097426,adam,161,4.537085771560669,0.00024393588879544306,0.0,0.15471426391500348,0.00039865016005897976,,,,
161,0.0009982383344322443,adam,162,4.553743600845337,0.000240239162971728,0.0,0.15909295039279858,0.0003993321209210363,,,,
162,0.0009982165647670627,adam,163,4.566599130630493,0.000238338133141349,0.0,0.14622583998490335,0.0003845639800716071,,,,
163,0.0009981946786865592,adam,164,4.582581281661987,0.00023553740949876196,0.0,0.1443654451468042,0.00037990286150255684,,,,
164,0.000998172559775412,adam,165,4.59345269203186,0.00023146553599129825,0.0,0.14722753245807385,0.0003786930754423047,,,,
165,0.0009981503244489431,adam,166,4.604257822036743,0.000228315807172856,0.0,0.1520608758416692,0.00038037669023702924,,,,
166,0.0009981279727071524,adam,167,4.614739418029785,0.00022645646895076026,0.0,0.14406669646759993,0.00037052317226116105,,,,
167,0.0009981055045500398,adam,168,4.624611139297485,0.00022446164473026393,0.0,0.14474719239902073,0.00036920884400440737,,,,
168,0.0009980829199776053,adam,169,4.636661529541016,0.00022114079412240104,0.0,0.14515933756609192,0.00036630013858319154,,,,
169,0.0009980601025745273,adam,170,4.674701452255249,0.0002176480466927754,0.0,0.14166505838950336,0.000359313111811008,,,,
170,0.0009980372851714492,adam,171,4.702992916107178,0.00021525447063166893,0.0,0.13336545010692072,0.0003486199270731086,,,,
171,0.0009980142349377275,adam,172,4.752821683883667,0.00021360388412118908,0.0,0.14164392422377114,0.0003552478150726856,,,,
172,0.0009979911847040057,adam,173,4.782138824462891,0.00021128880831588107,0.0,0.13847152331513646,0.000349760338208062,,,,
173,0.0009979679016396403,adam,174,4.810514450073242,0.0002084246906748495,0.0,0.1469879853286291,0.00035541268298503327,,,,
174,0.0009979445021599531,adam,175,4.834312677383423,0.0002055104312495314,0.0,0.13852517476826418,0.0003440356125973883,,,,
175,0.0009979208698496222,adam,176,4.845922946929932,0.00020337857584148326,0.0,0.13417511473083527,0.00033755369694529454,,,,
176,0.0009978972375392914,adam,177,4.860228538513184,0.000201672329069873,0.0,0.13327724794666623,0.0003349495833468688,,,,
177,0.0009978733723983169,adam,178,4.872072219848633,0.00019973145111565254,0.0,0.14338429564467509,0.0003431157535707162,,,,
178,0.0009978495072573423,adam,179,4.883975505828857,0.00019717673165490243,0.0,0.14649617711795973,0.0003436729157310572,,,,
179,0.0009978254092857242,adam,180,4.895177841186523,0.00019464819582672128,0.0,0.12894241879566795,0.0003235906207468255,0.001796740135402555,0.0,0.13459416466473786,0.0019313343064601726
180,0.0009978011948987842,adam,181,4.91768479347229,0.00019260925349042342,0.0,0.1295033378423078,0.0003221125974838097,,,,
181,0.0009977768640965223,adam,182,4.929658889770508,0.0001907601201350418,0.0,0.1336643182169388,0.000324424444700695,,,,
182,0.0009977523004636168,adam,183,4.941957235336304,0.00018907127571534822,0.0,0.13166979464448184,0.00032074107661380974,,,,
183,0.0009977278532460332,adam,184,4.954315185546875,0.00018729249540848023,0.0,0.12764890826848327,0.00031494140973996126,,,,
184,0.000997703056782484,adam,185,4.966445446014404,0.00018511951986922485,0.0,0.12388461257957763,0.00030900413833300584,,,,
185,0.000997678143903613,adam,186,4.978057146072388,0.00018295675184827422,0.0,0.12856779217905678,0.00031152455013397346,,,,
186,0.0009976532310247421,adam,187,4.989691734313965,0.0001810433101408754,0.0,0.1287770590512921,0.0003098203753087496,,,,
187,0.0009976279688999057,adam,188,5.001482009887695,0.00017918683529595205,0.0,0.13352795307928517,0.0003127147947174747,,,,
188,0.0009976027067750692,adam,189,5.012014389038086,0.00017751660108531215,0.0,0.1241125211655863,0.0003016291281459269,,,,
189,0.000997577328234911,adam,190,5.021992444992065,0.00017600021596099602,0.0,0.12770072356742987,0.0003037009455938848,,,,
190,0.000997551716864109,adam,191,5.033934831619263,0.00017436970192409224,0.0,0.11594077048615864,0.00029031047791714195,,,,
191,0.0009975259890779853,adam,192,5.045267820358276,0.00017273891976671272,0.0,0.12700285604091446,0.00029974178183993916,,,,
192,0.0009975002612918615,adam,193,5.0571208000183105,0.0001712966577628329,0.0,0.1260503917880809,0.0002973470555379861,,,,
193,0.0009974743006750941,adam,194,5.069674015045166,0.00016992573929480143,0.0,0.12336115723161639,0.00029328690238575837,,,,
194,0.000997448223643005,adam,195,5.0823657512664795,0.0001682689343492579,0.0,0.11082270201122052,0.0002790916416242743,,,,
195,0.000997421913780272,adam,196,5.094493627548218,0.00016668960976517791,0.0,0.11616622137110316,0.00028285583665388055,,,,
196,0.000997395720332861,adam,197,5.106308937072754,0.00016528886478360405,0.0,0.11850574785386501,0.00028379461826619006,,,,
197,0.0009973691776394844,adam,198,5.118316888809204,0.0001638211682039526,0.0,0.12346392933869799,0.00028728510340687255,,,,
198,0.000997342518530786,adam,199,5.129861831665039,0.0001625639283780406,0.0,0.12051689148015951,0.0002830808255824453,,,,
199,0.0009973157430067658,adam,200,5.140660762786865,0.0001618177093360554,0.0,0.1177601526981415,0.000279577867627504,0.0016546222517774835,0.0,0.12059607911727892,0.0017752183366227688
200,0.0009972888510674238,adam,201,5.162480115890503,0.00016143308533689074,0.0,0.12103713492827776,0.0002824702260141239,,,,
201,0.0009972619591280818,adam,202,5.173754692077637,0.00016196007842881517,0.0,0.1192174666463496,0.0002811775507376906,,,,
202,0.0009972347179427743,adam,203,5.185879468917847,0.00016420591316881284,0.0,0.11812381656053789,0.000282329735339931,,,,
203,0.0009972074767574668,adam,204,5.197899103164673,0.00016982385663296852,0.0,0.12666945106194005,0.00029649331371138466,,,,
204,0.0009971800027415156,adam,205,5.2089924812316895,0.00018124224628156437,0.0,0.109193787773948,0.000290436039241939,,,,
205,0.0009971524123102427,adam,206,5.219716787338257,0.0002056249668853597,0.0,0.11659016799145794,0.00032221514041455346,,,,
206,0.0009971247054636478,adam,207,5.229897737503052,0.00025031157796533013,0.0,0.10424166019103269,0.000354553243107576,,,,
207,0.000997096998617053,adam,208,5.2413170337677,0.0003263629320566838,0.0,0.11210702634338514,0.000438469963724867,,,,
208,0.0009970690589398146,adam,209,5.253253698348999,0.00042205396172619795,0.0,0.12554863576627157,0.0005476026034557098,,,,
209,0.0009970408864319324,adam,210,5.2652270793914795,0.0004831664728704012,0.0,0.11354896055709904,0.0005967154388207864,,,,
210,0.0009970127139240503,adam,211,5.276533126831055,0.00041700145264106576,0.0,0.11163551343526062,0.0005286369713787287,,,,
211,0.0009969843085855246,adam,212,5.288743019104004,0.00024624009831905933,0.0,0.11364666277867158,0.00035988676649565776,,,,
212,0.000996955786831677,adam,213,5.300120830535889,0.00014314619546572043,0.0,0.11164528890514518,0.0002547914896737323,,,,
213,0.0009969271486625075,adam,214,5.311250448226929,0.00020394768657280274,0.0,0.10796595231209985,0.00031191364401301016,,,,
214,0.000996898510493338,adam,215,5.32395076751709,0.0002993266607813535,0.0,0.11427830194520512,0.00041360496815448673,,,,
215,0.000996869639493525,adam,216,5.336501598358154,0.00027069958260782093,0.0,0.11497894046575728,0.0003856785285347848,,,,
216,0.0009968405356630683,adam,217,5.348016262054443,0.0001649918288257124,0.0,0.1078040502476265,0.00027279588419375656,,,,
217,0.0009968114318326116,adam,218,5.361804246902466,0.00014766129186346584,0.0,0.1072508908956527,0.0002549121878532625,,,,
218,0.0009967820951715112,adam,219,5.372931241989136,0.0002181048731053661,0.0,0.10616261190609244,0.00032426749005391205,,,,
219,0.000996752642095089,adam,220,5.384419202804565,0.00023116151113083814,0.0,0.11181498489636019,0.00034297650133812514,0.001563459420430525,0.0,0.11166551868652631,0.0016751249444208788
220,0.000996723072603345,adam,221,5.404979228973389,0.00016283492861358088,0.0,0.11375452110231027,0.00027658945511894095,,,,
221,0.000996693386696279,adam,222,5.41575813293457,0.00013658125414657153,0.0,0.11202967419787097,0.0002486109336655665,,,,
222,0.0009966635843738914,adam,223,5.425958871841431,0.00018156693751103593,0.0,0.11146032497084433,0.0002930272677759616,,,,
223,0.0009966336656361818,adam,224,5.436661005020142,0.00019584372526088245,0.0,0.10805178072205622,0.00030389551111512287,,,,
224,0.0009966036304831505,adam,225,5.4482057094573975,0.00015154192573147522,0.0,0.11014242234234664,0.0002616843533053062,,,,
225,0.0009965733624994755,adam,226,5.459835529327393,0.00013135834847428034,0.0,0.11115801917103695,0.00024251637292503988,,,,
226,0.0009965430945158005,adam,227,5.472647190093994,0.000160175642835387,0.0,0.10614705361577789,0.0002663227014928794,,,,
227,0.00099651247728616,adam,228,5.483578205108643,0.00016963209489155421,0.0,0.10249004589268532,0.0002721221456522555,,,,
228,0.0009964818600565195,adam,229,5.495251655578613,0.00013956917159844133,0.0,0.11006574230403296,0.00024963491913031655,,,,
229,0.0009964511264115572,adam,230,5.505958080291748,0.00012721227725344606,0.0,0.10322989789041571,0.00023044218004701883,,,,
230,0.000996420276351273,adam,231,5.517439842224121,0.00014696370301159494,0.0,0.10856805724573818,0.00025553176541403915,,,,
231,0.0009963891934603453,adam,232,5.529519557952881,0.00015237992691520067,0.0,0.10757773358201372,0.00025995766560688255,,,,
232,0.0009963581105694175,adam,233,5.541769504547119,0.0001314869085840404,0.0,0.10825112554204891,0.00023973803926774186,,,,
233,0.000996326794847846,adam,234,5.55437970161438,0.00012283548775059668,0.0,0.10871672049717183,0.00023155221341153564,,,,
234,0.0009962953627109528,adam,235,5.5673911571502686,0.0001351536657310837,0.0,0.10812144057833901,0.00024327511144491557,,,,
235,0.0009962638141587377,adam,236,5.579257488250732,0.00013949270435397105,0.0,0.09776855332613578,0.00023726126232386392,,,,
236,0.000996232032775879,adam,237,5.591393232345581,0.00012615607925309399,0.0,0.10437549384217182,0.00023053157805283576,,,,
237,0.000996200367808342,adam,238,5.602962493896484,0.00011843250808019118,0.0,0.11355701135195376,0.00023198952482581355,,,,
238,0.0009961683535948396,adam,239,5.615083456039429,0.00012564184655706296,0.0,0.10059475104214918,0.00022623660237720643,,,,
239,0.0009961363393813372,adam,240,5.625985145568848,0.0001304419133912311,0.0,0.10435017325408524,0.00023479209160168362,0.001502639476881731,0.0,0.10576119706144337,0.0016084006789665616
240,0.000996104092337191,adam,241,5.6443703174591064,0.00012252755157361414,0.0,0.10757593495072627,0.00023010349163392314,,,,
241,0.0009960717288777232,adam,242,5.6560657024383545,0.00011505319680412795,0.0,0.10560618129067216,0.00022065938311082456,,,,
242,0.0009960392490029335,adam,243,5.667368650436401,0.00011748128916418822,0.0,0.09983631514335392,0.00021731760904951267,,,,
243,0.0009960065362975001,adam,244,5.678290367126465,0.00012166187020832075,0.0,0.10497976193583666,0.00022664163713042855,,,,
244,0.0009959738235920668,adam,245,5.690282821655273,0.00011875226838209365,0.0,0.09948662748073173,0.00021823890058818662,,,,
245,0.0009959409944713116,adam,246,5.7020103931427,0.00011292425117094417,0.0,0.10271332690302233,0.00021563758295258775,,,,
246,0.0009959079325199127,adam,247,5.713382005691528,0.00011176622513680212,0.0,0.1041112692412706,0.00021587749932309265,,,,
247,0.0009958746377378702,adam,248,5.725507974624634,0.00011388723631355321,0.0,0.10928100762252158,0.00022316824912664413,,,,
248,0.0009958414593711495,adam,249,5.736941814422607,0.00011401207863633793,0.0,0.10576452776641389,0.00021977661142629732,,,,
249,0.0009958080481737852,adam,250,5.749876022338867,0.00011099961055261912,0.0,0.09909172122764359,0.0002100913364868669,,,,
250,0.000995774520561099,adam,251,5.76163911819458,0.0001083991499077306,0.0,0.10550955411748954,0.00021390870903665503,,,,
251,0.0009957407601177692,adam,252,5.773633241653442,0.00010820147755979949,0.0,0.107283680271875,0.00021548516292737587,,,,
252,0.0009957069996744394,adam,253,5.785625457763672,0.00010868206374141086,0.0,0.10002325626193527,0.00020870532475419587,,,,
253,0.000995673006400466,adam,254,5.796534538269043,0.00010816630817530367,0.0,0.10274539749340383,0.000210911710548852,,,,
254,0.0009956388967111707,adam,255,5.80948805809021,0.00010670743944089789,0.0,0.09572381818262023,0.00020243126217015553,,,,
255,0.0009956047870218754,adam,256,5.821362257003784,0.00010553780445333824,0.0,0.10328893083393624,0.00020882674019323544,,,,
256,0.0009955704445019364,adam,257,5.832543849945068,0.00010496266112572756,0.0,0.10416830903492162,0.00020913097510837835,,,,
257,0.0009955358691513538,adam,258,5.8434739112854,0.00010405099622226794,0.0,0.10631630363405746,0.00021036730490607883,,,,
258,0.0009955011773854494,adam,259,5.854760408401489,0.00010346923599600138,0.0,0.09751606595178902,0.000200985306579555,,,,
259,0.000995466485619545,adam,260,5.867526054382324,0.00010291298247841962,0.0,0.09721129343803739,0.00020012428053374569,0.0014011289504341708,0.0,0.10042856755595388,0.0015015575227602257
260,0.000995431561022997,adam,261,5.889310359954834,0.0001021421367484959,0.0,0.10446770144552815,0.0002066098431559736,,,,
261,0.000995396520011127,adam,262,5.901939630508423,0.00010116279162339178,0.0,0.09942456735826175,0.00020058736370406706,,,,
262,0.0009953613625839353,adam,263,5.91261625289917,9.994238120242458e-05,0.0,0.09837406860133474,0.00019831645447627685,,,,
263,0.0009953260887414217,adam,264,5.924044370651245,9.889592374157289e-05,0.0,0.09732571005992298,0.00019622163842421904,,,,
264,0.0009952906984835863,adam,265,5.935882091522217,9.835385363691473e-05,0.0,0.09578095767090011,0.00019413481585716622,,,,
265,0.000995255191810429,adam,266,5.9490861892700195,9.834260989595065e-05,0.0,0.09738564199745284,0.00019572825651897327,,,,
266,0.00099521956872195,adam,267,5.960504055023193,9.80669974850791e-05,0.0,0.09995190133165124,0.00019801890356419092,,,,
267,0.0009951837128028274,adam,268,5.973172426223755,9.710907540187941e-05,0.0,0.09604383787146097,0.0001931529178351779,,,,
268,0.0009951477404683828,adam,269,5.985769271850586,9.592954124847273e-05,0.0,0.098574281251393,0.00019450382718189286,,,,
269,0.0009951116517186165,adam,270,5.9974400997161865,9.464193925187402e-05,0.0,0.09928381810362225,0.00019392576207122458,,,,
270,0.0009950754465535283,adam,271,6.009235858917236,9.39246905109933e-05,0.0,0.09157716989872469,0.00018550186475940018,,,,
271,0.0009950391249731183,adam,272,6.020770072937012,9.37483407891891e-05,0.0,0.1005324518696647,0.00019428079743388904,,,,
272,0.0009950025705620646,adam,273,6.032963991165161,9.369576616009758e-05,0.0,0.09645311488157975,0.00019014888562295446,,,,
273,0.000994966016151011,adam,274,6.0436952114105225,9.337199656757649e-05,0.0,0.09484108507297109,0.00018821308614525739,,,,
274,0.0009949292289093137,adam,275,6.055444955825806,9.266668352995992e-05,0.0,0.0977503804080473,0.00019041706858090117,,,,
275,0.0009948923252522945,adam,276,6.067025184631348,9.194431030122845e-05,0.0,0.09254324925835314,0.00018448756395515005,,,,
276,0.0009948553051799536,adam,277,6.0799524784088135,9.100880790107187e-05,0.0,0.10490212241231127,0.00019591093529596658,,,,
277,0.0009948181686922908,adam,278,6.091684818267822,9.031557958085398e-05,0.0,0.09517160174465751,0.00018548718584592,,,,
278,0.0009947809157893062,adam,279,6.103593587875366,8.992642309606523e-05,0.0,0.0925858819219319,0.00018251230941559055,,,,
279,0.0009947435464709997,adam,280,6.114903211593628,8.94814264079397e-05,0.0,0.09719055290540285,0.0001866719839296461,0.001337400577043009,0.0,0.09566064709883466,0.0014330612286854805
280,0.0009947059443220496,adam,281,6.136877536773682,8.903877631595302e-05,0.0,0.09183813075827617,0.00018087691143630632,,,,
281,0.0009946683421730995,adam,282,6.149209976196289,8.818764006259287e-05,0.0,0.0915473906256487,0.0001797350350365093,,,,
282,0.000994630390778184,adam,283,6.161268472671509,8.731296491834512e-05,0.0,0.09795927544587008,0.0001852722450170311,,,,
283,0.0009945924393832684,adam,284,6.173398971557617,8.652440283952526e-05,0.0,0.09397838429253583,0.0001805027915957948,,,,
284,0.0009945544879883528,adam,285,6.185156345367432,8.596869966478748e-05,0.0,0.09533159417707834,0.00018130029836987358,,,,
285,0.0009945161873474717,adam,286,6.1981282234191895,8.581019099862293e-05,0.0,0.09156527790406646,0.00017737547325180674,,,,
286,0.0009944778867065907,adam,287,6.210071325302124,8.573673199731311e-05,0.0,0.09126730266848293,0.0001770040390007603,,,,
287,0.000994439353235066,adam,288,6.2227184772491455,8.596959161987377e-05,0.0,0.08870714266670934,0.0001746767384999463,,,,
288,0.0009944008197635412,adam,289,6.234267711639404,8.556814600833852e-05,0.0,0.09031482532987742,0.00017588297562793996,,,,
289,0.0009943620534613729,adam,290,6.245214939117432,8.503505901482765e-05,0.0,0.09210915328511449,0.00017714421667489218,,,,
290,0.0009943231707438827,adam,291,6.255005836486816,8.455799709783325e-05,0.0,0.08800483194117792,0.00017256283321901637,,,,
291,0.0009942841716110706,adam,292,6.265616416931152,8.458681984870812e-05,0.0,0.09249389081984817,0.00017708071506178038,,,,
292,0.000994244939647615,adam,293,6.276053428649902,8.489947427486393e-05,0.0,0.09083634909577099,0.00017573582768512998,,,,
293,0.0009942057076841593,adam,294,6.287359952926636,8.633866264812825e-05,0.0,0.09823123539920549,0.00018456990271306704,,,,
294,0.0009941663593053818,adam,295,6.299245595932007,9.03919708966424e-05,0.0,0.10167756322760206,0.00019206953895366957,,,,
295,0.0009941267780959606,adam,296,6.314594030380249,0.00010093845944929979,0.0,0.08748661338893954,0.00018842507699363048,,,,
296,0.0009940871968865395,adam,297,6.3270745277404785,0.0001261268755961183,0.0,0.09251742507639708,0.00021864430506685726,,,,
297,0.0009940473828464746,adam,298,6.338640213012695,0.00018421805285384689,0.0,0.09559169757254765,0.00027980975496675654,,,,
298,0.000994007452391088,adam,299,6.3554112911224365,0.000300964628274141,0.0,0.09745673461085713,0.00039842136751394466,,,,
299,0.0009939672891050577,adam,300,6.368444919586182,0.0004753999170264521,0.0,0.09374550172630876,0.0005691454232054332,0.001682683774892173,0.0,0.09500840352874745,0.0017776921829335773
300,0.0009939271258190274,adam,301,6.388431787490845,0.000585800477553006,0.0,0.0869567684763601,0.0006727572501595909,,,,
301,0.0009938868461176753,adam,302,6.39979887008667,0.0005101739354422061,0.0,0.09278529024228332,0.0006029592300915542,,,,
302,0.0009938463335856795,adam,303,6.410419940948486,0.00034155139531558506,0.0,0.09061064544670033,0.0004321620450660601,,,,
303,0.000993805704638362,adam,304,6.422120809555054,0.00028907394630787455,0.0,0.08551846345578812,0.0003745924138255717,,,,
304,0.0009937649592757225,adam,305,6.434663534164429,0.00023481180989871789,0.0,0.09000435448934202,0.00032481616866303733,,,,
305,0.0009937240974977612,adam,306,6.445346832275391,0.00014882375036605994,0.0,0.09353126213332562,0.00024235501694188212,,,,
306,0.0009936831193044782,adam,307,6.4564528465271,0.0002371708607081975,0.0,0.09010300487015002,0.0003272738698580106,,,,
307,0.0009936420246958733,adam,308,6.467062711715698,0.0003002188626504165,0.0,0.0938713312424562,0.00039409019835152167,,,,
308,0.0009936006972566247,adam,309,6.4778687953948975,0.00013406675452610182,0.0,0.08648998530793514,0.00022055674394209083,,,,
309,0.0009935593698173761,adam,310,6.489499092102051,0.00010266132759557991,0.0,0.08875393964296313,0.00019141527145412896,,,,
310,0.000993517809547484,adam,311,6.501747131347656,0.0002206736097216002,0.0,0.08167289909799105,0.00030234651269884583,,,,
311,0.0009934762492775917,adam,312,6.514887094497681,0.00016390645868834229,0.0,0.08533779609291653,0.0002492442588345866,,,,
312,0.000993434339761734,adam,313,6.526526927947998,0.00011239573362919537,0.0,0.08933804410807475,0.00020173378198059952,,,,
313,0.0009933924302458763,adam,314,6.541325569152832,0.00014704569028504137,0.0,0.08687595092801288,0.0002339216453394405,,,,
314,0.0009933504043146968,adam,315,6.555497407913208,0.00012070557572601892,0.0,0.08888023310907911,0.00020958581305668256,,,,
315,0.0009933081455528736,adam,316,6.56865119934082,0.00013669687016994183,0.0,0.08452867520143055,0.00022122554938626903,,,,
316,0.0009932658867910504,adam,317,6.58194637298584,0.00013417766512096362,0.0,0.08742930173487468,0.0002216069710085073,,,,
317,0.0009932233951985836,adam,318,6.5947253704071045,8.104662776229111e-05,0.0,0.08822645832572035,0.00016927309027854338,,,,
318,0.0009931809036061168,adam,319,6.606914758682251,0.0001236847895605498,0.0,0.08894175832507266,0.0002126265521101293,,,,
319,0.0009931380627676845,adam,320,6.6179039478302,0.00012998235277427483,0.0,0.089569072186948,0.00021955142921552547,0.0012612832517179093,0.0,0.08703924175861423,0.0013483224976106657
320,0.0009930952219292521,adam,321,6.637333154678345,7.990384048446731e-05,0.0,0.08862422420134838,0.00016852806889524046,,,,
321,0.000993052264675498,adam,322,6.6474363803863525,0.00010204683663406952,0.0,0.08710325209505992,0.00018915009286631193,,,,
322,0.000993009191006422,adam,323,6.65819787979126,0.00010693192655124854,0.0,0.0878073197332419,0.00019473925045511434,,,,
323,0.0009929658845067024,adam,324,6.6685850620269775,9.133958588767686e-05,0.0,0.08729096158146402,0.00017863055161523907,,,,
324,0.0009929225780069828,adam,325,6.679147720336914,9.753103732343216e-05,0.0,0.08988459830310735,0.00018741563989582884,,,,
325,0.0009928789222612977,adam,326,6.689683675765991,8.189158712556635e-05,0.0,0.08767333601521214,0.0001695649273050385,,,,
326,0.0009928353829309344,adam,327,6.69988489151001,8.989544458281585e-05,0.0,0.08515740048879299,0.00017505284911636834,,,,
327,0.0009927916107699275,adam,328,6.710679769515991,9.862500042936811e-05,0.0,0.08789825068046253,0.00018652325528477353,,,,
328,0.000992747605778277,adam,329,6.721033811569214,7.471793873383205e-05,0.0,0.08201958966172479,0.0001567375322912783,,,,
329,0.0009927036007866263,adam,330,6.735457420349121,8.08089773932829e-05,0.0,0.0820076191940746,0.00016281660048251038,,,,
330,0.000992659479379654,adam,331,6.7474939823150635,8.890645222582843e-05,0.0,0.08964674255034696,0.00017855319903416718,,,,
331,0.0009926151251420379,adam,332,6.761406660079956,7.717142961496128e-05,0.0,0.0761672499213845,0.00015333868315409602,,,,
332,0.0009925706544891,adam,333,6.7754034996032715,7.876730844657899e-05,0.0,0.08183425973146036,0.0001606015720649581,,,,
333,0.0009925260674208403,adam,334,6.788966417312622,7.751910468746279e-05,0.0,0.08589507747430472,0.00016341418624156478,,,,
334,0.0009924813639372587,adam,335,6.802195310592651,7.52684237404323e-05,0.0,0.07721785811060825,0.00015248628551869199,,,,
335,0.0009924365440383554,adam,336,6.8148088455200195,8.06111636908979e-05,0.0,0.08024461161474802,0.00016085577911706048,,,,
336,0.0009923916077241302,adam,337,6.827699661254883,7.352925239528469e-05,0.0,0.07928662588114396,0.0001528158820423413,,,,
337,0.0009923465549945831,adam,338,6.839051008224487,7.041006395336573e-05,0.0,0.08669557943353312,0.00015710564750471791,,,,
338,0.0009923012694343925,adam,339,6.849715232849121,7.664235424895267e-05,0.0,0.08469568492815732,0.00016133804319993917,,,,
339,0.00099225586745888,adam,340,6.859908580780029,7.333423096294174e-05,0.0,0.0850942308993548,0.00015842846590405563,0.0012213303181416917,0.0,0.08361918030266148,0.0013049495024160512
340,0.0009922103490680456,adam,341,6.8782453536987305,7.014460780474922e-05,0.0,0.08722273690090512,0.00015736734884851203,,,,
341,0.0009921648306772113,adam,342,6.888328552246094,7.17589256736746e-05,0.0,0.08196984644491717,0.00015372877601195056,,,,
342,0.0009921189630404115,adam,343,6.898636817932129,7.019803320832985e-05,0.0,0.0783543430107671,0.00014855237994072855,,,,
343,0.0009920730954036117,adam,344,6.910174608230591,7.100058872764413e-05,0.0,0.08896000937799912,0.00015996060233101697,,,,
344,0.00099202711135149,adam,345,6.921509265899658,7.102697270887628e-05,0.0,0.07914555208961849,0.00015017252855770678,,,,
345,0.0009919810108840466,adam,346,6.931977272033691,6.749190160953376e-05,0.0,0.08145948027157288,0.00014895138575022433,,,,
346,0.0009919346775859594,adam,347,6.942758321762085,6.80823280788285e-05,0.0,0.07713997763522501,0.00014522230937800583,,,,
347,0.0009918881114572287,adam,348,6.954333305358887,7.010948236214029e-05,0.0,0.08879859519458444,0.00015890808177443169,,,,
348,0.0009918416617438197,adam,349,6.967214345932007,6.781246483140383e-05,0.0,0.08633005285026928,0.0001541425217821306,,,,
349,0.0009917949791997671,adam,350,6.981471300125122,6.674541848367969e-05,0.0,0.0819111587797805,0.00014865658115403147,,,,
350,0.0009917480638250709,adam,351,6.994554281234741,6.702919910138136e-05,0.0,0.0802169854476272,0.00014724618835911093,,,,
351,0.0009917011484503746,adam,352,7.006601572036743,6.604170990173984e-05,0.0,0.07960305321230002,0.00014564476689498198,,,,
352,0.0009916541166603565,adam,353,7.01937198638916,6.634051456528089e-05,0.0,0.07792962190464142,0.00014427014017138074,,,,
353,0.0009916068520396948,adam,354,7.032650947570801,6.644169676077269e-05,0.0,0.07759622309933484,0.00014403792354573036,,,,
354,0.000991559587419033,adam,355,7.044424295425415,6.44815483684455e-05,0.0,0.08094463428128881,0.00014542618649439814,,,,
355,0.0009915119735524058,adam,356,7.056730270385742,6.426122481239133e-05,0.0,0.08060537134278745,0.00014486659998372848,,,,
356,0.0009914644761011004,adam,357,7.067245006561279,6.489984478418681e-05,0.0,0.07987441637315355,0.00014477426495117156,,,,
357,0.0009914166294038296,adam,358,7.078063011169434,6.401452584566084e-05,0.0,0.07897898781205906,0.00014299351740902053,,,,
358,0.0009913687827065587,adam,359,7.0882885456085205,6.35743188126867e-05,0.0,0.07965331399484618,0.00014322763659086228,,,,
359,0.000991320819593966,adam,360,7.0983357429504395,6.337653705019424e-05,0.0,0.07962331666142172,0.00014299985749352057,0.0011753145177573106,0.0,0.08048183514827227,0.001255796356728265
360,0.0009912726236507297,adam,361,7.117683410644531,6.266264651897889e-05,0.0,0.07878425586797815,0.0001414469061290084,,,,
361,0.0009912244277074933,adam,362,7.1278064250946045,6.235875683510582e-05,0.0,0.07360965548892598,0.00013596841582030282,,,,
362,0.0009911759989336133,adam,363,7.138386249542236,6.247793580561555e-05,0.0,0.07636298183838915,0.0001388409212710517,,,,
363,0.0009911274537444115,adam,364,7.148709058761597,6.198375802042257e-05,0.0,0.0777749442340108,0.00013975870594854498,,,,
364,0.0009910787921398878,adam,365,7.160245180130005,6.134545477135502e-05,0.0,0.07983676725957725,0.00014118222582297523,,,,
365,0.0009910300141200423,adam,366,7.1716578006744385,6.127320266511435e-05,0.0,0.08337503146131378,0.00014464823808652965,,,,
366,0.0009909810032695532,adam,367,7.1852333545684814,6.11065371761046e-05,0.0,0.08488408789332956,0.000145990629101212,,,,
367,0.000990931992419064,adam,368,7.197793006896973,6.0559506988338614e-05,0.0,0.08509337923415812,0.00014565289026421537,,,,
368,0.0009908827487379313,adam,369,7.210794925689697,6.045472989923742e-05,0.0,0.06902279201939196,0.00012947752519703608,,,,
369,0.0009908335050567985,adam,370,7.22426176071167,6.040348205602277e-05,0.0,0.07392271242027917,0.00013432619798744237,,,,
370,0.000990784028545022,adam,371,7.237814664840698,5.9855390076504425e-05,0.0,0.07713752043116309,0.00013699291417150315,,,,
371,0.0009907344356179237,adam,372,7.251803159713745,5.955305633883977e-05,0.0,0.07567288241823221,0.00013522594235134102,,,,
372,0.0009906847262755036,adam,373,7.2638304233551025,5.953992311372554e-05,0.0,0.07787921425143697,0.0001374191410642267,,,,
373,0.0009906349005177617,adam,374,7.276388168334961,5.9137174081039067e-05,0.0,0.08098956367360191,0.00014012674160143883,,,,
374,0.0009905848419293761,adam,375,7.2878639698028564,5.878194020516909e-05,0.0,0.07525364569854731,0.00013403558947807279,,,,
375,0.0009905346669256687,adam,376,7.299166202545166,5.859072833198738e-05,0.0,0.08182111598047295,0.00014041184819875478,,,,
376,0.0009904844919219613,adam,377,7.3104164600372314,5.834873731395872e-05,0.0,0.07422330741136213,0.00013257204825073876,,,,
377,0.0009904340840876102,adam,378,7.321592092514038,5.807259612783355e-05,0.0,0.07509023162373624,0.0001331628313181644,,,,
378,0.0009903835598379374,adam,379,7.335290908813477,5.778262189729537e-05,0.0,0.07996988972902824,0.00013775251542468955,,,,
379,0.0009903329191729426,adam,380,7.347153663635254,5.7497174664631576e-05,0.0,0.07671137564672544,0.00013420855395495184,0.0011345383393854972,0.0,0.07727604680956615,0.0012118143898654785
380,0.000990282162092626,adam,381,7.369049072265625,5.723848980629491e-05,0.0,0.07476798098568048,0.00013200647434326394,,,,
381,0.0009902312885969877,adam,382,7.379793882369995,5.695396244809541e-05,0.0,0.07716219967976126,0.0001341161657928645,,,,
382,0.0009901801822707057,adam,383,7.391892433166504,5.669605621947188e-05,0.0,0.0768826249703907,0.00013357868484159131,,,,
383,0.0009901290759444237,adam,384,7.403446435928345,5.6460634655874564e-05,0.0,0.07629931849677277,0.0001327599567766705,,,,
384,0.000990077736787498,adam,385,7.414631128311157,5.6215450899633504e-05,0.0,0.07518918593708337,0.00013140464040801156,,,,
385,0.0009900262812152505,adam,386,7.42551851272583,5.598774594602473e-05,0.0,0.07651259499966044,0.00013250034457983843,,,,
386,0.0009899747092276812,adam,387,7.436957120895386,5.574068114797012e-05,0.0,0.07594675117907598,0.00013168743593432321,,,,
387,0.00098992302082479,adam,388,7.448523998260498,5.552997382491834e-05,0.0,0.07234025429669863,0.00012787023155759467,,,,
388,0.000989871216006577,adam,389,7.460470676422119,5.5317394595985755e-05,0.0,0.07497483606768524,0.00013029223422478462,,,,
389,0.0009898191783577204,adam,390,7.473241567611694,5.509639869178212e-05,0.0,0.07904246270804123,0.00013413886515413888,,,,
390,0.0009897671407088637,adam,391,7.485739469528198,5.486954233135407e-05,0.0,0.07268305813939575,0.00012755260392300984,,,,
391,0.0009897148702293634,adam,392,7.4971022605896,5.4651086832032764e-05,0.0,0.07726379574365352,0.00013191488624551966,,,,
392,0.0009896624833345413,adam,393,7.5092034339904785,5.443571394821302e-05,0.0,0.07860738901323477,0.00013304310669509843,,,,
393,0.0009896100964397192,adam,394,7.520082712173462,5.4218991763185473e-05,0.0,0.07661969951422547,0.0001308386949166514,,,,
394,0.0009895573602989316,adam,395,7.531986951828003,5.3979377075294606e-05,0.0,0.07528821273271805,0.00012926759338401087,,,,
395,0.0009895047405734658,adam,396,7.54332160949707,5.3767532510068385e-05,0.0,0.07726397050575709,0.00013103150668566715,,,,
396,0.0009894517716020346,adam,397,7.555648326873779,5.35965843480663e-05,0.0,0.0724005967634977,0.0001259971845504078,,,,
397,0.0009893988026306033,adam,398,7.568707704544067,5.337500902134437e-05,0.0,0.07193116263226582,0.00012530617507015707,,,,
398,0.0009893456008285284,adam,399,7.583388090133667,5.318679854089141e-05,0.0,0.07076660269796027,0.00012395340460008493,,,,
399,0.0009892923990264535,adam,400,7.59722900390625,5.298530024478216e-05,0.0,0.07447355300663268,0.0001274588567887188,0.0010982539478925424,0.0,0.07407377860581608,0.0011723277300166742
400,0.000989238964393735,adam,401,7.618999242782593,5.285470708907119e-05,0.0,0.07966122508509048,0.00013251593595786683,,,,
401,0.0009891854133456945,adam,402,7.633166790008545,5.273247629227116e-05,0.0,0.07558489619078554,0.0001283173760731466,,,,
402,0.0009891317458823323,adam,403,7.644436597824097,5.265969596964591e-05,0.0,0.07124459786229029,0.00012390429721587302,,,,
403,0.0009890779620036483,adam,404,7.656838655471802,5.252790368332193e-05,0.0,0.0750099975557934,0.00012753790480189904,,,,
404,0.0009890239452943206,adam,405,7.669862508773804,5.254366935783337e-05,0.0,0.07274412789634811,0.00012528780070934217,,,,
405,0.0009889699285849929,adam,406,7.681167364120483,5.251164890254797e-05,0.0,0.07254679724350778,0.00012505844959184373,,,,
406,0.0009889157954603434,adam,407,7.692817211151123,5.258828092187428e-05,0.0,0.07368263189501947,0.00012627091631663097,,,,
407,0.0009888614295050502,adam,408,7.70461630821228,5.261087926639362e-05,0.0,0.07725360395044162,0.00012986448688618452,,,,
408,0.0009888069471344352,adam,409,7.718264818191528,5.290878432076443e-05,0.0,0.06952965790971596,0.00012243844553296195,,,,
409,0.0009887523483484983,adam,410,7.730452060699463,5.342709236201999e-05,0.0,0.07592091733996738,0.00012934801330803745,,,,
410,0.0009886977495625615,adam,411,7.74300217628479,5.456432034315258e-05,0.0,0.07124623533730971,0.00012581055906447689,,,,
411,0.0009886428015306592,adam,412,7.761608123779297,5.639115726262312e-05,0.0,0.07154236829837876,0.00012793352895908204,,,,
412,0.000988587737083435,adam,413,7.7758238315582275,5.991973940400288e-05,0.0,0.07027500537128023,0.00013019474811316675,,,,
413,0.000988532672636211,adam,414,7.78977632522583,6.621468724891362e-05,0.0,0.06950498494870894,0.0001357196754989322,,,,
414,0.000988477491773665,adam,415,7.801548004150391,7.820420208522899e-05,0.0,0.07188136922180359,0.0001500855747212144,,,,
415,0.0009884220780804753,adam,416,7.812384605407715,9.84606613757514e-05,0.0,0.07113069706038905,0.00016959136181466728,,,,
416,0.0009883665479719639,adam,417,7.822839975357056,0.00013508662275996136,0.0,0.07182434641771561,0.00020691097258915037,,,,
417,0.0009883109014481306,adam,418,7.833586692810059,0.0001940707268980082,0.0,0.0677988456021225,0.00026186957572040307,,,,
418,0.0009882551385089755,adam,419,7.844229459762573,0.0002858033619391841,0.0,0.07029875223926399,0.00035610211751745964,,,,
419,0.0009881992591544986,adam,420,7.856900215148926,0.00039346257397980083,0.0,0.07480201111519147,0.00046826458864789716,0.0015175315970356905,0.0,0.073951456451679,0.0015914830569998752
420,0.0009881432633846998,adam,421,7.877342700958252,0.0004745286061296905,0.0,0.07164890444181898,0.0005461775139746499,,,,
421,0.0009880870347842574,adam,422,7.889772176742554,0.0004300649218077568,0.0,0.07419548847744963,0.000504260413809303,,,,
422,0.0009880306897684932,adam,423,7.902116775512695,0.00025401692242272634,0.0,0.06932969996375078,0.00032334662567946117,,,,
423,0.000987974344752729,adam,424,7.913777112960815,7.833279683887263e-05,0.0,0.07476938290738096,0.0001531021832976087,,,,
424,0.000987917766906321,adam,425,7.926104784011841,6.804479786488942e-05,0.0,0.07072281580626297,0.0001387676170303059,,,,
425,0.0009878610726445913,adam,426,7.939074754714966,0.0001815821155430314,0.0,0.07384991158424986,0.00025543203063496385,,,,
426,0.0009878042619675398,adam,427,7.951765775680542,0.0002309724941753489,0.0,0.06995478420427358,0.00030092728170229646,,,,
427,0.0009877473348751664,adam,428,7.964338779449463,0.00014424117344966677,0.0,0.07240413411327865,0.00021664531100195724,,,,
428,0.0009876902913674712,adam,429,7.976914405822754,5.482735353035715e-05,0.0,0.07211123319944202,0.00012693859015489896,,,,
429,0.0009876330150291324,adam,430,7.988436460494995,8.569820014349437e-05,0.0,0.06457727313829126,0.0001502754763490415,,,,
430,0.0009875757386907935,adam,431,8.003506183624268,0.00015061994763122843,0.0,0.06796727690791957,0.00021858722776742042,,,,
431,0.000987518229521811,adam,432,8.014939308166504,0.00012437388334320544,0.0,0.06832326654829898,0.00019269715313668544,,,,
432,0.0009874606039375067,adam,433,8.025618553161621,6.006094777960191e-05,0.0,0.06944870260771456,0.00012950965368595284,,,,
433,0.0009874028619378805,adam,434,8.035515069961548,6.62844138376439e-05,0.0,0.07070441008133294,0.0001369888272772561,,,,
434,0.0009873450035229325,adam,435,8.045982599258423,0.0001081530416188224,0.0,0.06734618649218861,0.00017549923130978323,,,,
435,0.0009872870286926627,adam,436,8.056452751159668,9.692863672938904e-05,0.0,0.0694724406848887,0.00016640108071404162,,,,
436,0.0009872288210317492,adam,437,8.06878662109375,5.7795827732281525e-05,0.0,0.07299957600291626,0.0001307954072024916,,,,
437,0.0009871707297861576,adam,438,8.080028772354126,6.18483383799655e-05,0.0,0.06880904655909609,0.0001306573882073159,,,,
438,0.0009871122892946005,adam,439,8.09281587600708,8.622781416503094e-05,0.0,0.06785831720103101,0.00015408613458915907,,,,
439,0.0009870537323877215,adam,440,8.104522228240967,7.622527752042889e-05,0.0,0.07205803798377035,0.0001482833189267724,0.001075475814321123,0.0,0.06802027610082127,0.001143496093652734
440,0.0009869950590655208,adam,441,8.131579399108887,5.443737814927828e-05,0.0,0.07044982102673772,0.00012488720252220296,,,,
441,0.0009869362693279982,adam,442,8.144386529922485,5.953336292074847e-05,0.0,0.06614631371538687,0.00012567967977791664,,,,
442,0.0009868773631751537,adam,443,8.158036231994629,7.193329360075504e-05,0.0,0.06705504808250204,0.00013898834486820096,,,,
443,0.0009868183406069875,adam,444,8.169872522354126,6.378371447072784e-05,0.0,0.06823502635290529,0.00013201874406462298,,,,
444,0.0009867592016234994,adam,445,8.182582139968872,5.122845571140027e-05,0.0,0.06624429840762942,0.00011747275726546502,,,,
445,0.0009866998298093677,adam,446,8.194570779800415,5.653087356911222e-05,0.0,0.06604111831904737,0.00012257199502494439,,,,
446,0.000986640341579914,adam,447,8.206219673156738,6.276199848657335e-05,0.0,0.06633910362392412,0.0001291011052614358,,,,
447,0.0009865808533504605,adam,448,8.217424154281616,5.5662269680210126e-05,0.0,0.06596167644060312,0.00012162394925382477,,,,
448,0.0009865211322903633,adam,449,8.227593898773193,4.944087209521759e-05,0.0,0.06449977755019931,0.00011394065270899194,,,,
449,0.0009864612948149443,adam,450,8.23756456375122,5.38777212996097e-05,0.0,0.06850909835621918,0.00012238682290983645,,,,
450,0.0009864013409242034,adam,451,8.247965812683105,5.676926885253685e-05,0.0,0.0701304076594313,0.00012689967984298375,,,,
451,0.0009863412706181407,adam,452,8.258524417877197,5.1140584520104704e-05,0.0,0.06920760671758348,0.00012034819452487312,,,,
452,0.0009862809674814343,adam,453,8.270410776138306,4.745139037076553e-05,0.0,0.06521760230619465,0.00011266899577463007,,,,
453,0.000986220664344728,adam,454,8.281278848648071,5.1126470463904337e-05,0.0,0.062341463478757464,0.00011346793690372243,,,,
454,0.0009861602447926998,adam,455,8.293933629989624,5.275207652347493e-05,0.0,0.0666253812132881,0.00011937746090129884,,,,
455,0.000986099592410028,adam,456,8.306930541992188,4.8647955112561533e-05,0.0,0.06637421650477916,0.00011502217476994682,,,,
456,0.0009860388236120343,adam,457,8.318347692489624,4.63444612119545e-05,0.0,0.06138208404741145,0.0001077265481748585,,,,
457,0.0009859779383987188,adam,458,8.329996347427368,4.885579262822043e-05,0.0,0.06457728136821697,0.00011343307706369368,,,,
458,0.0009859170531854033,adam,459,8.343120098114014,5.034772422938424e-05,0.0,0.0684835598068167,0.00011883128728899548,,,,
459,0.0009858558187261224,adam,460,8.35439419746399,4.7336328386417805e-05,0.0,0.06371191178371771,0.00011104824319628894,0.0010284292935671977,0.0,0.0654669108064108,0.00109389620748312
460,0.0009857945842668414,adam,461,8.376464366912842,4.462342222327682e-05,0.0,0.0643750189166343,0.00010899844419756045,,,,
461,0.0009857332333922386,adam,462,8.388352632522583,4.602719964502445e-05,0.0,0.06512426682155258,0.00011115146955981373,,,,
462,0.0009856716496869922,adam,463,8.40087342262268,4.7920119896031094e-05,0.0,0.06313679238759277,0.00011105691528246058,,,,
463,0.000985609949566424,adam,464,8.412455320358276,4.649253248581533e-05,0.0,0.06396924612651617,0.00011046178165070765,,,,
464,0.0009855481330305338,adam,465,8.423159837722778,4.3948325522750675e-05,0.0,0.06805492362952058,0.00011200325238470667,,,,
465,0.0009854862000793219,adam,466,8.434024572372437,4.381949992468461e-05,0.0,0.05991852516937965,0.00010373802794004149,,,,
466,0.00098542426712811,adam,467,8.444275379180908,4.537554022005629e-05,0.0,0.061792482424850415,0.00010716802557989213,,,,
467,0.0009853621013462543,adam,468,8.45464277267456,4.5356603811382916e-05,0.0,0.05723525736600545,0.00010259186389591723,,,,
468,0.0009852997027337551,adam,469,8.465713262557983,4.372465244594956e-05,0.0,0.06566126977759729,0.00010938592534228981,,,,
469,0.0009852373041212559,adam,470,8.477707386016846,4.275913611868918e-05,0.0,0.06462210516830633,0.00010738124435638079,,,,
470,0.0009851747890934348,adam,471,8.489001989364624,4.339950692107353e-05,0.0,0.06565523910387554,0.00010905474914340558,,,,
471,0.000985112157650292,adam,472,8.499977588653564,4.4046293428408014e-05,0.0,0.06795376207806926,0.00011200005873410779,,,,
472,0.0009850491769611835,adam,473,8.511999368667603,4.337974514762963e-05,0.0,0.06453434174215995,0.00010791408995500633,,,,
473,0.000984986312687397,adam,474,8.524142503738403,4.236324788037527e-05,0.0,0.06503393237522886,0.00010739718334455017,,,,
474,0.0009849232155829668,adam,475,8.535123109817505,4.216060062659422e-05,0.0,0.06445012731271617,0.00010661073100052718,,,,
475,0.0009848600020632148,adam,476,8.547576904296875,4.2626789280862125e-05,0.0,0.06240917210843376,0.0001050359643535725,,,,
476,0.000984796672128141,adam,477,8.560848712921143,4.2680812900998784e-05,0.0,0.058744191294516385,0.00010142500698571454,,,,
477,0.0009847331093624234,adam,478,8.57711911201477,4.210186970077863e-05,0.0,0.05959197988326525,0.00010169385241451104,,,,
478,0.000984669546596706,adam,479,8.589799404144287,4.147487085387369e-05,0.0,0.06613618404622529,0.00010761105804139916,,,,
479,0.0009846057510003448,adam,480,8.60083556175232,4.1353303264186206e-05,0.0,0.058851367117642744,0.0001002046731771189,0.001001363163038493,0.0,0.06292462024674993,0.001064287786274002
480,0.0009845419554039836,adam,481,8.621756076812744,4.1619915892729865e-05,0.0,0.06141765967845769,0.00010303757848836986,,,,
481,0.0009844779269769788,adam,482,8.633212089538574,4.176479979495825e-05,0.0,0.06160834816484587,0.00010337315088604364,,,,
482,0.000984413898549974,adam,483,8.644192457199097,4.150705852744624e-05,0.0,0.06273245672816885,0.0001042395182352469,,,,
483,0.0009843496372923255,adam,484,8.654732704162598,4.1161101011640954e-05,0.0,0.062012125514478836,0.0001031732294715377,,,,
484,0.0009842851432040334,adam,485,8.665775060653687,4.074195610073363e-05,0.0,0.060041916746870524,0.00010078387569944217,,,,
485,0.0009842206491157413,adam,486,8.677101850509644,4.06431134969594e-05,0.0,0.06294865627314253,0.00010359177276000267,,,,
486,0.0009841560386121273,adam,487,8.68910026550293,4.055812819003224e-05,0.0,0.059970962659280216,0.00010052909369778033,,,,
487,0.0009840911952778697,adam,488,8.70102596282959,4.0389196045893545e-05,0.0,0.05714069420575054,9.752989296568143e-05,,,,
488,0.000984026351943612,adam,489,8.71248459815979,4.016382139218292e-05,0.0,0.06644221232858491,0.00010660603687660358,,,,
489,0.0009839612757787108,adam,490,8.723776578903198,3.986077593801759e-05,0.0,0.06016058230531696,0.00010002136110080888,,,,
490,0.0009838960831984878,adam,491,8.73450517654419,3.9703314413292056e-05,0.0,0.06248227389237658,0.00010218559127341739,,,,
491,0.0009838307742029428,adam,492,8.747259378433228,3.957915729551251e-05,0.0,0.06328574294330187,0.00010286490324472588,,,,
492,0.0009837653487920761,adam,493,8.759804010391235,3.9481969853749425e-05,0.0,0.06307495138456701,0.00010255692423421586,,,,
493,0.0009836998069658875,adam,494,8.772375583648682,3.941822445592326e-05,0.0,0.0651745284760255,0.00010459275602757276,,,,
494,0.0009836341487243772,adam,495,8.785273790359497,3.9209779963484075e-05,0.0,0.06164751229977507,0.00010085729519135886,,,,
495,0.0009835682576522231,adam,496,8.79611325263977,3.903374522405723e-05,0.0,0.06595082083522188,0.00010498456919177502,,,,
496,0.000983502366580069,adam,497,8.808732509613037,3.883497410939618e-05,0.0,0.05774362122193181,9.657859807400283e-05,,,,
497,0.0009834362426772714,adam,498,8.820024490356445,3.8736176537735436e-05,0.0,0.06630873850677352,0.00010504491819400503,,,,
498,0.0009833700023591518,adam,499,8.831647157669067,3.8640465314463856e-05,0.0,0.058020395507123616,9.666086357740838e-05,,,,
499,0.0009833037620410323,adam,500,8.84179162979126,3.853515488509664e-05,0.0,0.06130717604267677,9.984233383970802e-05,0.0009700475734413132,0.0,0.06038987709900698,0.0010304374534086855
500,0.0009832371724769473,adam,501,8.85975170135498,3.831146646139733e-05,0.0,0.05707769501664918,9.538916418909155e-05,,,,
501,0.0009831705829128623,adam,502,8.870330810546875,3.8121547981828963e-05,0.0,0.06146448063248644,9.958603153372158e-05,,,,
502,0.0009831038769334555,adam,503,8.880912780761719,3.795588158237872e-05,0.0,0.06373135831452326,0.00010168724292397907,,,,
503,0.0009830370545387268,adam,504,8.893481731414795,3.7885229044053466e-05,0.0,0.059109154017141355,9.699438586872899e-05,,,,
504,0.0009829701157286763,adam,505,8.905915021896362,3.778182986755935e-05,0.0,0.06319796377647224,0.0001009797966457738,,,,
505,0.0009829029440879822,adam,506,8.920360088348389,3.7660400747065654e-05,0.0,0.060830144760059206,9.849054839640171e-05,,,,
506,0.0009828356560319662,adam,507,8.933101892471313,3.748736543867356e-05,0.0,0.06136612529830064,9.885349365170875e-05,,,,
507,0.0009827683679759502,adam,508,8.94624400138855,3.7363981208439146e-05,0.0,0.057907780634981976,9.527176459389311e-05,,,,
508,0.0009827008470892906,adam,509,8.9587721824646,3.7330890387589894e-05,0.0,0.06026334160637763,9.759423485632265e-05,,,,
509,0.0009826332097873092,adam,510,8.971856117248535,3.727608759096027e-05,0.0,0.061405476240263476,9.868156674782737e-05,,,,
510,0.000982565339654684,adam,511,8.984420776367188,3.7255442779652314e-05,0.0,0.06307164124460289,0.00010032708701999743,,,,
511,0.0009824975859373808,adam,512,8.995043516159058,3.703086353517512e-05,0.0,0.06066261113114091,9.769347754763544e-05,,,,
512,0.000982429482974112,adam,513,9.007092237472534,3.69286834041179e-05,0.0,0.058555276994174066,9.548396317951838e-05,,,,
513,0.0009823612635955215,adam,514,9.018493890762329,3.679867940549247e-05,0.0,0.058101505159000894,9.490018732416679e-05,,,,
514,0.0009822931606322527,adam,515,9.030729532241821,3.670585874350606e-05,0.0,0.05812966585585001,9.483552736036705e-05,,,,
515,0.0009822245920076966,adam,516,9.041717767715454,3.6627098680286477e-05,0.0,0.05787113630585401,9.449823773487197e-05,,,,
516,0.0009821561397984624,adam,517,9.051907539367676,3.647566399102207e-05,0.0,0.06155170791205041,9.802737482662173e-05,,,,
517,0.0009820874547585845,adam,518,9.062190055847168,3.6290398843905554e-05,0.0,0.0618311343017181,9.812153608244495e-05,,,,
518,0.0009820186533033848,adam,519,9.072864532470703,3.598311872993685e-05,0.0,0.05493336133062538,9.091648266975689e-05,,,,
519,0.0009819496190175414,adam,520,9.083691358566284,3.580157211052134e-05,0.0,0.055299941163840724,9.110151590096833e-05,0.000944444510026229,0.0,0.05800123725790283,0.0010024457500390428
520,0.0009818807011470199,adam,521,9.102066040039062,3.568448142611867e-05,0.0,0.05768668528872042,9.337116945480961e-05,,,,
521,0.0009818114340305328,adam,522,9.113712072372437,3.5648178412045434e-05,0.0,0.058002248884370035,9.365043005137446e-05,,,,
522,0.0009817421669140458,adam,523,9.125485181808472,3.562557153760717e-05,0.0,0.055014032177761005,9.06396063283945e-05,,,,
523,0.0009816726669669151,adam,524,9.13693380355835,3.55887279871361e-05,0.0,0.05662053082358341,9.220926150005043e-05,,,,
524,0.0009816031670197845,adam,525,9.149052143096924,3.556848280745279e-05,0.0,0.06098729363143377,9.655577933562757e-05,,,,
525,0.0009815334342420101,adam,526,9.162506818771362,3.578550193977329e-05,0.0,0.06040488498437438,9.619038979322576e-05,,,,
526,0.000981463585048914,adam,527,9.17575478553772,3.5988049491692864e-05,0.0,0.05790449848243705,9.389255072444602e-05,,,,
527,0.000981393619440496,adam,528,9.188207626342773,3.686236128855609e-05,0.0,0.06238290112423704,9.924526537582195e-05,,,,
528,0.0009813235374167562,adam,529,9.200171709060669,3.8275894193531e-05,0.0,0.06044219383632442,9.871809090070558e-05,,,,
529,0.0009812533389776945,adam,530,9.210785388946533,4.213576970422347e-05,0.0,0.05854243746400302,0.00010067820994884306,,,,
530,0.0009811829077079892,adam,531,9.223384857177734,4.7959173300469345e-05,0.0,0.056527333192771825,0.00010448650917814544,,,,
531,0.000981112476438284,adam,532,9.234111309051514,6.0249903540658185e-05,0.0,0.05491968564391937,0.00011516959179312265,,,,
532,0.000981041812337935,adam,533,9.245610237121582,8.155769022442834e-05,0.0,0.0582975065973854,0.00013985519959079673,,,,
533,0.0009809710318222642,adam,534,9.25617265701294,0.00012078659580308224,0.0,0.055931605987563235,0.0001767182044472542,,,,
534,0.0009809002513065934,adam,535,9.266847848892212,0.0001805232027047788,0.0,0.05682481360696863,0.00023734801901078125,,,,
535,0.000980829237960279,adam,536,9.277473449707031,0.0002584875791471989,0.0,0.0547455586444388,0.0003132331403919122,,,,
536,0.0009807581081986427,adam,537,9.287544012069702,0.0003106030605896225,0.0,0.060333253956521504,0.0003709363174118198,,,,
537,0.0009806868620216846,adam,538,9.29791522026062,0.00029005063868099625,0.0,0.05949216207513423,0.00034954280358185654,,,,
538,0.0009806154994294047,adam,539,9.30950403213501,0.00018130415184660118,0.0,0.05619204556920758,0.0002374962000847877,,,,
539,0.0009805439040064812,adam,540,9.321003913879395,8.66681888675639e-05,0.0,0.0490245196947938,0.00013569271089089745,0.0010061174950685588,0.0,0.05624611910494505,0.0010623636168450511
540,0.0009804723085835576,adam,541,9.342370986938477,9.625385889593226e-05,0.0,0.05951881297211841,0.0001557726746950426,,,,
541,0.0009804005967453122,adam,542,9.35509967803955,0.0001500546857742888,0.0,0.058727461311880516,0.00020878214987557405,,,,
542,0.0009803286520764232,adam,543,9.368250370025635,0.00013647559021462224,0.0,0.05674923117088533,0.0001932248240809514,,,,
543,0.0009802565909922123,adam,544,9.382330894470215,5.9436719126627934e-05,0.0,0.058805467077727325,0.00011824218899746507,,,,
544,0.0009801844134926796,adam,545,9.39626932144165,4.173006658699689e-05,0.0,0.05453881619326832,9.626888537071998e-05,,,,
545,0.000980112119577825,adam,546,9.408780574798584,9.676242138955176e-05,0.0,0.05090915717310493,0.0001476715809807119,,,,
546,0.0009800397092476487,adam,547,9.420533895492554,0.00011095362538166959,0.0,0.05695064957630769,0.00016790427766298798,,,,
547,0.0009799671825021505,adam,548,9.43334412574768,6.635891843070897e-05,0.0,0.05412875405861006,0.0001204876750602969,,,,
548,0.0009798945393413305,adam,549,9.444226026535034,4.6285672400724274e-05,0.0,0.0534537580252835,9.973943296492504e-05,,,,
549,0.0009798217797651887,adam,550,9.454572439193726,7.084534785485864e-05,0.0,0.05339990498118235,0.00012424525537240038,,,,
550,0.0009797487873584032,adam,551,9.465008974075317,7.031370701129923e-05,0.0,0.054473594018162916,0.00012478730361681903,,,,
551,0.0009796757949516177,adam,552,9.474833250045776,4.116209542080434e-05,0.0,0.054647888682991676,9.580998669943145e-05,,,,
552,0.0009796024532988667,adam,553,9.485727071762085,4.558363795988894e-05,0.0,0.05632665217943975,0.00010191029281470111,,,,
553,0.0009795292280614376,adam,554,9.495997667312622,6.94009410189004e-05,0.0,0.05532420559768682,0.00012472514924434598,,,,
554,0.0009794557699933648,adam,555,9.506339073181152,5.9402661092243826e-05,0.0,0.05521412747352662,0.00011461679118830078,,,,
555,0.0009793821955099702,adam,556,9.523834943771362,3.8544922240780816e-05,0.0,0.05100033506635115,8.954525972951789e-05,,,,
556,0.0009793085046112537,adam,557,9.534675359725952,4.526594465146561e-05,0.0,0.05281784686689202,9.808379402707074e-05,,,,
557,0.0009792345808818936,adam,558,9.54703140258789,5.193065703130605e-05,0.0,0.05648162399261847,0.0001084122837066577,,,,
558,0.0009791606571525335,adam,559,9.559343814849854,4.002618793627382e-05,0.0,0.055852883103272605,9.587907369241601e-05,,,,
559,0.0009790866170078516,adam,560,9.57123327255249,3.6522461558473184e-05,0.0,0.05455836514351103,9.10808292933675e-05,0.000931544875706188,0.0,0.05413838744598428,0.0009856832657236076
560,0.0009790124604478478,adam,561,9.597886085510254,4.862159612197213e-05,0.0,0.05446266641127223,0.00010308426512008221,,,,
561,0.0009789379546418786,adam,562,9.610006332397461,4.9535769735829376e-05,0.0,0.05344591732937292,0.00010298168960374716,,,,
562,0.0009788635652512312,adam,563,9.622080087661743,3.7159068099399866e-05,0.0,0.05306296345890274,9.022203407865813e-05,,,,
563,0.0009787889430299401,adam,564,9.633788108825684,3.665784004632917e-05,0.0,0.05657618576786294,9.323402850141673e-05,,,,
564,0.0009787142043933272,adam,565,9.645727157592773,4.262893206212418e-05,0.0,0.055488947902554965,9.811788260026275e-05,,,,
565,0.0009786394657567143,adam,566,9.657391786575317,3.815233875700023e-05,0.0,0.0522127707623056,9.036511199927936e-05,,,,
566,0.000978564377874136,adam,567,9.667954444885254,3.3266727626908036e-05,0.0,0.04806252011537231,8.132925002512755e-05,,,,
567,0.0009784892899915576,adam,568,9.678304195404053,3.812805753558989e-05,0.0,0.0499128252855291,8.804088519185098e-05,,,,
568,0.0009784140856936574,adam,569,9.68847131729126,4.177853859024596e-05,0.0,0.05508577408380709,9.686431529048691e-05,,,,
569,0.0009783386485651135,adam,570,9.698872804641724,3.731311005201336e-05,0.0,0.04931085991890709,8.662397231306062e-05,,,,
570,0.0009782630950212479,adam,571,9.708251714706421,3.450000885460328e-05,0.0,0.05385225885244634,8.835227026489468e-05,,,,
571,0.0009781875414773822,adam,572,9.719313144683838,3.621301572117007e-05,0.0,0.05017835076275268,8.639136886726652e-05,,,,
572,0.000978111638687551,adam,573,9.732211828231812,3.600919479708585e-05,0.0,0.05332144572558385,8.933064305530248e-05,,,,
573,0.0009780358523130417,adam,574,9.743608713150024,3.2137870997337264e-05,0.0,0.050205876752472005,8.234375013446046e-05,,,,
574,0.0009779598331078887,adam,575,9.755283117294312,3.1870789277723634e-05,0.0,0.050422482497784346,8.229327417044738e-05,,,,
575,0.000977883581072092,adam,576,9.766770601272583,3.501575408196728e-05,0.0,0.05434103421992338,8.93567908829513e-05,,,,
576,0.0009778074454516172,adam,577,9.77988600730896,3.519779141487689e-05,0.0,0.04980436734456316,8.500216112502056e-05,,,,
577,0.000977730960585177,adam,578,9.792784929275513,3.363772133619073e-05,0.0,0.04741861829552501,8.105634188397925e-05,,,,
578,0.0009776544757187366,adam,579,9.807069063186646,3.36162356860369e-05,0.0,0.05410930995209602,8.772554820818724e-05,,,,
579,0.0009775777580216527,adam,580,9.819647312164307,3.483347524087123e-05,0.0,0.049315934593114376,8.41494121763668e-05,0.0008972692817258919,0.0,0.05145367395394057,0.0009487229581237508
580,0.0009775010403245687,adam,581,9.841646671295166,3.3681333813067396e-05,0.0,0.05101642426369632,8.469776049991384e-05,,,,
581,0.0009774240897968411,adam,582,9.85316014289856,3.133558529403871e-05,0.0,0.05293743612425672,8.427302393268873e-05,,,,
582,0.0009773470228537917,adam,583,9.864888429641724,3.106433952552902e-05,0.0,0.05294890989678225,8.401325193724954e-05,,,,
583,0.0009772698394954205,adam,584,9.875255823135376,3.1952686453858784e-05,0.0,0.05272635066100938,8.467903961923543e-05,,,,
584,0.0009771926561370492,adam,585,9.885792970657349,3.1588502868356164e-05,0.0,0.050202850543774165,8.179135579663779e-05,,,,
585,0.0009771152399480343,adam,586,9.895675897598267,3.1219208468828816e-05,0.0,0.051291243759350395,8.251045466438257e-05,,,,
586,0.0009770375909283757,adam,587,9.90620732307434,3.2008858402213496e-05,0.0,0.050073988866417174,8.208284964701751e-05,,,,
587,0.0009769599419087172,adam,588,9.916054725646973,3.285633434439711e-05,0.0,0.05209582160254988,8.495215842136574e-05,,,,
588,0.000976882060058415,adam,589,9.927427053451538,3.297333747466005e-05,0.0,0.04948401438160815,8.245735420663276e-05,,,,
589,0.0009768041782081127,adam,590,9.939795732498169,3.231847210157836e-05,0.0,0.04942603040999316,8.174450485918199e-05,,,,
590,0.0009767260635271668,adam,591,9.952849864959717,3.251009871133242e-05,0.0,0.05155772468588227,8.406782584607521e-05,,,,
591,0.000976647948846221,adam,592,9.965718984603882,3.271112835006991e-05,0.0,0.051669497481066404,8.438062828530575e-05,,,,
592,0.0009765696013346314,adam,593,9.979300737380981,3.241746828759724e-05,0.0,0.0497746758317587,8.219214648352618e-05,,,,
593,0.0009764910792000592,adam,594,9.992259979248047,3.1635709326344695e-05,0.0,0.053974886059475494,8.561059794948972e-05,,,,
594,0.0009764125570654869,adam,595,10.005437850952148,3.1220564754059255e-05,0.0,0.050554425827929364,8.1774992983195e-05,,,,
595,0.0009763338603079319,adam,596,10.018094778060913,3.0756318288896414e-05,0.0,0.04779992447435854,7.855624503362953e-05,,,,
596,0.0009762549889273942,adam,597,10.030603170394897,3.0333338843780527e-05,0.0,0.04949447515984296,7.982781635448491e-05,,,,
597,0.0009761760011315346,adam,598,10.042256593704224,2.9682542127925174e-05,0.0,0.050226058656124506,7.990860316965945e-05,,,,
598,0.0009760968969203532,adam,599,10.054224967956543,2.942955846798932e-05,0.0,0.04827904816550524,7.770860892662631e-05,,,,
599,0.0009760176762938499,adam,600,10.066792249679565,2.9283667415605845e-05,0.0,0.048074249232268496,7.735791893127866e-05,0.0008765759285473259,0.0,0.049262316872597536,0.0009258382477597579
600,0.0009759383974596858,adam,601,10.087206363677979,2.9130843754556065e-05,0.0,0.050174935959247914,7.930578209698556e-05,,,,
601,0.0009758590022101998,adam,602,10.097677230834961,2.8871330892812023e-05,0.0,0.04777321515522376,7.664454831714174e-05,,,,
602,0.0009757792577147484,adam,603,10.107988834381104,2.8654956634583517e-05,0.0,0.049768947793716274,7.842390679219796e-05,,,,
603,0.0009756995714269578,adam,604,10.11849045753479,2.8571949916680876e-05,0.0,0.05087578851083756,7.944774084398872e-05,,,,
604,0.0009756197105161846,adam,605,10.129675388336182,2.8642792977357475e-05,0.0,0.04911607690322262,7.775887221346857e-05,,,,
605,0.0009755397331900895,adam,606,10.14101767539978,2.8565279171562747e-05,0.0,0.04493277325840368,7.349805456415863e-05,,,,
606,0.0009754596394486725,adam,607,10.153093338012695,2.8415304126693215e-05,0.0,0.049679009138052295,7.809431562437183e-05,,,,
607,0.0009753793710842729,adam,608,10.164808511734009,2.8265421602957347e-05,0.0,0.04818728932754421,7.645271321927499e-05,,,,
608,0.0009752989863045514,adam,609,10.176796913146973,2.8267223874611888e-05,0.0,0.04842609909683397,7.669332527156215e-05,,,,
609,0.000975218543317169,adam,610,10.189247369766235,2.839167100012468e-05,0.0,0.04839377922716011,7.678545252586596e-05,,,,
610,0.0009751379257068038,adam,611,10.203689575195312,2.8478394276585102e-05,0.0,0.048077914782339304,7.655631134250282e-05,,,,
611,0.0009750571916811168,adam,612,10.217448472976685,2.8770072988290295e-05,0.0,0.046683084078357945,7.545315928397575e-05,,,,
612,0.0009749762830324471,adam,613,10.228631734848022,2.9263394555983948e-05,0.0,0.04636717216661643,7.563056892492288e-05,,,,
613,0.0009748952579684556,adam,614,10.241814613342285,3.026404389500953e-05,0.0,0.04641312560440487,7.667717170391958e-05,,,,
614,0.0009748141164891422,adam,615,10.253384113311768,3.184081837755035e-05,0.0,0.046153939925364595,7.799476049510946e-05,,,,
615,0.000974732858594507,adam,616,10.265172958374023,3.518851023149687e-05,0.0,0.04566866150285902,8.085717390350091e-05,,,,
616,0.000974651426076889,adam,617,10.276575326919556,4.1150298164442135e-05,0.0,0.049495770571997486,9.064607108736257e-05,,,,
617,0.0009745699353516102,adam,618,10.287255048751831,5.277337208587278e-05,0.0,0.0484527112976969,0.00010122608568494996,,,,
618,0.0009744883864186704,adam,619,10.29750657081604,7.294212570620175e-05,0.0,0.045965316846631674,0.00011890744473606882,,,,
619,0.000974406604655087,adam,620,10.308583736419678,0.00011099723924101062,0.0,0.05110158514352403,0.0001620988268117297,0.000964459594930236,0.0,0.04856967006371275,0.0010130292673008843
620,0.0009743247064761817,adam,621,10.326751470565796,0.00017651721061984934,0.0,0.04964946938807268,0.00022616668236614528,,,,
621,0.0009742426918819547,adam,622,10.338937044143677,0.000285440345147906,0.0,0.04903803960359977,0.0003344783870806877,,,,
622,0.0009741605026647449,adam,623,10.351625204086304,0.0004306900079212901,0.0,0.05362073180842628,0.0004843107422765645,,,,
623,0.0009740781388245523,adam,624,10.365082502365112,0.0005720799431090972,0.0,0.049786842552393684,0.000621866788026239,,,,
624,0.0009739958331920207,adam,625,10.37699294090271,0.0005764627473376658,0.0,0.05307655380285223,0.0006295393036615191,,,,
625,0.0009739132365211844,adam,626,10.389566898345947,0.0003746181731460936,0.0,0.05193653928758231,0.0004265547149005292,,,,
626,0.0009738306398503482,adam,627,10.403327465057373,0.00010217334514744986,0.0,0.04749109159421193,0.0001496644389973676,,,,
627,0.0009737478103488684,adam,628,10.416903018951416,3.9176063933162725e-05,0.0,0.05098158112625824,9.015764748091613e-05,,,,
628,0.0009736649226397276,adam,629,10.429948568344116,0.00019091062329845338,0.0,0.042159938021535726,0.00023307056332247871,,,,
629,0.0009735818603076041,adam,630,10.442457437515259,0.00027244320150636566,0.0,0.04898844174118492,0.00032143164557437673,,,,
630,0.0009734987397678196,adam,631,10.454532861709595,0.0001486443476091326,0.0,0.04526021217166068,0.00019390456193053802,,,,
631,0.0009734154446050525,adam,632,10.46681022644043,3.0465195703481673e-05,0.0,0.04797245560795642,7.843765359000747e-05,,,,
632,0.0009733319748193026,adam,633,10.47867202758789,9.817159372183405e-05,0.0,0.04746756941046533,0.00014563916538688795,,,,
633,0.0009732484468258917,adam,634,10.489076852798462,0.00017477633592814117,0.0,0.05003247920900733,0.00022480881751356374,,,,
634,0.0009731647442094982,adam,635,10.500377655029297,9.698666942049706e-05,0.0,0.045612851719699865,0.00014259952330669112,,,,
635,0.0009730809833854437,adam,636,10.511263608932495,2.9661832021089872e-05,0.0,0.04878638703665573,7.844822137497464e-05,,,,
636,0.0009729970479384065,adam,637,10.521722793579102,8.818537432596145e-05,0.0,0.04729455895316067,0.00013547993552549313,,,,
637,0.0009729129378683865,adam,638,10.536131858825684,0.00011540712414369015,0.0,0.043487510236463744,0.0001588946364456998,,,,
638,0.0009728287113830447,adam,639,10.547600030899048,5.030597133916941e-05,0.0,0.0453841954552375,9.569016895004054e-05,,,,
639,0.000972744426690042,adam,640,10.559823751449585,3.692876577955757e-05,0.0,0.04374019098214149,8.066895883924666e-05,0.0009067610709506368,0.0,0.045330934444150546,0.0009520920075478912
640,0.0009726600255817175,adam,641,10.58116626739502,8.372961516304064e-05,0.0,0.04510458480852656,0.00012883420211392,,,,
641,0.0009725754498504102,adam,642,10.593481540679932,7.071490111914001e-05,0.0,0.042617461815512514,0.00011333236495887335,,,,
642,0.0009724907577037811,adam,643,10.606751918792725,3.0133736642048796e-05,0.0,0.042650433993417024,7.278417266125273e-05,,,,
643,0.0009724059491418302,adam,644,10.61969542503357,4.912701265268968e-05,0.0,0.04504759968076495,9.41746144731008e-05,,,,
644,0.0009723210241645575,adam,645,10.633481502532959,6.87031072509609e-05,0.0,0.04396455316644578,0.0001126676625056109,,,,
645,0.0009722359827719629,adam,646,10.6447172164917,3.991786661153884e-05,0.0,0.044792308970417694,8.471017770947705e-05,,,,
646,0.0009721506503410637,adam,647,10.658517360687256,3.1276983980305144e-05,0.0,0.04165190517027427,7.292889112893875e-05,,,,
647,0.0009720654343254864,adam,648,10.669971227645874,5.374456851064262e-05,0.0,0.04380739849378193,9.755196908516433e-05,,,,
648,0.0009719799854792655,adam,649,10.681701183319092,4.72788749337431e-05,0.0,0.04553333076977842,9.281220786623869e-05,,,,
649,0.0009718943620100617,adam,650,10.691996097564697,2.8244493346289032e-05,0.0,0.04166983061125819,6.991432593675797e-05,,,,
650,0.0009718086803331971,adam,651,10.70244836807251,3.824134417559745e-05,0.0,0.04254516964497294,8.078651584135751e-05,,,,
651,0.0009717228822410107,adam,652,10.712491750717163,4.6900162342466166e-05,0.0,0.040541243197273646,8.744140746534554e-05,,,,
652,0.0009716368513181806,adam,653,10.722935914993286,3.261979202776981e-05,0.0,0.044129231262363344,7.674902538615916e-05,,,,
653,0.0009715508203953505,adam,654,10.73301362991333,2.876690566518338e-05,0.0,0.04710683696414151,7.587374486677958e-05,,,,
654,0.0009714645566418767,adam,655,10.744388818740845,3.959451786079589e-05,0.0,0.04229353936474923,8.188805923438045e-05,,,,
655,0.000971378234680742,adam,656,10.755575180053711,3.686536612062116e-05,0.0,0.04544854639388857,8.231391467319985e-05,,,,
656,0.0009712917380966246,adam,657,10.769796371459961,2.734434513076127e-05,0.0,0.0417747455695875,6.911909268454271e-05,,,,
657,0.0009712051833048463,adam,658,10.782166004180908,3.154551035005677e-05,0.0,0.04191415793923163,7.345967028010407e-05,,,,
658,0.0009711184538900852,adam,659,10.795293807983398,3.642496631659623e-05,0.0,0.04435446978369507,8.077943820701556e-05,,,,
659,0.0009710316662676632,adam,660,10.807780504226685,2.9946707792023126e-05,0.0,0.039424829615059165,6.937153927966122e-05,0.0008511061511652858,0.0,0.04289280520355055,0.0008939989584061353
660,0.0009709446458145976,adam,661,10.831478118896484,2.723866285695149e-05,0.0,0.04445740213949952,7.16960671080643e-05,,,,
661,0.0009708575671538711,adam,662,10.844274759292603,3.235147283708679e-05,0.0,0.039933326961667806,7.228480169548585e-05,,,,
662,0.0009707703138701618,adam,663,10.856127262115479,3.175340723301939e-05,0.0,0.04409030355027167,7.584371287746811e-05,,,,
663,0.0009706830023787916,adam,664,10.867830276489258,2.705493673023379e-05,0.0,0.04171730368079779,6.877224239249719e-05,,,,
664,0.0009705955162644386,adam,665,10.878896474838257,2.836837397695288e-05,0.0,0.04051411940682134,6.888249530809164e-05,,,,
665,0.0009705079137347639,adam,666,10.889895677566528,3.0757267393205224e-05,0.0,0.0448880378318037,7.564530735707631e-05,,,,
666,0.0009704201947897673,adam,667,10.90073275566101,2.824229827888625e-05,0.0,0.04000278134845181,6.824508152736823e-05,,,,
667,0.0009703323012217879,adam,668,10.910650730133057,2.6399763820954798e-05,0.0,0.04046150532821975,6.686127107099293e-05,,,,
668,0.0009702443494461477,adam,669,10.921176433563232,2.8442657531223527e-05,0.0,0.043743836731144486,7.218649634008877e-05,,,,
669,0.0009701562230475247,adam,670,10.932068109512329,2.8797097607009805e-05,0.0,0.036861148412250556,6.565824777007097e-05,,,,
670,0.0009700679802335799,adam,671,10.943730592727661,2.6261380585575443e-05,0.0,0.04206820332710984,6.832958591081772e-05,,,,
671,0.0009699796210043132,adam,672,10.955887794494629,2.625657947232947e-05,0.0,0.03776390103631682,6.402048230233533e-05,,,,
672,0.0009698912035673857,adam,673,10.969162464141846,2.7976273467792585e-05,0.0,0.04239948059977359,7.037575608143344e-05,,,,
673,0.0009698024950921535,adam,674,10.98017930984497,2.7102235307402733e-05,0.0,0.040757076498414584,6.785931374167457e-05,,,,
674,0.0009697138448245823,adam,675,10.99164366722107,2.5506606402170996e-05,0.0,0.04232143922278471,6.78280476351162e-05,,,,
675,0.0009696249035187066,adam,676,11.002699136734009,2.6048789656355867e-05,0.0,0.042345287892683194,6.83940795603323e-05,,,,
676,0.0009695359622128308,adam,677,11.014746189117432,2.682597166883154e-05,0.0,0.0446528022660638,7.147877605578964e-05,,,,
677,0.0009694468462839723,adam,678,11.027062892913818,2.600217912269996e-05,0.0,0.040536027885188064,6.653820893324604e-05,,,,
678,0.0009693576139397919,adam,679,11.039382934570312,2.515505230966687e-05,0.0,0.04100917864949785,6.616423290699619e-05,,,,
679,0.0009692682069726288,adam,680,11.051483869552612,2.5711648806193455e-05,0.0,0.04377382752945248,6.948547841479117e-05,0.0008305094342619424,0.0,0.04093615109439349,0.0008714455873006987
680,0.0009691787417978048,adam,681,11.073927402496338,2.6104269947314942e-05,0.0,0.04143063192051831,6.753490383568268e-05,,,,
681,0.000969089160207659,adam,682,11.087377786636353,2.5302337096820858e-05,0.0,0.03872382113750946,6.402616007361312e-05,,,,
682,0.0009689992875792086,adam,683,11.099358081817627,2.4967830945160857e-05,0.0,0.04118451218230139,6.61523450836216e-05,,,,
683,0.0009689094731584191,adam,684,11.113041877746582,2.533406165388126e-05,0.0,0.04186129682602714,6.719536046821331e-05,,,,
684,0.0009688194841146469,adam,685,11.126489162445068,2.520316403072619e-05,0.0,0.0433601229773863,6.856328906760782e-05,,,,
685,0.0009687293786555529,adam,686,11.139982223510742,2.465039207010043e-05,0.0,0.038162781542222454,6.281317542495775e-05,,,,
686,0.000968639156781137,adam,687,11.152724981307983,2.456351353409361e-05,0.0,0.03998307818206466,6.454659361525258e-05,,,,
687,0.0009685487602837384,adam,688,11.164528369903564,2.4862373727214574e-05,0.0,0.04211611626159609,6.697849198921885e-05,,,,
688,0.0009684583055786788,adam,689,11.175832033157349,2.466475419466461e-05,0.0,0.04063049549392373,6.529525161843333e-05,,,,
689,0.0009683676180429757,adam,690,11.187432765960693,2.4208169074108036e-05,0.0,0.04054295977651322,6.475113077630851e-05,,,,
690,0.0009682769305072725,adam,691,11.198813438415527,2.4196601943585143e-05,0.0,0.03852524178536096,6.27218455587969e-05,,,,
691,0.0009681860101409256,adam,692,11.210503816604614,2.434910263753149e-05,0.0,0.04311601069244872,6.746511537788083e-05,,,,
692,0.000968094973359257,adam,693,11.221179723739624,2.421309936153975e-05,0.0,0.03995907947267201,6.41721807321662e-05,,,,
693,0.0009680038783699274,adam,694,11.231820106506348,2.390249322022313e-05,0.0,0.04082965383660201,6.473214899612963e-05,,,,
694,0.0009679126087576151,adam,695,11.242317914962769,2.3884514894249857e-05,0.0,0.03711169088519158,6.0996207542152176e-05,,,,
695,0.0009678212809376419,adam,696,11.253308057785034,2.3948585192671446e-05,0.0,0.0383453154672791,6.22939024812553e-05,,,,
696,0.0009677296620793641,adam,697,11.265294075012207,2.380812288901333e-05,0.0,0.042397089860957575,6.62052147637246e-05,,,,
697,0.0009676380432210863,adam,698,11.27710771560669,2.3601666372843156e-05,0.0,0.036980054827963404,6.058172295726492e-05,,,,
698,0.0009675463079474866,adam,699,11.28884220123291,2.3545050425002236e-05,0.0,0.042182337490515774,6.572738991907153e-05,,,,
699,0.0009674543980509043,adam,700,11.300668001174927,2.360863941166728e-05,0.0,0.03948552054901202,6.309416183614089e-05,0.0008058951128517339,0.0,0.039259535053931156,0.0008451546497703929
700,0.000967362429946661,adam,701,11.324499607086182,2.3514184939884206e-05,0.0,0.04424201483452529,6.775620187579244e-05,,,,
701,0.000967270287219435,adam,702,11.337849855422974,2.339303384200792e-05,0.0,0.03869899061484906,6.20920262949604e-05,,,,
702,0.0009671780280768871,adam,703,11.350568294525146,2.34076128184141e-05,0.0,0.03695152410933224,6.0359138682849556e-05,,,,
703,0.0009670857107266784,adam,704,11.365348815917969,2.33597499981247e-05,0.0,0.03866858514885232,6.202833698363625e-05,,,,
704,0.000966993160545826,adam,705,11.377587795257568,2.324344383134183e-05,0.0,0.042136317318086376,6.537976315079588e-05,,,,
705,0.0009669004939496517,adam,706,11.388435363769531,2.3064026656786592e-05,0.0,0.03785241852171324,6.091644697639323e-05,,,,
706,0.0009668078273534775,adam,707,11.399417400360107,2.3002579875398053e-05,0.0,0.041547236168819196,6.454981801760508e-05,,,,
707,0.0009667149279266596,adam,708,11.410289764404297,2.3036958866027812e-05,0.0,0.03971160178484055,6.274856253706823e-05,,,,
708,0.000966621853876859,adam,709,11.421815872192383,2.299421662950868e-05,0.0,0.0407892619966536,6.378348056354827e-05,,,,
709,0.0009665287216193974,adam,710,11.431577444076538,2.2963447686803153e-05,0.0,0.039238225975696,6.220167552621488e-05,,,,
710,0.000966435472946614,adam,711,11.442520141601562,2.2799637749047077e-05,0.0,0.03883215112207802,6.16317907155533e-05,,,,
711,0.0009663420496508479,adam,712,11.452810525894165,2.2699508839261793e-05,0.0,0.03830720348123366,6.100671413998999e-05,,,,
712,0.0009662485681474209,adam,713,11.465319395065308,2.2640926036223818e-05,0.0,0.043715012293117264,6.635594040569275e-05,,,,
713,0.000966154970228672,adam,714,11.476200580596924,2.2559992817925272e-05,0.0,0.03628886821058052,5.884886275213455e-05,,,,
714,0.0009660611394792795,adam,715,11.488329410552979,2.2513111485599292e-05,0.0,0.036348637278035084,5.886175049010201e-05,,,,
715,0.0009659673669375479,adam,716,11.500348806381226,2.2430827898185453e-05,0.0,0.04060858738274438,6.303941720973424e-05,,,,
716,0.0009658733615651727,adam,717,11.510936498641968,2.24325106530524e-05,0.0,0.035266415339988054,5.76989276681053e-05,,,,
717,0.0009657791815698147,adam,718,11.523542881011963,2.2370674845004196e-05,0.0,0.0327587581093047,5.512943451026642e-05,,,,
718,0.0009656848851591349,adam,719,11.536613702774048,2.2261304897025456e-05,0.0,0.041026022966302936,6.328732981195992e-05,,,,
719,0.0009655905305407941,adam,720,11.549765825271606,2.215318168706671e-05,0.0,0.03797992560827123,6.01331090992876e-05,0.0007884680309897582,0.0,0.037489518284335284,0.0008259575510547501
720,0.0009654960012994707,adam,721,11.570407629013062,2.21414439370694e-05,0.0,0.04152372450399575,6.366517041333624e-05,,,,
721,0.0009654013556428254,adam,722,11.581862926483154,2.200485977981797e-05,0.0,0.035503910181539686,5.7508771647702894e-05,,,,
722,0.0009653066517785192,adam,723,11.593972206115723,2.1936705897664196e-05,0.0,0.039639096859373224,6.15758046397935e-05,,,,
723,0.0009652117150835693,adam,724,11.60619068145752,2.1909075013011522e-05,0.0,0.040923412170875945,6.283248912764524e-05,,,,
724,0.0009651167783886194,adam,725,11.618494749069214,2.189005443753201e-05,0.0,0.03860734239002152,6.049739866130389e-05,,,,
725,0.000965021550655365,adam,726,11.635733604431152,2.190690114770709e-05,0.0,0.03891165916568988,6.0818562161601604e-05,,,,
726,0.0009649263229221106,adam,727,11.649745464324951,2.1779074265013202e-05,0.0,0.038317784481297835,6.009686056630814e-05,,,,
727,0.0009648309787735343,adam,728,11.664283990859985,2.1748249388922235e-05,0.0,0.03562172926975314,5.7369980350616725e-05,,,,
728,0.0009647354600019753,adam,729,11.675480604171753,2.1633924679217006e-05,0.0,0.038050397505342684,5.968432399185659e-05,,,,
729,0.0009646397666074336,adam,730,11.686556100845337,2.1597696957945868e-05,0.0,0.036710052099633295,5.8307750801213074e-05,,,,
730,0.0009645440150052309,adam,731,11.697884559631348,2.1519729234873128e-05,0.0,0.0337709874481181,5.529071828702706e-05,,,,
731,0.0009644482051953673,adam,732,11.708595514297485,2.148982991350119e-05,0.0,0.03544718447895563,5.6937016076107744e-05,,,,
732,0.0009643521625548601,adam,733,11.721171379089355,2.1413747665037768e-05,0.0,0.03583593450324103,5.724968387039435e-05,,,,
733,0.0009642560034990311,adam,734,11.731417417526245,2.138739198388021e-05,0.0,0.03829135194396223,5.967874574658407e-05,,,,
734,0.0009641597280278802,adam,735,11.742306232452393,2.13003165909948e-05,0.0,0.03873643154171345,6.003674997259002e-05,,,,
735,0.0009640633361414075,adam,736,11.753092527389526,2.121844773134573e-05,0.0,0.03722406491392698,5.844251441332092e-05,,,,
736,0.000963966827839613,adam,737,11.763814687728882,2.1059164234451142e-05,0.0,0.03525994168991326,5.6319107599121765e-05,,,,
737,0.0009638702613301575,adam,738,11.773963212966919,2.1036438085495472e-05,0.0,0.03351890043900478,5.4555340116562595e-05,,,,
738,0.0009637735201977193,adam,739,11.78584337234497,2.098939722279924e-05,0.0,0.03604631035446847,5.703570928937558e-05,,,,
739,0.0009636766626499593,adam,740,11.796694040298462,2.090780219733069e-05,0.0,0.03564958909039343,5.655739298098874e-05,0.0007698696725576769,0.0,0.0358075964319826,0.0008056772706904291
740,0.0009635796304792166,adam,741,11.81906008720398,2.081377052797614e-05,0.0,0.037368636879775416,5.8182409182666563e-05,,,,
741,0.000963482481893152,adam,742,11.831191539764404,2.0754719708571028e-05,0.0,0.03781568525460616,5.857040675932585e-05,,,,
742,0.0009633852750994265,adam,743,11.845964670181274,2.068858953928951e-05,0.0,0.03414843694957148,5.483702811082471e-05,,,,
743,0.0009632878936827183,adam,744,11.859318971633911,2.0650590119990668e-05,0.0,0.03483912846867796,5.5489720243438434e-05,,,,
744,0.0009631903376430273,adam,745,11.87296175956726,2.0571802157834124e-05,0.0,0.03760857742998193,5.8180381374127627e-05,,,,
745,0.0009630927816033363,adam,746,11.885052919387817,2.0523020482929422e-05,0.0,0.03541804639519686,5.5941068560393215e-05,,,,
746,0.0009629949927330017,adam,747,11.896514892578125,2.0474771975999327e-05,0.0,0.03433656288498406,5.481133649188261e-05,,,,
747,0.0009628970874473453,adam,748,11.907892942428589,2.039979201648512e-05,0.0,0.034325250678923724,5.472504432577077e-05,,,,
748,0.0009627991239540279,adam,749,11.920070171356201,2.039618799096482e-05,0.0,0.0360283893260596,5.6424579028281086e-05,,,,
749,0.0009627009858377278,adam,750,11.930574417114258,2.0365848056797122e-05,0.0,0.03400590380357946,5.437175347557034e-05,,,,
750,0.0009626028477214277,adam,751,11.941825151443481,2.042153239033456e-05,0.0,0.03457785419027547,5.499938822296997e-05,,,,
751,0.0009625043603591621,adam,752,11.952671766281128,2.0496935890014864e-05,0.0,0.0358357254575319,5.633266304965239e-05,,,,
752,0.0009624059312045574,adam,753,11.96384072303772,2.0664306988713856e-05,0.0,0.034560965089604136,5.5225273719875745e-05,,,,
753,0.00096230732742697,adam,754,11.975032091140747,2.0904351880918502e-05,0.0,0.03413215839593331,5.5036511898042346e-05,,,,
754,0.0009622085490263999,adam,755,11.986331701278687,2.1434454090081866e-05,0.0,0.03893483066954445,6.036928660893154e-05,,,,
755,0.0009621096542105079,adam,756,11.998029708862305,2.2048984198106222e-05,0.0,0.036230173007434974,5.827915892638207e-05,,,,
756,0.0009620106429792941,adam,757,12.011066913604736,2.3295822708074548e-05,0.0,0.03754382537121846,6.083964986252903e-05,,,,
757,0.0009619115735404193,adam,758,12.022272825241089,2.5035988262372585e-05,0.0,0.0353618622610095,6.0397852202980416e-05,,,,
758,0.0009618123876862228,adam,759,12.035030603408813,2.851810414284343e-05,0.0,0.033626609235320494,6.214471497534216e-05,,,,
759,0.0009617129690013826,adam,760,12.048317193984985,3.3089036462980125e-05,0.0,0.03623365521298581,6.932269339697222e-05,0.0007727705586207739,0.0,0.03436257928078441,0.0008071331395336932
760,0.0009616135503165424,adam,761,12.072570085525513,4.215578178132975e-05,0.0,0.034266772942872344,7.642255635178648e-05,,,,
761,0.0009615138405933976,adam,762,12.085620641708374,5.583514853428014e-05,0.0,0.03424170723437697,9.007685739505094e-05,,,,
762,0.0009614141308702528,adam,763,12.097054481506348,8.128447814479676e-05,0.0,0.03505486041548832,0.0001163393402253016,,,,
763,0.0009613143629394472,adam,764,12.108763217926025,0.00011961469159409936,0.0,0.03430836540826595,0.00015392305863192523,,,,
764,0.0009612143621779978,adam,765,12.12093186378479,0.0001752386678211748,0.0,0.03862661166405165,0.00021386528131989206,,,,
765,0.0009611141867935658,adam,766,12.132532835006714,0.00023240897461146597,0.0,0.03570146302705105,0.00026811043933424553,,,,
766,0.0009610140114091337,adam,767,12.143219470977783,0.0002640588743395724,0.0,0.03534868645183818,0.00029940756247038306,,,,
767,0.0009609136614017189,adam,768,12.15360140800476,0.00022295833632505652,0.0,0.0371279718790836,0.00026008630996762414,,,,
768,0.0009608131367713213,adam,769,12.163535118103027,0.00012314275377941253,0.0,0.03899319461744144,0.00016213595024893132,,,,
769,0.0009607126121409237,adam,770,12.17384672164917,3.425271116654771e-05,0.0,0.03523147870650301,6.948419154645616e-05,,,,
770,0.0009606118546798825,adam,771,12.1843101978302,3.223381207825513e-05,0.0,0.030901647360974414,6.313546090697903e-05,,,,
771,0.0009605110390111804,adam,772,12.196382284164429,9.000544827342241e-05,0.0,0.033379164322128334,0.00012338461418097597,,,,
772,0.0009604099905118346,adam,773,12.207621574401855,0.00011514529035892466,0.0,0.03748319084869435,0.00015262848298797506,,,,
773,0.0009603089420124888,adam,774,12.220245361328125,7.353371851698215e-05,0.0,0.03389408930872085,0.00010742780943558586,,,,
774,0.0009602077770978212,adam,775,12.232911348342896,2.5698498404123545e-05,0.0,0.033998618889058765,5.969711890803006e-05,,,,
775,0.00096010637935251,adam,776,12.245033740997314,3.660272739439152e-05,0.0,0.034188012023365744,7.07907410416007e-05,,,,
776,0.0009600049816071987,adam,777,12.257988691329956,7.147376051037174e-05,0.0,0.03586590898209846,0.00010733967119600947,,,,
777,0.0009599033510312438,adam,778,12.271804332733154,6.396262444360541e-05,0.0,0.03187824164792706,9.58408676056677e-05,,,,
778,0.000959801662247628,adam,779,12.28594446182251,2.8935577728345378e-05,0.0,0.032945829845680424,6.188140913886875e-05,,,,
779,0.0009596997988410294,adam,780,12.297805547714233,2.519914111283236e-05,0.0,0.03360883150172715,5.880797421089335e-05,0.0007788186990189426,0.0,0.03382985154039695,0.0008126485521661713
780,0.000959597819019109,adam,781,12.31838321685791,4.975908787760299e-05,0.0,0.03533552800963856,8.509461756558908e-05,,,,
781,0.0009594957809895277,adam,782,12.329473733901978,5.1403119737489755e-05,0.0,0.03161992763633173,8.302304887568745e-05,,,,
782,0.0009593935683369637,adam,783,12.34279751777649,2.6719087676309338e-05,0.0,0.03238719761085881,5.9106286825477485e-05,,,,
783,0.0009592912392690778,adam,784,12.352866888046265,2.1394649720135513e-05,0.0,0.03244848697944035,5.384313824079629e-05,,,,
784,0.0009591887937858701,adam,785,12.363720178604126,3.7854141495720726e-05,0.0,0.03167375503236272,6.952789803250608e-05,,,,
785,0.0009590862900950015,adam,786,12.374000072479248,3.949621251833279e-05,0.0,0.030098482918653673,6.959469686658768e-05,,,,
786,0.0009589836117811501,adam,787,12.384607553482056,2.44087640747831e-05,0.0,0.03168380965850204,5.6092575238185343e-05,,,,
787,0.0009588807006366551,adam,788,12.394950866699219,2.1398632243150606e-05,0.0,0.031169583759898874,5.2568217483525264e-05,,,,
788,0.0009587777894921601,adam,789,12.406454801559448,3.1815780892835474e-05,0.0,0.034552087009610453,6.6367869543582e-05,,,,
789,0.0009586746455170214,adam,790,12.41770887374878,3.201425278040208e-05,0.0,0.03376500257750176,6.57792569616554e-05,,,,
790,0.0009585715597495437,adam,791,12.430132865905762,2.1669947416452184e-05,0.0,0.0300603833503723,5.1730332194616075e-05,,,,
791,0.0009584682411514223,adam,792,12.441606044769287,2.0536140765016913e-05,0.0,0.03339374850510482,5.392989085623967e-05,,,,
792,0.0009583647479303181,adam,793,12.45331335067749,2.821769770240309e-05,0.0,0.03151100551059391,5.972870470968944e-05,,,,
793,0.000958261254709214,adam,794,12.465961456298828,2.744435465558261e-05,0.0,0.03515356155614095,6.259791788142814e-05,,,,
794,0.0009581575868651271,adam,795,12.479265689849854,2.0389624703231853e-05,0.0,0.032414768191642324,5.280439443449305e-05,,,,
795,0.0009580537443980575,adam,796,12.492510318756104,1.9923412828317615e-05,0.0,0.03345717891723503,5.338059333468337e-05,,,,
796,0.000957949785515666,adam,797,12.504035472869873,2.455265121994704e-05,0.0,0.0321392831515417,5.669193589802277e-05,,,,
797,0.0009578457684256136,adam,798,12.514400959014893,2.398330852219209e-05,0.0,0.031716532155532065,5.56998421841786e-05,,,,
798,0.0009577415767125785,adam,799,12.526350498199463,1.965558112809777e-05,0.0,0.030476152567040782,5.013173514267812e-05,,,,
799,0.0009576372685842216,adam,800,12.538036584854126,1.956847501369937e-05,0.0,0.03158905979277906,5.115753630687826e-05,0.0007455565664370334,0.0,0.031886198892776906,0.0007774427668443235
800,0.0009575328440405428,adam,801,12.558638334274292,2.229352104940012e-05,0.0,0.031632895575733504,5.392641812761554e-05,,,,
801,0.0009574283612892032,adam,802,12.569087505340576,2.1543606254581212e-05,0.0,0.02907448525496803,5.061809289051319e-05,,,,
802,0.0009573237039148808,adam,803,12.579397439956665,1.8956955705450223e-05,0.0,0.032438020734028405,5.139497798020194e-05,,,,
803,0.0009572189301252365,adam,804,12.590670108795166,1.9215829132116536e-05,0.0,0.03222185639926648,5.143768706183908e-05,,,,
804,0.0009571140399202704,adam,805,12.60195279121399,2.1090222842376946e-05,0.0,0.031175045174757034,5.226526949786917e-05,,,,
805,0.0009570089750923216,adam,806,12.613955736160278,2.0619774678530715e-05,0.0,0.03193340269955854,5.25531788948445e-05,,,,
806,0.0009569038520567119,adam,807,12.625488042831421,1.8615536051856617e-05,0.0,0.028842993755667345,4.7458531177492655e-05,,,,
807,0.0009567986126057804,adam,808,12.637205839157104,1.8598657650354642e-05,0.0,0.032860050464000465,5.1458709675123755e-05,,,,
808,0.0009566931403242052,adam,809,12.6494140625,1.9591016213791925e-05,0.0,0.03058935633131229,5.0180373998020674e-05,,,,
809,0.000956587609834969,adam,810,12.662846088409424,1.9342918603961688e-05,0.0,0.030695772151705342,5.0038692213637976e-05,,,,
810,0.0009564819629304111,adam,811,12.67645788192749,1.8420146016683282e-05,0.0,0.0300111675516643,4.843131499380155e-05,,,,
811,0.0009563762578181922,adam,812,12.689247369766235,1.8246057737327507e-05,0.0,0.03353582763836144,5.178188696855528e-05,,,,
812,0.0009562703780829906,adam,813,12.701858520507812,1.8983887956150358e-05,0.0,0.03146580053345838,5.0449689984154065e-05,,,,
813,0.0009561643237248063,adam,814,12.713002681732178,1.921349085526248e-05,0.0,0.03143689509175617,5.065038744019104e-05,,,,
814,0.0009560582111589611,adam,815,12.725388288497925,1.8387150195284902e-05,0.0,0.028776204767610163,4.716335632969145e-05,,,,
815,0.000955951982177794,adam,816,12.737169742584229,1.7911483723364825e-05,0.0,0.029797610421105673,4.770909555978105e-05,,,,
816,0.0009558455785736442,adam,817,12.747619390487671,1.829755874447357e-05,0.0,0.03146042075606541,4.975798099482878e-05,,,,
817,0.0009557391167618334,adam,818,12.75786805152893,1.85741481039158e-05,0.0,0.03092027498156634,4.94944245541164e-05,,,,
818,0.000955632422119379,adam,819,12.769563674926758,1.824587484910789e-05,0.0,0.02896470807907541,4.721058430393311e-05,,,,
819,0.0009555257274769247,adam,820,12.779870748519897,1.775174928125638e-05,0.0,0.030315636367856585,4.806738708902843e-05,0.0007242646506855627,0.0,0.030669467336227114,0.0007549341194785114
820,0.0009554188582114875,adam,821,12.798051357269287,1.776850478214342e-05,0.0,0.028899653790355816,4.6668159945159135e-05,,,,
821,0.0009553118725307286,adam,822,12.808702945709229,1.80395490484768e-05,0.0,0.03166862471555935,4.970817526821511e-05,,,,
822,0.0009552047704346478,adam,823,12.818702459335327,1.7903918924918944e-05,0.0,0.02930969191141431,4.721361222846892e-05,,,,
823,0.0009550975519232452,adam,824,12.831251621246338,1.7587774238591323e-05,0.0,0.03528632992150373,5.287410583610579e-05,,,,
824,0.0009549902169965208,adam,825,12.842659711837769,1.7467644224699307e-05,0.0,0.0291008730500262,4.656851865694281e-05,,,,
825,0.0009548827074468136,adam,826,12.854591369628906,1.7479314346873977e-05,0.0,0.02778958733028045,4.5268902997088996e-05,,,,
826,0.0009547751396894455,adam,827,12.867300033569336,1.750178144291187e-05,0.0,0.02669173457556568,4.419351728626691e-05,,,,
827,0.0009546674555167556,adam,828,12.879852056503296,1.7347917635955654e-05,0.0,0.030400521167119054,4.774844024702198e-05,,,,
828,0.000954559538513422,adam,829,12.893746614456177,1.72533759156829e-05,0.0,0.03150103896806693,4.875441637996889e-05,,,,
829,0.0009544515633024275,adam,830,12.905275821685791,1.7288124953832208e-05,0.0,0.03172318323554591,4.901130969614847e-05,,,,
830,0.0009543434716761112,adam,831,12.917350769042969,1.7290792651230045e-05,0.0,0.02835228707839525,4.564308107628667e-05,,,,
831,0.000954235321842134,adam,832,12.928441762924194,1.7226529286217445e-05,0.0,0.029726219885387692,4.695275058352482e-05,,,,
832,0.000954127055592835,adam,833,12.939627647399902,1.710968944786177e-05,0.0,0.03228472594096339,4.939441692226736e-05,,,,
833,0.0009540184983052313,adam,834,12.950493097305298,1.706322055139208e-05,0.0,0.03081443714222651,4.7877659157225814e-05,,,,
834,0.0009539099992252886,adam,835,12.961523056030273,1.706121112252039e-05,0.0,0.029599315362990597,4.6660527891403025e-05,,,,
835,0.0009538012673147023,adam,836,12.97227144241333,1.7021860455196517e-05,0.0,0.03056672866519718,4.758859057223541e-05,,,,
836,0.0009536924189887941,adam,837,12.98297905921936,1.695318294669883e-05,0.0,0.03137695926337954,4.833014370040397e-05,,,,
837,0.0009535835706628859,adam,838,12.994202613830566,1.6854707548110814e-05,0.0,0.030933887505936383,4.778859652332802e-05,,,,
838,0.0009534744312986732,adam,839,13.005021095275879,1.677350938527019e-05,0.0,0.029838737537458915,4.661224833999309e-05,,,,
839,0.0009533652919344604,adam,840,13.015398740768433,1.6759298005652046e-05,0.0,0.03150378656657825,4.826308606857986e-05,0.000710352298468894,0.0,0.029549112156688893,0.0007399014120290904
840,0.0009532559779472649,adam,841,13.038984775543213,1.6775640890991147e-05,0.0,0.028134751229341698,4.4910393456661825e-05,,,,
841,0.0009531465475447476,adam,842,13.050182342529297,1.6773307128176326e-05,0.0,0.029034429861223548,4.580773836846129e-05,,,,
842,0.0009530370589345694,adam,843,13.064278841018677,1.6726654410936182e-05,0.0,0.026355530132516576,4.308218579527327e-05,,,,
843,0.0009529273374937475,adam,844,13.07882308959961,1.6673896617387288e-05,0.0,0.030580596420982854,4.725449449087054e-05,,,,
844,0.0009528175578452647,adam,845,13.09332275390625,1.667000393665408e-05,0.0,0.030826378912244264,4.7496384313072774e-05,,,,
845,0.000952707719989121,adam,846,13.105509996414185,1.6647168366499496e-05,0.0,0.029633144024291517,4.628031379828983e-05,,,,
846,0.0009525976493023336,adam,847,13.118808507919312,1.6630931008014485e-05,0.0,0.028857669141386426,4.548860152006665e-05,,,,
847,0.0009524875204078853,adam,848,13.131052494049072,1.65260140573655e-05,0.0,0.030124575948263937,4.665059143647001e-05,,,,
848,0.0009523772168904543,adam,849,13.143757343292236,1.6480459398254208e-05,0.0,0.03037121125476779,4.6851672095577125e-05,,,,
849,0.0009522667969577014,adam,850,13.15510630607605,1.6457381862107512e-05,0.0,0.02781725402431661,4.427463720767279e-05,,,,
850,0.0009521563188172877,adam,851,13.16558027267456,1.6454265995574554e-05,0.0,0.027230775556886203,4.3685042845853194e-05,,,,
851,0.0009520456660538912,adam,852,13.175906419754028,1.6421569016449225e-05,0.0,0.026701475757302875,4.312304604200414e-05,,,,
852,0.0009519348968751729,adam,853,13.186048030853271,1.6408163293639474e-05,0.0,0.026958189304219282,4.336635387830404e-05,,,,
853,0.0009518240694887936,adam,854,13.196100950241089,1.6372931484695693e-05,0.0,0.030841119361433474,4.7214052311003726e-05,,,,
854,0.0009517130674794316,adam,855,13.206285238265991,1.6374630788369813e-05,0.0,0.029974434228175823,4.634906644025487e-05,,,,
855,0.0009516019490547478,adam,856,13.216684818267822,1.633022440783467e-05,0.0,0.030522931367303545,4.685315722489966e-05,,,,
856,0.0009514907142147422,adam,857,13.227029085159302,1.6347433393956954e-05,0.0,0.027770785671996492,4.411822038499499e-05,,,,
857,0.0009513793047517538,adam,858,13.238468408584595,1.6309321343855374e-05,0.0,0.03052162649699177,4.683094929054661e-05,,,,
858,0.0009512678952887654,adam,859,13.250092267990112,1.6375995087077044e-05,0.0,0.027097248175038904,4.347324454916618e-05,,,,
859,0.0009511563112027943,adam,860,13.262093544006348,1.641073280282399e-05,0.0,0.0293603181006869,4.577105229805117e-05,0.0006973309969555877,0.0,0.028437127758504346,0.0007257681260647831
860,0.0009510444942861795,adam,861,13.284719467163086,1.6514647310366497e-05,0.0,0.02833419146110551,4.4848840117273886e-05,,,,
861,0.0009509326773695648,adam,862,13.298389911651611,1.663115852094542e-05,0.0,0.028897500300220317,4.5528660193723354e-05,,,,
862,0.0009508207440376282,adam,863,13.31148362159729,1.6872032555837868e-05,0.0,0.028687811772545348,4.5559845690981154e-05,,,,
863,0.0009507086360827088,adam,864,13.3247549533844,1.7253131043631857e-05,0.0,0.027472860629750982,4.47259929782737e-05,,,,
864,0.0009505963535048068,adam,865,13.33756399154663,1.7950668275196305e-05,0.0,0.029514491885659556,4.746516156271901e-05,,,,
865,0.0009504840709269047,adam,866,13.349525451660156,1.8970906095997688e-05,0.0,0.028923398143990704,4.7894305613776086e-05,,,,
866,0.0009503716137260199,adam,867,13.362930536270142,2.065680251643538e-05,0.0,0.029033367986464713,4.9690171881911075e-05,,,,
867,0.0009502590983174741,adam,868,13.376495838165283,2.3076116369678573e-05,0.0,0.028618998963592428,5.1695116692600514e-05,,,,
868,0.0009501463500782847,adam,869,13.389203310012817,2.7485126735933754e-05,0.0,0.02691311991724317,5.439824793148153e-05,,,,
869,0.0009500336018390954,adam,870,13.402100324630737,3.442327125293778e-05,0.0,0.030316163966579296,6.47394366594576e-05,,,,
870,0.0009499206207692623,adam,871,13.412981748580933,4.6395479417445825e-05,0.0,0.02874317164529647,7.513865242796969e-05,,,,
871,0.0009498075814917684,adam,872,13.42360234260559,6.548313628579311e-05,0.0,0.028964307449646516,9.444744511117041e-05,,,,
872,0.0009496943675912917,adam,873,13.434403896331787,9.652515938776068e-05,0.0,0.02920707582555067,0.00012573223660057302,,,,
873,0.000949581153690815,adam,874,13.446463823318481,0.00014228498922356483,0.0,0.029037704902387898,0.00017132269550516972,,,,
874,0.0009494677069596946,adam,875,13.45823860168457,0.0002071699797431191,0.0,0.02821918787979166,0.00023538916896325026,,,,
875,0.0009493541438132524,adam,876,13.471491575241089,0.00028447673650661723,0.0,0.029608343200905843,0.0003140850811138439,,,,
876,0.0009492404642514884,adam,877,13.484323501586914,0.00035336234660498795,0.0,0.030855069311040213,0.0003842174173815653,,,,
877,0.0009491267264820635,adam,878,13.498342990875244,0.00036332913601278964,0.0,0.03331776980676941,0.0003966469074020682,,,,
878,0.0009490128140896559,adam,879,13.515282392501831,0.00028333348582744417,0.0,0.02929825852988245,0.0003126317457489192,,,,
879,0.0009488988434895873,adam,880,13.528485774993896,0.00013568873382613472,0.0,0.029576398723426617,0.0001652651339543649,0.0007127764670414231,0.0,0.027645444874050226,0.0007404219132285616
880,0.000948784698266536,adam,881,13.548462867736816,2.8041903694743503e-05,0.0,0.03095505981179586,5.899696497682581e-05,,,,
881,0.0009486704366281629,adam,882,13.55978512763977,3.3698849701545e-05,0.0,0.02570087238712531,5.939972330939624e-05,,,,
882,0.000948556000366807,adam,883,13.571196556091309,0.00011210589289363884,0.0,0.027649184733672838,0.00013975507894057747,,,,
883,0.0009484415058977902,adam,884,13.58160924911499,0.00015279751448794965,0.0,0.027435955919780597,0.00018023347171086822,,,,
884,0.0009483268950134516,adam,885,13.591897249221802,0.00010143355622847454,0.0,0.028352296308192027,0.00012978585388332838,,,,
885,0.0009482121677137911,adam,886,13.602944612503052,2.9210832372488054e-05,0.0,0.02835323493022673,5.756406864942118e-05,,,,
886,0.0009480973239988089,adam,887,13.614213228225708,2.5594465414946365e-05,0.0,0.02911259508922408,5.470706188694451e-05,,,,
887,0.0009479823638685048,adam,888,13.624327659606934,7.503503791829867e-05,0.0,0.026593706693314047,0.00010162874587474601,,,,
888,0.0009478672873228788,adam,889,13.635648488998413,9.060043961117436e-05,0.0,0.02899842430746971,0.00011959886529599531,,,,
889,0.0009477519779466093,adam,890,13.647488594055176,4.84324213401223e-05,0.0,0.02695896664910352,7.539138926970802e-05,,,,
890,0.0009476367267780006,adam,891,13.65994668006897,1.7185581606793334e-05,0.0,0.0235326720150402,4.0718254739575475e-05,,,,
891,0.0009475211845710874,adam,892,13.672133207321167,3.623137032277356e-05,0.0,0.027029712390605268,6.326108399722128e-05,,,,
892,0.0009474056423641741,adam,893,13.683647871017456,6.084589291280684e-05,0.0,0.02819412945479173,8.904002370674786e-05,,,,
893,0.0009472899837419391,adam,894,13.697044134140015,4.628445686132716e-05,0.0,0.02622138244591548,7.250584055269147e-05,,,,
894,0.0009471740922890604,adam,895,13.70973515510559,1.954705038230522e-05,0.0,0.02627962191972897,4.582667355024925e-05,,,,
895,0.0009470582008361816,adam,896,13.72341012954712,2.2857131223656366e-05,0.0,0.025396662443556053,4.825379487348916e-05,,,,
896,0.0009469421929679811,adam,897,13.735911846160889,4.159460121547433e-05,0.0,0.027659333429665107,6.925393595888728e-05,,,,
897,0.000946825894061476,adam,898,13.748107433319092,3.921623571459261e-05,0.0,0.03013416796558946,6.935040511147825e-05,,,,
898,0.0009467096533626318,adam,899,13.76041293144226,2.0827529758848167e-05,0.0,0.027907346682392066,4.873487776676807e-05,,,,
899,0.0009465932380408049,adam,900,13.772208213806152,1.7633910077747197e-05,0.0,0.026548726139990885,4.418263747873491e-05,0.0006990817141555038,0.0,0.026991003630994128,0.0007260727190685018
900,0.000946476764511317,adam,901,13.792410850524902,2.9981627471340694e-05,0.0,0.02644828812325662,5.642991685082359e-05,,,,
901,0.0009463600581511855,adam,902,13.802122116088867,3.268951612611422e-05,0.0,0.02588844682037089,5.857796417612035e-05,,,,
902,0.0009462432935833931,adam,903,13.812169790267944,2.1163606175294747e-05,0.0,0.028285333080631386,4.944894059940737e-05,,,,
903,0.0009461264126002789,adam,904,13.822685241699219,1.5834446958984206e-05,0.0,0.026595367619310646,4.242981584150703e-05,,,,
904,0.000946009298786521,adam,905,13.833911895751953,2.309586156452762e-05,0.0,0.026113364961635133,4.920922776648103e-05,,,,
905,0.000945892243180424,adam,906,13.844778299331665,2.7478087704076976e-05,0.0,0.02631518102086941,5.3793269974850416e-05,,,,
906,0.0009457749547436833,adam,907,13.856674671173096,2.119135336714194e-05,0.0,0.02923292400551956,5.0424278761150885e-05,,,,
907,0.0009456575498916209,adam,908,13.867892503738403,1.5481063094560287e-05,0.0,0.02801431616586046,4.349538059102937e-05,,,,
908,0.0009455400868318975,adam,909,13.880377531051636,1.8646321913628885e-05,0.0,0.025822792550732374,4.446911569087809e-05,,,,
909,0.0009454225073568523,adam,910,13.89188528060913,2.304660245477733e-05,0.0,0.028367669153310203,5.1414272955479514e-05,,,,
910,0.0009453047532588243,adam,911,13.905878782272339,2.043298832438645e-05,0.0,0.026508596898426953,4.694158648190419e-05,,,,
911,0.0009451868827454746,adam,912,13.918473720550537,1.5821288526185155e-05,0.0,0.02514936070483698,4.0970650425552674e-05,,,,
912,0.0009450689540244639,adam,913,13.931374788284302,1.6319781192069248e-05,0.0,0.02599656198414084,4.231634441098052e-05,,,,
913,0.0009449507924728096,adam,914,13.943898439407349,1.9477922977879946e-05,0.0,0.02640021594675024,4.587814017857316e-05,,,,
914,0.0009448326891288161,adam,915,13.954962253570557,1.920109702046584e-05,0.0,0.025119346058911456,4.4320444272482216e-05,,,,
915,0.0009447142947465181,adam,916,13.967388391494751,1.613649544687522e-05,0.0,0.02593231513787835,4.206881181647245e-05,,,,
916,0.0009445958421565592,adam,917,13.979309797286987,1.5161600407778436e-05,0.0,0.024385970633705636,3.9547572199755527e-05,,,,
917,0.0009444773313589394,adam,918,13.990576267242432,1.7093147930732717e-05,0.0,0.026021580350250723,4.311472951694218e-05,,,,
918,0.0009443585877306759,adam,919,14.001358270645142,1.799820482396147e-05,0.0,0.026985542168808864,4.498374827451481e-05,,,,
919,0.0009442397858947515,adam,920,14.011926412582397,1.6434648499780486e-05,0.0,0.029066703717306783,4.550135359768161e-05,0.000679846716355507,0.0,0.026230477483131558,0.0007060771950845194
920,0.0009441208676435053,adam,921,14.03005599975586,1.4886867563421557e-05,0.0,0.026033070271417273,4.0919939071343316e-05,,,,
921,0.0009440017747692764,adam,922,14.040313720703125,1.541144392067295e-05,0.0,0.027570666207117865,4.298211143732719e-05,,,,
922,0.0009438826236873865,adam,923,14.0510094165802,1.6636727340767846e-05,0.0,0.028511323334069517,4.514805202905256e-05,,,,
923,0.0009437633561901748,adam,924,14.062759160995483,1.6288204666747116e-05,0.0,0.026289620079085235,4.25778259945223e-05,,,,
924,0.0009436439722776413,adam,925,14.074711322784424,1.507901007821721e-05,0.0,0.02637138547909946,4.145039680989026e-05,,,,
925,0.000943524471949786,adam,926,14.086853504180908,1.4721396106679358e-05,0.0,0.030227570640958122,4.494896818337004e-05,,,,
926,0.0009434048552066088,adam,927,14.098977088928223,1.5432256059019227e-05,0.0,0.026769953418824925,4.220221074934871e-05,,,,
927,0.0009432850638404489,adam,928,14.112120866775513,1.5809180250804815e-05,0.0,0.026047512966565503,4.185669445456079e-05,,,,
928,0.000943165214266628,adam,929,14.125677585601807,1.5215651374060576e-05,0.0,0.024966580396168187,4.01822329560777e-05,,,,
929,0.0009430452482774854,adam,930,14.140534400939941,1.4526301398204201e-05,0.0,0.02558126028268748,4.0107562895936345e-05,,,,
930,0.00094292510766536,adam,931,14.152896404266357,1.4664387139393946e-05,0.0,0.028752433758661867,4.341682226372313e-05,,,,
931,0.0009428047924302518,adam,932,14.164186477661133,1.5170620223463336e-05,0.0,0.025483195871290647,4.0653817305140834e-05,,,,
932,0.0009426844771951437,adam,933,14.175168752670288,1.5197850122032529e-05,0.0,0.026417301351765815,4.161515272855283e-05,,,,
933,0.0009425640455447137,adam,934,14.185977935791016,1.4620185184027838e-05,0.0,0.026306348835163727,4.092653526867609e-05,,,,
934,0.0009424434974789619,adam,935,14.197440385818481,1.4303357308733668e-05,0.0,0.025741717535120414,4.0045076066520054e-05,,,,
935,0.0009423227165825665,adam,936,14.20794939994812,1.4480295661088653e-05,0.0,0.02298920237416907,3.746949912718624e-05,,,,
936,0.0009422018774785101,adam,937,14.218474864959717,1.4719475154442164e-05,0.0,0.024504426177617014,3.922390249595697e-05,,,,
937,0.0009420809801667929,adam,938,14.229102611541748,1.4604385556165207e-05,0.0,0.026026107788103284,4.063049458044228e-05,,,,
938,0.0009419599082320929,adam,939,14.239509105682373,1.4263737508669946e-05,0.0,0.02585322568736522,4.01169644239975e-05,,,,
939,0.000941838719882071,adam,940,14.249592304229736,1.405821435908423e-05,0.0,0.027144899441840634,4.1203115090238404e-05,0.000665690916131471,0.0,0.025502966194578938,0.0006911938835373757
940,0.0009417174151167274,adam,941,14.26900053024292,1.4135099262590077e-05,0.0,0.024585285171867477,3.8720385602195934e-05,,,,
941,0.0009415959939360619,adam,942,14.280381917953491,1.4276843777214725e-05,0.0,0.02626246486254112,4.053930988715599e-05,,,,
942,0.0009414745145477355,adam,943,14.294236660003662,1.421137870759921e-05,0.0,0.025760257031691613,3.9971636962837375e-05,,,,
943,0.0009413527441211045,adam,944,14.308312892913818,1.3973724625276773e-05,0.0,0.02502879767994323,3.90025234940241e-05,,,,
944,0.0009412310319021344,adam,945,14.322517156600952,1.385144153150907e-05,0.0,0.025996070934136254,3.984751370039244e-05,,,,
945,0.0009411091450601816,adam,946,14.337467193603516,1.393275973263902e-05,0.0,0.022891475995153805,3.682423681507959e-05,,,,
946,0.000940987141802907,adam,947,14.354055404663086,1.4024609818846754e-05,0.0,0.02454412890733828,3.85687398919686e-05,,,,
947,0.0009408650221303105,adam,948,14.36644697189331,1.398435855527218e-05,0.0,0.025041034441528387,3.902539418618588e-05,,,,
948,0.0009407427860423923,adam,949,14.378744840621948,1.3809529235729945e-05,0.0,0.02396666016152516,3.777619053561038e-05,,,,
949,0.0009406204335391521,adam,950,14.390473365783691,1.3764095311096139e-05,0.0,0.02659663676260108,4.036073333696968e-05,,,,
950,0.0009404979646205902,adam,951,14.402068853378296,1.3828071353951124e-05,0.0,0.024602866084852404,3.8430938607376964e-05,,,,
951,0.0009403753210790455,adam,952,14.412168264389038,1.3922116264123764e-05,0.0,0.027117188642222016,4.1039306194343126e-05,,,,
952,0.0009402526193298399,adam,953,14.422044515609741,1.3855765328044684e-05,0.0,0.025660891480760978,3.9516658027632606e-05,,,,
953,0.0009401298011653125,adam,954,14.433409214019775,1.3728582151950686e-05,0.0,0.02649222124712404,4.0220804657387716e-05,,,,
954,0.0009400068083778024,adam,955,14.444348812103271,1.3612519126802132e-05,0.0,0.02449380602388699,3.810632631408248e-05,,,,
955,0.0009398837573826313,adam,956,14.454915046691895,1.3666873483339825e-05,0.0,0.022012584492924682,3.567945902180617e-05,,,,
956,0.0009397605899721384,adam,957,14.46696662902832,1.3734748126785235e-05,0.0,0.024505089872707247,3.823983916342179e-05,,,,
957,0.0009396373061463237,adam,958,14.478414297103882,1.3758232521143354e-05,0.0,0.024671327893675023,3.842956158664357e-05,,,,
958,0.0009395138476975262,adam,959,14.492460489273071,1.3588061967535355e-05,0.0,0.02535024845174795,3.8938311623355496e-05,,,,
959,0.0009393902728334069,adam,960,14.504157543182373,1.3451645500961455e-05,0.0,0.023892133237724687,3.734377987350158e-05,0.0006514132212759551,0.0,0.024871536920361294,0.000676284759377651
960,0.0009392666397616267,adam,961,14.524116277694702,1.3362248074536552e-05,0.0,0.024221311647391983,3.758356087237911e-05,,,,
961,0.0009391428902745247,adam,962,14.538813352584839,1.3351998112575334e-05,0.0,0.025858834537461194,3.9210833878265265e-05,,,,
962,0.0009390189661644399,adam,963,14.55065393447876,1.3388178704616788e-05,0.0,0.027066484177698174,4.045466416790398e-05,,,,
963,0.0009388949838466942,adam,964,14.562968492507935,1.3306152218811585e-05,0.0,0.023847334099999982,3.7153487451499156e-05,,,,
964,0.0009387708269059658,adam,965,14.574585199356079,1.320309522391254e-05,0.0,0.02276960758611104,3.5972703891521906e-05,,,,
965,0.0009386466117575765,adam,966,14.586530685424805,1.3156653079020104e-05,0.0,0.024622484543824617,3.777913879234998e-05,,,,
966,0.0009385222219862044,adam,967,14.598429203033447,1.3224917379420346e-05,0.0,0.021805302173799394,3.503022058891602e-05,,,,
967,0.0009383977740071714,adam,968,14.610313892364502,1.330593478049504e-05,0.0,0.025195911083539906,3.8501847060776504e-05,,,,
968,0.0009382731514051557,adam,969,14.62182354927063,1.331698914370141e-05,0.0,0.024941383024075153,3.825837335242869e-05,,,,
969,0.0009381483541801572,adam,970,14.633434772491455,1.3261862774158381e-05,0.0,0.024689431679660007,3.7951295626503464e-05,,,,
970,0.0009380236151628196,adam,971,14.643645524978638,1.328713236378853e-05,0.0,0.024029271723605077,3.731640522872277e-05,,,,
971,0.0009378986433148384,adam,972,14.653985977172852,1.3273591583582924e-05,0.0,0.02721545171852415,4.048904459477167e-05,,,,
972,0.0009377735550515354,adam,973,14.664687871932983,1.3396337441137244e-05,0.0,0.02443477573676168,3.783111433848849e-05,,,,
973,0.0009376484085805714,adam,974,14.675419807434082,1.3433342505635685e-05,0.0,0.026333911986800067,3.976725574322945e-05,,,,
974,0.0009375230874866247,adam,975,14.688131093978882,1.3684553163299564e-05,0.0,0.02446367725321868,3.814823157848056e-05,,,,
975,0.0009373977081850171,adam,976,14.702030181884766,1.3766937817906706e-05,0.0,0.024670382160140558,3.843732114982754e-05,,,,
976,0.0009372720960527658,adam,977,14.713923931121826,1.3960619357262019e-05,0.0,0.023877840386274298,3.783846087767288e-05,,,,
977,0.0009371465421281755,adam,978,14.725250482559204,1.3949450734920241e-05,0.0,0.02446294234611351,3.8412394242961164e-05,,,,
978,0.0009370206971652806,adam,979,14.73737382888794,1.4298234232601918e-05,0.0,0.023642514833672322,3.794075018923344e-05,,,,
979,0.0009368947939947248,adam,980,14.750620126724243,1.4609511077321246e-05,0.0,0.024455216714909668,3.9064728953791376e-05,0.0006427562119940686,0.0,0.024275315325456816,0.0006670315284725411
980,0.000936768832616508,adam,981,14.77586317062378,1.5149847754947508e-05,0.0,0.022929743723165724,3.807959256721762e-05,,,,
981,0.0009366426966153085,adam,982,14.787512063980103,1.5501083054265684e-05,0.0,0.02308224946520724,3.858333361582094e-05,,,,
982,0.0009365164441987872,adam,983,14.799458980560303,1.6248758687853357e-05,0.0,0.024382068024613936,4.063082787055338e-05,,,,
983,0.0009363900753669441,adam,984,14.811653137207031,1.7149727551934868e-05,0.0,0.02470578290312001,4.1855511628516596e-05,,,,
984,0.0009362635901197791,adam,985,14.823684692382812,1.8739070910588868e-05,0.0,0.021706817090539492,4.044588903214685e-05,,,,
985,0.0009361369884572923,adam,986,14.835033655166626,2.0266067549606488e-05,0.0,0.02466284090550827,4.492890962653684e-05,,,,
986,0.0009360103285871446,adam,987,14.844844102859497,2.270462909152894e-05,0.0,0.023982565805842775,4.6687196036482466e-05,,,,
987,0.0009358834940940142,adam,988,14.855298280715942,2.644843317192068e-05,0.0,0.02318061048689745,4.962904475983805e-05,,,,
988,0.000935756484977901,adam,989,14.865859746932983,3.233172705973946e-05,0.0,0.024960499603382726,5.72922278486823e-05,,,,
989,0.0009356294758617878,adam,990,14.876665353775024,4.0678285459110565e-05,0.0,0.022541314146315786,6.321960067608132e-05,,,,
990,0.0009355022921226919,adam,991,14.888623237609863,5.28731504908462e-05,0.0,0.024221711875097814,7.709486351641358e-05,,,,
991,0.0009353749919682741,adam,992,14.90016794204712,6.911249661678318e-05,0.0,0.02553318850474002,9.464568633428457e-05,,,,
992,0.0009352476336061954,adam,993,14.911775588989258,9.039271574508653e-05,0.0,0.02589445070309094,0.00011628716767809788,,,,
993,0.0009351200424134731,adam,994,14.924017667770386,0.00011113224574292225,0.0,0.026400528634375392,0.00013753277563125545,,,,
994,0.0009349923930130899,adam,995,14.936997175216675,0.00012907659485511346,0.0,0.024808856240100974,0.00015388545227357187,,,,
995,0.0009348646854050457,adam,996,14.950004577636719,0.00012972537897896865,0.0,0.026232451424907054,0.00015595783164985027,,,,
996,0.0009347368613816798,adam,997,14.962504863739014,0.00011054755110034554,0.0,0.02681042881431187,0.00013735798118808446,,,,
997,0.0009346088045276701,adam,998,14.975708484649658,6.999866337107414e-05,0.0,0.024444076743553107,9.444274127565859e-05,,,,
998,0.0009344806312583387,adam,999,14.987642049789429,3.1234926661039385e-05,0.0,0.02516740275618909,5.640233061261596e-05,,,,
999,0.0009343525161966681,adam,1000,14.99913763999939,1.2834859799327517e-05,0.0,0.023217856193018013,3.605271709513453e-05,0.0006399312954548678,0.0,0.024092982157898207,0.0006640242787571213
1000,0.000934224110096693,adam,1001,15.022011518478394,2.1286861826297656e-05,0.0,0.02364023740174323,4.4927100350891915e-05,,,,
1001,0.0009340957039967179,adam,1002,15.032503366470337,4.32225434685103e-05,0.0,0.022884608861723367,6.610715341719427e-05,,,,
1002,0.0009339671232737601,adam,1003,15.042962074279785,5.5579982839859483e-05,0.0,0.024073745499176423,7.965372948247747e-05,,,,
1003,0.0009338384261354804,adam,1004,15.053627252578735,4.8092654428763614e-05,0.0,0.023280904117558288,7.137355965210551e-05,,,,
1004,0.0009337096125818789,adam,1005,15.063592195510864,2.7005274581363915e-05,0.0,0.023430790449764573,5.0436066144031315e-05,,,,
1005,0.0009335806244052947,adam,1006,15.073537826538086,1.3218038525861156e-05,0.0,0.024796842132682417,3.8014881836330377e-05,,,,
1006,0.0009334516944363713,adam,1007,15.083412885665894,1.677874695648882e-05,0.0,0.022525147872277596,3.9303895898653535e-05,,,,
1007,0.0009333225316368043,adam,1008,15.094971895217896,2.9852778372780375e-05,0.0,0.024073626868027085,5.392640638424338e-05,,,,
1008,0.0009331932524219155,adam,1009,15.105958223342896,3.656551959637341e-05,0.0,0.025351025666167263,6.191654646664979e-05,,,,
1009,0.0009330638567917049,adam,1010,15.117614269256592,2.885493910477734e-05,0.0,0.021326711860152933,5.018165197789473e-05,,,,
1010,0.0009329344029538333,adam,1011,15.128585577011108,1.693906915704092e-05,0.0,0.02502505986488452,4.1964130210551997e-05,,,,
1011,0.000932804774492979,adam,1012,15.139260053634644,1.220021839031182e-05,0.0,0.023868110340671808,3.606832986465804e-05,,,,
1012,0.0009326750296168029,adam,1013,15.151062965393066,1.73337144777668e-05,0.0,0.023805521144230034,4.113923675269842e-05,,,,
1013,0.000932545168325305,adam,1014,15.163849353790283,2.421726994415602e-05,0.0,0.025337866977749906,4.955513812539003e-05,,,,
1014,0.0009324151906184852,adam,1015,15.177130699157715,2.385234912799509e-05,0.0,0.023810184206240124,4.766253446515828e-05,,,,
1015,0.0009322850964963436,adam,1016,15.189048290252686,1.786416577556016e-05,0.0,0.024094040884451235,4.1958207804416924e-05,,,,
1016,0.0009321549441665411,adam,1017,15.200600147247314,1.2558918368192942e-05,0.0,0.024350365166764337,3.6909284691537565e-05,,,,
1017,0.0009320246172137558,adam,1018,15.211894750595093,1.2989516682704087e-05,0.0,0.024948088795005763,3.7937606662680486e-05,,,,
1018,0.0009318941738456488,adam,1019,15.22387981414795,1.6661147617596347e-05,0.0,0.022670209044085485,3.933135773845898e-05,,,,
1019,0.0009317636722698808,adam,1020,15.23549199104309,1.8575888649690815e-05,0.0,0.023595795922019366,4.217168569245035e-05,0.0006360518634420047,0.0,0.023588612004450078,0.0006596404765668538
1020,0.0009316329378634691,adam,1021,15.25315809249878,1.680748369380664e-05,0.0,0.02472900528157118,4.153649014994254e-05,,,,
1021,0.0009315022034570575,adam,1022,15.263047456741333,1.3313846129356234e-05,0.0,0.02557296648860759,3.888681383261455e-05,,,,
1022,0.0009313712944276631,adam,1023,15.273331880569458,1.1809398990652181e-05,0.0,0.023635338013936767,3.5444738127207266e-05,,,,
1023,0.0009312403271906078,adam,1024,15.283242225646973,1.3242115412684593e-05,0.0,0.02479170541356222,3.8033822003789634e-05,,,,
1024,0.0009311092435382307,adam,1025,15.294503450393677,1.5243932620279126e-05,0.0,0.022497376560452115,3.774131024929929e-05,,,,
1025,0.0009309779270552099,adam,1026,15.305691003799438,1.5652780201326225e-05,0.0,0.022741318202589914,3.8394099484070794e-05,,,,
1026,0.0009308466105721891,adam,1027,15.317291975021362,1.382430039573867e-05,0.0,0.022823555217165205,3.664785669696458e-05,,,,
1027,0.0009307151776738465,adam,1028,15.329120397567749,1.2040508500391296e-05,0.0,0.024598295162128657,3.663880483087628e-05,,,,
1028,0.0009305835701525211,adam,1029,15.340688705444336,1.1926992324855363e-05,0.0,0.023182254848332976,3.510924827428636e-05,,,,
1029,0.000930451846215874,adam,1030,15.35557770729065,1.3038205610656864e-05,0.0,0.023048614665295283,3.60868213707026e-05,,,,
1030,0.0009303200640715659,adam,1031,15.367852210998535,1.3974923120728658e-05,0.0,0.0234807302122081,3.74556544482116e-05,,,,
1031,0.000930188107304275,adam,1032,15.379952907562256,1.3743378011430667e-05,0.0,0.025186873901188445,3.893025310893143e-05,,,,
1032,0.0009300560341216624,adam,1033,15.392433166503906,1.2689096396819797e-05,0.0,0.024536442201162887,3.7225539763401154e-05,,,,
1033,0.0009299239027313888,adam,1034,15.404252290725708,1.171387140628677e-05,0.0,0.024525357614787073,3.623923018596582e-05,,,,
1034,0.0009297916549257934,adam,1035,15.416067361831665,1.1640250929038526e-05,0.0,0.02421607542040946,3.585632749964985e-05,,,,
1035,0.0009296592324972153,adam,1036,15.427123069763184,1.230222844317715e-05,0.0,0.023330170522504814,3.56324000738056e-05,,,,
1036,0.0009295266936533153,adam,1037,15.437963962554932,1.2918802138597776e-05,0.0,0.02451821254554782,3.74370158486982e-05,,,,
1037,0.0009293940966017544,adam,1038,15.447831869125366,1.303547509096056e-05,0.0,0.02274422133383367,3.577969750508678e-05,,,,
1038,0.0009292613831348717,adam,1039,15.458083391189575,1.2306736498162206e-05,0.0,0.022780923832492233,3.508766141269026e-05,,,,
1039,0.0009291285532526672,adam,1040,15.468414783477783,1.1609849837214435e-05,0.0,0.021965146300405438,3.3574997180908336e-05,0.0006159762954277681,0.0,0.022942521177427122,0.0006389188176949065
1040,0.0009289955487474799,adam,1041,15.486527919769287,1.1431314560048302e-05,0.0,0.02244199276104148,3.387330838702724e-05,,,,
1041,0.0009288624860346317,adam,1042,15.497306108474731,1.1886731277337127e-05,0.0,0.02268907767892195,3.457581003393244e-05,,,,
1042,0.0009287293069064617,adam,1043,15.508666515350342,1.2452186434729918e-05,0.0,0.01979398104093487,3.224616841582844e-05,,,,
1043,0.000928595953155309,adam,1044,15.520272016525269,1.23859639170956e-05,0.0,0.024892839470911057,3.727880457035309e-05,,,,
1044,0.0009284625411964953,adam,1045,15.532432079315186,1.1957439576482501e-05,0.0,0.02351448724950199,3.54719279428627e-05,,,,
1045,0.0009283290128223598,adam,1046,15.54381513595581,1.1554621492845628e-05,0.0,0.024121679266201,3.5676301904764916e-05,,,,
1046,0.0009281953680329025,adam,1047,15.559315204620361,1.1226274607831934e-05,0.0,0.021108796058900668,3.233507166934661e-05,,,,
1047,0.0009280616068281233,adam,1048,15.572309970855713,1.122243765536653e-05,0.0,0.023449053976960513,3.467149274609734e-05,,,,
1048,0.0009279277292080224,adam,1049,15.58533000946045,1.1456610906674394e-05,0.0,0.024801723961808922,3.625833604650199e-05,,,,
1049,0.0009277937351725996,adam,1050,15.597836017608643,1.1750508646472227e-05,0.0,0.027674103594376893,3.942461355529851e-05,,,,
1050,0.0009276596247218549,adam,1051,15.610446453094482,1.1718365196178149e-05,0.0,0.022071553333418238,3.378991957793891e-05,,,,
1051,0.0009275253978557885,adam,1052,15.62217378616333,1.165696791715696e-05,0.0,0.022788418861879794,3.444538786142857e-05,,,,
1052,0.0009273910545744002,adam,1053,15.634983539581299,1.15624120342197e-05,0.0,0.021157676268212734,3.272008930736813e-05,,,,
1053,0.0009272565948776901,adam,1054,15.648129224777222,1.1513479311280077e-05,0.0,0.022186704897050605,3.3700185262142615e-05,,,,
1054,0.0009271220187656581,adam,1055,15.658182144165039,1.161949329313833e-05,0.0,0.024309251877487722,3.592874632525356e-05,,,,
1055,0.0009269873262383044,adam,1056,15.66869592666626,1.185586062582253e-05,0.0,0.022246052259449953,3.410191394190327e-05,,,,
1056,0.0009268525755032897,adam,1057,15.679211378097534,1.2145621594462837e-05,0.0,0.021381030834447572,3.352665344445488e-05,,,,
1057,0.0009267176501452923,adam,1058,15.688902854919434,1.22193759802356e-05,0.0,0.024523771844654978,3.674314898970724e-05,,,,
1058,0.000926582608371973,adam,1059,15.698904514312744,1.23530477284901e-05,0.0,0.025738401485991123,3.8091450436989694e-05,,,,
1059,0.000926447450183332,adam,1060,15.7087562084198,1.2549504539907115e-05,0.0,0.023261375277495767,3.5810880922258924e-05,0.0006132942995261757,0.0,0.022492006830181707,0.0006357863074246704
1060,0.0009263121755793691,adam,1061,15.729460716247559,1.2925434501840212e-05,0.0,0.023389576398296988,3.6315012011082464e-05,,,,
1061,0.0009261768427677453,adam,1062,15.740492343902588,1.3406763785877655e-05,0.0,0.021767932267472166,3.5174697087271125e-05,,,,
1062,0.0009260413353331387,adam,1063,15.752616167068481,1.4273009094498543e-05,0.0,0.02328450010312868,3.755751030358163e-05,,,,
1063,0.0009259057696908712,adam,1064,15.766942024230957,1.538062816470711e-05,0.0,0.022729651735666254,3.811028097997389e-05,,,,
1064,0.000925770087633282,adam,1065,15.77942705154419,1.684684590556585e-05,0.0,0.022118477719316576,3.896532467545375e-05,,,,
1065,0.000925634172745049,adam,1066,15.792523860931396,1.9037447457848027e-05,0.0,0.022088922101946604,4.112637060896214e-05,,,,
1066,0.000925498316064477,adam,1067,15.804839849472046,2.2487092837837468e-05,0.0,0.02147313429051649,4.396022814827311e-05,,,,
1067,0.0009253622265532613,adam,1068,15.81633996963501,2.7416222627798984e-05,0.0,0.02282150104069086,5.0237724752452985e-05,,,,
1068,0.0009252260206267238,adam,1069,15.827735424041748,3.491605835455236e-05,0.0,0.021955313978929976,5.68713733763038e-05,,,,
1069,0.0009250898147001863,adam,1070,15.83941102027893,4.564906250753229e-05,0.0,0.022864581054953165,6.851364464849478e-05,,,,
1070,0.0009249533759430051,adam,1071,15.850627899169922,6.11037503309321e-05,0.0,0.020707322240749143,8.181107355522627e-05,,,,
1071,0.000924816878978163,adam,1072,15.862208843231201,8.278399661163069e-05,0.0,0.024777446665650685,0.00010756144445414694,,,,
1072,0.0009246802073903382,adam,1073,15.87430715560913,0.00011282809780346419,0.0,0.02376785191973551,0.0001365959508521121,,,,
1073,0.0009245435358025134,adam,1074,15.885782480239868,0.0001494193734488093,0.0,0.025849202341532408,0.00017526857701811294,,,,
1074,0.0009244067477993667,adam,1075,15.896764516830444,0.00018974668314743898,0.0,0.025747699647850578,0.00021549438401823967,,,,
1075,0.0009242696687579155,adam,1076,15.907569646835327,0.00021918655046006253,0.0,0.02579711075010464,0.00024498366243546417,,,,
1076,0.0009241326479241252,adam,1077,15.91917896270752,0.00022296353620452177,0.0,0.02504005789143362,0.0002480035952852943,,,,
1077,0.0009239953942596912,adam,1078,15.93020224571228,0.00018370106377037663,0.0,0.02324889502401737,0.00020694995989865725,,,,
1078,0.0009238580823875964,adam,1079,15.94187879562378,0.0001117677155914668,0.0,0.022607094048069175,0.0001343748107133153,,,,
1079,0.0009237207123078406,adam,1080,15.95238471031189,4.07147629672295e-05,0.0,0.025172908298595434,6.588767246147392e-05,0.000608393755015141,0.0,0.022199604072285318,0.000630593360141851
1080,0.0009235831676051021,adam,1081,15.97222352027893,1.1041014728449122e-05,0.0,0.02383031297675689,3.4871328837085144e-05,,,,
1081,0.0009234455646947026,adam,1082,15.982622146606445,3.0684786484439396e-05,0.0,0.021716493358843538,5.240128087476102e-05,,,,
1082,0.0009233077871613204,adam,1083,15.993197917938232,6.985350543017259e-05,0.0,0.024657258866040446,9.451076546736999e-05,,,,
1083,0.0009231698932126164,adam,1084,16.003065586090088,8.77567570692913e-05,0.0,0.024225636211577493,0.00011198239443152477,,,,
1084,0.0009230318828485906,adam,1085,16.01533579826355,6.689754634301767e-05,0.0,0.02075132977446552,8.764887710311846e-05,,,,
1085,0.0009228938724845648,adam,1086,16.027260541915894,2.986023848723878e-05,0.0,0.02093219484919877,5.079243433066346e-05,,,,
1086,0.0009227556292898953,adam,1087,16.039405822753906,1.1755421215720782e-05,0.0,0.022718258124243565,3.44736804190237e-05,,,,
1087,0.0009226173278875649,adam,1088,16.052497386932373,2.4428470908800202e-05,0.0,0.021938649265222182,4.636712121605231e-05,,,,
1088,0.0009224789100699127,adam,1089,16.06296443939209,4.512274738012734e-05,0.0,0.02347055737617177,6.859330587109077e-05,,,,
1089,0.0009223403176292777,adam,1090,16.073925733566284,4.674486275016814e-05,0.0,0.024378766059247443,7.112362996734484e-05,,,,
1090,0.0009222016669809818,adam,1091,16.085312843322754,2.8946096245622814e-05,0.0,0.022224069626520272,5.117016692772975e-05,,,,
1091,0.0009220628417097032,adam,1092,16.09786367416382,1.324996334934351e-05,0.0,0.02301999459177108,3.626995903450566e-05,,,,
1092,0.0009219239582307637,adam,1093,16.1141836643219,1.553914230105344e-05,0.0,0.024298922238961948,3.983806569415226e-05,,,,
1093,0.0009217849583365023,adam,1094,16.124842643737793,2.7807281058926065e-05,0.0,0.02266537494310501,5.0472657078578614e-05,,,,
1094,0.00092164590023458,adam,1095,16.13586711883545,3.25989463573081e-05,0.0,0.02189010852915116,5.448905592618362e-05,,,,
1095,0.0009215066093020141,adam,1096,16.14696502685547,2.4194473420321953e-05,0.0,0.0220488936094979,4.62433680770861e-05,,,,
1096,0.0009213672601617873,adam,1097,16.158929109573364,1.2943249539036781e-05,0.0,0.02282966638204749,3.577291700543524e-05,,,,
1097,0.0009212278528138995,adam,1098,16.17032527923584,1.1755813868916998e-05,0.0,0.022447569145336126,3.4203384080455446e-05,,,,
1098,0.0009210883290506899,adam,1099,16.181317567825317,1.9160784070578347e-05,0.0,0.022134300940683735,4.129508606258496e-05,,,,
1099,0.0009209486306644976,adam,1100,16.193260431289673,2.4116941362905074e-05,0.0,0.02315474624129827,4.7271688703994775e-05,0.0006240292263820557,0.0,0.021999481777465045,0.0006460287092044401
1100,0.0009208088158629835,adam,1101,16.21544098854065,2.0440900393660374e-05,0.0,0.022502275327404474,4.2943176789865576e-05,,,,
1101,0.0009206688846461475,adam,1102,16.22670841217041,1.3131678785146884e-05,0.0,0.021608351895305595,3.474003170679412e-05,,,,
1102,0.0009205289534293115,adam,1103,16.238468170166016,1.0825376689414997e-05,0.0,0.022141553962172898,3.2966931703255273e-05,,,,
1103,0.000920388731174171,adam,1104,16.250155687332153,1.4588239064226155e-05,0.0,0.02260800239919216,3.719624253724081e-05,,,,
1104,0.0009202485671266913,adam,1105,16.261412858963013,1.8114175231908742e-05,0.0,0.0229779497321861,4.109212605548889e-05,,,,
1105,0.0009201081120409071,adam,1106,16.271660566329956,1.685997006572937e-05,0.0,0.02192458394339115,3.878455505048238e-05,,,,
1106,0.0009199677151627839,adam,1107,16.28227186203003,1.2723132716262806e-05,0.0,0.021713706559324565,3.443684030693309e-05,,,,
1107,0.0009198272018693388,adam,1108,16.292248487472534,1.0824497549895508e-05,0.0,0.021218031620936453,3.204253017863438e-05,,,,
1108,0.0009196863975375891,adam,1109,16.30210041999817,1.2598356858001828e-05,0.0,0.02175125167030678,3.434960956143763e-05,,,,
1109,0.0009195456514135003,adam,1110,16.311969757080078,1.4941289497371064e-05,0.0,0.023131977318876333,3.807326791495736e-05,,,,
1110,0.0009194047306664288,adam,1111,16.321725845336914,1.4737211130729829e-05,0.0,0.023454378146957736,3.819159039171075e-05,,,,
1111,0.0009192636935040355,adam,1112,16.33601999282837,1.2293894979531524e-05,0.0,0.02190916355745472,3.420305957761567e-05,,,,
1112,0.0009191225399263203,adam,1113,16.34666109085083,1.0430015560414577e-05,0.0,0.020783667436913296,3.1213683984499106e-05,,,,
1113,0.0009189812699332833,adam,1114,16.36137628555298,1.0805017813985398e-05,0.0,0.02157594890402853,3.238096774281651e-05,,,,
1114,0.0009188399999402463,adam,1115,16.37389349937439,1.2376432492554871e-05,0.0,0.021589057338190103,3.3965490856170174e-05,,,,
1115,0.0009186984971165657,adam,1116,16.385451316833496,1.3101855650570532e-05,0.0,0.02005870727131917,3.3160563874627174e-05,,,,
1116,0.0009185568778775632,adam,1117,16.398133754730225,1.2144375096824751e-05,0.0,0.019062804094834268,3.120718009709363e-05,,,,
1117,0.0009184152586385608,adam,1118,16.412243604660034,1.080593616305051e-05,0.0,0.021792124619609173,3.259806181773006e-05,,,,
1118,0.0009182734065689147,adam,1119,16.42582058906555,1.0261350470361508e-05,0.0,0.02312376237624977,3.338511394493105e-05,,,,
1119,0.0009181314380839467,adam,1120,16.438491582870483,1.0884313146026509e-05,0.0,0.020454564607846507,3.13388787254127e-05,0.000599583152529849,0.0,0.021588913618588543,0.0006211720671738559
1120,0.0009179894113913178,adam,1121,16.457443475723267,1.1703113414076073e-05,0.0,0.021275269734893316,3.297838415949048e-05,,,,
1121,0.0009178472100757062,adam,1122,16.467888593673706,1.1738153351017284e-05,0.0,0.020826371010325508,3.2564525350542334e-05,,,,
1122,0.0009177050087600946,adam,1123,16.479697227478027,1.0976544856097082e-05,0.0,0.02032938724155188,3.130593306324304e-05,,,,
1123,0.0009175626328215003,adam,1124,16.490829706192017,1.0180708979508872e-05,0.0,0.020212618283649196,3.0393328223205923e-05,,,,
1124,0.0009174201404675841,adam,1125,16.501360416412354,1.0052652501145442e-05,0.0,0.02033156390006386,3.0384217366906767e-05,,,,
1125,0.0009172775316983461,adam,1126,16.512064456939697,1.0437784313859629e-05,0.0,0.0213704254319401,3.1808210760840466e-05,,,,
1126,0.0009171348065137863,adam,1127,16.522263765335083,1.0832719564075415e-05,0.0,0.021435336305666252,3.226805688786551e-05,,,,
1127,0.0009169920813292265,adam,1128,16.532819986343384,1.0774212064157567e-05,0.0,0.020579353521193843,3.135356656281825e-05,,,,
1128,0.0009168490651063621,adam,1129,16.542823314666748,1.0357278898691487e-05,0.0,0.01918908833127369,2.9546368141397966e-05,,,,
1129,0.0009167060488834977,adam,1130,16.554299354553223,9.94982492412471e-06,0.0,0.01984825818823581,2.9798084055102195e-05,,,,
1130,0.0009165628580376506,adam,1131,16.56623601913452,9.86181950300047e-06,0.0,0.021181891049644602,3.104371155873091e-05,,,,
1131,0.0009164196089841425,adam,1132,16.578179597854614,1.0042088414804137e-05,0.0,0.020568838833244507,3.061092822501606e-05,,,,
1132,0.0009162762435153127,adam,1133,16.590927362442017,1.0252892990785312e-05,0.0,0.019587547667604593,2.9840441588748497e-05,,,,
1133,0.0009161328198388219,adam,1134,16.603951454162598,1.0263858779284569e-05,0.0,0.02208649617339293,3.235035600172978e-05,,,,
1134,0.0009159892215393484,adam,1135,16.617032289505005,1.0069092047268251e-05,0.0,0.021217179379343115,3.128627243437331e-05,,,,
1135,0.0009158454486168921,adam,1136,16.6298508644104,9.818926566859088e-06,0.0,0.0215475546881524,3.136648227846542e-05,,,,
1136,0.0009157016174867749,adam,1137,16.64195156097412,9.677442954982161e-06,0.0,0.02329193260512001,3.2969376666409606e-05,,,,
1137,0.0009155576699413359,adam,1138,16.654260635375977,9.718001880063304e-06,0.0,0.021632168472899435,3.135017138043561e-05,,,,
1138,0.000915413664188236,adam,1139,16.665136337280273,9.854408821117974e-06,0.0,0.02104364372080914,3.089805354144656e-05,,,,
1139,0.0009152694838121533,adam,1140,16.676302194595337,9.956911612125545e-06,0.0,0.020667709432661982,3.062462202645105e-05,0.0005838874898493556,0.0,0.021251688990538312,0.0006051391798492949
1140,0.0009151252452284098,adam,1141,16.695690155029297,9.902791440212176e-06,0.0,0.01996921207104617,2.9872004459745024e-05,,,,
1141,0.0009149809484370053,adam,1142,16.70594811439514,9.76640871121496e-06,0.0,0.02133474963075572,3.110115935531691e-05,,,,
1142,0.0009148364188149571,adam,1143,16.715824604034424,9.608172651383682e-06,0.0,0.020284382928082094,2.9892556542922266e-05,,,,
1143,0.0009146917727775872,adam,1144,16.726497888565063,9.5608950070463e-06,0.0,0.020936797411464335,3.049769341295515e-05,,,,
1144,0.0009145470103248954,adam,1145,16.737029552459717,9.621188005342893e-06,0.0,0.021962377913761426,3.158356696226129e-05,,,,
1145,0.0009144023060798645,adam,1146,16.746867656707764,9.709501877396334e-06,0.0,0.020777568145197024,3.0487071009474892e-05,,,,
1146,0.0009142573107965291,adam,1147,16.75728988647461,9.727684218807062e-06,0.0,0.021111079030684148,3.083876425221366e-05,,,,
1147,0.0009141122573055327,adam,1148,16.768861532211304,9.637195583963253e-06,0.0,0.018466111193065335,2.8103307654121805e-05,,,,
1148,0.0009139670873992145,adam,1149,16.780516862869263,9.507084911257766e-06,0.0,0.019763966349004628,2.9271052199000423e-05,,,,
1149,0.0009138219174928963,adam,1150,16.791200876235962,9.424464678468401e-06,0.0,0.023089078712653782,3.251354448779457e-05,,,,
1150,0.0009136763983406126,adam,1151,16.80260443687439,9.387764922982655e-06,0.0,0.021246867168297802,3.0634633100452493e-05,,,,
1151,0.0009135309956036508,adam,1152,16.81550097465515,9.382052706262499e-06,0.0,0.020523273034930845,2.9905326715996507e-05,,,,
1152,0.0009133854182437062,adam,1153,16.827858209609985,9.397132731516111e-06,0.0,0.022190430374111433,3.158756415961643e-05,,,,
1153,0.0009132397244684398,adam,1154,16.840436220169067,9.395469506342232e-06,0.0,0.02229280195638264,3.1688272521576146e-05,,,,
1154,0.0009130939142778516,adam,1155,16.85225248336792,9.368839155879965e-06,0.0,0.019753383923955387,2.9122224018070743e-05,,,,
1155,0.0009129479294642806,adam,1156,16.864290475845337,9.339195545593713e-06,0.0,0.02179642324806144,3.1135619828929704e-05,,,,
1156,0.0009128018864430487,adam,1157,16.87485694885254,9.318127878724751e-06,0.0,0.02155103776733657,3.0869166669680694e-05,,,,
1157,0.000912655727006495,adam,1158,16.885772466659546,9.31237619944497e-06,0.0,0.021315997537760794,3.062837474966132e-05,,,,
1158,0.0009125095093622804,adam,1159,16.8963725566864,9.310480726921026e-06,0.0,0.019532188914826807,2.8842670569477024e-05,,,,
1159,0.000912363117095083,adam,1160,16.906328201293945,9.345107515825998e-06,0.0,0.020973997984433355,3.03191064964708e-05,0.0005774857248709205,0.0,0.020806516493820523,0.0005982922423529975
1160,0.0009122166666202247,adam,1161,16.924340963363647,9.471124820900978e-06,0.0,0.020425178729483948,2.989630452052886e-05,,,,
1161,0.0009120700997300446,adam,1162,16.935352563858032,9.651613538889532e-06,0.0,0.020519527430391957,3.0171141943906742e-05,,,,
1162,0.0009119234164245427,adam,1163,16.945460557937622,1.0013472262144637e-05,0.0,0.01907213057739476,2.908560374541699e-05,,,,
1163,0.0009117765002883971,adam,1164,16.955976247787476,1.0581132061958014e-05,0.0,0.0181361117732624,2.8717244696639497e-05,,,,
1164,0.0009116296423599124,adam,1165,16.968026399612427,1.162727245998185e-05,0.0,0.01999721856651018,3.162449197630894e-05,,,,
1165,0.000911482609808445,adam,1166,16.979259490966797,1.3303853370357255e-05,0.0,0.021034532476827794,3.4338386846271734e-05,,,,
1166,0.0009113355190493166,adam,1167,16.990875959396362,1.6594610558835892e-05,0.0,0.02136644429548627,3.796105586917381e-05,,,,
1167,0.0009111881954595447,adam,1168,17.00232219696045,2.197108865687436e-05,0.0,0.020949080684947382,4.292017033684968e-05,,,,
1168,0.0009110408718697727,adam,1169,17.013984203338623,3.116648019510328e-05,0.0,0.02056819942599651,5.173468059803684e-05,,,,
1169,0.000910893373657018,adam,1170,17.025928258895874,4.597589016928125e-05,0.0,0.021417324140496845,6.73932153270464e-05,,,,
1170,0.0009107458172366023,adam,1171,17.038788080215454,7.227784469696096e-05,0.0,0.02123914871459391,9.351699442036031e-05,,,,
1171,0.0009105980861932039,adam,1172,17.05178689956665,0.00011051124439706967,0.0,0.025439389955895602,0.00013595063556127144,,,,
1172,0.0009104502969421446,adam,1173,17.064358234405518,0.00016378589993508279,0.0,0.02348081405750084,0.00018726671510786244,,,,
1173,0.0009103024494834244,adam,1174,17.0761079788208,0.00021902098282260677,0.0,0.024531850369221852,0.00024355283435702898,,,,
1174,0.0009101543691940606,adam,1175,17.087804079055786,0.00025755799215076167,0.0,0.023743089452522875,0.0002813010827310208,,,,
1175,0.0009100062889046967,adam,1176,17.098816871643066,0.0002286288464415653,0.0,0.024366493327941732,0.00025299534092685337,,,,
1176,0.0009098580339923501,adam,1177,17.10962152481079,0.00013826398996193904,0.0,0.022823274781270848,0.00016108726582725729,,,,
1177,0.0009097096626646817,adam,1178,17.119913339614868,3.6761064640714374e-05,0.0,0.019247172338689535,5.600823789359554e-05,,,,
1178,0.0009095612331293523,adam,1179,17.129936456680298,1.2670109162411006e-05,0.0,0.019532791617896565,3.2202901708065394e-05,,,,
1179,0.0009094126871787012,adam,1180,17.14014482498169,6.506587625966318e-05,0.0,0.02195229528101754,8.701817258335879e-05,0.0006599503932302738,0.0,0.022533530764535983,0.0006824839250650951
1180,0.0009092639666050673,adam,1181,17.157111406326294,0.0001073336333964536,0.0,0.02072685387015444,0.00012806048825108078,,,,
1181,0.0009091151878237724,adam,1182,17.168578386306763,8.118479475885388e-05,0.0,0.021866451954252332,0.00010305124775170694,,,,
1182,0.0009089662926271558,adam,1183,17.18121337890625,2.3237521456187168e-05,0.0,0.021405312159702587,4.464283463258753e-05,,,,
1183,0.0009088172810152173,adam,1184,17.193848609924316,1.4957060969365464e-05,0.0,0.02292471826684994,3.788178032508109e-05,,,,
1184,0.000908668152987957,adam,1185,17.205541372299194,5.167177519549854e-05,0.0,0.02193121857722223,7.360299481439776e-05,,,,
1185,0.0009085189667530358,adam,1186,17.2167387008667,6.222863436991526e-05,0.0,0.021618020269523204,8.384665566623932e-05,,,,
1186,0.0009083696641027927,adam,1187,17.229307413101196,2.9704808331497012e-05,0.0,0.020681179629298538,5.038598894309887e-05,,,,
1187,0.000908220128621906,adam,1188,17.242169618606567,9.986630170251343e-06,0.0,0.01961332589643433,2.9599956998268668e-05,,,,
1188,0.0009080705931410193,adam,1189,17.25536036491394,2.969421166080114e-05,0.0,0.02229300621676856,5.198721893643067e-05,,,,
1189,0.0009079209412448108,adam,1190,17.26653504371643,4.4587289081707924e-05,0.0,0.02065457906736761,6.52418691301154e-05,,,,
1190,0.0009077711729332805,adam,1191,17.27851676940918,2.6153932076649564e-05,0.0,0.02083261669542913,4.698654976157489e-05,,,,
1191,0.0009076212882064283,adam,1192,17.28933548927307,9.471382306046761e-06,0.0,0.02042118686611631,2.98925701421174e-05,,,,
1192,0.0009074713452719152,adam,1193,17.299515962600708,2.0636647434253602e-05,0.0,0.02001073759902334,4.064738598373597e-05,,,,
1193,0.0009073211695067585,adam,1194,17.310697555541992,3.19458616130705e-05,0.0,0.020961305131771787,5.2907167740450856e-05,,,,
1194,0.0009071710519492626,adam,1195,17.32104754447937,2.0921261853025908e-05,0.0,0.0195244998580308,4.044576263842069e-05,,,,
1195,0.0009070206433534622,adam,1196,17.33077883720398,9.344475767746948e-06,0.0,0.019026149584040655,2.8370626255481217e-05,,,,
1196,0.0009068702929653227,adam,1197,17.34131693840027,1.5941348220153994e-05,0.0,0.021158734850633014,3.710008407577299e-05,,,,
1197,0.0009067197097465396,adam,1198,17.350810050964355,2.3792869265264043e-05,0.0,0.021172661116341706,4.496553138725319e-05,,,,
1198,0.0009065691847354174,adam,1199,17.361412286758423,1.6572853949284088e-05,0.0,0.021963372613654362,3.853622760614267e-05,,,,
1199,0.0009064183686859906,adam,1200,17.37212347984314,9.248147394756489e-06,0.0,0.021673702693773212,3.0921851117975344e-05,0.0005832991014911812,0.0,0.020608019227417413,0.0006039071216974271
1200,0.0009062674944289029,adam,1201,17.391174793243408,1.3711620328958088e-05,0.0,0.020825994332023447,3.4537615650163185e-05,,,,
1201,0.0009061165037564933,adam,1202,17.402646780014038,1.8398040057998367e-05,0.0,0.021076912867930543,3.947495392702855e-05,,,,
1202,0.0009059655130840838,adam,1203,17.41322612762451,1.3644651430303658e-05,0.0,0.022101995980435694,3.5746648460527835e-05,,,,
1203,0.0009058142313733697,adam,1204,17.425074100494385,9.035155636072771e-06,0.0,0.019323069217027318,2.835822577089663e-05,,,,
1204,0.0009056629496626556,adam,1205,17.43846821784973,1.2146843117611786e-05,0.0,0.022375666656729194,3.452251083712812e-05,,,,
1205,0.0009055115515366197,adam,1206,17.452871799468994,1.5042745884476048e-05,0.0,0.020797978541489272,3.584072541381629e-05,,,,
1206,0.0009053600952029228,adam,1207,17.465142488479614,1.1787799959721363e-05,0.0,0.020514916883159012,3.230271781728664e-05,,,,
1207,0.0009052085224539042,adam,1208,17.477105617523193,8.9481285665529e-06,0.0,0.021677973920988164,3.062610351718957e-05,,,,
1208,0.0009050567750819027,adam,1209,17.48707103729248,1.095627902450057e-05,0.0,0.021770090723909126,3.272637078243352e-05,,,,
1209,0.0009049049112945795,adam,1210,17.497947216033936,1.2613062312616517e-05,0.0,0.018424699693719827,3.103776288146262e-05,,,,
1210,0.0009047529310919344,adam,1211,17.50920295715332,1.0587345406989388e-05,0.0,0.019656868833089335,3.024421517372989e-05,,,,
1211,0.0009046008926816285,adam,1212,17.5197434425354,8.839320993896493e-06,0.0,0.02254970252657903,3.138902459152892e-05,,,,
1212,0.0009044487378560007,adam,1213,17.530047178268433,1.0190158599647567e-05,0.0,0.021940144711211473,3.2130304352959995e-05,,,,
1213,0.000904296466615051,adam,1214,17.541507720947266,1.1336260361106875e-05,0.0,0.02038795838177906,3.1724219711262e-05,,,,
1214,0.0009041440789587796,adam,1215,17.55351448059082,9.972348219311137e-06,0.0,0.01977335428376341,2.9745703442258477e-05,,,,
1215,0.0009039916330948472,adam,1216,17.56525230407715,8.758820292943078e-06,0.0,0.01969049836801115,2.8449319596202714e-05,,,,
1216,0.0009038390126079321,adam,1217,17.57796311378479,9.523282644361078e-06,0.0,0.02064681190580475,3.0170095530836772e-05,,,,
1217,0.0009036863339133561,adam,1218,17.590543508529663,1.0162413709343988e-05,0.0,0.02062264578824615,3.078506047711325e-05,,,,
1218,0.0009035334805957973,adam,1219,17.60406732559204,9.489088592169301e-06,0.0,0.019550475231100477,2.9039564751867522e-05,,,,
1219,0.0009033806272782385,adam,1220,17.616562366485596,8.699862491067662e-06,0.0,0.02070263492451371,2.9402498398903766e-05,0.0005686461242709531,0.0,0.02020717403074632,0.0005888532992614887
1220,0.000903227599337697,adam,1221,17.64276361465454,9.03141557209016e-06,0.0,0.020852110860546343,2.9883527423058622e-05,,,,
1221,0.0009030745131894946,adam,1222,17.655669689178467,9.633935757190943e-06,0.0,0.020389076917859267,3.0023013643479396e-05,,,,
1222,0.0009029211942106485,adam,1223,17.668964862823486,9.201038590482257e-06,0.0,0.02006950127310637,2.927054081683879e-05,,,,
1223,0.0009027678752318025,adam,1224,17.685129165649414,8.631448034241068e-06,0.0,0.020508426806462934,2.9139875814802006e-05,,,,
1224,0.0009026143816299736,adam,1225,17.706093788146973,8.724404420304874e-06,0.0,0.018406816918611443,2.7131222213193208e-05,,,,
1225,0.0009024608298204839,adam,1226,17.731092929840088,9.087146961679935e-06,0.0,0.018771639125009117,2.7858786978294065e-05,,,,
1226,0.0009023071615956724,adam,1227,17.756454944610596,8.94676941863643e-06,0.0,0.01975593861728865,2.8702708974281813e-05,,,,
1227,0.0009021534351631999,adam,1228,17.77850079536438,8.57064020666047e-06,0.0,0.017942993412553735,2.6513634471460662e-05,,,,
1228,0.0009019995923154056,adam,1229,17.80393409729004,8.54935079153905e-06,0.0,0.019043532778863496,2.759288447492182e-05,,,,
1229,0.0009018455166369677,adam,1230,17.831133604049683,8.716187736275415e-06,0.0,0.019617705991155653,2.8333894659222104e-05,,,,
1230,0.0009016914409585297,adam,1231,17.852604389190674,8.709805216533103e-06,0.0,0.019607815492771588,2.8317621640625952e-05,,,,
1231,0.0009015372488647699,adam,1232,17.867334842681885,8.521351140685407e-06,0.0,0.018144432565152118,2.666578456765183e-05,,,,
1232,0.0009013828821480274,adam,1233,17.87971067428589,8.433977057024218e-06,0.0,0.018774713026716724,2.720869097549196e-05,,,,
1233,0.0009012285154312849,adam,1234,17.891016721725464,8.51407366560583e-06,0.0,0.02003614750645174,2.855022212372351e-05,,,,
1234,0.0009010739158838987,adam,1235,17.90255832672119,8.561968492117179e-06,0.0,0.020332290073396944,2.889425953124608e-05,,,,
1235,0.0009009193163365126,adam,1236,17.914067029953003,8.44807837267728e-06,0.0,0.02090927395826448,2.9357353324078982e-05,,,,
1236,0.0009007645421661437,adam,1237,17.9245023727417,8.348056072958844e-06,0.0,0.0193491052324905,2.7697162224482527e-05,,,,
1237,0.0009006096515804529,adam,1238,17.934772729873657,8.32222253627739e-06,0.0,0.021215808972022146,2.9538032515996393e-05,,,,
1238,0.0009004547609947622,adam,1239,17.945973873138428,8.33455336949552e-06,0.0,0.019162859484177223,2.7497413763859727e-05,,,,
1239,0.0009002996957860887,adam,1240,17.956083059310913,8.318484346928867e-06,0.0,0.019035335173654893,2.7353820424713667e-05,0.0005614642130013311,0.0,0.019857224734948317,0.000581321438679447
1240,0.0009001445141620934,adam,1241,17.97514319419861,8.274032755646827e-06,0.0,0.020620845016343124,2.8894878751427532e-05,,,,
1241,0.0008999892161227763,adam,1242,17.986746311187744,8.246455760400838e-06,0.0,0.0205094839445307,2.8755940679079754e-05,,,,
1242,0.0008998338598757982,adam,1243,17.998109579086304,8.268639199446305e-06,0.0,0.02117510067992275,2.9443740885132367e-05,,,,
1243,0.0008996783290058374,adam,1244,18.015597581863403,8.292783023361804e-06,0.0,0.021206743308207827,2.949952733883589e-05,,,,
1244,0.0008995227399282157,adam,1245,18.02757501602173,8.270630322217661e-06,0.0,0.019793044395115804,2.8063675657452627e-05,,,,
1245,0.0008993670926429331,adam,1246,18.039539575576782,8.274094398035657e-06,0.0,0.01922420913004324,2.7498304441179833e-05,,,,
1246,0.0008992112707346678,adam,1247,18.05692481994629,8.331983172764966e-06,0.0,0.020212443205630204,2.854442733843471e-05,,,,
1247,0.0008990553324110806,adam,1248,18.072166681289673,8.358568896864335e-06,0.0,0.018529798079716504,2.6888367856699024e-05,,,,
1248,0.0008988992776721716,adam,1249,18.082794666290283,8.332962286512038e-06,0.0,0.01924113228416816,2.757409548458494e-05,,,,
1249,0.0008987432229332626,adam,1250,18.09492802619934,8.286964234525734e-06,0.0,0.02004990852295609,2.8336873709801374e-05,,,,
1250,0.0008985869935713708,adam,1251,18.106127738952637,8.33497188610819e-06,0.0,0.02074138678818193,2.907635965945313e-05,,,,
1251,0.0008984305895864964,adam,1252,18.11782431602478,8.453629279736416e-06,0.0,0.019257566274911743,2.7711196469333477e-05,,,,
1252,0.000898274127393961,adam,1253,18.128416061401367,8.612614521328795e-06,0.0,0.019209225791876332,2.7821841225594395e-05,,,,
1253,0.0008981176069937646,adam,1254,18.138509511947632,8.808995499441591e-06,0.0,0.018820785012438078,2.7629781405818986e-05,,,,
1254,0.0008979609119705856,adam,1255,18.148290157318115,9.056136215266129e-06,0.0,0.02089380345797451,2.994994066564305e-05,,,,
1255,0.0008978041005320847,adam,1256,18.158522367477417,9.57302778045421e-06,0.0,0.019057056179809063,2.863008486542487e-05,,,,
1256,0.0008976472308859229,adam,1257,18.16890001296997,1.0268955507707752e-05,0.0,0.01857676127229522,2.8845717662351786e-05,,,,
1257,0.0008974903030321002,adam,1258,18.179160118103027,1.1131498182327579e-05,0.0,0.020181241441666324,3.1312740582551435e-05,,,,
1258,0.0008973332005552948,adam,1259,18.19031023979187,1.2436957701547893e-05,0.0,0.020541413877060273,3.297837255427297e-05,,,,
1259,0.0008971759816631675,adam,1260,18.200894355773926,1.4543023605072605e-05,0.0,0.019225513495627806,3.37685380138633e-05,0.000572283657312129,0.0,0.01965816674954669,0.0005919418249953885
1260,0.0008970187045633793,adam,1261,18.220876693725586,1.7797068658020427e-05,0.0,0.018286393858960373,3.60834633855379e-05,,,,
1261,0.0008968613110482693,adam,1262,18.23311948776245,2.2534606717161555e-05,0.0,0.01903980809951667,4.157441572102059e-05,,,,
1262,0.0008967037429101765,adam,1263,18.24497151374817,3.02083210289521e-05,0.0,0.02159657246503892,5.180489451977316e-05,,,,
1263,0.0008965461747720838,adam,1264,18.258573532104492,4.1758650345639404e-05,0.0,0.01909611634533749,6.085476759799375e-05,,,,
1264,0.0008963884320110083,adam,1265,18.271735668182373,5.98263511999912e-05,0.0,0.021141444879963292,8.096779708411923e-05,,,,
1265,0.0008962306310422719,adam,1266,18.283485889434814,8.614311707651769e-05,0.0,0.01939091299747445,0.00010553403099501109,,,,
1266,0.0008960726554505527,adam,1267,18.295138359069824,0.0001236119714326481,0.0,0.01886209231599094,0.00014247406464454034,,,,
1267,0.0008959146216511726,adam,1268,18.30618667602539,0.0001716412340915732,0.0,0.021244262059804453,0.00019288549716042595,,,,
1268,0.0008957564132288098,adam,1269,18.317930936813354,0.00022636205558373027,0.0,0.022751972535456584,0.00024911402919984755,,,,
1269,0.000895598204806447,adam,1270,18.328200817108154,0.00026787630148614373,0.0,0.022036951884539933,0.0002899132544173827,,,,
1270,0.0008954398217611015,adam,1271,18.338109970092773,0.00027056477169778623,0.0,0.022427148203175956,0.00029299192096619457,,,,
1271,0.0008952814387157559,adam,1272,18.348991632461548,0.00021138624736077475,0.0,0.020293443717643474,0.00023167969204230507,,,,
1272,0.0008951227646321058,adam,1273,18.359466314315796,0.00011131445245788764,0.0,0.020334599614619434,0.00013164905303834874,,,,
1273,0.0008949640905484557,adam,1274,18.369992971420288,2.7360980199299402e-05,0.0,0.021105522642820746,4.846650384457868e-05,,,,
1274,0.0008948053582571447,adam,1275,18.38077402114868,1.1767550645826917e-05,0.0,0.019450067765565113,3.121761933522068e-05,,,,
1275,0.0008946464513428509,adam,1276,18.392759799957275,5.724971942620349e-05,0.0,0.020430961722672572,7.768068211929467e-05,,,,
1276,0.0008944874862208962,adam,1277,18.406089305877686,0.00010278927223018713,0.0,0.020853962114804024,0.00012364323533550122,,,,
1277,0.0008943283464759588,adam,1278,18.419504642486572,9.593305192910037e-05,0.0,0.019760461744410415,0.00011569351461208236,,,,
1278,0.0008941691485233605,adam,1279,18.432183742523193,4.523802289053516e-05,0.0,0.020760644295232628,6.599866817184548e-05,,,,
1279,0.0008940098341554403,adam,1280,18.446337461471558,9.762736531698023e-06,0.0,0.020730572974512636,3.049331049086004e-05,0.0005862141862425121,0.0,0.01960715379115482,0.0006058213409649568
1280,0.0008938504033721983,adam,1281,18.470017671585083,2.2220947185887484e-05,0.0,0.020628401794323147,4.2849349960007136e-05,,,,
1281,0.0008936908561736345,adam,1282,18.482453107833862,5.375052506962808e-05,0.0,0.019467952990403617,7.321847898470985e-05,,,,
1282,0.0008935312507674098,adam,1283,18.49478268623352,5.7889117005262474e-05,0.0,0.01932491670006377,7.721403462321053e-05,,,,
1283,0.0008933715871535242,adam,1284,18.50643038749695,3.0039622078986876e-05,0.0,0.01861491005674031,4.8654533019887964e-05,,,,
1284,0.0008932116907089949,adam,1285,18.517908096313477,9.034744150903438e-06,0.0,0.017962136184728347,2.6996881188787476e-05,,,,
1285,0.0008930517360568047,adam,1286,18.530083656311035,1.807218784258619e-05,0.0,0.021341009711319543,3.94131985675493e-05,,,,
1286,0.0008928917231969535,adam,1287,18.542760133743286,3.679566588190546e-05,0.0,0.020843383253163435,5.7639050125076475e-05,,,,
1287,0.0008927315939217806,adam,1288,18.554341554641724,3.569974468932796e-05,0.0,0.019037031458858596,5.4736777052397036e-05,,,,
1288,0.0008925712900236249,adam,1289,18.56532073020935,1.7882308506249002e-05,0.0,0.020333121370858808,3.821543084287925e-05,,,,
1289,0.0008924109279178083,adam,1290,18.576223134994507,8.6343999999583e-06,0.0,0.020134244585378797,2.8768645541662402e-05,,,,
1290,0.0008922505076043308,adam,1291,18.58604097366333,1.670932660155727e-05,0.0,0.020004854046779368,3.6714181598516214e-05,,,,
1291,0.0008920899708755314,adam,1292,18.597533702850342,2.5916109582818538e-05,0.0,0.021934729331815526,4.78508399564778e-05,,,,
1292,0.0008919292595237494,adam,1293,18.609407424926758,2.1502492252745112e-05,0.0,0.021128717188752914,4.263121044505824e-05,,,,
1293,0.0008917684899643064,adam,1294,18.620517253875732,1.1075304473406257e-05,0.0,0.020000381429321284,3.1075686852694685e-05,,,,
1294,0.0008916075457818806,adam,1295,18.63178038597107,9.367025802251923e-06,0.0,0.02032648777558521,2.9693514543293496e-05,,,,
1295,0.0008914466015994549,adam,1296,18.64202618598938,1.6222894472697206e-05,0.0,0.01902478864975786,3.5247684026084035e-05,,,,
1296,0.0008912854827940464,adam,1297,18.654379844665527,1.9497869791797638e-05,0.0,0.01981381807386088,3.9311688806764376e-05,,,,
1297,0.000891124305780977,adam,1298,18.666983604431152,1.4384526349763899e-05,0.0,0.01974381553870524,3.412834282625006e-05,,,,
1298,0.0008909629541449249,adam,1299,18.680344343185425,8.919371134260969e-06,0.0,0.019024255726388578,2.7943627764253205e-05,,,,
1299,0.0008908015443012118,adam,1300,18.69300103187561,1.0148856687341116e-05,0.0,0.020650613726007794,3.079947139420043e-05,0.0005738921353328828,0.0,0.019402146708067676,0.000593294282962503
1300,0.0008906400762498379,adam,1301,18.7134850025177,1.4353626673258985e-05,0.0,0.01929157926998066,3.364520685954049e-05,,,,
1301,0.0008904784335754812,adam,1302,18.724934339523315,1.4189540583648577e-05,0.0,0.018425325058520285,3.261486651732484e-05,,,,
1302,0.0008903167326934636,adam,1303,18.736762523651123,1.0222654192560302e-05,0.0,0.018091963442461997,2.831461849434445e-05,,,,
1303,0.0008901548571884632,adam,1304,18.74791693687439,8.239514222084933e-06,0.0,0.018204610820159797,2.6444125906917348e-05,,,,
1304,0.0008899929816834629,adam,1305,18.758651733398438,1.029871905883644e-05,0.0,0.01919749003854471,2.9496210009213e-05,,,,
1305,0.0008898309315554798,adam,1306,18.76901364326477,1.2204392486184868e-05,0.0,0.019727425105837228,3.193181852902451e-05,,,,
1306,0.0008896688232198358,adam,1307,18.779440879821777,1.095960279543398e-05,0.0,0.01956692848335375,3.052653220816696e-05,,,,
1307,0.0008895064820535481,adam,1308,18.78993844985962,8.53703400073006e-06,0.0,0.019848388705667755,2.8385423649145692e-05,,,,
1308,0.0008893441990949214,adam,1309,18.80039644241333,8.18343921769538e-06,0.0,0.01994008251023819,2.812352267503667e-05,,,,
1309,0.0008891817415133119,adam,1310,18.811721563339233,9.767869823160117e-06,0.0,0.019482946989620956,2.92508177381714e-05,,,,
1310,0.0008890191675163805,adam,1311,18.822314977645874,1.0564929629158018e-05,0.0,0.01946121396136431,3.002614451488039e-05,,,,
1311,0.0008888565353117883,adam,1312,18.834279537200928,9.325569076513475e-06,0.0,0.01925350387712517,2.8579073868131008e-05,,,,
1312,0.0008886937284842134,adam,1313,18.84603476524353,7.976712007097276e-06,0.0,0.01767223478912215,2.5648947635605537e-05,,,,
1313,0.0008885309216566384,adam,1314,18.857428312301636,8.145356766103289e-06,0.0,0.021846182215273322,2.999154001901459e-05,,,,
1314,0.0008883679402060807,adam,1315,18.870474338531494,9.13377455990776e-06,0.0,0.01956433106743349,2.8698106556597112e-05,,,,
1315,0.0008882048423402011,adam,1316,18.883051872253418,9.261192535901634e-06,0.0,0.018996732498010867,2.8257925936208875e-05,,,,
1316,0.0008880416862666607,adam,1317,18.896931409835815,8.530204733980193e-06,0.0,0.019491110199268448,2.80213158590267e-05,,,,
1317,0.0008878784719854593,adam,1318,18.90913677215576,7.912012939077833e-06,0.0,0.01921885793686336,2.7130871788787962e-05,,,,
1318,0.0008877149666659534,adam,1319,18.920661211013794,7.978568758049233e-06,0.0,0.01962739290991765,2.760596260021802e-05,,,,
1319,0.0008875515195541084,adam,1320,18.932074785232544,8.412221025324447e-06,0.0,0.018562654516234477,2.69748764232377e-05,0.0005524411647391548,0.0,0.019066193055291322,0.0005715073587000417
1320,0.0008873878978192806,adam,1321,18.95146656036377,8.4966225178058e-06,0.0,0.017738161835394867,2.6234785195718144e-05,,,,
1321,0.000887224217876792,adam,1322,18.96319556236267,8.033095469099873e-06,0.0,0.01909011972891593,2.7123216104747837e-05,,,,
1322,0.0008870604215189815,adam,1323,18.973841667175293,7.648830549957377e-06,0.0,0.018171239127029164,2.5820070540074087e-05,,,,
1323,0.0008868965087458491,adam,1324,18.98396897315979,7.700475007954322e-06,0.0,0.019028091375813044,2.6728567287553208e-05,,,,
1324,0.000886732479557395,adam,1325,18.99479627609253,7.961172161252838e-06,0.0,0.018725005178885056,2.6686178229527916e-05,,,,
1325,0.0008865683921612799,adam,1326,19.00506019592285,7.983605254077312e-06,0.0,0.01705179738971045,2.5035403453704676e-05,,,,
1326,0.000886404188349843,adam,1327,19.017333984375,7.69996557234407e-06,0.0,0.01908444429071378,2.6784410769520313e-05,,,,
1327,0.0008862399263307452,adam,1328,19.028112649917603,7.445771818824721e-06,0.0,0.018015694858718942,2.5461467533243253e-05,,,,
1328,0.0008860754896886647,adam,1329,19.039231061935425,7.449164281069252e-06,0.0,0.0183501184688018,2.579928362145491e-05,,,,
1329,0.0008859109948389232,adam,1330,19.05048942565918,7.62131024724779e-06,0.0,0.01744723445999303,2.5068545535939988e-05,,,,
1330,0.0008857463835738599,adam,1331,19.06179904937744,7.703571475918004e-06,0.0,0.01875900842471831,2.6462580791641402e-05,,,,
1331,0.0008855816558934748,adam,1332,19.074579000473022,7.594006455914244e-06,0.0,0.01910256715745961,2.6696574520697106e-05,,,,
1332,0.0008854168117977679,adam,1333,19.087470293045044,7.431292620315216e-06,0.0,0.01918633878836283,2.661763231998024e-05,,,,
1333,0.0008852518512867391,adam,1334,19.105051279067993,7.331253267449523e-06,0.0,0.020202703798590342,2.7533958025616807e-05,,,,
1334,0.0008850867743603885,adam,1335,19.115777730941772,7.409627044525132e-06,0.0,0.018863884076829734,2.6273512017341283e-05,,,,
1335,0.0008849216974340379,adam,1336,19.127188205718994,7.490641351142672e-06,0.0,0.02022542308807348,2.77160653998722e-05,,,,
1336,0.0008847563876770437,adam,1337,19.13832950592041,7.4837182946203005e-06,0.0,0.018120533705109756,2.5604252860409227e-05,,,,
1337,0.0008845910779200494,adam,1338,19.14971351623535,7.369011425698877e-06,0.0,0.021181567338488957,2.8550579770258298e-05,,,,
1338,0.0008844257099553943,adam,1339,19.16044545173645,7.271449282151321e-06,0.0,0.01720394199961215,2.447539209890687e-05,,,,
1339,0.0008842601091600955,adam,1340,19.17112112045288,7.255375116321116e-06,0.0,0.01949318783763696,2.6748563879834815e-05,0.0005397670683976865,0.0,0.01872579053248876,0.0005584928598196026
1340,0.0008840944501571357,adam,1341,19.18908977508545,7.271864468681361e-06,0.0,0.020413436180890983,2.7685301619158533e-05,,,,
1341,0.0008839286747388542,adam,1342,19.199044704437256,7.292533603051028e-06,0.0,0.01852739903228864,2.5819933515343902e-05,,,,
1342,0.0008837628411129117,adam,1343,19.2097589969635,7.248986123067641e-06,0.0,0.018328011733624514,2.5576998727226002e-05,,,,
1343,0.0008835968910716474,adam,1344,19.221670627593994,7.196136915899132e-06,0.0,0.019103989670686723,2.6300127493976675e-05,,,,
1344,0.0008834307664074004,adam,1345,19.23295497894287,7.166143076478027e-06,0.0,0.01770139370381093,2.486753762106004e-05,,,,
1345,0.0008832646417431533,adam,1346,19.243934154510498,7.1580529387002145e-06,0.0,0.018071774187306752,2.5229827984370182e-05,,,,
1346,0.0008830983424559236,adam,1347,19.25621485710144,7.170420268486252e-06,0.0,0.01604445005376838,2.321487108432512e-05,,,,
1347,0.0008829319849610329,adam,1348,19.267868280410767,7.161271705752102e-06,0.0,0.019654114360741902,2.6815387000014344e-05,,,,
1348,0.0008827655110508204,adam,1349,19.285712480545044,7.156709381039841e-06,0.0,0.017944403573088494,2.510111380644177e-05,,,,
1349,0.0008825989789329469,adam,1350,19.29834294319153,7.095903765118411e-06,0.0,0.01762120305427658,2.4717107656357225e-05,,,,
1350,0.0008824322721920907,adam,1351,19.31046223640442,7.036080591132802e-06,0.0,0.01837222701451894,2.54083084782857e-05,,,,
1351,0.0008822654490359128,adam,1352,19.32383918762207,7.030726586711899e-06,0.0,0.01857694272678157,2.5607670195850904e-05,,,,
1352,0.0008820986258797348,adam,1353,19.334525108337402,7.078303412002352e-06,0.0,0.018972408288464263,2.6050712601607655e-05,,,,
1353,0.000881931628100574,adam,1354,19.344310760498047,7.103922784453817e-06,0.0,0.017185025163126474,2.4288948763825186e-05,,,,
1354,0.0008817645721137524,adam,1355,19.355190753936768,7.076712701703252e-06,0.0,0.018230962245397563,2.5307675813025055e-05,,,,
1355,0.0008815973997116089,adam,1356,19.366925954818726,7.043124831081584e-06,0.0,0.019069025972992284,2.6112151709804e-05,,,,
1356,0.0008814300526864827,adam,1357,19.377673149108887,7.023153816004271e-06,0.0,0.01767493892777691,2.4698093583295728e-05,,,,
1357,0.0008812627056613564,adam,1358,19.388007879257202,7.020784642929427e-06,0.0,0.018313756082934875,2.5334541595721038e-05,,,,
1358,0.0008810951840132475,adam,1359,19.397888898849487,7.023447073600892e-06,0.0,0.01892874234883376,2.595219032150167e-05,,,,
1359,0.0008809275459498167,adam,1360,19.409230947494507,7.024075481269704e-06,0.0,0.01987507372178248,2.6899150147067534e-05,0.0005299834168362044,0.0,0.018436989306600055,0.0005484204070185145
1360,0.0008807599078863859,adam,1361,19.429187536239624,7.0186746246405565e-06,0.0,0.019140926642081172,2.6159602175866962e-05,,,,
1361,0.0008805920951999724,adam,1362,19.441028118133545,6.97210751163734e-06,0.0,0.019392293386333973,2.6364401819055822e-05,,,,
1362,0.000880424224305898,adam,1363,19.452568769454956,6.9410068648013055e-06,0.0,0.017455255125986113,2.439626281986755e-05,,,,
1363,0.0008802561787888408,adam,1364,19.464004039764404,6.921146848114583e-06,0.0,0.02077990678760704,2.7701054622714234e-05,,,,
1364,0.0008800881332717836,adam,1365,19.475492477416992,6.912827958563777e-06,0.0,0.017575748957002507,2.4488577750369566e-05,,,,
1365,0.0008799199131317437,adam,1366,19.48818349838257,6.924380655535106e-06,0.0,0.01854618921408294,2.5470570750514767e-05,,,,
1366,0.0008797515765763819,adam,1367,19.502444744110107,6.899069237784308e-06,0.0,0.018176650935689792,2.5075721036818695e-05,,,,
1367,0.0008795832400210202,adam,1368,19.517280340194702,6.891139689728324e-06,0.0,0.018987760912641545,2.5878901504240116e-05,,,,
1368,0.0008794146706350148,adam,1369,19.52812361717224,6.850134185887773e-06,0.0,0.020614902814307143,2.746503797935026e-05,,,,
1369,0.0008792461012490094,adam,1370,19.539708614349365,6.8046947256896556e-06,0.0,0.01769667087333199,2.450136643956841e-05,,,,
1370,0.0008790774154476821,adam,1371,19.55052399635315,6.790456894970677e-06,0.0,0.01981226636873947,2.6602724204742305e-05,,,,
1371,0.0008789086132310331,adam,1372,19.561160802841187,6.7972461114784745e-06,0.0,0.018333564015401788,2.5130810997677825e-05,,,,
1372,0.0008787396945990622,adam,1373,19.571662187576294,6.826770111567724e-06,0.0,0.018560126370896615,2.538689736402304e-05,,,,
1373,0.0008785706013441086,adam,1374,19.58288049697876,6.866869466139197e-06,0.0,0.01709208064905699,2.3958950927026456e-05,,,,
1374,0.000878401508089155,adam,1375,19.592914581298828,6.861957042402409e-06,0.0,0.018462757640800263,2.5324715560136606e-05,,,,
1375,0.0008782322984188795,adam,1376,19.603158712387085,6.832595901252516e-06,0.0,0.018265964552023648,2.5098561320862925e-05,,,,
1376,0.0008780630305409431,adam,1377,19.613587617874146,6.7806992521725054e-06,0.0,0.018515631143254756,2.529633127487255e-05,,,,
1377,0.000877893588040024,adam,1378,19.62355661392212,6.753191723125571e-06,0.0,0.01973110674000231,2.6484299400305162e-05,,,,
1378,0.000877724087331444,adam,1379,19.635195016860962,6.76170914586442e-06,0.0,0.01820068139051703,2.4962391400867428e-05,,,,
1379,0.0008775544702075422,adam,1380,19.64573073387146,6.7736532891688496e-06,0.0,0.01794487644077827,2.4718530582283014e-05,0.0005259078723328452,0.0,0.018158281179910453,0.0005440661543752277
1380,0.0008773846784606576,adam,1381,19.667083024978638,6.843098557887417e-06,0.0,0.018983469470521888,2.5826568930075726e-05,,,,
1381,0.0008772149449214339,adam,1382,19.678104639053345,6.893312411231244e-06,0.0,0.017637916263625184,2.4531229512612497e-05,,,,
1382,0.0008770450367592275,adam,1383,19.68988060951233,6.937483833719062e-06,0.0,0.01634497404447948,2.3282458654543153e-05,,,,
1383,0.0008768749539740384,adam,1384,19.701552152633667,6.84170039767005e-06,0.0,0.01810390907504661,2.4945610332606197e-05,,,,
1384,0.0008767048711888492,adam,1385,19.715356826782227,6.7194502088774275e-06,0.0,0.01960213627236146,2.63215874122904e-05,,,,
1385,0.0008765346137806773,adam,1386,19.726603031158447,6.6330267613477585e-06,0.0,0.01763571530806584,2.426874290706513e-05,,,,
1386,0.0008763643563725054,adam,1387,19.737757921218872,6.5978615247074e-06,0.0,0.019382773223977842,2.598063566931757e-05,,,,
1387,0.0008761939243413508,adam,1388,19.749035596847534,6.577193266201471e-06,0.0,0.018555989675435175,2.5133183822998864e-05,,,,
1388,0.0008760233758948743,adam,1389,19.759441375732422,6.578462641205096e-06,0.0,0.016625836903922726,2.32043003348127e-05,,,,
1389,0.000875852769240737,adam,1390,19.770687580108643,6.631586654844969e-06,0.0,0.019788742431295706,2.6420330026055503e-05,,,,
1390,0.0008756819879636168,adam,1391,19.780795574188232,6.652031082945084e-06,0.0,0.018080255906836193,2.473228784854735e-05,,,,
1391,0.0008755112066864967,adam,1392,19.790884971618652,6.656589291447224e-06,0.0,0.01772017498875601,2.4376765121866382e-05,,,,
1392,0.0008753402507863939,adam,1393,19.80135202407837,6.5918981730757e-06,0.0,0.01804653974972273,2.463843877996307e-05,,,,
1393,0.0008751692366786301,adam,1394,19.8115074634552,6.527015283086258e-06,0.0,0.017718786903767037,2.4245803028450514e-05,,,,
1394,0.0008749981061555445,adam,1395,19.82106590270996,6.532090662151792e-06,0.0,0.01822686323618878,2.475895476407012e-05,,,,
1395,0.000874826917424798,adam,1396,19.830894231796265,6.59900099330481e-06,0.0,0.018057979721257875,2.4656981572270698e-05,,,,
1396,0.0008746556122787297,adam,1397,19.841556072235107,6.642098414749937e-06,0.0,0.01889395573308999,2.5536055045254668e-05,,,,
1397,0.0008744841907173395,adam,1398,19.85295867919922,6.6492815948765046e-06,0.0,0.018639255945921654,2.528853842611531e-05,,,,
1398,0.0008743125945329666,adam,1399,19.865310668945312,6.594853538814709e-06,0.0,0.016467572897171434,2.3062427218153883e-05,,,,
1399,0.0008741409401409328,adam,1400,19.877222537994385,6.512913706830836e-06,0.0,0.016864472242130495,2.337738674998078e-05,0.0005171859897913233,0.0,0.017888577528574767,0.0005350745681695599
1400,0.0008739692275412381,adam,1401,19.896080017089844,6.443062453236931e-06,0.0,0.018474159418943273,2.491722274965569e-05,,,,
1401,0.0008737974567338824,adam,1402,19.90859079360962,6.427393791047622e-06,0.0,0.01786908842735716,2.4296483067140938e-05,,,,
1402,0.000873625569511205,adam,1403,19.921098947525024,6.409144315685704e-06,0.0,0.016339041875643986,2.2748186967392536e-05,,,,
1403,0.0008734535076655447,adam,1404,19.932621955871582,6.413072822768363e-06,0.0,0.020554073808392272,2.6967147607426754e-05,,,,
1404,0.0008732813294045627,adam,1405,19.94342827796936,6.461073719917587e-06,0.0,0.018012188455351047,2.4473263030801676e-05,,,,
1405,0.0008731091511435807,adam,1406,19.954612731933594,6.490214473986477e-06,0.0,0.017946359234754846,2.4436574561147647e-05,,,,
1406,0.0008729367982596159,adam,1407,19.966015100479126,6.496099056390414e-06,0.0,0.018616270616686612,2.5112370557302432e-05,,,,
1407,0.0008727643871679902,adam,1408,19.97708225250244,6.45389218254326e-06,0.0,0.018360741010436107,2.4814634065067767e-05,,,,
1408,0.0008725919178687036,adam,1409,19.98691701889038,6.3971177981855795e-06,0.0,0.018133444798396584,2.4530563457874574e-05,,,,
1409,0.0008724193321540952,adam,1410,19.996501684188843,6.39027049803318e-06,0.0,0.018866802964709974,2.525707435886821e-05,,,,
1410,0.000872246571816504,adam,1411,20.0063796043396,6.425375486764312e-06,0.0,0.01821842118737963,2.4643797539472517e-05,,,,
1411,0.0008720737532712519,adam,1412,20.01618266105652,6.457508620561624e-06,0.0,0.02039850107403951,2.6856010663477945e-05,,,,
1412,0.000871900818310678,adam,1413,20.025641918182373,6.493868449156014e-06,0.0,0.01986856222241478,2.636243161527686e-05,,,,
1413,0.0008717278251424432,adam,1414,20.037333965301514,6.523009353393744e-06,0.0,0.017066774932549194,2.3589785096571247e-05,,,,
1414,0.0008715547155588865,adam,1415,20.050127506256104,6.5485594169417215e-06,0.0,0.017221863903183095,2.3770424138119457e-05,,,,
1415,0.0008713814313523471,adam,1416,20.0612895488739,6.575634180990417e-06,0.0,0.018087868986427977,2.466350402654607e-05,,,,
1416,0.0008712080889381468,adam,1417,20.074309587478638,6.598497164577474e-06,0.0,0.018138079911355187,2.473657793744523e-05,,,,
1417,0.0008710347465239465,adam,1418,20.085289239883423,6.643227939197836e-06,0.0,0.017931218174211228,2.4574446965096227e-05,,,,
1418,0.0008708612294867635,adam,1419,20.09816598892212,6.689569895409015e-06,0.0,0.017045509772406788,2.3735080477434072e-05,,,,
1419,0.0008706876542419195,adam,1420,20.112126350402832,6.792994945575741e-06,0.0,0.018017452176752793,2.481044797811159e-05,0.0005124091684996186,0.0,0.01766841261632957,0.0005300775819551527
1420,0.0008705139043740928,adam,1421,20.13504409790039,6.878866783482935e-06,0.0,0.01793728795616722,2.4816155591625617e-05,,,,
1421,0.0008703400962986052,adam,1422,20.146226406097412,6.956143358102306e-06,0.0,0.017602390125955627,2.45585343201266e-05,,,,
1422,0.0008701661718077958,adam,1423,20.15786123275757,7.130778206263046e-06,0.0,0.01898311306257308,2.6113892170485617e-05,,,,
1423,0.0008699921891093254,adam,1424,20.168373584747314,7.530341715036488e-06,0.0,0.018230197781412983,2.57605403623374e-05,,,,
1424,0.0008698180899955332,adam,1425,20.179040908813477,8.11651476786986e-06,0.0,0.015895423679299123,2.4011939202161096e-05,,,,
1425,0.0008696438744664192,adam,1426,20.191303491592407,9.091377483399443e-06,0.0,0.01875144534433918,2.7842823718384486e-05,,,,
1426,0.0008694696007296443,adam,1427,20.204830169677734,1.0522292203444004e-05,0.0,0.01756416788706073,2.8086460924757944e-05,,,,
1427,0.0008692951523698866,adam,1428,20.21885895729065,1.260689291589633e-05,0.0,0.01623642098913646,2.884331467622141e-05,,,,
1428,0.0008691206458024681,adam,1429,20.23181676864624,1.5863179939037436e-05,0.0,0.016961448942622106,3.282462968728514e-05,,,,
1429,0.0008689460810273886,adam,1430,20.24400496482849,2.0697809179946706e-05,0.0,0.018696155595726398,3.939396566369284e-05,,,,
1430,0.0008687713416293263,adam,1431,20.260228633880615,2.820353632444417e-05,0.0,0.017900428326340097,4.610396550100899e-05,,,,
1431,0.0008685965440236032,adam,1432,20.27605700492859,4.0094970560188194e-05,0.0,0.01610174914908186,5.61967204740621e-05,,,,
1432,0.0008684216300025582,adam,1433,20.289674520492554,5.810439710428257e-05,0.0,0.01706641585830168,7.51708137731955e-05,,,,
1433,0.0008682466577738523,adam,1434,20.302350997924805,8.464972010235193e-05,0.0,0.017423108756857073,0.00010207282968676225,,,,
1434,0.0008680715109221637,adam,1435,20.31301188468933,0.00012030281223367427,0.0,0.018098946486081565,0.00013840175957940967,,,,
1435,0.000867896422278136,adam,1436,20.323038578033447,0.00016189073843716727,0.0,0.020522790197347797,0.0001824135296092953,,,,
1436,0.0008677210425958037,adam,1437,20.335513830184937,0.00019741275832978574,0.0,0.019385878756240548,0.0002167986380068061,,,,
1437,0.0008675457211211324,adam,1438,20.348151922225952,0.00020625896054898997,0.0,0.02161625074972763,0.0002278752123254344,,,,
1438,0.0008673702250234783,adam,1439,20.36362862586975,0.00016861949097093506,0.0,0.018905947567679167,0.00018752543943659854,,,,
1439,0.0008671946125105023,adam,1440,20.375996589660645,9.685413865376703e-05,0.0,0.020399476315769466,0.00011725361593845963,0.000556620256068397,0.0,0.01772332656310283,0.0005743435834733127
1440,0.0008670189999975264,adam,1441,20.398298978805542,3.387609608838271e-05,0.0,0.019948882610897268,5.382497964680106e-05,,,,
1441,0.0008668432710692286,adam,1442,20.41068148612976,2.076257120892787e-05,0.0,0.019578847683024054,4.0341419821897284e-05,,,,
1442,0.0008666673093102872,adam,1443,20.423850774765015,5.231629476371662e-05,0.0,0.01991406409303821,7.223035980262212e-05,,,,
1443,0.0008664913475513458,adam,1444,20.435678482055664,7.801382723431893e-05,0.0,0.019149817448870076,9.716364559275652e-05,,,,
1444,0.0008663153275847435,adam,1445,20.449254751205444,6.216495283889166e-05,0.0,0.017966463525804492,8.013141721805738e-05,,,,
1445,0.0008661391329951584,adam,1446,20.46096134185791,2.2014955823346578e-05,0.0,0.017723341547688228,3.9738298212848355e-05,,,,
1446,0.0008659628219902515,adam,1447,20.472068071365356,7.164100430737731e-06,0.0,0.018520496632400775,2.568459794281489e-05,,,,
1447,0.0008657864527776837,adam,1448,20.482755422592163,2.7409865737151274e-05,0.0,0.018309837351924554,4.571970395874644e-05,,,,
1448,0.000865610025357455,adam,1449,20.49432897567749,4.549589595737119e-05,0.0,0.021765652861649852,6.726154985283407e-05,,,,
1449,0.0008654334815219045,adam,1450,20.50540781021118,3.4328213789607444e-05,0.0,0.017058763317096458,5.138697791695168e-05,,,,
1450,0.0008652568212710321,adam,1451,20.516050338745117,1.3220067478801447e-05,0.0,0.017671342211082096,3.089141052922726e-05,,,,
1451,0.0008650800446048379,adam,1452,20.52648162841797,1.31909784073432e-05,0.0,0.02050347765733143,3.369445703853756e-05,,,,
1452,0.0008649032679386437,adam,1453,20.536681413650513,2.707587120869234e-05,0.0,0.020765870276152003,4.784174247117026e-05,,,,
1453,0.0008647262584418058,adam,1454,20.548235654830933,2.8254323738213104e-05,0.0,0.016897498528647532,4.515182306944875e-05,,,,
1454,0.0008645491907373071,adam,1455,20.559749126434326,1.4056133146085048e-05,0.0,0.01749119397800652,3.15473279548787e-05,,,,
1455,0.0008643721230328083,adam,1456,20.570727825164795,6.54682577918034e-06,0.0,0.015900888310285972,2.2447714844717983e-05,,,,
1456,0.0008641948224976659,adam,1457,20.58174467086792,1.4423123535753425e-05,0.0,0.0167745029645339,3.119762729703346e-05,,,,
1457,0.0008640174637548625,adam,1458,20.5928053855896,2.092330699160938e-05,0.0,0.0185350222209633,3.9458330092939e-05,,,,
1458,0.0008638401050120592,adam,1459,20.60486650466919,1.4796681930651011e-05,0.0,0.017560818561357678,3.235750132610281e-05,,,,
1459,0.0008636625716462731,adam,1460,20.616601705551147,7.83270979188373e-06,0.0,0.01922952561937458,2.706223632461177e-05,0.0005266105389389148,0.0,0.0177168801584294,0.0005443274199388509
1460,0.0008634849218651652,adam,1461,20.64023208618164,1.0849287321607738e-05,0.0,0.01867212240659624,2.9521410615082203e-05,,,,
1461,0.0008633072138763964,adam,1462,20.65198254585266,1.6082229101230462e-05,0.0,0.017842994309899236,3.392522425862645e-05,,,,
1462,0.0008631293312646449,adam,1463,20.663570642471313,1.35267033436515e-05,0.0,0.01887208124647183,3.239878548649909e-05,,,,
1463,0.0008629514486528933,adam,1464,20.67510223388672,7.705592466893879e-06,0.0,0.017480960049271556,2.5186553346466483e-05,,,,
1464,0.000862773391418159,adam,1465,20.686546325683594,7.488087828559135e-06,0.0,0.01748279550882393,2.4970884167771292e-05,,,,
1465,0.0008625952759757638,adam,1466,20.69684600830078,1.1277537400346866e-05,0.0,0.01723996341080525,2.851750163000644e-05,,,,
1466,0.0008624171023257077,adam,1467,20.70743179321289,1.1208637264737672e-05,0.0,0.019030804383054642,3.0239442551707018e-05,,,,
1467,0.0008622388122603297,adam,1468,20.719765663146973,7.712118698105484e-06,0.0,0.019471423228828177,2.718354285177664e-05,,,,
1468,0.0008620604057796299,adam,1469,20.731781244277954,6.751054886937783e-06,0.0,0.017505955467491074,2.4257011185917123e-05,,,,
1469,0.0008618819410912693,adam,1470,20.74395990371704,9.159389716223952e-06,0.0,0.018302802467328214,2.7462193052888632e-05,,,,
1470,0.0008617033017799258,adam,1471,20.755792379379272,1.0493217347554038e-05,0.0,0.017218878549468235,2.7712096714875117e-05,,,,
1471,0.0008615246624685824,adam,1472,20.766596794128418,8.579789052108346e-06,0.0,0.01830636360001905,2.6886153521633008e-05,,,,
1472,0.0008613457903265953,adam,1473,20.778274536132812,6.648232161774716e-06,0.0,0.018191665409514644,2.4839898435347102e-05,,,,
1473,0.0008611669181846082,adam,1474,20.789345026016235,7.316517419561744e-06,0.0,0.018009055218348335,2.5325573493294302e-05,,,,
1474,0.0008609879878349602,adam,1475,20.8000590801239,8.477273253171846e-06,0.0,0.01709788327427365,2.5575157339551376e-05,,,,
1475,0.0008608088828623295,adam,1476,20.810622215270996,7.781692534180571e-06,0.0,0.01779622680764318,2.5577920187099166e-05,,,,
1476,0.0008606297196820378,adam,1477,20.821054697036743,6.266941348495464e-06,0.0,0.018155240955704744,2.4422183166527882e-05,,,,
1477,0.0008604504982940853,adam,1478,20.83105158805847,6.2621951697709996e-06,0.0,0.01812758000798466,2.4389776038769507e-05,,,,
1478,0.0008602711604908109,adam,1479,20.840729236602783,7.223987895902878e-06,0.0,0.017455931680986823,2.4679920406001965e-05,,,,
1479,0.0008600915898568928,adam,1480,20.85058903694153,7.3561387815170955e-06,0.0,0.01859084692041974,2.5946986584954684e-05,0.0005120203647643769,0.0,0.017371636436150344,0.0005293920020256357
1480,0.0008599120774306357,adam,1481,20.86989665031433,6.51407367789102e-06,0.0,0.018425291307480912,2.493936586052631e-05,,,,
1481,0.0008597324485890567,adam,1482,20.880295276641846,6.111515812451246e-06,0.0,0.018196888276505743,2.4308404953262805e-05,,,,
1482,0.000859552645124495,adam,1483,20.89238953590393,6.503764266001952e-06,0.0,0.0160117515101368,2.2515516536656137e-05,,,,
1483,0.0008593728998675942,adam,1484,20.904048919677734,6.849883066341916e-06,0.0,0.016051655179402387,2.2901539008157013e-05,,,,
1484,0.0008591928635723889,adam,1485,20.91487455368042,6.568157537749603e-06,0.0,0.017358057127360667,2.3926215489573743e-05,,,,
1485,0.0008590128854848444,adam,1486,20.92720127105713,6.132808014220619e-06,0.0,0.01663928765890009,2.2772096463444462e-05,,,,
1486,0.0008588327327743173,adam,1487,20.94007706642151,6.159731542151869e-06,0.0,0.01847355328933127,2.4633285708929835e-05,,,,
1487,0.0008586525218561292,adam,1488,20.9534273147583,6.430644414827255e-06,0.0,0.015547723444170922,2.1978368597475417e-05,,,,
1488,0.0008584721945226192,adam,1489,20.965487003326416,6.370236742357551e-06,0.0,0.015471495614539685,2.1841733091753846e-05,,,,
1489,0.0008582918089814484,adam,1490,20.976566791534424,6.045053230473404e-06,0.0,0.018285774479051997,2.4330828578053085e-05,,,,
1490,0.0008581113070249557,adam,1491,20.987223386764526,5.890968051806077e-06,0.0,0.016795098909719582,2.2686067759250053e-05,,,,
1491,0.0008579306304454803,adam,1492,20.998765230178833,5.979870094035094e-06,0.0,0.01671531735268517,2.2695188240655233e-05,,,,
1492,0.000857749895658344,adam,1493,21.00925612449646,6.093935954466785e-06,0.0,0.017577959685438214,2.3671896474813285e-05,,,,
1493,0.0008575691608712077,adam,1494,21.019604682922363,6.0291145856486e-06,0.0,0.017451313325600615,2.348042874014212e-05,,,,
1494,0.0008573882514610887,adam,1495,21.02934503555298,5.8992865376632295e-06,0.0,0.015953602563515242,2.1852889858933935e-05,,,,
1495,0.0008572072838433087,adam,1496,21.039576768875122,5.819444788871362e-06,0.0,0.016692627788947312,2.251207337067595e-05,,,,
1496,0.0008570261998102069,adam,1497,21.049261569976807,5.87278010721019e-06,0.0,0.018238063874094632,2.4110844847566375e-05,,,,
1497,0.0008568449993617833,adam,1498,21.058868169784546,5.942613373184824e-06,0.0,0.017555289836190393,2.349790404320674e-05,,,,
1498,0.0008566636824980378,adam,1499,21.070167064666748,5.926651332404916e-06,0.0,0.019145710022717647,2.5072362264494993e-05,,,,
1499,0.0008564823656342924,adam,1500,21.081732273101807,5.8845756652513465e-06,0.0,0.01709813617487663,2.2982712652245868e-05,0.0005017489297083544,0.0,0.017058331686362158,0.0005188072622049438
1500,0.0008563008741475642,adam,1501,21.102549076080322,5.891864727323618e-06,0.0,0.018678130457793984,2.4569996072281197e-05,,,,
1501,0.0008561193244531751,adam,1502,21.11401677131653,5.9123084595667095e-06,0.0,0.017043758379557232,2.2956067648659025e-05,,,,
1502,0.000855937716551125,adam,1503,21.12853193283081,5.979119086570342e-06,0.0,0.018675724582929525,2.4654844556549185e-05,,,,
1503,0.0008557559340260923,adam,1504,21.140514373779297,6.024733384511159e-06,0.0,0.01755344950228215,2.357818372053742e-05,,,,
1504,0.0008555740350857377,adam,1505,21.1535165309906,6.022016826288401e-06,0.0,0.017201157282017047,2.3223174925316576e-05,,,,
1505,0.000855392194353044,adam,1506,21.16563057899475,6.0857621066383924e-06,0.0,0.016677387453727016,2.2763150352498808e-05,,,,
1506,0.0008552101207897067,adam,1507,21.17695426940918,6.173885076799182e-06,0.0,0.01746017097588071,2.363405688199351e-05,,,,
1507,0.0008550279308110476,adam,1508,21.188389539718628,6.3183205693072744e-06,0.0,0.016095136796834178,2.241345813061943e-05,,,,
1508,0.0008548457990400493,adam,1509,21.199291229248047,6.489677728451155e-06,0.0,0.01920082731432888,2.5690505954770393e-05,,,,
1509,0.0008546634344384074,adam,1510,21.209914207458496,6.678618344473637e-06,0.0,0.018554873192814975,2.5233492418597797e-05,,,,
1510,0.0008544810698367655,adam,1511,21.220296144485474,6.967852807031877e-06,0.0,0.017070650308729812,2.4038503926574073e-05,,,,
1511,0.0008542985306121409,adam,1512,21.23057723045349,7.264887956591291e-06,0.0,0.01697085812002794,2.423574688269174e-05,,,,
1512,0.0008541159913875163,adam,1513,21.240015506744385,7.563571519831178e-06,0.0,0.01762770993045546,2.5191282287557932e-05,,,,
1513,0.000853933219332248,adam,1514,21.249894857406616,7.937577019237925e-06,0.0,0.017312375867641228,2.5249953709172882e-05,,,,
1514,0.0008537504472769797,adam,1515,21.2592511177063,8.366517929803653e-06,0.0,0.016970368541610503,2.5336887277463408e-05,,,,
1515,0.0008535675588063896,adam,1516,21.269611597061157,9.049202017140977e-06,0.0,0.01807271208880519,2.712191496435393e-05,,,,
1516,0.0008533845539204776,adam,1517,21.28121829032898,9.806414024535888e-06,0.0,0.017241230618854988,2.7047645462305387e-05,,,,
1517,0.0008532014908269048,adam,1518,21.29178738594055,1.0744368760527484e-05,0.0,0.01696319802859043,2.7707567594826585e-05,,,,
1518,0.0008530182531103492,adam,1519,21.302103281021118,1.1957620053509275e-05,0.0,0.016699995558996265,2.8657616405712768e-05,,,,
1519,0.0008528350736014545,adam,1520,21.314196586608887,1.3501317949071224e-05,0.0,0.01740085901609658,3.0902177791664254e-05,0.0004946205130034991,0.0,0.016876720295260828,0.0005114972341003611
1520,0.0008526517194695771,adam,1521,21.335918188095093,1.5915398577769228e-05,0.0,0.017916446612282887,3.3831846041037665e-05,,,,
1521,0.0008524683071300387,adam,1522,21.347458839416504,1.902215276245556e-05,0.0,0.016216010334963803,3.5238163867638524e-05,,,,
1522,0.0008522847783751786,adam,1523,21.361506700515747,2.2808539441741194e-05,0.0,0.018336432250162637,4.114497256283763e-05,,,,
1523,0.0008521010749973357,adam,1524,21.373394012451172,2.7789940774099147e-05,0.0,0.017121803680302274,4.491174526764346e-05,,,,
1524,0.0008519173134118319,adam,1525,21.384424924850464,3.4313806748067996e-05,0.0,0.017932512246672874,5.22463198464895e-05,,,,
1525,0.0008517334936186671,adam,1526,21.39613103866577,4.263698327915109e-05,0.0,0.017648255796583717,6.0285239913981974e-05,,,,
1526,0.0008515496156178415,adam,1527,21.407469749450684,5.340331667658874e-05,0.0,0.01940058846085619,7.280390605892343e-05,,,,
1527,0.000851365621201694,adam,1528,21.41798162460327,6.534046455038908e-05,0.0,0.016335616778941988,8.167608210523123e-05,,,,
1528,0.0008511814521625638,adam,1529,21.428208827972412,7.785306915647536e-05,0.0,0.018547577193821538,9.640064723125954e-05,,,,
1529,0.0008509972831234336,adam,1530,21.43760585784912,8.844951910860797e-05,0.0,0.019356174564758986,0.00010780569459273591,,,,
1530,0.0008508129394613206,adam,1531,21.447253465652466,9.331647282995917e-05,0.0,0.019101665858340437,0.00011241813959558006,,,,
1531,0.0008506286540068686,adam,1532,21.457626581192017,8.949564976104736e-05,0.0,0.01933287732803229,0.00010882852800734205,,,,
1532,0.0008504441939294338,adam,1533,21.468051195144653,7.52294581828602e-05,0.0,0.01634070401363282,9.157016297263482e-05,,,,
1533,0.0008502595592290163,adam,1534,21.478379487991333,5.2832936023741275e-05,0.0,0.017711381750521095,7.054431861550786e-05,,,,
1534,0.0008500748663209379,adam,1535,21.489279747009277,2.8947785750500038e-05,0.0,0.018550761781273475,4.749854841288742e-05,,,,
1535,0.0008498901152051985,adam,1536,21.502012491226196,1.1852354979120957e-05,0.0,0.017209777585462178,2.9062133382003705e-05,,,,
1536,0.0008497053058817983,adam,1537,21.513523817062378,5.723502628352581e-06,0.0,0.016331782750387897,2.2055286154458532e-05,,,,
1537,0.0008495203801430762,adam,1538,21.525798082351685,1.0315717739163386e-05,0.0,0.014614437592707806,2.4930156026019728e-05,,,,
1538,0.0008493352797813714,adam,1539,21.541026830673218,2.0547671333784572e-05,0.0,0.015783465893872778,3.633113797733175e-05,,,,
1539,0.0008491502376273274,adam,1540,21.55309224128723,2.9087030779191215e-05,0.0,0.017810894335953543,4.6897925961116846e-05,0.0005374299505558653,0.0,0.01701558542880855,0.0005544455367928708
1540,0.000848964904434979,adam,1541,21.57636594772339,3.165959979003364e-05,0.0,0.01632174306692557,4.7981343632200406e-05,,,,
1541,0.0008487796876579523,adam,1542,21.58678698539734,2.66185013367283e-05,0.0,0.015707819582658943,4.2326321665468635e-05,,,,
1542,0.000848594238050282,adam,1543,21.597943544387817,1.729466736405121e-05,0.0,0.015584662696073077,3.287933080035604e-05,,,,
1543,0.0008484087302349508,adam,1544,21.60894203186035,9.158690962146053e-06,0.0,0.018045780855131387,2.7204472674406037e-05,,,,
1544,0.0008482231642119586,adam,1545,21.620852947235107,5.625825789930499e-06,0.0,0.015999575369375435,2.1625401919244987e-05,,,,
1545,0.0008480374817736447,adam,1546,21.631778240203857,7.376436509568284e-06,0.0,0.016505828370991002,2.3882265664544064e-05,,,,
1546,0.0008478516829200089,adam,1547,21.64207673072815,1.1958022045257916e-05,0.0,0.015654476702431655,2.7612499491237314e-05,,,,
1547,0.0008476658258587122,adam,1548,21.65196967124939,1.5741509168381578e-05,0.0,0.01728908192014719,3.303059190971609e-05,,,,
1548,0.0008474798523820937,adam,1549,21.662773370742798,1.62877495324967e-05,0.0,0.016427768251320186,3.271551856409401e-05,,,,
1549,0.0008472937624901533,adam,1550,21.672479152679443,1.3345706692513275e-05,0.0,0.017772148459581513,3.1117855996226545e-05,,,,
1550,0.000847107614390552,adam,1551,21.683047771453857,9.247469669407864e-06,0.0,0.015938459649841773,2.5185930076285848e-05,,,,
1551,0.0008469214080832899,adam,1552,21.694621324539185,6.156231390950925e-06,0.0,0.016860470092080554,2.3016702283860837e-05,,,,
1552,0.0008467350853607059,adam,1553,21.7059166431427,5.536644536720025e-06,0.0,0.015308714695428924,2.084535995927388e-05,,,,
1553,0.0008465486462228,adam,1554,21.717553853988647,7.087930042153315e-06,0.0,0.017151595067686494,2.423952592449686e-05,,,,
1554,0.0008463620324619114,adam,1555,21.728803157806396,9.34732832799334e-06,0.0,0.017454209695086535,2.6801538852110352e-05,,,,
1555,0.0008461754769086838,adam,1556,21.740885734558105,1.0471287082958582e-05,0.0,0.018069644029187943,2.8540931970408562e-05,,,,
1556,0.0008459888049401343,adam,1557,21.754157543182373,9.83110701114124e-06,0.0,0.018347828995205998,2.817893687782235e-05,,,,
1557,0.0008458019583486021,adam,1558,21.766659021377563,8.026239998045503e-06,0.0,0.01656163985256456,2.4587880637245747e-05,,,,
1558,0.0008456150535494089,adam,1559,21.779637098312378,6.227293472558751e-06,0.0,0.0173485349857865,2.3575829282356446e-05,,,,
1559,0.0008454281487502158,adam,1560,21.791181087493896,5.4015030960081655e-06,0.0,0.016750652385363884,2.2152156276985348e-05,0.0004892598516979346,0.0,0.01640346541626412,0.0005056633178933215
1560,0.000845241011120379,adam,1561,21.81149125099182,5.677758814821697e-06,0.0,0.0174317412533408,2.310950089612578e-05,,,,
1561,0.0008450538152828813,adam,1562,21.82193422317505,6.627098069989685e-06,0.0,0.01535405646314141,2.1981155262409644e-05,,,,
1562,0.0008448665612377226,adam,1563,21.832597017288208,7.583443539871399e-06,0.0,0.015939612796052237,2.352305709301462e-05,,,,
1563,0.000844679307192564,adam,1564,21.842822074890137,7.924853230715507e-06,0.0,0.015603261680283757,2.3528115652114427e-05,,,,
1564,0.0008444918203167617,adam,1565,21.85271430015564,7.560301360611758e-06,0.0,0.01771810903251196,2.527841123468874e-05,,,,
1565,0.0008443042752332985,adam,1566,21.862520694732666,6.699968490616313e-06,0.0,0.016874810443215288,2.3574779735342088e-05,,,,
1566,0.0008441166719421744,adam,1567,21.872236013412476,5.7849542557014655e-06,0.0,0.015394530635044652,2.117948562194709e-05,,,,
1567,0.0008439288940280676,adam,1568,21.882375478744507,5.3019327121967065e-06,0.0,0.017917221519413423,2.321915508263249e-05,,,,
1568,0.0008437411743216217,adam,1569,21.89327383041382,5.344046043515273e-06,0.0,0.017511285646141284,2.2855332521397994e-05,,,,
1569,0.0008435532217845321,adam,1570,21.90403652191162,5.766366212362954e-06,0.0,0.0169858386497609,2.2752205668907898e-05,,,,
1570,0.0008433652110397816,adam,1571,21.914350748062134,6.209465702010665e-06,0.0,0.018502449953915152,2.4711916534745032e-05,,,,
1571,0.0008431772002950311,adam,1572,21.925458192825317,6.497442039291484e-06,0.0,0.017649700666039873,2.4147143543647157e-05,,,,
1572,0.0008429889567196369,adam,1573,21.93613576889038,6.4952998336096825e-06,0.0,0.016650025996402563,2.3145326620846044e-05,,,,
1573,0.0008428007713519037,adam,1574,21.947548389434814,6.209080916109996e-06,0.0,0.01693722062009243,2.314630234067724e-05,,,,
1574,0.0008426124113611877,adam,1575,21.958610773086548,5.761121737661337e-06,0.0,0.016398891632937406,2.21600141495043e-05,,,,
1575,0.0008424239349551499,adam,1576,21.97075915336609,5.445102312445032e-06,0.0,0.015227354625301495,2.067245766100706e-05,,,,
1576,0.0008422354003414512,adam,1577,21.983706951141357,5.2233344270679355e-06,0.0,0.014382124951774808,1.9605460061957022e-05,,,,
1577,0.0008420467493124306,adam,1578,21.99575400352478,5.192365161875371e-06,0.0,0.017316245850654152,2.2508611835007068e-05,,,,
1578,0.000841858156491071,adam,1579,22.006126880645752,5.328766591351481e-06,0.0,0.015302273724536505,2.0631041042706986e-05,,,,
1579,0.0008416692144237459,adam,1580,22.018558263778687,5.568323572930536e-06,0.0,0.016745117141945712,2.2313441510226634e-05,0.000481687556209128,0.0,0.016190510022551338,0.0004978780670006873
1580,0.0008414803305640817,adam,1581,22.03964591026306,5.802587835155675e-06,0.0,0.017140121329212422,2.2942709978480173e-05,,,,
1581,0.0008412913884967566,adam,1582,22.050816774368286,5.867625218114237e-06,0.0,0.015637062596779654,2.150468855761451e-05,,,,
1582,0.0008411022135987878,adam,1583,22.06101107597351,5.844333333866068e-06,0.0,0.01677182636686006,2.2616160497345132e-05,,,,
1583,0.0008409130969084799,adam,1584,22.070671796798706,5.706508014311758e-06,0.0,0.016357962909072345,2.206447170034565e-05,,,,
1584,0.0008407238638028502,adam,1585,22.0806143283844,5.450431670781298e-06,0.0,0.0176585592660694,2.3108991775587257e-05,,,,
1585,0.0008405345142818987,adam,1586,22.090614795684814,5.188321249682306e-06,0.0,0.014336459386032757,1.9524781316660345e-05,,,,
1586,0.0008403450483456254,adam,1587,22.102025747299194,5.082756867831337e-06,0.0,0.01625904748411428,2.134180512420893e-05,,,,
1587,0.0008401554659940302,adam,1588,22.11404824256897,5.172974044520466e-06,0.0,0.016430529457191347,2.1603504282120086e-05,,,,
1588,0.0008399658836424351,adam,1589,22.125591039657593,5.378851618065546e-06,0.0,0.015955899840260843,2.1334752216190963e-05,,,,
1589,0.0008397761266678572,adam,1590,22.136967658996582,5.5400093013957805e-06,0.0,0.01876129341034327,2.4301303602852673e-05,,,,
1590,0.0008395863114856184,adam,1591,22.14820957183838,5.680025224395946e-06,0.0,0.01575620077283068,2.1436226745606004e-05,,,,
1591,0.0008393964380957186,adam,1592,22.160992860794067,5.767312733891697e-06,0.0,0.01663617064216505,2.240348416623245e-05,,,,
1592,0.0008392064482904971,adam,1593,22.1734676361084,5.707659761792969e-06,0.0,0.016475880883662697,2.2183541428018017e-05,,,,
1593,0.0008390163420699537,adam,1594,22.18600368499756,5.569230554389142e-06,0.0,0.016172846654974597,2.1742077977532735e-05,,,,
1594,0.0008388262358494103,adam,1595,22.19748544692993,5.405739512679128e-06,0.0,0.0158741424990184,2.1279882765678838e-05,,,,
1595,0.0008386359550058842,adam,1596,22.209208011627197,5.27637154070676e-06,0.0,0.016827793326099058,2.210416566608311e-05,,,,
1596,0.0008384456159546971,adam,1597,22.220546007156372,5.151471409475443e-06,0.0,0.014764568932531127,1.9916041043285965e-05,,,,
1597,0.0008382552186958492,adam,1598,22.231374740600586,5.103584241403483e-06,0.0,0.01680324888614403,2.1906833925659006e-05,,,,
1598,0.0008380646468140185,adam,1599,22.2426495552063,5.149225736246344e-06,0.0,0.01730723813168058,2.2456464689976622e-05,,,,
1599,0.0008378740167245269,adam,1600,22.254061937332153,5.220974477937455e-06,0.0,0.016574977823485965,2.179595308869262e-05,0.00047576963046560303,0.0,0.01595548704652984,0.0004917251182699778
1600,0.0008376833284273744,adam,1601,22.271719455718994,5.326724716369479e-06,0.0,0.016891040019254747,2.2217765537905576e-05,,,,
1601,0.0008374925237149,adam,1602,22.28208041191101,5.361160154494494e-06,0.0,0.01681174477222202,2.217290572523154e-05,,,,
1602,0.0008373016607947648,adam,1603,22.29219913482666,5.3665958722921966e-06,0.0,0.016882533217387086,2.224912989155658e-05,,,,
1603,0.0008371106814593077,adam,1604,22.30228853225708,5.244969832098846e-06,0.0,0.01520055590259665,2.044552645668316e-05,,,,
1604,0.0008369195275008678,adam,1605,22.31400728225708,5.16118403620792e-06,0.0,0.017199291899033783,2.2360476752164235e-05,,,,
1605,0.0008367284317500889,adam,1606,22.32436203956604,5.103189075503968e-06,0.0,0.01599864606715509,2.110183590255397e-05,,,,
1606,0.0008365371613763273,adam,1607,22.337212324142456,5.091537263519167e-06,0.0,0.019179057494812853,2.427059566928837e-05,,,,
1607,0.0008363458327949047,adam,1608,22.348409414291382,5.153349792606599e-06,0.0,0.015343836305730312,2.049718682713003e-05,,,,
1608,0.0008361544460058212,adam,1609,22.359730005264282,5.294775778979661e-06,0.0,0.016986761099046982,2.22815376848545e-05,,,,
1609,0.000835962884593755,adam,1610,22.371513843536377,5.407486400167425e-06,0.0,0.014903145419770775,2.0310632527799622e-05,,,,
1610,0.0008357713231816888,adam,1611,22.3835129737854,5.437922038373696e-06,0.0,0.015300289739305023,2.073821250440349e-05,,,,
1611,0.0008355795871466398,adam,1612,22.396583557128906,5.368541340312822e-06,0.0,0.015552695398538763,2.0921237477564975e-05,,,,
1612,0.0008353878511115909,adam,1613,22.407772541046143,5.224449487411956e-06,0.0,0.015176674654398047,2.040112486266337e-05,,,,
1613,0.0008351959404535592,adam,1614,22.419039487838745,5.159922371616578e-06,0.0,0.015154166975400412,2.0314090066801296e-05,,,,
1614,0.0008350039715878665,adam,1615,22.430949449539185,5.074308409004742e-06,0.0,0.01602096827446149,2.109527744442139e-05,,,,
1615,0.0008348118863068521,adam,1616,22.442912340164185,5.011514310297197e-06,0.0,0.015269927377438082,2.028144241301791e-05,,,,
1616,0.0008346198592334986,adam,1617,22.454784154891968,4.972188934420954e-06,0.0,0.015616354608835196,2.058854428499319e-05,,,,
1617,0.0008344275993295014,adam,1618,22.46503233909607,5.02394038421589e-06,0.0,0.014853555626215284,1.9877496715937207e-05,,,,
1618,0.0008342352812178433,adam,1619,22.47443437576294,5.127366579080524e-06,0.0,0.015140141626280674,2.026750892447934e-05,,,,
1619,0.0008340428466908634,adam,1620,22.484890699386597,5.26474853554082e-06,0.0,0.014443310398787322,1.9708059620348573e-05,0.00047318230750991185,0.0,0.015769461032794224,0.0004889517692917152
1620,0.0008338502957485616,adam,1621,22.503172874450684,5.4200040657336e-06,0.0,0.016611743601947483,2.2031748456696566e-05,,,,
1621,0.0008336578030139208,adam,1622,22.513535976409912,5.578660900084644e-06,0.0,0.016381031647145796,2.1959693325287696e-05,,,,
1622,0.0008334650774486363,adam,1623,22.524765729904175,5.781227165387414e-06,0.0,0.015824204505278883,2.1605432422275678e-05,,,,
1623,0.0008332722936756909,adam,1624,22.53536629676819,6.00923495368301e-06,0.0,0.014897262721732068,2.090649838299709e-05,,,,
1624,0.0008330794516950846,adam,1625,22.54749345779419,6.345768263027087e-06,0.0,0.015557184101053879,2.190295310300756e-05,,,,
1625,0.0008328864932991564,adam,1626,22.559381246566772,6.704017803898308e-06,0.0,0.015570843097436445,2.2274861640910115e-05,,,,
1626,0.0008326934766955674,adam,1627,22.570955276489258,7.112079834904958e-06,0.0,0.016500239613968317,2.3612320232592603e-05,,,,
1627,0.0008325004600919783,adam,1628,22.583770751953125,7.68516335366271e-06,0.0,0.014331360001474593,2.2016524035840377e-05,,,,
1628,0.0008323072106577456,adam,1629,22.597628831863403,8.365205056007961e-06,0.0,0.01518386021581762,2.354906599302024e-05,,,,
1629,0.000832113903015852,adam,1630,22.611658096313477,9.43522424969237e-06,0.0,0.014625787455634434,2.406101240001443e-05,,,,
1630,0.0008319204789586365,adam,1631,22.625431299209595,1.0957175875922589e-05,0.0,0.016470792898098812,2.7427969556342086e-05,,,,
1631,0.0008317269966937602,adam,1632,22.637842655181885,1.3072507539207613e-05,0.0,0.01576004119335466,2.8832549481124065e-05,,,,
1632,0.0008315334562212229,adam,1633,22.648324251174927,1.5994039091480388e-05,0.0,0.01552906774760222,3.152310757667375e-05,,,,
1633,0.0008313398575410247,adam,1634,22.659666538238525,2.0332444262301132e-05,0.0,0.01482746983263842,3.515991479920658e-05,,,,
1634,0.0008311460842378438,adam,1635,22.670593738555908,2.618087448464236e-05,0.0,0.015672933466319587,4.185380869538634e-05,,,,
1635,0.0008309523109346628,adam,1636,22.681498050689697,3.4433471100159534e-05,0.0,0.017293601285184812,5.172707320674633e-05,,,,
1636,0.0008307583630084991,adam,1637,22.691380977630615,4.5871220163359056e-05,0.0,0.014210779466641264,6.008200030497612e-05,,,,
1637,0.0008305643568746746,adam,1638,22.701740026474,6.141778376818257e-05,0.0,0.017335676154201972,7.875346074578497e-05,,,,
1638,0.00083037035074085,adam,1639,22.71164298057556,8.024133438847732e-05,0.0,0.018301497547384804,9.854283280513661e-05,,,,
1639,0.0008301761117763817,adam,1640,22.722023248672485,0.00010142850473932325,0.0,0.01572014005361506,0.0001171486455396049,0.0006167637270430553,0.0,0.016628410446635017,0.0006333921382794974
1640,0.0008299819310195744,adam,1641,22.74228024482727,0.0001226870767217528,0.0,0.017763832929802888,0.00014045091049529247,,,,
1641,0.0008297874592244625,adam,1642,22.754144430160522,0.00013744722689058373,0.0,0.01810543219029193,0.00015555265994083754,,,,
1642,0.0008295931038446724,adam,1643,22.765365839004517,0.00013790381714878948,0.0,0.016436932949172117,0.000154340750878674,,,,
1643,0.0008293986320495605,adam,1644,22.776789665222168,0.00011753030407596759,0.0,0.017813686302437674,0.00013534399122450998,,,,
1644,0.000829203927423805,adam,1645,22.78945803642273,7.949221804237145e-05,0.0,0.01572988744599036,9.522210623549137e-05,,,,
1645,0.0008290092810057104,adam,1646,22.80180549621582,3.775198937068876e-05,0.0,0.015303151308384815,5.305514140593426e-05,,,,
1646,0.000828814459964633,adam,1647,22.814353466033936,1.0121911138042498e-05,0.0,0.01402327016304265,2.414518196715474e-05,,,,
1647,0.0008286195807158947,adam,1648,22.825364589691162,6.61813988152253e-06,0.0,0.014979359318148245,2.1597499911152164e-05,,,,
1648,0.0008284245850518346,adam,1649,22.836254358291626,2.241506826039746e-05,0.0,0.01436821973129131,3.678328867414259e-05,,,,
1649,0.0008282295893877745,adam,1650,22.846915245056152,4.1716207365479434e-05,0.0,0.015272680733295166,5.6988888824188014e-05,,,,
1650,0.0008280344191007316,adam,1651,22.858389377593994,4.901038190828655e-05,0.0,0.01504892944033069,6.405931206340304e-05,,,,
1651,0.0008278391906060278,adam,1652,22.86978530883789,3.8603847069584244e-05,0.0,0.015970418188508428,5.457426601664683e-05,,,,
1652,0.0008276438456960022,adam,1653,22.879271507263184,1.9778293692527278e-05,0.0,0.014973887955090137,3.475218235883893e-05,,,,
1653,0.0008274485007859766,adam,1654,22.889567136764526,6.446908000936778e-06,0.0,0.015058901569719792,2.1505810285916013e-05,,,,
1654,0.0008272530394606292,adam,1655,22.899669885635376,6.604363249463627e-06,0.0,0.016670507760122025,2.327487180139228e-05,,,,
1655,0.00082705746171996,adam,1656,22.9098699092865,1.649516442551384e-05,0.0,0.015075120077598208,3.157028521914183e-05,,,,
1656,0.0008268617675639689,adam,1657,22.919991970062256,2.5084103959704607e-05,0.0,0.015916442274140533,4.100054698983558e-05,,,,
1657,0.0008266660152003169,adam,1658,22.92988872528076,2.460707846234322e-05,0.0,0.014364573856040994,3.897165300066486e-05,,,,
1658,0.0008264702628366649,adam,1659,22.941118240356445,1.5893187276390625e-05,0.0,0.015112334053843948,3.1005522048031925e-05,,,,
1659,0.0008262743358500302,adam,1660,22.95208978652954,7.215440018366174e-06,0.0,0.015754008176885922,2.2969448943527332e-05,0.0004696388992163372,0.0,0.015555022614170641,0.0004851939225693318
1660,0.0008260782924480736,adam,1661,22.973594903945923,5.062418206747846e-06,0.0,0.015357718183233055,2.0420137119433373e-05,,,,
1661,0.0008258822490461171,adam,1662,22.98677945137024,9.53684831329639e-06,0.0,0.01469428105550929,2.4231130066746577e-05,,,,
1662,0.0008256860310211778,adam,1663,22.998769521713257,1.485649117251361e-05,0.0,0.017207763266931003,3.206425525676951e-05,,,,
1663,0.0008254897547885776,adam,1664,23.011441946029663,1.5439031471811982e-05,0.0,0.01386992297869389,2.9308955109291865e-05,,,,
1664,0.0008252933621406555,adam,1665,23.023579835891724,1.1392472472895555e-05,0.0,0.015332467495967794,2.672494069711648e-05,,,,
1665,0.0008250969694927335,adam,1666,23.035823106765747,6.421537937309495e-06,0.0,0.014243400682297,2.0664939296131727e-05,,,,
1666,0.0008249004604294896,adam,1667,23.04715323448181,4.787722291915036e-06,0.0,0.01627411552668562,2.1061838591579668e-05,,,,
1667,0.0008247038349509239,adam,1668,23.058470249176025,6.845458087157538e-06,0.0,0.0168015563389554,2.3647015224144044e-05,,,,
1668,0.0008245070930570364,adam,1669,23.070428371429443,9.705548395094871e-06,0.0,0.01522776720997095,2.4933316328345953e-05,,,,
1669,0.0008243104093708098,adam,1670,23.080551624298096,1.0517421308887093e-05,0.0,0.015491405105412945,2.6008827150102297e-05,,,,
1670,0.0008241135510616004,adam,1671,23.09046244621277,8.325515923316963e-06,0.0,0.015066936930331207,2.3392453569289273e-05,,,,
1671,0.0008239165181294084,adam,1672,23.10020685195923,5.735557269949383e-06,0.0,0.01480672629116761,2.0542284264398754e-05,,,,
1672,0.0008237194851972163,adam,1673,23.111112594604492,4.746584035498057e-06,0.0,0.015942124969416552,2.0688709762124916e-05,,,,
1673,0.0008235223940573633,adam,1674,23.121076107025146,5.673258721191332e-06,0.0,0.015394741714553208,2.1068001166955535e-05,,,,
1674,0.0008233251282945275,adam,1675,23.130990505218506,7.191102008196849e-06,0.0,0.0162975130995335,2.3488615881820684e-05,,,,
1675,0.0008231279207393527,adam,1676,23.142343997955322,7.711287400629318e-06,0.0,0.014635910812423212,2.234719890822099e-05,,,,
1676,0.0008229304221458733,adam,1677,23.15443444252014,6.921523887177899e-06,0.0,0.015263792488740702,2.2185317100909843e-05,,,,
1677,0.0008227330399677157,adam,1678,23.16654658317566,5.625376501575005e-06,0.0,0.014993831374174933,2.0619208587918714e-05,,,,
1678,0.0008225353667512536,adam,1679,23.178826570510864,5.003223442293963e-06,0.0,0.015668504554802197,2.0671728741310192e-05,,,,
1679,0.0008223378099501133,adam,1680,23.19025707244873,5.349504794888963e-06,0.0,0.01728377982234627,2.2633285438170724e-05,0.00047182587864557144,0.0,0.015395324622290292,0.0004872212039991004
1680,0.0008221400785259902,adam,1681,23.213624954223633,6.098013998881641e-06,0.0,0.016013614716974975,2.2111629476462504e-05,,,,
1681,0.0008219422306865454,adam,1682,23.22706961631775,6.508826627524345e-06,0.0,0.01534308909307709,2.1851916449359063e-05,,,,
1682,0.0008217443246394396,adam,1683,23.23841667175293,6.215809621364075e-06,0.0,0.01459126690465104,2.0807077219063106e-05,,,,
1683,0.000821546302177012,adam,1684,23.249803066253662,5.572667797987478e-06,0.0,0.01677228323618367,2.2344951830811853e-05,,,,
1684,0.0008213482797145844,adam,1685,23.261242866516113,5.099307202447825e-06,0.0,0.014508570653299309,1.960787854486726e-05,,,,
1685,0.0008211501408368349,adam,1686,23.273149251937866,5.213061239105628e-06,0.0,0.015143000609791207,2.0356062568150767e-05,,,,
1686,0.0008209519437514246,adam,1687,23.28508186340332,5.613986388131578e-06,0.0,0.014580918008436066,2.0194905089124087e-05,,,,
1687,0.0008207536302506924,adam,1688,23.295408248901367,6.090471462326245e-06,0.0,0.014270762957643504,2.0361235097794616e-05,,,,
1688,0.0008205551421269774,adam,1689,23.30620813369751,6.369797961888337e-06,0.0,0.015997442086834318,2.2367240808560383e-05,,,,
1689,0.0008203566540032625,adam,1690,23.31572937965393,6.561418254184053e-06,0.0,0.016367379521564092,2.2928798553156958e-05,,,,
1690,0.0008201580494642258,adam,1691,23.3265483379364,6.8710574158188026e-06,0.0,0.01536675511208934,2.2237813257789847e-05,,,,
1691,0.0008199593867175281,adam,1692,23.336888551712036,7.5925144103534416e-06,0.0,0.015469390228013039,2.3061905373123086e-05,,,,
1692,0.0008197606657631695,adam,1693,23.3480703830719,8.67401013471548e-06,0.0,0.016115939569329683,2.4789950469511218e-05,,,,
1693,0.0008195618283934891,adam,1694,23.35983657836914,9.951365053829052e-06,0.0,0.015137904477049026,2.508927024988996e-05,,,,
1694,0.0008193629328161478,adam,1695,23.372373819351196,1.171256592307605e-05,0.0,0.014966174152424329,2.6678740786355507e-05,,,,
1695,0.0008191639208234847,adam,1696,23.384294748306274,1.4100583484016461e-05,0.0,0.016474947476349568,3.057553174288404e-05,,,,
1696,0.0008189647924154997,adam,1697,23.395414352416992,1.6950646709003778e-05,0.0,0.015889225689126412,3.2839873152827915e-05,,,,
1697,0.0008187656057998538,adam,1698,23.408819913864136,2.0452122730207077e-05,0.0,0.01741014294379531,3.7862266500939803e-05,,,,
1698,0.0008185663027688861,adam,1699,23.421504020690918,2.5110381854756736e-05,0.0,0.015174538628162601,4.028492120367125e-05,,,,
1699,0.0008183670579455793,adam,1700,23.436196327209473,3.08332376038732e-05,0.0,0.017932161488069608,4.8765399943674775e-05,0.0004965325432290427,0.0,0.015712150906675507,0.0005122446948820054
1700,0.0008181675802916288,adam,1701,23.45839214324951,3.753155471450205e-05,0.0,0.01666467516175683,5.419623066778848e-05,,,,
1701,0.0008179680444300175,adam,1702,23.47113871574402,4.442757741803598e-05,0.0,0.01682783027112325,6.125540848843827e-05,,,,
1702,0.000817768566776067,adam,1703,23.482553482055664,5.1384203609277585e-05,0.0,0.01584825349638462,6.723245785841386e-05,,,,
1703,0.0008175687398761511,adam,1704,23.493603944778442,5.682862301116908e-05,0.0,0.01653044004064387,7.335906383696672e-05,,,,
1704,0.0008173689711838961,adam,1705,23.503790140151978,6.001732061868353e-05,0.0,0.015861240618091473,7.58785619901435e-05,,,,
1705,0.000817169202491641,adam,1706,23.51495933532715,5.733314996098732e-05,0.0,0.01614922841494374,7.348237914297826e-05,,,,
1706,0.0008169692009687424,adam,1707,23.52552819252014,4.8411747558413367e-05,0.0,0.01693550598862907,6.534725435143581e-05,,,,
1707,0.0008167691994458437,adam,1708,23.535330295562744,3.5090805240451003e-05,0.0,0.015599752298952085,5.0690558280351565e-05,,,,
1708,0.0008165690815076232,adam,1709,23.545891284942627,2.0303365143786835e-05,0.0,0.014723964341214084,3.50273301843517e-05,,,,
1709,0.0008163689635694027,adam,1710,23.55783724784851,9.132225195220093e-06,0.0,0.015021484487053902,2.4153710395756222e-05,,,,
1710,0.0008161686128005385,adam,1711,23.569063663482666,4.696229566269247e-06,0.0,0.015693463329933356,2.0389693641602114e-05,,,,
1711,0.0008159683202393353,adam,1712,23.581292867660522,6.877894291045279e-06,0.0,0.015360153795467372,2.223804881608081e-05,,,,
1712,0.0008157679112628102,adam,1713,23.593021392822266,1.251096438941968e-05,0.0,0.014674518781753115,2.7185483868175038e-05,,,,
1713,0.0008155672694556415,adam,1714,23.607776880264282,1.7620594940745443e-05,0.0,0.013410759664971104,3.103135524269345e-05,,,,
1714,0.0008153667440637946,adam,1715,23.620509386062622,1.8971352201509285e-05,0.0,0.014920331047814756,3.389168395800174e-05,,,,
1715,0.000815166044048965,adam,1716,23.63354778289795,1.61815223923798e-05,0.0,0.01705758766100133,3.323911086357307e-05,,,,
1716,0.0008149652276188135,adam,1717,23.64585018157959,1.1024332267331497e-05,0.0,0.014703895367413167,2.5728228333142217e-05,,,,
1717,0.000814764411188662,adam,1718,23.658528089523315,6.379430350431064e-06,0.0,0.016182884244985703,2.2562315364062523e-05,,,,
1718,0.0008145634201355278,adam,1719,23.6702778339386,4.588306919401092e-06,0.0,0.014325191123021568,1.8913498722832725e-05,,,,
1719,0.0008143624872900546,adam,1720,23.681169509887695,5.908317850478159e-06,0.0,0.016037234988133878,2.1945553600339826e-05,0.00046476856494109304,0.0,0.015141204237236916,0.00047990976989749855
1720,0.0008141613216139376,adam,1721,23.70211100578308,8.797826812715189e-06,0.0,0.014938625553368466,2.3736453075630295e-05,,,,
1721,0.0008139601559378207,adam,1722,23.712224006652832,1.10600387304851e-05,0.0,0.016505601553303606,2.756564106776271e-05,,,,
1722,0.000813758815638721,adam,1723,23.723065614700317,1.1463054611314614e-05,0.0,0.015036170570555396,2.649922589604979e-05,,,,
1723,0.0008135574753396213,adam,1724,23.733587980270386,9.98555503630886e-06,0.0,0.014328591685389563,2.4314147402270007e-05,,,,
1724,0.0008133560186251998,adam,1725,23.743844747543335,7.347947977503501e-06,0.0,0.016157510541376555,2.3505459286320628e-05,,,,
1725,0.0008131545037031174,adam,1726,23.754184246063232,5.260008143522957e-06,0.0,0.015602869309226622,2.0862878193846105e-05,,,,
1726,0.000812952930573374,adam,1727,23.766069412231445,4.566170959647753e-06,0.0,0.01716079214338847,2.172696391813011e-05,,,,
1727,0.0008127512410283089,adam,1728,23.77792263031006,5.107417476169301e-06,0.0,0.015935433942954682,2.104285217601648e-05,,,,
1728,0.0008125494932755828,adam,1729,23.790245294570923,6.112356994640781e-06,0.0,0.015608695282062273,2.17210530180763e-05,,,,
1729,0.0008123476291075349,adam,1730,23.80241632461548,6.81428122056334e-06,0.0,0.013602810734882965,2.0417092601545146e-05,,,,
1730,0.0008121456485241652,adam,1731,23.817368268966675,6.661012679686917e-06,0.0,0.014170120565103705,2.0831133917835233e-05,,,,
1731,0.0008119436097331345,adam,1732,23.830419063568115,5.929130929647835e-06,0.0,0.01540766936063577,2.133680102210863e-05,,,,
1732,0.000811741512734443,adam,1733,23.84372067451477,4.988001728359281e-06,0.0,0.014259932943870696,1.924793534954045e-05,,,,
1733,0.0008115393575280905,adam,1734,23.855257272720337,4.46580260396005e-06,0.0,0.015781436771196186,2.0247240124734263e-05,,,,
1734,0.0008113370859064162,adam,1735,23.86708641052246,4.54859299807999e-06,0.0,0.014935689532548486,1.9484283240035662e-05,,,,
1735,0.000811134756077081,adam,1736,23.878217458724976,4.998221636056816e-06,0.0,0.014097050395348497,1.9095272700979276e-05,,,,
1736,0.000810932251624763,adam,1737,23.889430284500122,5.48729189715557e-06,0.0,0.014536505356195065,2.002379794379759e-05,,,,
1737,0.0008107298635877669,adam,1738,23.8992919921875,5.718529558891352e-06,0.0,0.013960394985501567,1.96789252074761e-05,,,,
1738,0.0008105271263048053,adam,1739,23.909035444259644,5.541085838133129e-06,0.0,0.015301676751615239,2.0842763316539013e-05,,,,
1739,0.0008103244472295046,adam,1740,23.918642282485962,5.228036872329722e-06,0.0,0.014655190978906607,1.9883228547320547e-05,0.00045603627845031185,0.0,0.014909566191316666,0.0004709458453497949
1740,0.0008101217681542039,adam,1741,23.935715198516846,4.833752381753266e-06,0.0,0.014905955629463948,1.9739708719212117e-05,,,,
1741,0.0008099188562482595,adam,1742,23.94581413269043,4.508657960739474e-06,0.0,0.01584589809369307,2.035455680707232e-05,,,,
1742,0.0008097159443423152,adam,1743,23.955865621566772,4.343628697321786e-06,0.0,0.013471945485089374,1.7815574822294234e-05,,,,
1743,0.0008095129742287099,adam,1744,23.965978384017944,4.381403560318413e-06,0.0,0.015137006835712946,1.9518411115000606e-05,,,,
1744,0.0008093098294921219,adam,1745,23.977312088012695,4.552742692627456e-06,0.0,0.013725332693918528,1.8278076038464306e-05,,,,
1745,0.000809106626547873,adam,1746,23.989041566848755,4.762503063803613e-06,0.0,0.013763337614410613,1.8525841331937684e-05,,,,
1746,0.0008089033653959632,adam,1747,24.001217365264893,4.894907995120913e-06,0.0,0.01623193466289724,2.112684342899368e-05,,,,
1747,0.0008087000460363925,adam,1748,24.013579845428467,4.791911593317918e-06,0.0,0.013766908931536892,1.85588211787479e-05,,,,
1748,0.000808496552053839,adam,1749,24.02568292617798,4.543285840869142e-06,0.0,0.014291861199066414,1.8835147718762537e-05,,,,
1749,0.0008082931162789464,adam,1750,24.038838863372803,4.324716557726263e-06,0.0,0.015367893183858122,1.9692610471520144e-05,,,,
1750,0.000808089564088732,adam,1751,24.051454305648804,4.20591932315839e-06,0.0,0.015588637202392727,1.9794557265971653e-05,,,,
1751,0.0008078858372755349,adam,1752,24.064684867858887,4.207671466165299e-06,0.0,0.01347408140954343,1.7681753515693254e-05,,,,
1752,0.0008076820522546768,adam,1753,24.076979637145996,4.266156614012459e-06,0.0,0.01609921563370039,2.036537301238456e-05,,,,
1753,0.0008074782672338188,adam,1754,24.087964296340942,4.360536350588947e-06,0.0,0.01445296447551634,1.8813501512584263e-05,,,,
1754,0.0008072743657976389,adam,1755,24.09895086288452,4.438372227447004e-06,0.0,0.016021128922037775,2.045950191044757e-05,,,,
1755,0.0008070704061537981,adam,1756,24.108803272247314,4.4351886337876585e-06,0.0,0.014397410885293825,1.8832600202921806e-05,,,,
1756,0.0008068662718869746,adam,1757,24.118584632873535,4.383673390557833e-06,0.0,0.012850638927840765,1.7234312928771198e-05,,,,
1757,0.000806662137620151,adam,1758,24.129334926605225,4.258552562140697e-06,0.0,0.015217969744470929,1.9476523029426404e-05,,,,
1758,0.0008064578869380057,adam,1759,24.139273643493652,4.141946096057256e-06,0.0,0.015202849639050539,1.9344796457204404e-05,,,,
1759,0.0008062535780481994,adam,1760,24.149338722229004,4.10931973291248e-06,0.0,0.01571741314919342,1.9826733628642966e-05,0.00044800897622868373,0.0,0.01467847384303033,0.0004626874507689042
1760,0.0008060492109507322,adam,1761,24.16774296760559,4.146048951207617e-06,0.0,0.015282604863792048,1.9428654540884445e-05,,,,
1761,0.0008058447274379432,adam,1762,24.179028034210205,4.223041168139205e-06,0.0,0.014387236268308953,1.861027811980521e-05,,,,
1762,0.0008056400693021715,adam,1763,24.190997838974,4.261079703045978e-06,0.0,0.015032795414771682,1.929387583183713e-05,,,,
1763,0.0008054355275817215,adam,1764,24.203105688095093,4.2626816980946315e-06,0.0,0.01478948451427118,1.905216691482863e-05,,,,
1764,0.000805230753030628,adam,1765,24.213517427444458,4.309773365340352e-06,0.0,0.014737552647715636,1.9047326713052177e-05,,,,
1765,0.0008050259784795344,adam,1766,24.22517991065979,4.245948203597409e-06,0.0,0.0138882094870784,1.8134158350330366e-05,,,,
1766,0.000804821087513119,adam,1767,24.23726224899292,4.2131142611022465e-06,0.0,0.014631907495895363,1.8845022451975924e-05,,,,
1767,0.0008046161383390427,adam,1768,24.249788761138916,4.178033687844289e-06,0.0,0.013291509960178593,1.746954427933573e-05,,,,
1768,0.0008044110727496445,adam,1769,24.261706590652466,4.122473396622002e-06,0.0,0.015309507011901355,1.943198113568592e-05,,,,
1769,0.0008042059489525855,adam,1770,24.272529125213623,4.073676386755823e-06,0.0,0.014867344812161436,1.8941021905078246e-05,,,,
1770,0.0008040007087402046,adam,1771,24.284075260162354,4.062916096679722e-06,0.0,0.013881590933970097,1.7944507689990006e-05,,,,
1771,0.0008037954103201628,adam,1772,24.29504704475403,4.054301850579935e-06,0.0,0.015147299778905915,1.9201602348943982e-05,,,,
1772,0.0008035900536924601,adam,1773,24.306395530700684,4.0549063156054025e-06,0.0,0.014637898162262186,1.8692805173130443e-05,,,,
1773,0.0008033846388570964,adam,1774,24.31809115409851,4.0591235448531685e-06,0.0,0.013849421886736966,1.7908546089402375e-05,,,,
1774,0.0008031790493987501,adam,1775,24.32849383354187,4.051245000005429e-06,0.0,0.013177522025490291,1.7228767651394428e-05,,,,
1775,0.0008029734017327428,adam,1776,24.33915615081787,4.0533228047129e-06,0.0,0.014528293694191268,1.858161718896109e-05,,,,
1776,0.0008027678704820573,adam,1777,24.349974155426025,4.049391621454225e-06,0.0,0.013637810317490732,1.7687202586706188e-05,,,,
1777,0.0008025619899854064,adam,1778,24.360811471939087,4.0623263948226095e-06,0.0,0.014066846227158258,1.812917329012021e-05,,,,
1778,0.0008023561676964164,adam,1779,24.37125039100647,4.072298847861077e-06,0.0,0.014416068810767506,1.848836834335511e-05,,,,
1779,0.0008021501707844436,adam,1780,24.38305377960205,4.092671431197086e-06,0.0,0.014886497466886174,1.897916960515395e-05,0.0004454488414115466,0.0,0.014475647161192132,0.00045992448926029505
1780,0.0008019442320801318,adam,1781,24.403018712997437,4.086229312227565e-06,0.0,0.013985936799288338,1.8072166775812255e-05,,,,
1781,0.0008017381187528372,adam,1782,24.41378903388977,4.065303237438195e-06,0.0,0.014113247705811717,1.817855161359321e-05,,,,
1782,0.0008015319472178817,adam,1783,24.42459750175476,4.0225882538602355e-06,0.0,0.015242142523824087,1.9264731501647243e-05,,,,
1783,0.0008013256592676044,adam,1784,24.437819242477417,4.002434149542889e-06,0.0,0.013669028385682909,1.7671463184469807e-05,,,,
1784,0.0008011193131096661,adam,1785,24.45000648498535,3.990672245864012e-06,0.0,0.014858125004933158,1.884879795652024e-05,,,,
1785,0.000800912908744067,adam,1786,24.46317410469055,3.986110893133525e-06,0.0,0.013793086776952096,1.777919832522209e-05,,,,
1786,0.0008007064461708069,adam,1787,24.47461199760437,3.963774136310262e-06,0.0,0.014468522197967069,1.8432297021495258e-05,,,,
1787,0.0008004998089745641,adam,1788,24.485551595687866,3.961367939708647e-06,0.0,0.013642339538899092,1.7603708126584098e-05,,,,
1788,0.0008002932299859822,adam,1789,24.498997449874878,3.988535114613018e-06,0.0,0.01433878628010951,1.8327322075778332e-05,,,,
1789,0.0008000864763744175,adam,1790,24.511114597320557,4.029572353369149e-06,0.0,0.013388130563402618,1.7417703552673846e-05,,,,
1790,0.0007998797227628529,adam,1791,24.522122144699097,4.083608780922936e-06,0.0,0.014223090999118008,1.8306700455601515e-05,,,,
1791,0.0007996727363206446,adam,1792,24.53371572494507,4.185097567058129e-06,0.0,0.015775410326045677,1.996050864239559e-05,,,,
1792,0.0007994657498784363,adam,1793,24.544391870498657,4.313568846989652e-06,0.0,0.015668768500086423,1.9982338091302644e-05,,,,
1793,0.000799258763436228,adam,1794,24.557458877563477,4.512444027872246e-06,0.0,0.013824582175770598,1.8337026860275262e-05,,,,
1794,0.000799051602371037,adam,1795,24.569182872772217,4.7522384245656135e-06,0.0,0.014307492388569036,1.9059731492704074e-05,,,,
1795,0.0007988443830981851,adam,1796,24.581475257873535,5.032935669359469e-06,0.0,0.01573405902604987,2.076699544273704e-05,,,,
1796,0.0007986371056176722,adam,1797,24.59301519393921,5.504778833168712e-06,0.0,0.013856954895721408,1.936173438706016e-05,,,,
1797,0.0007984297699294984,adam,1798,24.60495662689209,6.214183017163339e-06,0.0,0.0136492828264165,1.9863466491885986e-05,,,,
1798,0.0007982223178260028,adam,1799,24.61585521697998,7.1608782961532405e-06,0.0,0.014076971622168092,2.1237850586941606e-05,,,,
1799,0.0007980148075148463,adam,1800,24.627697229385376,8.65726818925292e-06,0.0,0.012983355433305754,2.1640624239234966e-05,0.0004478980285351415,0.0,0.014377638537384836,0.0004622756677554275
1800,0.000797807180788368,adam,1801,24.646807193756104,1.072417554940086e-05,0.0,0.014079402265438919,2.48035784835755e-05,,,,
1801,0.0007975995540618896,adam,1802,24.65752387046814,1.3723078455620636e-05,0.0,0.01557071057292234,2.9293789768112042e-05,,,,
1802,0.0007973917527124286,adam,1803,24.668087482452393,1.798577735188888e-05,0.0,0.015255917967067087,3.324169604357319e-05,,,,
1803,0.0007971839513629675,adam,1804,24.684028148651123,2.433178920496111e-05,0.0,0.015774523798890612,4.010631375310139e-05,,,,
1804,0.0007969760335981846,adam,1805,24.69579839706421,3.319484049840017e-05,0.0,0.014649718786906848,4.784455998113132e-05,,,,
1805,0.0007967679994180799,adam,1806,24.707355737686157,4.544142132122641e-05,0.0,0.015569916848930596,6.1011338909688375e-05,,,,
1806,0.0007965599070303142,adam,1807,24.718945264816284,6.112220586724227e-05,0.0,0.01495868402544723,7.608089060318887e-05,,,,
1807,0.0007963517564348876,adam,1808,24.73081064224243,8.026052461832626e-05,0.0,0.015161555001891388,9.542208034035287e-05,,,,
1808,0.0007961435476318002,adam,1809,24.741888284683228,0.00010086137811093653,0.0,0.016783231135216015,0.00011764461004331326,,,,
1809,0.00079593516420573,adam,1810,24.753180027008057,0.00011823660019699217,0.0,0.01427724152851385,0.0001325138424036386,,,,
1810,0.0007957267807796597,adam,1811,24.765541553497314,0.0001235349540836329,0.0,0.01581079984169432,0.00013934575467629992,,,,
1811,0.0007955183973535895,adam,1812,24.777247190475464,0.00011043282133993987,0.0,0.015523611920907628,0.0001259564339981795,,,,
1812,0.0007953098393045366,adam,1813,24.78997540473938,8.076585550528345e-05,0.0,0.014952858799690246,9.571871501519638e-05,,,,
1813,0.0007951012230478227,adam,1814,24.802024602890015,4.767402049233841e-05,0.0,0.013348150211214726,6.102217133755625e-05,,,,
1814,0.000794892490375787,adam,1815,24.814416646957397,2.899087859886196e-05,0.0,0.014864167383680935,4.385504668855296e-05,,,,
1815,0.0007946837577037513,adam,1816,24.825848817825317,3.3226681478320094e-05,0.0,0.015860293193643023,4.908697542528662e-05,,,,
1816,0.0007944748504087329,adam,1817,24.836979150772095,5.15502441776883e-05,0.0,0.015918060613814226,6.746830554756984e-05,,,,
1817,0.0007942658849060535,adam,1818,24.848997831344604,6.363582191883107e-05,0.0,0.01645803395194634,8.009385665249207e-05,,,,
1818,0.0007940568611957133,adam,1819,24.859903812408447,5.6624968437129486e-05,0.0,0.015537475539102105,7.216244471422208e-05,,,,
1819,0.0007938477792777121,adam,1820,24.869858264923096,3.380227507959819e-05,0.0,0.013646032920996408,4.744830864874638e-05,0.000468026047720175,0.0,0.014575669971276432,0.0004826017183837586
1820,0.00079363863915205,adam,1821,24.89036273956299,1.4456800091187042e-05,0.0,0.0145271810258555,2.8983981807046616e-05,,,,
1821,0.0007934293244034052,adam,1822,24.902074337005615,1.2297743596306565e-05,0.0,0.016074901707157467,2.837264606698089e-05,,,,
1822,0.0007932200678624213,adam,1823,24.914474487304688,2.077961613756054e-05,0.0,0.01529013738154316,3.606975424534626e-05,,,,
1823,0.0007930106366984546,adam,1824,24.92653179168701,2.4431741305124118e-05,0.0,0.015324492175355996,3.9756234208354435e-05,,,,
1824,0.000792801147326827,adam,1825,24.938008785247803,1.7068342040546707e-05,0.0,0.013186086703403866,3.0254429370256084e-05,,,,
1825,0.0007925915997475386,adam,1826,24.949008226394653,7.680613459991069e-06,0.0,0.01484502473404051,2.252563889913242e-05,,,,
1826,0.0007923819939605892,adam,1827,24.960397958755493,6.96908452320157e-06,0.0,0.01474067712561791,2.1709762348964075e-05,,,,
1827,0.000792172271758318,adam,1828,24.972655296325684,1.4413135873831015e-05,0.0,0.014489551264911547,2.8902687826959318e-05,,,,
1828,0.0007919624331407249,adam,1829,24.983747005462646,1.9860099812005005e-05,0.0,0.015272340956155761,3.5132441493558036e-05,,,,
1829,0.0007917525945231318,adam,1830,24.994834899902344,1.7092641795247845e-05,0.0,0.01606473492284947,3.315737748113128e-05,,,,
1830,0.0007915426976978779,adam,1831,25.00613784790039,1.0493473706601393e-05,0.0,0.014098407098349208,2.4591881474589005e-05,,,,
1831,0.0007913326262496412,adam,1832,25.018290281295776,7.057308124062869e-06,0.0,0.014967504431981414,2.2024813266962595e-05,,,,
1832,0.0007911224965937436,adam,1833,25.02972936630249,8.413213667769415e-06,0.0,0.013468081041234954,2.188129534870389e-05,,,,
1833,0.0007909123669378459,adam,1834,25.040908575057983,1.0034000813644778e-05,0.0,0.01446897999878138,2.450298149966583e-05,,,,
1834,0.0007907020626589656,adam,1835,25.0523464679718,8.407244338869065e-06,0.0,0.014709476972251728,2.3116722009783456e-05,,,,
1835,0.0007904917583800852,adam,1836,25.06336283683777,5.298369209754816e-06,0.0,0.014280373848374887,1.9578743736411065e-05,,,,
1836,0.000790281337685883,adam,1837,25.073368549346924,4.347638612451727e-06,0.0,0.01437379347522561,1.8721432770395894e-05,,,,
1837,0.00079007085878402,adam,1838,25.084675312042236,6.406592117925698e-06,0.0,0.016958827464427912,2.3365420387854692e-05,,,,
1838,0.000789860263466835,adam,1839,25.096262216567993,8.62417320794193e-06,0.0,0.014772767060602689,2.3396940970213404e-05,,,,
1839,0.0007896496681496501,adam,1840,25.108744144439697,8.329547552039638e-06,0.0,0.014671293163856725,2.3000841412745397e-05,0.0004527035429136965,0.0,0.014352761247000878,0.00046705630484241697
1840,0.0007894389564171433,adam,1841,25.127493619918823,6.507922764854012e-06,0.0,0.014631711013039471,2.1139634472862465e-05,,,,
1841,0.0007892281864769757,adam,1842,25.140485286712646,5.396302173244042e-06,0.0,0.014034086867623223,1.9430389707450624e-05,,,,
1842,0.0007890173001214862,adam,1843,25.152007579803467,5.752418376342599e-06,0.0,0.014700019114954898,2.0452438189510938e-05,,,,
1843,0.0007888063555583358,adam,1844,25.16301703453064,6.322587391765634e-06,0.0,0.01452275100638658,2.0845339087945874e-05,,,,
1844,0.0007885952945798635,adam,1845,25.17616033554077,5.73484518303756e-06,0.0,0.017416007543499548,2.315085355375308e-05,,,,
1845,0.0007883842336013913,adam,1846,25.187845468521118,4.503442501237739e-06,0.0,0.014083071040806073,1.8586514210953793e-05,,,,
1846,0.0007881730562075973,adam,1847,25.198348999023438,3.853580237236516e-06,0.0,0.013026878964717025,1.688045982069709e-05,,,,
1847,0.0007879618206061423,adam,1848,25.20992159843445,4.2019646764595035e-06,0.0,0.014993092050156382,1.9195057438749546e-05,,,,
1848,0.0007877505267970264,adam,1849,25.22103977203369,4.917983566874318e-06,0.0,0.014822896269816584,1.9740880540740695e-05,,,,
1849,0.0007875391165725887,adam,1850,25.231584072113037,5.104635944956609e-06,0.0,0.012691313338845923,1.7795949886607567e-05,,,,
1850,0.0007873276481404901,adam,1851,25.24379825592041,4.682471870921147e-06,0.0,0.014070381420701177,1.875285395992958e-05,,,,
1851,0.0007871160632930696,adam,1852,25.25791096687317,4.123685958245985e-06,0.0,0.0145620998040585,1.8685786453967113e-05,,,,
1852,0.0007869043620303273,adam,1853,25.270823001861572,4.0412807005547986e-06,0.0,0.014380438465904017,1.842171984949299e-05,,,,
1853,0.000786692718975246,adam,1854,25.285240411758423,4.2722655610240274e-06,0.0,0.015988811069499675,2.0261077389951477e-05,,,,
1854,0.0007864809012971818,adam,1855,25.297913551330566,4.352167402716843e-06,0.0,0.01483381396833355,1.918598207561875e-05,,,,
1855,0.0007862690836191177,adam,1856,25.30993366241455,4.151998526047699e-06,0.0,0.013278702806683584,1.7430701963435825e-05,,,,
1856,0.0007860570913180709,adam,1857,25.32144856452942,3.876899458352602e-06,0.0,0.01373515746454226,1.7612057575279837e-05,,,,
1857,0.000785845157224685,adam,1858,25.332974910736084,3.840101355143744e-06,0.0,0.014935839238529208,1.877594130308725e-05,,,,
1858,0.0007856329903006554,adam,1859,25.345144987106323,4.113662064524277e-06,0.0,0.014081722143329083,1.819538487669927e-05,,,,
1859,0.0007854208815842867,adam,1860,25.35477566719055,4.393072397768582e-06,0.0,0.013938328411592756,1.8331401471396415e-05,0.00044035644204697567,0.0,0.014097326747322673,0.0004544537694638854
1860,0.0007852086564525962,adam,1861,25.372952699661255,4.565232272597579e-06,0.0,0.014567936848671343,1.9133169813208794e-05,,,,
1861,0.0007849963731132448,adam,1862,25.38335156440735,4.578118958481364e-06,0.0,0.015025087665094139,1.9603207337228873e-05,,,,
1862,0.0007847839151509106,adam,1863,25.393583297729492,4.495047199920996e-06,0.0,0.013562905659095358,1.8057953503219804e-05,,,,
1863,0.0007845714571885765,adam,1864,25.404616832733154,4.552279014189113e-06,0.0,0.013485289369738153,1.803756902444414e-05,,,,
1864,0.0007843589410185814,adam,1865,25.41592288017273,4.628296364210493e-06,0.0,0.013684724190100337,1.8313021204300352e-05,,,,
1865,0.0007841464248485863,adam,1866,25.42805027961731,4.6701033874849315e-06,0.0,0.014683172038196775,1.9353276123094956e-05,,,,
1866,0.0007839336176402867,adam,1867,25.4397554397583,4.569314746927438e-06,0.0,0.012772636428354227,1.734195178194934e-05,,,,
1867,0.000783720868639648,adam,1868,25.451769590377808,4.361950029554482e-06,0.0,0.013966521793921763,1.8328472486850434e-05,,,,
1868,0.0007835080614313483,adam,1869,25.463101863861084,4.179186180506525e-06,0.0,0.01347420819154793,1.7653395012045e-05,,,,
1869,0.0007832951378077269,adam,1870,25.47570562362671,4.1168776421851795e-06,0.0,0.013768246351790208,1.7885124647932e-05,,,,
1870,0.0007830821559764445,adam,1871,25.489096641540527,4.086736423007983e-06,0.0,0.013959660935343014,1.8046398021399313e-05,,,,
1871,0.0007828690577298403,adam,1872,25.50159740447998,4.144247094351324e-06,0.0,0.013055714786795024,1.7199962501259523e-05,,,,
1872,0.0007826559594832361,adam,1873,25.513427734375,4.068445515243415e-06,0.0,0.013732578987498177,1.7801025155004095e-05,,,,
1873,0.00078244274482131,adam,1874,25.524402618408203,3.928307766780028e-06,0.0,0.013787660200248306,1.7715968621907054e-05,,,,
1874,0.0007822294137440622,adam,1875,25.535547971725464,3.75072736843709e-06,0.0,0.013661969154500747,1.741269717184655e-05,,,,
1875,0.0007820160826668143,adam,1876,25.546781301498413,3.694611523983579e-06,0.0,0.014339560072519504,1.803417227759564e-05,,,,
1876,0.0007818026351742446,adam,1877,25.557548999786377,3.7358955015846177e-06,0.0,0.01546628012114295,1.9202176357336453e-05,,,,
1877,0.000781589129474014,adam,1878,25.567779779434204,3.7692661132451054e-06,0.0,0.013810213681762521,1.757948045095758e-05,,,,
1878,0.0007813755073584616,adam,1879,25.577860355377197,3.7572973771059555e-06,0.0,0.014782508458982423,1.8539806538219854e-05,,,,
1879,0.0007811618270352483,adam,1880,25.58779239654541,3.7246830094441817e-06,0.0,0.013840498943339087,1.7565182610171693e-05,0.00043224936592247033,0.0,0.01390176658724355,0.0004461511331700124
1880,0.0007809482049196959,adam,1881,25.606011152267456,3.703318838473488e-06,0.0,0.014473334437978373,1.817665396389836e-05,,,,
1881,0.0007807343499734998,adam,1882,25.616705894470215,3.7764581226165706e-06,0.0,0.014139205831084587,1.7915664625277398e-05,,,,
1882,0.0007805204950273037,adam,1883,25.627639532089233,3.9325861640636906e-06,0.0,0.013746546909862543,1.7679133726852174e-05,,,,
1883,0.000780306407250464,adam,1884,25.64443039894104,4.071659057369666e-06,0.0,0.014293604491046137,1.8365264227325588e-05,,,,
1884,0.0007800924358889461,adam,1885,25.656080722808838,4.159177579839857e-06,0.0,0.012489550579541436,1.6648728752603114e-05,,,,
1885,0.0007798784063197672,adam,1886,25.669516801834106,4.201801981979196e-06,0.0,0.013561257841105949,1.776306046721033e-05,,,,
1886,0.0007796641439199448,adam,1887,25.683246850967407,4.2382477613382536e-06,0.0,0.014400837937192306,1.863908638253366e-05,,,,
1887,0.0007794499979354441,adam,1888,25.696722269058228,4.259129585432695e-06,0.0,0.013196429331667509,1.7455559543896963e-05,,,,
1888,0.0007792355609126389,adam,1889,25.708815097808838,4.306478895180892e-06,0.0,0.014286327760703519,1.859280733444857e-05,,,,
1889,0.0007790211820974946,adam,1890,25.720160007476807,4.331977058399265e-06,0.0,0.014080279345504593,1.841225707268124e-05,,,,
1890,0.0007788068032823503,adam,1891,25.731484413146973,4.407805798718709e-06,0.0,0.014791701725662361,1.9199508226949203e-05,,,,
1891,0.0007785921334289014,adam,1892,25.74313974380493,4.4650873225180566e-06,0.0,0.01346070625037795,1.7925794212245248e-05,,,,
1892,0.0007783775799907744,adam,1893,25.754704236984253,4.645407658660311e-06,0.0,0.01395690358679261,1.860231190837027e-05,,,,
1893,0.0007781627937220037,adam,1894,25.765270709991455,4.841829627889525e-06,0.0,0.014347026534904479,1.91888568442412e-05,,,,
1894,0.0007779481238685548,adam,1895,25.775262117385864,5.099299110699609e-06,0.0,0.013760538400338584,1.8859838164628696e-05,,,,
1895,0.0007777332211844623,adam,1896,25.785222053527832,5.395727854396608e-06,0.0,0.012616207016739935,1.801193547037422e-05,,,,
1896,0.0007775183185003698,adam,1897,25.79537320137024,6.002844548670949e-06,0.0,0.012380971983893832,1.8383817120629396e-05,,,,
1897,0.0007773033576086164,adam,1898,25.80574607849121,6.655303049069965e-06,0.0,0.014765505163550607,2.1420808913944435e-05,,,,
1898,0.0007770882803015411,adam,1899,25.81645178794861,7.645366668914505e-06,0.0,0.012334843514646837,1.998021076943497e-05,,,,
1899,0.0007768731447868049,adam,1900,25.828025341033936,8.874871955333144e-06,0.0,0.013447134198499525,2.232200679253727e-05,0.0004257415327397336,0.0,0.013762395645604763,0.0004395039290390171
1900,0.0007766578928567469,adam,1901,25.84780192375183,1.0720118606345085e-05,0.0,0.014097392217896191,2.4817511493831478e-05,,,,
1901,0.0007764426991343498,adam,1902,25.858933448791504,1.2759421018722634e-05,0.0,0.01351525075573121,2.627467241639381e-05,,,,
1902,0.00077622733078897,adam,1903,25.87429428100586,1.5433471232463935e-05,0.0,0.01365506451413009,2.9088536395174788e-05,,,,
1903,0.0007760118460282683,adam,1904,25.887800693511963,1.8642064421928934e-05,0.0,0.014786909777891233,3.3428974902160694e-05,,,,
1904,0.0007757964194752276,adam,1905,25.900944471359253,2.3045616896771727e-05,0.0,0.014662973989506459,3.770859158273208e-05,,,,
1905,0.0007755807600915432,adam,1906,25.913788080215454,2.827724243097184e-05,0.0,0.01373284062348597,4.201008370673274e-05,,,,
1906,0.0007753651589155197,adam,1907,25.926838874816895,3.4117227647428766e-05,0.0,0.014832825387284684,4.895005373923485e-05,,,,
1907,0.0007751494413241744,adam,1908,25.938231229782104,4.130604493256724e-05,0.0,0.013990762405998105,5.52968080030909e-05,,,,
1908,0.0007749336655251682,adam,1909,25.94980502128601,4.954998958725141e-05,0.0,0.013470191939198867,6.302018216625006e-05,,,,
1909,0.0007747177733108401,adam,1910,25.959655046463013,5.7613275010463694e-05,0.0,0.015068463583748548,7.268173930992586e-05,,,,
1910,0.0007745018228888512,adam,1911,25.970536947250366,6.409712029305878e-05,0.0,0.014697261681617623,7.879438267275887e-05,,,,
1911,0.0007742858142592013,adam,1912,25.98057532310486,6.706018371246786e-05,0.0,0.013655767889502023,8.071595225058405e-05,,,,
1912,0.0007740697474218905,adam,1913,25.990930557250977,6.495235941412965e-05,0.0,0.013269391191562348,7.822175123595426e-05,,,,
1913,0.0007738536223769188,adam,1914,26.00087285041809,5.6585196444654375e-05,0.0,0.014724965486298518,7.131016263035122e-05,,,,
1914,0.0007736373809166253,adam,1915,26.010565757751465,4.3002730549896076e-05,0.0,0.014269193708175962,5.727192493582237e-05,,,,
1915,0.0007734210230410099,adam,1916,26.021579265594482,2.7354993916891413e-05,0.0,0.01453664848969642,4.1891643097041585e-05,,,,
1916,0.0007732046651653945,adam,1917,26.032389402389526,1.3869155436872953e-05,0.0,0.013131206159394412,2.7000362219966192e-05,,,,
1917,0.0007729883072897792,adam,1918,26.043705463409424,5.552451824285208e-06,0.0,0.013226952585490498,1.8779405038022244e-05,,,,
1918,0.0007727717165835202,adam,1919,26.057782411575317,3.963155278210482e-06,0.0,0.013319119009038732,1.728227491987342e-05,,,,
1919,0.0007725550676696002,adam,1920,26.070229053497314,7.64974858986036e-06,0.0,0.01312427533451643,2.077402454774642e-05,0.00044975737781015703,0.0,0.013782117959197919,0.0004635394964239704
1920,0.0007723384769633412,adam,1921,26.093501091003418,1.3555849994809357e-05,0.0,0.014263702422371126,2.781955309466999e-05,,,,
1921,0.0007721218280494213,adam,1922,26.10637140274048,1.847278150253393e-05,0.0,0.01359101157831747,3.206379372638981e-05,,,,
1922,0.0007719050045125186,adam,1923,26.11807608604431,1.9801778550721443e-05,0.0,0.01449187544888544,3.429365468793403e-05,,,,
1923,0.0007716880063526332,adam,1924,26.12934136390686,1.7624592963912336e-05,0.0,0.013790305814826317,3.141489943374303e-05,,,,
1924,0.0007714711246080697,adam,1925,26.140193223953247,1.2809137486318927e-05,0.0,0.014840583617274907,2.764972180848373e-05,,,,
1925,0.0007712541264481843,adam,1926,26.151137113571167,7.5287261908411765e-06,0.0,0.014179855515110753,2.1708582379458927e-05,,,,
1926,0.0007710369536653161,adam,1927,26.162850618362427,4.146060904710246e-06,0.0,0.013515314271593996,1.7661375818247222e-05,,,,
1927,0.0007708198390901089,adam,1928,26.173301696777344,3.6234293978171904e-06,0.0,0.012671822661144907,1.629525266084138e-05,,,,
1928,0.0007706026080995798,adam,1929,26.183839321136475,5.469962113737768e-06,0.0,0.013830190479741548,1.9300153250378115e-05,,,,
1929,0.0007703853189013898,adam,1930,26.19375967979431,8.129187947719748e-06,0.0,0.014192877612344959,2.232206623419022e-05,,,,
1930,0.000770167913287878,adam,1931,26.204112768173218,1.0097167386895579e-05,0.0,0.012950460077986675,2.3047628079996098e-05,,,,
1931,0.0007699505076743662,adam,1932,26.214662790298462,1.0142035384384806e-05,0.0,0.014600379192704127,2.4742415270569733e-05,,,,
1932,0.0007697329856455326,adam,1933,26.226431846618652,8.696623651283965e-06,0.0,0.014196797308642279,2.2893421634237933e-05,,,,
1933,0.0007695153472013772,adam,1934,26.237661838531494,6.328601763704619e-06,0.0,0.013592939555232993,1.99215419645676e-05,,,,
1934,0.0007692977669648826,adam,1935,26.249200344085693,4.381840441636785e-06,0.0,0.012979425996601547,1.7361267054727987e-05,,,,
1935,0.0007690800121054053,adam,1936,26.26050043106079,3.5289093366285846e-06,0.0,0.013807008310968033,1.7335918303394324e-05,,,,
1936,0.0007688621990382671,adam,1937,26.27123761177063,3.8906271540388395e-06,0.0,0.01356421189786216,1.7454839696166494e-05,,,,
1937,0.0007686442695558071,adam,1938,26.28335690498352,4.939087068319594e-06,0.0,0.013697959848984784,1.863704756792256e-05,,,,
1938,0.000768426398281008,adam,1939,26.295634508132935,5.93907089680486e-06,0.0,0.01423869393140361,2.0177765504510143e-05,,,,
1939,0.0007682084105908871,adam,1940,26.308762073516846,6.4492629760144205e-06,0.0,0.014464304171279557,2.091356783431156e-05,0.0004342920234750299,0.0,0.013501476919884054,0.00044779350103619966
1940,0.0007679902482777834,adam,1941,26.329500913619995,6.076843521979594e-06,0.0,0.013741952353391467,1.9818796528078774e-05,,,,
1941,0.0007677720277570188,adam,1942,26.342013597488403,5.241816013877598e-06,0.0,0.013227901954321117,1.8469718596490345e-05,,,,
1942,0.000767553923651576,adam,1943,26.352908611297607,4.2576618020916744e-06,0.0,0.013052714885827692,1.7310377307890056e-05,,,,
1943,0.0007673355867154896,adam,1944,26.364893674850464,3.5851851009108164e-06,0.0,0.014626409937272301,1.8211595732900313e-05,,,,
1944,0.0007671172497794032,adam,1945,26.37593650817871,3.4067956387783477e-06,0.0,0.012396659544080703,1.5803455771668783e-05,,,,
1945,0.000766898796427995,adam,1946,26.38662815093994,3.6817553211694317e-06,0.0,0.014128112113769563,1.7809868105988314e-05,,,,
1946,0.0007666802848689258,adam,1947,26.397160530090332,4.238646333252567e-06,0.0,0.013535031464359795,1.777367844049186e-05,,,,
1947,0.0007664616568945348,adam,1948,26.40790295600891,4.66330839927765e-06,0.0,0.012995275714543465,1.765858473106359e-05,,,,
1948,0.0007662430289201438,adam,1949,26.418134450912476,4.837980706064612e-06,0.0,0.011904528580080866,1.6742509851580243e-05,,,,
1949,0.0007660243427380919,adam,1950,26.430110454559326,4.654409668116689e-06,0.0,0.012298811744988987,1.6953221997267888e-05,,,,
1950,0.0007658055401407182,adam,1951,26.442038536071777,4.3289610775179925e-06,0.0,0.013600599060696647,1.792956078420843e-05,,,,
1951,0.0007655866793356836,adam,1952,26.455386877059937,3.866152061212628e-06,0.0,0.012720866918496491,1.6587019583917877e-05,,,,
1952,0.0007653676439076662,adam,1953,26.46747636795044,3.5369660679991927e-06,0.0,0.012485501429255159,1.602246809028385e-05,,,,
1953,0.0007651487248949707,adam,1954,26.47988486289978,3.349566088478424e-06,0.0,0.013342331805384302,1.669189852758948e-05,,,,
1954,0.0007649296894669533,adam,1955,26.491527795791626,3.362909546094881e-06,0.0,0.012515613752125137,1.5878523892679773e-05,,,,
1955,0.0007647105376236141,adam,1956,26.506128549575806,3.5375807040991546e-06,0.0,0.0126900145612326,1.6227595868075102e-05,,,,
1956,0.000764491327572614,adam,1957,26.518470764160156,3.732288468426032e-06,0.0,0.014323572985336534,1.805586213409578e-05,,,,
1957,0.000764272001106292,adam,1958,26.53122639656067,3.924439791740627e-06,0.0,0.013273723995381358,1.7198164417590044e-05,,,,
1958,0.0007640526746399701,adam,1959,26.542346239089966,3.978791567586941e-06,0.0,0.014780478090039021,1.8759270359661e-05,,,,
1959,0.0007638333481736481,adam,1960,26.55351209640503,3.95657431790592e-06,0.0,0.01310697959845196,1.7063554538906005e-05,0.0004223576260781088,0.0,0.01330059197080492,0.0004356582186806579
1960,0.0007636137888766825,adam,1961,26.57257080078125,3.8153667243176246e-06,0.0,0.013154286641661975,1.696965399077469e-05,,,,
1961,0.0007633942295797169,adam,1962,26.582676649093628,3.6363989732841203e-06,0.0,0.013070762515106355,1.670716210921838e-05,,,,
1962,0.0007631745538674295,adam,1963,26.59296488761902,3.4343723846279757e-06,0.0,0.013784514260108944,1.7218887299466215e-05,,,,
1963,0.0007629548781551421,adam,1964,26.603511810302734,3.334020787883002e-06,0.0,0.012152737751940354,1.5486759117047427e-05,,,,
1964,0.0007627351442351937,adam,1965,26.614263772964478,3.2952480190852963e-06,0.0,0.014992213805085964,1.8287462536263206e-05,,,,
1965,0.0007625152938999236,adam,1966,26.62502408027649,3.3123718862454872e-06,0.0,0.012545734373809427,1.5858106855945322e-05,,,,
1966,0.0007622953853569925,adam,1967,26.63525915145874,3.3296498512310337e-06,0.0,0.012486110164415998,1.581576060870544e-05,,,,
1967,0.0007620753603987396,adam,1968,26.64702582359314,3.3583512448156115e-06,0.0,0.013025504639719427,1.6383856503213313e-05,,,,
1968,0.0007618553354404867,adam,1969,26.659276962280273,3.4005293858436246e-06,0.0,0.012887813929792914,1.6288343927774854e-05,,,,
1969,0.0007616351940669119,adam,1970,26.671464920043945,3.3935830982814744e-06,0.0,0.014679588311998872,1.8073172107523377e-05,,,,
1970,0.0007614151109009981,adam,1971,26.685104608535767,3.3882194785625677e-06,0.0,0.01448157788975718,1.7869798056157787e-05,,,,
1971,0.0007611947949044406,adam,1972,26.698811531066895,3.335418159317471e-06,0.0,0.013027906874563129,1.6363325652672972e-05,,,,
1972,0.0007609744207002223,adam,1973,26.71178364753723,3.310356904955821e-06,0.0,0.011954381923035584,1.5264739395794078e-05,,,,
1973,0.0007607541629113257,adam,1974,26.724501371383667,3.2822497056633406e-06,0.0,0.012141149266582801,1.542339954891979e-05,,,,
1974,0.0007605335558764637,adam,1975,26.73750329017639,3.2556863804489365e-06,0.0,0.013013129294134854,1.6268816292674267e-05,,,,
1975,0.0007603131234645844,adam,1976,26.749274015426636,3.247178189317996e-06,0.0,0.015226944347628453,1.8474123260187497e-05,,,,
1976,0.0007600924582220614,adam,1977,26.76022243499756,3.248001506304555e-06,0.0,0.012823188401907088,1.607119051728041e-05,,,,
1977,0.0007598718511871994,adam,1978,26.77118992805481,3.2668691910242986e-06,0.0,0.012812858213238874,1.607972801284128e-05,,,,
1978,0.0007596511859446764,adam,1979,26.78145456314087,3.2748201964219198e-06,0.0,0.012981699373470486,1.625652018649004e-05,,,,
1979,0.0007594302878715098,adam,1980,26.79140067100525,3.297316248738878e-06,0.0,0.013900384278099488,1.7197701187071193e-05,0.00041694535420626946,0.0,0.013153484778237946,0.0004300988396092644
1980,0.000759209506213665,adam,1981,26.809160470962524,3.3040703959182673e-06,0.0,0.013517672365071133,1.6821743403044385e-05,,,,
1981,0.0007589885499328375,adam,1982,26.819265127182007,3.3136812294525614e-06,0.0,0.013522387125738231,1.6836068997469714e-05,,,,
1982,0.0007587674772366881,adam,1983,26.82972002029419,3.321258610416948e-06,0.0,0.013009919115581149,1.63311783439361e-05,,,,
1983,0.0007585464045405388,adam,1984,26.840101957321167,3.3442022917467595e-06,0.0,0.013418966443207052,1.676316937232052e-05,,,,
1984,0.0007583252736367285,adam,1985,26.85153818130493,3.3664122704161696e-06,0.0,0.013084732973246051,1.6451145865153688e-05,,,,
1985,0.0007581040845252573,adam,1986,26.862833261489868,3.4409333225024137e-06,0.0,0.013622642126600614,1.7063576096143808e-05,,,,
1986,0.0007578828372061253,adam,1987,26.874892473220825,3.4663436987459324e-06,0.0,0.013027059083757633,1.649340340125567e-05,,,,
1987,0.0007576614152640104,adam,1988,26.889821767807007,3.4873450522816516e-06,0.0,0.012833762272205975,1.6321107934058625e-05,,,,
1988,0.0007574400515295565,adam,1989,26.90207862854004,3.525031411001847e-06,0.0,0.014977290556580897,1.8502322678965874e-05,,,,
1989,0.0007572185131721199,adam,1990,26.915467262268066,3.49855365671747e-06,0.0,0.013334255990712552,1.6832810280773197e-05,,,,
1990,0.0007569969748146832,adam,1991,26.92896294593811,3.436071233063288e-06,0.0,0.013266816770545116,1.6702888633748387e-05,,,,
1991,0.0007567754364572465,adam,1992,26.941846132278442,3.398438396363325e-06,0.0,0.011427800182763879,1.4826239121918586e-05,,,,
1992,0.0007565536652691662,adam,1993,26.95346236228943,3.379959966270232e-06,0.0,0.012348418386297803,1.5728378939086438e-05,,,,
1993,0.0007563319522887468,adam,1994,26.96425151824951,3.4153175876330365e-06,0.0,0.012462277561508183,1.587759574106764e-05,,,,
1994,0.0007561101228930056,adam,1995,26.975870847702026,3.4162407850620935e-06,0.0,0.012259308854738728,1.5675550222086746e-05,,,,
1995,0.0007558882352896035,adam,1996,26.986051321029663,3.4171015978723826e-06,0.0,0.01346691981550828,1.688402205302503e-05,,,,
1996,0.0007556662894785404,adam,1997,26.996514558792114,3.4795878887140465e-06,0.0,0.012531155034018197,1.6010743517930168e-05,,,,
1997,0.0007554442272521555,adam,1998,27.00680136680603,3.5002209735322257e-06,0.0,0.012978428301242252,1.6478649891216743e-05,,,,
1998,0.0007552221650257707,adam,1999,27.01703453063965,3.537960850624738e-06,0.0,0.013028565291622638,1.6566526761071022e-05,,,,
1999,0.0007550000445917249,adam,2000,27.027162313461304,3.533403644267274e-06,0.0,0.013322942261351792,1.6856346538424867e-05,0.0004105966661459035,0.0,0.01297379319589719,0.0004235704599580228
2000,0.0007547778077423573,adam,2001,27.04609441757202,3.6125443309461784e-06,0.0,0.013567294374886203,1.7179839350244286e-05,,,,
2001,0.0007545555126853287,adam,2002,27.057878971099854,3.7830529164878424e-06,0.0,0.012288682671432153,1.6071736171601102e-05,,,,
2002,0.0007543331012129784,adam,2003,27.069167613983154,3.961073372670814e-06,0.0,0.012055543497174089,1.6016617442452493e-05,,,,
2003,0.0007541107479482889,adam,2004,27.08243441581726,4.314526435181296e-06,0.0,0.012016136922150292,1.6330663928067466e-05,,,,
2004,0.0007538882200606167,adam,2005,27.09727168083191,4.73150402149665e-06,0.0,0.013653645698218808,1.838515036822883e-05,,,,
2005,0.0007536656339652836,adam,2006,27.10977602005005,5.221461441761015e-06,0.0,0.012334225750118161,1.7555687777723463e-05,,,,
2006,0.0007534430478699505,adam,2007,27.124212503433228,5.880616690641679e-06,0.0,0.013061326999190048,1.894194431021147e-05,,,,
2007,0.0007532203453592956,adam,2008,27.13757848739624,6.665750759386784e-06,0.0,0.013798453948271608,2.0464205363049787e-05,,,,
2008,0.0007529975846409798,adam,2009,27.149871349334717,7.759819428201081e-06,0.0,0.011427784835579581,1.9187604806571315e-05,,,,
2009,0.000752774765715003,adam,2010,27.162025690078735,9.374888138449972e-06,0.0,0.01501811476697439,2.4393003618746536e-05,,,,
2010,0.0007525518303737044,adam,2011,27.174229860305786,1.1663403674811797e-05,0.0,0.013732116031680616,2.5395520358732926e-05,,,,
2011,0.0007523288950324059,adam,2012,27.18442440032959,1.5155937234483246e-05,0.0,0.012556550335185261,2.7712488166072644e-05,,,,
2012,0.0007521059014834464,adam,2013,27.195476293563843,1.9935314895505692e-05,0.0,0.015163812993887148,3.509912860963531e-05,,,,
2013,0.000751882849726826,adam,2014,27.20631241798401,2.658391846656036e-05,0.0,0.013518172295863192,4.0102091404502284e-05,,,,
2014,0.0007516596815548837,adam,2015,27.21639657020569,3.5299126672117886e-05,0.0,0.01339666948519461,4.869579679362015e-05,,,,
2015,0.0007514363969676197,adam,2016,27.22674036026001,4.624780717519877e-05,0.0,0.013892022366998451,6.013983020203288e-05,,,,
2016,0.0007512131123803556,adam,2017,27.23672866821289,5.9291144972527986e-05,0.0,0.013760055888168556,7.305120151426413e-05,,,,
2017,0.0007509897695854306,adam,2018,27.247552394866943,7.261590071055099e-05,0.0,0.0142958662127157,8.691176760228391e-05,,,,
2018,0.0007507663685828447,adam,2019,27.262941598892212,8.32470711861923e-05,0.0,0.013046304503598692,9.629337630945721e-05,,,,
2019,0.000750542851164937,adam,2020,27.274845361709595,8.745741987300488e-05,0.0,0.014767827916289524,0.0001022252484907286,0.0004972120642321825,0.0,0.013706250731752008,0.0005109183156149465
2020,0.0007503193337470293,adam,2021,27.296591997146606,7.959428084305377e-05,0.0,0.012638418221060243,9.223269966440666e-05,,,,
2021,0.0007500956417061388,adam,2022,27.309195280075073,6.120492518177144e-05,0.0,0.013258890684216217,7.446381649575117e-05,,,,
2022,0.0007498720078729093,adam,2023,27.322516679763794,3.8217711134721446e-05,0.0,0.012021230454227871,5.0238942159927125e-05,,,,
2023,0.0007496482576243579,adam,2024,27.33587956428528,2.2402212718061837e-05,0.0,0.013751453923799062,3.615366729501991e-05,,,,
2024,0.0007494244491681457,adam,2025,27.348815202713013,2.0596501754131706e-05,0.0,0.01246194304111322,3.305844538715546e-05,,,,
2025,0.0007492005825042725,adam,2026,27.360745668411255,3.240423891359351e-05,0.0,0.014037460764019304,4.6441700344356426e-05,,,,
2026,0.0007489765412174165,adam,2027,27.372533559799194,4.7135423790611804e-05,0.0,0.0158454663926164,6.298089093584747e-05,,,,
2027,0.0007487525581382215,adam,2028,27.382890701293945,5.219582529230528e-05,0.0,0.013419036320760056,6.561486225043536e-05,,,,
2028,0.0007485285168513656,adam,2029,27.39289617538452,4.469714728894367e-05,0.0,0.013989025889864063,5.868617384325081e-05,,,,
2029,0.0007483043591491878,adam,2030,27.403035402297974,2.9782545230728585e-05,0.0,0.013797070221496637,4.357961610755089e-05,,,,
2030,0.0007480800850316882,adam,2031,27.413524627685547,1.7994288207029823e-05,0.0,0.013628297210968355,3.162258606530756e-05,,,,
2031,0.0007478558109141886,adam,2032,27.42390465736389,1.6127036988381498e-05,0.0,0.012870686830058011,2.8997724429764332e-05,,,,
2032,0.000747631536796689,adam,2033,27.434484720230103,1.9810766596178387e-05,0.0,0.01226640458106697,3.2077171759868316e-05,,,,
2033,0.0007474070880562067,adam,2034,27.44517707824707,2.0998762734339627e-05,0.0,0.0139136389066555,3.491240230185751e-05,,,,
2034,0.0007471826975233853,adam,2035,27.45497703552246,1.5503146770843394e-05,0.0,0.013129313630838062,2.8632461025290392e-05,,,,
2035,0.0007469581323675811,adam,2036,27.466073036193848,7.35340119118009e-06,0.0,0.01300854756410667,2.0361949373159612e-05,,,,
2036,0.0007467334507964551,adam,2037,27.47681713104248,3.427711746797444e-06,0.0,0.012355161560645703,1.578287389428183e-05,,,,
2037,0.0007465088274329901,adam,2038,27.489023447036743,6.27727524967179e-06,0.0,0.012266914086746971,1.8544189919065914e-05,,,,
2038,0.0007462840876542032,adam,2039,27.50121831893921,1.1938623577561447e-05,0.0,0.014530185086732091,2.6468809354440297e-05,,,,
2039,0.0007460592896677554,adam,2040,27.51391577720642,1.4703524290724164e-05,0.0,0.012368457551368454,2.7071982429562827e-05,0.00041256738822671116,0.0,0.012979342651797792,0.00042554673149499463
2040,0.0007458344334736466,adam,2041,27.537135362625122,1.2768535630864578e-05,0.0,0.01291291209258505,2.568144833678004e-05,,,,
2041,0.000745609519071877,adam,2042,27.550408124923706,8.984958674178391e-06,0.0,0.01231705819717253,2.1302017456379794e-05,,,,
2042,0.0007453845464624465,adam,2043,27.56259274482727,7.448125956956948e-06,0.0,0.013081572322407689,2.052969890070598e-05,,,,
2043,0.0007451594574376941,adam,2044,27.574432611465454,8.4933610664489e-06,0.0,0.012279825097683095,2.077318674739239e-05,,,,
2044,0.0007449343684129417,adam,2045,27.585525274276733,9.62965732212939e-06,0.0,0.013280929480699713,2.2910587433639407e-05,,,,
2045,0.0007447091629728675,adam,2046,27.596157789230347,8.512819694166163e-06,0.0,0.013819455069922769,2.2332275420477826e-05,,,,
2046,0.0007444838993251324,adam,2047,27.606528520584106,5.475838027245048e-06,0.0,0.01267445523862,1.8150293867869367e-05,,,,
2047,0.0007442586356773973,adam,2048,27.616549491882324,3.2981340201284813e-06,0.0,0.013008881722273066,1.6307016360290274e-05,,,,
2048,0.0007440332556143403,adam,2049,27.626076698303223,3.5424556157168626e-06,0.0,0.014218971247839975,1.7761427538921734e-05,,,,
2049,0.0007438078173436224,adam,2050,27.638216018676758,5.436747807836995e-06,0.0,0.013106191437964227,1.854293986831191e-05,,,,
2050,0.0007435823208652437,adam,2051,27.64911198616028,6.922766953221939e-06,0.0,0.01195086076721134,1.8873628288068707e-05,,,,
2051,0.000743356766179204,adam,2052,27.661949634552002,6.775297027558156e-06,0.0,0.012261590174789198,1.9036887784741638e-05,,,,
2052,0.0007431311532855034,adam,2053,27.674028635025024,5.697345285320407e-06,0.0,0.012980855590016323,1.8678201491894285e-05,,,,
2053,0.00074290536576882,adam,2054,27.68581771850586,5.261356680731127e-06,0.0,0.012846913010914028,1.810827030184078e-05,,,,
2054,0.0007426796364597976,adam,2055,27.698599338531494,5.7183309952333794e-06,0.0,0.012928938625647212,1.8647270234972223e-05,,,,
2055,0.0007424538489431143,adam,2056,27.71205449104309,6.311402243184965e-06,0.0,0.012340342378779024,1.86517452080988e-05,,,,
2056,0.0007422279450111091,adam,2057,27.726236581802368,6.0116930640918275e-06,0.0,0.012521246163093906,1.8532939821913013e-05,,,,
2057,0.000742001982871443,adam,2058,27.737914562225342,4.834134294522236e-06,0.0,0.012907449205505891,1.7741584113099067e-05,,,,
2058,0.000741775962524116,adam,2059,27.750463485717773,3.600699729739851e-06,0.0,0.01219761821945315,1.579831852854878e-05,,,,
2059,0.0007415498839691281,adam,2060,27.761868476867676,3.162258778354294e-06,0.0,0.012744400791033044,1.5906660174713893e-05,0.0004094646943268756,0.0,0.012783899459185493,0.00042224859439326373
2060,0.0007413238054141402,adam,2061,27.783501386642456,3.4240864425646746e-06,0.0,0.012361868521031036,1.578595555075296e-05,,,,
2061,0.0007410974940285087,adam,2062,27.79482865333557,3.901017810984461e-06,0.0,0.014284565598351619,1.8185584087816538e-05,,,,
2062,0.0007408712990581989,adam,2063,27.806209564208984,4.0866572624696175e-06,0.0,0.013340540167248841,1.7427198063360117e-05,,,,
2063,0.0007406449294649065,adam,2064,27.816469430923462,3.895072682281922e-06,0.0,0.012041624101854768,1.5936697356083145e-05,,,,
2064,0.000740418559871614,adam,2065,27.826452255249023,3.6768196924607588e-06,0.0,0.011153457349466989,1.4830277571688543e-05,,,,
2065,0.0007401920738629997,adam,2066,27.837072372436523,3.7242555600925644e-06,0.0,0.013670560891728927,1.739481710113829e-05,,,,
2066,0.0007399655878543854,adam,2067,27.84720230102539,4.079244441012288e-06,0.0,0.01297511840364958,1.7054363460946923e-05,,,,
2067,0.0007397389854304492,adam,2068,27.85855984687805,4.206850358575975e-06,0.0,0.012915954275423133,1.7122805247474016e-05,,,,
2068,0.0007395123247988522,adam,2069,27.869981288909912,4.1339011937276385e-06,0.0,0.0129104474335437,1.7044349240484684e-05,,,,
2069,0.0007392855477519333,adam,2070,27.881772756576538,3.768890275891453e-06,0.0,0.012231837148263324,1.6000728005135866e-05,,,,
2070,0.0007390588871203363,adam,2071,27.89353609085083,3.409301607114161e-06,0.0,0.0120322749674131,1.5441577146029658e-05,,,,
2071,0.0007388320518657565,adam,2072,27.90448498725891,3.253875414281562e-06,0.0,0.012731688524509639,1.5985564543513957e-05,,,,
2072,0.0007386051001958549,adam,2073,27.916642665863037,3.255127575684783e-06,0.0,0.011237307334031641,1.4492435443459882e-05,,,,
2073,0.0007383781485259533,adam,2074,27.92856216430664,3.296457134914247e-06,0.0,0.013233868970023495,1.653032673351279e-05,,,,
2074,0.0007381510804407299,adam,2075,27.940889835357666,3.280017305212801e-06,0.0,0.01386256026239133,1.7142578226040412e-05,,,,
2075,0.0007379240705631673,adam,2076,27.95324206352234,3.1493369436727677e-06,0.0,0.012845198460276427,1.5994536014063382e-05,,,,
2076,0.0007376968278549612,adam,2077,27.96388578414917,3.0498841767052926e-06,0.0,0.012724244643684034,1.5774129424758517e-05,,,,
2077,0.0007374697015620768,adam,2078,27.97517728805542,3.0064621888593615e-06,0.0,0.011135705588802844,1.414216830657984e-05,,,,
2078,0.0007372424006462097,adam,2079,27.985454559326172,3.016452538132209e-06,0.0,0.01195284734173628,1.4969300447598275e-05,,,,
2079,0.0007370150997303426,adam,2080,27.997216939926147,3.032557901201554e-06,0.0,0.013732027277672415,1.6764585831110267e-05,0.0004046275089690825,0.0,0.012611675814222564,0.0004172391853823275
2080,0.0007367877406068146,adam,2081,28.01673722267151,3.0355655355409417e-06,0.0,0.011092964512386639,1.4128530574815122e-05,,,,
2081,0.0007365602068603039,adam,2082,28.02655267715454,3.0108123427154304e-06,0.0,0.01228809375522109,1.5298906681589655e-05,,,,
2082,0.0007363326731137931,adam,2083,28.03628969192505,2.980023488323012e-06,0.0,0.012437920507575006,1.5417944586667542e-05,,,,
2083,0.0007361050811596215,adam,2084,28.04663634300232,2.9543503424924075e-06,0.0,0.013233769290895545,1.6188120261958264e-05,,,,
2084,0.0007358774892054498,adam,2085,28.057296752929688,2.9491874908380364e-06,0.0,0.011728533191416372,1.4677721239329841e-05,,,,
2085,0.0007356496644206345,adam,2086,28.06845784187317,2.9686669198551026e-06,0.0,0.012589510365667866,1.5558177883492623e-05,,,,
2086,0.0007354220142588019,adam,2087,28.08040475845337,3.0009065872986877e-06,0.0,0.012669236088727864,1.5670143277782976e-05,,,,
2087,0.0007351941312663257,adam,2088,28.09423327445984,3.0282908515093775e-06,0.0,0.012012180667139187,1.5040472089196531e-05,,,,
2088,0.0007349661900661886,adam,2089,28.106616258621216,3.0286128709706256e-06,0.0,0.011698494022020122,1.4727107448639399e-05,,,,
2089,0.0007347382488660514,adam,2090,28.120099306106567,3.0428908787705423e-06,0.0,0.01312980063563116,1.617269213803377e-05,,,,
2090,0.0007345103658735752,adam,2091,28.13380241394043,3.0590170388957844e-06,0.0,0.012617496816350752,1.5676514454545476e-05,,,,
2091,0.0007342822500504553,adam,2092,28.14648151397705,3.0953792390853274e-06,0.0,0.012366833709622368,1.5462213536100777e-05,,,,
2092,0.0007340541342273355,adam,2093,28.159259796142578,3.1459465052227737e-06,0.0,0.012908122074802408,1.6054069193128084e-05,,,,
2093,0.0007338258437812328,adam,2094,28.171165466308594,3.161365683809834e-06,0.0,0.01273635662637022,1.5897722915124532e-05,,,,
2094,0.0007335976115427911,adam,2095,28.184980392456055,3.143643958349333e-06,0.0,0.012648299635124285,1.5791944194235613e-05,,,,
2095,0.0007333692628890276,adam,2096,28.19606065750122,3.1296348989279384e-06,0.0,0.012480199946744042,1.560983543844967e-05,,,,
2096,0.0007331408560276031,adam,2097,28.20737099647522,3.1053897830824212e-06,0.0,0.011789560996760137,1.4894951339816659e-05,,,,
2097,0.0007329124491661787,adam,2098,28.21842312812805,3.1189599389508837e-06,0.0,0.012604349825473957,1.5723310363099334e-05,,,,
2098,0.0007326839258894324,adam,2099,28.229161500930786,3.099404676358157e-06,0.0,0.012699437822453303,1.579884310200239e-05,,,,
2099,0.0007324553444050252,adam,2100,28.23898983001709,3.1564182136947104e-06,0.0,0.012931353988919942,1.608777281682101e-05,0.00040376214708935486,0.0,0.012489375615196623,0.000416251523297765
2100,0.0007322267047129571,adam,2101,28.25748896598816,3.1828603774509957e-06,0.0,0.012363839799057752,1.554670076375963e-05,,,,
2101,0.000731998065020889,adam,2102,28.26780128479004,3.241518879236439e-06,0.0,0.012323558274387799,1.5565077738961845e-05,,,,
2102,0.0007317693089134991,adam,2103,28.27922248840332,3.2873318082287197e-06,0.0,0.012290193960871372,1.557752635285298e-05,,,,
2103,0.0007315404363907874,adam,2104,28.290290117263794,3.3887447752305443e-06,0.0,0.012238474955444171,1.5627220311971084e-05,,,,
2104,0.0007313116220757365,adam,2105,28.301236629486084,3.3751889973158002e-06,0.0,0.012641049921484532,1.6016239519217987e-05,,,,
2105,0.0007310826331377029,adam,2106,28.31355929374695,3.4520841649461473e-06,0.0,0.012097211696746893,1.5549296436279762e-05,,,,
2106,0.0007308537024073303,adam,2107,28.324836254119873,3.487558592430418e-06,0.0,0.012147345154424814,1.5634904323823165e-05,,,,
2107,0.0007306246552616358,adam,2108,28.33694291114807,3.6545307121982167e-06,0.0,0.011871313417982633,1.552584469403798e-05,,,,
2108,0.0007303954917006195,adam,2109,28.350672960281372,3.8030279920570576e-06,0.0,0.011595076224055806,1.5398104766849432e-05,,,,
2109,0.0007301663281396031,adam,2110,28.36396837234497,4.139738933237595e-06,0.0,0.012528460294173312,1.6668199822480838e-05,,,,
2110,0.000729937048163265,adam,2111,28.375550985336304,4.4565693794311404e-06,0.0,0.012436713902815751,1.6893283872959104e-05,,,,
2111,0.0007297077681869268,adam,2112,28.386485815048218,4.907885196784906e-06,0.0,0.011859067955584746,1.6766953715645156e-05,,,,
2112,0.0007294783717952669,adam,2113,28.39780855178833,5.459128046524269e-06,0.0,0.012605434503262129,1.806456314851241e-05,,,,
2113,0.0007292490336112678,adam,2114,28.408957958221436,6.133475277258844e-06,0.0,0.013183942141021449,1.9317418044483943e-05,,,,
2114,0.0007290195790119469,adam,2115,28.41870617866516,7.0523756711845075e-06,0.0,0.013510517445147465,2.056289375804712e-05,,,,
2115,0.0007287899497896433,adam,2116,28.42912459373474,8.589504866967734e-06,0.0,0.01282386527196553,2.141337074803418e-05,,,,
2116,0.0007285604369826615,adam,2117,28.43888831138611,1.0560499161701075e-05,0.0,0.01320175787343229,2.3762257662183216e-05,,,,
2117,0.000728330691345036,adam,2118,28.449142456054688,1.3713461220827258e-05,0.0,0.012294645329191046,2.600810713398262e-05,,,,
2118,0.0007281010039150715,adam,2119,28.459326028823853,1.7661329993931126e-05,0.0,0.013116604222085885,3.077793483902228e-05,,,,
2119,0.000727871258277446,adam,2120,28.47009253501892,2.3510664432641993e-05,0.0,0.013601097780180054,3.7111762858839525e-05,0.0004449053955432572,0.0,0.012711988407745407,0.00045761738455478966
2120,0.0007276413962244987,adam,2121,28.487984657287598,3.109992254667553e-05,0.0,0.012163986147629067,4.326390927206294e-05,,,,
2121,0.0007274115341715515,adam,2122,28.500847339630127,4.0380494445740844e-05,0.0,0.012790772799523523,5.3171267852793476e-05,,,,
2122,0.0007271815557032824,adam,2123,28.512240409851074,5.1578727591340435e-05,0.0,0.014086942607301249,6.566567086773555e-05,,,,
2123,0.0007269515772350132,adam,2124,28.524133443832397,6.386683891099727e-05,0.0,0.013336280359768811,7.72031199042054e-05,,,,
2124,0.0007267214241437614,adam,2125,28.535842657089233,7.592867302226321e-05,0.0,0.014615436926253911,9.054411064271312e-05,,,,
2125,0.0007264913292601705,adam,2126,28.549236536026,8.518302328268985e-05,0.0,0.011909541571265352,9.709256541962807e-05,,,,
2126,0.0007262611179612577,adam,2127,28.564486980438232,8.681466135789869e-05,0.0,0.014027883033283256,0.00010084254505747064,,,,
2127,0.0007260309066623449,adam,2128,28.578232288360596,7.865285816164733e-05,0.0,0.013935632206145902,9.258849102970025e-05,,,,
2128,0.0007258006371557713,adam,2129,28.59031844139099,6.059432743712194e-05,0.0,0.013138692848787024,7.373302090996338e-05,,,,
2129,0.0007255703094415367,adam,2130,28.601587533950806,3.740030377521688e-05,0.0,0.013070666126074269,5.047097052211448e-05,,,,
2130,0.0007253397488966584,adam,2131,28.617485761642456,1.629071825422696e-05,0.0,0.012765891953046404,2.9056610813620695e-05,,,,
2131,0.0007251092465594411,adam,2132,28.627253532409668,4.619704768721948e-06,0.0,0.012350318682150899,1.6970024037481507e-05,,,,
2132,0.0007248786860145628,adam,2133,28.63765263557434,4.927483723828274e-06,0.0,0.01181625702635608,1.6743741311426448e-05,,,,
2133,0.0007246480672620237,adam,2134,28.648093938827515,1.3548538485052387e-05,0.0,0.012476025493544454,2.6024564571176254e-05,,,,
2134,0.0007244175067171454,adam,2135,28.66104745864868,2.3766511880746936e-05,0.0,0.012514203276684198,3.62807157518239e-05,,,,
2135,0.0007241867133416235,adam,2136,28.674681663513184,2.8578988783858058e-05,0.0,0.011755849730488299,4.0334839072719255e-05,,,,
2136,0.0007239559781737626,adam,2137,28.686187505722046,2.5262338482797583e-05,0.0,0.012217625326054596,3.7479964389158244e-05,,,,
2137,0.0007237250683829188,adam,2138,28.69777250289917,1.6471456575838245e-05,0.0,0.01190155594424384,2.837301308537566e-05,,,,
2138,0.000723494216799736,adam,2139,28.70944857597351,8.004494124036899e-06,0.0,0.013044850056412264,2.1049344800046294e-05,,,,
2139,0.0007232632488012314,adam,2140,28.720391273498535,3.823264670547281e-06,0.0,0.012758461143692494,1.6581726420234162e-05,0.00040468463418450986,0.0,0.012337200784887275,0.0004170218355553827
2140,0.0007230322225950658,adam,2141,28.73997402191162,5.238916179471812e-06,0.0,0.011836571152229957,1.707548789390873e-05,,,,
2141,0.0007228011963889003,adam,2142,28.755439043045044,9.985143766935966e-06,0.0,0.012108025665679905,2.209317000771623e-05,,,,
2142,0.0007225700537674129,adam,2143,28.768900156021118,1.3733526271407265e-05,0.0,0.012799001943169117,2.6532528822496355e-05,,,,
2143,0.0007223388529382646,adam,2144,28.78206777572632,1.3568944880717098e-05,0.0,0.01260340319610682,2.6172348675453445e-05,,,,
2144,0.0007221075356937945,adam,2145,28.793702363967896,1.0091199412629774e-05,0.0,0.012613977139566551,2.2705177151328092e-05,,,,
2145,0.0007218762184493244,adam,2146,28.804016590118408,5.857308275485701e-06,0.0,0.012495926643982594,1.8353235512992963e-05,,,,
2146,0.0007216449012048542,adam,2147,28.816097021102905,3.4317388974902488e-06,0.0,0.011076872743964659,1.4508612167578131e-05,,,,
2147,0.0007214135257527232,adam,2148,28.82707405090332,3.732612618327819e-06,0.0,0.01353084193084774,1.7263455191856065e-05,,,,
2148,0.0007211820338852704,adam,2149,28.837345600128174,5.728734966601029e-06,0.0,0.011915997287085329,1.764473281966586e-05,,,,
2149,0.0007209504838101566,adam,2150,28.84737229347229,7.554540040333152e-06,0.0,0.012498090980139886,2.0052631614100506e-05,,,,
2150,0.0007207188755273819,adam,2151,28.857826471328735,7.951139391275883e-06,0.0,0.012686004206225008,2.063714420005376e-05,,,,
2151,0.0007204872090369463,adam,2152,28.867791891098022,6.465059784318155e-06,0.0,0.012263681676935406,1.8728742043747182e-05,,,,
2152,0.0007202554261311889,adam,2153,28.877695560455322,4.407660320914555e-06,0.0,0.013299892706465847,1.7707553659091408e-05,,,,
2153,0.0007200237014330924,adam,2154,28.887752771377563,3.040656879602749e-06,0.0,0.012477680658643305,1.5518338130904084e-05,,,,
2154,0.000719791860319674,adam,2155,28.89846134185791,3.1707813031598506e-06,0.0,0.012722993223052748,1.589377513052235e-05,,,,
2155,0.0007195600192062557,adam,2156,28.9100923538208,4.290725721158602e-06,0.0,0.012981263205407836,1.7271989543143357e-05,,,,
2156,0.0007193280616775155,adam,2157,28.92130994796753,5.247719285343809e-06,0.0,0.012410695489437452,1.7658415364257667e-05,,,,
2157,0.0007190960459411144,adam,2158,28.934909343719482,5.418659795669881e-06,0.0,0.011593597971971892,1.701225831830813e-05,,,,
2158,0.0007188639719970524,adam,2159,28.949092149734497,4.578167127645857e-06,0.0,0.012366405155578424,1.6944572870597008e-05,,,,
2159,0.0007186318398453295,adam,2160,28.96257495880127,3.5777825942642506e-06,0.0,0.012533929537538659,1.6111712727132618e-05,0.0003957384103110112,0.0,0.012172572751767268,0.00040791098364094467
2160,0.0007183996494859457,adam,2161,28.985113620758057,2.8427365850813206e-06,0.0,0.011881153985022049,1.4723891134427902e-05,,,,
2161,0.0007181674591265619,adam,2162,28.997453689575195,2.8391500951886484e-06,0.0,0.012828821819003137,1.5667972523528123e-05,,,,
2162,0.0007179351523518562,adam,2163,29.008885622024536,3.438270936931097e-06,0.0,0.013336936681081967,1.6775208251483564e-05,,,,
2163,0.0007177028455771506,adam,2164,29.019328832626343,4.0757243422538755e-06,0.0,0.012261323338126812,1.6337048262762296e-05,,,,
2164,0.0007174704223871231,adam,2165,29.031449556350708,4.32466355434099e-06,0.0,0.011975166436375546,1.629983055950642e-05,,,,
2165,0.0007172379409894347,adam,2166,29.04358434677124,4.046637800102979e-06,0.0,0.011949152525144545,1.5995790892801816e-05,,,,
2166,0.0007170054595917463,adam,2167,29.053974866867065,3.4865561599937523e-06,0.0,0.0135593991186786,1.7045955922709252e-05,,,,
2167,0.0007167728617787361,adam,2168,29.063726902008057,2.9469869483551673e-06,0.0,0.011481228336010545,1.4428215829694796e-05,,,,
2168,0.0007165402639657259,adam,2169,29.073913097381592,2.76839368728428e-06,0.0,0.012066432349967389,1.4834826610376452e-05,,,,
2169,0.0007163075497373939,adam,2170,29.08367109298706,2.9375520651296855e-06,0.0,0.013689594961212437,1.6627147676562993e-05,,,,
2170,0.0007160748355090618,adam,2171,29.093935012817383,3.2180114031166977e-06,0.0,0.012152419260734364,1.5370431241060003e-05,,,,
2171,0.0007158420630730689,adam,2172,29.105547428131104,3.4509475173434297e-06,0.0,0.010975263020677011,1.442621105931746e-05,,,,
2172,0.0007156091742217541,adam,2173,29.11704182624817,3.3788128467832666e-06,0.0,0.012086559555623818,1.546537297648786e-05,,,,
2173,0.0007153762271627784,adam,2174,29.12829875946045,3.137826843279387e-06,0.0,0.01128504592629916,1.4422873305589465e-05,,,,
2174,0.0007151432801038027,adam,2175,29.13971710205078,2.8610367334335576e-06,0.0,0.012816579439260737,1.5677616781449152e-05,,,,
2175,0.0007149101584218442,adam,2176,29.154394388198853,2.7176683428097423e-06,0.0,0.01295601331939222,1.5673682277579574e-05,,,,
2176,0.0007146771531552076,adam,2177,29.166139841079712,2.6903460982344113e-06,0.0,0.011510780695170099,1.4201127340137257e-05,,,,
2177,0.0007144440896809101,adam,2178,29.177890062332153,2.764200270074509e-06,0.0,0.012727091084809438,1.5491291959388338e-05,,,,
2178,0.0007142109097912908,adam,2179,29.18970012664795,2.8919692590878403e-06,0.0,0.01225224017598385,1.5144210017021871e-05,,,,
2179,0.0007139776134863496,adam,2180,29.200880765914917,2.942318498557262e-06,0.0,0.011196282294893934,1.4138601325246069e-05,0.0003887753180084722,0.0,0.012026802009890179,0.00040080212058960483
2180,0.0007137443171814084,adam,2181,29.22326397895813,2.936299225908403e-06,0.0,0.011626689604619486,1.4562989382766013e-05,,,,
2181,0.0007135109626688063,adam,2182,29.2341628074646,2.827668696871934e-06,0.0,0.01252417864679399,1.5351847938532488e-05,,,,
2182,0.0007132774335332215,adam,2183,29.24511480331421,2.7336652978383746e-06,0.0,0.011995455276841921,1.472912114443385e-05,,,,
2183,0.0007130440208129585,adam,2184,29.255382537841797,2.6625319347190682e-06,0.0,0.011631546099098007,1.429407858628587e-05,,,,
2184,0.0007128104916773736,adam,2185,29.266741275787354,2.687327999340461e-06,0.0,0.01423794971173306,1.6925278387339844e-05,,,,
2185,0.0007125769625417888,adam,2186,29.27878451347351,2.8064220015403312e-06,0.0,0.011368697362249842,1.4175119903774324e-05,,,,
2186,0.0007123433169908822,adam,2187,29.289819478988647,2.9021874736166426e-06,0.0,0.01164880001718821,1.4550988044093165e-05,,,,
2187,0.0007121095550246537,adam,2188,29.304253578186035,2.960081337398271e-06,0.0,0.012678029692043895,1.5638111631616262e-05,,,,
2188,0.0007118758512660861,adam,2189,29.31498122215271,2.918912013686925e-06,0.0,0.010986878095514293,1.3905790631049926e-05,,,,
2189,0.0007116419728845358,adam,2190,29.326615571975708,2.8484354265126693e-06,0.0,0.010872507393207997,1.3720943336137057e-05,,,,
2190,0.0007114081527106464,adam,2191,29.337878465652466,2.7445167867146195e-06,0.0,0.012803192208286573,1.5547709603120193e-05,,,,
2191,0.000711174332536757,adam,2192,29.347956657409668,2.6909531627703344e-06,0.0,0.011052685060969448,1.3743638748714152e-05,,,,
2192,0.0007109403377398849,adam,2193,29.359543561935425,2.6515433280792573e-06,0.0,0.011986765175960694,1.4638309073380748e-05,,,,
2193,0.0007107063429430127,adam,2194,29.36977767944336,2.630442271451343e-06,0.0,0.012411074977312716,1.5041517838258489e-05,,,,
2194,0.0007104721735231578,adam,2195,29.379454851150513,2.6438980137973575e-06,0.0,0.012227683340864768,1.487158193544592e-05,,,,
2195,0.000710238004103303,adam,2196,29.389445543289185,2.652880568429378e-06,0.0,0.011004476532359532,1.3657357623473498e-05,,,,
2196,0.0007100038346834481,adam,2197,29.399910926818848,2.671204617558876e-06,0.0,0.012207058307395723,1.4878263504758756e-05,,,,
2197,0.0007097696652635932,adam,2198,29.41200828552246,2.663336606947249e-06,0.0,0.010927955564408544,1.359129269040583e-05,,,,
2198,0.0007095353794284165,adam,2199,29.423416137695312,2.6677963658676658e-06,0.0,0.012078068601694332,1.4745865541239474e-05,,,,
2199,0.000709300977177918,adam,2200,29.43420433998108,2.6408294874055743e-06,0.0,0.012469558341426327,1.5110388421104141e-05,0.000386116992381734,0.0,0.011894514028319775,0.0003980115069750129
2200,0.0007090665167197585,adam,2201,29.45518708229065,2.6193147685548687e-06,0.0,0.011916801848578322,1.4536117183150906e-05,,,,
2201,0.00070883211446926,adam,2202,29.465813159942627,2.605586628702817e-06,0.0,0.011631538118288359,1.423712529945959e-05,,,,
2202,0.0007085975958034396,adam,2203,29.47717809677124,2.61490315311082e-06,0.0,0.012315709845857444,1.4930613583933092e-05,,,,
2203,0.0007083629607222974,adam,2204,29.48929500579834,2.6372531973200045e-06,0.0,0.011573315828294264,1.4210569575317274e-05,,,,
2204,0.0007081283256411552,adam,2205,29.500473737716675,2.6339955719925475e-06,0.0,0.011390783645597077,1.4024779758622815e-05,,,,
2205,0.0007078936905600131,adam,2206,29.511279821395874,2.612766620404863e-06,0.0,0.01228812974940232,1.4900896953462026e-05,,,,
2206,0.000707658939063549,adam,2207,29.523467540740967,2.584333224078141e-06,0.0,0.012512849909813144,1.5097183728219765e-05,,,,
2207,0.000707424187567085,adam,2208,29.53390598297119,2.5837374837009126e-06,0.0,0.01331187602027024,1.5895614136251337e-05,,,,
2208,0.0007071893778629601,adam,2209,29.545112133026123,2.595120902088667e-06,0.0,0.012014843432538686,1.4609964905301794e-05,,,,
2209,0.0007069543935358524,adam,2210,29.55613112449646,2.590049385107414e-06,0.0,0.012044765363937782,1.4634815321140851e-05,,,,
2210,0.0007067194674164057,adam,2211,29.566730976104736,2.613887433630933e-06,0.0,0.012307626510216982,1.4921514528428805e-05,,,,
2211,0.000706484483089298,adam,2212,29.578115940093994,2.625834148768583e-06,0.0,0.012719461073909111,1.5345295826819678e-05,,,,
2212,0.0007062494405545294,adam,2213,29.589980363845825,2.658445660491981e-06,0.0,0.013151962557668205,1.5810408842844887e-05,,,,
2213,0.000706014281604439,adam,2214,29.601417303085327,2.6507452366161018e-06,0.0,0.011897803873665387,1.4548549675396849e-05,,,,
2214,0.0007057791226543486,adam,2215,29.612109184265137,2.6198449747507204e-06,0.0,0.011223763767050674,1.3843609274901567e-05,,,,
2215,0.0007055439054965973,adam,2216,29.6225905418396,2.5886625668209043e-06,0.0,0.010951023720927773,1.3539686807894394e-05,,,,
2216,0.0007053085719235241,adam,2217,29.63307785987854,2.576133548381707e-06,0.0,0.012005474380741232,1.4581608499352375e-05,,,,
2217,0.0007050733547657728,adam,2218,29.64433455467224,2.5857307136786487e-06,0.0,0.011437825662818354,1.402355691976457e-05,,,,
2218,0.0007048379047773778,adam,2219,29.655312061309814,2.5779877967450916e-06,0.0,0.010855173171304128,1.343316148364228e-05,,,,
2219,0.0007046025129966438,adam,2220,29.666208028793335,2.5675640812458854e-06,0.0,0.011043336326019584,1.3610900931795797e-05,0.0003835671198770303,0.0,0.011749000684976899,0.0003953161211200548
2220,0.0007043670048005879,adam,2221,29.684645175933838,2.56925029629006e-06,0.0,0.011403329904669472,1.397258074258864e-05,,,,
2221,0.0007041314383968711,adam,2222,29.6945161819458,2.6048236002966497e-06,0.0,0.010469005138437813,1.3073829235985525e-05,,,,
2222,0.0007038958719931543,adam,2223,29.704741954803467,2.6256504832104963e-06,0.0,0.011977852722933916,1.460350377506189e-05,,,,
2223,0.0007036602473817766,adam,2224,29.714820623397827,2.6423968930369196e-06,0.0,0.011241267798584389,1.3883665225552878e-05,,,,
2224,0.000703424506355077,adam,2225,29.724643230438232,2.6523897798857704e-06,0.0,0.011969606286858465,1.4621996635270027e-05,,,,
2225,0.0007031887653283775,adam,2226,29.73488140106201,2.677145762099675e-06,0.0,0.0120395898538972,1.4716736187846706e-05,,,,
2226,0.000702952966094017,adam,2227,29.746227741241455,2.68234061281764e-06,0.0,0.012894209841771705,1.557655106703145e-05,,,,
2227,0.0007027171086519957,adam,2228,29.75797700881958,2.699406177996093e-06,0.0,0.012080583863987554,1.4779990615780591e-05,,,,
2228,0.0007024811930023134,adam,2229,29.773227214813232,2.760784707481752e-06,0.0,0.012107101281168615,1.486788656370682e-05,,,,
2229,0.0007022452191449702,adam,2230,29.78495740890503,2.900732466719101e-06,0.0,0.012510384832003217,1.5411117892933712e-05,,,,
2230,0.000702009245287627,adam,2231,29.797885179519653,3.1322588972618606e-06,0.0,0.011306310536909548,1.4438569971192344e-05,,,,
2231,0.000701773096807301,adam,2232,29.811134576797485,3.415623058135104e-06,0.0,0.011225350776560769,1.4640974367871423e-05,,,,
2232,0.000701537006534636,adam,2233,29.823124170303345,3.859215204920176e-06,0.0,0.010952889178920445,1.4812104904074942e-05,,,,
2233,0.0007013007998466492,adam,2234,29.835304021835327,4.3739948296570305e-06,0.0,0.01139063250287854,1.5764627873561584e-05,,,,
2234,0.0007010645349510014,adam,2235,29.845683336257935,5.18981690302627e-06,0.0,0.013681996628001342,1.8871814180887582e-05,,,,
2235,0.0007008283282630146,adam,2236,29.856308698654175,6.283045916273377e-06,0.0,0.011505294310442993,1.7788340773188527e-05,,,,
2236,0.000700591946952045,adam,2237,29.866950273513794,7.963058044533203e-06,0.0,0.013242246021757031,2.1205304695263172e-05,,,,
2237,0.0007003555656410754,adam,2238,29.87684965133667,1.019754858347322e-05,0.0,0.011448251292512757,2.1645800419748734e-05,,,,
2238,0.0007001191261224449,adam,2239,29.886523008346558,1.3572972633028512e-05,0.0,0.012082819230345657,2.5655792437277287e-05,,,,
2239,0.0006998826866038144,adam,2240,29.895958185195923,1.8585476393547165e-05,0.0,0.011726667302034472,3.0312144252568445e-05,0.0004070238927544863,0.0,0.01190421119906617,0.00041892810451897214
2240,0.0006996460724622011,adam,2241,29.9127037525177,2.546125710142e-05,0.0,0.011927991935910749,3.738924960387997e-05,,,,
2241,0.0006994095165282488,adam,2242,29.922430276870728,3.4744242208104706e-05,0.0,0.013581892268120515,4.832613512133049e-05,,,,
2242,0.0006991729023866355,adam,2243,29.93318009376526,4.740436759643325e-05,0.0,0.01351419453621734,6.0918562774540384e-05,,,,
2243,0.0006989361136220396,adam,2244,29.94414758682251,6.255794398976253e-05,0.0,0.013946410718433371,7.650435537061486e-05,,,,
2244,0.0006986994412727654,adam,2245,29.955819845199585,7.760523832153605e-05,0.0,0.011858489536776342,8.946372842156042e-05,,,,
2245,0.0006984626525081694,adam,2246,29.966705322265625,8.924812619728598e-05,0.0,0.012214905010985625,0.00010146303178844846,,,,
2246,0.0006982256891205907,adam,2247,29.982855081558228,9.084431097627686e-05,0.0,0.0131758924736824,0.00010402020407578058,,,,
2247,0.0006979888421483338,adam,2248,29.9940402507782,7.836533666898617e-05,0.0,0.015073404321746784,9.343874170668124e-05,,,,
2248,0.0006977518787607551,adam,2249,30.00668454170227,5.242242348178963e-05,0.0,0.012890772021831576,6.531319611590003e-05,,,,
2249,0.0006975148571655154,adam,2250,30.018823862075806,2.406449177024447e-05,0.0,0.011980279489820125,3.6044771829097334e-05,,,,
2250,0.0006972778937779367,adam,2251,30.031294107437134,6.6424970223518405e-06,0.0,0.011573505218485327,1.8216002790549167e-05,,,,
2251,0.0006970406975597143,adam,2252,30.04292607307434,7.279301123364388e-06,0.0,0.01147784926328482,1.8757150931817795e-05,,,,
2252,0.0006968035595491529,adam,2253,30.05432963371277,1.952576997875702e-05,0.0,0.011798038099537056,3.132380863867082e-05,,,,
2253,0.0006965663051232696,adam,2254,30.06504988670349,2.999409581135973e-05,0.0,0.012969385863931598,4.2963482291304104e-05,,,,
2254,0.0006963290506973863,adam,2255,30.07484531402588,2.900310209865522e-05,0.0,0.012920682967619883,4.192378567997461e-05,,,,
2255,0.000696091796271503,adam,2256,30.084949493408203,1.732818791748931e-05,0.0,0.01105621594175162,2.838440438438301e-05,,,,
2256,0.0006958544254302979,adam,2257,30.09458017349243,5.751739633715273e-06,0.0,0.01279843113031424,1.8550171371922373e-05,,,,
2257,0.0006956169963814318,adam,2258,30.104347705841064,3.359181721021224e-06,0.0,0.011256878981167756,1.461606123686204e-05,,,,
2258,0.0006953795091249049,adam,2259,30.113964557647705,9.755791964178923e-06,0.0,0.01233549123831527,2.209128378839859e-05,,,,
2259,0.0006951420218683779,adam,2260,30.123759269714355,1.639515200939374e-05,0.0,0.011076408770015068,2.7471561305509995e-05,0.0003969513073037153,0.0,0.011869822049827557,0.00040882112991732914
2260,0.0006949044181965292,adam,2261,30.14059281349182,1.567506193111783e-05,0.0,0.012415222813930156,2.8090285334739425e-05,,,,
2261,0.0006946667563170195,adam,2262,30.151787042617798,9.070633421088287e-06,0.0,0.011336372438245774,2.040700639778286e-05,,,,
2262,0.0006944292108528316,adam,2263,30.1629421710968,3.3999698273529696e-06,0.0,0.011447421104382505,1.4847391475458802e-05,,,,
2263,0.0006941913743503392,adam,2264,30.174736499786377,3.563815599165935e-06,0.0,0.01198287878255767,1.5546694950879805e-05,,,,
2264,0.0006939536542631686,adam,2265,30.186662912368774,7.598348040306999e-06,0.0,0.012059489642314805,1.9657838255416826e-05,,,,
2265,0.0006937158177606761,adam,2266,30.19834804534912,1.0083562655911925e-05,0.0,0.011932546168441853,2.201610939111931e-05,,,,
2266,0.0006934779812581837,adam,2267,30.21161699295044,8.245720362347724e-06,0.0,0.011795864481376359,2.0041585403997582e-05,,,,
2267,0.0006932400283403695,adam,2268,30.22363781929016,4.458536797400902e-06,0.0,0.012236054838665616,1.6694592217247938e-05,,,,
2268,0.0006930020172148943,adam,2269,30.23802375793457,2.916267341770155e-06,0.0,0.011976565720655422,1.4892833631281924e-05,,,,
2269,0.0006927640060894191,adam,2270,30.24934411048889,4.5857925123462266e-06,0.0,0.011132001214978628,1.571779425606654e-05,,,,
2270,0.000692525936756283,adam,2271,30.259859323501587,6.728369035145925e-06,0.0,0.011954924042893736,1.8683293645868083e-05,,,,
2271,0.000692287809215486,adam,2272,30.271406650543213,6.738357397269923e-06,0.0,0.011540532688844574,1.8278890634260387e-05,,,,
2272,0.0006920496816746891,adam,2273,30.28177833557129,4.735312615939004e-06,0.0,0.012212654130289456,1.6947967326298403e-05,,,,
2273,0.0006918114377185702,adam,2274,30.291547536849976,2.95880525917068e-06,0.0,0.011420437933387699,1.4379243735000074e-05,,,,
2274,0.0006915731937624514,adam,2275,30.301701545715332,3.0271457555769e-06,0.0,0.01212223074998411,1.5149377081336076e-05,,,,
2275,0.0006913347751833498,adam,2276,30.311701774597168,4.283180353524294e-06,0.0,0.011151747319402945,1.5434928202606815e-05,,,,
2276,0.0006910964730195701,adam,2277,30.32211470603943,4.919122724107938e-06,0.0,0.011388454384744296,1.6307577649774793e-05,,,,
2277,0.0006908581126481295,adam,2278,30.332120180130005,4.089297292423545e-06,0.0,0.01077403558707053,1.4863333391233308e-05,,,,
2278,0.0006906195776537061,adam,2279,30.34201455116272,2.8880586877555048e-06,0.0,0.01118595397367892,1.407401319273873e-05,,,,
2279,0.0006903810426592827,adam,2280,30.35162615776062,2.5727834723787922e-06,0.0,0.012772416568715278,1.5345200647751303e-05,0.00038140007926543097,0.0,0.011583298305937687,0.0003929833781215458
2280,0.0006901425076648593,adam,2281,30.37099003791809,3.243456180246379e-06,0.0,0.011903605996647925,1.514706274228525e-05,,,,
2281,0.0006899038562551141,adam,2282,30.38062024116516,3.912631566057193e-06,0.0,0.012031213647282605,1.594384578479178e-05,,,,
2282,0.000689665146637708,adam,2283,30.395613431930542,3.841993959365696e-06,0.0,0.01184267091888418,1.568466544074656e-05,,,,
2283,0.0006894264370203018,adam,2284,30.40788459777832,3.1775538799251954e-06,0.0,0.010212209988065341,1.3389764353044484e-05,,,,
2284,0.0006891877274028957,adam,2285,30.422348976135254,2.6331632299065514e-06,0.0,0.012120070934921649,1.4753234740500681e-05,,,,
2285,0.0006889488431625068,adam,2286,30.443347930908203,2.6101027540303533e-06,0.0,0.01273246252088377,1.5342565879673642e-05,,,,
2286,0.0006887100171297789,adam,2287,30.461105585098267,2.9355653992180244e-06,0.0,0.010565902577237773,1.3501468478309241e-05,,,,
2287,0.00068847113288939,adam,2288,30.4784574508667,3.161816317282415e-06,0.0,0.01198308595734102,1.5144902843789475e-05,,,,
2288,0.0006882320740260184,adam,2289,30.49026894569397,3.0884961156598918e-06,0.0,0.01097975234845987,1.4068248985630014e-05,,,,
2289,0.0006879931315779686,adam,2290,30.501900911331177,2.7157593832130974e-06,0.0,0.01149893506936045,1.4214694998743656e-05,,,,
2290,0.000687754072714597,adam,2291,30.51349973678589,2.472643202472282e-06,0.0,0.0110269141685499,1.3499557894772501e-05,,,,
2291,0.0006875149556435645,adam,2292,30.527348041534424,2.585573714989403e-06,0.0,0.010668152296455197,1.3253726518154646e-05,,,,
2292,0.000687275780364871,adam,2293,30.53766417503357,2.8762055517870977e-06,0.0,0.01102120203779015,1.3897408113056256e-05,,,,
2293,0.0006870365468785167,adam,2294,30.54707622528076,3.010993856712497e-06,0.0,0.011001240835253775,1.4012235214497172e-05,,,,
2294,0.0006867973133921623,adam,2295,30.55681324005127,2.9047040387040254e-06,0.0,0.012163139415574805,1.5067844031996953e-05,,,,
2295,0.0006865579634904861,adam,2296,30.567092418670654,2.6492885183414016e-06,0.0,0.012646920055497144,1.5296209174535017e-05,,,,
2296,0.0006863186717964709,adam,2297,30.611064195632935,2.4412520459865624e-06,0.0,0.011956445020654998,1.4397697634542226e-05,,,,
2297,0.0006860793218947947,adam,2298,30.645617723464966,2.5144141372642175e-06,0.0,0.011421818730316339,1.3936233410087836e-05,,,,
2298,0.0006858397973701358,adam,2299,30.670982599258423,2.749386776357821e-06,0.0,0.01120389749419952,1.3953284802713917e-05,,,,
2299,0.0006856003310531378,adam,2300,30.69377112388611,2.8374399213019037e-06,0.0,0.011367334708869964,1.4204775170091295e-05,0.0003766492282754842,0.0,0.01141483840889207,0.000388064067226552
2300,0.000685360748320818,adam,2301,30.74207639694214,2.7018052304856144e-06,0.0,0.010088514510720573,1.2790320220384913e-05,,,,
2301,0.0006851211655884981,adam,2302,30.753787994384766,2.507265283047773e-06,0.0,0.01142863582670942,1.3935901652588266e-05,,,,
2302,0.0006848815246485174,adam,2303,30.76396942138672,2.4458655586795707e-06,0.0,0.011266030206827485,1.3711896300614777e-05,,,,
2303,0.0006846418255008757,adam,2304,30.774359941482544,2.5332807256297845e-06,0.0,0.011089165266441174,1.3622446518778047e-05,,,,
2304,0.0006844020681455731,adam,2305,30.784806966781616,2.680428901054678e-06,0.0,0.011215324632171921,1.3895754065925935e-05,,,,
2305,0.0006841623107902706,adam,2306,30.795348167419434,2.712435215569822e-06,0.0,0.010998686699584957,1.3711122437564364e-05,,,,
2306,0.0006839224370196462,adam,2307,30.805861234664917,2.6637093759104717e-06,0.0,0.010921324352310049,1.3585034246955592e-05,,,,
2307,0.0006836826214566827,adam,2308,30.816256523132324,2.518069690265176e-06,0.0,0.011465874982172605,1.3983945217037619e-05,,,,
2308,0.0006834426894783974,adam,2309,30.82878065109253,2.42615184873629e-06,0.0,0.011254180776871927,1.368033316015312e-05,,,,
2309,0.0006832026992924511,adam,2310,30.84031629562378,2.4226162639084514e-06,0.0,0.011446480630593607,1.3869097438180714e-05,,,,
2310,0.000682962650898844,adam,2311,30.852360010147095,2.4926961677921296e-06,0.0,0.011362882682764535,1.385557939026463e-05,,,,
2311,0.000682722544297576,adam,2312,30.86582040786743,2.544900615518172e-06,0.0,0.01236255998083315,1.4907461183541412e-05,,,,
2312,0.0006824824376963079,adam,2313,30.88226318359375,2.523198934564398e-06,0.0,0.011358702689810384,1.388190216388421e-05,,,,
2313,0.0006822423310950398,adam,2314,30.895915746688843,2.464198115780512e-06,0.0,0.012498231132685951,1.4962429842100588e-05,,,,
2314,0.00068200210807845,adam,2315,30.909109115600586,2.45140700172592e-06,0.0,0.011362931247949397,1.381433878938559e-05,,,,
2315,0.0006817617686465383,adam,2316,30.920362949371338,2.466925326969253e-06,0.0,0.012239246349375819,1.4706172257678078e-05,,,,
2316,0.0006815214874222875,adam,2317,30.931892156600952,2.528076881679217e-06,0.0,0.0111658737499468,1.3693951161976563e-05,,,,
2317,0.0006812811479903758,adam,2318,30.943093061447144,2.5896306974442836e-06,0.0,0.01258210664879364,1.5171737943855922e-05,,,,
2318,0.0006810407503508031,adam,2319,30.953670740127563,2.612915253817836e-06,0.0,0.011937642893827888,1.4550558714653337e-05,,,,
2319,0.0006808002945035696,adam,2320,30.963723182678223,2.6126379924629746e-06,0.0,0.011246043784466184,1.3858682311087575e-05,0.0003755407664667667,0.0,0.011289055462222471,0.0003868298224651905
2320,0.0006805598386563361,adam,2321,30.983927488327026,2.5702098966740424e-06,0.0,0.010949767280121325,1.3519977696881405e-05,,,,
2321,0.0006803192663937807,adam,2322,30.996084451675415,2.5142471623711535e-06,0.0,0.011946790236085907,1.4461037965899146e-05,,,,
2322,0.0006800786359235644,adam,2323,31.008229970932007,2.471840061879004e-06,0.0,0.01177854710713069,1.4250387728460662e-05,,,,
2323,0.0006798380054533482,adam,2324,31.022703170776367,2.4956851738223974e-06,0.0,0.011994176470263459,1.4489862213778669e-05,,,,
2324,0.0006795973749831319,adam,2325,31.038147687911987,2.527517530073085e-06,0.0,0.01145583772719192,1.39833558013881e-05,,,,
2325,0.0006793566280975938,adam,2326,31.051299810409546,2.557636756068982e-06,0.0,0.011495253167262815,1.4052890469327026e-05,,,,
2326,0.0006791159394197166,adam,2327,31.0636944770813,2.511073330853747e-06,0.0,0.011009193262984251,1.352026711674662e-05,,,,
2327,0.0006788750761188567,adam,2328,31.076323986053467,2.5445971900269788e-06,0.0,0.010198007104555047,1.2742604778961373e-05,,,,
2328,0.0006786342128179967,adam,2329,31.088546991348267,2.4969036320035802e-06,0.0,0.011293236696988245,1.3790140865391785e-05,,,,
2329,0.0006783933495171368,adam,2330,31.115136861801147,2.55936332887624e-06,0.0,0.012707495724334758,1.5266859656784657e-05,,,,
2330,0.0006781523115932941,adam,2331,31.14685606956482,2.5666179144746126e-06,0.0,0.010994147925610535,1.3560766362279154e-05,,,,
2331,0.0006779113318771124,adam,2332,31.179081439971924,2.590154868849112e-06,0.0,0.012366439936509134,1.4956595392732625e-05,,,,
2332,0.0006776702357456088,adam,2333,31.20290732383728,2.5712879997660397e-06,0.0,0.012324069194660567,1.4895357779788484e-05,,,,
2333,0.0006774291978217661,adam,2334,31.2205548286438,2.6235337985544398e-06,0.0,0.010682797618246526,1.3306331924206625e-05,,,,
2334,0.0006771879852749407,adam,2335,31.23374891281128,2.660970164864804e-06,0.0,0.012842913153266706,1.550388392813715e-05,,,,
2335,0.0006769468309357762,adam,2336,31.2468421459198,2.7048459611897795e-06,0.0,0.012205400910885634,1.4910247451800849e-05,,,,
2336,0.0006767055601812899,adam,2337,31.26155710220337,2.7030712235584386e-06,0.0,0.010420072389143768,1.3123144107629089e-05,,,,
2337,0.0006764642312191427,adam,2338,31.274372339248657,2.719780601055183e-06,0.0,0.012019064246413136,1.4738845418343239e-05,,,,
2338,0.0006762230186723173,adam,2339,31.289233207702637,2.7109902237028664e-06,0.0,0.011894251654774417,1.4605242443423922e-05,,,,
2339,0.0006759816315025091,adam,2340,31.302444458007812,2.75795063056594e-06,0.0,0.012058026559019736,1.4815977762311206e-05,0.00037202645983636914,0.0,0.011171198269206255,0.00038319765863617885
2340,0.0006757401861250401,adam,2341,31.325558185577393,2.749838484239283e-06,0.0,0.010170113879608185,1.2919952846901956e-05,,,,
2341,0.000675498740747571,adam,2342,31.336088180541992,2.8000417383452725e-06,0.0,0.012203550038316534,1.5003592356299332e-05,,,,
2342,0.0006752571789547801,adam,2343,31.34755253791809,2.8506987166664198e-06,0.0,0.011872578947085516,1.4723278227669176e-05,,,,
2343,0.0006750156753696501,adam,2344,31.357691287994385,3.005280092750054e-06,0.0,0.012141890193988397,1.514717086344729e-05,,,,
2344,0.0006747739971615374,adam,2345,31.36815333366394,3.074882312590801e-06,0.0,0.010619264175941223,1.3694146992920007e-05,,,,
2345,0.0006745323771610856,adam,2346,31.378412008285522,3.2261715547121057e-06,0.0,0.011276804705817777,1.4502976796149365e-05,,,,
2346,0.0006742906989529729,adam,2347,31.389373779296875,3.3537764522081415e-06,0.0,0.01099364682743707,1.4347423801815417e-05,,,,
2347,0.0006740490207448602,adam,2348,31.400015354156494,3.5443197570141955e-06,0.0,0.010951312335006359,1.4495632612179979e-05,,,,
2348,0.0006738072261214256,adam,2349,31.410162448883057,3.7287169033981046e-06,0.0,0.010121009550792726,1.384972693491299e-05,,,,
2349,0.0006735653732903302,adam,2350,31.420275926589966,4.080889711520079e-06,0.0,0.010697015723125394,1.4777905942726457e-05,,,,
2350,0.0006733234622515738,adam,2351,31.432310581207275,4.4723061160829534e-06,0.0,0.011178611720896233,1.5650918367934753e-05,,,,
2351,0.0006730816094204783,adam,2352,31.443296194076538,5.229727933816528e-06,0.0,0.010999899065853566,1.6229627522137263e-05,,,,
2352,0.0006728396401740611,adam,2353,31.454159021377563,6.120747116907812e-06,0.0,0.011798840586705914,1.7919588264028583e-05,,,,
2353,0.0006725976127199829,adam,2354,31.468429565429688,7.5071817727863916e-06,0.0,0.010373095043852337,1.7880277309334304e-05,,,,
2354,0.0006723556434735656,adam,2355,31.480229139328003,9.06470038204958e-06,0.0,0.011598527084263798,2.0663228017213856e-05,,,,
2355,0.0006721134996041656,adam,2356,31.49372386932373,1.1175056991805325e-05,0.0,0.0109538499221387,2.212890743422398e-05,,,,
2356,0.0006718714139424264,adam,2357,31.50850224494934,1.3941073314643897e-05,0.0,0.010778827296065094,2.4719901122675815e-05,,,,
2357,0.0006716291536577046,adam,2358,31.520556211471558,1.7815755301900452e-05,0.0,0.01047130215863857,2.8287057957899184e-05,,,,
2358,0.0006713869515806437,adam,2359,31.531760692596436,2.245342813080023e-05,0.0,0.011041087858242378,3.349451651346614e-05,,,,
2359,0.0006711445748806,adam,2360,31.543814420700073,2.8392736781413896e-05,0.0,0.01207358367009461,4.046632102497296e-05,0.00042027995593702834,0.0,0.011547379837758985,0.00043182733632325844
2360,0.0006709022563882172,adam,2361,31.56376028060913,3.4668610645709034e-05,0.0,0.01144281463398383,4.6111425823197395e-05,,,,
2361,0.0006706599961034954,adam,2362,31.573845863342285,4.198035118299877e-05,0.0,0.012811761439918221,5.479211323144301e-05,,,,
2362,0.0006704175611957908,adam,2363,31.58396816253662,4.8640134243330084e-05,0.0,0.01227239911611492,6.091253394235268e-05,,,,
2363,0.0006701751844957471,adam,2364,31.594489812850952,5.37688314045226e-05,0.0,0.012645151536591771,6.641398354172684e-05,,,,
2364,0.0006699326331727207,adam,2365,31.6050066947937,5.535653880573774e-05,0.0,0.011970331288522646,6.732687066282062e-05,,,,
2365,0.0006696900818496943,adam,2366,31.615865468978882,5.260598124257209e-05,0.0,0.011621812786708804,6.422779458128738e-05,,,,
2366,0.0006694475305266678,adam,2367,31.62599539756775,4.409047676862151e-05,0.0,0.012535956514284116,5.662643387833161e-05,,,,
2367,0.0006692049209959805,adam,2368,31.63688635826111,3.1944118651916876e-05,0.0,0.012297834791531402,4.424195402756409e-05,,,,
2368,0.0006689622532576323,adam,2369,31.649906158447266,1.8412370796539804e-05,0.0,0.011906998331535357,3.0319369693627232e-05,,,,
2369,0.000668719585519284,adam,2370,31.661308765411377,7.846771100490046e-06,0.0,0.010205645117524859,1.8052416702757037e-05,,,,
2370,0.0006684768013656139,adam,2371,31.673261642456055,2.728053548144454e-06,0.0,0.010339478818329752,1.3067532857573099e-05,,,,
2371,0.0006682340172119439,adam,2372,31.686243295669556,3.447511981605124e-06,0.0,0.011027929794593072,1.4475442299996756e-05,,,,
2372,0.000667991116642952,adam,2373,31.69906449317932,8.263359345580981e-06,0.0,0.010779814563565963,1.904317442116066e-05,,,,
2373,0.0006677482160739601,adam,2374,31.712387323379517,1.3861425034462407e-05,0.0,0.011384605521866261,2.5246031097068414e-05,,,,
2374,0.0006675053155049682,adam,2375,31.72658658027649,1.732531731512661e-05,0.0,0.010782102061885852,2.8107419889134828e-05,,,,
2375,0.0006672624149359763,adam,2376,31.73831295967102,1.7083287723835143e-05,0.0,0.010830072204359158,2.791336044259513e-05,,,,
2376,0.0006670193979516625,adam,2377,31.749598741531372,1.3577177967886934e-05,0.0,0.012082955255134729,2.5660133796931242e-05,,,,
2377,0.0006667763227596879,adam,2378,31.76090168952942,8.407022764908891e-06,0.0,0.011748532749863696,2.015555607279795e-05,,,,
2378,0.0006665331893600523,adam,2379,31.773543119430542,4.2862959320809315e-06,0.0,0.01149314594911005,1.5779442427086123e-05,,,,
2379,0.0006662900559604168,adam,2380,31.78386664390564,2.479698813818592e-06,0.0,0.009743284751786988,1.2222984028386774e-05,0.0003699321039165443,0.0,0.011058665066211953,0.0003809907695080147
2380,0.0006660468643531203,adam,2381,31.804218769073486,3.034592603614294e-06,0.0,0.010743443870812044,1.377803698471254e-05,,,,
2381,0.000665803556330502,adam,2382,31.814698457717896,5.047166733116622e-06,0.0,0.01028751548528447,1.5334682707031857e-05,,,,
2382,0.0006655603647232056,adam,2383,31.82461380958557,6.926320981766533e-06,0.0,0.010616663438573322,1.754298492460431e-05,,,,
2383,0.0006653171149082482,adam,2384,31.835185527801514,7.976795443426031e-06,0.0,0.01110994313067628,1.9086739101796292e-05,,,,
2384,0.000665073748677969,adam,2385,31.84565544128418,7.29782833992583e-06,0.0,0.010406241515511465,1.7704070349707246e-05,,,,
2385,0.0006648303242400289,adam,2386,31.856372117996216,5.5687043417732955e-06,0.0,0.012158745550140385,1.7727450469423104e-05,,,,
2386,0.0006645868998020887,adam,2387,31.867681741714478,3.712032329374489e-06,0.0,0.011545351364237627,1.5257384241986881e-05,,,,
2387,0.0006643434171564877,adam,2388,31.879324674606323,2.6848920580572345e-06,0.0,0.011773251335000852,1.4458143952257518e-05,,,,
2388,0.0006640998180955648,adam,2389,31.896689414978027,2.665141755253221e-06,0.0,0.010400844608473821,1.3065986857740652e-05,,,,
2389,0.0006638562772423029,adam,2390,31.90904951095581,3.4022451429154887e-06,0.0,0.010885410155044349,1.4287655814989077e-05,,,,
2390,0.000663612736389041,adam,2391,31.921754598617554,4.3778833878571084e-06,0.0,0.010666231873259841,1.5044115767735778e-05,,,,
2391,0.0006633690791204572,adam,2392,31.933927297592163,4.805543674708748e-06,0.0,0.010789277199308262,1.5594821386480178e-05,,,,
2392,0.0006631253636442125,adam,2393,31.946791172027588,4.7237749926742225e-06,0.0,0.011164425758474938,1.588820128143093e-05,,,,
2393,0.0006628817063756287,adam,2394,31.958120107650757,3.982789011825253e-06,0.0,0.010745365376496067,1.4728154898698787e-05,,,,
2394,0.0006626378744840622,adam,2395,31.969337463378906,3.097904835773347e-06,0.0,0.010657249128819025,1.3755154470784545e-05,,,,
2395,0.0006623941008001566,adam,2396,31.980849266052246,2.461122830702744e-06,0.0,0.010348466925403976,1.2809590247632524e-05,,,,
2396,0.0006621500942856073,adam,2397,31.991427183151245,2.3198389069094073e-06,0.0,0.010300386259982773,1.2620225656134276e-05,,,,
2397,0.0006619063206017017,adam,2398,32.00151777267456,2.630331692805005e-06,0.0,0.011371236922365024,1.40015691552748e-05,,,,
2398,0.0006616623722948134,adam,2399,32.01140785217285,3.051387704508799e-06,0.0,0.010499607536538105,1.35509957397515e-05,,,,
2399,0.0006614183657802641,adam,2400,32.02194547653198,3.482401582765518e-06,0.0,0.010986517653884038,1.4468919758481143e-05,0.00036900580035159516,0.0,0.010949985020624517,0.00037995578589231603
2400,0.000661174301058054,adam,2401,32.041035175323486,3.457543892530358e-06,0.0,0.010871941490665105,1.4329485899584975e-05,,,,
2401,0.0006609302363358438,adam,2402,32.053160190582275,3.2405684309810043e-06,0.0,0.01230611626551521,1.5546685281005373e-05,,,,
2402,0.0006606861134059727,adam,2403,32.0644588470459,2.823471173620224e-06,0.0,0.011287023341336199,1.4110495051061265e-05,,,,
2403,0.0006604420486837626,adam,2404,32.07676386833191,2.528122394971748e-06,0.0,0.010588283819620428,1.311640671750867e-05,,,,
2404,0.0006601978093385696,adam,2405,32.09408783912659,2.2987599763512506e-06,0.0,0.010640215691468894,1.2938976173203273e-05,,,,
2405,0.0006599535699933767,adam,2406,32.10655379295349,2.2359780717126504e-06,0.0,0.01104785975703474,1.3283838353492572e-05,,,,
2406,0.0006597093306481838,adam,2407,32.1195855140686,2.2735945178025434e-06,0.0,0.010690788848501581,1.2964383874089347e-05,,,,
2407,0.0006594649166800082,adam,2408,32.13339710235596,2.3496427296091427e-06,0.0,0.01041516814348491,1.2764811367787994e-05,,,,
2408,0.0006592206191271544,adam,2409,32.14714527130127,2.4221910782525483e-06,0.0,0.010021440635288547,1.2443632189533984e-05,,,,
2409,0.0006589762051589787,adam,2410,32.15844988822937,2.4271166811185273e-06,0.0,0.011280470284297461,1.3707587501209576e-05,,,,
2410,0.0006587317329831421,adam,2411,32.16924786567688,2.4001001955205264e-06,0.0,0.010578435482702332,1.2978536180671582e-05,,,,
2411,0.0006584873190149665,adam,2412,32.1808500289917,2.3131517355618667e-06,0.0,0.010294750803533495,1.2607903028069787e-05,,,,
2412,0.000658242788631469,adam,2413,32.19204235076904,2.266582745038688e-06,0.0,0.009791052963985424,1.2057636174074174e-05,,,,
2413,0.0006579983164556324,adam,2414,32.20288920402527,2.1969064087251593e-06,0.0,0.01151925505883367,1.3716162014694086e-05,,,,
2414,0.0006577536114491522,adam,2415,32.21292042732239,2.1765212071747833e-06,0.0,0.010706389722101178,1.2882911437802186e-05,,,,
2415,0.0006575090228579938,adam,2416,32.22427582740784,2.1804978651711023e-06,0.0,0.011660330290347212,1.3840828709354285e-05,,,,
2416,0.0006572642596438527,adam,2417,32.235002517700195,2.2086194223754574e-06,0.0,0.01025303314915446,1.246165305852286e-05,,,,
2417,0.0006570196128450334,adam,2418,32.245685338974,2.2280058378985427e-06,0.0,0.011516040882232596,1.374404726711373e-05,,,,
2418,0.0006567748496308923,adam,2419,32.25663948059082,2.2070606459194592e-06,0.0,0.012322661641673166,1.4529722872887646e-05,,,,
2419,0.0006565299700014293,adam,2420,32.26904487609863,2.1955517339650635e-06,0.0,0.010730030175801852,1.2925582419416002e-05,0.00036201346038601843,0.0,0.010786671608751781,0.0003728001325071096
2420,0.0006562852067872882,adam,2421,32.29111075401306,2.1679450116558232e-06,0.0,0.009059898087076423,1.1227843529054314e-05,,,,
2421,0.0006560402689501643,adam,2422,32.306824922561646,2.1526555103558804e-06,0.0,0.010405407163259627,1.2558063167845826e-05,,,,
2422,0.0006557953893207014,adam,2423,32.31978893280029,2.1392729370453603e-06,0.0,0.011538298608684432,1.3677572093769567e-05,,,,
2423,0.0006555503350682557,adam,2424,32.33302307128906,2.1333297478566595e-06,0.0,0.011345396039873334,1.347872632660739e-05,,,,
2424,0.0006553053390234709,adam,2425,32.34631705284119,2.158164477516184e-06,0.0,0.010568505053369795,1.2726670032863034e-05,,,,
2425,0.000655060401186347,adam,2426,32.35855317115784,2.169654141239566e-06,0.0,0.010091645484782596,1.2261300105349602e-05,,,,
2426,0.0006548152305185795,adam,2427,32.369990825653076,2.1815945359132783e-06,0.0,0.010044284070399485,1.2225879083390656e-05,,,,
2427,0.0006545701180584729,adam,2428,32.38116765022278,2.1840624167577985e-06,0.0,0.01098531842278391,1.3169381361316335e-05,,,,
2428,0.0006543249473907053,adam,2429,32.390695571899414,2.1929257899463578e-06,0.0,0.009702597220630296,1.1895523471425292e-05,,,,
2429,0.0006540797767229378,adam,2430,32.40089535713196,2.1663228206745344e-06,0.0,0.01121811490755905,1.338443826106545e-05,,,,
2430,0.0006538344896398485,adam,2431,32.41142439842224,2.147714905762528e-06,0.0,0.01033896518207382,1.2486680578910843e-05,,,,
2431,0.0006535892025567591,adam,2432,32.42206168174744,2.1162675529010495e-06,0.0,0.012160917035747582,1.4277185166261197e-05,,,,
2432,0.0006533439154736698,adam,2433,32.43237042427063,2.109174657801466e-06,0.0,0.011043523886073076,1.315269906841378e-05,,,,
2433,0.0006530985701829195,adam,2434,32.442742586135864,2.1085350049300474e-06,0.0,0.00946404731685289,1.1572582771301064e-05,,,,
2434,0.0006528531666845083,adam,2435,32.45316243171692,2.117517541674401e-06,0.0,0.010581423632333931,1.2698941676598987e-05,,,,
2435,0.0006526077049784362,adam,2436,32.4636754989624,2.1400283434560216e-06,0.0,0.010551515218831964,1.2691544063458066e-05,,,,
2436,0.0006523622432723641,adam,2437,32.477057456970215,2.1602616790412246e-06,0.0,0.011199333451080646,1.3359595662061666e-05,,,,
2437,0.0006521166651509702,adam,2438,32.488869428634644,2.1918475227895975e-06,0.0,0.011367176000188927,1.3559024062890413e-05,,,,
2438,0.0006518710870295763,adam,2439,32.50397324562073,2.1835866666096366e-06,0.0,0.010383730677422317,1.2567317837232695e-05,,,,
2439,0.0006516256253235042,adam,2440,32.51669096946716,2.173518358267258e-06,0.0,0.010721891358219354,1.2895410225749126e-05,0.00035762155015803466,0.0,0.010669334278831525,0.0003682908849436324
2440,0.0006513799889944494,adam,2441,32.54146957397461,2.1478526658490293e-06,0.0,0.0114003651782222,1.3548218385559519e-05,,,,
2441,0.0006511342944577336,adam,2442,32.554847717285156,2.1425678250849296e-06,0.0,0.010537768966360887,1.2680337291962984e-05,,,,
2442,0.0006508885999210179,adam,2443,32.56772041320801,2.115047807340576e-06,0.0,0.01157295840181495,1.3688006758841555e-05,,,,
2443,0.0006506427889689803,adam,2444,32.57933187484741,2.1067183273059027e-06,0.0,0.011751238143414156,1.385795702887392e-05,,,,
2444,0.0006503970362246037,adam,2445,32.589725971221924,2.1000861960474643e-06,0.0,0.010141718869053887,1.224180554680715e-05,,,,
2445,0.0006501512252725661,adam,2446,32.600462913513184,2.0994914889484868e-06,0.0,0.01214255952986568,1.4242051595554798e-05,,,,
2446,0.0006499053561128676,adam,2447,32.61103105545044,2.0936951184734824e-06,0.0,0.010176817454457261,1.2270513056303635e-05,,,,
2447,0.0006496594287455082,adam,2448,32.621360301971436,2.097483676634974e-06,0.0,0.011361776285467313,1.3459260501757702e-05,,,,
2448,0.0006494135013781488,adam,2449,32.63177561759949,2.115690105196382e-06,0.0,0.01050335691696753,1.2619047521046596e-05,,,,
2449,0.0006491675158031285,adam,2450,32.64206385612488,2.116297396960213e-06,0.0,0.01154595459822187,1.36622525435855e-05,,,,
2450,0.0006489215302281082,adam,2451,32.65253710746765,2.158683953945671e-06,0.0,0.01056973232915726,1.2728416785138278e-05,,,,
2451,0.0006486754864454269,adam,2452,32.663273334503174,2.1573957458482412e-06,0.0,0.009963422922813575,1.2120819141899011e-05,,,,
2452,0.0006484293844550848,adam,2453,32.67384624481201,2.143069509460166e-06,0.0,0.010179735611847453,1.2322805604819116e-05,,,,
2453,0.0006481832242570817,adam,2454,32.684349060058594,2.1126639285322515e-06,0.0,0.011489305222161496,1.3601969696406462e-05,,,,
2454,0.0006479370058514178,adam,2455,32.695650577545166,2.0960158501598576e-06,0.0,0.010553873130945812,1.2649889482387746e-05,,,,
2455,0.0006476909038610756,adam,2456,32.70772194862366,2.084443767624464e-06,0.0,0.01023367908874339,1.2318123342441529e-05,,,,
2456,0.0006474446272477508,adam,2457,32.721375703811646,2.074149644875934e-06,0.0,0.010232938988314691,1.2307089119229146e-05,,,,
2457,0.0006471983506344259,adam,2458,32.73369479179382,2.0953435737025974e-06,0.0,0.011362077656405768,1.3457421769778096e-05,,,,
2458,0.0006469520158134401,adam,2459,32.746999979019165,2.1342789661920323e-06,0.0,0.011601176512585104,1.3735456029803453e-05,,,,
2459,0.0006467056809924543,adam,2460,32.75998616218567,2.2427279460327002e-06,0.0,0.00992326585605803,1.2165994273420567e-05,0.00035660509891264404,0.0,0.010582572998777663,0.00036718767241406697
2460,0.0006464591715484858,adam,2461,32.78580117225647,2.3622342197095787e-06,0.0,0.010691810137379569,1.305404486492288e-05,,,,
2461,0.0006462128367275,adam,2462,32.79817223548889,2.4801639371322044e-06,0.0,0.010311018902185543,1.2791183329064867e-05,,,,
2462,0.0006459663854911923,adam,2463,32.808823108673096,2.539238035966871e-06,0.0,0.010689844287461822,1.3229082831169051e-05,,,,
2463,0.0006457198760472238,adam,2464,32.821051597595215,2.6021499016241207e-06,0.0,0.010099893315089984,1.2702043696433297e-05,,,,
2464,0.0006454733083955944,adam,2465,32.83315992355347,2.5544466938481213e-06,0.0,0.009293209676004163,1.1847656811256057e-05,,,,
2465,0.000645226682536304,adam,2466,32.845006227493286,2.4906123445006776e-06,0.0,0.009202474898099566,1.1693087679694346e-05,,,,
2466,0.0006449801148846745,adam,2467,32.85742521286011,2.3821078207526176e-06,0.0,0.01005111081565186,1.2433219113806625e-05,,,,
2467,0.0006447334308177233,adam,2468,32.86963868141174,2.258053303788484e-06,0.0,0.010099122793401026,1.2357176576872104e-05,,,,
2468,0.000644486746750772,adam,2469,32.88100481033325,2.1315696430990573e-06,0.0,0.010238856036312144,1.2370426165730767e-05,,,,
2469,0.0006442400626838207,adam,2470,32.89289116859436,2.0713993822696697e-06,0.0,0.009318264392760147,1.1389664217623627e-05,,,,
2470,0.0006439932622015476,adam,2471,32.90574359893799,2.043601431513849e-06,0.0,0.010600034368830447,1.2643636303818911e-05,,,,
2471,0.0006437464035116136,adam,2472,32.92024636268616,2.048441619755955e-06,0.0,0.011011062599571297,1.3059504742324662e-05,,,,
2472,0.0006434996612370014,adam,2473,32.934210538864136,2.091309301268039e-06,0.0,0.009930735755903,1.2022045528855677e-05,,,,
2473,0.0006432526861317456,adam,2474,32.95315718650818,2.138308325169305e-06,0.0,0.010832140338808156,1.2970449178476518e-05,,,,
2474,0.0006430058274418116,adam,2475,32.96675086021423,2.2018634430387167e-06,0.0,0.009703689727140093,1.1905553631079339e-05,,,,
2475,0.0006427588523365557,adam,2476,32.98058867454529,2.1994140788689534e-06,0.0,0.010306408152211795,1.2505822720608867e-05,,,,
2476,0.0006425119354389608,adam,2477,32.993891954422,2.1817957517042774e-06,0.0,0.010855729345583563,1.3037525612907317e-05,,,,
2477,0.000642264960333705,adam,2478,33.005781412124634,2.1512694629852654e-06,0.0,0.010490759744868183,1.26420297061378e-05,,,,
2478,0.0006420178106054664,adam,2479,33.01752257347107,2.1190273725148996e-06,0.0,0.010826909730523037,1.2945937617288554e-05,,,,
2479,0.0006417707772925496,adam,2480,33.02939414978027,2.0581762766433117e-06,0.0,0.0103630388478017,1.2421215616662945e-05,0.0003510338007059285,0.0,0.010431199089054977,0.00036146500029043884
2480,0.0006415235693566501,adam,2481,33.0471134185791,2.0341760188214614e-06,0.0,0.010264081013420268,1.2298257519759418e-05,,,,
2481,0.0006412763614207506,adam,2482,33.057660818099976,2.020013500185361e-06,0.0,0.01048747891367404,1.2507492911987921e-05,,,,
2482,0.000641029211692512,adam,2483,33.06790471076965,2.0171171295165854e-06,0.0,0.009910240915776304,1.1927358516004074e-05,,,,
2483,0.0006407819455489516,adam,2484,33.07788372039795,2.014334378167922e-06,0.0,0.009790816064940363,1.1805150908147094e-05,,,,
2484,0.0006405347376130521,adam,2485,33.08772134780884,2.009110358613327e-06,0.0,0.010144829588507669,1.2153940428974546e-05,,,,
2485,0.0006402873550541699,adam,2486,33.09802317619324,1.999246853611973e-06,0.0,0.010891205756296915,1.2890453127213403e-05,,,,
2486,0.0006400400307029486,adam,2487,33.109615087509155,2.0063729717194447e-06,0.0,0.011212973277120113,1.321934678142721e-05,,,,
2487,0.0006397927063517272,adam,2488,33.1202118396759,2.002188290043387e-06,0.0,0.010594273483923184,1.2596462277167559e-05,,,,
2488,0.0006395452073775232,adam,2489,33.135303258895874,2.001843292997042e-06,0.0,0.010180406868952633,1.2182250645493055e-05,,,,
2489,0.000639297824818641,adam,2490,33.147751808166504,2.004761407900059e-06,0.0,0.010872255888666707,1.287701781297121e-05,,,,
2490,0.000639050267636776,adam,2491,33.16057896614075,2.0502449917878937e-06,0.0,0.01117936545405724,1.3229610976836501e-05,,,,
2491,0.0006388027686625719,adam,2492,33.17235040664673,2.0728188139307476e-06,0.0,0.010408787139895065,1.2481606448216673e-05,,,,
2492,0.0006385553278960288,adam,2493,33.1871337890625,2.1289904893010186e-06,0.0,0.009797739141552485,1.1926730096221141e-05,,,,
2493,0.000638307654298842,adam,2494,33.19912004470825,2.1801805654623542e-06,0.0,0.009816328747047198,1.1996509778760148e-05,,,,
2494,0.0006380599807016551,adam,2495,33.21127367019653,2.2428146777254923e-06,0.0,0.011119314024536031,1.33621292304006e-05,,,,
2495,0.0006378123071044683,adam,2496,33.22306418418884,2.302806823699426e-06,0.0,0.010359525593351616,1.2662332909102105e-05,,,,
2496,0.0006375646335072815,adam,2497,33.23347067832947,2.397604829572701e-06,0.0,0.009093316185868543,1.1490921447350588e-05,,,,
2497,0.0006373169017024338,adam,2498,33.243494749069214,2.5342303772437115e-06,0.0,0.01040814136163352,1.2942372233237419e-05,,,,
2498,0.0006370691698975861,adam,2499,33.253846883773804,2.77301806770645e-06,0.0,0.010470310219111975,1.3243328784131475e-05,,,,
2499,0.0006368213798850775,adam,2500,33.26375913619995,3.269234518498947e-06,0.0,0.01054331203100457,1.3812547050283967e-05,0.00035110531390818243,0.0,0.01036997918708585,0.00036147529358781583
2500,0.000636573473457247,adam,2501,33.282039642333984,4.030503643032658e-06,0.0,0.010920715269137259,1.4951219430876059e-05,,,,
2501,0.0006363256252370775,adam,2502,33.292619466781616,5.360805212183939e-06,0.0,0.010940592120684725,1.6301397852518907e-05,,,,
2502,0.0006360776606015861,adam,2503,33.30327343940735,7.567906477686425e-06,0.0,0.009929595593049824,1.749750254236673e-05,,,,
2503,0.0006358297541737556,adam,2504,33.31392240524292,1.0831950718335746e-05,0.0,0.01138121789637303,2.221316915528762e-05,,,,
2504,0.0006355818477459252,adam,2505,33.325923919677734,1.6145738396419257e-05,0.0,0.009320286429079686,2.5466025268188793e-05,,,,
2505,0.0006353338249027729,adam,2506,33.33869910240173,2.478599859110696e-05,0.0,0.011565679817599248,3.635167895804652e-05,,,,
2506,0.0006350858020596206,adam,2507,33.352577209472656,3.82024991076908e-05,0.0,0.010544787611783296,4.874728722032463e-05,,,,
2507,0.0006348376628011465,adam,2508,33.366053104400635,5.777254275251397e-05,0.0,0.01294570054421731,7.071824391161906e-05,,,,
2508,0.0006345895817503333,adam,2509,33.38006567955017,8.447453127900235e-05,0.0,0.01147044738613651,9.594497920995588e-05,,,,
2509,0.0006343414424918592,adam,2510,33.39302325248718,0.00011605409534620326,0.0,0.011673716176400888,0.00012772781207707592,,,,
2510,0.0006340931868180633,adam,2511,33.40558981895447,0.00014199119531884953,0.0,0.01219159447367356,0.00015418279037159277,,,,
2511,0.0006338449893519282,adam,2512,33.41727828979492,0.00014745085096356102,0.0,0.012844323553526887,0.00016029517512716054,,,,
2512,0.0006335967336781323,adam,2513,33.42939591407776,0.00011851027416457829,0.0,0.011608804372062862,0.00013011907908802976,,,,
2513,0.0006333484780043364,adam,2514,33.4399209022522,6.516029217806403e-05,0.0,0.010618556980575847,7.577884966299426e-05,,,,
2514,0.0006331001641228795,adam,2515,33.450443506240845,2.203472330854146e-05,0.0,0.011125611116342688,3.316033495332232e-05,,,,
2515,0.0006328517920337617,adam,2516,33.460509061813354,1.874680053201923e-05,0.0,0.010513368830192653,2.926016986157011e-05,,,,
2516,0.000632603419944644,adam,2517,33.47134256362915,4.572089146494705e-05,0.0,0.009950942248668392,5.567183418625984e-05,,,,
2517,0.0006323549314402044,adam,2518,33.482757568359375,6.267123251375492e-05,0.0,0.012644549356760758,7.531578247109954e-05,,,,
2518,0.0006321065011434257,adam,2519,33.493008852005005,4.586040002293641e-05,0.0,0.010467951709616152,5.632835222975359e-05,,,,
2519,0.000631858070846647,adam,2520,33.50441002845764,1.3602131242165269e-05,0.0,0.011561491844980596,2.516362363628726e-05,0.0003614416841564927,0.0,0.010483073984287838,0.0003719247586386998
2520,0.0006316095241345465,adam,2521,33.52562427520752,3.3428354204932935e-06,0.0,0.0098465019749486,1.318933786312564e-05,,,,
2521,0.000631360977422446,adam,2522,33.53933620452881,1.953697389345363e-05,0.0,0.010434467666164567,2.997144205522882e-05,,,,
2522,0.0006311123725026846,adam,2523,33.553688764572144,3.1775241730932376e-05,0.0,0.012240013503298713,4.401525581560053e-05,,,,
2523,0.0006308637675829232,adam,2524,33.566643953323364,2.207875612191029e-05,0.0,0.009941642940927177,3.2020399535040165e-05,,,,
2524,0.0006306151044555008,adam,2525,33.5805447101593,6.6503502422660425e-06,0.0,0.009475969734372286,1.612632042672274e-05,,,,
2525,0.0006303664995357394,adam,2526,33.593894720077515,8.478434907190665e-06,0.0,0.011942724733755718,2.042116020819537e-05,,,,
2526,0.0006301177199929953,adam,2527,33.60828232765198,2.0126183811892854e-05,0.0,0.010662111201326778,3.078829551964274e-05,,,,
2527,0.0006298689404502511,adam,2528,33.620214223861694,1.98559616605787e-05,0.0,0.009925176097644116,2.9781138229643384e-05,,,,
2528,0.0006296201609075069,adam,2529,33.63199830055237,7.978505790722345e-06,0.0,0.009743831396034203,1.7722337649563705e-05,,,,
2529,0.0006293713813647628,adam,2530,33.642783403396606,2.60593372539083e-06,0.0,0.010519814116732928,1.3125748341788116e-05,,,,
2530,0.0006291224854066968,adam,2531,33.652443170547485,8.827570508590082e-06,0.0,0.010664437837312801,1.94920088524365e-05,,,,
2531,0.0006288736476562917,adam,2532,33.66392111778259,1.3147499773200092e-05,0.0,0.012835134570554596,2.5982634953390867e-05,,,,
2532,0.0006286246934905648,adam,2533,33.67518973350525,7.982994162340405e-06,0.0,0.010086183778464253,1.806917841987268e-05,,,,
2533,0.0006283757975324988,adam,2534,33.68616342544556,2.93295920086969e-06,0.0,0.010883723180776392,1.3816682898595194e-05,,,,
2534,0.000628126785159111,adam,2535,33.6966872215271,5.74248694951227e-06,0.0,0.010427605866900535,1.6170093311697507e-05,,,,
2535,0.0006278777727857232,adam,2536,33.70785665512085,9.958121798872154e-06,0.0,0.011141614886966588,2.1099737215037052e-05,,,,
2536,0.0006276287604123354,adam,2537,33.71897292137146,7.711344467875559e-06,0.0,0.010957597107380892,1.8668942095714386e-05,,,,
2537,0.0006273796316236258,adam,2538,33.730310916900635,3.0931736184514767e-06,0.0,0.011433275583317784,1.4526449744820712e-05,,,,
2538,0.0006271305028349161,adam,2539,33.741490840911865,3.293719414800571e-06,0.0,0.010509288898084057,1.3803008812049065e-05,,,,
2539,0.0006268814322538674,adam,2540,33.75392270088196,6.112180140417053e-06,0.0,0.01048119377274981,1.6593374410996854e-05,0.00036182851461816803,0.0,0.010507429772830423,0.0003723359448900746
2540,0.0006266322452574968,adam,2541,33.77597117424011,5.7081455924745416e-06,0.0,0.010942668605719496,1.665081471794291e-05,,,,
2541,0.0006263830582611263,adam,2542,33.79111170768738,2.9325969159009204e-06,0.0,0.009816883523528469,1.2749480905706338e-05,,,,
2542,0.0006261337548494339,adam,2543,33.804343461990356,2.6014098686351714e-06,0.0,0.01052984120114575,1.3131251569921541e-05,,,,
2543,0.0006258845096454024,adam,2544,33.816542625427246,4.606076521791062e-06,0.0,0.010685964659963822,1.529204168931097e-05,,,,
2544,0.0006256351480260491,adam,2545,33.82781457901001,5.024136774518922e-06,0.0,0.01083994235753764,1.5864079646926196e-05,,,,
2545,0.0006253858446143568,adam,2546,33.84005093574524,3.1963429216674657e-06,0.0,0.011149270966305235,1.4345614417534654e-05,,,,
2546,0.0006251365412026644,adam,2547,33.8506224155426,2.1691075490645294e-06,0.0,0.01002327586571578,1.2192383890860367e-05,,,,
2547,0.0006248871213756502,adam,2548,33.861772775650024,3.1746620983876694e-06,0.0,0.009968123036223624,1.3142785608071732e-05,,,,
2548,0.000624637701548636,adam,2549,33.8724639415741,3.9621529963447984e-06,0.0,0.010409914081707468,1.4372067572496654e-05,,,,
2549,0.0006243881653062999,adam,2550,33.8833646774292,3.0644872310181845e-06,0.0,0.010088507643738934,1.3152995353935518e-05,,,,
2550,0.0006241387454792857,adam,2551,33.89629054069519,2.137809664721932e-06,0.0,0.01035087734202328,1.2488687498385505e-05,,,,
2551,0.0006238892092369497,adam,2552,33.90676164627075,2.6067314907037184e-06,0.0,0.01162175517962254,1.4228487222330008e-05,,,,
2552,0.0006236396729946136,adam,2553,33.91764163970947,3.3218501956332018e-06,0.0,0.010131642092478198,1.3453492769338578e-05,,,,
2553,0.0006233900203369558,adam,2554,33.929879903793335,2.995920425333432e-06,0.0,0.010182720596802012,1.317864150578872e-05,,,,
2554,0.0006231404840946198,adam,2555,33.94273638725281,2.2158913694916676e-06,0.0,0.010194969045306528,1.241086089903324e-05,,,,
2555,0.0006228908314369619,adam,2556,33.95402145385742,2.2192812982798205e-06,0.0,0.011080931332681777,1.3300213157277593e-05,,,,
2556,0.000622641178779304,adam,2557,33.969242334365845,2.6828039269497954e-06,0.0,0.010938413526071345,1.3621217972567905e-05,,,,
2557,0.0006223914097063243,adam,2558,33.9847195148468,2.708015506274542e-06,0.0,0.01044939724786349,1.3157413250457767e-05,,,,
2558,0.0006221417570486665,adam,2559,33.997819662094116,2.2292932240668067e-06,0.0,0.010989457817576941,1.3218751563614985e-05,,,,
2559,0.000621891871560365,adam,2560,34.01045560836792,2.0184365241956082e-06,0.0,0.009492842649823724,1.1511279624905164e-05,0.00035113418104609675,0.0,0.010315425180786222,0.0003614496067168394
2560,0.0006216421606950462,adam,2561,34.03734636306763,2.298848271047641e-06,0.0,0.01084992188025029,1.3148770666641567e-05,,,,
2561,0.0006213922752067447,adam,2562,34.050692081451416,2.436555172254619e-06,0.0,0.009554169552114557,1.1990725178167878e-05,,,,
2562,0.0006211424479261041,adam,2563,34.061301708221436,2.194403825242157e-06,0.0,0.00971116742287266,1.1905571709370517e-05,,,,
2563,0.0006208925624378026,adam,2564,34.07166004180908,1.994013772872716e-06,0.0,0.009500039204260713,1.1494053428361079e-05,,,,
2564,0.0006206426187418401,adam,2565,34.08284068107605,2.084700540696884e-06,0.0,0.009527410560420134,1.1612111553644738e-05,,,,
2565,0.0006203926750458777,adam,2566,34.09345507621765,2.2252519992591427e-06,0.0,0.009609054167462208,1.1834306623126932e-05,,,,
2566,0.0006201427313499153,adam,2567,34.10387134552002,2.1722231113351026e-06,0.0,0.010299736848639844,1.2471960449186196e-05,,,,
2567,0.000619892671238631,adam,2568,34.11427187919617,2.0042063900077862e-06,0.0,0.01032079333197871,1.2325000212197875e-05,,,,
2568,0.0006196426111273468,adam,2569,34.12375092506409,1.9785988729031113e-06,0.0,0.00938067942054436,1.1359278739005834e-05,,,,
2569,0.0006193926092237234,adam,2570,34.13392090797424,2.109107623214335e-06,0.0,0.01050379983443775,1.2612907956555807e-05,,,,
2570,0.0006191424909047782,adam,2571,34.14504384994507,2.1394856551536926e-06,0.0,0.010385199184920809,1.2524685333344995e-05,,,,
2571,0.0006188922561705112,adam,2572,34.15531826019287,2.060875307401947e-06,0.0,0.010780704843399012,1.2841580662856962e-05,,,,
2572,0.000618642196059227,adam,2573,34.165387868881226,1.991989430306944e-06,0.0,0.012562427279762044,1.4554417306752266e-05,,,,
2573,0.00061839196132496,adam,2574,34.17610740661621,1.994848332940123e-06,0.0,0.008851131263340972,1.0845980016687272e-05,,,,
2574,0.0006181416683830321,adam,2575,34.1916880607605,2.044234714756469e-06,0.0,0.009807300923791094,1.185153610436936e-05,,,,
2575,0.0006178914336487651,adam,2576,34.20501971244812,2.0636355667604917e-06,0.0,0.009541447867752881,1.1605083887707829e-05,,,,
2576,0.000617641257122159,adam,2577,34.218801975250244,2.0028944605527954e-06,0.0,0.010462924597418865,1.2465819554933912e-05,,,,
2577,0.0006173909059725702,adam,2578,34.23138380050659,1.9509476110284064e-06,0.0,0.009471488082202011,1.1422436143101962e-05,,,,
2578,0.0006171405548229814,adam,2579,34.243579149246216,1.9585541943407087e-06,0.0,0.010305919741014836,1.2264474424860467e-05,,,,
2579,0.0006168902036733925,adam,2580,34.256596326828,2.008841025094635e-06,0.0,0.009296125465908509,1.130496693254541e-05,0.00034906415783258555,0.0,0.010207425846173193,0.00035927158416358543
2580,0.0006166397361084819,adam,2581,34.280661821365356,1.9898810332515005e-06,0.0,0.010306931881853002,1.2296813404657498e-05,,,,
2581,0.0006163893267512321,adam,2582,34.29252505302429,1.936325989190711e-06,0.0,0.009531524174638702,1.1467850616552518e-05,,,,
2582,0.0006161389173939824,adam,2583,34.30369806289673,1.9290279502011704e-06,0.0,0.01077405766994168,1.270308613188313e-05,,,,
2583,0.0006158885080367327,adam,2584,34.31413769721985,1.968927772577411e-06,0.0,0.009819935046086175,1.1788863285085473e-05,,,,
2584,0.0006156378658488393,adam,2585,34.32447266578674,1.9745139653039413e-06,0.0,0.010197862275794074,1.2172376725470482e-05,,,,
2585,0.0006153873400762677,adam,2586,34.334728717803955,1.945666853782183e-06,0.0,0.01023088664912402,1.2176553988847243e-05,,,,
2586,0.0006151367560960352,adam,2587,34.34569311141968,1.9148584924156876e-06,0.0,0.010843134975669789,1.2757993983106752e-05,,,,
2587,0.0006148861721158028,adam,2588,34.35586977005005,1.9229598122516475e-06,0.0,0.010088498150118037,1.2011458441547635e-05,,,,
2588,0.0006146355299279094,adam,2589,34.36632704734802,1.959686950417405e-06,0.0,0.009251544056009628,1.1211231445851797e-05,,,,
2589,0.000614384887740016,adam,2590,34.38059425354004,2.000699330027135e-06,0.0,0.009626398037511145,1.1627097824767652e-05,,,,
2590,0.0006141342455521226,adam,2591,34.391947746276855,1.9809682474343016e-06,0.0,0.010488724817482423,1.2469693563104421e-05,,,,
2591,0.0006138834869489074,adam,2592,34.40479254722595,2.0062432813318537e-06,0.0,0.009454513790165644,1.1460757520562806e-05,,,,
2592,0.0006136327865533531,adam,2593,34.41621947288513,1.9978513987299057e-06,0.0,0.010607577783757881,1.2605429686320696e-05,,,,
2593,0.0006133820279501379,adam,2594,34.428539752960205,2.032396902169887e-06,0.0,0.009687462690623504,1.1719860052923178e-05,,,,
2594,0.0006131311529316008,adam,2595,34.44127869606018,2.017119349560412e-06,0.0,0.011397954917172933,1.3415074808107154e-05,,,,
2595,0.0006128803943283856,adam,2596,34.45482659339905,2.0290255129993136e-06,0.0,0.010169913173172309,1.2198939169216577e-05,,,,
2596,0.0006126295193098485,adam,2597,34.46839499473572,2.0079761348714297e-06,0.0,0.009652062434227194,1.1660039027546989e-05,,,,
2597,0.0006123785860836506,adam,2598,34.479843854904175,2.0245839817327706e-06,0.0,0.01010154003935468,1.2126124500884857e-05,,,,
2598,0.0006121277110651135,adam,2599,34.493027687072754,1.997018116425871e-06,0.0,0.010261121885436797,1.2258140489239806e-05,,,,
2599,0.0006118767196312547,adam,2600,34.50467848777771,2.008713793251378e-06,0.0,0.01110164636975812,1.3110360690309405e-05,0.0003475885291910282,0.0,0.010098299483018405,0.0003576868291536901
2600,0.0006116257864050567,adam,2601,34.52525448799133,1.996039975423985e-06,0.0,0.010221947031351392,1.2217987492291808e-05,,,,
2601,0.000611374678555876,adam,2602,34.53593611717224,1.9799624834829478e-06,0.0,0.009863521036545763,1.184348398852082e-05,,,,
2602,0.0006111236871220171,adam,2603,34.546311140060425,1.9520581187806313e-06,0.0,0.010259057852548199,1.221111645860793e-05,,,,
2603,0.0006108726374804974,adam,2604,34.55644917488098,1.9337140990840975e-06,0.0,0.010782052919103061,1.2715767530307193e-05,,,,
2604,0.0006106215878389776,adam,2605,34.56669282913208,1.9134998550281833e-06,0.0,0.010119401056344558,1.2032901392018499e-05,,,,
2605,0.0006103705381974578,adam,2606,34.5788848400116,1.8833797587859778e-06,0.0,0.010244158786124662,1.2127539031482072e-05,,,,
2606,0.0006101193721406162,adam,2607,34.59153175354004,1.872446618301677e-06,0.0,0.010208193449291065,1.2080640552455914e-05,,,,
2607,0.0006098682060837746,adam,2608,34.60388493537903,1.8688733535934408e-06,0.0,0.009890937600404551,1.1759811423792319e-05,,,,
2608,0.000609616981819272,adam,2609,34.6169798374176,1.8777364510627152e-06,0.0,0.010490858706044168,1.2368595655395932e-05,,,,
2609,0.0006093657575547695,adam,2610,34.62956118583679,1.880228624474e-06,0.0,0.011212555397444281,1.3092784554486084e-05,,,,
2610,0.000609114533290267,adam,2611,34.64194583892822,1.8761276763973854e-06,0.0,0.008925177303554174,1.0801305403874733e-05,,,,
2611,0.0006088632508181036,adam,2612,34.65455341339111,1.8782824973932499e-06,0.0,0.010678459744793051,1.2556742749385923e-05,,,,
2612,0.0006086119683459401,adam,2613,34.66827392578125,1.8700515011310909e-06,0.0,0.009731003291705235,1.160105525503418e-05,,,,
2613,0.0006083606276661158,adam,2614,34.67922782897949,1.8611551584990744e-06,0.0,0.010822629343734567,1.2683785016280952e-05,,,,
2614,0.0006081092869862914,adam,2615,34.691341400146484,1.8584295446548605e-06,0.0,0.009259505826864932,1.1117935811322719e-05,,,,
2615,0.0006078578880988061,adam,2616,34.7026846408844,1.856729391796575e-06,0.0,0.00995165989431459,1.1808389758789646e-05,,,,
2616,0.00060760643100366,adam,2617,34.71404147148132,1.8680557105314306e-06,0.0,0.009530213729504694,1.1398269892696986e-05,,,,
2617,0.0006073550321161747,adam,2618,34.725449562072754,1.8599608037327034e-06,0.0,0.01009996953842764,1.1959930821883154e-05,,,,
2618,0.0006071036332286894,adam,2619,34.73578977584839,1.8653264337320783e-06,0.0,0.009617812745097536,1.1483139635651207e-05,,,,
2619,0.0006068521179258823,adam,2620,34.74623513221741,1.8628463535855538e-06,0.0,0.011017301594706628,1.2880148471585927e-05,0.00034179271686188815,0.0,0.01002283352349387,0.00035181555086144105
2620,0.0006066006026230752,adam,2621,34.765942096710205,1.8830175945846214e-06,0.0,0.010249887952369854,1.213290603379803e-05,,,,
2621,0.0006063490291126072,adam,2622,34.777342796325684,1.8898494146531886e-06,0.0,0.010681718996573789,1.2571568918581406e-05,,,,
2622,0.0006060975138098001,adam,2623,34.78962302207947,1.9009617631834317e-06,0.0,0.010396147961429566,1.2297110218403529e-05,,,,
2623,0.0006058458238840103,adam,2624,34.802608251571655,1.8873886315507057e-06,0.0,0.008918208952448414,1.0805598007591314e-05,,,,
2624,0.0006055942503735423,adam,2625,34.81612300872803,1.8659357348943696e-06,0.0,0.011052359618048943,1.2918295877902225e-05,,,,
2625,0.0006053426186554134,adam,2626,34.828641176223755,1.8480626746687669e-06,0.0,0.009806886702809211,1.1654949843280102e-05,,,,
2626,0.0006050909869372845,adam,2627,34.84296751022339,1.8444976461850873e-06,0.0,0.010398485590931615,1.2242983731018264e-05,,,,
2627,0.0006048392970114946,adam,2628,34.85717296600342,1.8405276095375539e-06,0.0,0.010281314229486891,1.2121842327360668e-05,,,,
2628,0.0006045875488780439,adam,2629,34.8715763092041,1.8324164286448247e-06,0.0,0.011110702236477473,1.2943119192852336e-05,,,,
2629,0.0006043357425369322,adam,2630,34.88393807411194,1.843443159373502e-06,0.0,0.009460470481517016,1.1303914090238754e-05,,,,
2630,0.0006040839944034815,adam,2631,34.896421909332275,1.8715239949504989e-06,0.0,0.010375548786244068,1.2247073274006691e-05,,,,
2631,0.0006038321298547089,adam,2632,34.90872764587402,1.9398188470356295e-06,0.0,0.009976125821262791,1.1915945142138971e-05,,,,
2632,0.0006035803235135972,adam,2633,34.92136883735657,1.968827284630761e-06,0.0,0.010148798803609952,1.2117626570282789e-05,,,,
2633,0.0006033285171724856,adam,2634,34.93211483955383,2.0095837250518604e-06,0.0,0.008748675184344622,1.0758259324936256e-05,,,,
2634,0.0006030765944160521,adam,2635,34.94227576255798,2.048695090312073e-06,0.0,0.009586367031212848,1.1635062576852923e-05,,,,
2635,0.0006028247880749404,adam,2636,34.9524290561676,2.0787491058310586e-06,0.0,0.009667984134324788,1.1746733699360452e-05,,,,
2636,0.0006025727489031851,adam,2637,34.96283316612244,2.0649567894961457e-06,0.0,0.009089779933556585,1.115473715479411e-05,,,,
2637,0.0006023208261467516,adam,2638,34.97363829612732,2.097431965634373e-06,0.0,0.009887048749210349,1.1984481184454338e-05,,,,
2638,0.0006020687869749963,adam,2639,34.98494219779968,2.0706633477756497e-06,0.0,0.010161035433840393,1.2231699264239328e-05,,,,
2639,0.0006018168642185628,adam,2640,34.99753785133362,2.095759173887635e-06,0.0,0.009928602273873564,1.2024361919344502e-05,0.0003419844636285927,0.0,0.009937062043705187,0.00035192152614428303
2640,0.0006015648250468075,adam,2641,35.018481731414795,2.1159829980616705e-06,0.0,0.009749605944537741,1.1865589405680845e-05,,,,
2641,0.0006013127276673913,adam,2642,35.030678510665894,2.186347709604103e-06,0.0,0.010368266311475988,1.2554614513546315e-05,,,,
2642,0.000601060688495636,adam,2643,35.04341268539429,2.174447374899459e-06,0.0,0.010376357642935492,1.2550805510685494e-05,,,,
2643,0.0006008085329085588,adam,2644,35.057044982910156,2.1896130656062893e-06,0.0,0.01062443301393213,1.2814046584171909e-05,,,,
2644,0.0006005563773214817,adam,2645,35.07145643234253,2.175976623025981e-06,0.0,0.010848697223968817,1.3024674362280265e-05,,,,
2645,0.0006003042799420655,adam,2646,35.08378529548645,2.196526987437357e-06,0.0,0.009752382158950666,1.194890960960132e-05,,,,
2646,0.0006000520661473274,adam,2647,35.09555506706238,2.168543548780084e-06,0.0,0.008901639050696741,1.1070183022281992e-05,,,,
2647,0.0005997999105602503,adam,2648,35.10765075683594,2.1952532512440076e-06,0.0,0.010591573756725339,1.2786827511042106e-05,,,,
2648,0.0005995476967655122,adam,2649,35.119232416152954,2.1525629196564393e-06,0.0,0.009218826329571609,1.1371389687098803e-05,,,,
2649,0.0005992954247631133,adam,2650,35.129908084869385,2.1428111012613905e-06,0.0,0.00987528207126202,1.2018093641574139e-05,,,,
2650,0.0005990430945530534,adam,2651,35.1400306224823,2.1061239640463265e-06,0.0,0.009925716379835355,1.2031840815327913e-05,,,,
2651,0.0005987908807583153,adam,2652,35.15036940574646,2.0934322417831477e-06,0.0,0.008751668871233183,1.0845101528698298e-05,,,,
2652,0.0005985384923405945,adam,2653,35.16061234474182,2.088577914173681e-06,0.0,0.009830825225973831,1.1919403607086655e-05,,,,
2653,0.0005982861039228737,adam,2654,35.17117786407471,2.143126248600521e-06,0.0,0.009463967931801376,1.1607094629916254e-05,,,,
2654,0.0005980338319204748,adam,2655,35.18186640739441,2.092044356195913e-06,0.0,0.009809749631565026,1.1901794453699043e-05,,,,
2655,0.0005977813270874321,adam,2656,35.19265961647034,2.001192834105009e-06,0.0,0.009487090593440328,1.148828387815796e-05,,,,
2656,0.0005975289386697114,adam,2657,35.20486354827881,1.9171790726468714e-06,0.0,0.009783258608493495,1.1700438145820216e-05,,,,
2657,0.0005972764920443296,adam,2658,35.21656823158264,1.89851497425695e-06,0.0,0.00972969411072886,1.1628209547121484e-05,,,,
2658,0.000597023987211287,adam,2659,35.227736711502075,1.8403627091325619e-06,0.0,0.009477153085229836,1.1317516244503014e-05,,,,
2659,0.0005967714823782444,adam,2660,35.239866495132446,1.8197434850287642e-06,0.0,0.010013609171460013,1.1833353132109691e-05,0.00033714342044410795,0.0,0.009827735488752343,0.0003469711563996527
2660,0.0005965190357528627,adam,2661,35.263935804367065,1.798482966590654e-06,0.0,0.010040459101108415,1.1838942544595286e-05,,,,
2661,0.0005962664727121592,adam,2662,35.277897357940674,1.7857617554089759e-06,0.0,0.009475318682844737,1.12610808883072e-05,,,,
2662,0.0005960139096714556,adam,2663,35.29126048088074,1.7706599937893704e-06,0.0,0.00989856067486258,1.1669221138808353e-05,,,,
2663,0.0005957613466307521,adam,2664,35.30410647392273,1.7754937138093901e-06,0.0,0.00916658674780828,1.0942080897007178e-05,,,,
2664,0.0005955087253823876,adam,2665,35.3152060508728,1.767222341704021e-06,0.0,0.010840363239140442,1.2607586095734089e-05,,,,
2665,0.0005952559877187014,adam,2666,35.32610774040222,1.7665891060118284e-06,0.0,0.010329369433215815,1.2095959029846367e-05,,,,
2666,0.0005950033664703369,adam,2667,35.33818745613098,1.7618125068020412e-06,0.0,0.010053183892662115,1.1814996876964768e-05,,,,
2667,0.0005947506870143116,adam,2668,35.34914803504944,1.7802460546883895e-06,0.0,0.00980943003203056,1.1589676552641875e-05,,,,
2668,0.0005944980075582862,adam,2669,35.359981060028076,1.7667922442842895e-06,0.0,0.009821817778413757,1.158861048920936e-05,,,,
2669,0.0005942452698945999,adam,2670,35.370219230651855,1.7718858560128155e-06,0.0,0.009155364892975446,1.092725118384476e-05,,,,
2670,0.0005939924740232527,adam,2671,35.381147384643555,1.769972482517151e-06,0.0,0.008980686969362682,1.0750659878439575e-05,,,,
2671,0.0005937397363595665,adam,2672,35.39165186882019,1.788151190330263e-06,0.0,0.01043503922758073,1.2223190913548762e-05,,,,
2672,0.0005934869986958802,adam,2673,35.40354013442993,1.7990216507380073e-06,0.0,0.009694619924245109,1.1493642035452853e-05,,,,
2673,0.0005932340282015502,adam,2674,35.4153778553009,1.81414758999594e-06,0.0,0.009715442310654274,1.1529590362108962e-05,,,,
2674,0.0005929812323302031,adam,2675,35.42705059051514,1.812325128830674e-06,0.0,0.009553376807992595,1.1365702390584318e-05,,,,
2675,0.000592728320043534,adam,2676,35.439616680145264,1.845868137506511e-06,0.0,0.009412099442488619,1.1257968027045866e-05,,,,
2676,0.0005924755241721869,adam,2677,35.45123624801636,1.8444567592846395e-06,0.0,0.009778728614275672,1.1623185838024997e-05,,,,
2677,0.0005922226700931787,adam,2678,35.464566469192505,1.8607753738617376e-06,0.0,0.009403693169010987,1.1264468989524183e-05,,,,
2678,0.0005919696413911879,adam,2679,35.47813081741333,1.8649367113596997e-06,0.0,0.009567076591907236,1.143201375767869e-05,,,,
2679,0.0005917167291045189,adam,2680,35.49205017089844,1.9056096508859777e-06,0.0,0.009253414553410456,1.115902464381004e-05,0.0003366768709940606,0.0,0.009737298927248844,0.00034641417038380637
2680,0.000591463700402528,adam,2681,35.514742851257324,1.9074575434196783e-06,0.0,0.010327334966034094,1.2234792999975862e-05,,,,
2681,0.0005912106717005372,adam,2682,35.525784492492676,1.959016752250543e-06,0.0,0.009453380832283177,1.1412398033545216e-05,,,,
2682,0.0005909576429985464,adam,2683,35.537190675735474,1.945968222033114e-06,0.0,0.009592206295588913,1.153817497322738e-05,,,,
2683,0.0005907046725042164,adam,2684,35.548686027526855,1.9772971724417108e-06,0.0,0.009852942325581085,1.1830239966012444e-05,,,,
2684,0.0005904515855945647,adam,2685,35.55924963951111,2.021705826691014e-06,0.0,0.010261651294298003,1.22833576083913e-05,,,,
2685,0.0005901984986849129,adam,2686,35.56948709487915,2.1889231500052358e-06,0.0,0.009539307593667492,1.1728231196765525e-05,,,,
2686,0.0005899453535676003,adam,2687,35.580162048339844,2.3029234501233337e-06,0.0,0.010007624684164837,1.2310548609624836e-05,,,,
2687,0.0005896921502426267,adam,2688,35.5903217792511,2.4455397333555494e-06,0.0,0.009258590980815221,1.1704131153930246e-05,,,,
2688,0.0005894390633329749,adam,2689,35.60112476348877,2.5607265669504577e-06,0.0,0.009901818842536287,1.2462545879797904e-05,,,,
2689,0.0005891858600080013,adam,2690,35.613669633865356,2.769673554637495e-06,0.0,0.010506598598563302,1.3276272652237452e-05,,,,
2690,0.0005889326566830277,adam,2691,35.625669717788696,3.0217842684845953e-06,0.0,0.009004005915557327,1.2025790611709255e-05,,,,
2691,0.0005886794533580542,adam,2692,35.63801693916321,3.3893723904412704e-06,0.0,0.009822573403728118,1.3211946260716591e-05,,,,
2692,0.0005884261918254197,adam,2693,35.65021514892578,3.7543671400634455e-06,0.0,0.01063382246954126,1.438819011468417e-05,,,,
2693,0.0005881729302927852,adam,2694,35.6618537902832,4.326084475495342e-06,0.0,0.009451519320697752,1.3777604245116172e-05,,,,
2694,0.0005879196687601507,adam,2695,35.67400765419006,5.123189912277929e-06,0.0,0.009447984915634325,1.4571175276667458e-05,,,,
2695,0.0005876662908121943,adam,2696,35.68728470802307,6.36531983316895e-06,0.0,0.009030213349435889,1.5395533611516956e-05,,,,
2696,0.0005874129710718989,adam,2697,35.70635676383972,7.984236521239524e-06,0.0,0.010083966364590729,1.8068203364792952e-05,,,,
2697,0.0005871596513316035,adam,2698,35.71851301193237,1.0508402049683161e-05,0.0,0.00909457606299837,1.9602978544650715e-05,,,,
2698,0.0005869062733836472,adam,2699,35.73045492172241,1.3428329928438698e-05,0.0,0.009857442413220185,2.3285772809862272e-05,,,,
2699,0.0005866529536433518,adam,2700,35.74160838127136,1.7354120580866625e-05,0.0,0.00937837999293371,2.6732501019249482e-05,0.00036927213303070974,0.0,0.009980563092188591,0.0003792526965969496
2700,0.0005863994010724127,adam,2701,35.762423515319824,2.186105757996893e-05,0.0,0.010192539782797473,3.2053597846886064e-05,,,,
2701,0.0005861460231244564,adam,2702,35.77256894111633,2.757427284858329e-05,0.0,0.009785446331192426,3.735971964455948e-05,,,,
2702,0.0005858925287611783,adam,2703,35.78303027153015,3.34150338739971e-05,0.0,0.010009894947656927,4.3424929297098525e-05,,,,
2703,0.000585639092605561,adam,2704,35.793373107910156,3.9903502014621144e-05,0.0,0.010124126058678937,5.002762855417027e-05,,,,
2704,0.0005853856564499438,adam,2705,35.80499482154846,4.4554627612701644e-05,0.0,0.010174639209556163,5.472926730552724e-05,,,,
2705,0.0005851321038790047,adam,2706,35.81691789627075,4.739667369438455e-05,0.0,0.009885023386276115,5.7281697550174085e-05,,,,
2706,0.0005848785513080657,adam,2707,35.828155755996704,4.598329606408074e-05,0.0,0.010635862380599874,5.661915894985697e-05,,,,
2707,0.0005846249987371266,adam,2708,35.84330105781555,4.022470789074971e-05,0.0,0.009492810549368907,4.971751889100292e-05,,,,
2708,0.0005843713879585266,adam,2709,35.85460042953491,3.0383927765512083e-05,0.0,0.009965980166807045,4.034990840567779e-05,,,,
2709,0.0005841178353875875,adam,2710,35.866310119628906,1.8738113988645172e-05,0.0,0.009444745344495409,2.818285978174191e-05,,,,
2710,0.0005838641664013267,adam,2711,35.879528760910034,8.47003946665782e-06,0.0,0.00912280201494999,1.7592841914917655e-05,,,,
2711,0.0005836105556227267,adam,2712,35.89326477050781,2.6433135377956875e-06,0.0,0.0092572409462451,1.1900554923736138e-05,,,,
2712,0.0005833568866364658,adam,2713,35.90583324432373,2.166933280669036e-06,0.0,0.010619848112671446,1.2786781897756201e-05,,,,
2713,0.0005831032176502049,adam,2714,35.917781352996826,5.674291796694507e-06,0.0,0.010022220500632917,1.5696512773357355e-05,,,,
2714,0.000582849548663944,adam,2715,35.92903971672058,1.0807976791954127e-05,0.0,0.010586556699669208,2.1394533994457795e-05,,,,
2715,0.0005825958214700222,adam,2716,35.94164705276489,1.4190962543310928e-05,0.0,0.010058979930576924,2.4249942951663764e-05,,,,
2716,0.0005823420360684395,adam,2717,35.95395112037659,1.4983872595431647e-05,0.0,0.00985955535171727,2.484342841545267e-05,,,,
2717,0.0005820882506668568,adam,2718,35.96623182296753,1.2299862550456553e-05,0.0,0.010690062918120132,2.2989925976327427e-05,,,,
2718,0.000581834465265274,adam,2719,35.97593927383423,8.048834504585038e-06,0.0,0.010294771744705684,1.834360673826614e-05,,,,
2719,0.0005815806798636913,adam,2720,35.98577117919922,4.0095382561275405e-06,0.0,0.010179797260903149,1.4189336000545115e-05,0.00033035128733553443,0.0,0.009588103224453224,0.0003399393910153981
2720,0.0005813268944621086,adam,2721,36.004127502441406,1.8787091004138267e-06,0.0,0.008986486368913766,1.0865195896162791e-05,,,,
2721,0.0005810729926452041,adam,2722,36.01572585105896,2.116672837016015e-06,0.0,0.009389705002320376,1.1506378285323447e-05,,,,
2722,0.0005808191490359604,adam,2723,36.026912689208984,3.9742337316317854e-06,0.0,0.010173148044171704,1.4147382259002093e-05,,,,
2723,0.0005805653054267168,adam,2724,36.038673639297485,6.002760059376427e-06,0.0,0.009329973430596735,1.533273393312312e-05,,,,
2724,0.0005803114036098123,adam,2725,36.05128526687622,6.712470618961781e-06,0.0,0.010531784744565325,1.724425586376004e-05,,,,
2725,0.0005800574435852468,adam,2726,36.06359815597534,6.223137989562847e-06,0.0,0.010319501326406383,1.6542639806119243e-05,,,,
2726,0.0005798035417683423,adam,2727,36.07546424865723,4.5095104620131144e-06,0.0,0.009668687975896855,1.4178198897148004e-05,,,,
2727,0.0005795495817437768,adam,2728,36.08916735649109,2.7974785456027862e-06,0.0,0.010547028000620868,1.3344507047180602e-05,,,,
2728,0.0005792956217192113,adam,2729,36.101438999176025,1.7887204823676827e-06,0.0,0.010265463319751294,1.205418428970232e-05,,,,
2729,0.0005790415452793241,adam,2730,36.11358165740967,1.9018908242711671e-06,0.0,0.00930260470678781,1.1204495972908991e-05,,,,
2730,0.0005787875852547586,adam,2731,36.12535119056702,2.9642156940557728e-06,0.0,0.01042885565578712,1.3393071845186957e-05,,,,
2731,0.0005785335670225322,adam,2732,36.13679504394531,4.036251073504183e-06,0.0,0.008968080633836677,1.3004332133301835e-05,,,,
2732,0.0005782795487903059,adam,2733,36.147855281829834,4.476641925766177e-06,0.0,0.010022401470544891,1.4499043872349594e-05,,,,
2733,0.0005780254723504186,adam,2734,36.158997535705566,3.994679497931339e-06,0.0,0.01032089305027983,1.4315573038427285e-05,,,,
2734,0.0005777713377028704,adam,2735,36.17017674446106,3.1613515860255184e-06,0.0,0.010157580519179844,1.331893258766455e-05,,,,
2735,0.0005775172612629831,adam,2736,36.18116521835327,2.2054731407163322e-06,0.0,0.009039147485490498,1.1244621055543298e-05,,,,
2736,0.0005772631266154349,adam,2737,36.19127058982849,1.7263407305534596e-06,0.0,0.0097623368816166,1.148867807585618e-05,,,,
2737,0.0005770089919678867,adam,2738,36.201823234558105,1.823948616703998e-06,0.0,0.0090966676126144,1.0920616661386924e-05,,,,
2738,0.0005767548573203385,adam,2739,36.21176290512085,2.2122963346661584e-06,0.0,0.008917057878492687,1.1129354636696369e-05,,,,
2739,0.0005765006062574685,adam,2740,36.22339653968811,2.660990188034041e-06,0.0,0.00850811392373457,1.1169104515882337e-05,0.00033558365256383015,0.0,0.009550308619908453,0.0003451339616373539
2740,0.0005762464716099203,adam,2741,36.24486184120178,2.795772434205162e-06,0.0,0.010007725598785702,1.2803498508332324e-05,,,,
2741,0.0005759922787547112,adam,2742,36.257352113723755,2.7025863386046726e-06,0.0,0.009886260026180274,1.2588846834357102e-05,,,,
2742,0.0005757379694841802,adam,2743,36.26837778091431,2.284050481285679e-06,0.0,0.009090101983577882,1.1374152896620237e-05,,,,
2743,0.0005754837766289711,adam,2744,36.279807567596436,1.9113710218205295e-06,0.0,0.008887201389394004,1.079857283333395e-05,,,,
2744,0.0005752294091507792,adam,2745,36.29383134841919,1.6806209653089836e-06,0.0,0.009656801610358347,1.1337423034340795e-05,,,,
2745,0.0005749751580879092,adam,2746,36.30852508544922,1.7243149755534094e-06,0.0,0.010416323324693343,1.2140638794995564e-05,,,,
2746,0.0005747208488173783,adam,2747,36.32309699058533,1.9508701553116023e-06,0.0,0.009600108165629884,1.1550978776922156e-05,,,,
2747,0.0005744665395468473,adam,2748,36.33411955833435,2.1343947661373016e-06,0.0,0.010227527511784821,1.2361922763703612e-05,,,,
2748,0.0005742122302763164,adam,2749,36.34573435783386,2.2648947363801493e-06,0.0,0.010201007952821632,1.2465903173723659e-05,,,,
2749,0.0005739577463828027,adam,2750,36.35700035095215,2.1860187046076597e-06,0.0,0.01083882906428095,1.3024848283705367e-05,,,,
2750,0.0005737034371122718,adam,2751,36.36807680130005,2.0256670822169926e-06,0.0,0.009831429994384789,1.1857097543569649e-05,,,,
2751,0.0005734491278417408,adam,2752,36.37903642654419,1.7952328270593191e-06,0.0,0.008781037563768985,1.0576270807905208e-05,,,,
2752,0.0005731946439482272,adam,2753,36.38960385322571,1.6865489312737774e-06,0.0,0.010876771502166505,1.2563320950059206e-05,,,,
2753,0.0005729402182623744,adam,2754,36.3993935585022,1.6722736252488047e-06,0.0,0.00999682825923831,1.166910235931098e-05,,,,
2754,0.0005726857925765216,adam,2755,36.409947872161865,1.7048171913849205e-06,0.0,0.009420132137651901,1.1124949776469089e-05,,,,
2755,0.0005724313668906689,adam,2756,36.42024278640747,1.7896569041948006e-06,0.0,0.009782724240271854,1.1572381609121122e-05,,,,
2756,0.0005721767665818334,adam,2757,36.4343204498291,1.8543529570383923e-06,0.0,0.009931498710335204,1.1785852139094472e-05,,,,
2757,0.0005719223408959806,adam,2758,36.4456000328064,1.935285984371194e-06,0.0,0.00915265967214476,1.1087946091243961e-05,,,,
2758,0.000571667798794806,adam,2759,36.4578013420105,1.8916858299679386e-06,0.0,0.009383483700359203,1.1275169976018701e-05,,,,
2759,0.0005714132566936314,adam,2760,36.46922445297241,1.8686514798289963e-06,0.0,0.008774270491042986,1.0642922387627469e-05,0.0003285855564091712,0.0,0.009428195075924318,0.00033801375193291076
2760,0.0005711587145924568,adam,2761,36.49239492416382,1.7584332890853129e-06,0.0,0.009073512217588325,1.0831945937642342e-05,,,,
2761,0.0005709041724912822,adam,2762,36.50583004951477,1.7101009821345752e-06,0.0,0.009369177715633701,1.107927914278034e-05,,,,
2762,0.0005706495721824467,adam,2763,36.519240617752075,1.673773210046441e-06,0.0,0.009244736783845688,1.0918510432993564e-05,,,,
2763,0.0005703950300812721,adam,2764,36.531511545181274,1.6427390259602266e-06,0.0,0.00949897628004539,1.114171575718278e-05,,,,
2764,0.0005701403133571148,adam,2765,36.544747829437256,1.6298872293915746e-06,0.0,0.009288937610800648,1.0918825281393084e-05,,,,
2765,0.0005698857712559402,adam,2766,36.5572943687439,1.6374775855339078e-06,0.0,0.010239665845714325,1.1877143917606263e-05,,,,
2766,0.0005696310545317829,adam,2767,36.56918287277222,1.6703582507048202e-06,0.0,0.009340133901330346,1.1010492595667721e-05,,,,
2767,0.0005693763960152864,adam,2768,36.57984471321106,1.6897801382457785e-06,0.0,0.0093409667293756,1.1030747311293493e-05,,,,
2768,0.0005691217957064509,adam,2769,36.59065341949463,1.7168685946948853e-06,0.0,0.008271798497639014,9.988667485223245e-06,,,,
2769,0.0005688670789822936,adam,2770,36.601003646850586,1.6923646186437794e-06,0.0,0.009570643758511783,1.126300883173675e-05,,,,
2770,0.0005686123622581363,adam,2771,36.611594438552856,1.6712461734712318e-06,0.0,0.009079977648722447,1.0751224253469475e-05,,,,
2771,0.000568357587326318,adam,2772,36.622578620910645,1.641217273120438e-06,0.0,0.008852615809034566,1.0493833502631692e-05,,,,
2772,0.0005681028706021607,adam,2773,36.632317543029785,1.6309835245198234e-06,0.0,0.008625762411956407,1.025674634617796e-05,,,,
2773,0.0005678480956703424,adam,2774,36.644758224487305,1.6405112749080217e-06,0.0,0.009627952159535491,1.1268463891746701e-05,,,,
2774,0.0005675933207385242,adam,2775,36.65642547607422,1.6501567766224104e-06,0.0,0.00859004327545755,1.0240200460085121e-05,,,,
2775,0.0005673386040143669,adam,2776,36.66898059844971,1.6720257246476854e-06,0.0,0.009711533630535674,1.1383559816456456e-05,,,,
2776,0.0005670837708748877,adam,2777,36.6793487071991,1.6489562165430519e-06,0.0,0.009313549827880595,1.0962506486793526e-05,,,,
2777,0.0005668288795277476,adam,2778,36.69049906730652,1.6363865229801011e-06,0.0,0.010286206676606128,1.1922593688154829e-05,,,,
2778,0.0005665740463882685,adam,2779,36.7030611038208,1.639172616938295e-06,0.0,0.00899529741258888,1.0634470456780876e-05,,,,
2779,0.0005663192132487893,adam,2780,36.71593499183655,1.644767502318233e-06,0.0,0.009000646387195005,1.0645414317021001e-05,0.00032482357937730055,0.0,0.00934382842659878,0.00033416740824770736
2780,0.0005660643219016492,adam,2781,36.73845553398132,1.6185637631223958e-06,0.0,0.009551317366971682,1.116988158375731e-05,,,,
2781,0.0005658093723468482,adam,2782,36.74980616569519,1.6074157993699523e-06,0.0,0.008539896687716396,1.0147312892709676e-05,,,,
2782,0.00056555459741503,adam,2783,36.761032819747925,1.6072154989623977e-06,0.0,0.009159885072963187,1.076710100699678e-05,,,,
2783,0.000565299647860229,adam,2784,36.772883892059326,1.6167633142457366e-06,0.0,0.008899742927716697,1.0516506664677541e-05,,,,
2784,0.0005650446400977671,adam,2785,36.78489375114441,1.6228090091490783e-06,0.0,0.009408407404316055,1.1031216860340505e-05,,,,
2785,0.000564789748750627,adam,2786,36.7962121963501,1.6202600444383388e-06,0.0,0.009690102270463878,1.1310362775157377e-05,,,,
2786,0.0005645347409881651,adam,2787,36.80726623535156,1.6142076376158461e-06,0.0,0.008664075965633634,1.0278284014771007e-05,,,,
2787,0.0005642798496410251,adam,2788,36.817620277404785,1.6144583904174979e-06,0.0,0.009213092482355485,1.0827551310371395e-05,,,,
2788,0.0005640248418785632,adam,2789,36.828322410583496,1.6110045336792983e-06,0.0,0.009169053353429511,1.0780058322615475e-05,,,,
2789,0.0005637698341161013,adam,2790,36.83882284164429,1.6076971580582754e-06,0.0,0.009926197236265715,1.153389486579306e-05,,,,
2790,0.0005635147681459785,adam,2791,36.849703788757324,1.6107707429289671e-06,0.0,0.008916614423125729,1.0527385589571155e-05,,,,
2791,0.0005632597603835166,adam,2792,36.86133122444153,1.6185533791428826e-06,0.0,0.009908589006450103,1.152714285622571e-05,,,,
2792,0.0005630047526210546,adam,2793,36.874611616134644,1.6092831471816464e-06,0.0,0.008760273058256733,1.0369556621529022e-05,,,,
2793,0.00056274957023561,adam,2794,36.88628363609314,1.6075183107719816e-06,0.0,0.009671306526972158,1.127882529710655e-05,,,,
2794,0.0005624945624731481,adam,2795,36.89791965484619,1.5993461641444558e-06,0.0,0.00944048548234576,1.1039832094889216e-05,,,,
2795,0.0005622394965030253,adam,2796,36.91058397293091,1.5922859201200465e-06,0.0,0.008613334663883618,1.0205620993115108e-05,,,,
2796,0.0005619843723252416,adam,2797,36.922932386398315,1.5949775050557168e-06,0.0,0.010421818591922163,1.2016796591987702e-05,,,,
2797,0.0005617292481474578,adam,2798,36.93761491775513,1.5984789001715116e-06,0.0,0.008638625665835642,1.0237104976319857e-05,,,,
2798,0.0005614741239696741,adam,2799,36.949321031570435,1.6079365927087233e-06,0.0,0.010205385415218728,1.1813322492657248e-05,,,,
2799,0.0005612189415842295,adam,2800,36.96016025543213,1.6160489064533069e-06,0.0,0.00907673895061564,1.0692788288190913e-05,0.00032103166800618866,0.0,0.00926880573355199,0.0003303004741799853
2800,0.0005609637591987848,adam,2801,36.980894804000854,1.6251719736685093e-06,0.0,0.009285352855495924,1.091052527019503e-05,,,,
2801,0.0005607086350210011,adam,2802,36.991612911224365,1.6184389817769525e-06,0.0,0.009742126107048705,1.136056555155182e-05,,,,
2802,0.0005604533944278955,adam,2803,37.00323534011841,1.6259595800559515e-06,0.0,0.009696275956036041,1.1322235996640388e-05,,,,
2803,0.0005601982120424509,adam,2804,37.01417660713196,1.6121909392385463e-06,0.0,0.008927651397327607,1.053984276060684e-05,,,,
2804,0.0005599429714493454,adam,2805,37.025198221206665,1.621638748222688e-06,0.0,0.008211193866380025,9.832833004613494e-06,,,,
2805,0.0005596877890639007,adam,2806,37.035724401474,1.6277050908813513e-06,0.0,0.009122731745618909,1.0750437269806768e-05,,,,
2806,0.0005594325484707952,adam,2807,37.04673528671265,1.634395044801708e-06,0.0,0.009382483841091485,1.1016879331537263e-05,,,,
2807,0.0005591772496700287,adam,2808,37.058990716934204,1.633249397881876e-06,0.0,0.008540847868076852,1.0174097671627233e-05,,,,
2808,0.0005589219508692622,adam,2809,37.07156300544739,1.6525028602032996e-06,0.0,0.008981896316484182,1.0634399603304665e-05,,,,
2809,0.0005586666520684958,adam,2810,37.08372235298157,1.6116436503036773e-06,0.0,0.009331676517020843,1.0943320610555372e-05,,,,
2810,0.0005584113532677293,adam,2811,37.096107959747314,1.5884009261921112e-06,0.0,0.00900906434572065,1.0597465699820356e-05,,,,
2811,0.0005581561126746237,adam,2812,37.109331130981445,1.5731287520176144e-06,0.0,0.00924457928173617,1.0817708472847739e-05,,,,
2812,0.0005579007556661963,adam,2813,37.12293243408203,1.5727753424841887e-06,0.0,0.009916147692635461,1.1488923506111392e-05,,,,
2813,0.000557645398657769,adam,2814,37.13554263114929,1.573893524648652e-06,0.0,0.008851838987415796,1.0425732932504238e-05,,,,
2814,0.0005573899834416807,adam,2815,37.148557901382446,1.570616822900623e-06,0.0,0.008663187568153936,1.023380480253389e-05,,,,
2815,0.0005571346264332533,adam,2816,37.16117477416992,1.5775884917782812e-06,0.0,0.009274023668737915,1.0851612601008684e-05,,,,
2816,0.0005568792694248259,adam,2817,37.17429256439209,1.5763390973139694e-06,0.0,0.009092528755662688,1.06688682848486e-05,,,,
2817,0.0005566238542087376,adam,2818,37.18553614616394,1.5913269102515022e-06,0.0,0.009854421044419193,1.1445748422730579e-05,,,,
2818,0.0005563684972003102,adam,2819,37.197269439697266,1.5965750073964417e-06,0.0,0.008731144604890937,1.0327720026994495e-05,,,,
2819,0.0005561130819842219,adam,2820,37.207233905792236,1.619656192209177e-06,0.0,0.009114428445947108,1.0734085071068407e-05,0.0003202566004254453,0.0,0.00917278700111364,0.0003294293878622429
2820,0.0005558576667681336,adam,2821,37.22525477409363,1.6204134102497605e-06,0.0,0.00868602233833807,1.0306436161151752e-05,,,,
2821,0.0005556021351367235,adam,2822,37.23620963096619,1.6264070930308068e-06,0.0,0.00875771444765207,1.0384121956651992e-05,,,,
2822,0.0005553467781282961,adam,2823,37.24703598022461,1.6081997866410315e-06,0.0,0.00951659765423912,1.1124797892894285e-05,,,,
2823,0.000555091246496886,adam,2824,37.25748133659363,1.6006057702473435e-06,0.0,0.00911182717473228,1.0712433377768192e-05,,,,
2824,0.0005548357730731368,adam,2825,37.26906943321228,1.5680589003266988e-06,0.0,0.008878578422620936,1.0446637744657483e-05,,,,
2825,0.0005545802996493876,adam,2826,37.28119111061096,1.559877046770403e-06,0.0,0.009015038881648313,1.0574916356610086e-05,,,,
2826,0.0005543248262256384,adam,2827,37.29400897026062,1.5711939712782373e-06,0.0,0.00976464348053266,1.1335837915606577e-05,,,,
2827,0.0005540692945942283,adam,2828,37.30650973320007,1.5917071550670411e-06,0.0,0.008789773083979184,1.0381480656538044e-05,,,,
2828,0.0005538137629628181,adam,2829,37.320104122161865,1.6366606446553713e-06,0.0,0.009698734243416446,1.1335395348736974e-05,,,,
2829,0.0005535581731237471,adam,2830,37.333088636398315,1.6334902286824494e-06,0.0,0.00922543835836217,1.085892902522943e-05,,,,
2830,0.0005533026996999979,adam,2831,37.34663200378418,1.6638803042375e-06,0.0,0.00972062857443733,1.1384509340379913e-05,,,,
2831,0.000553047051653266,adam,2832,37.35957622528076,1.6609194916338747e-06,0.0,0.01011210310255245,1.1773023074485448e-05,,,,
2832,0.0005527915200218558,adam,2833,37.3719220161438,1.6626753023085997e-06,0.0,0.008586618425609273,1.0249294135760363e-05,,,,
2833,0.0005525359301827848,adam,2834,37.38391447067261,1.6529129935466345e-06,0.0,0.009203931245708407,1.0856844676418319e-05,,,,
2834,0.0005522803403437138,adam,2835,37.396204233169556,1.6667729283907097e-06,0.0,0.009283140837327114,1.0949914206643354e-05,,,,
2835,0.0005520246922969818,adam,2836,37.40788531303406,1.657464429156746e-06,0.0,0.00869059770462199,1.0348062546559977e-05,,,,
2836,0.0005517691024579108,adam,2837,37.41908288002014,1.630035376984965e-06,0.0,0.008926190809766404,1.0556226610722681e-05,,,,
2837,0.0005515134544111788,adam,2838,37.42963624000549,1.5864541212780374e-06,0.0,0.009235526464329636,1.0821981024271641e-05,,,,
2838,0.000551257748156786,adam,2839,37.440021276474,1.5572749228739667e-06,0.0,0.009800624675700028,1.1357900064078688e-05,,,,
2839,0.0005510021583177149,adam,2840,37.45016884803772,1.544203423289113e-06,0.0,0.008301440243764217,9.845644061350584e-06,0.00031721479534996765,0.0,0.009091520023217853,0.00032630631580500953
2840,0.0005507464520633221,adam,2841,37.46850109100342,1.5474700892280133e-06,0.0,0.009492555450770556,1.104002599087076e-05,,,,
2841,0.0005504907458089292,adam,2842,37.48026633262634,1.5626678907611288e-06,0.0,0.008109822119103625,9.672490395060636e-06,,,,
2842,0.0005502350977621973,adam,2843,37.49273467063904,1.5808983150616304e-06,0.0,0.009537590841086496,1.1118489609159382e-05,,,,
2843,0.0005499793333001435,adam,2844,37.505377531051636,1.6288644363734176e-06,0.0,0.009701623776655375,1.1330488673831196e-05,,,,
2844,0.0005497236852534115,adam,2845,37.51653051376343,1.6473074916185696e-06,0.0,0.009117620378676373,1.0764928303358673e-05,,,,
2845,0.0005494679207913578,adam,2846,37.530338525772095,1.6618071186156004e-06,0.0,0.0086659094250267,1.0327716955250913e-05,,,,
2846,0.0005492122145369649,adam,2847,37.544159173965454,1.6341424770314512e-06,0.0,0.00917023018657146,1.0804373099165471e-05,,,,
2847,0.0005489565664902329,adam,2848,37.55819368362427,1.6120928915374277e-06,0.0,0.009302134465447136,1.0914227798812243e-05,,,,
2848,0.0005487007438205183,adam,2849,37.5708909034729,1.582198133629984e-06,0.0,0.009293151471956501,1.0875350046987495e-05,,,,
2849,0.0005484449793584645,adam,2850,37.584115982055664,1.5566775392755782e-06,0.0,0.008502385722640813,1.0059063665758043e-05,,,,
2850,0.0005481891566887498,adam,2851,37.596455574035645,1.5424748265213261e-06,0.0,0.009116147818375369,1.0658623077890483e-05,,,,
2851,0.000547933392226696,adam,2852,37.60719895362854,1.53736137223321e-06,0.0,0.009299705826867122,1.0837067640812656e-05,,,,
2852,0.0005476776277646422,adam,2853,37.617594957351685,1.5475346478238717e-06,0.0,0.009507515135095238,1.1055050234501846e-05,,,,
2853,0.0005474218050949275,adam,2854,37.628199338912964,1.5947823141168685e-06,0.0,0.008911826443515174,1.0506609180921086e-05,,,,
2854,0.0005471660406328738,adam,2855,37.63836646080017,1.59784370165323e-06,0.0,0.009423623537363321,1.102146768661465e-05,,,,
2855,0.0005469101597554982,adam,2856,37.64896750450134,1.5847508457679128e-06,0.0,0.007933083912490091,9.517835135059271e-06,,,,
2856,0.0005466543370857835,adam,2857,37.659987926483154,1.5385033568459342e-06,0.0,0.009145744460740898,1.0684248251986384e-05,,,,
2857,0.0005463984562084079,adam,2858,37.67079448699951,1.5226916111305466e-06,0.0,0.010336738023142429,1.1859430125241686e-05,,,,
2858,0.0005461425171233714,adam,2859,37.68201422691345,1.5433407047439926e-06,0.0,0.007862731233290796,9.406072311494482e-06,,,,
2859,0.0005458866944536567,adam,2860,37.692508697509766,1.5850711480231295e-06,0.0,0.009673791721328442,1.1258863328832023e-05,0.0003151145340786324,0.0,0.009058571136938157,0.0003241731056458296
2860,0.0005456308135762811,adam,2861,37.71554946899414,1.6480967248147766e-06,0.0,0.008548316170549124,1.0196413301387132e-05,,,,
2861,0.0005453749326989055,adam,2862,37.72889733314514,1.6834039508629775e-06,0.0,0.009577580462706417,1.1260984868480056e-05,,,,
2862,0.0005451191100291908,adam,2863,37.741827726364136,1.7033180650367793e-06,0.0,0.008729204352484282,1.043252283213602e-05,,,,
2863,0.0005448631127364933,adam,2864,37.75487947463989,1.7181596903338926e-06,0.0,0.009890855410134385,1.16090155702587e-05,,,,
2864,0.0005446072318591177,adam,2865,37.76897048950195,1.7221172718384274e-06,0.0,0.010335217846906256,1.205733560964119e-05,,,,
2865,0.0005443512345664203,adam,2866,37.78044605255127,1.6664153609905179e-06,0.0,0.00849514034777167,1.0161556112259705e-05,,,,
2866,0.0005440953536890447,adam,2867,37.79180455207825,1.6185728611724042e-06,0.0,0.009656095185388167,1.1274668505200482e-05,,,,
2867,0.0005438394146040082,adam,2868,37.80394220352173,1.5571859308791563e-06,0.0,0.009066142296404553,1.062332865790236e-05,,,,
2868,0.0005435834755189717,adam,2869,37.81469416618347,1.5427953166439107e-06,0.0,0.01034890658973482,1.1891702397925417e-05,,,,
2869,0.0005433275364339352,adam,2870,37.82607555389404,1.5692212943894783e-06,0.0,0.009812843854019196,1.1382065614493746e-05,,,,
2870,0.0005430715391412377,adam,2871,37.83661961555481,1.6135679621494898e-06,0.0,0.007833855257679954,9.447423591917603e-06,,,,
2871,0.0005428155418485403,adam,2872,37.84684228897095,1.649522265447964e-06,0.0,0.009323489379070812,1.0973012087360758e-05,,,,
2872,0.0005425595445558429,adam,2873,37.85691499710083,1.6540199708126142e-06,0.0,0.008602803220135194,1.0256823599559035e-05,,,,
2873,0.0005423035472631454,adam,2874,37.86732053756714,1.6644828178623392e-06,0.0,0.008351847249194723,1.0016330463748519e-05,,,,
2874,0.000542047549970448,adam,2875,37.87815022468567,1.6589141029092132e-06,0.0,0.008972674618789218,1.0631589147877607e-05,,,,
2875,0.0005417915526777506,adam,2876,37.88999319076538,1.6255671461551038e-06,0.0,0.009835440755913149,1.1461008369226621e-05,,,,
2876,0.0005415354971773922,adam,2877,37.90137457847595,1.5671439518175544e-06,0.0,0.009492806187923624,1.1059950590625279e-05,,,,
2877,0.000541279383469373,adam,2878,37.913135051727295,1.5420730334845926e-06,0.0,0.00867428301826901,1.0216356463759936e-05,,,,
2878,0.0005410233861766756,adam,2879,37.92572784423828,1.5039919086499836e-06,0.0,0.010530509154544083,1.2034501563366412e-05,,,,
2879,0.0005407673888839781,adam,2880,37.93812036514282,1.5214021790737674e-06,0.0,0.009649935958418286,1.1171338595839416e-05,0.0003137947216892207,0.0,0.008958783306445594,0.00032275350542118565
2880,0.000540511216968298,adam,2881,37.961804151535034,1.533688475504129e-06,0.0,0.009082365305080763,1.0616054211974097e-05,,,,
2881,0.0005402552196756005,adam,2882,37.97660541534424,1.545771393863106e-06,0.0,0.009170241207327937,1.0716013036754128e-05,,,,
2882,0.0005399991641752422,adam,2883,37.98781204223633,1.5466886807263506e-06,0.0,0.008545953776235685,1.009264286287306e-05,,,,
2883,0.0005397430504672229,adam,2884,38.00067090988159,1.5655110756396176e-06,0.0,0.008581085044194726,1.0146596527414014e-05,,,,
2884,0.0005394869949668646,adam,2885,38.01180934906006,1.555539100370218e-06,0.0,0.009289541459996754,1.0845081001596515e-05,,,,
2885,0.0005392308230511844,adam,2886,38.02245378494263,1.5513100117076322e-06,0.0,0.009912331862081722,1.1463642344599854e-05,,,,
2886,0.0005389747093431652,adam,2887,38.03291893005371,1.5184308555526237e-06,0.0,0.009458568812212506,1.0977000117023041e-05,,,,
2887,0.0005387185956351459,adam,2888,38.04345083236694,1.5059310093283796e-06,0.0,0.008722387517990725,1.022831894161028e-05,,,,
2888,0.0005384624819271266,adam,2889,38.054251194000244,1.4940568925996325e-06,0.0,0.00942480501291625,1.09188623531701e-05,,,,
2889,0.0005382063682191074,adam,2890,38.0646698474884,1.5075710972673112e-06,0.0,0.009926313524192178,1.1433885092934081e-05,,,,
2890,0.0005379502545110881,adam,2891,38.07493185997009,1.5090984264059546e-06,0.0,0.008871881587643194,1.0380980435440912e-05,,,,
2891,0.0005376941408030689,adam,2892,38.086236238479614,1.5158480403161978e-06,0.0,0.00908263169996536,1.0598480171683416e-05,,,,
2892,0.0005374379106797278,adam,2893,38.098177909851074,1.5004932393125075e-06,0.0,0.00833844498159568,9.838938616963072e-06,,,,
2893,0.0005371817387640476,adam,2894,38.111528635025024,1.5035369933632496e-06,0.0,0.009047495188116692,1.0551032611212904e-05,,,,
2894,0.0005369255668483675,adam,2895,38.12252902984619,1.5146141441016716e-06,0.0,0.009208649103875317,1.0723263685364353e-05,,,,
2895,0.0005366693949326873,adam,2896,38.135061502456665,1.5234520553179136e-06,0.0,0.008635269314351438,1.0158721779822637e-05,,,,
2896,0.0005364131648093462,adam,2897,38.147985219955444,1.5272051167301813e-06,0.0,0.007980756040360474,9.507961536156227e-06,,,,
2897,0.0005361570511013269,adam,2898,38.16090106964111,1.5322139518406146e-06,0.0,0.009508015432429406,1.104022983587652e-05,,,,
2898,0.0005359008791856468,adam,2899,38.17603015899658,1.4981441956388687e-06,0.0,0.00831578706231544,9.813931652933e-06,,,,
2899,0.0005356445908546448,adam,2900,38.187244176864624,1.4887834072055439e-06,0.0,0.008218125810869559,9.706909608415133e-06,0.0003103574539611704,0.0,0.008871493570972788,0.00031922894795351653
2900,0.0005353883607313037,adam,2901,38.207603454589844,1.4669513155834429e-06,0.0,0.00863099689604695,1.0097948621580749e-05,,,,
2901,0.0005351321888156235,adam,2902,38.218729734420776,1.4722279913008801e-06,0.0,0.009525244781296318,1.0997473225022048e-05,,,,
2902,0.0005348759586922824,adam,2903,38.231221199035645,1.468095435018023e-06,0.0,0.008649915651498823,1.0118011497365792e-05,,,,
2903,0.0005346197285689414,adam,2904,38.24171710014343,1.46996448952777e-06,0.0,0.009677807961987632,1.1147772911186615e-05,,,,
2904,0.0005343635566532612,adam,2905,38.25163793563843,1.4669171109093717e-06,0.0,0.010955464780666425,1.2422382411932452e-05,,,,
2905,0.0005341072101145983,adam,2906,38.26091170310974,1.4990006282390896e-06,0.0,0.00852446714167339,1.002346817480294e-05,,,,
2906,0.0005338509799912572,adam,2907,38.27123165130615,1.5227140740051037e-06,0.0,0.008404418361630818,9.927132834824373e-06,,,,
2907,0.0005335946334525943,adam,2908,38.28132748603821,1.5412016974417026e-06,0.0,0.00855194198385665,1.0093144087493801e-05,,,,
2908,0.0005333384033292532,adam,2909,38.293299436569214,1.5409521706856677e-06,0.0,0.008830189089152916,1.0371141679250061e-05,,,,
2909,0.0005330821149982512,adam,2910,38.30690383911133,1.559727879299355e-06,0.0,0.008398292036453599,9.95802031465042e-06,,,,
2910,0.0005328258848749101,adam,2911,38.31908965110779,1.5588983148574845e-06,0.0,0.009002748068872841,1.0561646811337915e-05,,,,
2911,0.0005325695965439081,adam,2912,38.331780672073364,1.6051134372836072e-06,0.0,0.00896870301392573,1.057381687719987e-05,,,,
2912,0.0005323132500052452,adam,2913,38.345770835876465,1.6189044213133955e-06,0.0,0.009216904029626615,1.0835808888719461e-05,,,,
2913,0.0005320570198819041,adam,2914,38.35954689979553,1.6647548711654374e-06,0.0,0.0082822610519411,9.94701631649283e-06,,,,
2914,0.0005318006733432412,adam,2915,38.37279438972473,1.6955878088117902e-06,0.0,0.008680515869696061,1.0376104090810233e-05,,,,
2915,0.0005315443268045783,adam,2916,38.38491702079773,1.7584607447019359e-06,0.0,0.007927310112959395,9.685771234188357e-06,,,,
2916,0.0005312880384735763,adam,2917,38.3987340927124,1.795463196854078e-06,0.0,0.008597618499272985,1.0393082104492029e-05,,,,
2917,0.0005310317501425743,adam,2918,38.412798166275024,1.889791358661068e-06,0.0,0.008982261414327269,1.0872053199622862e-05,,,,
2918,0.0005307754618115723,adam,2919,38.42392325401306,1.93382998867877e-06,0.0,0.00889667099084641,1.0830501402094377e-05,,,,
2919,0.0005305190570652485,adam,2920,38.43573617935181,2.0801527799100517e-06,0.0,0.00812737574768564,1.0207528913625326e-05,0.00031250494607412796,0.0,0.008832110036080112,0.0003213370565297108
2920,0.0005302627105265856,adam,2921,38.457823753356934,2.205170525359873e-06,0.0,0.008198519570951787,1.0403690485720445e-05,,,,
2921,0.0005300063639879227,adam,2922,38.46910810470581,2.4131922371825125e-06,0.0,0.009714484468017395,1.212767716661316e-05,,,,
2922,0.0005297500174492598,adam,2923,38.479148864746094,2.554887010352588e-06,0.0,0.008617369792090778,1.1172257211746469e-05,,,,
2923,0.0005294937291182578,adam,2924,38.489073276519775,2.792256645752834e-06,0.0,0.00837063461412178,1.1162891657458425e-05,,,,
2924,0.0005292373243719339,adam,2925,38.4992139339447,2.937426873490589e-06,0.0,0.009083906136278855,1.2021333441231836e-05,,,,
2925,0.0005289809196256101,adam,2926,38.50991678237915,3.086397789768949e-06,0.0,0.008888063826032452,1.197446203796178e-05,,,,
2926,0.0005287246312946081,adam,2927,38.52203679084778,3.199121139264953e-06,0.0,0.008395483682070376,1.1594605220099407e-05,,,,
2927,0.0005284682265482843,adam,2928,38.53329396247864,3.3871730834072647e-06,0.0,0.009561985023689592,1.2949158561266775e-05,,,,
2928,0.0005282118218019605,adam,2929,38.549560546875,3.5983306936823945e-06,0.0,0.009199809133803862,1.2798140264453744e-05,,,,
2929,0.0005279553588479757,adam,2930,38.560697078704834,3.944694913892673e-06,0.0,0.00882385194301992,1.276854727602307e-05,,,,
2930,0.0005276990123093128,adam,2931,38.573264360427856,4.281798843147873e-06,0.0,0.007892418927530901,1.2174218145548558e-05,,,,
2931,0.0005274426657706499,adam,2932,38.58574438095093,4.782638138515938e-06,0.0,0.00993085424901116,1.4713492859217364e-05,,,,
2932,0.0005271862610243261,adam,2933,38.60000252723694,5.305874328153619e-06,0.0,0.007842439373313472,1.3148314073962974e-05,,,,
2933,0.0005269297980703413,adam,2934,38.61292862892151,6.122704942422857e-06,0.0,0.008912630105075195,1.5035335470825267e-05,,,,
2934,0.0005266733933240175,adam,2935,38.62496638298035,6.898811582949175e-06,0.0,0.009312264107658431,1.6211076132916416e-05,,,,
2935,0.0005264169885776937,adam,2936,38.63607716560364,8.143681218568888e-06,0.0,0.008771633652163352,1.691531528736248e-05,,,,
2936,0.0005261605838313699,adam,2937,38.646766662597656,9.441496823656966e-06,0.0,0.010310152947331685,1.9751650260694636e-05,,,,
2937,0.0005259041208773851,adam,2938,38.65878248214722,1.110969399425589e-05,0.0,0.008393994894562835,1.950368928751209e-05,,,,
2938,0.0005256476579234004,adam,2939,38.668567180633545,1.2412532997343592e-05,0.0,0.008941556437636939,2.1354089859681673e-05,,,,
2939,0.0005253912531770766,adam,2940,38.678959131240845,1.3590077228377014e-05,0.0,0.008042402625239028,2.1632480235609667e-05,0.00033240248302569597,0.0,0.008960036544733227,0.0003413625199960081
2940,0.0005251348484307528,adam,2941,38.696839809417725,1.4204834158944953e-05,0.0,0.00830966358809004,2.2514498141722833e-05,,,,
2941,0.000524878385476768,adam,2942,38.70724368095398,1.4696500307891007e-05,0.0,0.008765396995918422,2.3461897720143446e-05,,,,
2942,0.0005246219225227833,adam,2943,38.717912673950195,1.4815020537475632e-05,0.0,0.009641782860039968,2.4456803855475712e-05,,,,
2943,0.0005243654595687985,adam,2944,38.72813558578491,1.4808014778070106e-05,0.0,0.008974291415312259,2.3782306619638334e-05,,,,
2944,0.0005241089966148138,adam,2945,38.74010181427002,1.4033225079594204e-05,0.0,0.008755394573812098,2.2788620069265227e-05,,,,
2945,0.0005238525336608291,adam,2946,38.7522554397583,1.2967529491015967e-05,0.0,0.008775667677427823,2.174319758526564e-05,,,,
2946,0.0005235961289145052,adam,2947,38.76679444313049,1.1173494004395074e-05,0.0,0.008087079777993443,1.9260574166504193e-05,,,,
2947,0.0005233396659605205,adam,2948,38.77910804748535,9.29793946306442e-06,0.0,0.008598413876093159,1.7896353747560324e-05,,,,
2948,0.0005230832030065358,adam,2949,38.791890382766724,7.136937650797823e-06,0.0,0.008332463117498828,1.5469401164067413e-05,,,,
2949,0.0005228266818448901,adam,2950,38.80801224708557,5.223130723567e-06,0.0,0.007885522719581229,1.310865381769046e-05,,,,
2950,0.0005225702188909054,adam,2951,38.82106328010559,3.655813662590285e-06,0.0,0.008225728924742931,1.1881542978034375e-05,,,,
2951,0.0005223136977292597,adam,2952,38.83401608467102,2.63710625653075e-06,0.0,0.008701639504581431,1.133874617441788e-05,,,,
2952,0.000522057234775275,adam,2953,38.845606565475464,2.025720303845701e-06,0.0,0.009234905904293048,1.1260626646773243e-05,,,,
2953,0.0005218007718212903,adam,2954,38.85748648643494,1.8212362029165374e-06,0.0,0.008921938153543717,1.0743174780229578e-05,,,,
2954,0.0005215442506596446,adam,2955,38.86816096305847,2.0085210148640635e-06,0.0,0.008814483610322067,1.0823005043851636e-05,,,,
2955,0.0005212878459133208,adam,2956,38.87859034538269,2.4040774439213842e-06,0.0,0.008601611568272771,1.1005689420748782e-05,,,,
2956,0.0005210312665440142,adam,2957,38.88923406600952,2.933608820903218e-06,0.0,0.008632434170934454,1.1566043401856293e-05,,,,
2957,0.0005207748035900295,adam,2958,38.89946246147156,3.293836556923375e-06,0.0,0.008888593804503252,1.2182430783612178e-05,,,,
2958,0.0005205183406360447,adam,2959,38.90922665596008,3.5528875699720876e-06,0.0,0.008408327620294228,1.1961215589640447e-05,,,,
2959,0.0005202617030590773,adam,2960,38.92026352882385,3.5542368497972705e-06,0.0,0.008329028563118155,1.1883265808523055e-05,0.00030205521459685116,0.0,0.008676468441519244,0.0003107316834504805
2960,0.0005200052401050925,adam,2961,38.94060564041138,3.420836859847382e-06,0.0,0.008217493532079408,1.1638330782236787e-05,,,,
2961,0.0005197487771511078,adam,2962,38.952436685562134,3.070236673646021e-06,0.0,0.008366689773689033,1.1436926844731494e-05,,,,
2962,0.0005194922559894621,adam,2963,38.96505427360535,2.6800446059678996e-06,0.0,0.00903046683318165,1.1710511868073707e-05,,,,
2963,0.0005192357348278165,adam,2964,38.97680401802063,2.258095336533059e-06,0.0,0.008980788428992494,1.1238884192090114e-05,,,,
2964,0.0005189792136661708,adam,2965,38.9894745349884,2.024611895901686e-06,0.0,0.009123729018682213,1.1148341347937774e-05,,,,
2965,0.0005187227507121861,adam,2966,39.00224256515503,1.9396166071874435e-06,0.0,0.009392188549811763,1.1331805603104224e-05,,,,
2966,0.0005184661131352186,adam,2967,39.01623773574829,2.000648141303921e-06,0.0,0.009010499118976702,1.1011147688256366e-05,,,,
2967,0.0005182096501812339,adam,2968,39.02823257446289,2.1168279351007774e-06,0.0,0.008268628602635627,1.038545693047519e-05,,,,
2968,0.0005179531872272491,adam,2969,39.04110860824585,2.2184352054267275e-06,0.0,0.009143692694243907,1.1362128333972734e-05,,,,
2969,0.0005176966078579426,adam,2970,39.05299663543701,2.287596693053833e-06,0.0,0.008661561027781142,1.0949158132237048e-05,,,,
2970,0.0005174400866962969,adam,2971,39.06513500213623,2.279887687083142e-06,0.0,0.00905924461939101,1.1339132736765184e-05,,,,
2971,0.0005171835073269904,adam,2972,39.07776594161987,2.2956071057122195e-06,0.0,0.009057385743416621,1.135299327933158e-05,,,,
2972,0.0005169270443730056,adam,2973,39.08834218978882,2.0663289677515518e-06,0.0,0.00832219112075552,1.0388520483789939e-05,,,,
2973,0.0005166704067960382,adam,2974,39.09857439994812,1.8447471587446543e-06,0.0,0.008750084997207539,1.059483257155893e-05,,,,
2974,0.0005164139438420534,adam,2975,39.10907816886902,1.613324367733569e-06,0.0,0.007987985819833692,9.601310566976228e-06,,,,
2975,0.0005161574226804078,adam,2976,39.120299339294434,1.4660415596721824e-06,0.0,0.008488614614208061,9.954656577067803e-06,,,,
2976,0.0005159008433111012,adam,2977,39.13146758079529,1.3975968084918204e-06,0.0,0.008541522647279346,9.939119861471723e-06,,,,
2977,0.0005156443221494555,adam,2978,39.14325499534607,1.432074758615718e-06,0.0,0.008588455539512038,1.0020530706057504e-05,,,,
2978,0.0005153878009878099,adam,2979,39.15566349029541,1.5241620126260302e-06,0.0,0.008588117642544666,1.0112280063084395e-05,,,,
2979,0.0005151311634108424,adam,2980,39.16976356506348,1.646448624164847e-06,0.0,0.008414763383698762,1.0061212407543423e-05,0.0003025904189808822,0.0,0.008629728921503746,0.00031122014831227605
2980,0.0005148745840415359,adam,2981,39.201297760009766,1.8159921041717823e-06,0.0,0.0077358347783162435,9.55182724992046e-06,,,,
2981,0.0005146180628798902,adam,2982,39.21758508682251,2.007264235177781e-06,0.0,0.009198662379722401,1.1205927051813201e-05,,,,
2982,0.0005143615999259055,adam,2983,39.231168270111084,2.2623795691781484e-06,0.0,0.008731999550927103,1.0994379534852975e-05,,,,
2983,0.000514104962348938,adam,2984,39.24388027191162,2.331843443212787e-06,0.0,0.008707605231690544,1.1039449088492387e-05,,,,
2984,0.0005138484411872923,adam,2985,39.25516605377197,2.3480339798624938e-06,0.0,0.008483496645620828,1.0831531028427789e-05,,,,
2985,0.0005135918618179858,adam,2986,39.26664113998413,2.1991676335041763e-06,0.0,0.008692191196633461,1.0891359242994566e-05,,,,
2986,0.0005133352242410183,adam,2987,39.27799320220947,2.032768841306358e-06,0.0,0.00902746547689925,1.106023474698721e-05,,,,
2987,0.0005130787030793726,adam,2988,39.28829646110535,1.833964200775923e-06,0.0,0.009024715554237988,1.0858680183664899e-05,,,,
2988,0.000512822181917727,adam,2989,39.299461126327515,1.7120586691199445e-06,0.0,0.008010907714235847,9.72296676385349e-06,,,,
2989,0.0005125656607560813,adam,2990,39.31064796447754,1.590446665494283e-06,0.0,0.009144207008167392,1.0734654107988202e-05,,,,
2990,0.0005123090813867748,adam,2991,39.321914196014404,1.4894046920138545e-06,0.0,0.008243478134466607,9.732883218024663e-06,,,,
2991,0.0005120525020174682,adam,2992,39.333686113357544,1.4805229189526243e-06,0.0,0.008344223420993644,9.824746736275614e-06,,,,
2992,0.0005117959808558226,adam,2993,39.34625005722046,1.512087463343365e-06,0.0,0.009909297654327931,1.1421385588337678e-05,,,,
2993,0.0005115393432788551,adam,2994,39.3580105304718,1.6410720641723874e-06,0.0,0.009557247135026294,1.1198319653143561e-05,,,,
2994,0.0005112828221172094,adam,2995,39.37285542488098,1.732375232244676e-06,0.0,0.008537292380873442,1.0269668018617747e-05,,,,
2995,0.0005110263009555638,adam,2996,39.38381910324097,1.7561156538358268e-06,0.0,0.009304936528031181,1.1061052623827779e-05,,,,
2996,0.0005107697215862572,adam,2997,39.39645338058472,1.7839110370268102e-06,0.0,0.008913559813320007,1.069747127371819e-05,,,,
2997,0.0005105132004246116,adam,2998,39.40958070755005,1.8397195121420874e-06,0.0,0.007690467428202516,9.530187305622207e-06,,,,
2998,0.0005102565628476441,adam,2999,39.42254996299744,1.8459157087419545e-06,0.0,0.009357216533267824,1.1203132686453714e-05,,,,
2999,0.0005100000416859984,adam,3000,39.43526482582092,1.9207267647884735e-06,0.0,0.009171482245985331,1.1092209446395836e-05,0.00030344916979753716,0.0,0.008567548774554522,0.0003120167189790284
3000,0.0005097434623166919,adam,3001,39.45716381072998,1.9031127614763633e-06,0.0,0.00997090064989057,1.18740138849593e-05,,,,
3001,0.0005094868829473853,adam,3002,39.46891808509827,1.9033117215056765e-06,0.0,0.008869810252002208,1.0773122394801264e-05,,,,
3002,0.0005092303035780787,adam,3003,39.48028492927551,1.7972696867018967e-06,0.0,0.009020819293690432,1.0818089408858254e-05,,,,
3003,0.0005089737242087722,adam,3004,39.49035716056824,1.7663176889240712e-06,0.0,0.007794905521402115,9.561223580564331e-06,,,,
3004,0.0005087172030471265,adam,3005,39.50002670288086,1.7179229716075773e-06,0.0,0.009241903932939995,1.0959827343514456e-05,,,,
3005,0.0005084606818854809,adam,3006,39.51027464866638,1.7077060265916578e-06,0.0,0.009632141540605788,1.1339848024699619e-05,,,,
3006,0.0005082041025161743,adam,3007,39.52024793624878,1.7059688456051606e-06,0.0,0.00912064001140904,1.0826609290221355e-05,,,,
3007,0.0005079474649392068,adam,3008,39.53196310997009,1.685902313297682e-06,0.0,0.008353019757019131,1.0038922467063964e-05,,,,
3008,0.0005076909437775612,adam,3009,39.54479432106018,1.673668615467819e-06,0.0,0.008578735732022813,1.0252404754958714e-05,,,,
3009,0.0005074343644082546,adam,3010,39.556540727615356,1.6655691800729414e-06,0.0,0.008198531917004218,9.86410148648653e-06,,,,
3010,0.000507177843246609,adam,3011,39.569496393203735,1.6420738781929012e-06,0.0,0.008808049846091966,1.0450124142644786e-05,,,,
3011,0.0005069212638773024,adam,3012,39.581299781799316,1.6031286858617566e-06,0.0,0.007820330745884686,9.423459803192223e-06,,,,
3012,0.0005066646845079958,adam,3013,39.59613585472107,1.5735541867404168e-06,0.0,0.008392331762624031,9.965886347978816e-06,,,,
3013,0.0005064081051386893,adam,3014,39.609100341796875,1.532300857311347e-06,0.0,0.008137024190743861,9.669325434543119e-06,,,,
3014,0.0005061515839770436,adam,3015,39.62138366699219,1.5124204960572731e-06,0.0,0.00901051500995551,1.0522935933989281e-05,,,,
3015,0.000505895062815398,adam,3016,39.63369369506836,1.4905881752366476e-06,0.0,0.008177165599942502,9.667754163573675e-06,,,,
3016,0.0005056384834460914,adam,3017,39.645021200180054,1.483409757871338e-06,0.0,0.008413502017732498,9.896912175223739e-06,,,,
3017,0.0005053819040767848,adam,3018,39.65617823600769,1.4857699613088848e-06,0.0,0.00793955857354767,9.425328911965352e-06,,,,
3018,0.0005051253829151392,adam,3019,39.66807794570923,1.4860905252144472e-06,0.0,0.008587383642172493,1.0073474575265777e-05,,,,
3019,0.0005048688035458326,adam,3020,39.68041205406189,1.5207491614568193e-06,0.0,0.008288525592712679,9.809275147853339e-06,0.00029977701200648043,0.0,0.008486212632580698,0.0003082632250421346
3020,0.000504612282384187,adam,3021,39.700690507888794,1.5625356709160813e-06,0.0,0.008511743097695871,1.0074279172898056e-05,,,,
3021,0.0005043558194302022,adam,3022,39.711886167526245,1.5360239004378856e-06,0.0,0.008995470098661992,1.0531494426361782e-05,,,,
3022,0.0005040991818532348,adam,3023,39.72279477119446,1.5151878185871012e-06,0.0,0.008909870098141044,1.0425058339924266e-05,,,,
3023,0.0005038426024839282,adam,3024,39.73315119743347,1.4878558007720027e-06,0.0,0.008233644932405818,9.721501124254969e-06,,,,
3024,0.0005035860813222826,adam,3025,39.74435019493103,1.4580868552366141e-06,0.0,0.008109866399304274,9.567953639738873e-06,,,,
3025,0.0005033296183682978,adam,3026,39.75575089454651,1.4429707660064235e-06,0.0,0.008881295312562387,1.0324266500407701e-05,,,,
3026,0.0005030730389989913,adam,3027,39.76802659034729,1.4290968379094356e-06,0.0,0.00866743901816711,1.0096536267757807e-05,,,,
3027,0.0005028164596296847,adam,3028,39.78122663497925,1.3936812336507948e-06,0.0,0.007376086383941571,8.76976796793767e-06,,,,
3028,0.000502559938468039,adam,3029,39.79349899291992,1.3543869911370237e-06,0.0,0.008359882339713218,9.714269727923345e-06,,,,
3029,0.0005023034173063934,adam,3030,39.80602431297302,1.3535804012081027e-06,0.0,0.009400349244139999,1.0753930091840732e-05,,,,
3030,0.0005020468961447477,adam,3031,39.8187050819397,1.4198000014602574e-06,0.0,0.008547092253507318,9.966892660932674e-06,,,,
3031,0.0005017903749831021,adam,3032,39.83358025550842,1.5081361856150366e-06,0.0,0.008919828044787189,1.0427964654071323e-05,,,,
3032,0.0005015338538214564,adam,3033,39.84610652923584,1.6838490520930495e-06,0.0,0.008961494241518054,1.064534371925924e-05,,,,
3033,0.0005012772744521499,adam,3034,39.85761594772339,1.8103819640146008e-06,0.0,0.008093954987507052,9.904337335963886e-06,,,,
3034,0.0005010208114981651,adam,3035,39.86901068687439,1.9624566377480537e-06,0.0,0.008077745570984205,1.0040202592404585e-05,,,,
3035,0.0005007642903365195,adam,3036,39.88028621673584,2.044719526418842e-06,0.0,0.008978426703936374,1.1023146656807601e-05,,,,
3036,0.0005005077691748738,adam,3037,39.89194583892822,2.1904370706027074e-06,0.0,0.008038833982898973,1.0229271435325805e-05,,,,
3037,0.0005002511898055673,adam,3038,39.902018785476685,2.2274719303177236e-06,0.0,0.007895992024538155,1.0123464329895376e-05,,,,
3038,0.0004999947268515825,adam,3039,39.91199254989624,2.2758307245950613e-06,0.0,0.008846664002449944,1.1122495147238997e-05,,,,
3039,0.0004997382638975978,adam,3040,39.92330837249756,2.2753177164503547e-06,0.0,0.007878760555568586,1.0154078646239987e-05,0.0002976681742010268,0.0,0.008445813648391164,0.00030611398825057263
3040,0.000499481800943613,adam,3041,39.942742347717285,2.232878593815902e-06,0.0,0.008656252618410598,1.0889131623376437e-05,,,,
3041,0.0004992251633666456,adam,3042,39.95370125770569,2.2858148059340385e-06,0.0,0.008211491213842638,1.049730640980158e-05,,,,
3042,0.0004989687004126608,adam,3043,39.965782165527344,2.432346730132912e-06,0.0,0.008510186696832503,1.0942533831177593e-05,,,,
3043,0.0004987121792510152,adam,3044,39.97757005691528,2.6493452127209626e-06,0.0,0.008060305018757697,1.0709650614322605e-05,,,,
3044,0.0004984557162970304,adam,3045,39.98985719680786,2.8868686023121944e-06,0.0,0.008339971505360415,1.12268405038e-05,,,,
3045,0.0004981992533430457,adam,3046,40.0024847984314,3.2029364525392897e-06,0.0,0.008740594956031317,1.194353182372659e-05,,,,
3046,0.0004979427321814001,adam,3047,40.016199350357056,3.654759398417877e-06,0.0,0.0096716593460579,1.3326419203854945e-05,,,,
3047,0.0004976862692274153,adam,3048,40.02914881706238,4.155992781047735e-06,0.0,0.008790588954538247,1.2946582153116553e-05,,,,
3048,0.0004974298062734306,adam,3049,40.0421838760376,4.572026255356956e-06,0.0,0.00782828236182639,1.2400308989006807e-05,,,,
3049,0.0004971733433194458,adam,3050,40.054081201553345,5.083110778983057e-06,0.0,0.00850722470040191,1.3590335883456458e-05,,,,
3050,0.0004969168803654611,adam,3051,40.06578803062439,5.537452665262281e-06,0.0,0.008532214419329689,1.4069667489850407e-05,,,,
3051,0.0004966603009961545,adam,3052,40.0771222114563,6.253238285713618e-06,0.0,0.007688682446673457,1.3941921097579897e-05,,,,
3052,0.0004964038962498307,adam,3053,40.08813548088074,7.063049053623705e-06,0.0,0.00886818871994049,1.5931238194780557e-05,,,,
3053,0.000496147433295846,adam,3054,40.09911823272705,7.924915703921891e-06,0.0,0.008342172113460264,1.626708821361407e-05,,,,
3054,0.0004958910285495222,adam,3055,40.10898542404175,8.833920349996536e-06,0.0,0.00808220653944836,1.691612727332911e-05,,,,
3055,0.0004956345655955374,adam,3056,40.11957311630249,9.773685662111611e-06,0.0,0.008711335281824726,1.848502135770256e-05,,,,
3056,0.0004953780444338918,adam,3057,40.130239725112915,1.060602032842885e-05,0.0,0.008099426997856356,1.8705447710987347e-05,,,,
3057,0.000495121639687568,adam,3058,40.14103293418884,1.1332099263171487e-05,0.0,0.009108338084026786,2.0440437779821116e-05,,,,
3058,0.0004948651767335832,adam,3059,40.151612520217896,1.1745726309931247e-05,0.0,0.008349831754487749,2.0095558461014723e-05,,,,
3059,0.0004946087719872594,adam,3060,40.16277861595154,1.174873866009411e-05,0.0,0.008302302253482281,2.005104130791459e-05,0.000313067442255178,0.0,0.008488508466081306,0.0003215559511244418
3060,0.0004943523090332747,adam,3061,40.184927225112915,1.1218600744637284e-05,0.0,0.008141196690619789,1.9359797821943166e-05,,,,
3061,0.0004940958460792899,adam,3062,40.1974892616272,1.007916846969512e-05,0.0,0.008518458015234424,1.859762688953459e-05,,,,
3062,0.0004938394413329661,adam,3063,40.20958924293518,8.409466230514624e-06,0.0,0.008013578937966972,1.6423045549106172e-05,,,,
3063,0.0004935830365866423,adam,3064,40.22203874588013,6.616467887997847e-06,0.0,0.009446372472811763,1.6062840809488226e-05,,,,
3064,0.0004933266318403184,adam,3065,40.23566126823425,4.838865496786292e-06,0.0,0.008639972462757942,1.3478838369920905e-05,,,,
3065,0.0004930702270939946,adam,3066,40.248706579208374,3.4169074841131063e-06,0.0,0.008746363646704733,1.216327154624782e-05,,,,
3066,0.0004928137641400099,adam,3067,40.26229524612427,2.3891410816211496e-06,0.0,0.008146694641335855,1.0535836109904238e-05,,,,
3067,0.0004925573593936861,adam,3068,40.27481269836426,1.954376250131786e-06,0.0,0.008068286442815617,1.0022663076170444e-05,,,,
3068,0.0004923010128550231,adam,3069,40.28764986991882,1.942495790887796e-06,0.0,0.008202952596981235,1.0145448777488372e-05,,,,
3069,0.0004920446663163602,adam,3070,40.299524545669556,2.2896340974436957e-06,0.0,0.007906635456650254,1.0196269929638983e-05,,,,
3070,0.0004917882615700364,adam,3071,40.311939001083374,2.720078790205497e-06,0.0,0.00883943090803617,1.1559510118092104e-05,,,,
3071,0.0004915317986160517,adam,3072,40.32229232788086,3.173428602467677e-06,0.0,0.009137621690326702,1.2311050726808121e-05,,,,
3072,0.0004912753938697278,adam,3073,40.33248496055603,3.4560815246632727e-06,0.0,0.008484507029546373,1.1940588957202104e-05,,,,
3073,0.0004910190473310649,adam,3074,40.34305286407471,3.4441587874666217e-06,0.0,0.00873841251761737,1.2182571720136314e-05,,,,
3074,0.000490762700792402,adam,3075,40.353639125823975,3.1240199762014254e-06,0.0,0.0081475213596622,1.1271541722850125e-05,,,,
3075,0.0004905063542537391,adam,3076,40.369346380233765,2.661825016421194e-06,0.0,0.008968153351588803,1.1629978793974424e-05,,,,
3076,0.0004902499495074153,adam,3077,40.38127255439758,2.2255792049044824e-06,0.0,0.007345752555555166,9.571332109364173e-06,,,,
3077,0.0004899936029687524,adam,3078,40.399059534072876,1.8444137373835956e-06,0.0,0.007977057998213133,9.821472114486651e-06,,,,
3078,0.0004897373146377504,adam,3079,40.41051506996155,1.5517627791310994e-06,0.0,0.008023857085476786,9.575620245720648e-06,,,,
3079,0.0004894809680990875,adam,3080,40.422497272491455,1.3672527893221478e-06,0.0,0.008554051394544234,9.921304590162022e-06,0.0002947989600864821,0.0,0.008329099053507523,0.00030312805953560057
3080,0.0004892246797680855,adam,3081,40.44751167297363,1.3216230268302059e-06,0.0,0.007372034058827981,8.693657435811016e-06,,,,
3081,0.0004889682750217617,adam,3082,40.45980787277222,1.3589180108525356e-06,0.0,0.009090121306964093,1.0449039749574223e-05,,,,
3082,0.0004887119866907597,adam,3083,40.471675395965576,1.4576060807711018e-06,0.0,0.008358404997028859,9.816011474802895e-06,,,,
3083,0.0004884556401520967,adam,3084,40.48566007614136,1.5542585643459172e-06,0.0,0.007549282728667051,9.103541651584657e-06,,,,
3084,0.0004881993809249252,adam,3085,40.4970645904541,1.644669357975952e-06,0.0,0.008423317329177464,1.0067987087239522e-05,,,,
3085,0.00048794306349009275,adam,3086,40.50936985015869,1.6660556749388993e-06,0.0,0.008956729128558286,1.062278522891899e-05,,,,
3086,0.0004876866878475994,adam,3087,40.52044177055359,1.6407101316284284e-06,0.0,0.008011586086879663,9.652296599038012e-06,,,,
3087,0.0004874303995165974,adam,3088,40.531909465789795,1.5763871519633477e-06,0.0,0.008862806812050247,1.043919438497433e-05,,,,
3088,0.0004871741111855954,adam,3089,40.54229664802551,1.517287412853461e-06,0.0,0.008030617115622113,9.547904909909419e-06,,,,
3089,0.00048691791016608477,adam,3090,40.55202269554138,1.48330445519504e-06,0.0,0.009509061034240911,1.0992365941092115e-05,,,,
3090,0.0004866616800427437,adam,3091,40.56181788444519,1.4414214184510233e-06,0.0,0.008178355062207841,9.619776869109887e-06,,,,
3091,0.00048640527529641986,adam,3092,40.57417917251587,1.4357375906780008e-06,0.0,0.008115507173606122,9.551245149750029e-06,,,,
3092,0.0004861490451730788,adam,3093,40.585755586624146,1.4656163854309475e-06,0.0,0.008907244996838197,1.037286180534058e-05,,,,
3093,0.00048589278594590724,adam,3094,40.59753370285034,1.543948727966577e-06,0.0,0.009285495971480724,1.0829445140484693e-05,,,,
3094,0.00048563655582256615,adam,3095,40.61025524139404,1.5803751827554648e-06,0.0,0.008025829420318206,9.606204984280114e-06,,,,
3095,0.00048538032569922507,adam,3096,40.622172594070435,1.6414050551233122e-06,0.0,0.008513447963328936,1.015485342281933e-05,,,,
3096,0.00048512406647205353,adam,3097,40.63422107696533,1.6465393556094616e-06,0.0,0.008740850089380046,1.0387389860157609e-05,,,,
3097,0.00048486783634871244,adam,3098,40.646626710891724,1.6154025487484654e-06,0.0,0.007632639812415848,9.248042723695252e-06,,,,
3098,0.0004846116644330323,adam,3099,40.660874128341675,1.5572521772716265e-06,0.0,0.008323536304781415,9.880788877399803e-06,,,,
3099,0.0004843554343096912,adam,3100,40.67249774932861,1.5157151595857616e-06,0.0,0.008453281852082384,9.968997413177489e-06,0.00029434677002240333,0.0,0.008271677134118244,0.00030261844754940514
3100,0.00048409923329018056,adam,3101,40.694034576416016,1.4555349785211755e-06,0.0,0.008493941423092212,9.949476805053955e-06,,,,
3101,0.00048384294495917857,adam,3102,40.70501494407654,1.3791015735079978e-06,0.0,0.008169564851711074,9.548666813252581e-06,,,,
3102,0.00048358680214732885,adam,3103,40.71586775779724,1.3346027802211197e-06,0.0,0.008472416598474568,9.807019781113882e-06,,,,
3103,0.00048333065933547914,adam,3104,40.72643041610718,1.3170270522413376e-06,0.0,0.008764261762426019,1.0081289230947453e-05,,,,
3104,0.00048307448741979897,adam,3105,40.73725366592407,1.2949465391007093e-06,0.0,0.007988909704217763,9.283856622771322e-06,,,,
3105,0.0004828183155041188,adam,3106,40.74796199798584,1.3091919191649416e-06,0.0,0.007781598837262838,9.090791126033891e-06,,,,
3106,0.00048256205627694726,adam,3107,40.758814573287964,1.3393702809103559e-06,0.0,0.00814585584662757,9.485226514445318e-06,,,,
3107,0.00048230591346509755,adam,3108,40.768921852111816,1.3730280508172736e-06,0.0,0.008450032010319462,9.82306046249172e-06,,,,
3108,0.0004820497997570783,adam,3109,40.780219316482544,1.3669804800595703e-06,0.0,0.008077973991065144,9.444954854807889e-06,,,,
3109,0.0004817936278413981,adam,3110,40.7918426990509,1.3670399270104072e-06,0.0,0.008663559129495424,1.0030599468002809e-05,,,,
3110,0.0004815375432372093,adam,3111,40.80388283729553,1.3510849042595906e-06,0.0,0.007766766301486089,9.117851574647284e-06,,,,
3111,0.00048128137132152915,adam,3112,40.81554317474365,1.3478574006780544e-06,0.0,0.007863321354316713,9.21117912848249e-06,,,,
3112,0.00048102522850967944,adam,3113,40.82716464996338,1.3278210802773207e-06,0.0,0.008291359849627518,9.6191813237233e-06,,,,
3113,0.0004807691730093211,adam,3114,40.83954477310181,1.3242988171881171e-06,0.0,0.008718534709830889,1.0042833941127183e-05,,,,
3114,0.0004805130884051323,adam,3115,40.85311484336853,1.3227292894772363e-06,0.0,0.008275759592197342,9.598489274752067e-06,,,,
3115,0.0004802569164894521,adam,3116,40.86682629585266,1.3452862179916131e-06,0.0,0.0076891668656233385,9.034453448830781e-06,,,,
3116,0.00048000089009292424,adam,3117,40.87863278388977,1.3599310473785498e-06,0.0,0.008366244589584756,9.7261760343386e-06,,,,
3117,0.00047974480548873544,adam,3118,40.89008903503418,1.3831355068427156e-06,0.0,0.00843592883227681,9.819064739804645e-06,,,,
3118,0.00047948877909220755,adam,3119,40.902689695358276,1.3773355837057586e-06,0.0,0.00880082780293378,1.0178163804656428e-05,,,,
3119,0.0004792327235918492,adam,3120,40.913652658462524,1.3768128486515525e-06,0.0,0.008507423833520779,9.884237086253281e-06,0.0002923430355186916,0.0,0.008192503831524632,0.00030053553973933926
3120,0.00047897655167616904,adam,3121,40.93478322029114,1.3341139104390353e-06,0.0,0.007752598175585006,9.086712454252696e-06,,,,
3121,0.00047872052527964115,adam,3122,40.94511365890503,1.3290782169591664e-06,0.0,0.008563533173971911,9.892611797677079e-06,,,,
3122,0.00047846449888311327,adam,3123,40.95548987388611,1.3057325466174035e-06,0.0,0.009596991283305323,1.0902724285755352e-05,,,,
3123,0.0004782084724865854,adam,3124,40.96583795547485,1.310318519081126e-06,0.0,0.007458281853885976,8.76860072721648e-06,,,,
3124,0.0004779525042977184,adam,3125,40.976224422454834,1.2969533991901975e-06,0.0,0.0084214141020362,9.718367901222102e-06,,,,
3125,0.00047769644879736006,adam,3126,40.99220848083496,1.2982242373896337e-06,0.0,0.007592603708839112,8.890828306858071e-06,,,,
3126,0.00047744045150466263,adam,3127,41.00432515144348,1.288287359838312e-06,0.0,0.008261407300410152,9.549695052644255e-06,,,,
3127,0.00047718448331579566,adam,3128,41.01695489883423,1.2803957414656775e-06,0.0,0.00794919397037026,9.229590089402391e-06,,,,
3128,0.0004769285151269287,adam,3129,41.02881360054016,1.296744697946743e-06,0.0,0.007539207172187216,8.835952228227085e-06,,,,
3129,0.0004766725469380617,adam,3130,41.04035758972168,1.309350372710275e-06,0.0,0.008545427496634353,9.854778275230655e-06,,,,
3130,0.00047641652054153383,adam,3131,41.05415463447571,1.3045359848875711e-06,0.0,0.008373607661067881,9.678144043680474e-06,,,,
3131,0.00047616061056032777,adam,3132,41.066627979278564,1.2838779557741454e-06,0.0,0.007292249129811471,8.576127431948864e-06,,,,
3132,0.00047590467147529125,adam,3133,41.07950568199158,1.2751816560575233e-06,0.0,0.008844320265112757,1.0119502341252951e-05,,,,
3133,0.0004756487614940852,adam,3134,41.09191131591797,1.2613874228807425e-06,0.0,0.007466542523547242,8.727930301069725e-06,,,,
3134,0.00047539285151287913,adam,3135,41.10524320602417,1.252063560200012e-06,0.0,0.008096304258761084,9.348368203514913e-06,,,,
3135,0.00047513682511635125,adam,3136,41.11715507507324,1.2555818425788901e-06,0.0,0.007682928910903673,8.938511118402105e-06,,,,
3136,0.0004748809151351452,adam,3137,41.12905693054199,1.2672250504957844e-06,0.0,0.008272863655406578,9.540089098842301e-06,,,,
3137,0.0004746250342577696,adam,3138,41.14037013053894,1.2860742440751208e-06,0.0,0.008792478046596545,1.0078552708291963e-05,,,,
3138,0.000474369153380394,adam,3139,41.15114402770996,1.312960522330984e-06,0.0,0.008190082132467549,9.50304304380656e-06,,,,
3139,0.00047411330160684884,adam,3140,41.16098880767822,1.3462101550721734e-06,0.0,0.00792575185636631,9.271962387891496e-06,0.0002898530903372594,0.0,0.008138154120605917,0.0002979912448444069
3140,0.0004738573916256428,adam,3141,41.179903507232666,1.369517401495732e-06,0.0,0.008058314847625477,9.427832631870626e-06,,,,
3141,0.00047360153985209763,adam,3142,41.19036889076233,1.3965650415204982e-06,0.0,0.00860892636088216,1.000549181130472e-05,,,,
3142,0.00047334571718238294,adam,3143,41.20250940322876,1.3913492638056732e-06,0.0,0.007351877666735287,8.743227279736412e-06,,,,
3143,0.00047308989451266825,adam,3144,41.21477746963501,1.3813907128249624e-06,0.0,0.008479686153700481,9.861077269288923e-06,,,,
3144,0.000472834100946784,adam,3145,41.227059841156006,1.3390722901259776e-06,0.0,0.009440526434027045,1.0779599172553967e-05,,,,
3145,0.0004725782200694084,adam,3146,41.23922419548035,1.2842188825618565e-06,0.0,0.007784924398273289,9.069143650599212e-06,,,,
3146,0.0004723224265035242,adam,3147,41.25346636772156,1.2599276433214393e-06,0.0,0.008745683986369886,1.0005612045089023e-05,,,,
3147,0.00047206663293763995,adam,3148,41.26670217514038,1.2406234592725042e-06,0.0,0.00741651676358163,8.657140575119777e-06,,,,
3148,0.0004718108684755862,adam,3149,41.280681848526,1.2445245758708079e-06,0.0,0.008291878641646707,9.536403611360616e-06,,,,
3149,0.0004715551040135324,adam,3150,41.29374814033508,1.2574382884784165e-06,0.0,0.007765357795707471,9.022796453020591e-06,,,,
3150,0.00047129925223998725,adam,3151,41.30590844154358,1.263767198349289e-06,0.0,0.008340157208630121,9.60392480311562e-06,,,,
3151,0.0004710434877779335,adam,3152,41.31764364242554,1.2759131555296028e-06,0.0,0.007632602613268325,8.908516131327098e-06,,,,
3152,0.00047078775241971016,adam,3153,41.32939648628235,1.286665087649766e-06,0.0,0.007631449171957525,8.918114622081676e-06,,,,
3153,0.0004705321043729782,adam,3154,41.34116840362549,1.3060470045094326e-06,0.0,0.008762937197136791,1.0068984617863407e-05,,,,
3154,0.00047027639811858535,adam,3155,41.352224588394165,1.3178141612706365e-06,0.0,0.009016566036738494,1.0334380626273036e-05,,,,
3155,0.00047002057544887066,adam,3156,41.36312532424927,1.3400774015654332e-06,0.0,0.00773272259311706,9.072800361967108e-06,,,,
3156,0.0004697648691944778,adam,3157,41.37356519699097,1.3574840846839213e-06,0.0,0.007919796815292174,9.27728127614626e-06,,,,
3157,0.00046950922114774585,adam,3158,41.383742809295654,1.3756666870698398e-06,0.0,0.007691526374587041,9.06719342698478e-06,,,,
3158,0.0004692535731010139,adam,3159,41.39306402206421,1.4063630726495867e-06,0.0,0.007012037174779449,8.418400580482931e-06,,,,
3159,0.00046899792505428195,adam,3160,41.404914140701294,1.4390432951966672e-06,0.0,0.008191806434571533,9.630850118858127e-06,0.0002896847964690533,0.0,0.008082533311520788,0.00029776733016447383
3160,0.0004687422187998891,adam,3161,41.426764726638794,1.4311844914575148e-06,0.0,0.006986606791035188,8.417791614338719e-06,,,,
3161,0.00046848657075315714,adam,3162,41.43872141838074,1.4418837489152096e-06,0.0,0.007685843463694612,9.127727577667796e-06,,,,
3162,0.00046823095181025565,adam,3163,41.45055317878723,1.4261206772021683e-06,0.0,0.006995729888873037,8.421850898354544e-06,,,,
3163,0.00046797533286735415,adam,3164,41.464430809020996,1.4192734105808116e-06,0.0,0.00832188320386821,9.741157009717263e-06,,,,
3164,0.0004677197430282831,adam,3165,41.47855234146118,1.3982286538623468e-06,0.0,0.007638472446288791,9.03670146295911e-06,,,,
3165,0.0004674640658777207,adam,3166,41.49286913871765,1.394223114975812e-06,0.0,0.007637822610455187,9.032046088208107e-06,,,,
3166,0.0004672085342463106,adam,3167,41.50466752052307,1.3711197434479892e-06,0.0,0.008882552990710802,1.0253673156057419e-05,,,,
3167,0.00046695297351107,adam,3168,41.51629018783569,1.3284746881491627e-06,0.0,0.008024679788939514,9.353154858240514e-06,,,,
3168,0.00046669741277582943,adam,3169,41.52726435661316,1.30043896371739e-06,0.0,0.008042528976239183,9.342968321956201e-06,,,,
3169,0.00046644185204058886,adam,3170,41.53882932662964,1.3066993889678876e-06,0.0,0.007750843074124098,9.057542831237278e-06,,,,
3170,0.00046618623309768736,adam,3171,41.55063843727112,1.3310380412396308e-06,0.0,0.007538961973148329,8.870000372469438e-06,,,,
3171,0.0004659307305701077,adam,3172,41.5609986782074,1.3515411553442308e-06,0.0,0.007951540957983394,9.303082491005555e-06,,,,
3172,0.00046567522804252803,adam,3173,41.57164406776428,1.3589590303371105e-06,0.0,0.00814009046069944,9.499049877670101e-06,,,,
3173,0.00046541972551494837,adam,3174,41.58221483230591,1.4138085045007947e-06,0.0,0.008670623384914733,1.0084432301248039e-05,,,,
3174,0.00046516425209119916,adam,3175,41.59249210357666,1.467998290917703e-06,0.0,0.00805581346806943,9.52381214161774e-06,,,,
3175,0.0004649087495636195,adam,3176,41.60281419754028,1.5766946319930104e-06,0.0,0.00811926851743632,9.695963535073891e-06,,,,
3176,0.0004646532761398703,adam,3177,41.61514949798584,1.618417294459707e-06,0.0,0.009104279383300665,1.072269711019044e-05,,,,
3177,0.00046439783181995153,adam,3178,41.62650156021118,1.679165897351518e-06,0.0,0.007663634680823999,9.342800942178632e-06,,,,
3178,0.00046414241660386324,adam,3179,41.637741804122925,1.6480028515652414e-06,0.0,0.008273143493114588,9.92114673763306e-06,,,,
3179,0.0004638869722839445,adam,3180,41.64877653121948,1.643711547114161e-06,0.0,0.007384573355633513,9.028285253496089e-06,0.0002876580628456741,0.0,0.008040583359189878,0.00029569864658677116
3180,0.0004636314988601953,adam,3181,41.669838428497314,1.6813249324611319e-06,0.0,0.00793187924267204,9.61320455187722e-06,,,,
3181,0.00046337611274793744,adam,3182,41.682507038116455,1.761134288911028e-06,0.0,0.008051658372148354,9.812793043492632e-06,,,,
3182,0.00046312075573951006,adam,3183,41.69585180282593,1.8276371323917948e-06,0.0,0.00795641806003972,9.784055570341094e-06,,,,
3183,0.0004628653696272522,adam,3184,41.70831561088562,1.8519372441950812e-06,0.0,0.009033872987670822,1.0885810660951846e-05,,,,
3184,0.00046261007082648575,adam,3185,41.719571590423584,1.8704404361533986e-06,0.0,0.007984877427713031,9.855318243127756e-06,,,,
3185,0.00046235459740273654,adam,3186,41.7311749458313,1.8754572346475969e-06,0.0,0.00880901837227884,1.0684476025332357e-05,,,,
3186,0.0004620992694981396,adam,3187,41.74312782287598,1.8480597388089313e-06,0.0,0.00794069653549236,9.788756651464137e-06,,,,
3187,0.00046184397069737315,adam,3188,41.75391411781311,1.834933245212047e-06,0.0,0.007782126952536557,9.6170605673798e-06,,,,
3188,0.0004615886427927762,adam,3189,41.76529908180237,1.8253582384954565e-06,0.0,0.00841682380674029,1.0242182445013425e-05,,,,
3189,0.00046133328578434885,adam,3190,41.77534103393555,1.8480774947263674e-06,0.0,0.008067939198455979,9.916017076388897e-06,,,,
3190,0.0004610780451912433,adam,3191,41.785229206085205,1.9131337155456137e-06,0.0,0.008243556723029288,1.0156690830122836e-05,,,,
3191,0.0004608227754943073,adam,3192,41.79501414299011,1.991635364082008e-06,0.0,0.00798327417895267,9.974909922219855e-06,,,,
3192,0.0004605675349012017,adam,3193,41.8052077293396,2.084645280404377e-06,0.0,0.008190835627153312,1.0275481296601505e-05,,,,
3193,0.0004603122652042657,adam,3194,41.81732153892517,2.1616818635695928e-06,0.0,0.007986118121466414,1.0147800364356263e-05,,,,
3194,0.00046005702461116016,adam,3195,41.828470945358276,2.2517570370625467e-06,0.0,0.008977393380495082,1.1229150843960934e-05,,,,
3195,0.00045980181312188506,adam,3196,41.84096646308899,2.3212515052798994e-06,0.0,0.008285250816497489,1.0606502715305686e-05,,,,
3196,0.0004595466307364404,adam,3197,41.85247874259949,2.428887632600168e-06,0.0,0.007726255777817161,1.0155143777394785e-05,,,,
3197,0.0004592914192471653,adam,3198,41.86435151100159,2.5378057107759726e-06,0.0,0.008304212778275727,1.0842018883480643e-05,,,,
3198,0.0004590362950693816,adam,3199,41.87457728385925,2.709030086233986e-06,0.0,0.008136139768197735,1.0845170240877624e-05,,,,
3199,0.0004587810253724456,adam,3200,41.88708186149597,2.7971301218912817e-06,0.0,0.007792345858763983,1.0589476350771832e-05,0.0002833180051464572,0.0,0.007991862987869943,0.0002913098685139203
3200,0.00045852590119466186,adam,3201,41.91116237640381,3.0242684578329165e-06,0.0,0.009530384920932035,1.2554653831433946e-05,,,,
3201,0.00045827074791304767,adam,3202,41.92240333557129,3.2371618829050684e-06,0.0,0.008077947126859483,1.1315109393446452e-05,,,,
3202,0.0004580156528390944,adam,3203,41.93452787399292,3.516505689640998e-06,0.0,0.008160277770761776,1.167678384799517e-05,,,,
3203,0.00045776055776514113,adam,3204,41.94567847251892,3.7510745141961936e-06,0.0,0.008015781792666796,1.1766856687592196e-05,,,,
3204,0.00045750540448352695,adam,3205,41.95762586593628,4.0467233287367565e-06,0.0,0.007529210011189186,1.1575933697544228e-05,,,,
3205,0.00045725033851340413,adam,3206,41.96851372718811,4.173639031828681e-06,0.0,0.007358837054310673,1.1532476435665358e-05,,,,
3206,0.0004569953016471118,adam,3207,41.979753732681274,4.316045969431588e-06,0.0,0.008443550495673972,1.2759596866152688e-05,,,,
3207,0.0004567402647808194,adam,3208,41.990480184555054,4.410583361821455e-06,0.0,0.007549198755217276,1.1959782475606431e-05,,,,
3208,0.0004564852570183575,adam,3209,42.000510692596436,4.5883177675976905e-06,0.0,0.008325633817354084,1.2913951980398162e-05,,,,
3209,0.0004562301910482347,adam,3210,42.011845111846924,4.764865336528265e-06,0.0,0.008600707268320868,1.3365573013360809e-05,,,,
3210,0.0004559751832857728,adam,3211,42.02508044242859,4.959551442480958e-06,0.0,0.008368383953624641,1.332793579358251e-05,,,,
3211,0.00045572020462714136,adam,3212,42.03750920295715,5.0014428003864405e-06,0.0,0.008674036225778572,1.3675479438159626e-05,,,,
3212,0.0004554652841761708,adam,3213,42.04987144470215,5.176714226244221e-06,0.0,0.007705619206566426,1.288233379880792e-05,,,,
3213,0.0004552102764137089,adam,3214,42.06394171714783,5.1984055956123135e-06,0.0,0.008660843382998964,1.3859249389979263e-05,,,,
3214,0.000454955268651247,adam,3215,42.075663328170776,5.172717842531623e-06,0.0,0.007784763483536173,1.2957481695824221e-05,,,,
3215,0.0004547003482002765,adam,3216,42.089316606521606,4.935775732733023e-06,0.0,0.007960562659396493,1.2896338770235954e-05,,,,
3216,0.0004544454568531364,adam,3217,42.10218405723572,4.7529966242906235e-06,0.0,0.008198997481351557,1.2951994495073664e-05,,,,
3217,0.0004541905946098268,adam,3218,42.11382508277893,4.31704629167281e-06,0.0,0.008095944835208016,1.2412991511417572e-05,,,,
3218,0.0004539357323665172,adam,3219,42.124382972717285,3.92718323217548e-06,0.0,0.007701864193152837,1.1629047791147237e-05,,,,
3219,0.0004536807828117162,adam,3220,42.135881662368774,3.4504905763177453e-06,0.0,0.007577213551112025,1.1027704487328103e-05,0.0002798776006963765,0.0,0.007900446053111153,0.00028777804712473866
3220,0.00045342594967223704,adam,3221,42.15552997589111,3.122994435959173e-06,0.0,0.007631543756273181,1.0754538554711232e-05,,,,
3221,0.0004531711165327579,adam,3222,42.16684699058533,2.766563327879993e-06,0.0,0.008011958255984991,1.0778521964412582e-05,,,,
3222,0.0004529163124971092,adam,3223,42.17802548408508,2.494854820737077e-06,0.0,0.00762268159193742,1.0117536774732445e-05,,,,
3223,0.00045266150846146047,adam,3224,42.18830728530884,2.187953252499366e-06,0.0,0.008122270924506049,1.0310224562792582e-05,,,,
3224,0.0004524066753219813,adam,3225,42.1982421875,1.9883762240678254e-06,0.0,0.007807835454852436,9.796212049772546e-06,,,,
3225,0.00045215190039016306,adam,3226,42.20869278907776,1.7772368262588949e-06,0.0,0.007093560532960429,8.87079769614537e-06,,,,
3226,0.0004518971545621753,adam,3227,42.219146728515625,1.6296176083953638e-06,0.0,0.007591171254989997,9.220789223946648e-06,,,,
3227,0.0004516424087341875,adam,3228,42.23029375076294,1.486307805147638e-06,0.0,0.009180171030388963,1.0666479271571327e-05,,,,
3228,0.0004513877211138606,adam,3229,42.24190282821655,1.3988591463689175e-06,0.0,0.007960143822873033,9.359003347328494e-06,,,,
3229,0.00045113288797438145,adam,3230,42.25350880622864,1.3995318105544297e-06,0.0,0.007877186392851517,9.276718577552224e-06,,,,
3230,0.000450878229457885,adam,3231,42.265695333480835,1.4518586701820736e-06,0.0,0.007283748810709288,8.735607826850867e-06,,,,
3231,0.0004506236291490495,adam,3232,42.27639842033386,1.5521685809325211e-06,0.0,0.008630827098470078,1.018299608934489e-05,,,,
3232,0.0004503689706325531,adam,3233,42.288891077041626,1.6689391800276667e-06,0.0,0.0077456956410952155,9.414635189023683e-06,,,,
3233,0.00045011434121988714,adam,3234,42.30130219459534,1.7756563547431393e-06,0.0,0.007401738007552141,9.177394713858971e-06,,,,
3234,0.00044985959539189935,adam,3235,42.31512141227722,1.7890384757123245e-06,0.0,0.00819195105547022,9.98098992027934e-06,,,,
3235,0.00044960499508306384,adam,3236,42.32740926742554,1.8263041383106654e-06,0.0,0.008070611897095709,9.896916418739869e-06,,,,
3236,0.00044935039477422833,adam,3237,42.33840990066528,1.7494965218703206e-06,0.0,0.008157298446904618,9.906795356225824e-06,,,,
3237,0.0004490958235692233,adam,3238,42.349653482437134,1.7452452908421407e-06,0.0,0.00879177989349172,1.0537025601920997e-05,,,,
3238,0.00044884131057187915,adam,3239,42.36131834983826,1.6778067332050203e-06,0.0,0.008282503750863004,9.960310877465842e-06,,,,
3239,0.00044858671026304364,adam,3240,42.37320923805237,1.7026946268156533e-06,0.0,0.008933027916153292,1.0635722967265004e-05,0.00028418737014985964,0.0,0.007869309756315664,0.00029205668027994746
3240,0.00044833216816186905,adam,3241,42.39324593544006,1.6322845690432993e-06,0.0,0.008394448298273108,1.0026733266031307e-05,,,,
3241,0.00044807768426835537,adam,3242,42.40279006958008,1.649163394568046e-06,0.0,0.007472310018835761,9.121473768319489e-06,,,,
3242,0.00044782322947867215,adam,3243,42.413336992263794,1.574914056077624e-06,0.0,0.007872644846806293,9.447559276814482e-06,,,,
3243,0.0004475687746889889,adam,3244,42.42356467247009,1.5584293976930908e-06,0.0,0.007444585933920684,9.003015685212633e-06,,,,
3244,0.00044731423258781433,adam,3245,42.43352651596069,1.4764678509514209e-06,0.0,0.008246061528771383,9.722529771389712e-06,,,,
3245,0.00044705980690196157,adam,3246,42.445565938949585,1.4254019931837978e-06,0.0,0.007537312230801398,8.962714581988316e-06,,,,
3246,0.00044680541031993926,adam,3247,42.45744609832764,1.3620422282745133e-06,0.0,0.008885624131226684,1.0247666781545697e-05,,,,
3247,0.0004465509846340865,adam,3248,42.47000479698181,1.340611284167562e-06,0.0,0.007057918446070908,8.398530065471608e-06,,,,
3248,0.00044629661715589464,adam,3249,42.48305869102478,1.317256273355427e-06,0.0,0.0075882087590345825,8.905465392810586e-06,,,,
3249,0.00044604213326238096,adam,3250,42.496153593063354,1.2910991789558002e-06,0.0,0.007010641178163129,8.301740690106517e-06,,,,
3250,0.0004457877657841891,adam,3251,42.508490324020386,1.2611757475656203e-06,0.0,0.008361390656098523,9.622566800808888e-06,,,,
3251,0.0004455334856174886,adam,3252,42.52594494819641,1.2435025781420325e-06,0.0,0.007366363446350117,8.60986637437564e-06,,,,
3252,0.0004452791763469577,adam,3253,42.53688979148865,1.231464617220242e-06,0.0,0.00802368616288081,9.255151161205694e-06,,,,
3253,0.00044502486707642674,adam,3254,42.548117876052856,1.2425451608083006e-06,0.0,0.008164454814605456,9.407000363204551e-06,,,,
3254,0.00044477052870206535,adam,3255,42.56356692314148,1.222725136235576e-06,0.0,0.007340909213088877,8.563634697998932e-06,,,,
3255,0.0004445163067430258,adam,3256,42.577823877334595,1.2365115140764545e-06,0.0,0.007919214497701027,9.155726387919987e-06,,,,
3256,0.0004442620265763253,adam,3257,42.59019327163696,1.2375930175293047e-06,0.0,0.008194516250941933,9.432109657689874e-06,,,,
3257,0.00044400780461728573,adam,3258,42.60231590270996,1.2577735208624904e-06,0.0,0.00894571718463531,1.0203491130396565e-05,,,,
3258,0.00044375358265824616,adam,3259,42.61260628700256,1.2578391319702312e-06,0.0,0.008051387849742755,9.309227364133389e-06,,,,
3259,0.0004434994189068675,adam,3260,42.62257170677185,1.3060387598162558e-06,0.0,0.007737691187521738,9.043730314858604e-06,0.00028219658262341405,0.0,0.007827980449769678,0.00029002456344499287
3260,0.0004432452260516584,adam,3261,42.63959884643555,1.335294796946046e-06,0.0,0.007866319516187891,9.201614686764066e-06,,,,
3261,0.00044299106230027974,adam,3262,42.651371479034424,1.420097691411577e-06,0.0,0.00789160527655975,9.311703342802464e-06,,,,
3262,0.000442736956756562,adam,3263,42.66373896598816,1.4402848299487035e-06,0.0,0.007951441924718814,9.391727132340744e-06,,,,
3263,0.0004424827347975224,adam,3264,42.67582988739014,1.4937561548800143e-06,0.0,0.008041673210663285,9.535429747502281e-06,,,,
3264,0.0004422286292538047,adam,3265,42.68757438659668,1.460461623869569e-06,0.0,0.008169695620646827,9.630157632556115e-06,,,,
3265,0.0004419745528139174,adam,3266,42.69951272010803,1.4596410911669166e-06,0.0,0.0069239253496719685,8.383566769707692e-06,,,,
3266,0.00044172050547786057,adam,3267,42.71289682388306,1.4387422216794066e-06,0.0,0.007944700526670557,9.38344312570299e-06,,,,
3267,0.00044146645814180374,adam,3268,42.72518825531006,1.4545491017676902e-06,0.0,0.007691853501796218,9.146402968907344e-06,,,,
3268,0.00044121238170191646,adam,3269,42.737576723098755,1.455592884538965e-06,0.0,0.007026826756029547,8.482419974324875e-06,,,,
3269,0.00044095839257352054,adam,3270,42.74897527694702,1.480212852678978e-06,0.0,0.008123368044773776,9.603581283292033e-06,,,,
3270,0.0004407044325489551,adam,3271,42.761043548583984,1.446586203248295e-06,0.0,0.007777075208195209,9.223661780834755e-06,,,,
3271,0.0004404504143167287,adam,3272,42.77335238456726,1.460571990025682e-06,0.0,0.0068223004008745695,8.282872714942132e-06,,,,
3272,0.00044019651249982417,adam,3273,42.78447365760803,1.4417809496390312e-06,0.0,0.007998763997332552,9.440545326892486e-06,,,,
3273,0.00043994252337142825,adam,3274,42.79614591598511,1.4456336089576477e-06,0.0,0.007767360935842712,9.212994913730209e-06,,,,
3274,0.0004396886215545237,adam,3275,42.80746364593506,1.3998279963917028e-06,0.0,0.007825972120810992,9.225800488916425e-06,,,,
3275,0.0004394347488414496,adam,3276,42.82074522972107,1.372153418130647e-06,0.0,0.007031358040998888,8.403511793101121e-06,,,,
3276,0.00043918087612837553,adam,3277,42.83375787734985,1.3169534081027765e-06,0.0,0.007421696168384227,8.738649928998656e-06,,,,
3277,0.0004389270325191319,adam,3278,42.84600782394409,1.2730218664939907e-06,0.0,0.007891926468774346,9.164948710114729e-06,,,,
3278,0.0004386731015983969,adam,3279,42.857412815093994,1.2295786093629768e-06,0.0,0.007427660892782887,8.657239854940826e-06,,,,
3279,0.0004384192870929837,adam,3280,42.86960577964783,1.1998837376881593e-06,0.0,0.00795841088115248,9.158294996844873e-06,0.00027933440296615535,0.0,0.007756355427492105,0.0002870907587620546
3280,0.000438165501691401,adam,3281,42.890594482421875,1.1828973243347082e-06,0.0,0.008541747039689455,9.724644769735377e-06,,,,
3281,0.00043791180360130966,adam,3282,42.902535915374756,1.1744490053745882e-06,0.0,0.007516778893552735,8.691228255955163e-06,,,,
3282,0.00043765807640738785,adam,3283,42.91620898246765,1.161101936698603e-06,0.0,0.007910969176024723,9.072071488474199e-06,,,,
3283,0.00043740420369431376,adam,3284,42.92826056480408,1.1497282771659451e-06,0.0,0.008450545000383456,9.60027367892875e-06,,,,
3284,0.0004371505056042224,adam,3285,42.94243836402893,1.1510676864885449e-06,0.0,0.007678869926799054,8.829937978014349e-06,,,,
3285,0.00043689680751413107,adam,3286,42.954734563827515,1.1543455073958464e-06,0.0,0.007417098704550221,8.571444564239352e-06,,,,
3286,0.0004366431385278702,adam,3287,42.966559171676636,1.1788947445096411e-06,0.0,0.008059566925047376,9.238462052365905e-06,,,,
3287,0.00043638949864543974,adam,3288,42.978087186813354,1.1874303245827258e-06,0.0,0.007243205742428992,8.43063641104553e-06,,,,
3288,0.00043613582965917885,adam,3289,42.98998951911926,1.2030597963103643e-06,0.0,0.007305625483312739,8.508685626621694e-06,,,,
3289,0.0004358822188805789,adam,3290,43.0005624294281,1.2018241585176803e-06,0.0,0.007255695906846801,8.457520409991544e-06,,,,
3290,0.0004356286081019789,adam,3291,43.011308431625366,1.207140881124683e-06,0.0,0.007412282744438813,8.619423977628035e-06,,,,
3291,0.00043537505553103983,adam,3292,43.02192807197571,1.1964298700145315e-06,0.0,0.008243732016811126,9.440162278381917e-06,,,,
3292,0.0004351215320639312,adam,3293,43.032142162323,1.1962244833974927e-06,0.0,0.007675448113721351,8.871672961683067e-06,,,,
3293,0.00043486786307767034,adam,3294,43.042572021484375,1.1902056782532894e-06,0.0,0.008206777286787394,9.396983354841689e-06,,,,
3294,0.0004346143687143922,adam,3295,43.05238628387451,1.202568630162999e-06,0.0,0.007711301053014214,8.91387004944436e-06,,,,
3295,0.0004343609034549445,adam,3296,43.06231379508972,1.218230073332177e-06,0.0,0.007656005561789672,8.8742359987626e-06,,,,
3296,0.00043410746729932725,adam,3297,43.07485318183899,1.2305274100058875e-06,0.0,0.008791055648946406,1.0021583476505031e-05,,,,
3297,0.00043385403114371,adam,3298,43.08650541305542,1.2498089214812345e-06,0.0,0.00832606931022099,9.575878627169295e-06,,,,
3298,0.0004336005076766014,adam,3299,43.10413718223572,1.2645281284257303e-06,0.0,0.007367580295779539,8.632108774146555e-06,,,,
3299,0.0004333471297286451,adam,3300,43.114983797073364,1.2613456922533362e-06,0.0,0.007342494332437358,8.603840373440462e-06,0.00027818316966563965,0.0,0.0077178268316234816,0.00028590099686384024
3300,0.0004330937226768583,adam,3301,43.139161109924316,1.2148453425721887e-06,0.0,0.0075146338129318535,8.729479512429996e-06,,,,
3301,0.00043284037383273244,adam,3302,43.15492033958435,1.2266518725214686e-06,0.0,0.008106263596469578,9.332915854017907e-06,,,,
3302,0.00043258702498860657,adam,3303,43.16706371307373,1.2282715061488586e-06,0.0,0.00960131540780202,1.0829587369988889e-05,,,,
3303,0.0004323336761444807,adam,3304,43.17880940437317,1.2198329512777132e-06,0.0,0.007987591799219396,9.207425129887362e-06,,,,
3304,0.0004320803564041853,adam,3305,43.18985939025879,1.2162872424495322e-06,0.0,0.007242508407062033,8.458795993512256e-06,,,,
3305,0.0004318270948715508,adam,3306,43.20136284828186,1.2637920282806192e-06,0.0,0.0076690536128106584,8.932846005351777e-06,,,,
3306,0.0004315738333389163,adam,3307,43.21216368675232,1.320939813818314e-06,0.0,0.00827046587606975,9.591406082714113e-06,,,,
3307,0.00043132060091011226,adam,3308,43.222424030303955,1.4047457647022702e-06,0.0,0.007691042129240989,9.095788259248158e-06,,,,
3308,0.00043106733937747777,adam,3309,43.23314881324768,1.4438352185370823e-06,0.0,0.007376410634607151,8.820246203504937e-06,,,,
3309,0.0004308141360525042,adam,3310,43.24251842498779,1.5132774933778923e-06,0.0,0.007770363727793946,9.283641590244312e-06,,,,
3310,0.0004305609909351915,adam,3311,43.25297737121582,1.5379359501631581e-06,0.0,0.007143115937667904,8.681052227110862e-06,,,,
3311,0.00043030784581787884,adam,3312,43.263203382492065,1.5759016535904815e-06,0.0,0.007593459411283008,9.169361425543458e-06,,,,
3312,0.00043005470070056617,adam,3313,43.27454423904419,1.5595028524380071e-06,0.0,0.007863219230246058,9.422722456166936e-06,,,,
3313,0.00042980152647942305,adam,3314,43.28613018989563,1.5718297712848202e-06,0.0,0.008927729664285854,1.049955985961508e-05,,,,
3314,0.0004295484395697713,adam,3315,43.298009157180786,1.5611315213629482e-06,0.0,0.007223504139162725,8.78463600362371e-06,,,,
3315,0.00042929538176395,adam,3316,43.31068515777588,1.6773003585748061e-06,0.0,0.007263320102229576,8.940620805793575e-06,,,,
3316,0.00042904235306195915,adam,3317,43.323731660842896,1.8146730850256848e-06,0.0,0.008547749109676464,1.0362422600698447e-05,,,,
3317,0.0004287893243599683,adam,3318,43.33636832237244,1.940144399994332e-06,0.0,0.007786930178279799,9.727074948133468e-06,,,,
3318,0.00042853629565797746,adam,3319,43.349205493927,2.0584606324020228e-06,0.0,0.007962901862187522,1.0021362872807089e-05,,,,
3319,0.00042828332516364753,adam,3320,43.36648225784302,2.204750461146071e-06,0.0,0.007403403682236387,9.608154495025263e-06,0.00027640188429295674,0.0,0.007690252335725606,0.0002840921369939497
3320,0.0004280303546693176,adam,3321,43.38806986808777,2.3531661418792813e-06,0.0,0.0078056696620830614,1.0158836174711757e-05,,,,
3321,0.00042777747148647904,adam,3322,43.39990973472595,2.5131463551689024e-06,0.0,0.007460569891576192,9.97371660110315e-06,,,,
3322,0.00042752455919981003,adam,3323,43.4111852645874,2.5701204758643645e-06,0.0,0.008698233648978843,1.1268354537987137e-05,,,,
3323,0.00042727161780931056,adam,3324,43.42277407646179,2.5128049480649908e-06,0.0,0.00836932801525717,1.088213336084391e-05,,,,
3324,0.00042701876373030245,adam,3325,43.43389344215393,2.3973121921042944e-06,0.0,0.007539433850983617,9.936746401191804e-06,,,,
3325,0.0004267659387551248,adam,3326,43.44400095939636,2.322824336950566e-06,0.0,0.008818262577924486,1.114108733372005e-05,,,,
3326,0.00042651311377994716,adam,3327,43.45399880409241,2.2017910006204345e-06,0.0,0.009215627608675465,1.1417419047014723e-05,,,,
3327,0.00042626034701243043,adam,3328,43.464059352874756,2.1300298066540897e-06,0.0,0.007725074875820349,9.855105049395806e-06,,,,
3328,0.00042600746382959187,adam,3329,43.47427773475647,2.0234627754940294e-06,0.0,0.008149799606201106,1.0173262768789846e-05,,,,
3329,0.0004257547261659056,adam,3330,43.48636484146118,1.9436974435049056e-06,0.0,0.007466898647474333,9.410596445637894e-06,,,,
3330,0.0004255020176060498,adam,3331,43.49834847450256,1.8165161726242056e-06,0.0,0.007699398682725641,9.515915221051661e-06,,,,
3331,0.0004252493381500244,adam,3332,43.510542154312134,1.7412055625228072e-06,0.0,0.007561671211326542,9.302877133009459e-06,,,,
3332,0.0004249966877978295,adam,3333,43.52195978164673,1.7495566297229495e-06,0.0,0.008154173734922896,9.903730751948315e-06,,,,
3333,0.00042474395013414323,adam,3334,43.5343873500824,1.7521074243523102e-06,0.0,0.007230339677068853,8.98244744484387e-06,,,,
3334,0.00042449129978194833,adam,3335,43.54622840881348,1.7187838500591727e-06,0.0,0.00746885749031136,9.187641695122227e-06,,,,
3335,0.0004242387367412448,adam,3336,43.558231830596924,1.7073478322307642e-06,0.0,0.008111271993539705,9.818620211035215e-06,,,,
3336,0.0004239861445967108,adam,3337,43.57115149497986,1.7006364176465383e-06,0.0,0.007812971016935424,9.513607805678172e-06,,,,
3337,0.00042373352334834635,adam,3338,43.58213520050049,1.7392180026128498e-06,0.0,0.007656008094040466,9.395226460294189e-06,,,,
3338,0.00042348101851530373,adam,3339,43.59483337402344,1.7695932630135805e-06,0.0,0.007569842818510518,9.33943644107234e-06,,,,
3339,0.00042322848457843065,adam,3340,43.60561800003052,1.755211978917178e-06,0.0,0.007336168864147622,9.091381191514123e-06,0.0002721939016786398,0.0,0.0076028982846004355,0.0002797968003243585
3340,0.00042297603795304894,adam,3341,43.62684226036072,1.790143888584789e-06,0.0,0.0072397807814685005,9.029925013924424e-06,,,,
3341,0.00042272359132766724,adam,3342,43.63710880279541,1.8349031569648595e-06,0.0,0.0076951061129218665,9.530009635384653e-06,,,,
3342,0.00042247099918313324,adam,3343,43.646973609924316,1.9325348866832547e-06,0.0,0.008517283362060183,1.0449818653292689e-05,,,,
3343,0.000422218581661582,adam,3344,43.65748405456543,1.980150869572988e-06,0.0,0.0077597247748522604,9.739876012992397e-06,,,,
3344,0.00042196622234769166,adam,3345,43.66744041442871,2.067300995821637e-06,0.0,0.0074368639375188925,9.504165286572612e-06,,,,
3345,0.00042171392124146223,adam,3346,43.67792987823486,2.0995720613271766e-06,0.0,0.006864508648884932,8.964081036258774e-06,,,,
3346,0.0004214615619275719,adam,3347,43.68876624107361,2.170463284347824e-06,0.0,0.007089072159190661,9.259535780251344e-06,,,,
3347,0.0004212091735098511,adam,3348,43.699849128723145,2.2082373633629125e-06,0.0,0.007773981138135429,9.982218870742633e-06,,,,
3348,0.0004209568432997912,adam,3349,43.71121001243591,2.2347861372674127e-06,0.0,0.00783370563094396,1.0068492140292424e-05,,,,
3349,0.0004207046004012227,adam,3350,43.722254037857056,2.2412612811366227e-06,0.0,0.007638314068985885,9.879575712922957e-06,,,,
3350,0.00042045238660648465,adam,3351,43.732871294021606,2.227693227124774e-06,0.0,0.007627124562946742,9.854818152340494e-06,,,,
3351,0.0004202001728117466,adam,3352,43.74420404434204,2.182554906164897e-06,0.0,0.007435523020215324,9.618078279548613e-06,,,,
3352,0.00041994787170551717,adam,3353,43.7566351890564,2.1147282651689646e-06,0.0,0.008511151005822823,1.0625879675249768e-05,,,,
3353,0.00041969571611844003,adam,3354,43.76906228065491,2.0634845841050175e-06,0.0,0.007633999824566332,9.697484771266885e-06,,,,
3354,0.00041944358963519335,adam,3355,43.78145885467529,2.0534792895962973e-06,0.0,0.008098449971164594,1.0151929645416625e-05,,,,
3355,0.00041919146315194666,adam,3356,43.7923378944397,2.0136364600809245e-06,0.0,0.007852333533880157,9.865970366926912e-06,,,,
3356,0.00041893936577253044,adam,3357,43.80474638938904,1.9724136266495087e-06,0.0,0.007881304833259887,9.853718834251287e-06,,,,
3357,0.0004186872101854533,adam,3358,43.81591725349426,1.9055631297287041e-06,0.0,0.007376202325994719,9.281765806074234e-06,,,,
3358,0.0004184351419098675,adam,3359,43.827431201934814,1.8447403544613485e-06,0.0,0.006693369811680016,8.538110484059371e-06,,,,
3359,0.0004181831900496036,adam,3360,43.839157819747925,1.7457498978289214e-06,0.0,0.0074319955256226975,9.177745776452465e-06,0.0002725583799169793,0.0,0.007563027262275424,0.00028012140753847924
3360,0.0004179311799816787,adam,3361,43.85723924636841,1.6581849351965457e-06,0.0,0.007284498814821306,8.94268409601298e-06,,,,
3361,0.0004176792281214148,adam,3362,43.8678617477417,1.603773529298203e-06,0.0,0.007355235433509112,8.959009312162253e-06,,,,
3362,0.000417427159845829,adam,3363,43.87835502624512,1.5610831130548952e-06,0.0,0.006833813794643876,8.394897232287508e-06,,,,
3363,0.000417175266193226,adam,3364,43.88920998573303,1.53502981627262e-06,0.0,0.007417093006248307,8.952123174813941e-06,,,,
3364,0.00041692337254062295,adam,3365,43.90129804611206,1.4601238388205635e-06,0.0,0.008090342259751561,9.550466482842763e-06,,,,
3365,0.0004166715079918504,adam,3366,43.913023233413696,1.4407605857195305e-06,0.0,0.007282119926761405,8.722880858363073e-06,,,,
3366,0.00041641967254690826,adam,3367,43.924410581588745,1.4146996390139314e-06,0.0,0.007660839767040836,9.075539769925132e-06,,,,
3367,0.0004161678079981357,adam,3368,43.93607020378113,1.3777750585829515e-06,0.0,0.007431838821690886,8.80961423326724e-06,,,,
3368,0.000415916001657024,adam,3369,43.94675302505493,1.3475250636752282e-06,0.0,0.007345916133561264,8.693441546148785e-06,,,,
3369,0.00041566428262740374,adam,3370,43.95926594734192,1.3481505700758197e-06,0.0,0.007424898733563437,8.773049656303021e-06,,,,
3370,0.000415412534493953,adam,3371,43.97143363952637,1.3446187850547156e-06,0.0,0.008130170146371293,9.474789317588369e-06,,,,
3371,0.00041516078636050224,adam,3372,43.985271692276,1.3796160659366908e-06,0.0,0.0078659565938623,9.24557303341188e-06,,,,
3372,0.0004149090964347124,adam,3373,43.99648380279541,1.3904587919855554e-06,0.0,0.006983758819897797,8.374217943594097e-06,,,,
3373,0.0004146574065089226,adam,3374,44.00778937339783,1.4758923620597865e-06,0.0,0.006884574639430337,8.360467328489872e-06,,,,
3374,0.00041440577479079366,adam,3375,44.01869535446167,1.4833471835734396e-06,0.0,0.007253907959071456,8.737255487187036e-06,,,,
3375,0.00041415420128032565,adam,3376,44.029929876327515,1.557580734277868e-06,0.0,0.0069045357081059956,8.462116770331712e-06,,,,
3376,0.0004139025986660272,adam,3377,44.04067516326904,1.5636360915068303e-06,0.0,0.007835716267238193,9.399352730921577e-06,,,,
3377,0.00041365090874023736,adam,3378,44.05032801628113,1.5810490835057467e-06,0.0,0.007338807580568654,8.919857012649056e-06,,,,
3378,0.0004133994225412607,adam,3379,44.06079149246216,1.5414328231911907e-06,0.0,0.007131026227134487,8.672459389031248e-06,,,,
3379,0.0004131479072384536,adam,3380,44.07084321975708,1.5046347971598303e-06,0.0,0.00813444822322075,9.639083406746139e-06,0.0002727454207998921,0.0,0.007527364111956283,0.00028027278526937896
3380,0.000412896421039477,adam,3381,44.08815908432007,1.389472585547113e-06,0.0,0.008192480868691572,9.581953843360647e-06,,,,
3381,0.0004126449639443308,adam,3382,44.100423097610474,1.3552154105099176e-06,0.0,0.007302591247001448,8.657807004365838e-06,,,,
3382,0.00041239350684918463,adam,3383,44.11129975318909,1.2838246877963253e-06,0.0,0.007216363570627059,8.500188601182262e-06,,,,
3383,0.00041214210796169937,adam,3384,44.122039794921875,1.268273580841843e-06,0.0,0.007510631281590754,8.77890521916844e-06,,,,
3384,0.000411890767281875,adam,3385,44.13352680206299,1.2122674569073187e-06,0.0,0.008053778690079201,9.266046529520482e-06,,,,
3385,0.0004116393974982202,adam,3386,44.14404320716858,1.1787874564767202e-06,0.0,0.0069820543764111,8.160842164517608e-06,,,,
3386,0.0004113880859222263,adam,3387,44.15792965888977,1.1276378773773448e-06,0.0,0.006645003796737317,7.772641989735406e-06,,,,
3387,0.00041113674524240196,adam,3388,44.17014288902283,1.1194432616157463e-06,0.0,0.007650870440863497,8.770314065876091e-06,,,,
3388,0.000410885491874069,adam,3389,44.1820924282074,1.1619175983025446e-06,0.0,0.00775100659726517,8.912924563720773e-06,,,,
3389,0.00041063426760956645,adam,3390,44.19397807121277,1.279314199808212e-06,0.0,0.007002465407991312,8.281779940398784e-06,,,,
3390,0.0004103830433450639,adam,3391,44.204349517822266,1.450600420819689e-06,0.0,0.006714569512444327,8.165170252188955e-06,,,,
3391,0.00041013184818439186,adam,3392,44.21641731262207,1.5979059104665127e-06,0.0,0.007300019255852131,8.897925513050953e-06,,,,
3392,0.00040988062391988933,adam,3393,44.227882623672485,1.7870779067873685e-06,0.0,0.007570983779016958,9.35806204540676e-06,,,,
3393,0.0004096294869668782,adam,3394,44.240137815475464,1.9564755473201096e-06,0.0,0.00788277643464283,9.83925235637473e-06,,,,
3394,0.00040937840822152793,adam,3395,44.25181174278259,2.1227976821346627e-06,0.0,0.008872036454088572,1.0994834557622355e-05,,,,
3395,0.00040912735858000815,adam,3396,44.26209473609924,2.1985868922664824e-06,0.0,0.007430899639072605,9.62948688428788e-06,,,,
3396,0.0004088763380423188,adam,3397,44.27221727371216,2.187070191036525e-06,0.0,0.007775571711452885,9.96264227180925e-06,,,,
3397,0.0004086252301931381,adam,3398,44.2823166847229,2.0897235253486694e-06,0.0,0.0071098847738253175,9.199608636875394e-06,,,,
3398,0.00040837423875927925,adam,3399,44.29242825508118,1.986008750928925e-06,0.0,0.00701043018520096,8.99643926910745e-06,,,,
3399,0.0004081233055330813,adam,3400,44.30298447608948,1.8872564307260873e-06,0.0,0.0072212531099856364,9.108509883702842e-06,0.000271022135151288,0.0,0.0074724494868705525,0.00027849458499308084
3400,0.0004078723432030529,adam,3401,44.32340621948242,1.8165937926691914e-06,0.0,0.007313205345723734,9.12979948575154e-06,,,,
3401,0.00040762146818451583,adam,3402,44.335869789123535,1.7783617170729324e-06,0.0,0.007630974872193779,9.409336951718569e-06,,,,
3402,0.0004073705349583179,adam,3403,44.34710693359375,1.7213745742929127e-06,0.0,0.006808666715118129,8.530041612805357e-06,,,,
3403,0.0004071196890436113,adam,3404,44.37207651138306,1.6762840303883068e-06,0.0,0.0073640064321326,9.040290812292443e-06,,,,
3404,0.0004068689013365656,adam,3405,44.39325571060181,1.6458029116640277e-06,0.0,0.007952919276245446,9.598722565652868e-06,,,,
3405,0.0004066180845256895,adam,3406,44.40751552581787,1.6504710127417842e-06,0.0,0.007946970590430816,9.59744198063345e-06,,,,
3406,0.00040636732592247427,adam,3407,44.422290325164795,1.6324478833179152e-06,0.0,0.007106251940371044,8.738700161217815e-06,,,,
3407,0.0004061164800077677,adam,3408,44.43426775932312,1.7011422370259553e-06,0.0,0.00677211365099597,8.473256209680064e-06,,,,
3408,0.0004058657505083829,adam,3409,44.44627523422241,1.776773074695642e-06,0.0,0.007708060188835606,9.484833629644462e-06,,,,
3409,0.0004056151083204895,adam,3410,44.45673155784607,1.9213679871598643e-06,0.0,0.007219225318173937,9.140593648228605e-06,,,,
3410,0.00040536452434025705,adam,3411,44.475236892700195,1.933770941381858e-06,0.0,0.008281516911199726,1.021528824593253e-05,,,,
3411,0.00040511388215236366,adam,3412,44.51120853424072,1.9850445968679136e-06,0.0,0.007582849937095199,9.567894894129159e-06,,,,
3412,0.0004048632108606398,adam,3413,44.546486616134644,1.9515631203019958e-06,0.0,0.008048482366813894,1.000004586939829e-05,,,,
3413,0.0004046126559842378,adam,3414,44.5750036239624,1.997266706829703e-06,0.0,0.007055837440766904,9.053104482730901e-06,,,,
3414,0.00040436210110783577,adam,3415,44.61129832267761,1.8677300604790894e-06,0.0,0.007244823701852127,9.112554106441878e-06,,,,
3415,0.00040411160443909466,adam,3416,44.62568235397339,1.8004697927838452e-06,0.0,0.008340587758996721,1.0141057947937229e-05,,,,
3416,0.0004038610786665231,adam,3417,44.6383273601532,1.6979647615421566e-06,0.0,0.007334028997198634,9.031994107088476e-06,,,,
3417,0.0004036106402054429,adam,3418,44.64857339859009,1.6037289310117939e-06,0.0,0.007618031816213596,9.221761109062485e-06,,,,
3418,0.0004033602017443627,adam,3419,44.65876913070679,1.5322041479376564e-06,0.0,0.007417496307344708,8.949700807594534e-06,,,,
3419,0.00040310987969860435,adam,3420,44.67003655433655,1.4576219117823342e-06,0.0,0.007041047436557888,8.49866968277203e-06,0.00026923460282886124,0.0,0.007429284213357737,0.000276663887395091
3420,0.00040285949944518507,adam,3421,44.689417362213135,1.3352235353258196e-06,0.0,0.007470558810609096,8.805782700767419e-06,,,,
3421,0.00040260906098410487,adam,3422,44.70004916191101,1.2282980369437042e-06,0.0,0.0070116390216328605,8.239937391611548e-06,,,,
3422,0.00040235876804217696,adam,3423,44.71107029914856,1.1292261390786101e-06,0.0,0.007395800597942526,8.525027088302815e-06,,,,
3423,0.00040210853330790997,adam,3424,44.721697092056274,1.1135402331545047e-06,0.0,0.007152811710439964,8.266352283334794e-06,,,,
3424,0.0004018583276774734,adam,3425,44.73379421234131,1.1961231049085737e-06,0.0,0.00720419346254953,8.400316909638931e-06,,,,
3425,0.00040160809294320643,adam,3426,44.74460482597351,1.3369133227349801e-06,0.0,0.007109589680772256,8.446503341194625e-06,,,,
3426,0.0004013578000012785,adam,3427,44.75614857673645,1.5904092418124785e-06,0.0,0.008462622468675685,1.0053032112441162e-05,,,,
3427,0.0004011076525785029,adam,3428,44.76942992210388,1.808036788373894e-06,0.0,0.006721998146869983,8.530035254521656e-06,,,,
3428,0.0004008575342595577,adam,3429,44.782522439956665,1.984929055620432e-06,0.0,0.007146331792219542,9.13126118727252e-06,,,,
3429,0.000400607445044443,adam,3430,44.79631996154785,1.9515653977953057e-06,0.0,0.007127666727631165,9.079232463972473e-06,,,,
3430,0.00040035738493315876,adam,3431,44.80919599533081,1.9378889665879244e-06,0.0,0.007316388697695325,9.254278011793066e-06,,,,
3431,0.0004001073248218745,adam,3432,44.82119345664978,1.7640075953466032e-06,0.0,0.007563509369394311,9.327517323988332e-06,,,,
3432,0.00039985732291825116,adam,3433,44.83269119262695,1.693360241714497e-06,0.0,0.007578327038822161,9.271687640487877e-06,,,,
3433,0.00039960735011845827,adam,3434,44.84305763244629,1.5776136402339597e-06,0.0,0.006956836990496842,8.534450961162828e-06,,,,
3434,0.00039935740642249584,adam,3435,44.85421395301819,1.5085307148945626e-06,0.0,0.00703985142134723,8.548382470616793e-06,,,,
3435,0.0003991074627265334,adam,3436,44.865145683288574,1.4030117071736906e-06,0.0,0.007190366205531538,8.593378254229297e-06,,,,
3436,0.0003988575772382319,adam,3437,44.8761932849884,1.2876525656509486e-06,0.0,0.007453708217731916,8.741361137415008e-06,,,,
3437,0.00039860772085376084,adam,3438,44.88711500167847,1.1632514783507425e-06,0.0,0.006865543066735514,8.028794871182053e-06,,,,
3438,0.0003983579226769507,adam,3439,44.89742398262024,1.106174787523125e-06,0.0,0.006948898036190634,8.055073153768706e-06,,,,
3439,0.00039810812450014055,adam,3440,44.9078483581543,1.0616306175784235e-06,0.0,0.007717910429091401,8.7795414132509e-06,0.0002662736513363334,0.0,0.0073614159789081824,0.0002736350676648901
3440,0.0003978583845309913,adam,3441,44.927202463150024,1.0541837698810725e-06,0.0,0.006269384665329832,7.3235687329906975e-06,,,,
3441,0.00039760852814652026,adam,3442,44.938817501068115,1.051293207585105e-06,0.0,0.007425063870148919,8.476357430405635e-06,,,,
3442,0.00039735884638503194,adam,3443,44.94998240470886,1.0584058513892053e-06,0.0,0.00754796926038466,8.606375470283168e-06,,,,
3443,0.0003971091646235436,adam,3444,44.962000131607056,1.0809991125798655e-06,0.0,0.007770460758458774,8.85146024011572e-06,,,,
3444,0.0003968595410697162,adam,3445,44.97615432739258,1.0984841232748809e-06,0.0,0.0073556033826505975,8.454087855297892e-06,,,,
3445,0.00039660994661971927,adam,3446,44.988895416259766,1.1195046469687418e-06,0.0,0.007841847162090342,8.961352181526837e-06,,,,
3446,0.00039636032306589186,adam,3447,45.003767251968384,1.1453503983243335e-06,0.0,0.007891628004152851,9.036978777309401e-06,,,,
3447,0.00039611078682355583,adam,3448,45.01659059524536,1.1569538471882119e-06,0.0,0.007311042281382156,8.467996475826242e-06,,,,
3448,0.0003958612505812198,adam,3449,45.028491258621216,1.1480527380028777e-06,0.0,0.006655082589586771,7.803135643689111e-06,,,,
3449,0.00039561177254654467,adam,3450,45.03968048095703,1.1381587507285881e-06,0.0,0.006878894077478248,8.017053154936773e-06,,,,
3450,0.00039536235271953046,adam,3451,45.049996852874756,1.1215276598118426e-06,0.0,0.007008532839860292,8.130060832559581e-06,,,,
3451,0.0003951129037886858,adam,3452,45.061177253723145,1.1174615388349506e-06,0.0,0.007149173159419877,8.26663503782233e-06,,,,
3452,0.00039486351306550205,adam,3453,45.07172465324402,1.1145406116946633e-06,0.0,0.0066934016636074276,7.80794259322161e-06,,,,
3453,0.00039461415144614875,adam,3454,45.083118200302124,1.1387715547329795e-06,0.0,0.008481232604962714,9.620004562532626e-06,,,,
3454,0.00039436484803445637,adam,3455,45.09378099441528,1.124271739397865e-06,0.0,0.00758753126968414,8.711803369470401e-06,,,,
3455,0.000394115544622764,adam,3456,45.10406851768494,1.132830066065746e-06,0.0,0.0069832888889285296,8.1161192866827e-06,,,,
3456,0.00039386621210724115,adam,3457,45.11464715003967,1.128777696908936e-06,0.0,0.0072347820775268586,8.363560118069504e-06,,,,
3457,0.0003936169669032097,adam,3458,45.12512826919556,1.1478679950063334e-06,0.0,0.0072409045602999786,8.388772899230824e-06,,,,
3458,0.0003933677508030087,adam,3459,45.1355094909668,1.1638296942923434e-06,0.0,0.007499911044712227,8.66374109523123e-06,,,,
3459,0.00039311862201429904,adam,3460,45.14646577835083,1.1855195008996753e-06,0.0,0.007082453748970471,8.26797358626865e-06,0.0002666360176251398,0.0,0.0073331984743043605,0.0002739692164477524
3460,0.0003928695514332503,adam,3461,45.16639828681946,1.1861986927604508e-06,0.0,0.00714246862232744,8.328667654336946e-06,,,,
3461,0.0003926203353330493,adam,3462,45.179935693740845,1.1997998614405835e-06,0.0,0.007025673720814686,8.225473915956866e-06,,,,
3462,0.00039237126475200057,adam,3463,45.19284701347351,1.2394597181625557e-06,0.0,0.007180190990569577,8.419651049772906e-06,,,,
3463,0.00039212225237861276,adam,3464,45.20602560043335,1.276710944389723e-06,0.0,0.007815060907932582,9.09177222351778e-06,,,,
3464,0.00039187324000522494,adam,3465,45.219907999038696,1.3004011880243922e-06,0.0,0.0075563421195640286,8.856743666495414e-06,,,,
3465,0.00039162428583949804,adam,3466,45.2311429977417,1.3166522007436872e-06,0.0,0.008289432443125317,9.606085037595918e-06,,,,
3466,0.0003913753025699407,adam,3467,45.242443799972534,1.3027405206144793e-06,0.0,0.007932472545230418,9.235213442617126e-06,,,,
3467,0.0003911264066118747,adam,3468,45.253769397735596,1.2742603912542567e-06,0.0,0.007527267416902062,8.801528165682337e-06,,,,
3468,0.0003908775106538087,adam,3469,45.26539635658264,1.2748331448802716e-06,0.0,0.006521393443600754,7.796226898230593e-06,,,,
3469,0.00039062867290340364,adam,3470,45.27582788467407,1.2232546151307874e-06,0.0,0.007312756366935883,8.53601132940396e-06,,,,
3470,0.0003903798933606595,adam,3471,45.28607726097107,1.2108377057126853e-06,0.0,0.007711707138982229,8.92254521098135e-06,,,,
3471,0.0003901309974025935,adam,3472,45.29584050178528,1.1983292739162472e-06,0.0,0.0074100620999040245,8.608391725779336e-06,,,,
3472,0.00038988227606751025,adam,3473,45.30700349807739,1.2105474274269022e-06,0.0,0.008149953055571464,9.360500870100364e-06,,,,
3473,0.000389633554732427,adam,3474,45.317410945892334,1.189654177408184e-06,0.0,0.007833375904618675,9.023030454092249e-06,,,,
3474,0.0003893849498126656,adam,3475,45.32726073265076,1.2077765743151046e-06,0.0,0.00722885751229004,8.436634429957452e-06,,,,
3475,0.00038913634489290416,adam,3476,45.33804202079773,1.1941275965409844e-06,0.0,0.006547233237160223,7.7413611446781e-06,,,,
3476,0.00038888759445399046,adam,3477,45.34926414489746,1.1762522590251092e-06,0.0,0.007472594988878183,8.64884760283251e-06,,,,
3477,0.0003886390186380595,adam,3478,45.362027168273926,1.1257555380980252e-06,0.0,0.006361226455263168,7.486982295503237e-06,,,,
3478,0.000388390471925959,adam,3479,45.37478733062744,1.1128921237325339e-06,0.0,0.007338951608134474,8.451844080448506e-06,,,,
3479,0.0003881419834215194,adam,3480,45.39190745353699,1.111013933427688e-06,0.0,0.006843338210885227,7.954352469354038e-06,0.0002649452376377237,0.0,0.007281605907057514,0.000272226843890639
3480,0.00038789352402091026,adam,3481,45.414788246154785,1.0954553047150216e-06,0.0,0.00717962251710439,8.275078162833181e-06,,,,
3481,0.00038764503551647067,adam,3482,45.428263664245605,1.0887727418940286e-06,0.0,0.007667423959065127,8.756197065142252e-06,,,,
3482,0.000387396605219692,adam,3483,45.438525676727295,1.0746624620975228e-06,0.0,0.006821418086232507,7.896080872330004e-06,,,,
3483,0.0003871482331305742,adam,3484,45.449580669403076,1.080051313040304e-06,0.0,0.007062066952830126,8.14211860130061e-06,,,,
3484,0.0003868999192491174,adam,3485,45.461426973342896,1.0690137021398237e-06,0.0,0.007905994206892829,8.975008284547227e-06,,,,
3485,0.0003866516053676605,adam,3486,45.47208118438721,1.0857480994587426e-06,0.0,0.007786919924822342,8.872668394139934e-06,,,,
3486,0.00038640323327854276,adam,3487,45.48248267173767,1.089612383821576e-06,0.0,0.007752006319001421,8.84161907102354e-06,,,,
3487,0.00038615503581240773,adam,3488,45.49311399459839,1.1008749564380119e-06,0.0,0.006949293071293484,8.050168357805205e-06,,,,
3488,0.0003859068383462727,adam,3489,45.50292229652405,1.09385594295409e-06,0.0,0.0071040608546335225,8.197917135012398e-06,,,,
3489,0.00038565866998396814,adam,3490,45.51340460777283,1.0989506501743409e-06,0.0,0.007599988460627875,8.698939471782297e-06,,,,
3490,0.0003854104143101722,adam,3491,45.52365016937256,1.07417688045568e-06,0.0,0.00747473903808867,8.548916273575404e-06,,,,
3491,0.00038516230415552855,adam,3492,45.53594446182251,1.0750102077316712e-06,0.0,0.0064921525552850586,7.56716307137743e-06,,,,
3492,0.00038491428131237626,adam,3493,45.546998262405396,1.0588087692651347e-06,0.0,0.006611986001625501,7.67079508494312e-06,,,,
3493,0.0003846662293653935,adam,3494,45.56307125091553,1.054483041978313e-06,0.0,0.007449037803424153,8.503521199212776e-06,,,,
3494,0.0003844182356260717,adam,3495,45.57403206825256,1.072267756857315e-06,0.0,0.007090538724806701,8.162806818446535e-06,,,,
3495,0.0003841702127829194,adam,3496,45.58548188209534,1.0991361766901249e-06,0.0,0.00711810907647235,8.217245591254515e-06,,,,
3496,0.0003839222772512585,adam,3497,45.596487045288086,1.140905534863717e-06,0.0,0.007113889305986871,8.2547951787422e-06,,,,
3497,0.0003836743999272585,adam,3498,45.60886597633362,1.1611482612940731e-06,0.0,0.007471393292589825,8.632541908756038e-06,,,,
3498,0.00038342649349942803,adam,3499,45.620768308639526,1.1998086004674455e-06,0.0,0.0075965511615339815,8.796360122818246e-06,,,,
3499,0.0003831787034869194,adam,3500,45.63287854194641,1.195249948607263e-06,0.0,0.007184491458549248,8.379741748401545e-06,0.00026096342160715285,0.0,0.007227301614277665,0.00026819072356470893
3500,0.00038293085526674986,adam,3501,45.653971672058105,1.209720062132414e-06,0.0,0.007242125728012104,8.451846134127032e-06,,,,
3501,0.00038268312346190214,adam,3502,45.666348934173584,1.2081947662425303e-06,0.0,0.008146946029894821,9.355141183096524e-06,,,,
3502,0.00038243536255322397,adam,3503,45.67684602737427,1.2230270531469951e-06,0.0,0.0069286456453043046,8.151673027544308e-06,,,,
3503,0.0003821877180598676,adam,3504,45.68809986114502,1.2018144164748512e-06,0.0,0.007185114924700743,8.386929682450241e-06,,,,
3504,0.00038194001535885036,adam,3505,45.69931602478027,1.1794894775965517e-06,0.0,0.008163292333737252,9.342782199069384e-06,,,,
3505,0.0003816923126578331,adam,3506,45.70948624610901,1.1412106946314093e-06,0.0,0.007419935157430118,8.561146204489536e-06,,,,
3506,0.0003814447845797986,adam,3507,45.71926760673523,1.135411003480064e-06,0.0,0.006802593985435888,7.93800531202183e-06,,,,
3507,0.00038119719829410315,adam,3508,45.729071617126465,1.1256493320040298e-06,0.0,0.007296606771618081,8.422256450192335e-06,,,,
3508,0.00038094972842372954,adam,3509,45.744669675827026,1.1229102781659533e-06,0.0,0.007164092703018192,8.28700332146029e-06,,,,
3509,0.0003807022294495255,adam,3510,45.755167961120605,1.0950469544269077e-06,0.0,0.0070970928646966035,8.192140156217335e-06,,,,
3510,0.0003804547304753214,adam,3511,45.767388105392456,1.0891138488838157e-06,0.0,0.006697238742194009,7.786352909179595e-06,,,,
3511,0.0003802073479164392,adam,3512,45.7785222530365,1.079445190876051e-06,0.0,0.006744429591734276,7.823875102953543e-06,,,,
3512,0.00037995996535755694,adam,3513,45.79034876823425,1.084704347471378e-06,0.0,0.007862784999574744,8.947489720508368e-06,,,,
3513,0.00037971267011016607,adam,3514,45.80180358886719,1.0603078042950224e-06,0.0,0.006991385703256416,8.05169383962444e-06,,,,
3514,0.0003794653166551143,adam,3515,45.814475774765015,1.045799871960461e-06,0.0,0.007097619028402356,8.14341923748163e-06,,,,
3515,0.00037921799230389297,adam,3516,45.825688123703,1.0469652666418001e-06,0.0,0.006584633342263133,7.631598921658235e-06,,,,
3516,0.00037897081347182393,adam,3517,45.8387770652771,1.051390060384715e-06,0.0,0.008206636536760103,9.258026986939137e-06,,,,
3517,0.00037872360553592443,adam,3518,45.84976243972778,1.0517242212837403e-06,0.0,0.007466942761656673,8.518667337601165e-06,,,,
3518,0.00037847645580768585,adam,3519,45.859801054000854,1.040867274649286e-06,0.0,0.006941841172176497,7.982708776545546e-06,,,,
3519,0.0003782293351832777,adam,3520,45.87075996398926,1.034933104536231e-06,0.0,0.006693796445257371,7.728729867731873e-06,0.0002611203040145995,0.0,0.007182848432089313,0.00026830315278785584
3520,0.0003779821563512087,adam,3521,45.889657974243164,1.038653790976345e-06,0.0,0.006963991493424343,8.002645615172535e-06,,,,
3521,0.0003777350939344615,adam,3522,45.9013831615448,1.0416841852280003e-06,0.0,0.008127893604170783,9.169578175453013e-06,,,,
3522,0.0003774880897253752,adam,3523,45.911604166030884,1.0526112977813842e-06,0.0,0.006783561237440405,7.836172857423658e-06,,,,
3523,0.00037724111462011933,adam,3524,45.92196559906006,1.0696982007111546e-06,0.0,0.006733269554017781,7.802968074542078e-06,,,,
3524,0.00037699422682635486,adam,3525,45.93233370780945,1.0790208224271546e-06,0.0,0.0070013175019579795,8.080338656929872e-06,,,,
3525,0.000376747251721099,adam,3526,45.94227480888367,1.1054415624525003e-06,0.0,0.007898879729983276,9.004321667612431e-06,,,,
3526,0.00037650036392733455,adam,3527,45.95379900932312,1.119455030875e-06,0.0,0.007903120365573588,9.022575771826663e-06,,,,
3527,0.00037625356344506145,adam,3528,45.967830419540405,1.1552360937904473e-06,0.0,0.007660499834856499,8.815736292501164e-06,,,,
3528,0.00037600676296278834,adam,3529,45.982669830322266,1.1554506515971813e-06,0.0,0.006851725434387625,8.007176411424302e-06,,,,
3529,0.00037576002068817616,adam,3530,45.99616837501526,1.133819471352186e-06,0.0,0.006917829934659305,8.051649734590782e-06,,,,
3530,0.0003755132493097335,adam,3531,46.00772452354431,1.1264726069448209e-06,0.0,0.007124533676303831,8.251006621645843e-06,,,,
3531,0.00037526656524278224,adam,3532,46.01973009109497,1.1299984241699768e-06,0.0,0.0070254018039355385,8.155400561794196e-06,,,,
3532,0.0003750199393834919,adam,3533,46.03094172477722,1.1340331947713406e-06,0.0,0.007091282027694313,8.225315559283477e-06,,,,
3533,0.00037477334262803197,adam,3534,46.04355812072754,1.1182853725470503e-06,0.0,0.006983854691181874,8.102140395444222e-06,,,,
3534,0.00037452674587257206,adam,3535,46.055941104888916,1.095263433819611e-06,0.0,0.006625342425284408,7.720606173790898e-06,,,,
3535,0.0003742801200132817,adam,3536,46.06701612472534,1.0730687229767863e-06,0.0,0.00702411928935845,8.097188345962999e-06,,,,
3536,0.00037403361056931317,adam,3537,46.077861070632935,1.0657046326161244e-06,0.0,0.008004207859950374,9.069912872745971e-06,,,,
3537,0.00037378715933300555,adam,3538,46.08971285820007,1.0506725451166373e-06,0.0,0.006703131634582438,7.753804498080744e-06,,,,
3538,0.0003735407954081893,adam,3539,46.100536584854126,1.0376202577125683e-06,0.0,0.007391691906561391,8.429312515360485e-06,,,,
3539,0.00037329443148337305,adam,3540,46.11055278778076,1.018860731921109e-06,0.0,0.00726277540953153,8.28163648641596e-06,0.00025936167753849915,0.0,0.007136142945935279,0.00026649782082338304
3540,0.0003730480093508959,adam,3541,46.127668380737305,1.00879338013969e-06,0.0,0.006852143102176793,7.860936807775816e-06,,,,
3541,0.0003728016745299101,adam,3542,46.13752865791321,1.0119394538530527e-06,0.0,0.00699079620813055,8.002735994028605e-06,,,,
3542,0.00037255542702041566,adam,3543,46.147281885147095,1.0315559789825544e-06,0.0,0.0076456257780279785,8.67718212015827e-06,,,,
3543,0.00037230917951092124,adam,3544,46.157302141189575,1.065812477212789e-06,0.0,0.0068326259117363775,7.898438713481484e-06,,,,
3544,0.00037206299020908773,adam,3545,46.16910409927368,1.082843357373132e-06,0.0,0.00774387680142411,8.826720526611652e-06,,,,
3545,0.0003718168009072542,adam,3546,46.179888010025024,1.085641946261127e-06,0.0,0.007491961049326893,8.577603351437076e-06,,,,
3546,0.00037157064070925117,adam,3547,46.19198703765869,1.092021005380185e-06,0.0,0.00653241752963879,7.624438845292159e-06,,,,
3547,0.00037132459692656994,adam,3548,46.202683448791504,1.073677528887987e-06,0.0,0.006976940836364287,8.050618696639181e-06,,,,
3548,0.0003710784949362278,adam,3549,46.21640753746033,1.0440567832298213e-06,0.0,0.006628683993523421,7.672741091598838e-06,,,,
3549,0.00037083253846503794,adam,3550,46.230016469955444,1.0306217013155473e-06,0.0,0.007434478702219735,8.465100756654072e-06,,,,
3550,0.0003705864364746958,adam,3551,46.24361324310303,1.0110187295309192e-06,0.0,0.006919016677309725,7.930035735476302e-06,,,,
3551,0.00037034059641882777,adam,3552,46.25532031059265,1.0029390108540267e-06,0.0,0.007471513479606735,8.474452845338609e-06,,,,
3552,0.00037009469815529883,adam,3553,46.267438650131226,1.0015124342796503e-06,0.0,0.006760405298946297,7.761918054327968e-06,,,,
3553,0.0003698488580994308,adam,3554,46.278104305267334,1.0059489467545055e-06,0.0,0.007603109883239466,8.609059191122313e-06,,,,
3554,0.0003696030471473932,adam,3555,46.28861451148987,1.0163138444949482e-06,0.0,0.007331248784135575,8.347562976846154e-06,,,,
3555,0.0003693571488838643,adam,3556,46.29940414428711,1.0195856745536505e-06,0.0,0.00867215209024014,9.691738176698913e-06,,,,
3556,0.0003691113961394876,adam,3557,46.309728384017944,1.0316449332815504e-06,0.0,0.007453070384133609,8.484715671417006e-06,,,,
3557,0.0003688657016027719,adam,3558,46.31968712806702,1.0290925611340928e-06,0.0,0.007429408853689946,8.458501767702025e-06,,,,
3558,0.0003686200943775475,adam,3559,46.3295316696167,1.0294634650485424e-06,0.0,0.008291196796964306,9.320660655823565e-06,,,,
3559,0.00036837445804849267,adam,3560,46.339303493499756,1.0301807734980009e-06,0.0,0.007420166336180372,8.450347462117362e-06,0.0002582844821773213,0.0,0.007114237889954096,0.00026539872040518356
3560,0.0003681287926156074,adam,3561,46.356467962265015,1.0270414305587857e-06,0.0,0.007762545887826187,8.789587687086117e-06,,,,
3561,0.0003678832727018744,adam,3562,46.36673092842102,1.0138874530171078e-06,0.0,0.007753867580150529,8.767755401456586e-06,,,,
3562,0.0003676377818919718,adam,3563,46.378175258636475,1.0156683216290455e-06,0.0,0.007036147909643599,8.051816565471737e-06,,,,
3563,0.00036739232018589973,adam,3564,46.38990116119385,1.0035823609124658e-06,0.0,0.007329593221599418,8.33317593064888e-06,,,,
3564,0.0003671468293759972,adam,3565,46.40043067932129,9.981340954048688e-07,0.0,0.0076840795452804665,8.68221400565953e-06,,,,
3565,0.00036690145498141646,adam,3566,46.41066384315491,9.857098563307769e-07,0.0,0.007113225174693,8.098935368883843e-06,,,,
3566,0.0003666561096906662,adam,3567,46.421207666397095,9.869877967030225e-07,0.0,0.006907545395507284,7.894533520301108e-06,,,,
3567,0.00036641082260757685,adam,3568,46.43346881866455,9.949150016758665e-07,0.0,0.0071401804365988555,8.135095777415095e-06,,,,
3568,0.00036616556462831795,adam,3569,46.44626259803772,9.99889946904184e-07,0.0,0.006575441461635396,7.575331720856291e-06,,,,
3569,0.0003659202193375677,adam,3570,46.458542585372925,1.0387718427090026e-06,0.0,0.006802904518421643,7.841676684251271e-06,,,,
3570,0.00036567499046213925,adam,3571,46.46919870376587,1.0509389565637286e-06,0.0,0.006913968992688216,7.96490827764785e-06,,,,
3571,0.0003654298488982022,adam,3572,46.48007845878601,1.0741213932248413e-06,0.0,0.007222890881081282,8.29701261737503e-06,,,,
3572,0.00036518473643809557,adam,3573,46.490758419036865,1.0762249590164828e-06,0.0,0.007351739320795593,8.427964629000957e-06,,,,
3573,0.00036493971128948033,adam,3574,46.501868724823,1.06183481886596e-06,0.0,0.006686622268048999,7.748457404512474e-06,,,,
3574,0.0003646945988293737,adam,3575,46.51239609718323,1.0205833345582918e-06,0.0,0.006912579040701665,7.933162703589844e-06,,,,
3575,0.0003644496318884194,adam,3576,46.5230393409729,1.0040821562481234e-06,0.0,0.0073518458416338564,8.35592834707592e-06,,,,
3576,0.00036420466494746506,adam,3577,46.53352665901184,9.904327086824332e-07,0.0,0.006824949980706489,7.815383013556652e-06,,,,
3577,0.0003639597853180021,adam,3578,46.54331016540527,9.842939656671819e-07,0.0,0.006792838091266281,7.77713237957596e-06,,,,
3578,0.0003637149347923696,adam,3579,46.55377125740051,9.756349706694373e-07,0.0,0.007427990399455162,8.403625722935211e-06,,,,
3579,0.0003634699678514153,adam,3580,46.56542658805847,9.762946251853488e-07,0.0,0.007831280501424122,8.807575498575334e-06,0.0002574114714410927,0.0,0.007055083395522116,0.0002644665551717133
3580,0.0003632252337411046,adam,3581,46.587427854537964,9.767575433600355e-07,0.0,0.007385386580863395,8.362144475010469e-06,,,,
3581,0.00036298049963079393,adam,3582,46.598406076431274,9.868556041826846e-07,0.0,0.0069466179456415455,7.933473879770878e-06,,,,
3582,0.0003627357364166528,adam,3583,46.61020016670227,9.85662190908909e-07,0.0,0.007131649510844984,8.117312040489068e-06,,,,
3583,0.00036249111872166395,adam,3584,46.621631145477295,9.888715438641555e-07,0.0,0.006879266231241702,7.86813810185347e-06,,,,
3584,0.0003622463555075228,adam,3585,46.636216163635254,9.96031283579389e-07,0.0,0.006893762569495315,7.889794180510856e-06,,,,
3585,0.0003620017960201949,adam,3586,46.648916244506836,1.0185086495833685e-06,0.0,0.006585678768955751,7.604187731342076e-06,,,,
3586,0.0003617572074290365,adam,3587,46.6595253944397,1.0520446014450577e-06,0.0,0.00694980971545457,8.001854646997876e-06,,,,
3587,0.0003615127061493695,adam,3588,46.67273259162903,1.088413172398465e-06,0.0,0.006670011878310401,7.75842536751743e-06,,,,
3588,0.0003612682339735329,adam,3589,46.684926986694336,1.1169890569934525e-06,0.0,0.00693814137544021,8.055130761977696e-06,,,,
3589,0.0003610237909015268,adam,3590,46.69815015792847,1.1430419441791365e-06,0.0,0.0071696195644813925,8.312661849199186e-06,,,,
3590,0.0003607794060371816,adam,3591,46.71018433570862,1.1323153978494995e-06,0.0,0.006906181196326026,8.038496922201531e-06,,,,
3591,0.0003605350502766669,adam,3592,46.7209107875824,1.0880303239998851e-06,0.0,0.007523723766903082,8.611754448260671e-06,,,,
3592,0.00036029075272381306,adam,3593,46.73172187805176,1.0473125662258814e-06,0.0,0.007998387544924462,9.045700491053365e-06,,,,
3593,0.0003600464842747897,adam,3594,46.74239182472229,1.0053597918120732e-06,0.0,0.006652797071938285,7.658157179741264e-06,,,,
3594,0.0003598022158257663,adam,3595,46.75267028808594,9.981032016111096e-07,0.0,0.00660275967673157,7.600863191956936e-06,,,,
3595,0.00035955803468823433,adam,3596,46.76254177093506,9.860409678277526e-07,0.0,0.007241815129470307,8.227856441265821e-06,,,,
3596,0.0003593138826545328,adam,3597,46.77390146255493,9.868257340330984e-07,0.0,0.007080423995005108,8.067250065340299e-06,,,,
3597,0.0003590698179323226,adam,3598,46.78513741493225,9.788748556890922e-07,0.0,0.00817941047684228,9.158285721032525e-06,,,,
3598,0.00035882575321011245,adam,3599,46.7976016998291,9.859215995098842e-07,0.0,0.0067483931125176,7.734315032558958e-06,,,,
3599,0.00035858163028024137,adam,3600,46.80934476852417,9.807621830303858e-07,0.0,0.007151783442991515,8.132545965713387e-06,0.00025522496278891204,0.0,0.007011931326297244,0.00026223689444825814
3600,0.00035833765286952257,adam,3601,46.82988095283508,9.89751390116784e-07,0.0,0.007049815555957243,8.039567280922299e-06,,,,
3601,0.0003580937336664647,adam,3602,46.842376470565796,9.737988250151034e-07,0.0,0.0064902524976154004,7.464051630900956e-06,,,,
3602,0.0003578498726710677,adam,3603,46.85639214515686,9.7370981897126e-07,0.0,0.006516546988160284,7.490257116650918e-06,,,,
3603,0.00035760606988333166,adam,3604,46.86833214759827,9.700153175972285e-07,0.0,0.007491320635421718,8.461336308837584e-06,,,,
3604,0.00035736215068027377,adam,3605,46.8796010017395,9.730163495710778e-07,0.0,0.007131593540389122,8.104610228692717e-06,,,,
3605,0.00035711837699636817,adam,3606,46.89018177986145,9.72343782739704e-07,0.0,0.0076205110079619115,8.592855152656466e-06,,,,
3606,0.0003568746615201235,adam,3607,46.901174545288086,9.82930447073121e-07,0.0,0.0071939463196313115,8.176877108398547e-06,,,,
3607,0.0003566310042515397,adam,3608,46.911744594573975,9.788113479306046e-07,0.0,0.007431814235894514,8.410625936817354e-06,,,,
3608,0.00035638734698295593,adam,3609,46.922990798950195,9.911923320804618e-07,0.0,0.00806335005312501,9.054542768194049e-06,,,,
3609,0.0003561436606105417,adam,3610,46.933565855026245,9.949723475034198e-07,0.0,0.006402275246694461,7.397247898289638e-06,,,,
3610,0.00035590011975727975,adam,3611,46.94344353675842,1.0024656110206261e-06,0.0,0.007234332298133954,8.236798252766927e-06,,,,
3611,0.00035565660800784826,adam,3612,46.953850507736206,9.922320688320412e-07,0.0,0.00616460666975353,7.156839031388677e-06,,,,
3612,0.0003554131544660777,adam,3613,46.96378827095032,9.909615950840126e-07,0.0,0.0068959737295515855,7.886935652176775e-06,,,,
3613,0.00035516973002813756,adam,3614,46.97481179237366,9.766016709134003e-07,0.0,0.006571155775432092,7.547757758458644e-06,,,,
3614,0.00035492624738253653,adam,3615,46.98555088043213,9.662831109938876e-07,0.0,0.006828133880919376,7.79441731623222e-06,,,,
3615,0.0003546829684637487,adam,3616,46.99729299545288,9.682865801611185e-07,0.0,0.0073474974177677056,8.315784346916225e-06,,,,
3616,0.00035443963133729994,adam,3617,47.00906038284302,9.781076015430118e-07,0.0,0.007519068348686929,8.497176307366523e-06,,,,
3617,0.000354196410626173,adam,3618,47.02084255218506,9.927611309511035e-07,0.0,0.007254149934993083,8.24691141049782e-06,,,,
3618,0.00035395316081121564,adam,3619,47.03267574310303,9.95135791400565e-07,0.0,0.007929686358319584,8.924822526360041e-06,,,,
3619,0.0003537098818924278,adam,3620,47.04423475265503,1.012267804767017e-06,0.0,0.006681813458380433,7.694081580516559e-06,0.000255437124346461,0.0,0.006982519433793296,0.0002624196441119062
3620,0.0003534667775966227,adam,3621,47.06676363945007,1.0100869182552746e-06,0.0,0.0072321095494485964,8.242196811210643e-06,,,,
3621,0.00035322370240464807,adam,3622,47.07829976081848,1.0190776785678215e-06,0.0,0.006201284509031702,7.220362482144732e-06,,,,
3622,0.0003529806563165039,adam,3623,47.090840339660645,1.0157856974887755e-06,0.0,0.007533534630589658,8.549320685902128e-06,,,,
3623,0.0003527376684360206,adam,3624,47.10279035568237,1.0189819855224466e-06,0.0,0.007035513486134955,8.054495805826362e-06,,,,
3624,0.0003524946514517069,adam,3625,47.115493297576904,1.005168553592742e-06,0.0,0.006973296989536185,7.97846587434276e-06,,,,
3625,0.00035225172177888453,adam,3626,47.12624931335449,9.967452061601583e-07,0.0,0.007316522794629319,8.313268348305662e-06,,,,
3626,0.00035200887941755354,adam,3627,47.13759970664978,9.901325328430742e-07,0.0,0.006766971409382196,7.757104263639166e-06,,,,
3627,0.00035176603705622256,adam,3628,47.150071144104004,9.868788469481676e-07,0.0,0.008134837351499294,9.121716584831503e-06,,,,
3628,0.0003515232529025525,adam,3629,47.16265869140625,9.777322540603842e-07,0.0,0.0075940523703341345,8.571784985092651e-06,,,,
3629,0.0003512804687488824,adam,3630,47.17612147331238,9.827367846314855e-07,0.0,0.00640178356033227,7.384520649032158e-06,,,,
3630,0.00035103780101053417,adam,3631,47.18829584121704,9.735884488715708e-07,0.0,0.007493027038717555,8.466615843488813e-06,,,,
3631,0.00035079510416835546,adam,3632,47.19918727874756,9.727859054790243e-07,0.0,0.007558280646469386,8.531066910947477e-06,,,,
3632,0.0003505525237414986,adam,3633,47.21066093444824,9.819489857088592e-07,0.0,0.007255308058422001,8.237257388739502e-06,,,,
3633,0.0003503099433146417,adam,3634,47.221764087677,9.688454889531503e-07,0.0,0.007293757315547262,8.262603150935296e-06,,,,
3634,0.0003500673337839544,adam,3635,47.232197999954224,9.703481739976697e-07,0.0,0.007772835871659228,8.74318441484679e-06,,,,
3635,0.0003498248406685889,adam,3636,47.242522954940796,9.633248236059959e-07,0.0,0.007462600157803558,8.425925335864042e-06,,,,
3636,0.00034958237665705383,adam,3637,47.2521698474884,9.61459010811272e-07,0.0,0.007148471663974606,8.109931014320063e-06,,,,
3637,0.0003493400290608406,adam,3638,47.261778593063354,9.56244304071852e-07,0.0,0.0069960646859670616,7.952309322334154e-06,,,,
3638,0.00034909762325696647,adam,3639,47.2714638710022,9.524893507937373e-07,0.0,0.00726054616403996,8.213035859691136e-06,,,,
3639,0.00034885533386841416,adam,3640,47.28138732910156,9.451834731398129e-07,0.0,0.007245557554456774,8.190741371742103e-06,0.00025379555715215137,0.0,0.0069521666858975584,0.00026074772416825913
3640,0.0003486130735836923,adam,3641,47.3016312122345,9.449174987280102e-07,0.0,0.006624882704032636,7.56980051742569e-06,,,,
3641,0.0003483708715066314,adam,3642,47.312947273254395,9.451412885505266e-07,0.0,0.006331962746905211,7.27710433620783e-06,,,,
3642,0.0003481286985334009,adam,3643,47.324177980422974,9.476798782350097e-07,0.0,0.007335693388176188,8.283373614837937e-06,,,,
3643,0.0003478865255601704,adam,3644,47.335744857788086,9.684268751084377e-07,0.0,0.006994341090250114,7.962768297571928e-06,,,,
3644,0.0003476444398984313,adam,3645,47.34674572944641,9.710020711528667e-07,0.0,0.007076805937368185,8.047808344651297e-06,,,,
3645,0.00034740238334052265,adam,3646,47.358705282211304,9.916900322912517e-07,0.0,0.0068960077346076265,7.88769809444167e-06,,,,
3646,0.00034716041409410536,adam,3647,47.37146067619324,9.937121799228644e-07,0.0,0.006709345053230755,7.70305755183041e-06,,,,
3647,0.00034691847395151854,adam,3648,47.38402843475342,1.0224468873810952e-06,0.0,0.006941850881716331,7.964298098817651e-06,,,,
3648,0.00034667644649744034,adam,3649,47.39548206329346,1.0099369496562008e-06,0.0,0.006550722264139846,7.5606595249386595e-06,,,,
3649,0.00034643462277017534,adam,3650,47.40703797340393,9.989428693804445e-07,0.0,0.00633666076426325,7.33560393461893e-06,,,,
3650,0.00034619279904291034,adam,3651,47.418649673461914,9.625113105762076e-07,0.0,0.006419609241021574,7.382120856512858e-06,,,,
3651,0.0003459510044194758,adam,3652,47.42986226081848,9.548754089406488e-07,0.0,0.006854374967134318,7.809250701640307e-06,,,,
3652,0.0003457092971075326,adam,3653,47.44164252281189,9.490122178147698e-07,0.0,0.00650425671902004,7.453269245770426e-06,,,,
3653,0.00034546758979558945,adam,3654,47.45354962348938,9.467514044976607e-07,0.0,0.006390561753419051,7.337313461452107e-06,,,,
3654,0.0003452259406913072,adam,3655,47.464163064956665,9.463858691484563e-07,0.0,0.006569978661959247,7.516364843164945e-06,,,,
3655,0.0003449843788985163,adam,3656,47.47484827041626,9.54328597829276e-07,0.0,0.006921191567231687,7.875520493799923e-06,,,,
3656,0.00034474278800189495,adam,3657,47.485690116882324,9.750190400862216e-07,0.0,0.006982030120997006,7.957049492711863e-06,,,,
3657,0.0003445013426244259,adam,3658,47.49652314186096,9.699513502815097e-07,0.0,0.007480837056312877,8.45078876191508e-06,,,,
3658,0.00034425980993546546,adam,3659,47.50867009162903,9.886558431019114e-07,0.0,0.006866066824372101,7.854722993594687e-06,,,,
3659,0.0003440184227656573,adam,3660,47.52075481414795,9.976388972278192e-07,0.0,0.006556674710262102,7.554313918915259e-06,0.000252077302022779,0.0,0.00689798829685591,0.00025897529064727176
3660,0.0003437770646996796,adam,3661,47.54599857330322,1.0052683412932163e-06,0.0,0.006559695427436116,7.564964080298146e-06,,,,
3661,0.00034353576484136283,adam,3662,47.56066679954529,9.907335065816561e-07,0.0,0.007091403270159743,8.082137113564981e-06,,,,
3662,0.00034329446498304605,adam,3663,47.574015378952026,9.648355905621664e-07,0.0,0.005922109767394939,6.886945639242226e-06,,,,
3663,0.0003430531360208988,adam,3664,47.58785915374756,9.438262499473246e-07,0.0,0.007650768845843982,8.594595459183327e-06,,,,
3664,0.0003428119816817343,adam,3665,47.59998941421509,9.500130403158931e-07,0.0,0.007932660593200434,8.882674010297487e-06,,,,
3665,0.0003425708564464003,adam,3666,47.61133003234863,9.814014029522254e-07,0.0,0.0062111316802810936,7.192533378246243e-06,,,,
3666,0.0003423298185225576,adam,3667,47.62180829048157,9.885675381810602e-07,0.0,0.0068022304583418,7.79079831961147e-06,,,,
3667,0.00034208878059871495,adam,3668,47.63297390937805,1.001202117772319e-06,0.0,0.007360196850995079,8.36139931835799e-06,,,,
3668,0.00034184768446721137,adam,3669,47.6437885761261,9.640865673991392e-07,0.0,0.007124020851005872,8.088107756777845e-06,,,,
3669,0.0003416067629586905,adam,3670,47.65470051765442,9.452941660188058e-07,0.0,0.006101698010999777,7.046992466833687e-06,,,,
3670,0.0003413658414501697,adam,3671,47.66582107543945,9.301261911240085e-07,0.0,0.007447551681316706,8.377678226180437e-06,,,,
3671,0.00034112497814930975,adam,3672,47.67622900009155,9.33928873234256e-07,0.0,0.007066168531040409,8.000097739899661e-06,,,,
3672,0.0003408842021599412,adam,3673,47.686232805252075,9.588513491925112e-07,0.0,0.006181837380080071,7.140689022894101e-06,,,,
3673,0.0003406433679629117,adam,3674,47.696038007736206,9.651711845558037e-07,0.0,0.0066014961328768485,7.566667630986893e-06,,,,
3674,0.0003404026501812041,adam,3675,47.7057580947876,9.74558237595238e-07,0.0,0.007203600849406851,8.178159429154769e-06,,,,
3675,0.0003401619615033269,adam,3676,47.71554350852966,9.667611951204576e-07,0.0,0.007143726722044455,8.110488256473725e-06,,,,
3676,0.0003399213601369411,adam,3677,47.72671604156494,9.581249597839398e-07,0.0,0.006730284404535134,7.688409683990428e-06,,,,
3677,0.0003396807878743857,adam,3678,47.738096475601196,9.473040453536998e-07,0.0,0.007232572062162419,8.179876451044858e-06,,,,
3678,0.00033944015740416944,adam,3679,47.75343179702759,9.346290883778848e-07,0.0,0.006487778539767369,7.4224079362982e-06,,,,
3679,0.0003391997015569359,adam,3680,47.76676392555237,9.41311050880861e-07,0.0,0.007701765884477627,8.643077301172738e-06,0.00025190825680859247,0.0,0.00687068232360508,0.0002587789394585375
3680,0.00033895927481353283,adam,3681,47.79068684577942,9.491056948996942e-07,0.0,0.0067733030259862995,7.722409042600625e-06,,,,
3681,0.00033871890627779067,adam,3682,47.804075479507446,9.743082456974303e-07,0.0,0.007129434404983147,8.103742989310542e-06,,,,
3682,0.0003384785377420485,adam,3683,47.81609845161438,9.844023291469568e-07,0.0,0.007094981095679562,8.079383761820038e-06,,,,
3683,0.00033823816920630634,adam,3684,47.8278124332428,9.795585424125494e-07,0.0,0.007070125326945706,8.049684205171188e-06,,,,
3684,0.00033799788798205554,adam,3685,47.838775634765625,9.634553030104968e-07,0.0,0.006620219000770517,7.583674618224543e-06,,,,
3685,0.0003377577231731266,adam,3686,47.84945011138916,9.580069762073408e-07,0.0,0.006723319080125391,7.681326375673252e-06,,,,
3686,0.0003375175583641976,adam,3687,47.86099338531494,9.453118076645841e-07,0.0,0.0069666961406942875,7.912008279259182e-06,,,,
3687,0.00033727745176292956,adam,3688,47.87191343307495,9.360378120548278e-07,0.0,0.007036172258790515,7.972210405045592e-06,,,,
3688,0.0003370373451616615,adam,3689,47.883360862731934,9.250062896855758e-07,0.0,0.007293624516088797,8.218631152202948e-06,,,,
3689,0.0003367973258718848,adam,3690,47.89516472816467,9.414580200139635e-07,0.0,0.007081138890596193,8.022597246946207e-06,,,,
3690,0.00033655736478976905,adam,3691,47.9065055847168,9.934988738011248e-07,0.0,0.0066386442734986265,7.632143462618434e-06,,,,
3691,0.00033631743281148374,adam,3692,47.91773176193237,1.0295294030899753e-06,0.0,0.00679860449038696,7.82813421639332e-06,,,,
3692,0.0003360775881446898,adam,3693,47.92873764038086,1.0888898163721045e-06,0.0,0.006724538918286547,7.813429054057112e-06,,,,
3693,0.0003358377143740654,adam,3694,47.94110131263733,1.1330873259475813e-06,0.0,0.006554619920841847,7.687707558117168e-06,,,,
3694,0.0003355979570187628,adam,3695,47.95241737365723,1.1323293444076571e-06,0.0,0.006635877726431907,7.768207386026843e-06,,,,
3695,0.0003353582287672907,adam,3696,47.96360635757446,1.0881973452772496e-06,0.0,0.00794211648577543,9.03031420828297e-06,,,,
3696,0.00033511852961964905,adam,3697,47.975844860076904,1.0440352395543186e-06,0.0,0.007099811530768425,8.143847107545696e-06,,,,
3697,0.00033487891778349876,adam,3698,47.98694896697998,1.0033269665350557e-06,0.0,0.007905013971095502,8.908341313098574e-06,,,,
3698,0.0003346392186358571,adam,3699,47.997638463974,1.0016773548709632e-06,0.0,0.006113193129936351,7.114870775168407e-06,,,,
3699,0.0003343996941111982,adam,3700,48.00792217254639,1.0340678951903074e-06,0.0,0.006604802825794131,7.63887103469574e-06,0.00025158875663761846,0.0,0.006831038279148083,0.0002584197952412235
3700,0.0003341601986903697,adam,3701,48.027551889419556,1.0407331806083917e-06,0.0,0.007263076360128269,8.303809885714277e-06,,,,
3701,0.0003339207614772022,adam,3702,48.03967237472534,1.0441412607737602e-06,0.0,0.007185955664297566,8.230097266385905e-06,,,,
3702,0.00033368138247169554,adam,3703,48.051353931427,9.984426471093234e-07,0.0,0.006997662424189822,7.996105403670276e-06,,,,
3703,0.00033344197436235845,adam,3704,48.063108682632446,9.61370554891618e-07,0.0,0.006560081592342491,7.5214524588212645e-06,,,,
3704,0.00033320271177217364,adam,3705,48.074806213378906,9.180732937754499e-07,0.0,0.0068028921918848895,7.72096580878038e-06,,,,
3705,0.00033296344918198884,adam,3706,48.08646106719971,9.189189777876661e-07,0.0,0.006755827973599322,7.674747272271599e-06,,,,
3706,0.00033272424479946494,adam,3707,48.09856295585632,9.483345254735471e-07,0.0,0.006757877888330351,7.706212734785874e-06,,,,
3707,0.00033248509862460196,adam,3708,48.10996866226196,9.895360036600776e-07,0.0,0.007824629381320464,8.814165756630495e-06,,,,
3708,0.000332245952449739,adam,3709,48.122175216674805,1.0658720091329192e-06,0.0,0.006727308895973137,7.793181224636083e-06,,,,
3709,0.0003320069226901978,adam,3710,48.134278535842896,1.0935903996265388e-06,0.0,0.006485844218658634,7.579434926346243e-06,,,,
3710,0.00033176789293065667,adam,3711,48.14522743225098,1.1439142787471234e-06,0.0,0.007140299095805643,8.284213713698775e-06,,,,
3711,0.0003315289504826069,adam,3712,48.15589618682861,1.0923729931686687e-06,0.0,0.007259392346083258,8.351765684054561e-06,,,,
3712,0.0003312899498268962,adam,3713,48.16729021072388,1.0502338869418856e-06,0.0,0.007041899680168714,8.092133901582887e-06,,,,
3713,0.0003310510946903378,adam,3714,48.17856812477112,9.78310714715007e-07,0.0,0.006875664190457204,7.853975231748736e-06,,,,
3714,0.0003308122977614403,adam,3715,48.18853163719177,9.53741098683972e-07,0.0,0.007160211785341469,8.11395322411725e-06,,,,
3715,0.0003305735590402037,adam,3716,48.19817328453064,9.198493177840931e-07,0.0,0.006498587366908071,7.4184369933585014e-06,,,,
3716,0.0003303348203189671,adam,3717,48.20808124542236,9.21735104071808e-07,0.0,0.007097933247874615,8.019668689080162e-06,,,,
3717,0.00033009613980539143,adam,3718,48.21989631652832,9.651273788767537e-07,0.0,0.007004369479997764,7.969497191564215e-06,,,,
3718,0.00032985754660330713,adam,3719,48.23141145706177,9.91036038339634e-07,0.0,0.006940648555842959,7.93168492384571e-06,,,,
3719,0.0003296189825050533,adam,3720,48.24256992340088,1.0097215255088437e-06,0.0,0.007156502353357635,8.1662242187821e-06,0.00024986609317972263,0.0,0.006782799566450516,0.00025664889306833884
3720,0.00032938047661446035,adam,3721,48.26358437538147,9.771993764835262e-07,0.0,0.00704707820685517,8.02427791805695e-06,,,,
3721,0.0003291419998276979,adam,3722,48.27459645271301,9.460356079174176e-07,0.0,0.006920172290274005,7.866208226881969e-06,,,,
3722,0.00032890355214476585,adam,3723,48.28575396537781,9.13495994171768e-07,0.0,0.007369549832615678,8.283046176822281e-06,,,,
3723,0.00032866516266949475,adam,3724,48.298219442367554,9.091311142489463e-07,0.0,0.006761898515080808,7.6710299505027e-06,,,,
3724,0.000328426860505715,adam,3725,48.310582876205444,9.22337689881293e-07,0.0,0.00655052957633135,7.472867577346103e-06,,,,
3725,0.0003281886165495962,adam,3726,48.321528673172,9.316329001252653e-07,0.0,0.007125609843185102,8.057243081758675e-06,,,,
3726,0.0003279504308011383,adam,3727,48.33275556564331,9.482488180355742e-07,0.0,0.006794216540309567,7.742465681053111e-06,,,,
3727,0.00032771212863735855,adam,3728,48.3434636592865,9.384109403424567e-07,0.0,0.0068043919264494344,7.742803189983166e-06,,,,
3728,0.00032747400109656155,adam,3729,48.354838371276855,9.357139941280306e-07,0.0,0.006750469234138872,7.686183548896985e-06,,,,
3729,0.0003272359899710864,adam,3730,48.36560082435608,9.186839244098471e-07,0.0,0.006951347248653255,7.87003150323438e-06,,,,
3730,0.00032699800794944167,adam,3731,48.378278970718384,9.104393806275794e-07,0.0,0.0067846998073440405,7.695139510227569e-06,,,,
3731,0.00032676002592779696,adam,3732,48.389338970184326,8.968747937149676e-07,0.0,0.006270772166348845,7.167647257909509e-06,,,,
3732,0.00032652204390615225,adam,3733,48.39916229248047,8.953923604181042e-07,0.0,0.006382198085582233,7.2775907491384795e-06,,,,
3733,0.00032628417829982936,adam,3734,48.40899610519409,9.01734226357281e-07,0.0,0.006056674315743549,6.958408829777423e-06,,,,
3734,0.00032604634179733694,adam,3735,48.41859197616577,9.141224226080462e-07,0.0,0.007319364919192575,8.233487689451801e-06,,,,
3735,0.0003258085926063359,adam,3736,48.429481744766235,9.267260974819003e-07,0.0,0.006860567797807187,7.787294221148572e-06,,,,
3736,0.00032557090162299573,adam,3737,48.44090914726257,9.371064712885029e-07,0.0,0.006472405856598508,7.409512635309793e-06,,,,
3737,0.00032533318153582513,adam,3738,48.451958656311035,9.381481318761537e-07,0.0,0.007192844783000496,8.130993256518444e-06,,,,
3738,0.00032509557786397636,adam,3739,48.465116024017334,9.468200049128687e-07,0.0,0.0065521143758319154,7.498934691953518e-06,,,,
3739,0.0003248580323997885,adam,3740,48.477129220962524,9.429540747774303e-07,0.0,0.0064062221503720885,7.349176529428743e-06,0.0002483927568544131,0.0,0.00674378206387208,0.0002551365392385976
3740,0.0003246205160394311,adam,3741,48.49718952178955,9.387415806945753e-07,0.0,0.007105983309896046,8.044725228106718e-06,,,,
3741,0.00032438302878290415,adam,3742,48.51012444496155,9.359922263917647e-07,0.0,0.00791789182554669,8.853884428018137e-06,,,,
3742,0.0003241455415263772,adam,3743,48.52206778526306,9.274150541365356e-07,0.0,0.007561743519485205,8.489158932785286e-06,,,,
3743,0.0003239082871004939,adam,3744,48.53486609458923,9.227846566897582e-07,0.0,0.006741380670999046,7.664165647887205e-06,,,,
3744,0.00032367094536311924,adam,3745,48.54555606842041,9.13772259351088e-07,0.0,0.006784784319593715,7.698556901204766e-06,,,,
3745,0.00032343374914489686,adam,3746,48.55621671676636,9.072078130486588e-07,0.0,0.007063133449211471,7.970341597740967e-06,,,,
3746,0.00032319652382284403,adam,3747,48.5678973197937,9.127044864288707e-07,0.0,0.006909875423075673,7.822580237706014e-06,,,,
3747,0.0003229592402931303,adam,3748,48.57955265045166,9.115403235814452e-07,0.0,0.007830099039825816,8.741639735317009e-06,,,,
3748,0.0003227221604902297,adam,3749,48.59057307243347,9.143628208791871e-07,0.0,0.0073798749970382105,8.29423816844265e-06,,,,
3749,0.00032248510979115963,adam,3750,48.6017701625824,9.197117285107784e-07,0.0,0.006724869730087615,7.644581778012565e-06,,,,
3750,0.00032224811729975045,adam,3751,48.61299109458923,9.157470185569838e-07,0.0,0.007377076609412103,8.292823978361424e-06,,,,
3751,0.0003220111830160022,adam,3752,48.623435974121094,9.139498056194269e-07,0.0,0.006921224015253226,7.835174149613154e-06,,,,
3752,0.00032177421962842345,adam,3753,48.63397979736328,9.174077689509482e-07,0.0,0.0069557463479234735,7.873154447254645e-06,,,,
3753,0.000321537401759997,adam,3754,48.644790172576904,9.180851778762796e-07,0.0,0.00766838852416383,8.58647406626902e-06,,,,
3754,0.000321300612995401,adam,3755,48.65636420249939,9.166382604366917e-07,0.0,0.006523055824145531,7.439694394410749e-06,,,,
3755,0.0003210638533346355,adam,3756,48.6673002243042,9.100827866625471e-07,0.0,0.006050198011778221,6.960281085809753e-06,,,,
3756,0.00032082718098536134,adam,3757,48.67860293388367,9.135321769078263e-07,0.0,0.005998043613235703,6.911576075035314e-06,,,,
3757,0.0003205905086360872,adam,3758,48.68971824645996,9.143333065254865e-07,0.0,0.006523618068286913,7.437951684667631e-06,,,,
3758,0.00032035395270213485,adam,3759,48.701050758361816,9.215402496457742e-07,0.0,0.006468940083493649,7.3904806403975895e-06,,,,
3759,0.0003201173967681825,adam,3760,48.71305871009827,9.16796820658879e-07,0.0,0.0071452238141623435,8.062020974201142e-06,0.00024604391694597335,0.0,0.006711587754630472,0.0002527555050193871
3760,0.0003198808990418911,adam,3761,48.733885765075684,9.247997203268337e-07,0.0,0.006329220517744368,7.254020538693045e-06,,,,
3761,0.00031964448862709105,adam,3762,48.745173931121826,9.098077709789952e-07,0.0,0.00667568576374352,7.585493851800574e-06,,,,
3762,0.00031940799090079963,adam,3763,48.7565233707428,9.268982930787383e-07,0.0,0.006859244934061523,7.786143552936914e-06,,,,
3763,0.00031917166779749095,adam,3764,48.76771140098572,9.211013126786663e-07,0.0,0.006539172066730218,7.460273690002891e-06,,,,
3764,0.00031893543200567365,adam,3765,48.77869701385498,9.203170840210687e-07,0.0,0.006806752282276464,7.727069689600918e-06,,,,
3765,0.0003186992253176868,adam,3766,48.78949046134949,9.230095348300287e-07,0.0,0.007169527140117254,8.092537015481549e-06,,,,
3766,0.0003184630477335304,adam,3767,48.799192667007446,9.209273034306093e-07,0.0,0.007001906008941391,7.92283364494469e-06,,,,
3767,0.00031822689925320446,adam,3768,48.809492349624634,9.222369571287783e-07,0.0,0.006188379599323999,7.110616850385036e-06,,,,
3768,0.00031799086718820035,adam,3769,48.81925845146179,9.146957253390499e-07,0.0,0.006999081052324038,7.9137771101016e-06,,,,
3769,0.00031775477691553533,adam,3770,48.82979965209961,9.228946376542257e-07,0.0,0.006324390317414988,7.247285255461634e-06,,,,
3770,0.00031751886126585305,adam,3771,48.84005093574524,9.282044041514039e-07,0.0,0.006453378035040183,7.381582745710596e-06,,,,
3771,0.00031728294561617076,adam,3772,48.850704193115234,9.369452050726477e-07,0.0,0.006165365405766154,7.102310903677946e-06,,,,
3772,0.0003170470881741494,adam,3773,48.86179733276367,9.657725144163332e-07,0.0,0.007099167564801441,8.06494041641014e-06,,,,
3773,0.00031681128893978894,adam,3774,48.87407350540161,9.574162140443283e-07,0.0,0.006105369944735079,7.062786448768919e-06,,,,
3774,0.0003165755479130894,adam,3775,48.88581109046936,9.508071594397273e-07,0.0,0.007418967771342872,8.36977528316466e-06,,,,
3775,0.0003163398359902203,adam,3776,48.89784383773804,9.194739403425813e-07,0.0,0.0067135165312622435,7.63299079047975e-06,,,,
3776,0.0003161042113788426,adam,3777,48.90879821777344,8.99291231073512e-07,0.0,0.006748263852771864,7.64755540437071e-06,,,,
3777,0.00031586852855980396,adam,3778,48.92167687416077,8.856281510260902e-07,0.0,0.007010310565661159,7.895939049659135e-06,,,,
3778,0.0003156329912599176,adam,3779,48.93607473373413,8.840564097841222e-07,0.0,0.00679548732312601,7.679544055678459e-06,,,,
3779,0.0003153975121676922,adam,3780,48.9476261138916,8.878279860124885e-07,0.0,0.006930938030947512,7.818766346161892e-06,0.0002455238649070564,0.0,0.006681113159377933,0.00025220497838377017
3780,0.0003151621203869581,adam,3781,48.96890735626221,8.908305217841432e-07,0.0,0.007006339392153253,7.89717024672066e-06,,,,
3781,0.000314926786813885,adam,3782,48.980027198791504,8.948221861816659e-07,0.0,0.006280519438210655,7.1753419227009875e-06,,,,
3782,0.00031469133682549,adam,3783,48.99130296707153,8.976383641784964e-07,0.0,0.006824729921716417,7.72236861005219e-06,,,,
3783,0.0003144560905639082,adam,3784,49.00270938873291,8.973530120327358e-07,0.0,0.006570345260916373,7.467698585023763e-06,,,,
3784,0.00031422090250998735,adam,3785,49.01304769515991,9.045170565431215e-07,0.0,0.006636476650027989,7.540994021786837e-06,,,,
3785,0.0003139857144560665,adam,3786,49.0232892036438,9.067623052275413e-07,0.0,0.0066719709280737595,7.578733550202915e-06,,,,
3786,0.00031375064281746745,adam,3787,49.0330126285553,9.102531827568178e-07,0.0,0.006988695980964167,7.898949495666232e-06,,,,
3787,0.00031351554207503796,adam,3788,49.04314923286438,9.05415878393749e-07,0.0,0.005976413021986475,6.881829184244611e-06,,,,
3788,0.00031328052864409983,adam,3789,49.05447506904602,9.055558091802961e-07,0.0,0.005969527652079192,6.875083744796838e-06,,,,
3789,0.0003130456025246531,adam,3790,49.06592845916748,9.001141567034466e-07,0.0,0.006286015485804069,7.18612994107723e-06,,,,
3790,0.00031281073461286724,adam,3791,49.07796335220337,8.929942880082155e-07,0.0,0.006794153081322914,7.687147692036084e-06,,,,
3791,0.0003125758084934205,adam,3792,49.08929967880249,8.868385673504181e-07,0.0,0.007322110462536847,8.208949377668851e-06,,,,
3792,0.000312341027893126,adam,3793,49.10104322433472,8.839067484490102e-07,0.0,0.006575294889376045,7.459201950134804e-06,,,,
3793,0.00031210630550049245,adam,3794,49.11245036125183,8.811827313203054e-07,0.0,0.005980436120090181,6.86161913546596e-06,,,,
3794,0.00031187167041935027,adam,3795,49.1250376701355,8.767964295932668e-07,0.0,0.006999940444681869,7.876737206754466e-06,,,,
3795,0.000311637093545869,adam,3796,49.13865804672241,8.785990658665319e-07,0.0,0.0065666714913197154,7.4452708690864065e-06,,,,
3796,0.0003114024002570659,adam,3797,49.150368213653564,8.783342785261051e-07,0.0,0.006884771522018359,7.763106127553563e-06,,,,
3797,0.000311167910695076,adam,3798,49.16202354431152,8.800574261131392e-07,0.0,0.0064058653711603995,7.285923101535817e-06,,,,
3798,0.00031093345023691654,adam,3799,49.17280435562134,8.795591009215092e-07,0.0,0.006251403214932253,7.130962612779482e-06,,,,
3799,0.00031069901888258755,adam,3800,49.183682441711426,8.993532661176891e-07,0.0,0.007207589853026309,8.106943461486146e-06,0.00024493002893022955,0.0,0.006650000149707956,0.0002515800293957956
3800,0.00031046473304741085,adam,3801,49.20367908477783,9.384899113497043e-07,0.0,0.00643374669134924,7.3722369082855144e-06,,,,
3801,0.0003102303890045732,adam,3802,49.21367955207825,9.64803920335088e-07,0.0,0.006626056198115866,7.5908604331717355e-06,,,,
3802,0.000309996132273227,adam,3803,49.22386908531189,9.673198428592485e-07,0.0,0.006468949192765478,7.436269342883326e-06,,,,
3803,0.00030976199195720255,adam,3804,49.23414373397827,9.610243738799406e-07,0.0,0.006343971140794245,7.304995815996645e-06,,,,
3804,0.00030952785164117813,adam,3805,49.245156049728394,9.293588684318641e-07,0.0,0.0066781249295243955,7.6074841151501735e-06,,,,
3805,0.0003092937695328146,adam,3806,49.25803065299988,9.057597685621213e-07,0.0,0.006677938578726613,7.5836986644737965e-06,,,,
3806,0.00030905965832062066,adam,3807,49.270214557647705,8.834429151118077e-07,0.0,0.00690887970857056,7.792322951836546e-06,,,,
3807,0.000308825692627579,adam,3808,49.28347086906433,8.71367687789488e-07,0.0,0.006519781564367765,7.39114956183026e-06,,,,
3808,0.0003085918433498591,adam,3809,49.295491218566895,8.726767574210065e-07,0.0,0.006772267590430587,7.644944669517043e-06,,,,
3809,0.00030835799407213926,adam,3810,49.3072874546051,8.80907678905026e-07,0.0,0.006278129305631578,7.159037282731745e-06,,,,
3810,0.0003081242030020803,adam,3811,49.324535608291626,8.962777348100023e-07,0.0,0.006767966193937259,7.664244250208405e-06,,,,
3811,0.0003078903828281909,adam,3812,49.335957527160645,9.045642237414859e-07,0.0,0.006472133842193453,7.376698373344801e-06,,,,
3812,0.0003076566499657929,adam,3813,49.34917116165161,9.134736513584487e-07,0.0,0.0059114631730956425,6.824937105233526e-06,,,,
3813,0.00030742306262254715,adam,3814,49.35935044288635,9.173234411353237e-07,0.0,0.0066321809381807185,7.549504694327734e-06,,,,
3814,0.0003071894752793014,adam,3815,49.3708770275116,9.166186224601225e-07,0.0,0.006531903173572932,7.448522106281808e-06,,,,
3815,0.00030695597524754703,adam,3816,49.38227939605713,9.001874361317847e-07,0.0,0.0068724840271681175,7.772671789725378e-06,,,,
3816,0.00030672247521579266,adam,3817,49.395561933517456,8.890481950356188e-07,0.0,0.006123680858660238,7.01272934455509e-06,,,,
3817,0.00030648906249552965,adam,3818,49.40737748146057,8.761835128330507e-07,0.0,0.0069002745099767514,7.776458350555255e-06,,,,
3818,0.00030625570798292756,adam,3819,49.417370557785034,8.715948389343011e-07,0.0,0.0065148585828151825,7.3864537311886625e-06,,,,
3819,0.00030602244078181684,adam,3820,49.42793107032776,8.781455797193826e-07,0.0,0.006758228386176164,7.63637428689417e-06,0.00024379258078631,0.0,0.006602048388920659,0.00025039462948881115
3820,0.0003057891735807061,adam,3821,49.451722145080566,8.800145490965413e-07,0.0,0.006578590177222331,7.458605038785139e-06,,,,
3821,0.00030555593548342586,adam,3822,49.46482467651367,8.944681940290191e-07,0.0,0.006221999686525797,7.116468176083944e-06,,,,
3822,0.0003053228138014674,adam,3823,49.47745132446289,8.864951121446236e-07,0.0,0.006175153695601491,7.061649101050178e-06,,,,
3823,0.00030508972122333944,adam,3824,49.49081468582153,8.759179084079224e-07,0.0,0.005922148407915082,6.79806659760996e-06,,,,
3824,0.0003048567450605333,adam,3825,49.503501892089844,8.681738421518077e-07,0.0,0.006296170232646807,7.164344373850653e-06,,,,
3825,0.00030462376889772713,adam,3826,49.51525044441223,8.712604464568326e-07,0.0,0.00655055308024034,7.421813837831748e-06,,,,
3826,0.0003043908509425819,adam,3827,49.52904796600342,8.716972067975818e-07,0.0,0.0066117493014183825,7.483446822257204e-06,,,,
3827,0.000304158020298928,adam,3828,49.54196071624756,8.623782060725759e-07,0.0,0.006243011685504165,7.1053901881038845e-06,,,,
3828,0.0003039252187591046,adam,3829,49.556947469711304,8.62702119547818e-07,0.0,0.006760520039758727,7.623222480414016e-06,,,,
3829,0.00030369250453077257,adam,3830,49.568501472473145,8.634605381743496e-07,0.0,0.0064906435032418795,7.354104349705253e-06,,,,
3830,0.00030345984851010144,adam,3831,49.58064293861389,8.864398260799528e-07,0.0,0.007108393131197209,7.994833294907718e-06,,,,
3831,0.0003032271342817694,adam,3832,49.59231448173523,9.131504803878743e-07,0.0,0.00605497742599442,6.9681281939782895e-06,,,,
3832,0.00030299456557258964,adam,3833,49.60437488555908,9.079661987701112e-07,0.0,0.007061874849112377,7.969841383303544e-06,,,,
3833,0.0003027620550710708,adam,3834,49.61587715148926,9.02059150570173e-07,0.0,0.006905493236483801,7.807552715047303e-06,,,,
3834,0.0003025296318810433,adam,3835,49.626187801361084,8.92369714326082e-07,0.0,0.006544829120798394,7.437199145987178e-06,,,,
3835,0.00030229720869101584,adam,3836,49.636438846588135,8.917223114430028e-07,0.0,0.006395430004123016,7.287152619332644e-06,,,,
3836,0.00030206478550098836,adam,3837,49.64696168899536,8.891642922570785e-07,0.0,0.0061391436825454756,7.028308266396232e-06,,,,
3837,0.00030183250783011317,adam,3838,49.656580686569214,8.715142176609204e-07,0.0,0.006813787963519673,7.685302504818155e-06,,,,
3838,0.0003016002883668989,adam,3839,49.66726493835449,8.66958909939891e-07,0.0,0.007087909624029149,7.954868870626682e-06,,,,
3839,0.000301368156215176,adam,3840,49.67875695228577,8.537356489231966e-07,0.0,0.005982852170153229,6.836588103246656e-06,0.0002426972606407055,0.0,0.006583461426871695,0.00024928072238027485
3840,0.0003011360240634531,adam,3841,49.702131271362305,8.53209303833211e-07,0.0,0.005760364863866224,6.613574441302085e-06,,,,
3841,0.00030090397922322154,adam,3842,49.713568449020386,8.701081812507251e-07,0.0,0.006686351524314646,7.556460023150027e-06,,,,
3842,0.0003006719925906509,adam,3843,49.728071451187134,8.8067083235471e-07,0.0,0.006235292355012986,7.115963483528191e-06,,,,
3843,0.0003004400641657412,adam,3844,49.740469217300415,8.925088412883858e-07,0.0,0.006987435512679864,7.879944685853629e-06,,,,
3844,0.0003002081939484924,adam,3845,49.75221300125122,8.795213475734344e-07,0.0,0.006812040364027149,7.691562035155139e-06,,,,
3845,0.00029997635283507407,adam,3846,49.76440215110779,8.738082797457973e-07,0.0,0.00671561526753794,7.589423866258346e-06,,,,
3846,0.0002997445408254862,adam,3847,49.77551817893982,8.640604281964554e-07,0.0,0.007339172622549688,8.203233399338137e-06,,,,
3847,0.0002995127870235592,adam,3848,49.787553787231445,8.656850761332548e-07,0.0,0.006218295805498048,7.083981176984505e-06,,,,
3848,0.0002992811787407845,adam,3849,49.79815101623535,8.709703986733205e-07,0.0,0.0069512546451461574,7.822225373986357e-06,,,,
3849,0.00029904957045800984,adam,3850,49.80979323387146,8.757121496331005e-07,0.0,0.006259239090778893,7.134951537709897e-06,,,,
3850,0.0002988180494867265,adam,3851,49.82024931907654,8.723957475827219e-07,0.0,0.00592917702321802,6.801573052421539e-06,,,,
3851,0.00029858649941161275,adam,3852,49.83020257949829,8.580103052350804e-07,0.0,0.00643907355859397,7.297084169668633e-06,,,,
3852,0.0002983550657518208,adam,3853,49.84021759033203,8.523138303632502e-07,0.0,0.006537057111354446,7.389371252211248e-06,,,,
3853,0.00029812369029968977,adam,3854,49.849554777145386,8.585476405372353e-07,0.0,0.0073637331017340265,8.222281092029817e-06,,,,
3854,0.00029789243126288056,adam,3855,49.85976791381836,8.697154586355152e-07,0.0,0.006326405573962975,7.196121333086631e-06,,,,
3855,0.00029766117222607136,adam,3856,49.8702871799469,8.860506491773675e-07,0.0,0.0060847798908596805,6.970830829048585e-06,,,,
3856,0.0002974300005007535,adam,3857,49.881842613220215,8.786900087900608e-07,0.0,0.006282902325511101,7.161592632723008e-06,,,,
3857,0.00029719891608692706,adam,3858,49.893263816833496,8.69090435940747e-07,0.0,0.006442882774309882,7.31197351627114e-06,,,,
3858,0.0002969678316731006,adam,3859,49.90472960472107,8.513823013065505e-07,0.0,0.006555716453333232,7.407099066019605e-06,,,,
3859,0.00029673680546693504,adam,3860,49.91555213928223,8.504521310276114e-07,0.0,0.007355846875176849,8.20629935558844e-06,0.00024111992989966853,0.0,0.006539928791192135,0.0002476598590014906
3860,0.00029650586657226086,adam,3861,49.93656587600708,8.917638386156951e-07,0.0,0.007265112636185971,8.156876819876e-06,,,,
3861,0.0002962748985737562,adam,3862,49.95057225227356,9.462371998044714e-07,0.0,0.006417350548338115,7.3635880529503815e-06,,,,
3862,0.00029604407609440386,adam,3863,49.96363091468811,1.0069031131838845e-06,0.0,0.006947460526420619,7.954363969591171e-06,,,,
3863,0.0002958133118227124,adam,3864,49.97577524185181,9.609856530602991e-07,0.0,0.006901805755214261,7.862791736092743e-06,,,,
3864,0.00029558257665485144,adam,3865,49.988219261169434,8.953242803173952e-07,0.0,0.0076227979817938725,8.518122624174744e-06,,,,
3865,0.00029535181238316,adam,3866,49.99962878227234,8.651315371695754e-07,0.0,0.006242970108672767,7.108101942367511e-06,,,,
3866,0.00029512119363062084,adam,3867,50.01108980178833,8.706701343163682e-07,0.0,0.006505632410283549,7.376302853600876e-06,,,,
3867,0.00029489066218957305,adam,3868,50.021459102630615,8.928725369802417e-07,0.0,0.0060093873136870275,6.90226013609785e-06,,,,
3868,0.0002946601889561862,adam,3869,50.03141379356384,8.854546430656883e-07,0.0,0.006819308810797133,7.70476377776261e-06,,,,
3869,0.00029442980303429067,adam,3870,50.04137873649597,8.907073670484608e-07,0.0,0.006414413056854789,7.305120728571522e-06,,,,
3870,0.00029419941711239517,adam,3871,50.05156850814819,8.643279408628496e-07,0.0,0.006324325276090969,7.188653517343151e-06,,,,
3871,0.0002939691476058215,adam,3872,50.06149196624756,8.514183404029008e-07,0.0,0.007161154792865214,8.012573473404717e-06,,,,
3872,0.0002937388780992478,adam,3873,50.0717658996582,8.634363201669552e-07,0.0,0.005895217805550647,6.758654405725423e-06,,,,
3873,0.00029350872500799596,adam,3874,50.08155846595764,8.820016202168834e-07,0.0,0.006623988593491252,7.505990528330711e-06,,,,
3874,0.00029327860102057457,adam,3875,50.091649293899536,9.104363019173333e-07,0.0,0.007078971524929071,7.98940816307951e-06,,,,
3875,0.00029304841882549226,adam,3876,50.103190422058105,9.030428215746146e-07,0.0,0.0063115862160954645,7.214629337454338e-06,,,,
3876,0.0002928184112533927,adam,3877,50.114086627960205,8.959219088612232e-07,0.0,0.006755644362707526,7.651566592444639e-06,,,,
3877,0.0002925884909927845,adam,3878,50.1262571811676,8.638073086883134e-07,0.0,0.006364083397153935,7.22789100811999e-06,,,,
3878,0.00029235859983600676,adam,3879,50.1383957862854,8.455100660030834e-07,0.0,0.006864822408397734,7.710332800462385e-06,,,,
3879,0.0002921287959907204,adam,3880,50.15075182914734,8.495027999332592e-07,0.0,0.006333349587681086,7.182852688432309e-06,0.00024103521192050554,0.0,0.006504972565284322,0.0002475401847947595
3880,0.00029189890483394265,adam,3881,50.174182415008545,8.642983863165383e-07,0.0,0.007263564422096178,8.127863153413514e-06,,,,
3881,0.0002916692174039781,adam,3882,50.18674063682556,8.720435812906543e-07,0.0,0.007066552211851807,7.93859612878568e-06,,,,
3882,0.0002914395881816745,adam,3883,50.19790744781494,8.576576212471448e-07,0.0,0.0061840039487478455,7.0416618637194165e-06,,,,
3883,0.0002912099880632013,adam,3884,50.209311723709106,8.5426708061783e-07,0.0,0.006387247478706956,7.241514862702762e-06,,,,
3884,0.0002909805625677109,adam,3885,50.22098684310913,8.429057993801642e-07,0.0,0.007006128932187933,7.849035064341366e-06,,,,
3885,0.00029075099155306816,adam,3886,50.231563329696655,8.396345268727371e-07,0.0,0.005898281671078746,6.737916478104831e-06,,,,
3886,0.00029052156605757773,adam,3887,50.24187970161438,8.44038419821094e-07,0.0,0.0071089671050550115,7.953005862533925e-06,,,,
3887,0.0002902922569774091,adam,3888,50.25122332572937,8.484013743355519e-07,0.0,0.0066095766537742195,7.457978342047817e-06,,,,
3888,0.0002900629478972405,adam,3889,50.26163840293884,8.532330352398651e-07,0.0,0.006931566372611542,7.784799737083144e-06,,,,
3889,0.0002898337261285633,adam,3890,50.27124738693237,8.498892284620604e-07,0.0,0.006354471653430074,7.204361183713343e-06,,,,
3890,0.0002896044752560556,adam,3891,50.28105545043945,8.483837562846846e-07,0.0,0.006302359424160329,7.150743479791024e-06,,,,
3891,0.00028937534079886973,adam,3892,50.29146075248718,8.44393149044246e-07,0.0,0.006598585672994518,7.442979135454766e-06,,,,
3892,0.0002891463227570057,adam,3893,50.30251336097717,8.422403849542526e-07,0.0,0.0061974585453857,7.039699224703438e-06,,,,
3893,0.0002889173338189721,adam,3894,50.313491344451904,8.404106879091871e-07,0.0,0.006499630756695683,7.340041753320766e-06,,,,
3894,0.0002886884321924299,adam,3895,50.32412338256836,8.379185332686943e-07,0.0,0.005788339860316981,6.626258668517066e-06,,,,
3895,0.0002884594432543963,adam,3896,50.33546757698059,8.431345694313042e-07,0.0,0.006389538751955872,7.2326736248739816e-06,,,,
3896,0.00028823065804317594,adam,3897,50.34753775596619,8.422235649308012e-07,0.0,0.006516598732771767,7.3588226072243995e-06,,,,
3897,0.00028800201835110784,adam,3898,50.359930992126465,8.460244816480167e-07,0.0,0.006633181702893178,7.47920649960042e-06,,,,
3898,0.0002877733495552093,adam,3899,50.372968673706055,8.329737986941282e-07,0.0,0.0063871677104793394,7.220141812547655e-06,,,,
3899,0.00028754473896697164,adam,3900,50.38486671447754,8.29701833101861e-07,0.0,0.006255197223527584,7.0848993537353705e-06,0.0002389360066559645,0.0,0.006481994668275271,0.000245418001632118
3900,0.0002873160701710731,adam,3901,50.40455746650696,8.332844262702658e-07,0.0,0.006258542458524313,7.091827182059394e-06,,,,
3901,0.00028708757599815726,adam,3902,50.4152557849884,8.402313706906789e-07,0.0,0.006177360063425686,7.0175917275252245e-06,,,,
3902,0.00028685914003290236,adam,3903,50.426679372787476,8.494449673196734e-07,0.0,0.00672102924429126,7.570474530842693e-06,,,,
3903,0.00028663079137913883,adam,3904,50.43732190132141,8.411172315489986e-07,0.0,0.006037044487590891,6.878162005884116e-06,,,,
3904,0.0002864024427253753,adam,3905,50.44716238975525,8.420686325913504e-07,0.0,0.006154354715093118,6.9964236400006326e-06,,,,
3905,0.00028617409407161176,adam,3906,50.456671476364136,8.375702260631562e-07,0.0,0.006113177777805617,6.950748294229137e-06,,,,
3906,0.0002859459491446614,adam,3907,50.46653628349304,8.416545990790303e-07,0.0,0.006049946210024684,6.891601096460739e-06,,,,
3907,0.0002857178042177111,adam,3908,50.47634148597717,8.33926802448356e-07,0.0,0.006379090781750204,7.213017887189114e-06,,,,
3908,0.0002854897466022521,adam,3909,50.486600160598755,8.336816072478303e-07,0.0,0.0058152187229485045,6.648900606404403e-06,,,,
3909,0.0002852617471944541,adam,3910,50.49758768081665,8.379096802277009e-07,0.0,0.007162478529964434,8.00038855039161e-06,,,,
3910,0.0002850337768904865,adam,3911,50.50891876220703,8.349569223686259e-07,0.0,0.00625433005352944,7.089287272962803e-06,,,,
3911,0.00028480589389801025,adam,3912,50.52016639709473,8.415602001349734e-07,0.0,0.005945191682946072,6.786752165462498e-06,,,,
3912,0.0002845780982170254,adam,3913,50.532431840896606,8.400209144953768e-07,0.0,0.006059147846867749,6.899169049157206e-06,,,,
3913,0.000284350331639871,adam,3914,50.54926419258118,8.401041798113015e-07,0.0,0.006235061137136489,7.075165613097303e-06,,,,
3914,0.0002841226232703775,adam,3915,50.5611526966095,8.397229872664647e-07,0.0,0.006795653576849855,7.635376886892545e-06,,,,
3915,0.00028389491490088403,adam,3916,50.5745575428009,8.497449864971158e-07,0.0,0.006080249854654051,6.929995129947539e-06,,,,
3916,0.00028366735205054283,adam,3917,50.58648729324341,8.619461643253688e-07,0.0,0.005936611886438896,6.798558332738198e-06,,,,
3917,0.0002834398183040321,adam,3918,50.59814119338989,8.62593037542716e-07,0.0,0.006127893937557299,6.990487266159359e-06,,,,
3918,0.00028321234276518226,adam,3919,50.60901165008545,8.587750968955279e-07,0.0,0.005752218410571922,6.610993780683163e-06,,,,
3919,0.00028298498364165425,adam,3920,50.61974859237671,8.443489496509862e-07,0.0,0.006339200762849112,7.1835500135959774e-06,0.0002386003179744384,0.0,0.006456555361976681,0.000245056873643085
3920,0.00028275756631046534,adam,3921,50.64033818244934,8.336109854249088e-07,0.0,0.00629910155110344,7.132712835719618e-06,,,,
3921,0.00028253032360225916,adam,3922,50.65089154243469,8.351206165476522e-07,0.0,0.006916156490496032,7.751277435543491e-06,,,,
3922,0.00028230310999788344,adam,3923,50.66219687461853,8.304718535884884e-07,0.0,0.006882190822834588,7.7126630033096e-06,,,,
3923,0.0002820759837049991,adam,3924,50.672483682632446,8.397865238587309e-07,0.0,0.006701643716571831,7.5414305587415575e-06,,,,
3924,0.0002818488865159452,adam,3925,50.682727336883545,8.52305699573371e-07,0.0,0.006550621582482882,7.402927593194083e-06,,,,
3925,0.00028162190574221313,adam,3926,50.69285798072815,8.658892795439998e-07,0.0,0.006642049209762995,7.507938804787403e-06,,,,
3926,0.0002813949540723115,adam,3927,50.70368313789368,8.603740239815289e-07,0.0,0.006472620082272482,7.332994413686968e-06,,,,
3927,0.00028116803150624037,adam,3928,50.71468806266785,8.390694931009742e-07,0.0,0.00670197339388655,7.541043205314179e-06,,,,
3928,0.00028094122535549104,adam,3929,50.72615885734558,8.274733236037356e-07,0.0,0.006364086202155925,7.191559828037536e-06,,,,
3929,0.00028071447741240263,adam,3930,50.738224267959595,8.260057531315099e-07,0.0,0.005718219287084474,6.544225311816826e-06,,,,
3930,0.00028048764215782285,adam,3931,50.75052285194397,8.36924093214231e-07,0.0,0.006898140150500491,7.735064571358798e-06,,,,
3931,0.0002802610397338867,adam,3932,50.76296615600586,8.595878291081996e-07,0.0,0.00605429778738092,6.913885904052834e-06,,,,
3932,0.0002800344955176115,adam,3933,50.775853633880615,8.618293495138771e-07,0.0,0.0067466345167798486,7.608464186741671e-06,,,,
3933,0.00027980798040516675,adam,3934,50.78917980194092,8.392270195417419e-07,0.0,0.006662190380248647,7.501417716227452e-06,,,,
3934,0.00027958149439655244,adam,3935,50.80113244056702,8.284942562361187e-07,0.0,0.007363070004211256,8.191564610174434e-06,,,,
3935,0.0002793550374917686,adam,3936,50.81396794319153,8.389200781431069e-07,0.0,0.006825594655576942,7.664515057918399e-06,,,,
3936,0.00027912872610613704,adam,3937,50.82558059692383,8.53105220123526e-07,0.0,0.006850691338715943,7.703796884229848e-06,,,,
3937,0.00027890244382433593,adam,3938,50.83658266067505,8.375432873212724e-07,0.0,0.006678369981572891,7.5159135860997155e-06,,,,
3938,0.00027867627795785666,adam,3939,50.84752559661865,8.282697382712105e-07,0.0,0.006944872579926134,7.773142648061091e-06,,,,
3939,0.00027845014119520783,adam,3940,50.857868909835815,8.273743767435382e-07,0.0,0.006150139791493139,6.977514460352643e-06,0.00023767419328268852,0.0,0.006408364962651318,0.00024408255854972084
3940,0.0002782240626402199,adam,3941,50.87567853927612,8.388820583296348e-07,0.0,0.006486772158702716,7.325654525137496e-06,,,,
3941,0.00027799804229289293,adam,3942,50.885910511016846,8.530386603958356e-07,0.0,0.0061356752983843035,6.988714250209078e-06,,,,
3942,0.00027777213836088777,adam,3943,50.89566779136658,8.366414261443384e-07,0.0,0.006035247899824402,6.871889612627634e-06,,,,
3943,0.00027754626353271306,adam,3944,50.90677309036255,8.200739320169542e-07,0.0,0.0062903859429377425,7.110460173731997e-06,,,,
3944,0.00027732033049687743,adam,3945,50.917603969573975,8.16183952577598e-07,0.0,0.006953717586458141,7.769901869319601e-06,,,,
3945,0.00027709457208402455,adam,3946,50.92836308479309,8.252088472483093e-07,0.0,0.0059428646343113725,6.768073763830605e-06,,,,
3946,0.0002768689300864935,adam,3947,50.94004797935486,8.31535598986459e-07,0.0,0.007570615966814518,8.40215192538594e-06,,,,
3947,0.00027664328808896244,adam,3948,50.951030015945435,8.286535349955176e-07,0.0,0.006243245311487418,7.071899143021176e-06,,,,
3948,0.00027641773340292275,adam,3949,50.96409273147583,8.322438477794692e-07,0.0,0.006285588603005822,7.1178327493347304e-06,,,,
3949,0.00027619217871688306,adam,3950,50.97636699676514,8.311817523659225e-07,0.0,0.006766969820926141,7.598151894705883e-06,,,,
3950,0.00027596671134233475,adam,3951,50.98853516578674,8.283462440084436e-07,0.0,0.006434249986996732,7.262596536615651e-06,,,,
3951,0.00027574136038310826,adam,3952,51.00209403038025,8.341527430406333e-07,0.0,0.006573820602324637,7.407973657604995e-06,,,,
3952,0.0002755160385277122,adam,3953,51.01366949081421,8.469934855110463e-07,0.0,0.005741272505333631,6.5882662635404885e-06,,,,
3953,0.000275290833087638,adam,3954,51.024558305740356,8.531656336476313e-07,0.0,0.005869626647911538,6.722792560351475e-06,,,,
3954,0.00027506565675139427,adam,3955,51.03563928604126,8.43458273042872e-07,0.0,0.006310785870846627,7.1542444436357436e-06,,,,
3955,0.00027484053862281144,adam,3956,51.0466685295105,8.32650100867214e-07,0.0,0.006044992545043102,6.877642933032055e-06,,,,
3956,0.0002746154787018895,adam,3957,51.05694103240967,8.263862090386809e-07,0.0,0.006043803791671137,6.870190287775094e-06,,,,
3957,0.0002743905643001199,adam,3958,51.066810607910156,8.258812504293453e-07,0.0,0.006223912970952893,7.049794517002241e-06,,,,
3958,0.00027416564989835024,adam,3959,51.077396631240845,8.406990106628518e-07,0.0,0.006475201410957651,7.315900729176067e-06,,,,
3959,0.0002739406772889197,adam,3960,51.08733344078064,8.38469271949138e-07,0.0,0.006763424516966198,7.601894110160763e-06,0.0002365226206566571,0.0,0.006382660833091128,0.00024290528179290834
3960,0.00027371590840630233,adam,3961,51.1053524017334,8.454298651563435e-07,0.0,0.00675986212833431,7.605292314566876e-06,,,,
3961,0.00027349116862751544,adam,3962,51.11736869812012,8.359947460380638e-07,0.0,0.006527663740478652,7.363658796564106e-06,,,,
3962,0.0002732665161602199,adam,3963,51.12838053703308,8.316559125890512e-07,0.0,0.006396694653845526,7.228350870261271e-06,,,,
3963,0.0002730419219005853,adam,3964,51.14008355140686,8.295066494436694e-07,0.0,0.006041343218434683,6.8708501548267575e-06,,,,
3964,0.0002728173276409507,adam,3965,51.152175188064575,8.21628867097395e-07,0.0,0.007088635577402998,7.910264781192517e-06,,,,
3965,0.0002725928497966379,adam,3966,51.16659593582153,8.233525666184327e-07,0.0,0.006368238390663895,7.191591259757421e-06,,,,
3966,0.000272368430159986,adam,3967,51.17902612686157,8.3257640078182e-07,0.0,0.006158028006346612,6.990604699619067e-06,,,,
3967,0.00027214412693865597,adam,3968,51.19230675697327,8.272925912615955e-07,0.0,0.006746040738984863,7.5733336506662e-06,,,,
3968,0.0002719198528211564,adam,3969,51.20368790626526,8.272700262650294e-07,0.0,0.007066794260575526,7.894064622495271e-06,,,,
3969,0.0002716956951189786,adam,3970,51.21443438529968,8.219369889032614e-07,0.0,0.0068343800675418525,7.65631738106075e-06,,,,
3970,0.00027147153741680086,adam,3971,51.22560143470764,8.229325057494928e-07,0.0,0.006721887296784678,7.544820121806685e-06,,,,
3971,0.0002712474961299449,adam,3972,51.236567735672,8.211270597616215e-07,0.0,0.006000413681907265,6.821541026673242e-06,,,,
3972,0.000271023454843089,adam,3973,51.2475323677063,8.224337660862408e-07,0.0,0.005879828792354899,6.702262837718021e-06,,,,
3973,0.0002707995299715549,adam,3974,51.257843017578125,8.269589788362556e-07,0.0,0.006128407648373857,6.955366918293856e-06,,,,
3974,0.0002705755759961903,adam,3975,51.26789665222168,8.243245314037698e-07,0.0,0.006004363921409997,6.82868873800575e-06,,,,
3975,0.00027035173843614757,adam,3976,51.27802348136902,8.232342139738619e-07,0.0,0.005767996249112433,6.591230737051416e-06,,,,
3976,0.0002701279881875962,adam,3977,51.287473917007446,8.157762976969664e-07,0.0,0.006280752938438973,7.0965295344556965e-06,,,,
3977,0.0002699043252505362,adam,3978,51.297492027282715,8.20045872290028e-07,0.0,0.006676121783177184,7.49616797256598e-06,,,,
3978,0.0002696807205211371,adam,3979,51.307822465896606,8.187754545250719e-07,0.0,0.006669365027802177,7.48814079910509e-06,,,,
3979,0.0002694570866879076,adam,3980,51.318318367004395,8.119785944532389e-07,0.0,0.006496452726413577,7.308431629431763e-06,0.00023583708466575376,0.0,0.0063505588468543315,0.00024218764381424344
3980,0.0002692336274776608,adam,3981,51.34016251564026,8.064581475381998e-07,0.0,0.005993154872970603,6.799613305168384e-06,,,,
3981,0.0002690102264750749,adam,3982,51.35160803794861,8.065640334614625e-07,0.0,0.005982186071757136,6.78875038935719e-06,,,,
3982,0.00026878685457631946,adam,3983,51.36642789840698,8.209654623611669e-07,0.0,0.006894391119950327,7.715356909777501e-06,,,,
3983,0.0002685635699890554,adam,3984,51.37896466255188,8.280855807669557e-07,0.0,0.006465316044216719,7.293401932069709e-06,,,,
3984,0.0002683403727132827,adam,3985,51.39227104187012,8.28670444751105e-07,0.0,0.006705777280446745,7.53444804370518e-06,,,,
3985,0.0002681172336451709,adam,3986,51.40517258644104,8.221071388215696e-07,0.0,0.00608260736696776,6.9047147946976776e-06,,,,
3986,0.00026789415278472006,adam,3987,51.41726303100586,8.177139950878703e-07,0.0,0.006465669114163098,7.283383416353772e-06,,,,
3987,0.00026767115923576057,adam,3988,51.42827248573303,8.190841558820918e-07,0.0,0.006669533374627964,7.488617847295893e-06,,,,
3988,0.00026744819479063153,adam,3989,51.43946886062622,8.118042398670357e-07,0.0,0.0063536749374553565,7.165479479105758e-06,,,,
3989,0.0002672252303455025,adam,3990,51.45018196105957,8.134128428682341e-07,0.0,0.006641195835996825,7.454608994304934e-06,,,,
3990,0.00026700241141952574,adam,3991,51.46039271354675,8.116833219830058e-07,0.0,0.006019639596325326,6.831323204225871e-06,,,,
3991,0.00026677967980504036,adam,3992,51.47061276435852,8.177113748545429e-07,0.0,0.006873498936535953,7.691210637864177e-06,,,,
3992,0.00026655697729438543,adam,3993,51.48136854171753,8.147920064498086e-07,0.0,0.007103051773918916,7.91784411774558e-06,,,,
3993,0.0002663343620952219,adam,3994,51.49140214920044,8.144079537444828e-07,0.0,0.006603301270933545,7.417709538318008e-06,,,,
3994,0.00026611171779222786,adam,3995,51.50140070915222,8.125982308416977e-07,0.0,0.007061303659248089,7.873902225483713e-06,,,,
3995,0.0002658892481122166,adam,3996,51.51123905181885,8.142303363417038e-07,0.0,0.006112637795796577,6.9268684224729965e-06,,,,
3996,0.00026566683663986623,adam,3997,51.522669315338135,8.252108272084998e-07,0.0,0.006950336772135489,7.775547929467272e-06,,,,
3997,0.0002654444833751768,adam,3998,51.533896684646606,8.293503011989124e-07,0.0,0.0069110762284847055,7.740426857942124e-06,,,,
3998,0.00026522224652580917,adam,3999,51.54696559906006,8.230290612340795e-07,0.0,0.007195471513958426,8.018500916959064e-06,,,,
3999,0.00026500000967644155,adam,4000,51.55843234062195,8.217918583796946e-07,0.0,0.006355708259138514,7.177500419398152e-06,0.00023447811647441333,0.0,0.006317369776449188,0.0002407954865509215
4000,0.0002647778601385653,adam,4001,51.58406400680542,8.117009277287753e-07,0.0,0.006432662159753406,7.244363393017239e-06,,,,
4001,0.00026455576880834997,adam,4002,51.598024129867554,8.087559362759684e-07,0.0,0.005993762445882362,6.802518666846771e-06,,,,
4002,0.000264333764789626,adam,4003,51.610841035842896,8.108907326735058e-07,0.0,0.006305916132171647,7.116807164360097e-06,,,,
4003,0.00026411181897856295,adam,4004,51.62316131591797,8.071876541559441e-07,0.0,0.0062554923969884,7.062680348264289e-06,,,,
4004,0.0002638898731674999,adam,4005,51.6352264881134,8.098938816606043e-07,0.0,0.006218533597694304,7.028427774719405e-06,,,,
4005,0.0002636680437717587,adam,4006,51.64692211151123,8.075461632344067e-07,0.0,0.007147743284567908,7.955289787301903e-06,,,,
4006,0.0002634463016875088,adam,4007,51.65802216529846,8.180833338915553e-07,0.0,0.007193824514037442,8.011908189617326e-06,,,,
4007,0.00026322464691475034,adam,4008,51.6686954498291,8.208103346314216e-07,0.0,0.006109117607330303,6.9299282321292406e-06,,,,
4008,0.0002630030212458223,adam,4009,51.67949867248535,8.162649315281425e-07,0.0,0.006335474769191842,7.151740001638889e-06,,,,
4009,0.0002627813955768943,adam,4010,51.68967270851135,8.200989077211943e-07,0.0,0.006146370344930744,6.966469544588865e-06,,,,
4010,0.000262559944530949,adam,4011,51.700188875198364,8.060966101607249e-07,0.0,0.006505701825292547,7.311798744457528e-06,,,,
4011,0.0002623384934850037,adam,4012,51.71023488044739,8.005583297723739e-07,0.0,0.006537443441682361,7.338002081966637e-06,,,,
4012,0.00026211730437353253,adam,4013,51.72133255004883,8.103320444398732e-07,0.0,0.006091660655964109,6.901992989742337e-06,,,,
4013,0.00026189591153524816,adam,4014,51.73245716094971,8.032317951104177e-07,0.0,0.0060488526510871,6.852084733502603e-06,,,,
4014,0.00026167475152760744,adam,4015,51.74700450897217,8.020196441938232e-07,0.0,0.007283519739572497,8.085539729714944e-06,,,,
4015,0.0002614535915199667,adam,4016,51.758347272872925,8.013849657563834e-07,0.0,0.006593303748779162,7.394689027700669e-06,,,,
4016,0.00026123254792764783,adam,4017,51.769776582717896,8.051377355113312e-07,0.0,0.005785784607886016,6.59092261820737e-06,,,,
4017,0.00026101156254298985,adam,4018,51.781325340270996,8.088739941007825e-07,0.0,0.0056807128207788824,6.489587084699046e-06,,,,
4018,0.00026079051895067096,adam,4019,51.79386258125305,8.052912987097668e-07,0.0,0.0063562976092285135,7.161589209846217e-06,,,,
4019,0.00026056967908516526,adam,4020,51.805678844451904,8.050318356466937e-07,0.0,0.006240391059220811,7.045423191270175e-06,0.00023316602524550334,0.0,0.006281349330807602,0.00023944737487465904
4020,0.0002603488974273205,adam,4021,51.8272967338562,8.107224480311285e-07,0.0,0.006189035972294298,6.9997587142888605e-06,,,,
4021,0.00026012814487330616,adam,4022,51.83864998817444,8.053878343559843e-07,0.0,0.006269691747814211,7.075079879964574e-06,,,,
4022,0.00025990750873461366,adam,4023,51.85050368309021,8.107684105490077e-07,0.0,0.0061591692130988935,6.9699379161927405e-06,,,,
4023,0.00025968681438826025,adam,4024,51.86187028884888,8.249965749237261e-07,0.0,0.006556274590412724,7.381271476742783e-06,,,,
4024,0.0002594662946648896,adam,4025,51.87362194061279,8.294557043741951e-07,0.0,0.006387878749490173,7.217334757272328e-06,,,,
4025,0.0002592459786683321,adam,4026,51.885523557662964,8.113025559368772e-07,0.0,0.006434883504472444,7.246186366049887e-06,,,,
4026,0.00025902557536028326,adam,4027,51.89775633811951,7.993234832708337e-07,0.0,0.0065141194383796204,7.313443231054525e-06,,,,
4027,0.00025880528846755624,adam,4028,51.910351037979126,8.111212318432951e-07,0.0,0.0056925395054223775,6.503661007646791e-06,,,,
4028,0.00025858497247099876,adam,4029,51.92229390144348,8.340459244771176e-07,0.0,0.006190771389165702,7.024817607688682e-06,,,,
4029,0.0002583647728897631,adam,4030,51.9338743686676,8.40048089385776e-07,0.0,0.0066042557138754916,7.4443041169465815e-06,,,,
4030,0.0002581446897238493,adam,4031,51.947659492492676,8.33747731747658e-07,0.0,0.00638658042552591,7.220328460619861e-06,,,,
4031,0.0002579246647655964,adam,4032,51.958528995513916,8.078855662268424e-07,0.0,0.006270698713511389,7.0785845775804375e-06,,,,
4032,0.0002577046980150044,adam,4033,51.97010779380798,8.133811125335768e-07,0.0,0.006661245283772554,7.474626712698303e-06,,,,
4033,0.0002574846730567515,adam,4034,51.980939865112305,8.231806709331336e-07,0.0,0.006264475579599097,7.087656548078855e-06,,,,
4034,0.00025726488092914224,adam,4035,51.99367690086365,8.430897404290759e-07,0.0,0.006357353621773318,7.200443664160488e-06,,,,
4035,0.000257045088801533,adam,4036,52.00668549537659,8.435607762507387e-07,0.0,0.0063897312454259305,7.2332923251726175e-06,,,,
4036,0.000256825442193076,adam,4037,52.01759195327759,8.372543017386187e-07,0.0,0.007428802536905591,8.266057191493396e-06,,,,
4037,0.0002566058246884495,adam,4038,52.02881360054016,8.186673918387208e-07,0.0,0.0060767485076602575,6.8954161881290446e-06,,,,
4038,0.0002563861489761621,adam,4039,52.04035449028015,8.017129884942082e-07,0.0,0.0060390027415119715,6.840716016843419e-06,,,,
4039,0.0002561667934060097,adam,4040,52.052088260650635,8.19225599403075e-07,0.0,0.0068521635959547175,7.671389520818098e-06,0.00023301549121942708,0.0,0.006264327413884262,0.00023927981893085093
4040,0.00025594737962819636,adam,4041,52.07345223426819,8.348120358987342e-07,0.0,0.006198568432790643,7.033380763105579e-06,,,,
4041,0.0002557280531618744,adam,4042,52.083375215530396,8.485160077339033e-07,0.0,0.005751972554000606,6.600488834938545e-06,,,,
4042,0.0002555087557993829,adam,4043,52.093684673309326,8.389769102195976e-07,0.0,0.005976529464728339,6.815506658817854e-06,,,,
4043,0.0002552894875407219,adam,4044,52.10398006439209,8.256438928029258e-07,0.0,0.006560863123326585,7.386507327753788e-06,,,,
4044,0.0002550703356973827,adam,4045,52.11486101150513,8.116270637856728e-07,0.0,0.006779551160507607,7.591178546304681e-06,,,,
4045,0.0002548513002693653,adam,4046,52.126705169677734,8.009904700774105e-07,0.0,0.00626334857440553,7.064339341976034e-06,,,,
4046,0.0002546322939451784,adam,4047,52.13815236091614,8.030720786896568e-07,0.0,0.006018917444872974,6.821989809445869e-06,,,,
4047,0.00025441337493248284,adam,4048,52.15170502662659,8.031109676045861e-07,0.0,0.005792664940487039,6.595776183228447e-06,,,,
4048,0.00025419442681595683,adam,4049,52.163100242614746,8.004471386499399e-07,0.0,0.0066485941615178935,7.449041615959111e-06,,,,
4049,0.000253975682426244,adam,4050,52.17556858062744,8.010447976604283e-07,0.0,0.006555273379718463,7.3563184887376695e-06,,,,
4050,0.0002537569380365312,adam,4051,52.18771576881409,7.966789286337325e-07,0.0,0.005961423532554655,6.758102744340812e-06,,,,
4051,0.0002535383100621402,adam,4052,52.2004234790802,7.888947492901244e-07,0.0,0.00646619406839272,7.255089124810583e-06,,,,
4052,0.00025331974029541016,adam,4053,52.213093519210815,7.884980611306944e-07,0.0,0.005828438081145679,6.616936419112327e-06,,,,
4053,0.00025310125784017146,adam,4054,52.22537398338318,7.940083763960362e-07,0.0,0.006039436672873992,6.833445336127878e-06,,,,
4054,0.00025288283359259367,adam,4055,52.23750829696655,8.062412395668737e-07,0.0,0.0057321288716789594,6.538370383507345e-06,,,,
4055,0.0002526644675526768,adam,4056,52.24923801422119,8.097573479134501e-07,0.0,0.00595951323649146,6.7692708674666e-06,,,,
4056,0.00025244615972042084,adam,4057,52.261080741882324,8.055546122361359e-07,0.0,0.005256464219632752,6.0620190815375405e-06,,,,
4057,0.0002522279683034867,adam,4058,52.27280879020691,8.024628216535676e-07,0.0,0.006399646745087882,7.202109870708359e-06,,,,
4058,0.0002520096895750612,adam,4059,52.28273391723633,7.938276786730212e-07,0.0,0.00661749412328041,7.411322116267537e-06,,,,
4059,0.0002517916727811098,adam,4060,52.29290747642517,7.921783323219304e-07,0.0,0.006340389518429539,7.1325681519038116e-06,0.00023195543290968154,0.0,0.006224849626487422,0.00023818028283183345
4060,0.0002515736559871584,adam,4061,52.311009883880615,7.874660234943324e-07,0.0,0.006421876502236944,7.209342830754043e-06,,,,
4061,0.0002513557265046984,adam,4062,52.32110619544983,7.889310237834069e-07,0.0,0.006266577659075158,7.055508980505032e-06,,,,
4062,0.00025113782612606883,adam,4063,52.332456827163696,7.957393482858343e-07,0.0,0.006228572213854064,7.024311857981204e-06,,,,
4063,0.0002509199839551002,adam,4064,52.343788623809814,7.928207300088454e-07,0.0,0.006550990826899184,7.343811868063397e-06,,,,
4064,0.00025070225819945335,adam,4065,52.3604257106781,7.927145535065392e-07,0.0,0.006157217109685447,6.949931955644106e-06,,,,
4065,0.00025048459065146744,adam,4066,52.37259769439697,7.904357569553243e-07,0.0,0.005621105138869763,6.411541162813255e-06,,,,
4066,0.00025026703951880336,adam,4067,52.383907079696655,7.846260121033029e-07,0.0,0.005639523071144634,6.424149351110909e-06,,,,
4067,0.00025004951748996973,adam,4068,52.395545959472656,7.938856195863672e-07,0.0,0.005975364953824674,6.769250857225647e-06,,,,
4068,0.00024983208277262747,adam,4069,52.40829157829285,7.962152382669043e-07,0.0,0.006328561482419767,7.124777021277212e-06,,,,
4069,0.00024961470626294613,adam,4070,52.42195248603821,7.942146622720323e-07,0.0,0.006098440440185393,6.892655392117803e-06,,,,
4070,0.00024939741706475616,adam,4071,52.4334499835968,7.928318979367076e-07,0.0,0.006347737153844831,7.140569353282875e-06,,,,
4071,0.0002491801860742271,adam,4072,52.444988489151,7.862507753905745e-07,0.0,0.006239823095661437,7.026074167427705e-06,,,,
4072,0.0002489630423951894,adam,4073,52.45802640914917,7.790709713232262e-07,0.0,0.006321466075942406,7.10053734751916e-06,,,,
4073,0.00024874586961232126,adam,4074,52.46973490715027,7.805955200064694e-07,0.0,0.00656898757521468,7.349583407231317e-06,,,,
4074,0.00024852887145243585,adam,4075,52.481303691864014,7.84787889647653e-07,0.0,0.00620223593845479,6.987024122692843e-06,,,,
4075,0.00024831193150021136,adam,4076,52.49158477783203,7.795663288728543e-07,0.0,0.00639579269954888,7.175359332205587e-06,,,,
4076,0.0002480950497556478,adam,4077,52.5016086101532,7.802488981609387e-07,0.0,0.005474115676248181,6.254364834415662e-06,,,,
4077,0.00024787825532257557,adam,4078,52.51192235946655,7.825570340969764e-07,0.0,0.006561972474007257,7.344529819781202e-06,,,,
4078,0.00024766146088950336,adam,4079,52.52267265319824,7.816178077661336e-07,0.0,0.005950535767265542,6.732153857666958e-06,,,,
4079,0.00024744481197558343,adam,4080,52.53350234031677,7.824045386790705e-07,0.0,0.005993565527767462,6.775970351125619e-06,0.00023110549428496352,0.0,0.006211386490746342,0.0002373168810707349
4080,0.0002472282503731549,adam,4081,52.554957151412964,7.819489982229306e-07,0.0,0.006779057625735757,7.561006945946648e-06,,,,
4081,0.00024701174697838724,adam,4082,52.56760907173157,7.831964882496309e-07,0.0,0.006482042324210579,7.2652391203406995e-06,,,,
4082,0.0002467953017912805,adam,4083,52.579275608062744,7.815678886658044e-07,0.0,0.006463013563122804,7.24458175876528e-06,,,,
4083,0.00024657894391566515,adam,4084,52.59400796890259,7.791960834922957e-07,0.0,0.006194715928695244,6.973912306420758e-06,,,,
4084,0.00024636267335154116,adam,4085,52.606114625930786,7.800046160559953e-07,0.0,0.005499622299112586,6.279627176386624e-06,,,,
4085,0.0002461464609950781,adam,4086,52.618942737579346,7.786563713271432e-07,0.0,0.006239540895863807,7.018197563553239e-06,,,,
4086,0.0002459303068462759,adam,4087,52.63184332847595,7.826779995179188e-07,0.0,0.005820535615077619,6.603213891056145e-06,,,,
4087,0.00024571415269747376,adam,4088,52.64325976371765,7.865719869980817e-07,0.0,0.006047576808786322,6.834149083028889e-06,,,,
4088,0.0002454981440678239,adam,4089,52.654807567596436,7.907818927081252e-07,0.0,0.006759148555618813,7.549930769369268e-06,,,,
4089,0.0002452822227496654,adam,4090,52.667189598083496,7.996984048424893e-07,0.0,0.005606987843148701,6.406686514308822e-06,,,,
4090,0.0002450663596391678,adam,4091,52.67907381057739,7.900804328877274e-07,0.0,0.00659769951068548,7.3877802569471185e-06,,,,
4091,0.000244850612943992,adam,4092,52.69031047821045,7.746015584260423e-07,0.0,0.00611368626074252,6.8882881095530775e-06,,,,
4092,0.00024463480804115534,adam,4093,52.70097279548645,7.732339960713636e-07,0.0,0.006102629630015479,6.875863915946197e-06,,,,
4093,0.0002444191777613014,adam,4094,52.71131491661072,7.832921374802869e-07,0.0,0.006426747695149037,7.210040137883459e-06,,,,
4094,0.00024420360568910837,adam,4095,52.72248029708862,7.963974362941106e-07,0.0,0.006732199806825892,7.528597562882335e-06,,,,
4095,0.0002439881063764915,adam,4096,52.732417345047,7.866015189680458e-07,0.0,0.00661789290653713,7.404494739838223e-06,,,,
4096,0.00024377267982345074,adam,4097,52.744025468826294,7.765872851998719e-07,0.0,0.005967001107833346,6.743588676450562e-06,,,,
4097,0.00024355734058190137,adam,4098,52.75560736656189,7.748522252897287e-07,0.0,0.0066515777557708015,7.42643029699352e-06,,,,
4098,0.00024334207409992814,adam,4099,52.76732635498047,7.748179148751353e-07,0.0,0.005725933030319461,6.5007512171618215e-06,,,,
4099,0.00024312688037753105,adam,4100,52.778435707092285,7.78304514832907e-07,0.0,0.005929142333766962,6.707447130219018e-06,0.000229463193085486,0.0,0.006175625640165243,0.00023563881901897773
4100,0.00024291177396662533,adam,4101,52.80058765411377,7.856559712172563e-07,0.0,0.006209069141291117,6.994725407423333e-06,,,,
4101,0.00024269672576338053,adam,4102,52.81320834159851,7.852820176903447e-07,0.0,0.006313071189272007,7.098353506817143e-06,,,,
4102,0.00024248164845630527,adam,4103,52.82669138908386,7.86073405818203e-07,0.0,0.006807606456508452,7.5936801856706115e-06,,,,
4103,0.00024226673122029752,adam,4104,52.83947229385376,7.815718506180289e-07,0.0,0.006138943986102527,6.920516128304749e-06,,,,
4104,0.00024205191584769636,adam,4105,52.84994435310364,7.842605105720165e-07,0.0,0.00609965651461356,6.883917314903716e-06,,,,
4105,0.00024183715868275613,adam,4106,52.86048173904419,7.835080830776883e-07,0.0,0.005871423579868391,6.654931941823735e-06,,,,
4106,0.0002416224597254768,adam,4107,52.87195920944214,7.825657999915643e-07,0.0,0.00564690847867109,6.429474546876414e-06,,,,
4107,0.00024140776076819748,adam,4108,52.88330864906311,7.866487226212258e-07,0.0,0.0063789003156806065,7.165549341283339e-06,,,,
4108,0.00024119322188198566,adam,4109,52.89461326599121,7.793064746627273e-07,0.0,0.006330140634899482,7.109447410227755e-06,,,,
4109,0.00024097875575535,adam,4110,52.90550184249878,7.73701143354872e-07,0.0,0.006171706083840373,6.9454075203355536e-06,,,,
4110,0.0002407643769402057,adam,4111,52.91539812088013,7.69024703731978e-07,0.0,0.005697941663134146,6.466966637503831e-06,,,,
4111,0.00024055007088463753,adam,4112,52.92567825317383,7.656942733703438e-07,0.0,0.006217505794838801,6.983200363524823e-06,,,,
4112,0.00024033583758864552,adam,4113,52.93596363067627,7.691622405590522e-07,0.0,0.006104920976657397,6.874083507184637e-06,,,,
4113,0.00024012167705222964,adam,4114,52.94787287712097,7.707752338251043e-07,0.0,0.005987807342062244,6.758582860292937e-06,,,,
4114,0.00023990756017155945,adam,4115,52.95875954627991,7.701415634447906e-07,0.0,0.00588112012627597,6.651261969058977e-06,,,,
4115,0.00023969353060238063,adam,4116,52.970139026641846,7.747004930503703e-07,0.0,0.005846087024078723,6.620787794803327e-06,,,,
4116,0.0002394796028966084,adam,4117,52.98276877403259,7.703775579183448e-07,0.0,0.005945238324244035,6.715616164546047e-06,,,,
4117,0.0002392656315350905,adam,4118,52.99511384963989,7.707343740452401e-07,0.0,0.00631449031313327,7.085224987100706e-06,,,,
4118,0.00023905184934847057,adam,4119,53.00939226150513,7.676155862760967e-07,0.0,0.006600012082597494,7.367627982357343e-06,,,,
4119,0.0002388380962656811,adam,4120,53.02217388153076,7.677107328229024e-07,0.0,0.006872075752894836,7.639786812123822e-06,0.00022905963068487576,0.0,0.00614637646683869,0.00023520600744365166
4120,0.00023862445959821343,adam,4121,53.04549837112427,7.693010546076483e-07,0.0,0.005849956659588525,6.6192579920542046e-06,,,,
4121,0.00023841091024223715,adam,4122,53.057722330093384,7.707756479187824e-07,0.0,0.0061444052943358555,6.915181234098229e-06,,,,
4122,0.00023819728812668473,adam,4123,53.069305419921875,7.709508679758744e-07,0.0,0.0055780136251348655,6.3489647580521696e-06,,,,
4123,0.00023798388428986073,adam,4124,53.08021306991577,7.696654766864607e-07,0.0,0.0069543693550265144,7.724035162027794e-06,,,,
4124,0.00023777053866069764,adam,4125,53.091209411621094,7.674946536721931e-07,0.0,0.0066360719967794145,7.403566965648114e-06,,,,
4125,0.00023755728034302592,adam,4126,53.10194182395935,7.691461154344175e-07,0.0,0.006601247712290084,7.370394141266943e-06,,,,
4126,0.0002373440656810999,adam,4127,53.112525939941406,7.656812652780508e-07,0.0,0.006395880433903812,7.161562002969882e-06,,,,
4127,0.00023713095288258046,adam,4128,53.122575998306274,7.664394950327901e-07,0.0,0.006128657809549579,6.895097595677995e-06,,,,
4128,0.0002369178837398067,adam,4129,53.13385224342346,7.663694000137639e-07,0.0,0.005472301290450808,6.238670950384937e-06,,,,
4129,0.00023670491646043956,adam,4130,53.14526915550232,7.61746524479907e-07,0.0,0.006581726073731797,7.343472910826918e-06,,,,
4130,0.00023649200738873333,adam,4131,53.15715837478638,7.623031523805882e-07,0.0,0.006366657622372597,7.128961077153196e-06,,,,
4131,0.00023627917107660323,adam,4132,53.1685152053833,7.632572565278325e-07,0.0,0.006819824203657709,7.58308178410981e-06,,,,
4132,0.00023606634931638837,adam,4133,53.18052792549133,7.69073530805788e-07,0.0,0.006452035239715407,7.2211090769764245e-06,,,,
4133,0.0002358536730753258,adam,4134,53.19198203086853,7.697847043318065e-07,0.0,0.0068024697744646385,7.572254801896422e-06,,,,
4134,0.0002356410404900089,adam,4135,53.20258378982544,7.72442737264291e-07,0.0,0.0065215062319194245,7.29394927893864e-06,,,,
4135,0.00023542853887192905,adam,4136,53.21418857574463,7.655029472634268e-07,0.0,0.006238441954073108,7.003945197646628e-06,,,,
4136,0.00023521609546151012,adam,4137,53.227295875549316,7.678454335697194e-07,0.0,0.006908562555018851,7.676408316727684e-06,,,,
4137,0.00023500362294726074,adam,4138,53.23849844932556,7.731260907366416e-07,0.0,0.00626170364113374,7.0348300292853454e-06,,,,
4138,0.0002347913250559941,adam,4139,53.250208139419556,7.746209605454912e-07,0.0,0.006627893597517203,7.402514872870748e-06,,,,
4139,0.00023457908537238836,adam,4140,53.2615282535553,7.686126715323443e-07,0.0,0.0060102768400649926,6.778889797070169e-06,0.00022885208611589695,0.0,0.006135233603862707,0.0002349873200111676
4140,0.0002343670348636806,adam,4141,53.28411364555359,7.61533746884674e-07,0.0,0.005865543725899543,6.627077751382594e-06,,,,
4141,0.0002341549698030576,adam,4142,53.296045780181885,7.631121734398497e-07,0.0,0.006045696011951659,6.80880847254666e-06,,,,
4142,0.00023394287563860416,adam,4143,53.30690622329712,7.675757530293673e-07,0.0,0.006759074951859447,7.526651025927648e-06,,,,
4143,0.00023373095609713346,adam,4144,53.31743264198303,7.684827770896401e-07,0.0,0.00674133942367481,7.509822520960891e-06,,,,
4144,0.00023351909476332366,adam,4145,53.32899880409241,7.68068082534751e-07,0.0,0.006353290823106955,7.1213592074068274e-06,,,,
4145,0.0002333073498448357,adam,4146,53.34123969078064,7.592418428877582e-07,0.0,0.00561395528905167,6.373197398587996e-06,,,,
4146,0.0002330956340301782,adam,4147,53.351993799209595,7.589414963551089e-07,0.0,0.006049044748154792,6.807986531824109e-06,,,,
4147,0.00023288391821552068,adam,4148,53.3631956577301,7.746613428504014e-07,0.0,0.005896093485886153,6.670755108785968e-06,,,,
4148,0.0002326723770238459,adam,4149,53.374250411987305,7.784398819503301e-07,0.0,0.006282881432192132,7.061321612563316e-06,,,,
4149,0.00023246090859174728,adam,4150,53.38586950302124,7.696688148767187e-07,0.0,0.006476351660589851,7.246020783076767e-06,,,,
4150,0.00023224952747114003,adam,4151,53.39772891998291,7.670971035278988e-07,0.0,0.006231083887092615,6.998181286581117e-06,,,,
4151,0.00023203820455819368,adam,4152,53.40895104408264,7.649524886091229e-07,0.0,0.00564995242820787,6.414905185175333e-06,,,,
4152,0.00023182688164524734,adam,4153,53.4234082698822,7.693071047145644e-07,0.0,0.006092779127071769,6.862086521177814e-06,,,,
4153,0.0002316157188033685,adam,4154,53.43473958969116,7.72757174217348e-07,0.0,0.006085463097264661,6.858220560525996e-06,,,,
4154,0.00023140473058447242,adam,4155,53.44605374336243,7.660535573645463e-07,0.0,0.00638825006137619,7.154303922166333e-06,,,,
4155,0.00023119371326174587,adam,4156,53.457945823669434,7.67430812241718e-07,0.0,0.005771049173237984,6.538480259589829e-06,,,,
4156,0.00023098279780242592,adam,4157,53.470170974731445,7.755442414829458e-07,0.0,0.006089298275548128,6.864842806257221e-06,,,,
4157,0.0002307718386873603,adam,4158,53.4819118976593,7.700086103261009e-07,0.0,0.005402579078997382,6.17258794593222e-06,,,,
4158,0.00023056103964336216,adam,4159,53.49372482299805,7.618662521991013e-07,0.0,0.00623887998526184,7.000746533791839e-06,,,,
4159,0.00023035035701468587,adam,4160,53.50547552108765,7.654937898799325e-07,0.0,0.005767456666585029,6.532950730404454e-06,0.00022749020203834046,0.0,0.006096070937313417,0.0002335862732652017
4160,0.0002301397325936705,adam,4161,53.523953437805176,7.812508523138182e-07,0.0,0.005888738204275603,6.669989336289478e-06,,,,
4161,0.00022992918093223125,adam,4162,53.53476595878601,7.849800982596381e-07,0.0,0.005675312220663669,6.460292588486173e-06,,,,
4162,0.00022971861471887678,adam,4163,53.54564547538757,7.798591253917987e-07,0.0,0.006610276264119265,7.390135703482338e-06,,,,
4163,0.00022950822312850505,adam,4164,53.55622458457947,7.718166374400242e-07,0.0,0.007312534763313484,8.084351748080272e-06,,,,
4164,0.00022929790429770947,adam,4165,53.567909479141235,7.633991695119152e-07,0.0,0.006217713224121097,6.981112688958543e-06,,,,
4165,0.0002290876436745748,adam,4166,53.57958936691284,7.63430633333209e-07,0.0,0.006257651111484991,7.021082042040679e-06,,,,
4166,0.00022887739760335535,adam,4167,53.59299302101135,7.738047064674639e-07,0.0,0.006303458383895199,7.077263389760871e-06,,,,
4167,0.00022866739891469479,adam,4168,53.60525131225586,7.731915140088164e-07,0.0,0.005795117508075914,6.568309297338042e-06,,,,
4168,0.00022845741477794945,adam,4169,53.61687731742859,7.652597686508335e-07,0.0,0.00597160952429762,6.736869576584686e-06,,,,
4169,0.0002282474742969498,adam,4170,53.6296968460083,7.636088939929643e-07,0.0,0.005916159101867818,6.679768276863261e-06,,,,
4170,0.0002280376065755263,adam,4171,53.643518686294556,7.546379105219633e-07,0.0,0.0063177959006765275,7.072434111277695e-06,,,,
4171,0.00022782772430218756,adam,4172,53.656187772750854,7.544899030470584e-07,0.0,0.006167650877093483,6.922141073088238e-06,,,,
4172,0.00022761801665183157,adam,4173,53.66920781135559,7.541693529865418e-07,0.0,0.006166189348622413,6.920358994487233e-06,,,,
4173,0.00022740841086488217,adam,4174,53.67995023727417,7.493638691503609e-07,0.0,0.006854645810911534,7.6040100056401e-06,,,,
4174,0.00022719884873367846,adam,4175,53.69157671928406,7.529920025051235e-07,0.0,0.006898511789313593,7.651504119480444e-06,,,,
4175,0.00022698938846588135,adam,4176,53.704257011413574,7.550614534553322e-07,0.0,0.005925432298534899,6.680494033433163e-06,,,,
4176,0.000226779913646169,adam,4177,53.714619398117065,7.500583984635763e-07,0.0,0.006481982596831702,7.232041303172931e-06,,,,
4177,0.00022657059889752418,adam,4178,53.72455644607544,7.65178890533561e-07,0.0,0.006378985735523581,7.144164929042706e-06,,,,
4178,0.0002263613569084555,adam,4179,53.73459839820862,7.741556597042407e-07,0.0,0.0062346083268724475,7.008764282704694e-06,,,,
4179,0.00022615218767896295,adam,4180,53.744898557662964,7.660355450480911e-07,0.0,0.006189461556726568,6.955497395758308e-06,0.0002264059730249055,0.0,0.006074254674792399,0.0002324802279882095
4180,0.00022594313486479223,adam,4181,53.76577138900757,7.592255158882965e-07,0.0,0.006840569382959141,7.599795223757049e-06,,,,
4181,0.0002257341257063672,adam,4182,53.77734732627869,7.710035706497775e-07,0.0,0.005939405359493341,6.710409212249736e-06,,,,
4182,0.00022552517475560308,adam,4183,53.788586378097534,7.86797354623238e-07,0.0,0.006069012721472143,6.855810364358017e-06,,,,
4183,0.00022531632566824555,adam,4184,53.79997134208679,7.654813574955877e-07,0.0,0.0059443875614688295,6.709869201307676e-06,,,,
4184,0.0002251075638923794,adam,4185,53.81188082695007,7.527980547578173e-07,0.0,0.006272405376378867,7.025203729059953e-06,,,,
4185,0.00022489888942800462,adam,4186,53.82489728927612,7.699264398143135e-07,0.0,0.006270761248536892,7.0406879861963825e-06,,,,
4186,0.00022469018585979939,adam,4187,53.83722400665283,7.731990032588913e-07,0.0,0.0061832774318576,6.956476728806411e-06,,,,
4187,0.0002244816569145769,adam,4188,53.853739738464355,7.676206550125956e-07,0.0,0.005966328476599442,6.733949414997434e-06,,,,
4188,0.00022427317162510008,adam,4189,53.86502695083618,7.599077221126177e-07,0.0,0.0057493943005229005,6.509302295717094e-06,,,,
4189,0.00022406481730286032,adam,4190,53.87594294548035,7.584211028430123e-07,0.0,0.005646739322715622,6.40516069376436e-06,,,,
4190,0.00022385652118828148,adam,4191,53.88761496543884,7.58908720346704e-07,0.0,0.006462220183740283,7.2211292110259755e-06,,,,
4191,0.00022364818141795695,adam,4192,53.89884114265442,7.512256484324659e-07,0.0,0.005714033913319944,6.465259833154457e-06,,,,
4192,0.00022344005992636085,adam,4193,53.90990614891052,7.554190057808104e-07,0.0,0.0064283432536400235,7.183762564750754e-06,,,,
4193,0.00022323199664242566,adam,4194,53.920212745666504,7.694091388802137e-07,0.0,0.005862820685066889,6.632230102416142e-06,,,,
4194,0.00022302399156615138,adam,4195,53.930116415023804,7.529336864953163e-07,0.0,0.005615954689156792,6.3688886423956425e-06,,,,
4195,0.00022281610290519893,adam,4196,53.940441846847534,7.471030692915375e-07,0.0,0.005977870923803841,6.724974277029012e-06,,,,
4196,0.00022260825789999217,adam,4197,53.95072889328003,7.650614513682397e-07,0.0,0.006391443409894407,7.156505164839918e-06,,,,
4197,0.00022240052931010723,adam,4198,53.96155643463135,7.70918334689234e-07,0.0,0.006742619514349575,7.513538169296051e-06,,,,
4198,0.00022219282982405275,adam,4199,53.97375822067261,7.608710106782752e-07,0.0,0.0060350459439906246,6.795917241318201e-06,,,,
4199,0.00022198527585715055,adam,4200,53.98530197143555,7.506264826696114e-07,0.0,0.0062760495457372615,7.026676326503231e-06,0.00022604057165936042,0.0,0.006043797851396156,0.00023208436979782156
4200,0.00022177776554599404,adam,4201,54.008397579193115,7.581636210548081e-07,0.0,0.00618686133780998,6.945025252724932e-06,,,,
4201,0.00022157022613100708,adam,4202,54.020710945129395,7.827831671638125e-07,0.0,0.006242221410964007,7.025004874617427e-06,,,,
4202,0.00022136286133900285,adam,4203,54.03382468223572,7.698447623880641e-07,0.0,0.0054194413224666615,6.189286342264376e-06,,,,
4203,0.00022115558385849,adam,4204,54.04711103439331,7.495965116087377e-07,0.0,0.006242249942036442,6.991846750136143e-06,,,,
4204,0.0002209483936894685,adam,4205,54.06076765060425,7.630380746512037e-07,0.0,0.006081039056783965,6.844077420269025e-06,,,,
4205,0.00022074127628002316,adam,4206,54.07215619087219,7.789682789181995e-07,0.0,0.00631094224361059,7.089910822282462e-06,,,,
4206,0.0002205341588705778,adam,4207,54.084309339523315,7.685607276298385e-07,0.0,0.0058561900745654335,6.624751080349375e-06,,,,
4207,0.00022032718698028475,adam,4208,54.0953483581543,7.480897030469988e-07,0.0,0.0060569185016572154,6.805008492392406e-06,,,,
4208,0.00022012030240148306,adam,4209,54.1062490940094,7.514891264204317e-07,0.0,0.005890896230031689,6.6423856362546775e-06,,,,
4209,0.00021991351968608797,adam,4210,54.11744546890259,7.792999334850991e-07,0.0,0.006323244986013105,7.102545219836225e-06,,,,
4210,0.0002197067951783538,adam,4211,54.12769865989685,7.705237401015549e-07,0.0,0.005902185884107064,6.672709904547406e-06,,,,
4211,0.00021950015798211098,adam,4212,54.1382257938385,7.475504705573061e-07,0.0,0.006576730215610693,7.324280998545922e-06,,,,
4212,0.0002192935935454443,adam,4213,54.14907431602478,7.516143711753098e-07,0.0,0.006018708493763782,6.770323150812405e-06,,,,
4213,0.00021908710186835378,adam,4214,54.15911865234375,7.65476348305611e-07,0.0,0.006118801654869829,6.884278293802923e-06,,,,
4214,0.00021888069750275463,adam,4215,54.17011475563049,7.655067929007043e-07,0.0,0.005780409748876796,6.54591681633223e-06,,,,
4215,0.00021867438044864684,adam,4216,54.18058180809021,7.475458689258643e-07,0.0,0.005945267972141894,6.692814123452834e-06,,,,
4216,0.00021846804884262383,adam,4217,54.192018270492554,7.502693556287214e-07,0.0,0.006137001031067219,6.887270678187848e-06,,,,
4217,0.00021826190641149879,adam,4218,54.20397996902466,7.736269344092248e-07,0.0,0.006422118327870317,7.195745567313794e-06,,,,
4218,0.0002180557930842042,adam,4219,54.21506977081299,7.81737452303057e-07,0.0,0.005252924259030126,6.034661960833697e-06,,,,
4219,0.00021784979617223144,adam,4220,54.22688031196594,7.687325641981184e-07,0.0,0.005289152225511829,6.0578850409311975e-06,0.00022440635367076506,0.0,0.006017428726168862,0.00023042378268274644
4220,0.00021764390112366527,adam,4221,54.248467445373535,7.536749308975986e-07,0.0,0.005947940326962459,6.701615540372064e-06,,,,
4221,0.00021743796241935343,adam,4222,54.261131286621094,7.540368071293715e-07,0.0,0.006537461287261488,7.291498404903608e-06,,,,
4222,0.0002172321837861091,adam,4223,54.273486614227295,7.551903101793153e-07,0.0,0.006182626779971563,6.937817383809892e-06,,,,
4223,0.00021702650701627135,adam,4224,54.285033226013184,7.484377833599463e-07,0.0,0.0060161196381177265,6.7645577072280225e-06,,,,
4224,0.00021682091755792499,adam,4225,54.296860218048096,7.481793682918701e-07,0.0,0.006207418752974399,6.955598416102839e-06,,,,
4225,0.00021661540085915476,adam,4226,54.30791926383972,7.604452892696285e-07,0.0,0.0063158845886075315,7.0763301778655804e-06,,,,
4226,0.00021640995691996068,adam,4227,54.319594383239746,7.509512303916782e-07,0.0,0.005497597704726162,6.248549196239719e-06,,,,
4227,0.00021620460029225796,adam,4228,54.33191967010498,7.449693121554116e-07,0.0,0.006480115266757349,7.22508488670172e-06,,,,
4228,0.00021599933097604662,adam,4229,54.34214115142822,7.438635822095317e-07,0.0,0.006307844609137488,7.051708490953562e-06,,,,
4229,0.0002157941198674962,adam,4230,54.352593183517456,7.426859423007948e-07,0.0,0.006738708652177415,7.481394914549696e-06,,,,
4230,0.00021558901062235236,adam,4231,54.36262845993042,7.464421729574738e-07,0.0,0.005794271920188313,6.540714368358935e-06,,,,
4231,0.00021538387227337807,adam,4232,54.3727810382843,7.409311144240414e-07,0.0,0.006326466213289262,7.067397628204324e-06,,,,
4232,0.00021517892309930176,adam,4233,54.38285708427429,7.424762438478166e-07,0.0,0.006607315551051001,7.3497921087294666e-06,,,,
4233,0.00021497404668480158,adam,4234,54.394123554229736,7.450400695119853e-07,0.0,0.006681633452332919,7.426673839205464e-06,,,,
4234,0.00021476924302987754,adam,4235,54.40583515167236,7.439544783534931e-07,0.0,0.006256078848024312,7.000033623525606e-06,,,,
4235,0.0002145645412383601,adam,4236,54.41943860054016,7.47066065074267e-07,0.0,0.006170476104221065,6.9175424623772205e-06,,,,
4236,0.00021435979579109699,adam,4237,54.430603981018066,7.441840097810962e-07,0.0,0.0057842988914079815,6.528483175928533e-06,,,,
4237,0.0002141552686225623,adam,4238,54.44272589683533,7.382659638068817e-07,0.0,0.005475627470019831,6.213893693905061e-06,,,,
4238,0.0002139507996616885,adam,4239,54.455835819244385,7.3944471776906e-07,0.0,0.006685722250775519,7.425167286099346e-06,,,,
4239,0.00021374640346039087,adam,4240,54.46972703933716,7.414865598955866e-07,0.0,0.006254867168571464,6.996354025557299e-06,0.0002245225050168111,0.0,0.005996878340944122,0.00023051938364259165
4240,0.00021354208001866937,adam,4241,54.49331331253052,7.427396183181208e-07,0.0,0.005835688210384134,6.578428105882572e-06,,,,
4241,0.0002133378729922697,adam,4242,54.50976252555847,7.418030635477626e-07,0.0,0.005848920182803488,6.5907235241600524e-06,,,,
4242,0.00021313372417353094,adam,4243,54.52336001396179,7.358388683059764e-07,0.0,0.0057234951346976995,6.4593342748551075e-06,,,,
4243,0.00021292966266628355,adam,4244,54.536134243011475,7.38089966996695e-07,0.0,0.005818748892403022,6.556839135775459e-06,,,,
4244,0.0002127256739186123,adam,4245,54.54711937904358,7.413666777785206e-07,0.0,0.005920859334743627,6.662226293747875e-06,,,,
4245,0.00021252168517094105,adam,4246,54.557637453079224,7.362655629917305e-07,0.0,0.00558303526159939,6.319301089771066e-06,,,,
4246,0.00021231788559816778,adam,4247,54.5678186416626,7.355717607073766e-07,0.0,0.006212990172485066,6.948562228293641e-06,,,,
4247,0.00021211412968114018,adam,4248,54.57881808280945,7.358592639337571e-07,0.0,0.005459234976556978,6.195094499790483e-06,,,,
4248,0.0002119104756275192,adam,4249,54.58925485610962,7.433548288360545e-07,0.0,0.006664831873049902,7.408187018448483e-06,,,,
4249,0.00021170690888538957,adam,4250,54.60013937950134,7.471058816486785e-07,0.0,0.006058404742239859,6.805510911647322e-06,,,,
4250,0.00021150331303942949,adam,4251,54.61224102973938,7.358598131409698e-07,0.0,0.006381340088725018,7.117200204963378e-06,,,,
4251,0.00021129989181645215,adam,4252,54.62509322166443,7.349221401514499e-07,0.0,0.006152045710716994,6.886968143074936e-06,,,,
4252,0.00021109658700879663,adam,4253,54.63581895828247,7.426565755502429e-07,0.0,0.006373202252821546,7.115859131082653e-06,,,,
4253,0.00021089334040880203,adam,4254,54.64863729476929,7.512339195550444e-07,0.0,0.006719782906280636,7.471017145008242e-06,,,,
4254,0.00021069015201646835,adam,4255,54.66145348548889,7.47994657711338e-07,0.0,0.006504625920611933,7.252620887276424e-06,,,,
4255,0.0002104870800394565,adam,4256,54.67544388771057,7.352306735659232e-07,0.0,0.0063150694674849895,7.050300441000617e-06,,,,
4256,0.00021028406627010554,adam,4257,54.688005208969116,7.308100392817514e-07,0.0,0.005904031091542446,6.634841411250627e-06,,,,
4257,0.00021008116891607642,adam,4258,54.69998836517334,7.338299356666945e-07,0.0,0.0054835340076457755,6.21736420376636e-06,,,,
4258,0.00020987832976970822,adam,4259,54.71239447593689,7.371210006767891e-07,0.0,0.006049461310098561,6.786582598109344e-06,,,,
4259,0.0002096755924867466,adam,4260,54.72357153892517,7.368863814762135e-07,0.0,0.005681983137162162,6.4188697885180925e-06,0.0002233064537458044,0.0,0.005967959582038675,0.00022927441361130595
4260,0.0002094727969961241,adam,4261,54.743197202682495,7.334142387949404e-07,0.0,0.005766959722488595,6.500374235199424e-06,,,,
4261,0.00020927023433614522,adam,4262,54.75377345085144,7.296520191022807e-07,0.0,0.00591003101568177,6.639683315495461e-06,,,,
4262,0.00020906771533191204,adam,4263,54.764732360839844,7.329672844683955e-07,0.0,0.005577065190838474,6.310032740203253e-06,,,,
4263,0.00020886528363917023,adam,4264,54.7753164768219,7.344400951336211e-07,0.0,0.00635770767587183,7.092148072980361e-06,,,,
4264,0.0002086629392579198,adam,4265,54.78599190711975,7.351868032960438e-07,0.0,0.00606078453246885,6.795971623636712e-06,,,,
4265,0.00020846060942858458,adam,4266,54.79584360122681,7.316710675392846e-07,0.0,0.006334652050373427,7.066323418792539e-06,,,,
4266,0.0002082583960145712,adam,4267,54.806573152542114,7.302414093703086e-07,0.0,0.0060116283244241,6.7418700193314325e-06,,,,
4267,0.0002080563281197101,adam,4268,54.81788492202759,7.311483942575204e-07,0.0,0.006245530438142181,6.97667912904648e-06,,,,
4268,0.00020785440574400127,adam,4269,54.8297975063324,7.316003324097647e-07,0.0,0.00615166878863066,6.883269413229013e-06,,,,
4269,0.000207652454264462,adam,4270,54.841110706329346,7.322142581440839e-07,0.0,0.006035054435487942,6.76726898028173e-06,,,,
4270,0.00020745053188875318,adam,4271,54.85516571998596,7.358181106554267e-07,0.0,0.005950961691545754,6.6867800848566945e-06,,,,
4271,0.00020724876958411187,adam,4272,54.86668014526367,7.331873567134065e-07,0.0,0.005602453081323121,6.33564070413877e-06,,,,
4272,0.00020704709459096193,adam,4273,54.878525257110596,7.332049931731779e-07,0.0,0.006142624293942151,6.8758295788743276e-06,,,,
4273,0.00020684550690930337,adam,4274,54.89124155044556,7.332958233449188e-07,0.0,0.005777595794858542,6.510891892624536e-06,,,,
4274,0.00020664399198722094,adam,4275,54.902257680892944,7.338025972510469e-07,0.0,0.006085234532363962,6.81903741864814e-06,,,,
4275,0.00020644247706513852,adam,4276,54.91387104988098,7.356183746412581e-07,0.0,0.005883542627095261,6.6191612811897995e-06,,,,
4276,0.0002062411222141236,adam,4277,54.92433428764343,7.308458593339949e-07,0.0,0.00579718318335149,6.528029318036911e-06,,,,
4277,0.0002060398692265153,adam,4278,54.93598532676697,7.31057958629395e-07,0.0,0.006118578031488613,6.8496362807348705e-06,,,,
4278,0.00020583865989465266,adam,4279,54.946234941482544,7.369016284982518e-07,0.0,0.005641063363559726,6.37796525999411e-06,,,,
4279,0.0002056375815300271,adam,4280,54.95651030540466,7.274507911938848e-07,0.0,0.006748093424874169,7.475544536585293e-06,0.00022246696628355417,0.0,0.005949292071301853,0.00022841625863743222
4280,0.00020543645950965583,adam,4281,54.97526931762695,7.241963797405485e-07,0.0,0.005974590118130432,6.6987867816487836e-06,,,,
4281,0.000205235555768013,adam,4282,54.984801054000854,7.263532417879943e-07,0.0,0.006303958685280135,7.0303122264900996e-06,,,,
4282,0.00020503478299360722,adam,4283,54.994662284851074,7.257094458516961e-07,0.0,0.005675669841208373,6.401379556639921e-06,,,,
4283,0.00020483402477111667,adam,4284,55.0120153427124,7.250820258103554e-07,0.0,0.005634466598513101,6.35954889194626e-06,,,,
4284,0.0002046333538601175,adam,4285,55.02285957336426,7.226213891343454e-07,0.0,0.005677346539364602,6.399968198158438e-06,,,,
4285,0.00020443268294911832,adam,4286,55.03429055213928,7.237268292329211e-07,0.0,0.0064572737515597315,7.181000887496698e-06,,,,
4286,0.00020423215755727142,adam,4287,55.04687786102295,7.282906416804579e-07,0.0,0.006054742397303485,6.783033326568775e-06,,,,
4287,0.00020403173402883112,adam,4288,55.05797028541565,7.232982569778102e-07,0.0,0.006828528341617398,7.551826922932901e-06,,,,
4288,0.00020383138325996697,adam,4289,55.070619344711304,7.225119181754994e-07,0.0,0.0063930919710109575,7.115604192842032e-06,,,,
4289,0.00020363111980259418,adam,4290,55.083256483078,7.305469711470964e-07,0.0,0.006619688042829704,7.350235328395111e-06,,,,
4290,0.00020343084179330617,adam,4291,55.096585750579834,7.32762344306845e-07,0.0,0.005577348293253431,6.310110902470106e-06,,,,
4291,0.00020323075295891613,adam,4292,55.107887983322144,7.312358392409527e-07,0.0,0.006030165012242387,6.761401137900809e-06,,,,
4292,0.00020303075143601745,adam,4293,55.11946940422058,7.28725239712176e-07,0.0,0.005634844957437908,6.3635704647908585e-06,,,,
4293,0.00020283083722461015,adam,4294,55.13089871406555,7.350326198447844e-07,0.0,0.006306584578904128,7.041617498295607e-06,,,,
4294,0.00020263101032469422,adam,4295,55.142088651657104,7.601692707385891e-07,0.0,0.006094073164999671,6.854242725191204e-06,,,,
4295,0.00020243122708052397,adam,4296,55.15266132354736,7.444653157518616e-07,0.0,0.006384396011842656,7.128861630837056e-06,,,,
4296,0.00020223157480359077,adam,4297,55.16356015205383,7.336796717533819e-07,0.0,0.0055147634104206235,6.248443344111213e-06,,,,
4297,0.0002020319807343185,adam,4298,55.17377853393555,7.463654881295653e-07,0.0,0.005344485296023238,6.090851038002234e-06,,,,
4298,0.00020183247397653759,adam,4299,55.18406057357788,7.422439955166225e-07,0.0,0.006823534125026759,7.565778444643861e-06,,,,
4299,0.00020163303997833282,adam,4300,55.19515085220337,7.314934881118435e-07,0.0,0.0063558295993952595,7.08732338939281e-06,0.00022155110382683087,0.0,0.005925543745523696,0.0002274766478538028
4300,0.00020143362053204328,adam,4301,55.21485114097595,7.314407886345571e-07,0.0,0.0067165054254249975,7.4479465330764435e-06,,,,
4301,0.00020123437570873648,adam,4302,55.227169036865234,7.388367514412945e-07,0.0,0.0060766124936922575,6.815449533757158e-06,,,,
4302,0.00020103523274883628,adam,4303,55.239633560180664,7.362714540319887e-07,0.0,0.006379575093259614,7.115846850305161e-06,,,,
4303,0.00020083616254851222,adam,4304,55.25125169754028,7.268210580505075e-07,0.0,0.005979497348469235,6.706318690530626e-06,,,,
4304,0.00020063713600393385,adam,4305,55.26404166221619,7.271651357042317e-07,0.0,0.0060820482578227576,6.80921368240878e-06,,,,
4305,0.0002004381676670164,adam,4306,55.27683711051941,7.404936584150297e-07,0.0,0.00578371396189153,6.524207895018232e-06,,,,
4306,0.00020023933029733598,adam,4307,55.28961706161499,7.407686084951609e-07,0.0,0.005700350449440893,6.441119328688173e-06,,,,
4307,0.00020004058023914695,adam,4308,55.30257558822632,7.29777608548938e-07,0.0,0.006006872299496794,6.736650193356856e-06,,,,
4308,0.00019984194659627974,adam,4309,55.31477618217468,7.337920656138773e-07,0.0,0.006137356979471513,6.871149336594204e-06,,,,
4309,0.00019964337116107345,adam,4310,55.326913595199585,7.338831669627645e-07,0.0,0.006116014681691176,6.84989813914905e-06,,,,
4310,0.00019944488303735852,adam,4311,55.33794331550598,7.264585515163329e-07,0.0,0.005594626534686318,6.321085351933152e-06,,,,
4311,0.0001992464967770502,adam,4312,55.350289821624756,7.270721052920912e-07,0.0,0.005797607861532305,6.524680242195994e-06,,,,
4312,0.00019904816872440279,adam,4313,55.360838651657104,7.321898193333101e-07,0.0,0.006371627549891165,7.103817671860545e-06,,,,
4313,0.00019884992798324674,adam,4314,55.37066721916199,7.340035571750615e-07,0.0,0.006306244622453421,7.04024847915903e-06,,,,
4314,0.00019865170179400593,adam,4315,55.380600929260254,7.189906893553254e-07,0.0,0.0055426845865974034,6.26167553921612e-06,,,,
4315,0.00019845366477966309,adam,4316,55.39063215255737,7.271336552372513e-07,0.0,0.006027478495342669,6.754612436869786e-06,,,,
4316,0.00019825567142106593,adam,4317,55.400357723236084,7.397808891357086e-07,0.0,0.005762470490179599,6.502251653017969e-06,,,,
4317,0.0001980577944777906,adam,4318,55.41030836105347,7.217690543765472e-07,0.0,0.006287548756316269,7.009318109335357e-06,,,,
4318,0.00019785997574217618,adam,4319,55.421610832214355,7.184668661683129e-07,0.0,0.006325416999854255,7.043884166463754e-06,,,,
4319,0.00019766217155847698,adam,4320,55.4325737953186,7.318494463475947e-07,0.0,0.006513230205770444,7.245079961479874e-06,0.00022126307752891466,0.0,0.005898034076805157,0.0002271611118858614
4320,0.00019746455654967576,adam,4321,55.45479869842529,7.28257343402302e-07,0.0,0.0063345717313495215,7.062829375627836e-06,,,,
4321,0.00019726699974853545,adam,4322,55.46884369850159,7.265779070087045e-07,0.0,0.006123949462806193,6.8505276606868885e-06,,,,
4322,0.00019706953025888652,adam,4323,55.4796679019928,7.345975875723161e-07,0.0,0.005554521938411977,6.289119789809929e-06,,,,
4323,0.00019687216263264418,adam,4324,55.49245095252991,7.334465181704994e-07,0.0,0.00554046638360575,6.273913164934282e-06,,,,
4324,0.0001966748823178932,adam,4325,55.504313945770264,7.372739883155098e-07,0.0,0.0051675174206262595,5.904791654385676e-06,,,,
4325,0.00019647767476271838,adam,4326,55.51612210273743,7.310755195778716e-07,0.0,0.006141273117801545,6.872348929074237e-06,,,,
4326,0.00019628056907095015,adam,4327,55.52798271179199,7.246915178222798e-07,0.0,0.006018001566793653,6.742693370455669e-06,,,,
4327,0.00019608353613875806,adam,4328,55.5397047996521,7.406465216208175e-07,0.0,0.0064583445357998814,7.198991364175604e-06,,,,
4328,0.00019588659051805735,adam,4329,55.551689863204956,7.461414474312696e-07,0.0,0.0058077613139735,6.55390303725863e-06,,,,
4329,0.0001956896303454414,adam,4330,55.56270360946655,7.275555229443953e-07,0.0,0.00649430443947787,7.221860270885174e-06,,,,
4330,0.00019549287389963865,adam,4331,55.575111865997314,7.293698863792677e-07,0.0,0.006056439313696372,6.785809487741071e-06,,,,
4331,0.00019529619021341205,adam,4332,55.58552265167236,7.325710606011515e-07,0.0,0.005885981896883375,6.618553237053665e-06,,,,
4332,0.00019509956473484635,adam,4333,55.59621524810791,7.296346783244484e-07,0.0,0.005998777004131145,6.728411967382213e-06,,,,
4333,0.00019490307022351772,adam,4334,55.60627627372742,7.220570984293002e-07,0.0,0.0059064698025866206,6.628527181558182e-06,,,,
4334,0.00019470654660835862,adam,4335,55.617541551589966,7.270732137620227e-07,0.0,0.005977086001343219,6.704159499001593e-06,,,,
4335,0.00019451022672001272,adam,4336,55.6286735534668,7.270499823438623e-07,0.0,0.005779770628950236,6.506820885818472e-06,,,,
4336,0.0001943139504874125,adam,4337,55.64056611061096,7.148972438866176e-07,0.0,0.0054330034901241865,6.147900992064623e-06,,,,
4337,0.00019411780522204936,adam,4338,55.653695583343506,7.178519222314164e-07,0.0,0.0058315101755161336,6.54936237472942e-06,,,,
4338,0.0001939217181643471,adam,4339,55.66440558433533,7.239755778529672e-07,0.0,0.006022799511368729,6.746775375289323e-06,,,,
4339,0.00019372571841813624,adam,4340,55.67556405067444,7.18738037194287e-07,0.0,0.0069715288900205575,7.690267258344698e-06,0.0002206065407924116,0.0,0.005889540547851951,0.0002264960816200017
4340,0.00019352982053533196,adam,4341,55.69798421859741,7.154977178794898e-07,0.0,0.005375015653375828,6.090513626554862e-06,,,,
4341,0.00019333399541210383,adam,4342,55.710747718811035,7.193554401990746e-07,0.0,0.006178663191153974,6.8980189248238025e-06,,,,
4342,0.0001931382721522823,adam,4343,55.72268795967102,7.236766587783786e-07,0.0,0.005943986499152638,6.6676634402552255e-06,,,,
4343,0.00019294259254820645,adam,4344,55.73504638671875,7.29601602333576e-07,0.0,0.006229547422541348,6.959149320762549e-06,,,,
4344,0.00019274694204796106,adam,4345,55.74701642990112,7.217901810608948e-07,0.0,0.0053269353664246386,6.048725800501386e-06,,,,
4345,0.0001925515098264441,adam,4346,55.75855731964111,7.27708741380542e-07,0.0,0.005574612745145459,6.302321751305899e-06,,,,
4346,0.0001923561212606728,adam,4347,55.77029633522034,7.361374063399296e-07,0.0,0.0058430680193290885,6.579205703199857e-06,,,,
4347,0.00019216080545447767,adam,4348,55.78209567070007,7.235155193935378e-07,0.0,0.005606712560230945,6.330228345929039e-06,,,,
4348,0.00019196560606360435,adam,4349,55.792378187179565,7.14256308998395e-07,0.0,0.0055039768847717245,6.218233455194994e-06,,,,
4349,0.00019177037756890059,adam,4350,55.802751541137695,7.218464576742614e-07,0.0,0.006355859154800711,7.077705914362082e-06,,,,
4350,0.00019157533824909478,adam,4351,55.813393115997314,7.226331175227877e-07,0.0,0.005845205708088127,6.567839103243289e-06,,,,
4351,0.00019138038624078035,adam,4352,55.82417058944702,7.156735136539848e-07,0.0,0.005926697938014931,6.642371733171962e-06,,,,
4352,0.0001911855215439573,adam,4353,55.83564805984497,7.150674896207003e-07,0.0,0.006136170264364311,6.851238045437459e-06,,,,
4353,0.00019099075871054083,adam,4354,55.847994804382324,7.122395139825013e-07,0.0,0.005569742688319518,6.2819824668506005e-06,,,,
4354,0.00019079605408478528,adam,4355,55.85924553871155,7.120420941217573e-07,0.0,0.005974717453897104,6.6867598318027125e-06,,,,
4355,0.00019060146587435156,adam,4356,55.8706111907959,7.117030135992594e-07,0.0,0.005836643467739003,6.548346758563951e-06,,,,
4356,0.00019040697952732444,adam,4357,55.881505727767944,7.166043450423585e-07,0.0,0.006233385663850413,6.949990304962704e-06,,,,
4357,0.000190212536836043,adam,4358,55.89350914955139,7.29616670328918e-07,0.0,0.006229568580350814,6.959185546568362e-06,,,,
4358,0.0001900182105600834,adam,4359,55.905486822128296,7.253075260372482e-07,0.0,0.005765290760860527,6.490598560734392e-06,,,,
4359,0.00018982386973220855,adam,4360,55.91662049293518,7.168677788469331e-07,0.0,0.006330207056121535,7.04707513563717e-06,0.00021936344581240246,0.0,0.005859765976445207,0.0002252232120671716
4360,0.00018962971807923168,adam,4361,55.937745571136475,7.26083650142356e-07,0.0,0.005921346381711929,6.647430313103146e-06,,,,
4361,0.00018943563918583095,adam,4362,55.948896169662476,7.174158083117206e-07,0.0,0.006326288957226342,7.043705066020665e-06,,,,
4362,0.0001892416476039216,adam,4363,55.96187353134155,7.179462198911051e-07,0.0,0.005634567352511958,6.3525138400306516e-06,,,,
4363,0.0001890477433335036,adam,4364,55.972498655319214,7.25878514342749e-07,0.0,0.006013483206075534,6.739362006043409e-06,,,,
4364,0.00018885383906308562,adam,4365,55.98436975479126,7.222833478730402e-07,0.0,0.005571571827364506,6.293855439873007e-06,,,,
4365,0.0001886601239675656,adam,4366,55.99480700492859,7.231294042783788e-07,0.0,0.005886091510675614,6.609221194528337e-06,,,,
4366,0.00018846648163162172,adam,4367,56.00474810600281,7.237172126636639e-07,0.0,0.005963895049730173,6.687612545663651e-06,,,,
4367,0.0001882729266071692,adam,4368,56.015472650527954,7.196512383695666e-07,0.0,0.005535687900524922,6.255339401825556e-06,,,,
4368,0.00018807950254995376,adam,4369,56.02584671974182,7.210869756868165e-07,0.0,0.006564505792789919,7.285593080274029e-06,,,,
4369,0.000187886122148484,adam,4370,56.03748846054077,7.193748496650569e-07,0.0,0.0063064852477983145,7.0258603970053475e-06,,,,
4370,0.0001876928290585056,adam,4371,56.04975414276123,7.172199113151364e-07,0.0,0.005862446137803415,6.579666327569801e-06,,,,
4371,0.0001874996378319338,adam,4372,56.062408447265625,7.077569091685368e-07,0.0,0.005751530317922236,6.4592875002738035e-06,,,,
4372,0.00018730651936493814,adam,4373,56.075427770614624,7.08445870064571e-07,0.0,0.005577268995980546,6.285715130951179e-06,,,,
4373,0.00018711353186517954,adam,4374,56.089566230773926,7.15249590339365e-07,0.0,0.006098764687408467,6.814014567423611e-06,,,,
4374,0.00018692050070967525,adam,4375,56.101768016815186,7.077395366425464e-07,0.0,0.00550179714598268,6.209536943946568e-06,,,,
4375,0.00018672765872906893,adam,4376,56.11972093582153,7.040255666929387e-07,0.0,0.005425673074723686,6.129698899122268e-06,,,,
4376,0.00018653491861186922,adam,4377,56.1350462436676,7.064792540974321e-07,0.0,0.0061201814431187124,6.826660987909165e-06,,,,
4377,0.00018634225125424564,adam,4378,56.14807057380676,7.101810757749759e-07,0.0,0.0063646400206537335,7.074821398732889e-06,,,,
4378,0.0001861497003119439,adam,4379,56.16042613983154,7.094357746038418e-07,0.0,0.005921108342001396,6.630544397842794e-06,,,,
4379,0.00018595710571389645,adam,4380,56.1721978187561,7.084975733732906e-07,0.0,0.00616972209254065,6.8782199589600155e-06,0.00021855577160171497,0.0,0.005837756696675342,0.0002243935285756689
4380,0.00018576472939457744,adam,4381,56.19254779815674,7.108456527444992e-07,0.0,0.005592985254131903,6.303831172528946e-06,,,,
4381,0.00018557239673100412,adam,4382,56.20431661605835,7.115106782611308e-07,0.0,0.005674736100111042,6.386247047907675e-06,,,,
4382,0.00018538019503466785,adam,4383,56.21723437309265,7.106247506905525e-07,0.0,0.005910884691331272,6.621509722773782e-06,,,,
4383,0.00018518816796131432,adam,4384,56.22860288619995,7.133583646982213e-07,0.0,0.00559978086577269,6.31313949644623e-06,,,,
4384,0.00018499602447263896,adam,4385,56.248952865600586,7.093322735074958e-07,0.0,0.0063865241632286,7.095856740079717e-06,,,,
4385,0.00018480407015886158,adam,4386,56.28274130821228,7.042671016223702e-07,0.0,0.005625551576302394,6.329818945124126e-06,,,,
4386,0.00018461220315657556,adam,4387,56.328017234802246,7.07488715880795e-07,0.0,0.00569340666760993,6.4008956539130306e-06,,,,
4387,0.00018442045256961137,adam,4388,56.370134115219116,7.110286383384313e-07,0.0,0.00549154672936559,6.202575628538495e-06,,,,
4388,0.00018422868743073195,adam,4389,56.39602255821228,7.09812448236703e-07,0.0,0.005709209804120754,6.419022523530372e-06,,,,
4389,0.00018403708236292005,adam,4390,56.41400122642517,7.061534268638216e-07,0.0,0.005869471223829895,6.57562492947864e-06,,,,
4390,0.00018384557915851474,adam,4391,56.42657017707825,7.058015805336737e-07,0.0,0.005587945067055705,6.293746913002527e-06,,,,
4391,0.0001836541632656008,adam,4392,56.43932127952576,7.078215577296587e-07,0.0,0.00689985145794424,7.607673343399257e-06,,,,
4392,0.00018346283468417823,adam,4393,56.45289397239685,7.026400749899901e-07,0.0,0.005720907763511618,6.423548110230146e-06,,,,
4393,0.00018327150610275567,adam,4394,56.46540832519531,7.070259845336246e-07,0.0,0.0057690449405795215,6.476071199128077e-06,,,,
4394,0.00018308036669623107,adam,4395,56.477309703826904,7.147550474283594e-07,0.0,0.006135035623159195,6.8497909619861104e-06,,,,
4395,0.0001828893000492826,adam,4396,56.48912739753723,7.060599364905242e-07,0.0,0.00591924094490957,6.625301162548953e-06,,,,
4396,0.0001826983643695712,adam,4397,56.50096344947815,7.028591554942e-07,0.0,0.005887614205186872,6.5904736403277415e-06,,,,
4397,0.00018250755965709686,adam,4398,56.51232051849365,7.130528722289615e-07,0.0,0.006434195384342867,7.1472485621797105e-06,,,,
4398,0.00018231668218504637,adam,4399,56.52334213256836,7.101129334964682e-07,0.0,0.006735161836770797,7.445275090170286e-06,,,,
4399,0.00018212597933597863,adam,4400,56.53480052947998,7.078484520721323e-07,0.0,0.005900683866803776,6.608532599143353e-06,0.00021835114904024486,0.0,0.005815274292089824,0.00022416642360854538
4400,0.00018193537835031748,adam,4401,56.55604910850525,7.026223195341611e-07,0.0,0.0051429567611897525,5.845579325001252e-06,,,,
4401,0.0001817448646761477,adam,4402,56.56821250915527,7.008311207794185e-07,0.0,0.005545452448367879,6.246283832542155e-06,,,,
4402,0.00018155442376155406,adam,4403,56.581510066986084,7.015772814745657e-07,0.0,0.005941317014358799,6.64289457803078e-06,,,,
4403,0.00018136401195079088,adam,4404,56.59305167198181,7.001345868783688e-07,0.0,0.005588756877422936,6.288891729753012e-06,,,,
4404,0.00018117376021109521,adam,4405,56.605318546295166,7.023472521446515e-07,0.0,0.005813561054825327,6.515908583099312e-06,,,,
4405,0.00018098359578289092,adam,4406,56.61748766899109,7.022510624294724e-07,0.0,0.006242099065866931,6.9443504247802e-06,,,,
4406,0.000180793518666178,adam,4407,56.62789487838745,6.990881440637793e-07,0.0,0.006035557580028873,6.734646010766254e-06,,,,
4407,0.00018060357251670212,adam,4408,56.63863468170166,6.975227420898662e-07,0.0,0.005892961051387117,6.590484073377614e-06,,,,
4408,0.00018041358271148056,adam,4409,56.64963674545288,7.011152452597032e-07,0.0,0.00619064646413686,6.891762003436492e-06,,,,
4409,0.0001802237966330722,adam,4410,56.66171598434448,7.065081749814788e-07,0.0,0.00537059907486497,6.077107504936217e-06,,,,
4410,0.00018003415607381612,adam,4411,56.67257642745972,7.054290561849103e-07,0.0,0.005674395631247037,6.379824956951277e-06,,,,
4411,0.0001798445446183905,adam,4412,56.68752384185791,7.015264807331086e-07,0.0,0.005236662950710602,5.9381896801718545e-06,,,,
4412,0.00017965503502637148,adam,4413,56.698431730270386,7.011854626220664e-07,0.0,0.006517691950221491,7.218877722417313e-06,,,,
4413,0.00017946551088243723,adam,4414,56.7103431224823,7.014556586342187e-07,0.0,0.005903485718590271,6.604941657625015e-06,,,,
4414,0.00017927617591340095,adam,4415,56.72289562225342,7.001648124094118e-07,0.0,0.005670501908551615,6.370666990295415e-06,,,,
4415,0.0001790869137039408,adam,4416,56.73551106452942,7.013868308770803e-07,0.0,0.005454806428331887,6.15619351829837e-06,,,,
4416,0.00017889775335788727,adam,4417,56.75049114227295,6.984128198158112e-07,0.0,0.005520474387390903,6.218887469415178e-06,,,,
4417,0.00017870869487524033,adam,4418,56.76068449020386,6.960401934855716e-07,0.0,0.005774387187481674,6.47042765523592e-06,,,,
4418,0.00017851962184067816,adam,4419,56.771870851516724,6.975688834422388e-07,0.0,0.005714383688387471,6.411952843248371e-06,,,,
4419,0.00017833072342909873,adam,4420,56.78331112861633,6.94899029736051e-07,0.0,0.005916773990621073,6.611673301388809e-06,0.0002179411962071241,0.0,0.005798358194222263,0.0002237395546767536
4420,0.00017814191232901067,adam,4421,56.806097984313965,6.984446660195267e-07,0.0,0.005475445590552182,6.1738905166414184e-06,,,,
4421,0.0001779532030923292,adam,4422,56.81759715080261,7.021354172534021e-07,0.0,0.005903039978031562,6.605175675664318e-06,,,,
4422,0.00017776461027096957,adam,4423,56.82737946510315,6.978172390850645e-07,0.0,0.0054383661301664835,6.136183627560079e-06,,,,
4423,0.00017757607565727085,adam,4424,56.83725166320801,7.021801271153329e-07,0.0,0.006203542996787567,6.9057234185553815e-06,,,,
4424,0.0001773876283550635,adam,4425,56.847379207611084,7.055279441901449e-07,0.0,0.005858417196765296,6.5639454192153264e-06,,,,
4425,0.0001771993120200932,adam,4426,56.858574867248535,7.00498698721874e-07,0.0,0.006166204385550392,6.866703377151259e-06,,,,
4426,0.00017701105389278382,adam,4427,56.86971616744995,7.013115627678708e-07,0.0,0.005975831797126926,6.6771436437315764e-06,,,,
4427,0.00017682289762888104,adam,4428,56.88174772262573,7.000356672725412e-07,0.0,0.005640804581045205,6.340840516241588e-06,,,,
4428,0.00017663472681306303,adam,4429,56.89345574378967,6.952165593337836e-07,0.0,0.006252274923104778,6.9474917794056855e-06,,,,
4429,0.0001764467597240582,adam,4430,56.90520238876343,6.952503632880208e-07,0.0,0.0054991506533746265,6.194401277858288e-06,,,,
4430,0.00017625886539462954,adam,4431,56.91686034202576,7.00970839136277e-07,0.0,0.006509196946314638,7.21016809462118e-06,,,,
4431,0.00017607107292860746,adam,4432,56.930477142333984,6.962831254085263e-07,0.0,0.005836647150560264,6.532930553194655e-06,,,,
4432,0.00017588336777407676,adam,4433,56.94269895553589,6.9310977591013e-07,0.0,0.005898492576568441,6.591602632641935e-06,,,,
4433,0.00017569567717146128,adam,4434,56.955140590667725,6.970808685852946e-07,0.0,0.005607599947939149,6.3046810828711486e-06,,,,
4434,0.00017550814663991332,adam,4435,56.96680665016174,6.936726032033653e-07,0.0,0.00582835958405046,6.5220324640860505e-06,,,,
4435,0.00017532073252368718,adam,4436,56.978702783584595,6.960768471629945e-07,0.0,0.005643699476765351,6.339776591989686e-06,,,,
4436,0.00017513337661512196,adam,4437,56.990031242370605,7.016104283934415e-07,0.0,0.005867951140988019,6.5695618480941836e-06,,,,
4437,0.00017494613712187856,adam,4438,57.00049328804016,6.981949066190846e-07,0.0,0.005692346388929517,6.390541565920548e-06,,,,
4438,0.00017475898494012654,adam,4439,57.0108904838562,6.965264524048564e-07,0.0,0.005586922795838336,6.283449513607785e-06,,,,
4439,0.00017457190551795065,adam,4440,57.022242069244385,6.994086130311655e-07,0.0,0.006402346364068929,7.1017552811952295e-06,0.00021716872892522967,0.0,0.005769982208789944,0.00022293871140807907
4440,0.00017438495706301183,adam,4441,57.04173731803894,6.951530366062894e-07,0.0,0.004917775694312171,5.612928964500272e-06,,,,
4441,0.0001741980668157339,adam,4442,57.052709341049194,6.995082812861913e-07,0.0,0.005559474847647155,6.258983392994232e-06,,,,
4442,0.00017401129298377782,adam,4443,57.06384468078613,6.97976665210052e-07,0.0,0.005756386440979193,6.45436337960293e-06,,,,
4443,0.00017382453370373696,adam,4444,57.074787616729736,6.934892870852914e-07,0.0,0.0063697121051736385,7.06320169480402e-06,,,,
4444,0.0001736379344947636,adam,4445,57.08658838272095,6.961564340943443e-07,0.0,0.005971807351812976,6.667964069552949e-06,,,,
4445,0.00017345142259728163,adam,4446,57.09874176979065,6.907289724542527e-07,0.0,0.006341077755850775,7.0318070294900595e-06,,,,
4446,0.0001732649834593758,adam,4447,57.110787868499756,6.946482468421508e-07,0.0,0.005040287691561723,5.7349361778046925e-06,,,,
4447,0.00017307864618487656,adam,4448,57.12359404563904,7.009259672142483e-07,0.0,0.005291301597445211,5.9922278159828e-06,,,,
4448,0.000172892352566123,adam,4449,57.1349356174469,6.914554726752093e-07,0.0,0.005912839992579626,6.6042957460996645e-06,,,,
4449,0.00017270621901843697,adam,4450,57.145803689956665,6.9132489423557e-07,0.0,0.005575942422203453,6.267267581282077e-06,,,,
4450,0.0001725201727822423,adam,4451,57.15833234786987,6.994055112205345e-07,0.0,0.006022115011667006,6.721520808922654e-06,,,,
4451,0.000172334213857539,adam,4452,57.16964507102966,6.992332470347554e-07,0.0,0.006195524951175257,6.894758492481657e-06,,,,
4452,0.0001721483567962423,adam,4453,57.18215322494507,6.943713748810312e-07,0.0,0.005606293403677503,6.300665044843182e-06,,,,
4453,0.00017196257249452174,adam,4454,57.19383883476257,7.020537930192615e-07,0.0,0.006546777895517212,7.248831999491738e-06,,,,
4454,0.000171776904608123,adam,4455,57.20558524131775,6.959726314835756e-07,0.0,0.005440376203790346,6.1363490936779255e-06,,,,
4455,0.00017159132403321564,adam,4456,57.21733117103577,6.8919969537667e-07,0.0,0.005467774945897978,6.156974900980022e-06,,,,
4456,0.00017140584532171488,adam,4457,57.22826528549194,7.011169045920336e-07,0.0,0.005481017219811181,6.182134384737563e-06,,,,
4457,0.00017122042481787503,adam,4458,57.2388653755188,6.962626019826613e-07,0.0,0.005932333987667109,6.628596871420515e-06,,,,
4458,0.00017103503341786563,adam,4459,57.25011348724365,6.932415102847231e-07,0.0,0.005908076947628384,6.6013187385317036e-06,,,,
4459,0.0001708498311927542,adam,4460,57.26039981842041,6.949255748482144e-07,0.0,0.005569592305150562,6.264518144540215e-06,0.00021635487545814102,0.0,0.005755097312563765,0.00022210997304405723
4460,0.00017066470172721893,adam,4461,57.28032374382019,6.971992720379177e-07,0.0,0.005763403548358378,6.460603094143276e-06,,,,
4461,0.00017047967412509024,adam,4462,57.29106402397156,6.955118055824791e-07,0.0,0.005292535352602928,5.988047409567347e-06,,,,
4462,0.00017029464652296156,adam,4463,57.30253028869629,6.899514218695605e-07,0.0,0.005312141157265138,6.002092831447864e-06,,,,
4463,0.00017010982264764607,adam,4464,57.3141086101532,6.908637022520506e-07,0.0,0.006428953656033133,7.119817663644096e-06,,,,
4464,0.00016992508608382195,adam,4465,57.326005697250366,6.921403451018356e-07,0.0,0.005553737338339318,6.2458779472295226e-06,,,,
4465,0.00016974040772765875,adam,4466,57.33766222000122,6.901370619548131e-07,0.0,0.005635396769318228,6.325534098940024e-06,,,,
4466,0.00016955584578681737,adam,4467,57.34809160232544,6.864865666353383e-07,0.0,0.005729848251706576,6.4163350904951025e-06,,,,
4467,0.0001693713857093826,adam,4468,57.36185884475708,6.88728608818481e-07,0.0,0.0062837829644479745,6.972511871730131e-06,,,,
4468,0.00016918699839152396,adam,4469,57.37500214576721,6.873227724575699e-07,0.0,0.006495275621638825,7.182598702605432e-06,,,,
4469,0.0001690027565928176,adam,4470,57.38733911514282,6.912961528704883e-07,0.0,0.005927581058292488,6.618877492707969e-06,,,,
4470,0.0001688185438979417,adam,4471,57.398805141448975,6.974378207040567e-07,0.0,0.005662792381253532,6.360230470925795e-06,,,,
4471,0.00016863444761838764,adam,4472,57.409995317459106,6.920030399230907e-07,0.0,0.0055542739138128,6.246277217549745e-06,,,,
4472,0.0001684503658907488,adam,4473,57.421268939971924,6.915600965407334e-07,0.0,0.005181053466856118,5.872613809483686e-06,,,,
4473,0.0001682664587860927,adam,4474,57.43279504776001,6.901268805230561e-07,0.0,0.005393439785288123,6.083566921985822e-06,,,,
4474,0.00016808266809675843,adam,4475,57.44431209564209,6.920734184589478e-07,0.0,0.005573925491973403,6.265999175179606e-06,,,,
4475,0.00016789892106316984,adam,4476,57.45465087890625,6.921357226508807e-07,0.0,0.005448749741216074,6.1408857226686804e-06,,,,
4476,0.0001677153049968183,adam,4477,57.4656982421875,6.88367390073735e-07,0.0,0.005208965784184741,5.897333421671074e-06,,,,
4477,0.00016753167437855154,adam,4478,57.47643065452576,6.879248843744766e-07,0.0,0.006346410992536841,7.034336178349665e-06,,,,
4478,0.00016734827659092844,adam,4479,57.488337993621826,6.888073122667653e-07,0.0,0.005779596813119002,6.468404399901886e-06,,,,
4479,0.00016716490790713578,adam,4480,57.49954319000244,6.87565812641928e-07,0.0,0.005844693284891537,6.5322593751415e-06,0.00021597199965858833,0.0,0.005732171731041181,0.00022170417166189306
4480,0.0001669816701905802,adam,4481,57.52115821838379,6.892428144433877e-07,0.0,0.005779026193232119,6.468269282164522e-06,,,,
4481,0.00016679851978551596,adam,4482,57.5340838432312,6.906390163633351e-07,0.0,0.005666524733259506,6.3571640187683245e-06,,,,
4482,0.00016661544214002788,adam,4483,57.547056913375854,6.828267173943038e-07,0.0,0.005515630534971348,6.198457514344045e-06,,,,
4483,0.00016643248090986162,adam,4484,57.560147285461426,6.82205114585864e-07,0.0,0.005200991492926268,5.8831968545459725e-06,,,,
4484,0.00016624960699118674,adam,4485,57.57279968261719,6.847216413550545e-07,0.0,0.005528021356827069,6.212743260749049e-06,,,,
4485,0.00016606684948783368,adam,4486,57.58372473716736,6.819823459717607e-07,0.0,0.0052105771060549965,5.892559699515889e-06,,,,
4486,0.00016588416474405676,adam,4487,57.59426188468933,6.84209680331696e-07,0.0,0.005862709672490833,6.546919631286296e-06,,,,
4487,0.00016570146544836462,adam,4488,57.605374574661255,6.830221686600999e-07,0.0,0.00601210790953578,6.695130363755682e-06,,,,
4488,0.00016551895532757044,adam,4489,57.61736726760864,6.832357389589987e-07,0.0,0.005275216111972795,5.9584521014911135e-06,,,,
4489,0.00016533657617401332,adam,4490,57.62912201881409,6.866709315501534e-07,0.0,0.005459736159002929,6.146407349876634e-06,,,,
4490,0.0001651542552281171,adam,4491,57.63967299461365,6.816071476064934e-07,0.0,0.005886073533481766,6.567680960661751e-06,,,,
4491,0.00016497205069754273,adam,4492,57.649903535842896,6.876074982916362e-07,0.0,0.005293661715605911,5.981269465332987e-06,,,,
4492,0.00016478986071888357,adam,4493,57.66054153442383,6.879722460960739e-07,0.0,0.006045956429036504,6.733928962300099e-06,,,,
4493,0.00016460784536320716,adam,4494,57.67110991477966,6.826014844588244e-07,0.0,0.006504800094909752,7.1874018883300016e-06,,,,
4494,0.00016442591731902212,adam,4495,57.68240475654602,6.829380407428115e-07,0.0,0.00597237345560172,6.655311780017049e-06,,,,
4495,0.00016424407658632845,adam,4496,57.694010496139526,6.852308902518593e-07,0.0,0.004884908257846751,5.5701393801193024e-06,,,,
4496,0.00016406232316512614,adam,4497,57.70470190048218,6.830159888526325e-07,0.0,0.0058856228623035255,6.568639130708244e-06,,,,
4497,0.0001638807007111609,adam,4498,57.7161328792572,6.843975154754262e-07,0.0,0.005942742442620707,6.627140240361253e-06,,,,
4498,0.00016369913646485656,adam,4499,57.72806692123413,6.852362067192673e-07,0.0,0.005874180016993238,6.559416502721084e-06,,,,
4499,0.00016351768863387406,adam,4500,57.74004244804382,6.814851491618272e-07,0.0,0.005593366305263469,6.274851720095939e-06,0.0002150675354652431,0.0,0.005714183378509316,0.00022078171911516157
4500,0.0001633363135624677,adam,4501,57.76268696784973,6.817729985604059e-07,0.0,0.005766027334546153,6.4478006069781615e-06,,,,
4501,0.00016315506945829839,adam,4502,57.77493166923523,6.821767868745084e-07,0.0,0.0059368770465253965,6.619054115386434e-06,,,,
4502,0.00016297381080221385,adam,4503,57.79015851020813,6.788774928895072e-07,0.0,0.005325437489405642,6.004315235239857e-06,,,,
4503,0.00016279274132102728,adam,4504,57.80235719680786,6.846712740976948e-07,0.0,0.005549855644848799,6.2345271825504925e-06,,,,
4504,0.00016261174459941685,adam,4505,57.81444191932678,6.809162857193388e-07,0.0,0.006152584151926948,6.833500729878352e-06,,,,
4505,0.00016243086429312825,adam,4506,57.82599878311157,6.785956839858422e-07,0.0,0.006134293517739031,6.8128894930881816e-06,,,,
4506,0.00016225008585024625,adam,4507,57.837982416152954,6.79618715616754e-07,0.0,0.00543099623291147,6.110615206486703e-06,,,,
4507,0.00016206929285544902,adam,4508,57.84926128387451,6.827543257997994e-07,0.0,0.005821987923248476,6.504742525577863e-06,,,,
4508,0.00016188871813938022,adam,4509,57.859716176986694,6.810442741861423e-07,0.0,0.005534448008720564,6.215492545778881e-06,,,,
4509,0.00016170821618288755,adam,4510,57.86988925933838,6.837533885115095e-07,0.0,0.005611890650100806,6.295644305162819e-06,,,,
4510,0.00016152780153788626,adam,4511,57.87978744506836,6.844865183320036e-07,0.0,0.005520266677786677,6.204753458317278e-06,,,,
4511,0.00016134748875629157,adam,4512,57.89137554168701,6.827280200207424e-07,0.0,0.005813227819843924,6.495956115978172e-06,,,,
4512,0.0001611672923900187,adam,4513,57.90354132652283,6.822811971324439e-07,0.0,0.006088830548010916,6.7711120343472925e-06,,,,
4513,0.00016098713967949152,adam,4514,57.914711236953735,6.873013841657842e-07,0.0,0.005764840850327711,6.452142508308743e-06,,,,
4514,0.00016080714704003185,adam,4515,57.92724967002869,6.861563137735194e-07,0.0,0.00561376540369732,6.2999219841103884e-06,,,,
4515,0.0001606272126082331,adam,4516,57.9386248588562,6.81458974077604e-07,0.0,0.005658045047972923,6.3395042907932465e-06,,,,
4516,0.00016044738003984094,adam,4517,57.94907259941101,6.84799614893996e-07,0.0,0.006499900106681529,7.184700030304214e-06,,,,
4517,0.00016026754747144878,adam,4518,57.96080017089844,6.837187639687643e-07,0.0,0.005449099930164984,6.1328189529521075e-06,,,,
4518,0.0001600879040779546,adam,4519,57.97329139709473,6.769565757045008e-07,0.0,0.005724128943430436,6.4010857910164725e-06,,,,
4519,0.00015990834799595177,adam,4520,57.98707604408264,6.849802296343005e-07,0.0,0.005846329216714267,6.531309724034305e-06,0.00021461678582476116,0.0,0.00569868278786898,0.00022031546888330304
4520,0.00015972890832927078,adam,4521,58.0070116519928,6.804345232350011e-07,0.0,0.005608486471602022,6.288921261225837e-06,,,,
4521,0.00015954955597408116,adam,4522,58.01848363876343,6.782034577012665e-07,0.0,0.006649169753417006,7.327373526936889e-06,,,,
4522,0.00015937021817080677,adam,4523,58.029261112213135,6.795645312519062e-07,0.0,0.005619918059195073,6.299482857378764e-06,,,,
4523,0.00015919106954243034,adam,4524,58.0399112701416,6.783616477227511e-07,0.0,0.006356704395142353,7.035066344792362e-06,,,,
4524,0.0001590120082255453,adam,4525,58.05010914802551,6.76535095998463e-07,0.0,0.005668509045373842,6.345044410612037e-06,,,,
4525,0.00015883312153164297,adam,4526,58.06049561500549,6.790292096260888e-07,0.0,0.007638072143459317,8.317101715874366e-06,,,,
4526,0.00015865423483774066,adam,4527,58.07087469100952,6.756263690670754e-07,0.0,0.005443738192937975,6.1193648205687395e-06,,,,
4527,0.0001584753772476688,adam,4528,58.08120799064636,6.769925141073118e-07,0.0,0.005834463947365973,6.511456738595451e-06,,,,
4528,0.00015829667972866446,adam,4529,58.09148025512695,6.777019962167987e-07,0.0,0.006236321909044098,6.914024201470293e-06,,,,
4529,0.0001581181277288124,adam,4530,58.101510524749756,6.748372354467504e-07,0.0,0.0055555234004074795,6.230360899727432e-06,,,,
4530,0.00015793963393662125,adam,4531,58.11249327659607,6.765471088708586e-07,0.0,0.006312876020877903,6.989423429594283e-06,,,,
4531,0.00015776125655975193,adam,4532,58.12299847602844,6.774566760040963e-07,0.0,0.0058080158369961865,6.485472788866232e-06,,,,
4532,0.00015758285007905215,adam,4533,58.13481283187866,6.78345677774348e-07,0.0,0.005939608211252392,6.617954171142992e-06,,,,
4533,0.0001574046618770808,adam,4534,58.14648199081421,6.784018590722124e-07,0.0,0.005358957244416335,6.037359358025359e-06,,,,
4534,0.00015722657553851604,adam,4535,58.16392207145691,6.76182208893351e-07,0.0,0.005966400520004238,6.642583012286407e-06,,,,
4535,0.00015704856195952743,adam,4536,58.17639517784119,6.742605507334082e-07,0.0,0.0062707153438935,6.9449761924699055e-06,,,,
4536,0.00015687065024394542,adam,4537,58.19479846954346,6.761788002134175e-07,0.0,0.0054647765312150695,6.140955590991444e-06,,,,
4537,0.00015669276763219386,adam,4538,58.20618033409119,6.769774187341304e-07,0.0,0.005266965019758382,5.943942688659927e-06,,,,
4538,0.0001565151324030012,adam,4539,58.217790842056274,6.749098799335818e-07,0.0,0.006069320615667199,6.744230783878041e-06,,,,
4539,0.0001563375408295542,adam,4540,58.229525089263916,6.778263584063234e-07,0.0,0.005978727128801104,6.656553771181728e-06,0.00021389090982449108,0.0,0.005684956084062078,0.00021957586617857408
4540,0.0001561599929118529,adam,4541,58.24994230270386,6.730794298139498e-07,0.0,0.005180804336478453,5.853884012367405e-06,,,,
4541,0.0001559825032018125,adam,4542,58.26066827774048,6.705862890831328e-07,0.0,0.006009700336544521,6.680286911073103e-06,,,,
4542,0.0001558051590109244,adam,4543,58.27130842208862,6.765859199266158e-07,0.0,0.005603114862993228,6.279701049053519e-06,,,,
4543,0.00015562793123535812,adam,4544,58.281535625457764,6.708425176307279e-07,0.0,0.0058832330036496325,6.5540758007189336e-06,,,,
4544,0.00015545080532319844,adam,4545,58.29206323623657,6.707635295287932e-07,0.0,0.005477825984304522,6.148589774016088e-06,,,,
4545,0.00015527376672253013,adam,4546,58.302001953125,6.72302811356209e-07,0.0,0.006010014196853,6.682317293669566e-06,,,,
4546,0.00015509675722569227,adam,4547,58.31274056434631,6.701726682562998e-07,0.0,0.005689274412150224,6.359447350632558e-06,,,,
4547,0.00015491990779992193,adam,4548,58.324122190475464,6.706799693572416e-07,0.0,0.005721968469431118,6.392648710567279e-06,,,,
4548,0.00015474318934138864,adam,4549,58.33541178703308,6.747201479575172e-07,0.0,0.005421670503242914,6.0963909087159625e-06,,,,
4549,0.00015456651453860104,adam,4550,58.346824169158936,6.750276666790459e-07,0.0,0.005948249928051588,6.6232778772573446e-06,,,,
4550,0.00015438999980688095,adam,4551,58.357802867889404,6.763143816036288e-07,0.0,0.006027504633270569,6.703819301165306e-06,,,,
4551,0.0001542134559713304,adam,4552,58.370032787323,6.743656205800151e-07,0.0,0.005552941263022715,6.2273071473532876e-06,,,,
4552,0.0001540371886221692,adam,4553,58.382057428359985,6.741007895025352e-07,0.0,0.0050937582070937175,5.767859238536784e-06,,,,
4553,0.000153860921273008,adam,4554,58.39388418197632,6.75139806527607e-07,0.0,0.00543739188147185,6.112531946261713e-06,,,,
4554,0.00015368478489108384,adam,4555,58.40539765357971,6.752979841571478e-07,0.0,0.0060289512486664245,6.704249519183391e-06,,,,
4555,0.0001535087067168206,adam,4556,58.41768193244934,6.748784845445673e-07,0.0,0.005382055614705375,6.056934354883867e-06,,,,
4556,0.00015333267219830304,adam,4557,58.429112672805786,6.759402350652326e-07,0.0,0.005433394308719211,6.109334801856825e-06,,,,
4557,0.000153156797750853,adam,4558,58.440956830978394,6.74837632133711e-07,0.0,0.00529557399031556,5.970411873975539e-06,,,,
4558,0.0001529810397187248,adam,4559,58.451825857162476,6.727909748118902e-07,0.0,0.005536749598594869,6.2095408363882536e-06,,,,
4559,0.00015280538355000317,adam,4560,58.462926149368286,6.72178997295127e-07,0.0,0.005778739021433653,6.450918293204155e-06,0.00021329079655200487,0.0,0.005656736032879761,0.0002189475328535652
4560,0.0001526298001408577,adam,4561,58.4838285446167,6.720163376159748e-07,0.0,0.00621732362977967,6.889340262702671e-06,,,,
4561,0.0001524542603874579,adam,4562,58.49518823623657,6.704439709810472e-07,0.0,0.006320662134805253,6.991106406001643e-06,,,,
4562,0.00015227888070512563,adam,4563,58.50802302360535,6.6973353983812e-07,0.0,0.005449057349848569,6.118791148503025e-06,,,,
4563,0.00015210360288619995,adam,4564,58.51962614059448,6.694951277555938e-07,0.0,0.005542479600622001,6.21197499163125e-06,,,,
4564,0.00015192842693068087,adam,4565,58.53300857543945,6.688203803135023e-07,0.0,0.005969913543579329,6.63873420744851e-06,,,,
4565,0.00015175333828665316,adam,4566,58.54509711265564,6.658279868564088e-07,0.0,0.006243007484325859,6.908835767709212e-06,,,,
4566,0.0001515783806098625,adam,4567,58.558109521865845,6.662028206582034e-07,0.0,0.00548910863824967,6.155311719626543e-06,,,,
4567,0.00015140348114073277,adam,4568,58.57077169418335,6.654329150473121e-07,0.0,0.005480223629782108,6.145656805126075e-06,,,,
4568,0.0001512286689830944,adam,4569,58.583906173706055,6.649073944609632e-07,0.0,0.006522472640856223,7.187380345118013e-06,,,,
4569,0.0001510540023446083,adam,4570,58.61106634140015,6.67473634839983e-07,0.0,0.00569304306757892,6.360516972823939e-06,,,,
4570,0.00015087940846569836,adam,4571,58.6508367061615,6.673999826845936e-07,0.0,0.006149336382205647,6.816736656968046e-06,,,,
4571,0.00015070484369061887,adam,4572,58.670225620269775,6.683129289003203e-07,0.0,0.005171882339740378,5.840195514291928e-06,,,,
4572,0.00015053045353852212,adam,4573,58.69464445114136,6.722181156659736e-07,0.0,0.005692283035464436,6.364501421499346e-06,,,,
4573,0.00015035616524983197,adam,4574,58.730539321899414,6.723958715549105e-07,0.0,0.006488192884451703,7.160589064179239e-06,,,,
4574,0.00015018194972071797,adam,4575,58.74586057662964,6.719490103565409e-07,0.0,0.005688776314533808,6.360725595092725e-06,,,,
4575,0.00015000785060692579,adam,4576,58.75783085823059,6.713530323068031e-07,0.0,0.005709558441797218,6.380911745293494e-06,,,,
4576,0.0001498337951488793,adam,4577,58.76977801322937,6.692575753325337e-07,0.0,0.0061627896863788514,6.832047554428188e-06,,,,
4577,0.0001496598997619003,adam,4578,58.78326940536499,6.652273813989779e-07,0.0,0.005430899881870626,6.096127521223507e-06,,,,
4578,0.0001494860916864127,adam,4579,58.79621505737305,6.666959717101555e-07,0.0,0.006428482022589268,7.095178299635936e-06,,,,
4579,0.0001493124000262469,adam,4580,58.81040549278259,6.67287341910265e-07,0.0,0.005295626797138306,5.962914390577347e-06,0.000213084053597266,0.0,0.0056445961348004425,0.00021872865000017037
4580,0.0001491387956775725,adam,4581,58.83397173881531,6.663199971780509e-07,0.0,0.00558065594961364,6.246976211858625e-06,,,,
4581,0.00014896527864038944,adam,4582,58.84582233428955,6.67366945079012e-07,0.0,0.006201791212132036,6.8691584517803236e-06,,,,
4582,0.00014879189257044345,adam,4583,58.85725975036621,6.630092837222731e-07,0.0,0.005807694104082986,6.470703663655926e-06,,,,
4583,0.00014861856470815837,adam,4584,58.868823289871216,6.628528775737803e-07,0.0,0.005313433940451494,5.976287070399844e-06,,,,
4584,0.00014844536781311035,adam,4585,58.87968063354492,6.614827849769676e-07,0.0,0.006616753017514694,7.2782361167705655e-06,,,,
4585,0.00014827227278146893,adam,4586,58.890557527542114,6.62764372285423e-07,0.0,0.005891621251316869,6.554385903439285e-06,,,,
4586,0.00014809920685365796,adam,4587,58.90148043632507,6.676013108759902e-07,0.0,0.005880349458867645,6.547951049045248e-06,,,,
4587,0.00014792625734116882,adam,4588,58.91148924827576,6.660886258462444e-07,0.0,0.005462442603079182,6.128531488377527e-06,,,,
4588,0.00014775348245166242,adam,4589,58.921674966812134,6.654750312242598e-07,0.0,0.005254903847734919,5.920379128553719e-06,,,,
4589,0.00014758076576981694,adam,4590,58.933024406433105,6.651615116254773e-07,0.0,0.005307829042265491,5.97299080599932e-06,,,,
4590,0.00014740815095137805,adam,4591,58.94467067718506,6.675479849448315e-07,0.0,0.005381831455593908,6.049379696162017e-06,,,,
4591,0.00014723556523676962,adam,4592,58.95610523223877,6.677240844868903e-07,0.0,0.005405751332493859,6.073475673740161e-06,,,,
4592,0.00014706312504131347,adam,4593,58.97021198272705,6.662067895092524e-07,0.0,0.005562689620741016,6.228896674463848e-06,,,,
4593,0.00014689084491692483,adam,4594,58.982760429382324,6.693271075580346e-07,0.0,0.005398383962899855,6.067711326867369e-06,,,,
4594,0.00014671860844828188,adam,4595,58.99604606628418,6.678498287492898e-07,0.0,0.006385885086367103,7.053735218429659e-06,,,,
4595,0.000146546502946876,adam,4596,59.010080099105835,6.652043309372833e-07,0.0,0.005125173355752649,5.790377930122604e-06,,,,
4596,0.00014637451386079192,adam,4597,59.02273511886597,6.679214497681536e-07,0.0,0.005567403674377602,6.23532538858324e-06,,,,
4597,0.00014620256843045354,adam,4598,59.034056425094604,6.633297370544649e-07,0.0,0.005771670388456276,6.4350003996503744e-06,,,,
4598,0.00014603076851926744,adam,4599,59.04497408866882,6.652012762756228e-07,0.0,0.005939147089106675,6.604348647476647e-06,,,,
4599,0.0001458590559195727,adam,4600,59.05668020248413,6.649232502120696e-07,0.0,0.0053645747223688605,6.029498227384556e-06,0.00021219172093765433,0.0,0.0056220363565337075,0.00021781375756122043
4600,0.00014568744518328458,adam,4601,59.076921701431274,6.641348173216054e-07,0.0,0.005112947589040611,5.777082649214195e-06,,,,
4601,0.00014551584899891168,adam,4602,59.087369441986084,6.62541528145895e-07,0.0,0.0055047664253578075,6.167308214966077e-06,,,,
4602,0.00014534442743752152,adam,4603,59.098124742507935,6.621639591857571e-07,0.0,0.005769445312819171,6.431609546038876e-06,,,,
4603,0.00014517310773953795,adam,4604,59.1090669631958,6.639471496067051e-07,0.0,0.005930640735259528,6.594588166556552e-06,,,,
4604,0.000145001889904961,adam,4605,59.118743658065796,6.672604913763002e-07,0.0,0.005679783664445026,6.347044425596574e-06,,,,
4605,0.00014483078848570585,adam,4606,59.12902617454529,6.648563508003454e-07,0.0,0.005156687093584668,5.821543689314507e-06,,,,
4606,0.00014465968706645072,adam,4607,59.14008641242981,6.671274262246735e-07,0.0,0.006027974493142404,6.695102205680503e-06,,,,
4607,0.00014448877482209355,adam,4608,59.1512885093689,6.614092711446312e-07,0.0,0.005226175946886277,5.887585466260946e-06,,,,
4608,0.0001443179789930582,adam,4609,59.162813901901245,6.605951733550203e-07,0.0,0.005408239081139122,6.068834511371715e-06,,,,
4609,0.00014414727047551423,adam,4610,59.173494815826416,6.624357532446775e-07,0.0,0.005560453421326849,6.222889438678892e-06,,,,
4610,0.00014397664926946163,adam,4611,59.18549633026123,6.627871018075258e-07,0.0,0.005439701832242138,6.102489192421637e-06,,,,
4611,0.00014380612992681563,adam,4612,59.19671702384949,6.638663230411647e-07,0.0,0.005868726957215144,6.532593559005882e-06,,,,
4612,0.00014363572699949145,adam,4613,59.208423376083374,6.646242748493682e-07,0.0,0.00577676736071236,6.441391909943454e-06,,,,
4613,0.00014346542593557388,adam,4614,59.22206902503967,6.629489669055818e-07,0.0,0.005858832901157997,6.521782146343209e-06,,,,
4614,0.00014329521218314767,adam,4615,59.23356890678406,6.635967068467768e-07,0.0,0.005590255688734744,6.2538526611044185e-06,,,,
4615,0.0001431250129826367,adam,4616,59.24515914916992,6.623415241432005e-07,0.0,0.006603275689007107,7.265617526789074e-06,,,,
4616,0.0001429550175089389,adam,4617,59.25588941574097,6.641256648936627e-07,0.0,0.0054211865606190995,6.085312483005307e-06,,,,
4617,0.00014278509479481727,adam,4618,59.266212940216064,6.626560806855994e-07,0.0,0.0055687232400077795,6.23137958519354e-06,,,,
4618,0.00014261527394410223,adam,4619,59.277188301086426,6.62391705265568e-07,0.0,0.005877996608793444,6.540388593248871e-06,,,,
4619,0.000142445569508709,adam,4620,59.28874850273132,6.621836689791559e-07,0.0,0.006005948593389716,6.668132547636124e-06,0.00021182084505829262,0.0,0.005612452588441015,0.00021743329791331083
4620,0.00014227587962523103,adam,4621,59.308119773864746,6.601279719376734e-07,0.0,0.005451170056950242,6.1112982878046005e-06,,,,
4621,0.00014210639346856624,adam,4622,59.318702697753906,6.608608966244885e-07,0.0,0.005774711842481988,6.43557301339057e-06,,,,
4622,0.00014193696551956236,adam,4623,59.329474210739136,6.604480472432125e-07,0.0,0.0056594306724312895,6.319878988483035e-06,,,,
4623,0.00014176765398588032,adam,4624,59.33959937095642,6.620469504049328e-07,0.0,0.005853211948174912,6.515259176592495e-06,,,,
4624,0.00014159847341943532,adam,4625,59.35040307044983,6.630436133510968e-07,0.0,0.0056934533110327805,6.356497194808399e-06,,,,
4625,0.00014142936561256647,adam,4626,59.363736629486084,6.601864762347887e-07,0.0,0.005400159278866131,6.060346011594722e-06,,,,
4626,0.000141260345117189,adam,4627,59.37580585479736,6.614743928454184e-07,0.0,0.006271021959836016,6.932496650538995e-06,,,,
4627,0.00014109144103713334,adam,4628,59.388209104537964,6.626949096863519e-07,0.0,0.00552515981220944,6.187854984326801e-06,,,,
4628,0.00014092266792431474,adam,4629,59.40204739570618,6.615983937448171e-07,0.0,0.005599661247755583,6.261259907470038e-06,,,,
4629,0.0001407539821229875,adam,4630,59.41542863845825,6.621982473768053e-07,0.0,0.005297313289139282,5.959511788124967e-06,,,,
4630,0.00014058528176974505,adam,4631,59.42825102806091,6.626977586600374e-07,0.0,0.005411613123508283,6.07431113920615e-06,,,,
4631,0.00014041677059140056,adam,4632,59.441574573516846,6.59017331665085e-07,0.0,0.00516924432515431,5.828261902345325e-06,,,,
4632,0.00014024840493220836,adam,4633,59.45354413986206,6.604180645339868e-07,0.0,0.005021721519917918,5.682139822970878e-06,,,,
4633,0.00014008008292876184,adam,4634,59.46511149406433,6.616234357816051e-07,0.0,0.006088535476407663,6.750159201379185e-06,,,,
4634,0.00013991192099638283,adam,4635,59.477118730545044,6.601814445040673e-07,0.0,0.005911864888957853,6.5720466142604345e-06,,,,
4635,0.00013974375906400383,adam,4636,59.4887433052063,6.614127735572454e-07,0.0,0.0059696795674324,6.63109262453421e-06,,,,
4636,0.00013957575720269233,adam,4637,59.49937677383423,6.594388363822355e-07,0.0,0.0054537627777744065,6.113201873196474e-06,,,,
4637,0.00013940785720478743,adam,4638,59.50983214378357,6.583815586717278e-07,0.0,0.0051452489027558924,5.803630705813829e-06,,,,
4638,0.0001392400881741196,adam,4639,59.52095890045166,6.563589704305454e-07,0.0,0.005448151562011071,6.10451079121493e-06,,,,
4639,0.0001390723919030279,adam,4640,59.53207874298096,6.516152749290625e-07,0.0,0.005979470480994834,6.631086039933504e-06,0.00021120853869419827,0.0,0.005592858027924494,0.00021680139698776926
4640,0.0001389047974953428,adam,4641,59.55026197433472,6.576269962181795e-07,0.0,0.006118735206013243,6.7763624928557505e-06,,,,
4641,0.00013873733405489475,adam,4642,59.56196308135986,6.567458185797097e-07,0.0,0.0052232502983283625,5.879996364999149e-06,,,,
4642,0.00013856995792593807,adam,4643,59.572733640670776,6.529165655993714e-07,0.0,0.005186428135359576,5.839344947301065e-06,,,,
4643,0.00013840266910847276,adam,4644,59.58383250236511,6.571097661435001e-07,0.0,0.004536337893329443,5.193447874937432e-06,,,,
4644,0.00013823548215441406,adam,4645,59.5945611000061,6.541988995690392e-07,0.0,0.0055952414871799135,6.249440652508663e-06,,,,
4645,0.00013806833885610104,adam,4646,59.607014894485474,6.56417222238317e-07,0.0,0.005566673776533533,6.223091263174667e-06,,,,
4646,0.00013790135562885553,adam,4647,59.61920523643494,6.680287241531406e-07,0.0,0.005842182968461002,6.510211970102944e-06,,,,
4647,0.00013773450336884707,adam,4648,59.63181471824646,6.550781266339136e-07,0.0,0.005927752294484908,6.582830702671948e-06,,,,
4648,0.00013756773842033,adam,4649,59.645116329193115,6.525887197294464e-07,0.0,0.005910722550293791,6.563311550767494e-06,,,,
4649,0.00013740106078330427,adam,4650,59.65724992752075,6.52848402213568e-07,0.0,0.005378408607256222,6.031257264930491e-06,,,,
4650,0.00013723444135393947,adam,4651,59.66903281211853,6.508778218048108e-07,0.0,0.0050650799966999605,5.715958059083162e-06,,,,
4651,0.00013706796744372696,adam,4652,59.680901527404785,6.528404223836892e-07,0.0,0.005858760809286904,6.5116015099468e-06,,,,
4652,0.00013690160994883627,adam,4653,59.692238330841064,6.538555276310983e-07,0.0,0.005445030224504585,6.098886010760741e-06,,,,
4653,0.0001367354125250131,adam,4654,59.70253276824951,6.508870338923888e-07,0.0,0.005771458716124752,6.42234602414672e-06,,,,
4654,0.00013656927330885082,adam,4655,59.71389079093933,6.517092755845458e-07,0.0,0.006139078434587418,6.790788001762543e-06,,,,
4655,0.00013640313409268856,adam,4656,59.72555708885193,6.514564928281139e-07,0.0,0.005142152705682385,5.793609442749646e-06,,,,
4656,0.0001362371986033395,adam,4657,59.73602247238159,6.520753552283296e-07,0.0,0.0060673070870049224,6.7193827304148744e-06,,,,
4657,0.00013607136497739702,adam,4658,59.74588346481323,6.542390459747018e-07,0.0,0.006225324870141475,6.879564211803242e-06,,,,
4658,0.00013590561866294593,adam,4659,59.75665640830994,6.538690712920063e-07,0.0,0.005768726033590575,6.4225953788823645e-06,,,,
4659,0.0001357399596599862,adam,4660,59.76810145378113,6.515420521433201e-07,0.0,0.0054551532620411,6.106695573290296e-06,0.00021053889305785423,0.0,0.005576314444502102,0.00021611520776721705
4660,0.00013557434431277215,adam,4661,59.79032063484192,6.551925561733734e-07,0.0,0.005380387711946686,6.035580523674763e-06,,,,
4661,0.0001354089326923713,adam,4662,59.80159544944763,6.522396489706096e-07,0.0,0.0051988919937560425,5.851131889660771e-06,,,,
4662,0.00013524357927963138,adam,4663,59.81454157829285,6.519658095590392e-07,0.0,0.005829185475026425,6.481151561456917e-06,,,,
4663,0.00013507834228221327,adam,4664,59.82716751098633,6.613712182024264e-07,0.0,0.006090011456361623,6.751382963824072e-06,,,,
4664,0.00013491320714820176,adam,4665,59.840049743652344,6.533349835430229e-07,0.0,0.005518114197899953,6.171449443539336e-06,,,,
4665,0.0001347481011180207,adam,4666,59.854296922683716,6.538921373953858e-07,0.0,0.00550666610827206,6.160558507220052e-06,,,,
4666,0.000134583271574229,adam,4667,59.86610245704651,6.572684050361595e-07,0.0,0.005837730342534434,6.494999024847907e-06,,,,
4667,0.0001344184420304373,adam,4668,59.87811756134033,6.514188384023874e-07,0.0,0.005886610425221985,6.538029543223364e-06,,,,
4668,0.0001342537289019674,adam,4669,59.88988661766052,6.602504830263223e-07,0.0,0.005730898763232711,6.391149518462119e-06,,,,
4669,0.00013408913218881935,adam,4670,59.9011766910553,6.580428372236075e-07,0.0,0.005390453888492044,6.048496981748473e-06,,,,
4670,0.00013392455002758652,adam,4671,59.91218018531799,6.589357228127567e-07,0.0,0.005375079536664706,6.0340155147800414e-06,,,,
4671,0.00013376011338550597,adam,4672,59.92311334609985,6.599075291429879e-07,0.0,0.006254710375180349,6.914618201406138e-06,,,,
4672,0.00013359583681449294,adam,4673,59.93380331993103,6.516751936520397e-07,0.0,0.005800553451096329,6.452228920259873e-06,,,,
4673,0.00013343163300305605,adam,4674,59.94355845451355,6.614577884862831e-07,0.0,0.005803449862794421,6.464907926929782e-06,,,,
4674,0.00013326753105502576,adam,4675,59.953516244888306,6.530951017913399e-07,0.0,0.0052191044300539035,5.872199779739403e-06,,,,
4675,0.0001331034436589107,adam,4676,59.96484661102295,6.524623735053628e-07,0.0,0.005461398453272844,6.113861086180713e-06,,,,
4676,0.00013293957454152405,adam,4677,59.97527289390564,6.611145667645214e-07,0.0,0.005571283249422928,6.232398080809204e-06,,,,
4677,0.00013277577818371356,adam,4678,59.98636841773987,6.501712290513286e-07,0.0,0.004881435080804972,5.531606541712026e-06,,,,
4678,0.00013261206913739443,adam,4679,59.99855017662048,6.515890451569933e-07,0.0,0.005169118735257047,5.820708025934006e-06,,,,
4679,0.00013244849105831236,adam,4680,60.009854555130005,6.51674223186782e-07,0.0,0.005583803276121107,6.2354777645243135e-06,0.00021020180219424186,0.0,0.005558285385583614,0.00021576008784382987
4680,0.00013228501484263688,adam,4681,60.0336811542511,6.491055214742533e-07,0.0,0.005156203473761737,5.805309240142514e-06,,,,
4681,0.000132121640490368,adam,4682,60.04966187477112,6.506213560046459e-07,0.0,0.005274468794236503,5.925090400764974e-06,,,,
4682,0.00013195838255342096,adam,4683,60.06218934059143,6.474230140895892e-07,0.0,0.005276502127684475,5.9239253923944666e-06,,,,
4683,0.00013179519737605006,adam,4684,60.075164556503296,6.488939263539969e-07,0.0,0.005638380508196631,6.2872747023593316e-06,,,,
4684,0.00013163215771783143,adam,4685,60.086838483810425,6.467636340774593e-07,0.0,0.00540814610529752,6.0549099962481354e-06,,,,
4685,0.0001314691180596128,adam,4686,60.09774684906006,6.458533377722794e-07,0.0,0.005884383639262282,6.5302372565277864e-06,,,,
4686,0.00013130626757629216,adam,4687,60.10843110084534,6.492465592764673e-07,0.0,0.006117944345647011,6.767191195510242e-06,,,,
4687,0.00013114350440446287,adam,4688,60.11905217170715,6.471346501213732e-07,0.0,0.005394136202868344,6.041271109197439e-06,,,,
4688,0.00013098085764795542,adam,4689,60.12961935997009,6.469052297518809e-07,0.0,0.005562223458131324,6.209128952074643e-06,,,,
4689,0.0001308182254433632,adam,4690,60.14012956619263,6.50020106922839e-07,0.0,0.005850373205963383,6.500393590764039e-06,,,,
4690,0.0001306558115174994,adam,4691,60.15059542655945,6.531542265027078e-07,0.0,0.005458166727818511,6.111321213570227e-06,,,,
4691,0.0001304934557992965,adam,4692,60.160908222198486,6.548430475761806e-07,0.0,0.006073408329790266,6.728251665837863e-06,,,,
4692,0.0001303312456002459,adam,4693,60.171475648880005,6.545647434965344e-07,0.0,0.005447196122327771,6.101761124552237e-06,,,,
4693,0.00013016907905694097,adam,4694,60.183244943618774,6.52836760858697e-07,0.0,0.006358744509542921,7.011581572425776e-06,,,,
4694,0.00013000707258470356,adam,4695,60.19461989402771,6.535651513340358e-07,0.0,0.005867961090920236,6.521526520967468e-06,,,,
4695,0.00012984516797587276,adam,4696,60.20676398277283,6.535749213930968e-07,0.0,0.006388454782234345,7.0420300070627615e-06,,,,
4696,0.0001296833361266181,adam,4697,60.21914744377136,6.541518517027526e-07,0.0,0.005188781671913452,5.842933770070109e-06,,,,
4697,0.0001295216497965157,adam,4698,60.23224353790283,6.543400693079891e-07,0.0,0.005956655639801042,6.610995992034992e-06,,,,
4698,0.000129360007122159,adam,4699,60.245155811309814,6.493596288950122e-07,0.0,0.004930368443130306,5.579728306205253e-06,,,,
4699,0.00012919845175929368,adam,4700,60.260254859924316,6.453813083509952e-07,0.0,0.004831961826140357,5.477343363997224e-06,0.0002097921696478575,0.0,0.005548638377888457,0.00021534080828929211
4700,0.00012903705646749586,adam,4701,60.28414511680603,6.468929669077835e-07,0.0,0.005534292157303372,6.181185387075928e-06,,,,
4701,0.0001288757484871894,adam,4702,60.29476976394653,6.418746630436718e-07,0.0,0.00609374841877943,6.735623371260621e-06,,,,
4702,0.0001287145569222048,adam,4703,60.3058385848999,6.46198886722683e-07,0.0,0.006008239469826188,6.654438641924932e-06,,,,
4703,0.000128553481772542,adam,4704,60.31755495071411,6.485084806798611e-07,0.0,0.005159277005355255,5.8077857310876236e-06,,,,
4704,0.00012839242117479444,adam,4705,60.32762336730957,6.456725862176103e-07,0.0,0.0054906795289341006,6.136352375944995e-06,,,,
4705,0.00012823154975194484,adam,4706,60.33779835700989,6.470084891124488e-07,0.0,0.005177490033629055,5.824498768659085e-06,,,,
4706,0.00012807076564058661,adam,4707,60.34844779968262,6.463796376922068e-07,0.0,0.00526999801216196,5.91637790016564e-06,,,,
4707,0.00012791009794455022,adam,4708,60.3587691783905,6.556539304228689e-07,0.0,0.00556111161963088,6.2167658141923775e-06,,,,
4708,0.00012774954666383564,adam,4709,60.36889147758484,6.536876334670941e-07,0.0,0.0051011393231202035,5.754827198878415e-06,,,,
4709,0.00012758909724652767,adam,4710,60.37916278839111,6.528284878097473e-07,0.0,0.005824150489220069,6.476979253662121e-06,,,,
4710,0.0001274287496926263,adam,4711,60.3911566734314,6.507850532576409e-07,0.0,0.005180741743857938,5.8315270431876076e-06,,,,
4711,0.00012726850400213152,adam,4712,60.4022171497345,6.460538378019443e-07,0.0,0.006011933432694094,6.657987556047554e-06,,,,
4712,0.00012710836017504334,adam,4713,60.41437768936157,6.469405759205669e-07,0.0,0.00548174950952935,6.128690345819048e-06,,,,
4713,0.00012694830365944654,adam,4714,60.426193952560425,6.465149668262142e-07,0.0,0.005595215340748964,6.241730573333647e-06,,,,
4714,0.00012678830535151064,adam,4715,60.438841342926025,6.490014518041755e-07,0.0,0.0050182836302289395,5.6672853203887975e-06,,,,
4715,0.00012662846711464226,adam,4716,60.45121932029724,6.466673460134937e-07,0.0,0.0066183576243620335,7.265025284730646e-06,,,,
4716,0.00012646877439692616,adam,4717,60.46453905105591,6.429742489924104e-07,0.0,0.005342146226950633,5.9851207296813734e-06,,,,
4717,0.00012630913988687098,adam,4718,60.47642493247986,6.484214225351325e-07,0.0,0.005693656015520895,6.342077708490177e-06,,,,
4718,0.00012614963634405285,adam,4719,60.48806047439575,6.464263036597049e-07,0.0,0.005170156690790461,5.8165832400194315e-06,,,,
4719,0.00012599014735314995,adam,4720,60.49892067909241,6.448466668223772e-07,0.0,0.005741210588600038,6.386057528115285e-06,0.00020938144086518783,0.0,0.005524187588649635,0.0002149056287162223
4720,0.00012583084753714502,adam,4721,60.52041053771973,6.509156791245436e-07,0.0,0.005487104219658928,6.138020159406937e-06,,,,
4721,0.00012567164958454669,adam,4722,60.53147029876709,6.464093188323955e-07,0.0,0.005850349895002486,6.496759491711591e-06,,,,
4722,0.00012551256804727018,adam,4723,60.541768074035645,6.438784742415712e-07,0.0,0.005190957251529566,5.834835972328376e-06,,,,
4723,0.00012535357382148504,adam,4724,60.55228018760681,6.457581995927726e-07,0.0,0.00513879607136749,5.784554515039979e-06,,,,
4724,0.00012519471056293696,adam,4725,60.56317448616028,6.434752554810095e-07,0.0,0.005434975423559509,6.0784509371879995e-06,,,,
4725,0.00012503592006396502,adam,4726,60.573490858078,6.415891065626622e-07,0.0,0.005617215974447377,6.258805347813481e-06,,,,
4726,0.00012487726053223014,adam,4727,60.58459949493408,6.428695369653805e-07,0.0,0.005166635173449339,5.809504955816722e-06,,,,
4727,0.00012471870286390185,adam,4728,60.59732937812805,6.444664589157876e-07,0.0,0.005589955780432399,6.234422504856839e-06,,,,
4728,0.00012456023250706494,adam,4729,60.60850930213928,6.421555490076754e-07,0.0,0.0071051130937202014,7.74726898020264e-06,,,,
4729,0.00012440182035788894,adam,4730,60.62046670913696,6.432402004412347e-07,0.0,0.005296716043533777,5.939956495555524e-06,,,,
4730,0.00012424358283169568,adam,4731,60.63163638114929,6.452180109897068e-07,0.0,0.00552054323128866,6.1657615044901005e-06,,,,
4731,0.00012408541806507856,adam,4732,60.64583349227905,6.441724840585967e-07,0.0,0.005745789660594906,6.3899624175638675e-06,,,,
4732,0.0001239273842656985,adam,4733,60.65968060493469,6.467895610650737e-07,0.0,0.005890134503358763,6.5369243441902125e-06,,,,
4733,0.00012376946688164026,adam,4734,60.675110816955566,6.436173177614813e-07,0.0,0.005798874222785883,6.44249181597911e-06,,,,
4734,0.00012361154949758202,adam,4735,60.68731093406677,6.442961377646812e-07,0.0,0.006025201429079766,6.669497853026159e-06,,,,
4735,0.00012345383584033698,adam,4736,60.701069593429565,6.422576299015576e-07,0.0,0.005304755390022179,5.947013271886098e-06,,,,
4736,0.00012329623859841377,adam,4737,60.71240735054016,6.39995728235153e-07,0.0,0.005494024512292633,6.134020501479947e-06,,,,
4737,0.00012313872866798192,adam,4738,60.72400522232056,6.445183459524931e-07,0.0,0.00571185129167039,6.356369908921261e-06,,,,
4738,0.0001229813351528719,adam,4739,60.73462104797363,6.408030424523107e-07,0.0,0.005964089932217788,6.60489325794917e-06,,,,
4739,0.00012282402894925326,adam,4740,60.74578261375427,6.393353352268411e-07,0.0,0.0054185836351300755,6.057919227725829e-06,0.00020849425621404693,0.0,0.005522320997905113,0.00021401657747424822
4740,0.00012266683916095644,adam,4741,60.76446294784546,6.397631967649414e-07,0.0,0.005756069833314056,6.395833303477644e-06,,,,
4741,0.00012250976578798145,adam,4742,60.775883197784424,6.415309753382533e-07,0.0,0.005744611999827053,6.386143248019735e-06,,,,
4742,0.00012235277972649783,adam,4743,60.78668284416199,6.393051734921658e-07,0.0,0.005221735141689228,5.861040563200505e-06,,,,
4743,0.00012219592463225126,adam,4744,60.798624992370605,6.396554713334013e-07,0.0,0.005746797123157763,6.3864528674493815e-06,,,,
4744,0.00012203908408991992,adam,4745,60.810670614242554,6.458478515700567e-07,0.0,0.005226717266296253,5.8725653661220586e-06,,,,
4745,0.00012188241817057133,adam,4746,60.82353615760803,6.396189900933664e-07,0.0,0.005869121402738824,6.508740671600498e-06,,,,
4746,0.00012172587594250217,adam,4747,60.836172342300415,6.424336464748175e-07,0.0,0.005358766967997558,6.001200869000148e-06,,,,
4747,0.00012156944285379723,adam,4748,60.84935259819031,6.408198285848902e-07,0.0,0.005219206585004899,5.8600266614888e-06,,,,
4748,0.00012141310435254127,adam,4749,60.861427307128906,6.37267744741926e-07,0.0,0.005374675991604575,6.011943991629912e-06,,,,
4749,0.00012125678767915815,adam,4750,60.87475371360779,6.380777810755263e-07,0.0,0.005718482924617031,6.356560977305922e-06,,,,
4750,0.00012110068200854585,adam,4751,60.88857817649841,6.38649149132646e-07,0.0,0.005368864351110647,6.0075137552506655e-06,,,,
4751,0.00012094467092538252,adam,4752,60.899458169937134,6.404935694416973e-07,0.0,0.005909050465540468,6.5495443156470015e-06,,,,
4752,0.0001207887617056258,adam,4753,60.91100788116455,6.367990585434587e-07,0.0,0.0051261302581995655,5.762929560221147e-06,,,,
4753,0.00012063295434927568,adam,4754,60.923219442367554,6.350630039779858e-07,0.0,0.005298571986578342,5.933635242224992e-06,,,,
4754,0.00012047724885633215,adam,4755,60.93556261062622,6.357754695586144e-07,0.0,0.005040807368603868,5.676583077587985e-06,,,,
4755,0.00012032166705466807,adam,4756,60.94610548019409,6.363011576310335e-07,0.0,0.0057925612594558855,6.428862692218816e-06,,,,
4756,0.00012016617256449535,adam,4757,60.95684266090393,6.357848874420837e-07,0.0,0.005478821851944019,6.114606999616177e-06,,,,
4757,0.00012001080176560208,adam,4758,60.966915130615234,6.358364470730458e-07,0.0,0.005750945425529499,6.386782145757796e-06,,,,
4758,0.0001198555255541578,adam,4759,60.9768762588501,6.368274129720749e-07,0.0,0.005054747487783368,5.691575140843065e-06,,,,
4759,0.0001197003002744168,adam,4760,60.98732399940491,6.353971199763948e-07,0.0,0.00524520743695206,5.880604806062439e-06,0.00020836785758757796,0.0,0.005508240940045168,0.00021387609878925054
4760,0.00011954524234170094,adam,4761,61.00760006904602,6.368741094482375e-07,0.0,0.005484784118429114,6.121658488390618e-06,,,,
4761,0.00011939031537622213,adam,4762,61.0195209980011,6.39827608666061e-07,0.0,0.0060909466379281164,6.730774535898619e-06,,,,
4762,0.00011923546117031947,adam,4763,61.034788846969604,6.424517015306294e-07,0.0,0.005195462157707441,5.8379141060092815e-06,,,,
4763,0.00011908066517207772,adam,4764,61.04827427864075,6.412059666706549e-07,0.0,0.005573155968314635,6.214362199695994e-06,,,,
4764,0.00011892603652086109,adam,4765,61.061766147613525,6.401700149439966e-07,0.0,0.005423536707621474,6.063706980169641e-06,,,,
4765,0.00011877151700900868,adam,4766,61.076371908187866,6.444384659576803e-07,0.0,0.004863341186880353,5.507779883834345e-06,,,,
4766,0.00011861709208460525,adam,4767,61.08985209465027,6.381016318131613e-07,0.0,0.005758388891587764,6.396490796909722e-06,,,,
4767,0.00011846280540339649,adam,4768,61.10242414474487,6.428112208078115e-07,0.0,0.005637379930986956,6.280191419555946e-06,,,,
4768,0.00011830859148176387,adam,4769,61.11518216133118,6.406534454240266e-07,0.0,0.005129744252908852,5.770397941982656e-06,,,,
4769,0.00011815450125141069,adam,4770,61.12813687324524,6.458884366666684e-07,0.0,0.005801842197561874,6.44773090980126e-06,,,,
4770,0.00011800052743637934,adam,4771,61.13903260231018,6.411459958228994e-07,0.0,0.0054028996215162405,6.044045873963101e-06,,,,
4771,0.00011784664093283936,adam,4772,61.14968800544739,6.368676861710339e-07,0.0,0.005745065632734548,6.381933591781557e-06,,,,
4772,0.0001176928635686636,adam,4773,61.16100788116455,6.5130663850292e-07,0.0,0.005707233071053585,6.3585399806355305e-06,,,,
4773,0.00011753915896406397,adam,4774,61.172075510025024,6.357609525271334e-07,0.0,0.0052188643230110755,5.854625523420964e-06,,,,
4774,0.0001173855853267014,adam,4775,61.18237352371216,6.473424325439619e-07,0.0,0.005375709908319165,6.023052596195646e-06,,,,
4775,0.00011723213538061827,adam,4776,61.19308590888977,6.409319175825664e-07,0.0,0.005177363672851704,5.818295836345849e-06,,,,
4776,0.00011707880184985697,adam,4777,61.20377206802368,6.421333559873537e-07,0.0,0.006147512462390618,6.789646110369145e-06,,,,
4777,0.0001169255847344175,adam,4778,61.21391177177429,6.408498099061038e-07,0.0,0.005214652437513763,5.855502495102568e-06,,,,
4778,0.0001167724039987661,adam,4779,61.22417235374451,6.365805494236953e-07,0.0,0.005582555696714498,6.219136511295361e-06,,,,
4779,0.0001166193833341822,adam,4780,61.235637187957764,6.454803496480703e-07,0.0,0.005526344562818266,6.1718251749536185e-06,0.00020760556727492208,0.0,0.005481006130173153,0.00021308657366542904
4780,0.00011646646453300491,adam,4781,61.25985145568848,6.377556179945992e-07,0.0,0.005935551013404665,6.5733069133228096e-06,,,,
4781,0.00011631374945864081,adam,4782,61.27145266532898,6.429300316420442e-07,0.0,0.00590617743257852,6.549107744748939e-06,,,,
4782,0.00011616105621214956,adam,4783,61.28489065170288,6.386282293774198e-07,0.0,0.005257641064261005,5.8962695433629756e-06,,,,
4783,0.00011600839206948876,adam,4784,61.29722571372986,6.358414917456469e-07,0.0,0.005723363867219443,6.359205630810287e-06,,,,
4784,0.00011585593892959878,adam,4785,61.313366651535034,6.366590874643641e-07,0.0,0.005063563680063025,5.700223008033759e-06,,,,
4785,0.00011570357310120016,adam,4786,61.325854778289795,6.379762612939961e-07,0.0,0.0061280755696775805,6.766052122039548e-06,,,,
4786,0.00011555128003237769,adam,4787,61.33825659751892,6.400791153676948e-07,0.0,0.006072005975638953,6.7120853794114565e-06,,,,
4787,0.00011539915431058034,adam,4788,61.350096702575684,6.395403647514945e-07,0.0,0.004950773920956157,5.590314520856795e-06,,,,
4788,0.00011524704314069822,adam,4789,61.36080598831177,6.381604998610854e-07,0.0,0.005047252390978136,5.685413130570846e-06,,,,
4789,0.00011509511386975646,adam,4790,61.3710720539093,6.358579403617135e-07,0.0,0.006046119342925711,6.681977570462684e-06,,,,
4790,0.00011494327191030607,adam,4791,61.38118290901184,6.364996868250947e-07,0.0,0.005485781306218659,6.1222812536043846e-06,,,,
4791,0.00011479157547000796,adam,4792,61.39133834838867,6.353164449729492e-07,0.0,0.005232543326373914,5.867860019879335e-06,,,,
4792,0.0001146399590652436,adam,4793,61.40255045890808,6.370997104071521e-07,0.0,0.006256195453947069,6.89329546150756e-06,,,,
4793,0.00011448838631622493,adam,4794,61.41357374191284,6.382748258422651e-07,0.0,0.005527013916155862,6.165289004517201e-06,,,,
4794,0.00011433697363827378,adam,4795,61.42378544807434,6.344026677395533e-07,0.0,0.005738224945614291,6.372627885904905e-06,,,,
4795,0.00011418577196309343,adam,4796,61.43498706817627,6.340157717591487e-07,0.0,0.0058034943967264566,6.437510444136798e-06,,,,
4796,0.00011403461394365877,adam,4797,61.44671130180359,6.332856424459418e-07,0.0,0.005060143017722417,5.693428900512255e-06,,,,
4797,0.00011388351413188502,adam,4798,61.45864701271057,6.372509241905797e-07,0.0,0.005307758045422768,5.945009221718327e-06,,,,
4798,0.00011373249435564503,adam,4799,61.47272205352783,6.338009893494708e-07,0.0,0.005028094497177525,5.661895725348669e-06,,,,
4799,0.00011358164920238778,adam,4800,61.485069274902344,6.339962228313069e-07,0.0,0.005788973716583634,6.422970214376438e-06,0.00020732417145060653,0.0,0.005466611725294985,0.00021279078343555165
4800,0.00011343090591253713,adam,4801,61.50682878494263,6.327772293734184e-07,0.0,0.005261479050309041,5.894256529589304e-06,,,,
4801,0.00011328030086588115,adam,4802,61.52080774307251,6.328576856154077e-07,0.0,0.005472645398404781,6.1055033439568975e-06,,,,
4802,0.0001131297685788013,adam,4803,61.53262138366699,6.314202202760947e-07,0.0,0.004967820309786824,5.599240766021722e-06,,,,
4803,0.00011297926539555192,adam,4804,61.54528093338013,6.298055685608664e-07,0.0,0.005772040890085604,6.401846732803702e-06,,,,
4804,0.00011282897321507335,adam,4805,61.556483030319214,6.300948165347911e-07,0.0,0.005404938744454919,6.035033817710525e-06,,,,
4805,0.00011267875379417092,adam,4806,61.56845307350159,6.303207770590755e-07,0.0,0.005546229813994746,6.176550854485602e-06,,,,
4806,0.00011252870172029361,adam,4807,61.57956647872925,6.285181685429355e-07,0.0,0.005396246298737636,6.024764723588517e-06,,,,
4807,0.00011237869330216199,adam,4808,61.58974766731262,6.294882711798855e-07,0.0,0.005605867488732933,6.2353560261772366e-06,,,,
4808,0.00011222884495509788,adam,4809,61.599472522735596,6.299756819924851e-07,0.0,0.005519833907495521,6.149809851666048e-06,,,,
4809,0.00011207907664356753,adam,4810,61.60939931869507,6.286668097035599e-07,0.0,0.005577038488455104,6.205705563053778e-06,,,,
4810,0.00011192942474735901,adam,4811,61.620161056518555,6.285973303241176e-07,0.0,0.005533670072693593,6.162267665852936e-06,,,,
4811,0.00011177988926647231,adam,4812,61.63034105300903,6.279678880743898e-07,0.0,0.005468232069468108,6.096200217269585e-06,,,,
4812,0.00011163046292494982,adam,4813,61.642443895339966,6.296266113753592e-07,0.0,0.0059270062513060995,6.556633144199149e-06,,,,
4813,0.00011148107296321541,adam,4814,61.654019832611084,6.362032204670166e-07,0.0,0.00589094336629223,6.527146866564043e-06,,,,
4814,0.00011133185762446374,adam,4815,61.6659631729126,6.323321725786418e-07,0.0,0.005046486959682571,5.678819371956481e-06,,,,
4815,0.00011118272232124582,adam,4816,61.678598403930664,6.324179180163838e-07,0.0,0.005542248397869249,6.174666579128307e-06,,,,
4816,0.0001110337398131378,adam,4817,61.69024348258972,6.294788418584426e-07,0.0,0.005614755023981736,6.244234132526732e-06,,,,
4817,0.00011088485189247876,adam,4818,61.70373320579529,6.291844316793169e-07,0.0,0.006037740819441839,6.666925537898457e-06,,,,
4818,0.00011073601490352303,adam,4819,61.7164204120636,6.290338221268981e-07,0.0,0.005360164512558526,5.989198589279576e-06,,,,
4819,0.00011058733070967719,adam,4820,61.72957634925842,6.305673742165402e-07,0.0,0.005558567355859323,6.1891349940936465e-06,0.00020688195257793034,0.0,0.0054541119789675565,0.00021233606481595432
4820,0.00011043878475902602,adam,4821,61.75153923034668,6.286311674979469e-07,0.0,0.005435996715951663,6.064628141645599e-06,,,,
4821,0.00011029034067178145,adam,4822,61.76311206817627,6.27866152268128e-07,0.0,0.00551896048246841,6.146826896873094e-06,,,,
4822,0.00011014199844794348,adam,4823,61.7761435508728,6.246889271189723e-07,0.0,0.004983664397777768,5.608353561608097e-06,,,,
4823,0.00010999377263942733,adam,4824,61.78799772262573,6.242944863838459e-07,0.0,0.005762392636593184,6.386687396675994e-06,,,,
4824,0.00010984564141836017,adam,4825,61.79929828643799,6.254590419900085e-07,0.0,0.0054977028975903165,6.1231622007072e-06,,,,
4825,0.00010969764844048768,adam,4826,61.809821367263794,6.273587312270547e-07,0.0,0.005195650474852171,5.823009452859381e-06,,,,
4826,0.00010954975005006418,adam,4827,61.820205211639404,6.266797259945592e-07,0.0,0.005343487695457978,5.970167675254584e-06,,,,
4827,0.00010940193169517443,adam,4828,61.83192563056946,6.275664284042239e-07,0.0,0.0050740367127997486,5.701603382207784e-06,,,,
4828,0.00010925418609986082,adam,4829,61.84325933456421,6.284856280895158e-07,0.0,0.005438119778088016,6.066605664474361e-06,,,,
4829,0.00010910663695540279,adam,4830,61.85537266731262,6.300401350030979e-07,0.0,0.005507052864725241,6.1370932612993144e-06,,,,
4830,0.00010895917512243614,adam,4831,61.86698842048645,6.310183331571207e-07,0.0,0.005550864422883128,6.181883019692162e-06,,,,
4831,0.00010881181515287608,adam,4832,61.87889289855957,6.299604520840215e-07,0.0,0.005562067572970947,6.192028289239002e-06,,,,
4832,0.00010866456432268023,adam,4833,61.890318870544434,6.293443067306272e-07,0.0,0.005724538570778773,6.353883149410392e-06,,,,
4833,0.0001085173717001453,adam,4834,61.902899742126465,6.278583771093058e-07,0.0,0.005417248006171839,6.045106640586618e-06,,,,
4834,0.00010837033914867789,adam,4835,61.91822862625122,6.293691061637125e-07,0.0,0.005361965455243836,5.9913348160872425e-06,,,,
4835,0.00010822343028848991,adam,4836,61.93567228317261,6.276240225120601e-07,0.0,0.0055756628366734565,6.2032871240152905e-06,,,,
4836,0.00010807663784362376,adam,4837,61.9478178024292,6.269620145258362e-07,0.0,0.006201032014505218,6.82799432356427e-06,,,,
4837,0.00010792993271024898,adam,4838,61.959962606430054,6.262549465822179e-07,0.0,0.005649759360557835,6.276014575489223e-06,,,,
4838,0.00010778335126815364,adam,4839,61.97124671936035,6.259233061345366e-07,0.0,0.005942425977688242,6.568349566072868e-06,,,,
4839,0.00010763688624138013,adam,4840,61.98393487930298,6.269540154533854e-07,0.0,0.005478222950464018,6.105177226119031e-06,0.00020627200436405327,0.0,0.005444631796374134,0.00021171663641903355
4840,0.00010749053035397083,adam,4841,62.00591540336609,6.268962027599525e-07,0.0,0.005327249165974417,5.954145621765128e-06,,,,
4841,0.00010734429088188335,adam,4842,62.01691913604736,6.272508119258757e-07,0.0,0.0055993712397672465,6.226622317648985e-06,,,,
4842,0.00010719809506554157,adam,4843,62.02761197090149,6.257974138032506e-07,0.0,0.006194409778522788,6.820207486544715e-06,,,,
4843,0.0001070520665962249,adam,4844,62.03844475746155,6.256272589365592e-07,0.0,0.004875258911601097,5.500886402100029e-06,,,,
4844,0.00010690613271435723,adam,4845,62.05056715011597,6.258648580617653e-07,0.0,0.005098282193953236,5.724147294170412e-06,,,,
4845,0.00010676031524781138,adam,4846,62.062140703201294,6.253244254285782e-07,0.0,0.006213621079164736,6.838945799724479e-06,,,,
4846,0.0001066146360244602,adam,4847,62.07659721374512,6.271304364582833e-07,0.0,0.005715296254630402,6.342426962550691e-06,,,,
4847,0.00010646897862898186,adam,4848,62.08931374549866,6.270734259506716e-07,0.0,0.005708730253529992,6.3358039506308e-06,,,,
4848,0.00010632350313244388,adam,4849,62.10035705566406,6.264461920669139e-07,0.0,0.005020765028623287,5.647211459163743e-06,,,,
4849,0.00010617812222335488,adam,4850,62.11305069923401,6.269348961733686e-07,0.0,0.005225579964543195,5.852515108918293e-06,,,,
4850,0.00010603286500554532,adam,4851,62.125301361083984,6.298083377739192e-07,0.0,0.0051108327059887085,5.7406412865141555e-06,,,,
4851,0.00010588771692709997,adam,4852,62.138198137283325,6.282627924390394e-07,0.0,0.005144402554900921,5.7726655916859705e-06,,,,
4852,0.00010574271436780691,adam,4853,62.149988412857056,6.286593693388782e-07,0.0,0.005373581172068655,6.002240796638943e-06,,,,
4853,0.00010559775546425954,adam,4854,62.16138219833374,6.278815739627945e-07,0.0,0.0051135906574472315,5.74147247429255e-06,,,,
4854,0.00010545295663177967,adam,4855,62.173553466796875,6.272362817942945e-07,0.0,0.005129352963049881,5.7565894884753685e-06,,,,
4855,0.00010530826693866402,adam,4856,62.18509793281555,6.236804828367363e-07,0.0,0.005433575223469179,6.05725596438689e-06,,,,
4856,0.00010516367183299735,adam,4857,62.19766139984131,6.285300151061102e-07,0.0,0.004934026428746818,5.562556678206608e-06,,,,
4857,0.00010501912765903398,adam,4858,62.20904588699341,6.249947082587485e-07,0.0,0.005225543017760324,5.850537974219048e-06,,,,
4858,0.00010487476538401097,adam,4859,62.21887016296387,6.283441242404466e-07,0.0,0.005712025492700009,6.340369888247108e-06,,,,
4859,0.00010473050497239456,adam,4860,62.22899413108826,6.23510237207742e-07,0.0,0.005962973213081182,6.586483733514954e-06,0.00020564628930338637,0.0,0.00542989953635774,0.0002110761890976505
4860,0.00010458635370014235,adam,4861,62.25176739692688,6.248325758097745e-07,0.0,0.005030183016160845,5.655015830891493e-06,,,,
4861,0.00010444233339512721,adam,4862,62.262691259384155,6.269649692681773e-07,0.0,0.00528169362543407,5.908658845569232e-06,,,,
4862,0.00010429834219394252,adam,4863,62.27568697929382,6.279764396190878e-07,0.0,0.005499539590331506,6.127516291164708e-06,,,,
4863,0.00010415453289169818,adam,4864,62.28743267059326,6.31115228940245e-07,0.0,0.005253464233996883,5.884579712463289e-06,,,,
4864,0.00010401081090094522,adam,4865,62.29988145828247,6.256241824012104e-07,0.0,0.005766065732594719,6.391690188869355e-06,,,,
4865,0.0001038672198774293,adam,4866,62.31128144264221,6.263693581561752e-07,0.0,0.00555521155519024,6.181581177204805e-06,,,,
4866,0.00010372373799327761,adam,4867,62.32418370246887,6.249680548211449e-07,0.0,0.0050358097522335155,5.660778046242789e-06,,,,
4867,0.00010358038707636297,adam,4868,62.33725452423096,6.238038887540155e-07,0.0,0.005759940467242045,6.383744629578553e-06,,,,
4868,0.00010343713074689731,adam,4869,62.351139545440674,6.258545376824112e-07,0.0,0.005190935380776933,5.816790165015545e-06,,,,
4869,0.00010329400538466871,adam,4870,62.36269760131836,6.254487281987173e-07,0.0,0.0058052285383777755,6.430677542310052e-06,,,,
4870,0.00010315093823010102,adam,4871,62.37442374229431,6.269162875871417e-07,0.0,0.005827827085688046,6.454743650082121e-06,,,,
4871,0.00010300803842255846,adam,4872,62.38568830490112,6.241803802305107e-07,0.0,0.0053709940166062915,5.995174651945329e-06,,,,
4872,0.00010286516771884635,adam,4873,62.39791989326477,6.260789739408209e-07,0.0,0.004654389112020477,5.280468307032918e-06,,,,
4873,0.00010272245708620176,adam,4874,62.40980243682861,6.272731731109593e-07,0.0,0.004914396704650448,5.541670111182726e-06,,,,
4874,0.00010257988469675183,adam,4875,62.4195671081543,6.241396866657794e-07,0.0,0.005934896606595259,6.559036575153501e-06,,,,
4875,0.00010243741417070851,adam,4876,62.43003582954407,6.279386362503306e-07,0.0,0.0055399483226439734,6.16788722202773e-06,,,,
4876,0.00010229503095615655,adam,4877,62.4398775100708,6.240382414760956e-07,0.0,0.005491399833111414,6.115438335415006e-06,,,,
4877,0.00010215274232905358,adam,4878,62.45007562637329,6.250682466668353e-07,0.0,0.005321462180327982,5.946530679750708e-06,,,,
4878,0.00010201058466918766,adam,4879,62.46227049827576,6.199897139937303e-07,0.0,0.005462848166695812,6.082838140160907e-06,,,,
4879,0.0001018685579765588,adam,4880,62.4742546081543,6.20493206310485e-07,0.0,0.006040692716505279,6.661186209733272e-06,0.00020531786885013542,0.0,0.005426732043701891,0.00021074460115159325
4880,0.00010172664042329416,adam,4881,62.49675393104553,6.228806777562577e-07,0.0,0.005458053345746103,6.080934282745984e-06,,,,
4881,0.00010158483928535134,adam,4882,62.50943303108215,6.215053288551126e-07,0.0,0.0054797780835072595,6.1012836726378645e-06,,,,
4882,0.0001014431327348575,adam,4883,62.52201223373413,6.213158807121833e-07,0.0,0.0057208304497295154,6.342146602166564e-06,,,,
4883,0.00010130157170351595,adam,4884,62.53476810455322,6.233631995885633e-07,0.0,0.0055941726295104365,6.2175360948079416e-06,,,,
4884,0.00010116009798366576,adam,4885,62.54764986038208,6.234179057616828e-07,0.0,0.005920851621889092,6.544269808876137e-06,,,,
4885,0.00010101874795509502,adam,4886,62.55893158912659,6.206577660203788e-07,0.0,0.0052954972041528,5.9161552216958e-06,,,,
4886,0.00010087749978993088,adam,4887,62.57015252113342,6.210421202741202e-07,0.0,0.005414102998419635,6.0351453758498485e-06,,,,
4887,0.0001007362807285972,adam,4888,62.58138680458069,6.20787365422812e-07,0.0,0.005370593737519408,5.991381358031734e-06,,,,
4888,0.00010059528722194955,adam,4889,62.59285926818848,6.202665643682121e-07,0.0,0.005956699293612288,6.576966140908535e-06,,,,
4889,0.0001004543955787085,adam,4890,62.60451602935791,6.201467820139518e-07,0.0,0.005583238228592564,6.203385275796102e-06,,,,
4890,0.0001003135766950436,adam,4891,62.615253925323486,6.186786235600093e-07,0.0,0.005992699263981983,6.6113781721799335e-06,,,,
4891,0.00010017289605457336,adam,4892,62.62644004821777,6.199427253159595e-07,0.0,0.00557991074325968,6.199853733607178e-06,,,,
4892,0.00010003227362176403,adam,4893,62.636455059051514,6.175475421689784e-07,0.0,0.005493595016046307,6.111142819147047e-06,,,,
4893,9.989181853597984e-05,adam,4894,62.647186517715454,6.194521883782968e-07,0.0,0.005302664585624148,5.922117025865498e-06,,,,
4894,9.975145076168701e-05,adam,4895,62.657628536224365,6.207979111974606e-07,0.0,0.005122853460099496,5.74365161461944e-06,,,,
4895,9.961122850654647e-05,adam,4896,62.66800022125244,6.236615532715086e-07,0.0,0.005660585463026728,6.284247285161619e-06,,,,
4896,9.947115904651582e-05,adam,4897,62.68013381958008,6.23694428877518e-07,0.0,0.0059171115737357005,6.540806283660937e-06,,,,
4897,9.933111869031563e-05,adam,4898,62.69120502471924,6.198331571292226e-07,0.0,0.005657871032705069,6.277704458568745e-06,,,,
4898,9.919122385326773e-05,adam,4899,62.70231294631958,6.210002558328992e-07,0.0,0.0054270144344261435,6.048014948028396e-06,,,,
4899,9.905143815558404e-05,adam,4900,62.71390199661255,6.20094070484e-07,0.0,0.005353214886246908,5.973309210994971e-06,0.00020525485486747142,0.0,0.005403715139323999,0.0002106585702634581
4900,9.891173976939172e-05,adam,4901,62.74074625968933,6.200996056545441e-07,0.0,0.005658416490436292,6.2785163648511976e-06,,,,
4901,9.877218690235168e-05,adam,4902,62.75450801849365,6.21556798439572e-07,0.0,0.004746596049133428,5.368153073024215e-06,,,,
4902,9.863268496701494e-05,adam,4903,62.76713466644287,6.223188838978539e-07,0.0,0.005807090934457745,6.429410094177618e-06,,,,
4903,9.849335765466094e-05,adam,4904,62.779560565948486,6.235738424311668e-07,0.0,0.005411183378417785,6.034757477866371e-06,,,,
4904,9.835413220571354e-05,adam,4905,62.79126524925232,6.220822492451525e-07,0.0,0.005632908321281515,6.2549908380754565e-06,,,,
4905,9.821503044804558e-05,adam,4906,62.80235028266907,6.240660213573312e-07,0.0,0.005702660632538286,6.326726924757462e-06,,,,
4906,9.807603782974184e-05,adam,4907,62.814350843429565,6.241625166925344e-07,0.0,0.005368908106959704,5.993070878661689e-06,,,,
4907,9.793709614314139e-05,adam,4908,62.824711561203,6.256089136266499e-07,0.0,0.0051535471057081355,5.779156264115138e-06,,,,
4908,9.77983363554813e-05,adam,4909,62.83559226989746,6.240611756840992e-07,0.0,0.005130069682700006,5.7541311020493406e-06,,,,
4909,9.765966387931257e-05,adam,4910,62.84636187553406,6.224024532956771e-07,0.0,0.005616972049406349,6.239374769493882e-06,,,,
4910,9.752120240591466e-05,adam,4911,62.85704588890076,6.202245260473195e-07,0.0,0.005420811756440864,6.041036539962926e-06,,,,
4911,9.738275548443198e-05,adam,4912,62.86793756484985,6.182185194303225e-07,0.0,0.004973930288056057,5.592149043735391e-06,,,,
4912,9.724438859848306e-05,adam,4913,62.88041400909424,6.168916401462133e-07,0.0,0.005517167642093012,6.134059544290627e-06,,,,
4913,9.710618178360164e-05,adam,4914,62.89171838760376,6.163589014863301e-07,0.0,0.005653221350751603,6.269580520751539e-06,,,,
4914,9.696809138404205e-05,adam,4915,62.90365219116211,6.181086806805045e-07,0.0,0.004911102681869955,5.52921159581532e-06,,,,
4915,9.68301173998043e-05,adam,4916,62.915178060531616,6.172264151797177e-07,0.0,0.005219868757509634,5.837095420619814e-06,,,,
4916,9.669220889918506e-05,adam,4917,62.926857233047485,6.171484615972373e-07,0.0,0.005261478739288248,5.878627450792316e-06,,,,
4917,9.655444591771811e-05,adam,4918,62.938353538513184,6.165119033628685e-07,0.0,0.004692690517605201,5.309202643858909e-06,,,,
4918,9.641682117944583e-05,adam,4919,62.95260667800903,6.16267533135596e-07,0.0,0.0057177174606770995,6.333985265389702e-06,,,,
4919,9.627929830458015e-05,adam,4920,62.966216802597046,6.166873342886276e-07,0.0,0.006112614785447435,6.7293024100696856e-06,0.00020481063676589174,0.0,0.00539168772521902,0.00021020232474720218
4920,9.614187729312107e-05,adam,4921,62.98859214782715,6.176789119284074e-07,0.0,0.005459500074238644,6.07717924547939e-06,,,,
4921,9.600452176528051e-05,adam,4922,63.00043773651123,6.163298144240934e-07,0.0,0.005003523423897245,5.619853475975949e-06,,,,
4922,9.58673408604227e-05,adam,4923,63.01223063468933,6.181008538035887e-07,0.0,0.004655570976402822,5.273672051334166e-06,,,,
4923,9.573032730259001e-05,adam,4924,63.02333688735962,6.161355244902813e-07,0.0,0.0053183303873770345,5.934466164474455e-06,,,,
4924,9.559337922837585e-05,adam,4925,63.03395915031433,6.14196427197223e-07,0.0,0.0052042278973090375,5.818424571693822e-06,,,,
4925,9.545654756948352e-05,adam,4926,63.04444122314453,6.168084213364228e-07,0.0,0.006127643682021752,6.744452394405632e-06,,,,
4926,9.531975229037926e-05,adam,4927,63.0552659034729,6.160767538456816e-07,0.0,0.005227296716388694,5.843373718517647e-06,,,,
4927,9.518315346213058e-05,adam,4928,63.06578707695007,6.19900716261502e-07,0.0,0.005815608056179778,6.43550904866784e-06,,,,
4928,9.504664194537327e-05,adam,4929,63.07637691497803,6.125905820577102e-07,0.0,0.005851387248096293,6.463978108079984e-06,,,,
4929,9.49102541198954e-05,adam,4930,63.087183237075806,6.247256526346109e-07,0.0,0.005616884969343795,6.241610888766126e-06,,,,
4930,9.477399726165459e-05,adam,4931,63.09877038002014,6.159292665503383e-07,0.0,0.005441709308943869,6.05763883396153e-06,,,,
4931,9.4637754955329e-05,adam,4932,63.113603591918945,6.305053847940721e-07,0.0,0.0050727062305484195,5.7032118562831094e-06,,,,
4932,9.4501709099859e-05,adam,4933,63.12486433982849,6.181164174278332e-07,0.0,0.005923038940124136,6.541155638881222e-06,,,,
4933,9.436577965971082e-05,adam,4934,63.13914752006531,6.297723659217719e-07,0.0,0.0049265155069150735,5.5562881068337755e-06,,,,
4934,9.422997391084209e-05,adam,4935,63.15095639228821,6.189335623205892e-07,0.0,0.005506883390198655,6.12581721408217e-06,,,,
4935,9.409427730133757e-05,adam,4936,63.1632354259491,6.235715455617704e-07,0.0,0.005157126624547839,5.780698415059981e-06,,,,
4936,9.395868255523965e-05,adam,4937,63.17516589164734,6.195463736174896e-07,0.0,0.004939112278475613,5.558658886688348e-06,,,,
4937,9.382321150042117e-05,adam,4938,63.18673276901245,6.195324336975192e-07,0.0,0.0054333086028587035,6.0528412946245334e-06,,,,
4938,9.36878495849669e-05,adam,4939,63.199029207229614,6.216541707194533e-07,0.0,0.005535576994912353,6.157231428557605e-06,,,,
4939,9.355259680887684e-05,adam,4940,63.210864782333374,6.154602954866184e-07,0.0,0.006327193356095592,6.942653952107769e-06,0.0002045318041596315,0.0,0.00538508356184683,0.00020991688797725608
4940,9.3417453172151e-05,adam,4941,63.233378410339355,6.217590277955801e-07,0.0,0.0056238887328937314,6.245648027809693e-06,,,,
4941,9.328237501904368e-05,adam,4942,63.243656635284424,6.144572539877893e-07,0.0,0.005020815078018406,5.6352725704821145e-06,,,,
4942,9.314747876487672e-05,adam,4943,63.254605531692505,6.233859207940475e-07,0.0,0.005557813523004426,6.18119970778045e-06,,,,
4943,9.301267709815875e-05,adam,4944,63.265488147735596,6.14269760538533e-07,0.0,0.005093548231341262,5.707818233810354e-06,,,,
4944,9.287802095059305e-05,adam,4945,63.27579593658447,6.259501571328944e-07,0.0,0.004832431085689422,5.458381472350476e-06,,,,
4945,9.274345939047635e-05,adam,4946,63.28565049171448,6.157968866875974e-07,0.0,0.005199447411339498,5.815244544987596e-06,,,,
4946,9.260893421014771e-05,adam,4947,63.29800987243652,6.197436679265364e-07,0.0,0.005863681602337672,6.48342554877414e-06,,,,
4947,9.247461275663227e-05,adam,4948,63.309284925460815,6.181421883620487e-07,0.0,0.005125239575566376,5.7433820073642415e-06,,,,
4948,9.234038589056581e-05,adam,4949,63.320844888687134,6.162577058013731e-07,0.0,0.005352454779904599,5.9687127399339325e-06,,,,
4949,9.220630454365164e-05,adam,4950,63.33308029174805,6.186628910498593e-07,0.0,0.0055615280760831125,6.180191231291381e-06,,,,
4950,9.207229595631361e-05,adam,4951,63.34568643569946,6.145057915396527e-07,0.0,0.005449752455156588,6.064258505545593e-06,,,,
4951,9.193842561217025e-05,adam,4952,63.3593053817749,6.177010840978962e-07,0.0,0.005756360715535282,6.374062073045641e-06,,,,
4952,9.180468623526394e-05,adam,4953,63.373204469680786,6.136892334089925e-07,0.0,0.005071091825207342,5.684781299480272e-06,,,,
4953,9.167104144580662e-05,adam,4954,63.38682436943054,6.156190416920312e-07,0.0,0.0065637761054461565,7.179395458900824e-06,,,,
4954,9.153751307167113e-05,adam,4955,63.39779853820801,6.140080655449347e-07,0.0,0.00532055283870473,5.934561156962364e-06,,,,
4955,9.140410111285746e-05,adam,4956,63.408480167388916,6.157804598320087e-07,0.0,0.005343330078938385,5.959110792564954e-06,,,,
4956,9.127073280978948e-05,adam,4957,63.42011523246765,6.154038607205552e-07,0.0,0.004991556859084768,5.606960956891551e-06,,,,
4957,9.113753185374662e-05,adam,4958,63.431591749191284,6.139548255479275e-07,0.0,0.005515194548071933,6.129149635577544e-06,,,,
4958,9.100446186494082e-05,adam,4959,63.442487716674805,6.126899786860181e-07,0.0,0.005206164156050118,5.818854382015664e-06,,,,
4959,9.087151556741446e-05,adam,4960,63.45360279083252,6.117459511781635e-07,0.0,0.005467748006335194,6.079494217217452e-06,0.00020387801586107507,0.0,0.005372125378663502,0.00020925014149490083
4960,9.073865658137947e-05,adam,4961,63.47184634208679,6.121521897064017e-07,0.0,0.005951785097445546,6.563937569846571e-06,,,,
4961,9.060589218279347e-05,adam,4962,63.48168587684631,6.114050585725078e-07,0.0,0.005193045926196364,5.804451231425318e-06,,,,
4962,9.04732514754869e-05,adam,4963,63.492085456848145,6.134985480563077e-07,0.0,0.004614417434230189,5.227916201459565e-06,,,,
4963,9.034078539116308e-05,adam,4964,63.50277137756348,6.149645389335099e-07,0.0,0.00502640161782816,5.641366395502936e-06,,,,
4964,9.020838479045779e-05,adam,4965,63.5139217376709,6.119784258866724e-07,0.0,0.005449783756014103,6.061762440751614e-06,,,,
4965,9.007613698486239e-05,adam,4966,63.52486991882324,6.102667154741297e-07,0.0,0.0057434530139636375,6.3537200022371465e-06,,,,
4966,8.994397649075836e-05,adam,4967,63.535884857177734,6.0852172660721e-07,0.0,0.0053063778033616525,5.914899782008283e-06,,,,
4967,8.981193968793377e-05,adam,4968,63.548954010009766,6.097373220780437e-07,0.0,0.005475176305059314,6.084913887194277e-06,,,,
4968,8.968001930043101e-05,adam,4969,63.56169390678406,6.089008437716477e-07,0.0,0.005509081492878166,6.117982598317144e-06,,,,
4969,8.954820805229247e-05,adam,4970,63.574355363845825,6.123162058352416e-07,0.0,0.005172910648792043,5.785227100327356e-06,,,,
4970,8.941652049543336e-05,adam,4971,63.58691596984863,6.119856332326791e-07,0.0,0.005204648726474083,5.816634606914312e-06,,,,
4971,8.928488387027755e-05,adam,4972,63.5995237827301,6.149670092299003e-07,0.0,0.005678236141071744,6.293203420003389e-06,,,,
4972,8.91534291440621e-05,adam,4973,63.61125040054321,6.118367390937864e-07,0.0,0.005424551642442786,6.03638863918895e-06,,,,
4973,8.902209083316848e-05,adam,4974,63.62255597114563,6.137183954494641e-07,0.0,0.005354803144839928,5.968521794628894e-06,,,,
4974,8.889086893759668e-05,adam,4975,63.63388705253601,6.123279399977721e-07,0.0,0.006085137326391293,6.69746555541758e-06,,,,
4975,8.87597561813891e-05,adam,4976,63.644678354263306,6.146096189657129e-07,0.0,0.004985286324214291,5.5998961799683985e-06,,,,
4976,8.862868708092719e-05,adam,4977,63.65579080581665,6.14535311976774e-07,0.0,0.005654650879043615,6.269186459601893e-06,,,,
4977,8.849780715536326e-05,adam,4978,63.66636800765991,6.166265193760972e-07,0.0,0.005017979607812828,5.634606365530168e-06,,,,
4978,8.836705092107877e-05,adam,4979,63.67681837081909,6.114062744813447e-07,0.0,0.0052855747290015,5.896981254534173e-06,,,,
4979,8.823638199828565e-05,adam,4980,63.68685245513916,6.116155901902999e-07,0.0,0.0059698255594156134,6.581441433157412e-06,0.00020336111601946828,0.0,0.005361217834131273,0.00020872233410824373
4980,8.810585859464481e-05,adam,4981,63.70719289779663,6.102400005092069e-07,0.0,0.006021190825314609,6.631431111815034e-06,,,,
4981,8.797541522653773e-05,adam,4982,63.71847605705261,6.103281316540236e-07,0.0,0.006293713945332572,6.904042375921967e-06,,,,
4982,8.784513920545578e-05,adam,4983,63.730700969696045,6.126146434708107e-07,0.0,0.0048205858943462295,5.4332007667825834e-06,,,,
4983,8.771492866799235e-05,adam,4984,63.74235248565674,6.138706947857759e-07,0.0,0.0057079207880056625,6.321791753903128e-06,,,,
4984,8.758487092563882e-05,adam,4985,63.75398349761963,6.154173960648659e-07,0.0,0.005380693091102678,5.996110742736752e-06,,,,
4985,8.745490777073428e-05,adam,4986,63.764949560165405,6.147120547227474e-07,0.0,0.005205722721440523,5.820435023421832e-06,,,,
4986,8.732499554753304e-05,adam,4987,63.77890706062317,6.150211167739547e-07,0.0,0.005555067347649387,6.170088728274882e-06,,,,
4987,8.71952943271026e-05,adam,4988,63.7946982383728,6.13503661660136e-07,0.0,0.00551839606373223,6.131899987502114e-06,,,,
4988,8.706567314220592e-05,adam,4989,63.80584692955017,6.148782829112357e-07,0.0,0.005887511234485824,6.502389797038838e-06,,,,
4989,8.69361829245463e-05,adam,4990,63.81794238090515,6.125836027429887e-07,0.0,0.00543882264470811,6.051406505781313e-06,,,,
4990,8.680673636263236e-05,adam,4991,63.82985162734985,6.135342166629417e-07,0.0,0.0056258335843308496,6.239368068206548e-06,,,,
4991,8.667746442370117e-05,adam,4992,63.84129858016968,6.135925476806776e-07,0.0,0.0051883564327552135,5.801949226869599e-06,,,,
4992,8.654834527987987e-05,adam,4993,63.85339403152466,6.109610585099102e-07,0.0,0.005197456660791201,5.8084179661670555e-06,,,,
4993,8.641932072350755e-05,adam,4994,63.86435651779175,6.09827031762327e-07,0.0,0.005520824039436251,6.130651333423649e-06,,,,
4994,8.629039075458422e-05,adam,4995,63.874582290649414,6.09028224194374e-07,0.0,0.0052996285963870324,5.908657072300258e-06,,,,
4995,8.616158447694033e-05,adam,4996,63.88525867462158,6.099556811202394e-07,0.0,0.005240285863876942,5.850241793897404e-06,,,,
4996,8.603291644249111e-05,adam,4997,63.895970582962036,6.07399437894057e-07,0.0,0.0054087596654840185,6.016159360280374e-06,,,,
4997,8.590435027144849e-05,adam,4998,63.90744090080261,6.119502716065757e-07,0.0,0.005616224710633686,6.2281752489966214e-06,,,,
4998,8.57759005157277e-05,adam,4999,63.92008137702942,6.107354314225663e-07,0.0,0.0053637881731600666,5.9745238593489e-06,,,,
4999,8.564755989937112e-05,adam,5000,63.93147039413452,6.112605289924574e-07,0.0,0.005257777452755968,5.869038231479454e-06,0.00020307292673109876,0.0,0.005346083968862701,0.00020841901095388683
5000,8.551928476663306e-05,adam,5001,63.95453190803528,6.096599803517112e-07,0.0,0.005332368534364692,5.942028767990318e-06,,,,
5001,8.539119880879298e-05,adam,5002,63.96644377708435,6.11063907292825e-07,0.0,0.006026296417025956,6.637360610552501e-06,,,,
5002,8.526321471435949e-05,adam,5003,63.97988319396973,6.093860417088782e-07,0.0,0.005575265635798509,6.184651942318295e-06,,,,
5003,8.513534703524783e-05,adam,5004,63.99194931983948,6.082625039480149e-07,0.0,0.005364048006441862,5.972310765168486e-06,,,,
5004,8.5007595771458e-05,adam,5005,64.00491571426392,6.088573306312832e-07,0.0,0.006021064339139576,6.629921955756069e-06,,,,
5005,8.48799099912867e-05,adam,5006,64.01772856712341,6.085212155421271e-07,0.0,0.006054883688620239,6.663405191753909e-06,,,,
5006,8.47523842821829e-05,adam,5007,64.03093576431274,6.095946235372413e-07,0.0,0.00555397478839434,6.163569675731228e-06,,,,
5007,8.462499681627378e-05,adam,5008,64.0441906452179,6.069548741172131e-07,0.0,0.004252325227662575,4.8592803037543985e-06,,,,
5008,8.449771121377125e-05,adam,5009,64.05507683753967,6.063532402118653e-07,0.0,0.0060020524009373275,6.608405926231385e-06,,,,
5009,8.437054202659056e-05,adam,5010,64.06631898880005,6.059561752260361e-07,0.0,0.005473103181932204,6.079059617116692e-06,,,,
5010,8.424346742685884e-05,adam,5011,64.07761144638062,6.106998465166029e-07,0.0,0.005015557208874376,5.626257293617162e-06,,,,
5011,8.411653834627941e-05,adam,5012,64.08735918998718,6.093517788782976e-07,0.0,0.005328951224832236,5.938303256822136e-06,,,,
5012,8.398972568102181e-05,adam,5013,64.09796452522278,6.115599108493853e-07,0.0,0.005637133056488546,6.248693235087384e-06,,,,
5013,8.386303670704365e-05,adam,5014,64.10884523391724,6.106617553393235e-07,0.0,0.005107312274117055,5.717974272040694e-06,,,,
5014,8.37364568724297e-05,adam,5015,64.12015271186829,6.104735235172964e-07,0.0,0.0067831609433910214,7.393634789091174e-06,,,,
5015,8.360992796951905e-05,adam,5016,64.13224768638611,6.083946258968797e-07,0.0,0.005691053961970496,6.299448858177934e-06,,,,
5016,8.348358096554875e-05,adam,5017,64.14500665664673,6.094183067821342e-07,0.0,0.005231524642344658,5.840943197610879e-06,,,,
5017,8.335735037690029e-05,adam,5018,64.15779638290405,6.098674008764426e-07,0.0,0.005877727932441319,6.487595612494857e-06,,,,
5018,8.323124347953126e-05,adam,5019,64.17039060592651,6.113871490897976e-07,0.0,0.005470097718336215,6.081485127241713e-06,,,,
5019,8.310520934173837e-05,adam,5020,64.18321323394775,6.106471485351062e-07,0.0,0.006042731842022116,6.6533792775715836e-06,0.0002026447640985818,0.0,0.005333850262321724,0.0002079786146142478
5020,8.29792843433097e-05,adam,5021,64.21078705787659,6.084252018393867e-07,0.0,0.005134578521174722,5.743003966893502e-06,,,,
5021,8.285351213999093e-05,adam,5022,64.2226881980896,6.080094849013608e-07,0.0,0.004970634313719123,5.578644034712946e-06,,,,
5022,8.27278709039092e-05,adam,5023,64.23365879058838,6.063325941388188e-07,0.0,0.0052864729710586245,5.892805816291436e-06,,,,
5023,8.26023388071917e-05,adam,5024,64.2445318698883,6.055898516966164e-07,0.0,0.004731022960431283,5.336613036839432e-06,,,,
5024,8.247699588537216e-05,adam,5025,64.25672507286072,6.050218823534054e-07,0.0,0.004777610009690247,5.382632118967951e-06,,,,
5025,8.23516384116374e-05,adam,5026,64.26830887794495,6.067419966754932e-07,0.0,0.005088501979096648,5.695244217463016e-06,,,,
5026,8.222645556088537e-05,adam,5027,64.27870297431946,6.068759370235417e-07,0.0,0.005423105582665682,6.0299817772729176e-06,,,,
5027,8.210139640141279e-05,adam,5028,64.28960609436035,6.046434924843428e-07,0.0,0.005780132975666392,6.384776742692319e-06,,,,
5028,8.197644638130441e-05,adam,5029,64.29967641830444,6.028044760645421e-07,0.0,0.005239659441072935,5.842464166007946e-06,,,,
5029,8.185162005247548e-05,adam,5030,64.30998253822327,6.038878120289314e-07,0.0,0.005588797432490237,6.192685509972803e-06,,,,
5030,8.172685193130746e-05,adam,5031,64.3199200630188,6.03532404444728e-07,0.0,0.005877642687506258,6.481175371124034e-06,,,,
5031,8.16022657090798e-05,adam,5032,64.33113193511963,6.037491780250403e-07,0.0,0.0057353434737779955,6.339092924217233e-06,,,,
5032,8.147778135025874e-05,adam,5033,64.34273958206177,6.052012474844409e-07,0.0,0.005037383858849641,5.642585345596977e-06,,,,
5033,8.135342068271711e-05,adam,5034,64.35472416877747,6.070178800361167e-07,0.0,0.005102756695838205,5.709774818242259e-06,,,,
5034,8.122918370645493e-05,adam,5035,64.3664038181305,6.04411675465211e-07,0.0,0.005176856551713951,5.781268473066653e-06,,,,
5035,8.11050267657265e-05,adam,5036,64.37958931922913,6.033454094572855e-07,0.0,0.00516776423898128,5.7711098938941965e-06,,,,
5036,8.098102262010798e-05,adam,5037,64.3926727771759,6.015089124654531e-07,0.0,0.00431429542454201,4.9158045419255e-06,,,,
5037,8.085712033789605e-05,adam,5038,64.40549230575562,6.032782859207444e-07,0.0,0.005034110098153932,5.637388623182075e-06,,,,
5038,8.073340723058209e-05,adam,5039,64.4182460308075,6.044631884307489e-07,0.0,0.005653393169486643,6.257856626439159e-06,,,,
5039,8.060974505497143e-05,adam,5040,64.43006587028503,6.05767322298487e-07,0.0,0.005092803892694559,5.69857145688825e-06,0.00020250795812165796,0.0,0.0053331679958283276,0.00020784112637079816
5040,8.048617019085214e-05,adam,5041,64.45197820663452,6.064147809015661e-07,0.0,0.006452581984395909,7.058997071778674e-06,,,,
5041,8.036274812184274e-05,adam,5042,64.4634997844696,6.039641186286327e-07,0.0,0.0053336942992363925,5.93765867120191e-06,,,,
5042,8.023946429602802e-05,adam,5043,64.47508430480957,6.071663200510867e-07,0.0,0.005505742236475384,6.112908818035194e-06,,,,
5043,8.011627505766228e-05,adam,5044,64.48598003387451,6.05733523541022e-07,0.0,0.005666827924259857,6.272561716960762e-06,,,,
5044,7.999320223461837e-05,adam,5045,64.49634623527527,6.086781333310661e-07,0.0,0.005547678391595692,6.156356788427342e-06,,,,
5045,7.987020944710821e-05,adam,5046,64.50699543952942,6.055490417149317e-07,0.0,0.004721797891359845,5.327347157348143e-06,,,,
5046,7.974736945470795e-05,adam,5047,64.51748394966125,6.080782603770382e-07,0.0,0.005912968613418466,6.521047154646443e-06,,,,
5047,7.962467498145998e-05,adam,5048,64.52777290344238,6.07430740626224e-07,0.0,0.004880278121644625,5.487709094071621e-06,,,,
5048,7.950209692353383e-05,adam,5049,64.5408341884613,6.055523684089128e-07,0.0,0.0049543273027355325,5.559879906462365e-06,,,,
5049,7.937960617709905e-05,adam,5050,64.55255913734436,6.040468562788619e-07,0.0,0.005649491543658901,6.253538668274213e-06,,,,
5050,7.925720274215564e-05,adam,5051,64.56875514984131,6.055930371289671e-07,0.0,0.0052928563464005405,5.898449634926694e-06,,,,
5051,7.913500303402543e-05,adam,5052,64.57966446876526,6.05695923374282e-07,0.0,0.004870704318518309,5.476400473238631e-06,,,,
5052,7.901289063738659e-05,adam,5053,64.59159111976624,6.037049589185086e-07,0.0,0.005770681198820148,6.374386431831305e-06,,,,
5053,7.889089465606958e-05,adam,5054,64.60596513748169,6.043331513516168e-07,0.0,0.005105624454839549,5.709957848695315e-06,,,,
5054,7.876901509007439e-05,adam,5055,64.61964464187622,6.057076506676659e-07,0.0,0.005425413104049725,6.031121012410686e-06,,,,
5055,7.864720100769773e-05,adam,5056,64.63286972045898,6.056063195772755e-07,0.0,0.005067094401211935,5.67270096146328e-06,,,,
5056,7.85255542723462e-05,adam,5057,64.64511704444885,6.016317703431042e-07,0.0,0.005796575450133721,6.398207495799385e-06,,,,
5057,7.840403122827411e-05,adam,5058,64.65687942504883,6.035162432800028e-07,0.0,0.0056807366228749144,6.284253135975428e-06,,,,
5058,7.828261004760861e-05,adam,5059,64.66931557655334,6.014938333268152e-07,0.0,0.005119193825418734,5.720687901894209e-06,,,,
5059,7.816132711013779e-05,adam,5060,64.68038272857666,6.027985271530435e-07,0.0,0.004874855363358218,5.477654122054466e-06,0.0002022081980787193,0.0,0.005319842433384703,0.00020752804076478297
5060,7.804008782841265e-05,adam,5061,64.69902682304382,5.996590104072436e-07,0.0,0.005635032331364313,6.2346916094212305e-06,,,,
5061,7.791902316967025e-05,adam,5062,64.70942854881287,6.006111416285806e-07,0.0,0.005702178927452553,6.3027903399200995e-06,,,,
5062,7.779811858199537e-05,adam,5063,64.71981191635132,6.010441327724379e-07,0.0,0.005487393395997015,6.088437789406653e-06,,,,
5063,7.767728675389662e-05,adam,5064,64.73074102401733,6.045816679415407e-07,0.0,0.005472186018023116,6.0767679458795455e-06,,,,
5064,7.755658589303493e-05,adam,5065,64.74202919006348,6.020497104546162e-07,0.0,0.005435027192801143,6.0370771614057e-06,,,,
5065,7.74360159994103e-05,adam,5066,64.75354385375977,6.01885650801863e-07,0.0,0.005600944145466549,6.202830062298983e-06,,,,
5066,7.731554069323465e-05,adam,5067,64.76661658287048,6.00946757296913e-07,0.0,0.0056363782132769855,6.237325238287498e-06,,,,
5067,7.719521090621129e-05,adam,5068,64.77805089950562,6.04014615132321e-07,0.0,0.005338826700988446,5.9428415697014276e-06,,,,
5068,7.707496115472168e-05,adam,5069,64.79106163978577,6.012832776571336e-07,0.0,0.0051470406866184855,5.748324208746933e-06,,,,
5069,7.695481326663867e-05,adam,5070,64.80322003364563,6.00688486587085e-07,0.0,0.005267459331618882,5.86814806839686e-06,,,,
5070,7.683483272558078e-05,adam,5071,64.81644678115845,6.001828757514103e-07,0.0,0.005235059424820091,5.835242549223481e-06,,,,
5071,7.671496859984472e-05,adam,5072,64.82968926429749,6.013585518712081e-07,0.0,0.005303781354561294,5.905140158348599e-06,,,,
5072,7.659522088943049e-05,adam,5073,64.84141850471497,5.991375537264401e-07,0.0,0.0056359231357486,6.235060957167025e-06,,,,
5073,7.647556776646525e-05,adam,5074,64.85461115837097,5.99437679921945e-07,0.0,0.005607165462905915,6.206603409153929e-06,,,,
5074,7.635602378286421e-05,adam,5075,64.86696434020996,6.003365260647333e-07,0.0,0.005121316878481844,5.721653647796076e-06,,,,
5075,7.623663259437308e-05,adam,5076,64.87844395637512,5.998525789743225e-07,0.0,0.005504039598415262,6.103892438817438e-06,,,,
5076,7.611735782120377e-05,adam,5077,64.88991808891296,5.993643775189978e-07,0.0,0.005412676898408894,6.0120415330162495e-06,,,,
5077,7.599819218739867e-05,adam,5078,64.9004807472229,5.983903520195998e-07,0.0,0.005480194134313325,6.078584746628179e-06,,,,
5078,7.58791429689154e-05,adam,5079,64.91114521026611,5.979085188074187e-07,0.0,0.005061623880629917,5.65953263985157e-06,,,,
5079,7.576024654554203e-05,adam,5080,64.92170643806458,5.982377812064211e-07,0.0,0.005251972390446147,5.850210421107871e-06,0.0002017576626215617,0.0,0.005305178742809604,0.00020706284161635377
5080,7.564143743366003e-05,adam,5081,64.94038152694702,5.99473256288671e-07,0.0,0.005171506228621325,5.770979730543362e-06,,,,
5081,7.55227665649727e-05,adam,5082,64.9551465511322,5.973541106888572e-07,0.0,0.0056564352878843115,6.253789667239428e-06,,,,
5082,7.540419028373435e-05,adam,5083,64.96831965446472,5.976556602423073e-07,0.0,0.005855490849005145,6.453146787368344e-06,,,,
5083,7.52857667976059e-05,adam,5084,64.98021697998047,5.971151712147776e-07,0.0,0.004737099590811589,5.334214987026524e-06,,,,
5084,7.516739424318075e-05,adam,5085,64.99210262298584,5.982613730677732e-07,0.0,0.005114210516591197,5.712472132570935e-06,,,,
5085,7.504919631173834e-05,adam,5086,65.00414681434631,5.963233030088626e-07,0.0,0.005345108052877832,5.9414316097657036e-06,,,,
5086,7.493110751966015e-05,adam,5087,65.0187120437622,5.976769339343664e-07,0.0,0.005592799854731887,6.190477054309992e-06,,,,
5087,7.481314241886139e-05,adam,5088,65.03132104873657,5.981256325092995e-07,0.0,0.005160466008849671,5.758591886467953e-06,,,,
5088,7.469529373338446e-05,adam,5089,65.04363584518433,5.992983848693764e-07,0.0,0.00502370038879703,5.622999012279371e-06,,,,
5089,7.457751053152606e-05,adam,5090,65.0550594329834,5.99843009245936e-07,0.0,0.0054896885645756704,6.089531834567822e-06,,,,
5090,7.44599019526504e-05,adam,5091,65.06599807739258,5.998124585109054e-07,0.0,0.005651862048052216,6.2516747750121645e-06,,,,
5091,7.43424316169694e-05,adam,5092,65.07830929756165,5.994756639920838e-07,0.0,0.005252529686777771,5.852005600251627e-06,,,,
5092,7.422504859277979e-05,adam,5093,65.09046053886414,5.991472087062897e-07,0.0,0.005535699901995412,6.134847373633339e-06,,,,
5093,7.410781108774245e-05,adam,5094,65.10669040679932,5.983538192541516e-07,0.0,0.006026370222171042,6.62472432766242e-06,,,,
5094,7.39906681701541e-05,adam,5095,65.11860704421997,5.983903244572214e-07,0.0,0.005214087170525104,5.812477742638177e-06,,,,
5095,7.387367077171803e-05,adam,5096,65.13127756118774,5.986388697141089e-07,0.0,0.004605976211791551,5.2046153002777905e-06,,,,
5096,7.375678978860378e-05,adam,5097,65.14298033714294,5.993110541879764e-07,0.0,0.0053487615028170975,5.948072811057612e-06,,,,
5097,7.364002522081137e-05,adam,5098,65.15569186210632,5.994549431713747e-07,0.0,0.005476632584026681,6.076087787324145e-06,,,,
5098,7.352336979238316e-05,adam,5099,65.16739273071289,5.995267245920218e-07,0.0,0.005009047872148679,5.6085748346577075e-06,,,,
5099,7.340677257161587e-05,adam,5100,65.17875361442566,5.996708033600678e-07,0.0,0.005811251495260817,6.410922574640519e-06,0.00020115771048812174,0.0,0.005288989147037457,0.0002064466998863727
5100,7.329035724978894e-05,adam,5101,65.19978547096252,6.007954805172871e-07,0.0,0.005084885145222873,5.685680867259244e-06,,,,
5101,7.31740947230719e-05,adam,5102,65.21173477172852,6.001916793789835e-07,0.0,0.005130415919296428,5.730607842357092e-06,,,,
5102,7.305790495593101e-05,adam,5103,65.22335433959961,5.998773014405431e-07,0.0,0.0059936374907700665,6.593515076893115e-06,,,,
5103,7.294184615602717e-05,adam,5104,65.23469758033752,5.995915417558552e-07,0.0,0.0055226656493292696,6.122257453397668e-06,,,,
5104,7.282586739165708e-05,adam,5105,65.2470965385437,6.001175163524211e-07,0.0,0.005840368296560722,6.440486090315751e-06,,,,
5105,7.271005597431213e-05,adam,5106,65.2604603767395,5.997273638960314e-07,0.0,0.005189401718865581,5.789129329244968e-06,,,,
5106,7.259437552420422e-05,adam,5107,65.27438497543335,5.988987072361078e-07,0.0,0.005823268169788061,6.422167153614565e-06,,,,
5107,7.247880421346053e-05,adam,5108,65.28572869300842,5.989190305350006e-07,0.0,0.0050008088517214284,5.599728119782104e-06,,,,
5108,7.236334931803867e-05,adam,5109,65.29717326164246,5.971084257442072e-07,0.0,0.005327055420758884,5.924164099524647e-06,,,,
5109,7.224801811389625e-05,adam,5110,65.30866193771362,5.983537556328112e-07,0.0,0.005462628620752304,6.060982635846052e-06,,,,
5110,7.213279604911804e-05,adam,5111,65.31970882415771,5.9777080977317e-07,0.0,0.004926162407222358,5.523933450975687e-06,,,,
5111,7.201769767561927e-05,adam,5112,65.33022785186768,5.967969001331949e-07,0.0,0.005097233789370172,5.694030931608981e-06,,,,
5112,7.190273754531518e-05,adam,5113,65.34088659286499,5.956346298090354e-07,0.0,0.005754105304129665,6.349740207244036e-06,,,,
5113,7.178786472650245e-05,adam,5114,65.35311555862427,5.950811071530093e-07,0.0,0.005156877985828226,5.751959337919797e-06,,,,
5114,7.167309377109632e-05,adam,5115,65.36596345901489,5.953619055643904e-07,0.0,0.00483736160356696,5.432723738893698e-06,,,,
5115,7.15584828867577e-05,adam,5116,65.37800741195679,5.945861500086516e-07,0.0,0.00525116603073739,5.845752430163044e-06,,,,
5116,7.144399569369853e-05,adam,5117,65.39087557792664,5.96779376013757e-07,0.0,0.005046252043613758,5.643031659311626e-06,,,,
5117,7.132962491596118e-05,adam,5118,65.40253400802612,5.95708624308239e-07,0.0,0.005325461125227882,5.921170002481951e-06,,,,
5118,7.121536327758804e-05,adam,5119,65.41409492492676,5.963769959620347e-07,0.0,0.005632274898371821,6.228652161852559e-06,,,,
5119,7.11012035026215e-05,adam,5120,65.42517423629761,5.961871406386576e-07,0.0,0.005528567143487835,6.124754546719341e-06,0.00020116895561928243,0.0,0.005282825038814058,0.0002064517809090172
5120,7.098718197084963e-05,adam,5121,65.44882535934448,5.976935254392501e-07,0.0,0.005245518600382525,5.84321237497054e-06,,,,
5121,7.087330595823005e-05,adam,5122,65.46192240715027,5.974425773002235e-07,0.0,0.005402763092882852,6.000205926800552e-06,,,,
5122,7.075952453305945e-05,adam,5123,65.47411322593689,5.980602297017777e-07,0.0,0.005406178735850282,6.004239222331771e-06,,,,
5123,7.06458740751259e-05,adam,5124,65.4863555431366,5.983384556249186e-07,0.0,0.0051509225514553385,5.74926125173595e-06,,,,
5124,7.053235458442941e-05,adam,5125,65.49764895439148,5.975807035156547e-07,0.0,0.005128610257874915,5.726191204986485e-06,,,,
5125,7.041894423309714e-05,adam,5126,65.51028966903687,5.955474624514098e-07,0.0,0.005656058202960596,6.251605934060355e-06,,,,
5126,7.030565029708669e-05,adam,5127,65.52133822441101,5.954368713749782e-07,0.0,0.004865128630835902,5.460565733292091e-06,,,,
5127,7.019247277639806e-05,adam,5128,65.53159499168396,5.958395941007462e-07,0.0,0.0052920883172086035,5.887928162670057e-06,,,,
5128,7.007944805081934e-05,adam,5129,65.54222297668457,5.950375983174373e-07,0.0,0.005573925134873731,6.168962997938405e-06,,,,
5129,6.996645242907107e-05,adam,5130,65.55348825454712,5.946661385883755e-07,0.0,0.004605509902672008,5.200176260010366e-06,,,,
5130,6.985365325817838e-05,adam,5131,65.56455516815186,5.96150304236914e-07,0.0,0.005563595787015323,6.159746355508857e-06,,,,
5131,6.974098505452275e-05,adam,5132,65.57714581489563,5.951246586676341e-07,0.0,0.00549249151827271,6.087616437819692e-06,,,,
5132,6.962841871427372e-05,adam,5133,65.58872199058533,5.934239990171716e-07,0.0,0.004840454426184945,5.433878655111365e-06,,,,
5133,6.951597606530413e-05,adam,5134,65.60001397132874,5.934117127864415e-07,0.0,0.005066743689314937,5.66015564275879e-06,,,,
5134,6.940359162399545e-05,adam,5135,65.61246705055237,5.94152881956194e-07,0.0,0.005120353511643179,5.714506636803114e-06,,,,
5135,6.929138180566952e-05,adam,5136,65.62713289260864,5.944388376200642e-07,0.0,0.005637275210803875,6.231714316180144e-06,,,,
5136,6.917931750649586e-05,adam,5137,65.64028286933899,5.958851087960174e-07,0.0,0.005408817890235528,6.00470325593661e-06,,,,
5137,6.906733324285597e-05,adam,5138,65.65354537963867,5.953721496001298e-07,0.0,0.00471794089793685,5.313313271627147e-06,,,,
5138,6.895550905028358e-05,adam,5139,65.66638278961182,5.94837309409017e-07,0.0,0.005464839120126304,6.059676689101251e-06,,,,
5139,6.884379399707541e-05,adam,5140,65.67896962165833,5.939614728629751e-07,0.0,0.006069354985735369,6.663316746877237e-06,0.00020088076423071123,0.0,0.0052762747585062475,0.00020615703923982707
5140,6.873218808323145e-05,adam,5141,65.70428133010864,5.943819295485452e-07,0.0,0.0057307169365036215,6.325099138246615e-06,,,,
5141,6.862071313662454e-05,adam,5142,65.71507477760315,5.94149931815677e-07,0.0,0.005013099533882948,5.607249703808077e-06,,,,
5142,6.850935460533947e-05,adam,5143,65.72686195373535,5.948522459815888e-07,0.0,0.005031846942999593,5.6266994279810865e-06,,,,
5143,6.839807610958815e-05,adam,5144,65.73768663406372,5.951521062632654e-07,0.0,0.005095209813864318,5.690362162137063e-06,,,,
5144,6.828697223681957e-05,adam,5145,65.7490963935852,5.950994582300899e-07,0.0,0.004684732364275112,5.279832045018049e-06,,,,
5145,6.817596295149997e-05,adam,5146,65.75962400436401,5.926638805679665e-07,0.0,0.004830675716389324,5.423339826402075e-06,,,,
5146,6.806509190937504e-05,adam,5147,65.77228450775146,5.916883537558935e-07,0.0,0.005048021813523613,5.639710407047677e-06,,,,
5147,6.795434455852956e-05,adam,5148,65.78395533561707,5.913793622309877e-07,0.0,0.005636465455756048,6.227845085704779e-06,,,,
5148,6.784367724321783e-05,adam,5149,65.79516530036926,5.930754183067283e-07,0.0,0.004953110647493661,5.546186301060521e-06,,,,
5149,6.7733162723016e-05,adam,5150,65.80628371238708,5.934785275938764e-07,0.0,0.005600843156793523,6.1943219504131746e-06,,,,
5150,6.762280099792406e-05,adam,5151,65.81853008270264,5.950026593804787e-07,0.0,0.005245346627150672,5.840349535671747e-06,,,,
5151,6.751251203240827e-05,adam,5152,65.83044767379761,5.940869001358672e-07,0.0,0.005307128304676436,5.901215456887372e-06,,,,
5152,6.740237586200237e-05,adam,5153,65.8416759967804,5.946800700390315e-07,0.0,0.005265847926245587,5.860528246398974e-06,,,,
5153,6.729234883096069e-05,adam,5154,65.85304760932922,5.909901576915528e-07,0.0,0.004842297288425484,5.4332876761138166e-06,,,,
5154,6.718245276715606e-05,adam,5155,65.8660364151001,5.924503942193325e-07,0.0,0.005066173972692755,5.6586246075424385e-06,,,,
5155,6.707266584271565e-05,adam,5156,65.8771538734436,5.9015879640775e-07,0.0,0.0055542283783979445,6.144387438617386e-06,,,,
5156,6.69630171614699e-05,adam,5157,65.89046049118042,5.934840367805283e-07,0.0,0.005601954241843032,6.195438544702109e-06,,,,
5157,6.685347034363076e-05,adam,5158,65.9031138420105,5.941709835227584e-07,0.0,0.005173299755138789,5.767470984380101e-06,,,,
5158,6.674400356132537e-05,adam,5159,65.91489791870117,5.947240908747281e-07,0.0,0.005301251584271829,5.895975926942495e-06,,,,
5159,6.663471867796034e-05,adam,5160,65.92639493942261,5.944285700997296e-07,0.0,0.0056032580470636315,6.197686883303837e-06,0.0002004947764697058,0.0,0.005264039729989269,0.00020575881644972353
5160,6.652554293395951e-05,adam,5161,65.9473328590393,5.931957961276213e-07,0.0,0.005288571135330539,5.8817671826518096e-06,,,,
5161,6.641649088123813e-05,adam,5162,65.95810866355896,5.958220004968363e-07,0.0,0.0055426850560248,6.138507319785049e-06,,,,
5162,6.630757707171142e-05,adam,5163,65.97172665596008,5.922922273847782e-07,0.0,0.005684216985467368,6.276509482837966e-06,,,,
5163,6.619869236601517e-05,adam,5164,65.98343563079834,5.940254282612639e-07,0.0,0.005178112221959199,5.772137896167596e-06,,,,
5164,6.609001866308972e-05,adam,5165,65.99444031715393,5.936448375665995e-07,0.0,0.005088238677873313,5.681883757118281e-06,,,,
5165,6.59814613754861e-05,adam,5166,66.0065279006958,5.953353748902432e-07,0.0,0.004858758865596497,5.4540944712654025e-06,,,,
5166,6.587307143490762e-05,adam,5167,66.01860737800598,5.960804413079279e-07,0.0,0.005855251326672107,6.451332046089549e-06,,,,
5167,6.576473970199004e-05,adam,5168,66.0304262638092,5.937487842450379e-07,0.0,0.005095978631163472,5.6897276574545075e-06,,,,
5168,6.565650983247906e-05,adam,5169,66.04263186454773,5.939924532931244e-07,0.0,0.005329387710245584,5.9233804166710415e-06,,,,
5169,6.554842548212036e-05,adam,5170,66.05347752571106,5.919301767362275e-07,0.0,0.005508653885589013,6.1005843239722605e-06,,,,
5170,6.544047209899873e-05,adam,5171,66.06601285934448,5.947475998426242e-07,0.0,0.0050190867831908115,5.613834621427266e-06,,,,
5171,6.533264240715653e-05,adam,5172,66.07817959785461,5.91958918715538e-07,0.0,0.005233333351746346,5.82529251903188e-06,,,,
5172,6.522493640659377e-05,adam,5173,66.09367656707764,5.932877391520176e-07,0.0,0.005400356045208734,5.993644040863899e-06,,,,
5173,6.51172740617767e-05,adam,5174,66.10550689697266,5.89832710817962e-07,0.0,0.0061109176906042765,6.700750691675254e-06,,,,
5174,6.500982271973044e-05,adam,5175,66.11811423301697,5.920975259346078e-07,0.0,0.0047483410373971155,5.34043878886582e-06,,,,
5175,6.490245868917555e-05,adam,5176,66.13042140007019,5.906189633113199e-07,0.0,0.005271936640675067,5.862555854389941e-06,,,,
5176,6.479524745373055e-05,adam,5177,66.1425473690033,5.910737687434474e-07,0.0,0.005651478259046581,6.242552296220842e-06,,,,
5177,6.468815263360739e-05,adam,5178,66.1536591053009,5.906601712549717e-07,0.0,0.005434307087984693,6.024967517355401e-06,,,,
5178,6.458110874518752e-05,adam,5179,66.163578748703,5.921141143169651e-07,0.0,0.005100826891821066,5.692941248414307e-06,,,,
5179,6.447430496336892e-05,adam,5180,66.17419362068176,5.915292590612686e-07,0.0,0.005286933650983554,5.878463161160697e-06,0.00020017170787042126,0.0,0.005256659987292265,0.00020542836810739148
5180,6.436758121708408e-05,adam,5181,66.19470047950745,5.907343547721767e-07,0.0,0.005255507972494586,5.8462425768899965e-06,,,,
5181,6.426098116207868e-05,adam,5182,66.20550203323364,5.924035341681202e-07,0.0,0.005176827392657421,5.769231172711647e-06,,,,
5182,6.415446114260703e-05,adam,5183,66.21766543388367,5.920259671218385e-07,0.0,0.005214427166440706,5.806453381234545e-06,,,,
5183,6.404806481441483e-05,adam,5184,66.22909379005432,5.918797561126064e-07,0.0,0.0054775698959676575,6.069449912250873e-06,,,,
5184,6.39418067294173e-05,adam,5185,66.2405960559845,5.90203715478722e-07,0.0,0.005739665083314411,6.329869071412595e-06,,,,
5185,6.383566505974159e-05,adam,5186,66.25303959846497,5.907540478338562e-07,0.0,0.004944184257950981,5.5349385406209876e-06,,,,
5186,6.372968346113339e-05,adam,5187,66.2652223110199,5.909633941481309e-07,0.0,0.0059679160042063455,6.558879681815276e-06,,,,
5187,6.362381100188941e-05,adam,5188,66.27803707122803,5.903165407691287e-07,0.0,0.005029032987762468,5.619349767397847e-06,,,,
5188,6.351799675030634e-05,adam,5189,66.29004645347595,5.894119686091774e-07,0.0,0.005835579600762279,6.424991846546615e-06,,,,
5189,6.341235712170601e-05,adam,5190,66.30111050605774,5.894814368441886e-07,0.0,0.005167959425883358,5.757441108192447e-06,,,,
5190,6.330686301225796e-05,adam,5191,66.31336236000061,5.885694159421208e-07,0.0,0.005605486115887629,6.194055798076054e-06,,,,
5191,6.32014634902589e-05,adam,5192,66.32569003105164,5.895847977538334e-07,0.0,0.005053377192342555,5.642962230118925e-06,,,,
5192,6.30961949354969e-05,adam,5193,66.33779549598694,5.900726339956285e-07,0.0,0.0053005821450161405,5.890655030775912e-06,,,,
5193,6.299105734797195e-05,adam,5194,66.34986996650696,5.90414157468318e-07,0.0,0.00570584360840716,6.296258036888507e-06,,,,
5194,6.288602889981121e-05,adam,5195,66.36113619804382,5.918904804464677e-07,0.0,0.005186400928208338,5.778291654995632e-06,,,,
5195,6.278113141888753e-05,adam,5196,66.37149405479431,5.933389558578629e-07,0.0,0.004854356074227351,5.4476952606547545e-06,,,,
5196,6.267635762924328e-05,adam,5197,66.38226962089539,5.928955398001375e-07,0.0,0.0053140404494355035,5.906936241639018e-06,,,,
5197,6.25717148068361e-05,adam,5198,66.39376139640808,5.915495631214033e-07,0.0,0.005420748187992658,6.012298008585785e-06,,,,
5198,6.246713019208983e-05,adam,5199,66.4048719406128,5.915504707695118e-07,0.0,0.00471855135257172,5.310102047460395e-06,,,,
5199,6.236271292436868e-05,adam,5200,66.4167492389679,5.920409725318225e-07,0.0,0.0052539794873605866,5.846020709443044e-06,0.00019977402761784546,0.0,0.005244772494306136,0.00020501880036126493
5200,6.225841934792697e-05,adam,5201,66.43853688240051,5.903677418056741e-07,0.0,0.004938256429339436,5.5286244056997045e-06,,,,
5201,6.215427129063755e-05,adam,5202,66.45094680786133,5.898481526734807e-07,0.0,0.005018475882262304,5.608324273300599e-06,,,,
5202,6.205023237271234e-05,adam,5203,66.4626407623291,5.902623015717421e-07,0.0,0.00564878649564735,6.239049065522053e-06,,,,
5203,6.194625893840566e-05,adam,5204,66.47487044334412,5.900439367786316e-07,0.0,0.005161166799843441,5.751210981764341e-06,,,,
5204,6.184246012708172e-05,adam,5205,66.48740410804749,5.901323870801739e-07,0.0,0.005430266144736589,6.020398789740564e-06,,,,
5205,6.173877773107961e-05,adam,5206,66.49965167045593,5.891839754191763e-07,0.0,0.005112880722395406,5.7020649406633855e-06,,,,
5206,6.163524085422978e-05,adam,5207,66.51261568069458,5.89808870366245e-07,0.0,0.005110353135702363,5.700162248797357e-06,,,,
5207,6.153182039270177e-05,adam,5208,66.52475500106812,5.893817795646995e-07,0.0,0.0056276343693012565,6.217016416164246e-06,,,,
5208,6.142852362245321e-05,adam,5209,66.53726696968079,5.902460627971332e-07,0.0,0.005169691657842628,5.759937966186939e-06,,,,
5209,6.132533599156886e-05,adam,5210,66.54824948310852,5.886117511223333e-07,0.0,0.005148119247038131,5.736731242683008e-06,,,,
5210,6.122226477600634e-05,adam,5211,66.5602216720581,5.885501940116541e-07,0.0,0.004454369692319472,5.042920097902334e-06,,,,
5211,6.111934635555372e-05,adam,5212,66.57158374786377,5.871444527694092e-07,0.0,0.005168601737309484,5.7557464355743025e-06,,,,
5212,6.101647886680439e-05,adam,5213,66.58256793022156,5.871524654784418e-07,0.0,0.005641520460954929,6.228673194391215e-06,,,,
5213,6.091378963901661e-05,adam,5214,66.59461879730225,5.863420965971598e-07,0.0,0.005495697578651667,6.0820399362804556e-06,,,,
5214,6.081121682655066e-05,adam,5215,66.60600662231445,5.892570724946158e-07,0.0,0.005281786407611086,5.871043730977094e-06,,,,
5215,6.0708789533236995e-05,adam,5216,66.61982440948486,5.889153316170472e-07,0.0,0.005449418270610585,6.038333861061112e-06,,,,
5216,6.060648229322396e-05,adam,5217,66.63210153579712,5.878423589199917e-07,0.0,0.005294530006860747,5.882372617257419e-06,,,,
5217,6.0504229622893035e-05,adam,5218,66.64414548873901,5.866743898656548e-07,0.0,0.004487830025395559,5.074504628421702e-06,,,,
5218,6.0402155213523656e-05,adam,5219,66.65527486801147,5.85888153002044e-07,0.0,0.005659454908781962,6.245343330593691e-06,,,,
5219,6.0300197219476104e-05,adam,5220,66.66674494743347,5.859881812949717e-07,0.0,0.005443430198714049,6.0294186385580815e-06,0.0001995608795865348,0.0,0.005242580579673622,0.00020480346041521765
5220,6.019838110660203e-05,adam,5221,66.68860340118408,5.862764357920263e-07,0.0,0.005562297210657612,6.14857391064458e-06,,,,
5221,6.009668868500739e-05,adam,5222,66.70044326782227,5.866859145136892e-07,0.0,0.005417230467092956,6.003916638911285e-06,,,,
5222,5.999510540277697e-05,adam,5223,66.7118661403656,5.887402149377535e-07,0.0,0.0049853339567388945,5.574074408467306e-06,,,,
5223,5.989364581182599e-05,adam,5224,66.72362947463989,5.897105564853808e-07,0.0,0.005802284539726376,6.391995371805484e-06,,,,
5224,5.979229899821803e-05,adam,5225,66.73555064201355,5.895676764195886e-07,0.0,0.005287873483853968,5.87744141143407e-06,,,,
5225,5.969109770376235e-05,adam,5226,66.74684572219849,5.878580092538855e-07,0.0,0.005816590368225814,6.404448653752918e-06,,,,
5226,5.959001646260731e-05,adam,5227,66.75884079933167,5.86500401010755e-07,0.0,0.005219561806045634,5.806062454972272e-06,,,,
5227,5.9489022532943636e-05,adam,5228,66.77013087272644,5.868454171012648e-07,0.0,0.005609408406280159,6.196254089814027e-06,,,,
5228,5.938817048445344e-05,adam,5229,66.77992653846741,5.870238646299496e-07,0.0,0.006034339721572372,6.621363872818078e-06,,,,
5229,5.9287467593094334e-05,adam,5230,66.79056000709534,5.869437149738913e-07,0.0,0.005927578205908488,6.514522202427237e-06,,,,
5230,5.91868520132266e-05,adam,5231,66.80200338363647,5.884872022894493e-07,0.0,0.005358644231686678,5.9471316884980706e-06,,,,
5231,5.908638195251115e-05,adam,5232,66.81443095207214,5.909089367638106e-07,0.0,0.005747332631884163,6.338241841631625e-06,,,,
5232,5.8985999203287065e-05,adam,5233,66.82627081871033,5.916003299312197e-07,0.0,0.005960490556053589,6.552091169092919e-06,,,,
5233,5.888579471502453e-05,adam,5234,66.83761429786682,5.896408338067269e-07,0.0,0.005729876336493269,6.3195174424545185e-06,,,,
5234,5.878567753825337e-05,adam,5235,66.84834909439087,5.898529847998932e-07,0.0,0.005213040748613191,5.802893981019234e-06,,,,
5235,5.868569860467687e-05,adam,5236,66.86081981658936,5.89251021499384e-07,0.0,0.00586431988907013,6.453571189109762e-06,,,,
5236,5.8585872466210276e-05,adam,5237,66.87238574028015,5.919215598270601e-07,0.0,0.005324460735604631,5.916382548330005e-06,,,,
5237,5.8486137277213857e-05,adam,5238,66.88425922393799,5.895880669803554e-07,0.0,0.005488517585787425,6.078105913458376e-06,,,,
5238,5.838654033141211e-05,adam,5239,66.89672183990479,5.908406144168363e-07,0.0,0.00541645059471215,6.0072914663965845e-06,,,,
5239,5.828706343891099e-05,adam,5240,66.90804052352905,5.900195368299473e-07,0.0,0.005651597830829245,6.241617636095686e-06,0.00019946751525284098,0.0,0.005235924508330906,0.00020470344000986495
5240,5.81877029617317e-05,adam,5241,66.93377041816711,5.890817983901978e-07,0.0,0.006048066029727735,6.637148115385655e-06,,,,
5241,5.808846253785305e-05,adam,5242,66.94575524330139,5.879597040391565e-07,0.0,0.005233946403816872,5.821906356455143e-06,,,,
5242,5.7989305787486956e-05,adam,5243,66.95706391334534,5.869225733352764e-07,0.0,0.005524161332232898,6.111084167951759e-06,,,,
5243,5.789032729808241e-05,adam,5244,66.96824765205383,5.865223552805231e-07,0.0,0.005199002919682887,5.785525521902798e-06,,,,
5244,5.779149432783015e-05,adam,5245,66.98106527328491,5.857564635052402e-07,0.0,0.006056654500100313,6.642411251281205e-06,,,,
5245,5.769274503109045e-05,adam,5246,66.99117064476013,5.868249548894159e-07,0.0,0.00499147697391336,5.57830216588521e-06,,,,
5246,5.7594144891481847e-05,adam,5247,67.00224328041077,5.874288355726884e-07,0.0,0.005056321866354952,5.643750942090042e-06,,,,
5247,5.749560295953415e-05,adam,5248,67.01456427574158,5.860982811157493e-07,0.0,0.005463441582642534,6.049540123257834e-06,,,,
5248,5.739723928854801e-05,adam,5249,67.02621984481812,5.858376968938319e-07,0.0,0.004747279029951483,5.33311695232897e-06,,,,
5249,5.729898839490488e-05,adam,5250,67.03882455825806,5.855646379840161e-07,0.0,0.005670905834261228,6.256470741598818e-06,,,,
5250,5.7200886658392847e-05,adam,5251,67.05080437660217,5.854337152698228e-07,0.0,0.004810163492332157,5.395597436072487e-06,,,,
5251,5.7102894061245024e-05,adam,5252,67.0630042552948,5.849711664849861e-07,0.0,0.005432393367104926,6.017364791614751e-06,,,,
5252,5.700502879335545e-05,adam,5253,67.07426595687866,5.848972467831923e-07,0.0,0.005759927008038663,6.3448245284037084e-06,,,,
5253,5.6907301768660545e-05,adam,5254,67.08558177947998,5.84201798327202e-07,0.0,0.0053318079261368174,5.916009977711307e-06,,,,
5254,5.680966569343582e-05,adam,5255,67.09776830673218,5.849453201648584e-07,0.0,0.005541980583849894,6.126926167244705e-06,,,,
5255,5.6712175137363374e-05,adam,5256,67.10900950431824,5.849043976277777e-07,0.0,0.004638251616439079,5.223156234371987e-06,,,,
5256,5.661480099661276e-05,adam,5257,67.11963701248169,5.842293716320667e-07,0.0,0.0056641458969702695,6.24837553763483e-06,,,,
5257,5.651751416735351e-05,adam,5258,67.13116717338562,5.848754399215246e-07,0.0,0.005151730472587396,5.736606157202988e-06,,,,
5258,5.6420401961077005e-05,adam,5259,67.14325952529907,5.849569230684091e-07,0.0,0.0052907736956238,5.875730869990475e-06,,,,
5259,5.632341344607994e-05,adam,5260,67.15585279464722,5.841069892814774e-07,0.0,0.004569080673473436,5.1531878797746004e-06,0.00019917121448191928,0.0,0.005223375663547062,0.00020439459039356338
5260,5.622653043246828e-05,adam,5261,67.17883014678955,5.834788649932498e-07,0.0,0.005271138390174027,5.854617505532915e-06,,,,
5261,5.612977111013606e-05,adam,5262,67.19104838371277,5.833363885577875e-07,0.0,0.005111518132064001,5.6948547634058726e-06,,,,
5262,5.6033099099295214e-05,adam,5263,67.20193219184875,5.837716583836728e-07,0.0,0.005586155236127411,6.16992715983922e-06,,,,
5263,5.593660534941591e-05,adam,5264,67.21378493309021,5.843486333149328e-07,0.0,0.004967052483081002,5.551401352318268e-06,,,,
5264,5.584024984273128e-05,adam,5265,67.22537994384766,5.84349704594108e-07,0.0,0.005259185586737207,5.843535541129226e-06,,,,
5265,5.5743988923495635e-05,adam,5266,67.23901844024658,5.844989457239619e-07,0.0,0.005076131897391782,5.660631084219071e-06,,,,
5266,5.564786624745466e-05,adam,5267,67.25059700012207,5.839592598425408e-07,0.0,0.005144864890426342,5.728824394636852e-06,,,,
5267,5.555186726269312e-05,adam,5268,67.26298642158508,5.835656136495222e-07,0.0,0.005452183078166566,6.0357489507808885e-06,,,,
5268,5.545598469325341e-05,adam,5269,67.27504014968872,5.832925729454473e-07,0.0,0.00600934172640008,6.592634584773944e-06,,,,
5269,5.536024400498718e-05,adam,5270,67.28674602508545,5.830967235475885e-07,0.0,0.005117167143279229,5.7002641098792156e-06,,,,
5270,5.5264594266191125e-05,adam,5271,67.29956579208374,5.825077344090416e-07,0.0,0.0054317517610653985,6.014259753468805e-06,,,,
5271,5.516911915037781e-05,adam,5272,67.31101584434509,5.827576069771973e-07,0.0,0.004936352768754975,5.5191106101963486e-06,,,,
5272,5.507367313839495e-05,adam,5273,67.32315731048584,5.836357856695053e-07,0.0,0.005979201619583336,6.562837689249679e-06,,,,
5273,5.49784344912041e-05,adam,5274,67.33510065078735,5.854145127339222e-07,0.0,0.005647141901232435,6.232556682191205e-06,,,,
5274,5.4883308621356264e-05,adam,5275,67.34672737121582,5.853720775562433e-07,0.0,0.005192449904085502,5.777822228269881e-06,,,,
5275,5.4788299166830257e-05,adam,5276,67.35956907272339,5.848319985727853e-07,0.0,0.005363765259865378,5.948597513203342e-06,,,,
5276,5.469343523145653e-05,adam,5277,67.3716995716095,5.838390945390084e-07,0.0,0.005655012749937188,6.2388521130748895e-06,,,,
5277,5.459863314172253e-05,adam,5278,67.38320422172546,5.835093879864281e-07,0.0,0.00566274022040977,6.246249877361926e-06,,,,
5278,5.450400567497127e-05,adam,5279,67.39399027824402,5.836260654459061e-07,0.0,0.005328042498416461,5.911668816930805e-06,,,,
5279,5.440949462354183e-05,adam,5280,67.40413784980774,5.829040843466593e-07,0.0,0.005194942733276724,5.777847064369923e-06,0.00019892520342681516,0.0,0.005217968298141293,0.00020414317197279665
5280,5.431512545328587e-05,adam,5281,67.42437720298767,5.825598072334376e-07,0.0,0.0049188051235207995,5.501365164384944e-06,,,,
5281,5.422090907813981e-05,adam,5282,67.43591642379761,5.827099635094044e-07,0.0,0.005587576895308083,6.1702871242131485e-06,,,,
5282,5.41267181688454e-05,adam,5283,67.44773650169373,5.833528729564511e-07,0.0,0.005934893165732659,6.518246320581409e-06,,,,
5283,5.403273462434299e-05,adam,5284,67.4595787525177,5.828816404953962e-07,0.0,0.005828355196409497,6.41123711373691e-06,,,,
5284,5.393883475335315e-05,adam,5285,67.47184705734253,5.823383314170114e-07,0.0,0.005108475982722199,5.6908145567788e-06,,,,
5285,5.3845084039494395e-05,adam,5286,67.48347878456116,5.817495772855681e-07,0.0,0.004973259513315143,5.555009326817862e-06,,,,
5286,5.375147520680912e-05,adam,5287,67.49449253082275,5.812050975175342e-07,0.0,0.0053069797954520045,5.888185145037554e-06,,,,
5287,5.365792821976356e-05,adam,5288,67.50643539428711,5.815055067400736e-07,0.0,0.005906101827008982,6.487607614273839e-06,,,,
5288,5.356452675187029e-05,adam,5289,67.51790428161621,5.826107021244269e-07,0.0,0.005497297315798731,6.079908279030769e-06,,,,
5289,5.34712708031293e-05,adam,5290,67.53011560440063,5.838253566879841e-07,0.0,0.00463956714587802,5.2233927229336195e-06,,,,
5290,5.3378160373540595e-05,adam,5291,67.5438449382782,5.812891964207047e-07,0.0,0.00518295479442552,5.764244237023367e-06,,,,
5291,5.32851081516128e-05,adam,5292,67.5554518699646,5.824786794389486e-07,0.0,0.005065523976618813,5.64800289665724e-06,,,,
5292,5.319223419064656e-05,adam,5293,67.56805443763733,5.81056288122338e-07,0.0,0.0054461538220668855,6.02721036886765e-06,,,,
5293,5.3099473007023335e-05,adam,5294,67.58042573928833,5.825870369881493e-07,0.0,0.005599259517558694,6.1818468204974005e-06,,,,
5294,5.300689008436166e-05,adam,5295,67.59278678894043,5.825859064059215e-07,0.0,0.005112368371650997,5.694954520881387e-06,,,,
5295,5.291439447319135e-05,adam,5296,67.60312962532043,5.818982733861351e-07,0.0,0.0054718284089613515,6.05372694224539e-06,,,,
5296,5.282195706968196e-05,adam,5297,67.61315512657166,5.827899337571365e-07,0.0,0.005439647477130653,6.022437669257181e-06,,,,
5297,5.272972339298576e-05,adam,5298,67.62404942512512,5.825079047431527e-07,0.0,0.005485228783049592,6.067736948327132e-06,,,,
5298,5.263758066575974e-05,adam,5299,67.63558459281921,5.843107568601975e-07,0.0,0.004718188114876863,5.302499095838971e-06,,,,
5299,5.25455798197072e-05,adam,5300,67.6475682258606,5.833415029137904e-07,0.0,0.004795399723587406,5.378741454270461e-06,0.0001984378191198861,0.0,0.0052082236995467995,0.00020364604306681024
5300,5.245372449280694e-05,adam,5301,67.67154097557068,5.824760621815711e-07,0.0,0.004866133755603781,5.448610048914303e-06,,,,
5301,5.23619310115464e-05,adam,5302,67.68319845199585,5.82906698033665e-07,0.0,0.0045280503007621405,5.110957213866654e-06,,,,
5302,5.2270312153268605e-05,adam,5303,67.69465661048889,5.825858865449787e-07,0.0,0.005514018051652154,6.096604200098936e-06,,,,
5303,5.217880607233383e-05,adam,5304,67.70603775978088,5.816769175245437e-07,0.0,0.0055629654930294615,6.144642674780687e-06,,,,
5304,5.208741640672088e-05,adam,5305,67.7186393737793,5.798519407340303e-07,0.0,0.005284086911438739,5.86393910315343e-06,,,,
5305,5.1996175898239017e-05,adam,5306,67.72995734214783,5.792833641572626e-07,0.0,0.005338316264821164,5.917599882534844e-06,,,,
5306,5.190499723539688e-05,adam,5307,67.7432553768158,5.797238861591689e-07,0.0,0.0051553498349708685,5.735073965996015e-06,,,,
5307,5.181401866138913e-05,adam,5308,67.75490283966064,5.813029798335684e-07,0.0,0.005317631378241493,5.898934610648999e-06,,,,
5308,5.172318924451247e-05,adam,5309,67.76776003837585,5.825976833425465e-07,0.0,0.005071454812939005,5.654052737162729e-06,,,,
5309,5.163244350114837e-05,adam,5310,67.77942180633545,5.825441923367868e-07,0.0,0.0057402283153923025,6.322772780375305e-06,,,,
5310,5.1541814173106104e-05,adam,5311,67.79030561447144,5.834417663610735e-07,0.0,0.005164809821139593,5.74825183281597e-06,,,,
5311,5.145127579453401e-05,adam,5312,67.80134081840515,5.835290019439369e-07,0.0,0.005172444282489998,5.755973530111856e-06,,,,
5312,5.136091203894466e-05,adam,5313,67.8125729560852,5.826633835292893e-07,0.0,0.005418591676549853,6.001255317448436e-06,,,,
5313,5.127066469867714e-05,adam,5314,67.82336521148682,5.820005795913086e-07,0.0,0.005147327986743477,5.729328810819746e-06,,,,
5314,5.1180566515540704e-05,adam,5315,67.83513903617859,5.81722738634866e-07,0.0,0.00489190524110329,5.473628212091188e-06,,,,
5315,5.109054836793803e-05,adam,5316,67.84592986106873,5.81684491809964e-07,0.0,0.0050706007861542925,5.6522855188048705e-06,,,,
5316,5.100065391161479e-05,adam,5317,67.86043572425842,5.821505344135977e-07,0.0,0.0049594350011180136,5.541585771092133e-06,,,,
5317,5.091090497444384e-05,adam,5318,67.87244057655334,5.813500379683455e-07,0.0,0.005606179507013242,6.187529811260826e-06,,,,
5318,5.082129791844636e-05,adam,5319,67.88617038726807,5.818775796792425e-07,0.0,0.005580941110520485,6.162818955280206e-06,,,,
5319,5.073181091574952e-05,adam,5320,67.89817452430725,5.825945783762212e-07,0.0,0.004859694092185396,5.442288901384701e-06,0.00019833545956404576,0.0,0.005202797650717397,0.00020353825746188277
5320,5.0642440328374505e-05,adam,5321,67.92440462112427,5.821469600574333e-07,0.0,0.005450059397566306,6.032206616487671e-06,,,,
5321,5.0553211622172967e-05,adam,5322,67.93659830093384,5.823399421918386e-07,0.0,0.005366530852933241,5.948871050021617e-06,,,,
5322,5.046410296927206e-05,adam,5323,67.94923162460327,5.824315098525103e-07,0.0,0.005344448236031401,5.9268799997315814e-06,,,,
5323,5.037511436967179e-05,adam,5324,67.9617211818695,5.809192015993934e-07,0.0,0.004872394929223081,5.453314362248814e-06,,,,
5324,5.028626401326619e-05,adam,5325,67.97357225418091,5.800908784160113e-07,0.0,0.0054413821517066245,6.02147328857442e-06,,,,
5325,5.019754098611884e-05,adam,5326,67.98580503463745,5.793757655284468e-07,0.0,0.004784947637788238,5.364323630589503e-06,,,,
5326,5.0108868890674785e-05,adam,5327,67.99774050712585,5.810135059246265e-07,0.0,0.0049764630177147945,5.5574767600087305e-06,,,,
5327,5.0020404160022736e-05,adam,5328,68.00890231132507,5.816078933499858e-07,0.0,0.005790836058575935,6.372444226975874e-06,,,,
5328,4.9932052206713706e-05,adam,5329,68.01970887184143,5.805181299127907e-07,0.0,0.005490853504947836,6.071371895662173e-06,,,,
5329,4.984382030670531e-05,adam,5330,68.03158473968506,5.789031132467801e-07,0.0,0.0047186552699963365,5.297558607367215e-06,,,,
5330,4.975570482201874e-05,adam,5331,68.04350447654724,5.785064359945769e-07,0.0,0.005554449729002846,6.132956428819629e-06,,,,
5331,4.966770939063281e-05,adam,5332,68.05525493621826,5.783189880258809e-07,0.0,0.005229107633968389,5.807426870363556e-06,,,,
5332,4.957985220244154e-05,adam,5333,68.06707096099854,5.775688964047467e-07,0.0,0.005155702618371594,5.733271759659075e-06,,,,
5333,4.949211870552972e-05,adam,5334,68.07906174659729,5.774478076279975e-07,0.0,0.005397479822972201,5.974927886966734e-06,,,,
5334,4.940453072777018e-05,adam,5335,68.09078359603882,5.778636432389921e-07,0.0,0.005066588838416293,5.644452722305342e-06,,,,
5335,4.931705552735366e-05,adam,5336,68.10151076316833,5.783007305435106e-07,0.0,0.005060659806911349,5.638960777823302e-06,,,,
5336,4.922970401821658e-05,adam,5337,68.11269450187683,5.780961584000249e-07,0.0,0.005230818386390461,5.808914793241028e-06,,,,
5337,4.914249075227417e-05,adam,5338,68.12849926948547,5.771447537902852e-07,0.0,0.0046686434908445075,5.2457884663834596e-06,,,,
5338,4.90554011776112e-05,adam,5339,68.14165139198303,5.76773160791074e-07,0.0,0.004838801504994682,5.415574895616495e-06,,,,
5339,4.8968420742312446e-05,adam,5340,68.15429544448853,5.764657244526939e-07,0.0,0.0058357062781621595,6.412172279796029e-06,0.0001979210999077798,0.0,0.005197988696148781,0.0002031190888508198
5340,4.888159310212359e-05,adam,5341,68.17609667778015,5.787666903792093e-07,0.0,0.005143781146277389,5.722548080973092e-06,,,,
5341,4.8794849135447294e-05,adam,5342,68.19000911712646,5.775419302523262e-07,0.0,0.0048328064636448224,5.410348623443138e-06,,,,
5342,4.870825432590209e-05,adam,5343,68.20148515701294,5.778228921721334e-07,0.0,0.005957635828875655,6.535459004020306e-06,,,,
5343,4.862180139753036e-05,adam,5344,68.21204853057861,5.781594145426683e-07,0.0,0.005174746306837309,5.752905967167238e-06,,,,
5344,4.853546852245927e-05,adam,5345,68.22267532348633,5.783906613926875e-07,0.0,0.005383012229209819,5.9614031462818676e-06,,,,
5345,4.844925206271e-05,adam,5346,68.23330450057983,5.789855479615703e-07,0.0,0.005412948713314646,5.991934518377485e-06,,,,
5346,4.8363122914452106e-05,adam,5347,68.24412250518799,5.792556207564915e-07,0.0,0.005270597794268767,5.849853665365222e-06,,,,
5347,4.827716838917695e-05,adam,5348,68.2573094367981,5.789725799473167e-07,0.0,0.005193912624489661,5.772885451134589e-06,,,,
5348,4.819135938305408e-05,adam,5349,68.27051448822021,5.774539213987331e-07,0.0,0.005068944257825296,5.646398419985963e-06,,,,
5349,4.8105637688422576e-05,adam,5350,68.28214025497437,5.770274412066547e-07,0.0,0.004958806464472722,5.535834141210045e-06,,,,
5350,4.802006878890097e-05,adam,5351,68.29361820220947,5.76658708934134e-07,0.0,0.004582078355864905,5.158737282436083e-06,,,,
5351,4.793463813257404e-05,adam,5352,68.30528092384338,5.765984015042072e-07,0.0,0.005721789815996778,6.298388489271418e-06,,,,
5352,4.7849327529547736e-05,adam,5353,68.31605315208435,5.774853824650172e-07,0.0,0.005024721282305005,5.6022069034314765e-06,,,,
5353,4.776413334184326e-05,adam,5354,68.32715392112732,5.777960941956941e-07,0.0,0.0050041173026148696,5.581913634493382e-06,,,,
5354,4.7679055569460616e-05,adam,5355,68.33891773223877,5.789194384885331e-07,0.0,0.005464665074979754,6.04358477302595e-06,,,,
5355,4.7594119678251445e-05,adam,5356,68.35105919837952,5.790822862510286e-07,0.0,0.005218670038735658,5.797752572860213e-06,,,,
5356,4.75092492706608e-05,adam,5357,68.36284136772156,5.79011653433762e-07,0.0,0.004998920638936642,5.577932529806393e-06,,,,
5357,4.742457895190455e-05,adam,5358,68.37507390975952,5.781350215476282e-07,0.0,0.005715499259171567,6.293634552190843e-06,,,,
5358,4.733999594463967e-05,adam,5359,68.38650941848755,5.789429881895545e-07,0.0,0.0049392879555360085,5.518231178329152e-06,,,,
5359,4.7255562094505876e-05,adam,5360,68.39796662330627,5.792307161567502e-07,0.0,0.005060486040475785,5.639716996992724e-06,0.00019787147181665377,0.0,0.0051866722698327185,0.00020305814433284021
5360,4.717127376352437e-05,adam,5361,68.41904830932617,5.785478935877244e-07,0.0,0.0052267444264373665,5.80529256828213e-06,,,,
5361,4.7087043640203774e-05,adam,5362,68.4294855594635,5.777974850722127e-07,0.0,0.0053695256841944355,5.947323424305433e-06,,,,
5362,4.700298813986592e-05,adam,5363,68.44185090065002,5.781750783147408e-07,0.0,0.005191522210860859,5.7696975357596726e-06,,,,
5363,4.691907452070154e-05,adam,5364,68.45296359062195,5.782404938560162e-07,0.0,0.005733017812478968,6.311258578638718e-06,,,,
5364,4.6835284592816606e-05,adam,5365,68.46454405784607,5.783068633123625e-07,0.0,0.0051275937950640005,5.705900901924e-06,,,,
5365,4.675160744227469e-05,adam,5366,68.47580218315125,5.782543435580486e-07,0.0,0.005348720033892968,5.926974631501585e-06,,,,
5366,4.66680467070546e-05,adam,5367,68.48731327056885,5.775549208539015e-07,0.0,0.004979211671756611,5.556766829110377e-06,,,,
5367,4.65846351289656e-05,adam,5368,68.49899578094482,5.777216361528793e-07,0.0,0.004894238179431432,5.471960048048151e-06,,,,
5368,4.650133996619843e-05,adam,5369,68.51053380966187,5.777441423122081e-07,0.0,0.005429083534743474,6.006827934923312e-06,,,,
5369,4.6418186684604734e-05,adam,5370,68.52167177200317,5.781538914307863e-07,0.0,0.005237230808070582,5.815384948256483e-06,,,,
5370,4.633509524865076e-05,adam,5371,68.53178596496582,5.784112008887294e-07,0.0,0.005898587879096933,6.476999360153552e-06,,,,
5371,4.625220753950998e-05,adam,5372,68.54313516616821,5.784344167362051e-07,0.0,0.005246674455608763,5.8251091215486324e-06,,,,
5372,4.616941077983938e-05,adam,5373,68.55519986152649,5.794555465691652e-07,0.0,0.004594579228050134,5.174034992850102e-06,,,,
5373,4.608675226336345e-05,adam,5374,68.56698799133301,5.791877961882792e-07,0.0,0.004890956056232737,5.470144084728963e-06,,,,
5374,4.600422107614577e-05,adam,5375,68.57799792289734,5.78478252543632e-07,0.0,0.005240452445635282,5.818930947087049e-06,,,,
5375,4.59217990282923e-05,adam,5376,68.58959484100342,5.779854841238605e-07,0.0,0.005638767885169713,6.2167536371206766e-06,,,,
5376,4.583952249959111e-05,adam,5377,68.60023212432861,5.789633867050983e-07,0.0,0.0049829371001563335,5.561900723538244e-06,,,,
5377,4.575736602419056e-05,adam,5378,68.61109042167664,5.784856908547397e-07,0.0,0.006183143876508143,6.761629861046458e-06,,,,
5378,4.567535506794229e-05,adam,5379,68.62317109107971,5.782100570796484e-07,0.0,0.004806665441280578,5.384875726664584e-06,,,,
5379,4.559346052701585e-05,adam,5380,68.63367938995361,5.779024847296998e-07,0.0,0.005177836159889358,5.755738890553078e-06,0.00019765539256762284,0.0,0.005179696246052924,0.00020283508905969813
5380,4.5511682401411235e-05,adam,5381,68.65824675559998,5.770687104322806e-07,0.0,0.005526324148668934,6.103393121587527e-06,,,,
5381,4.5430049794958904e-05,adam,5382,68.67200064659119,5.774368102624502e-07,0.0,0.00556970883288084,6.147145907690264e-06,,,,
5382,4.534853724180721e-05,adam,5383,68.68536853790283,5.77043356724394e-07,0.0,0.005106741674047524,5.683785273329132e-06,,,,
5383,4.526716656982899e-05,adam,5384,68.69673776626587,5.775433720805442e-07,0.0,0.005132496498085178,5.710040113946225e-06,,,,
5384,4.518591958913021e-05,adam,5385,68.70775890350342,5.76725397211376e-07,0.0,0.0047340565257266605,5.310782147793655e-06,,,,
5385,4.5104752643965185e-05,adam,5386,68.71853423118591,5.758186193309663e-07,0.0,0.004225672185942906,4.801491005982531e-06,,,,
5386,4.502373485593125e-05,adam,5387,68.73003482818604,5.755826261098544e-07,0.0,0.005201947022630141,5.777529895819221e-06,,,,
5387,4.494286622502841e-05,adam,5388,68.74107551574707,5.745070328175253e-07,0.0,0.005048986144880534,5.623493417512033e-06,,,,
5388,4.4862139475299045e-05,adam,5389,68.75257778167725,5.746818880528393e-07,0.0,0.0052777845397257005,5.852466678459854e-06,,,,
5389,4.478150003706105e-05,adam,5390,68.76509714126587,5.754384822756618e-07,0.0,0.0053141868601342245,5.889625594820218e-06,,,,
5390,4.4700973376166075e-05,adam,5391,68.77602243423462,5.760440020851124e-07,0.0,0.004835017541417333,5.411061773153456e-06,,,,
5391,4.4620628614211455e-05,adam,5392,68.78713130950928,5.766423643140608e-07,0.0,0.005581312491884391,6.157955121296569e-06,,,,
5392,4.454040026757866e-05,adam,5393,68.79901838302612,5.755840115110479e-07,0.0,0.0053716786495438314,5.947262916195924e-06,,,,
5393,4.4460288336267695e-05,adam,5394,68.80966281890869,5.764578363878499e-07,0.0,0.0054536464325427945,6.03010452796495e-06,,,,
5394,4.438028918229975e-05,adam,5395,68.82069373130798,5.762881659374204e-07,0.0,0.005374999252208565,5.9512876734447505e-06,,,,
5395,4.430043918546289e-05,adam,5396,68.83175134658813,5.769753901093849e-07,0.0,0.005357328245826184,5.934303890395006e-06,,,,
5396,4.4220741983735934e-05,adam,5397,68.841876745224,5.784133448049114e-07,0.0,0.004606948294885179,5.185361858508392e-06,,,,
5397,4.414112481754273e-05,adam,5398,68.85291385650635,5.768636694825626e-07,0.0,0.00457956407517022,5.156427962170405e-06,,,,
5398,4.406165317050181e-05,adam,5399,68.86448097229004,5.768510567154386e-07,0.0,0.005249066815646392,5.825918121679126e-06,,,,
5399,4.3982330680591986e-05,adam,5400,68.87552857398987,5.76922269709713e-07,0.0,0.0050733302006255405,5.650252711305507e-06,0.00019749410712719803,0.0,0.005173924545603106,0.00020266803191854935
5400,4.3903062760364264e-05,adam,5401,68.89841723442078,5.759869159529153e-07,0.0,0.004953613853996447,5.529601005233395e-06,,,,
5401,4.382396946311928e-05,adam,5402,68.9109845161438,5.760502821936382e-07,0.0,0.004998409620890018,5.574460140495374e-06,,,,
5402,4.37450289609842e-05,adam,5403,68.92199945449829,5.752186409748162e-07,0.0,0.005025495922982067,5.600714802655131e-06,,,,
5403,4.366619759821333e-05,adam,5404,68.93258285522461,5.743465088404101e-07,0.0,0.005987250769824786,6.561597563044348e-06,,,,
5404,4.3587486288743094e-05,adam,5405,68.94415044784546,5.742140793949593e-07,0.0,0.005326266884036184,5.900481216415245e-06,,,,
5405,4.350886229076423e-05,adam,5406,68.95618867874146,5.742574327609277e-07,0.0,0.004986472134814608,5.560729804420253e-06,,,,
5406,4.343044201959856e-05,adam,5407,68.96809792518616,5.7440101210542e-07,0.0,0.005257338634575121,5.8317398963907264e-06,,,,
5407,4.335211269790307e-05,adam,5408,68.98103880882263,5.731085492170978e-07,0.0,0.005550684690847085,6.123793503707558e-06,,,,
5408,4.327392889535986e-05,adam,5409,68.99319624900818,5.733692693946458e-07,0.0,0.005740995389792919,6.314364931870214e-06,,,,
5409,4.3195890611968935e-05,adam,5410,69.00384545326233,5.731676982912904e-07,0.0,0.005201559588177634,5.774727533529748e-06,,,,
5410,4.311793600209057e-05,adam,5411,69.01553773880005,5.734786864911711e-07,0.0,0.005488208274292433,6.0616872214595095e-06,,,,
5411,4.3040101445512846e-05,adam,5412,69.02680039405823,5.744522133010159e-07,0.0,0.0054246836672505565,5.99913613821022e-06,,,,
5412,4.296244151191786e-05,adam,5413,69.03833317756653,5.742534827444015e-07,0.0,0.004803640389495309,5.377894100400386e-06,,,,
5413,4.288487252779305e-05,adam,5414,69.04885292053223,5.734315059423148e-07,0.0,0.005447008795687828,6.020440560349177e-06,,,,
5414,4.280747816665098e-05,adam,5415,69.06144499778748,5.733000052419579e-07,0.0,0.005682896965714706,6.2561972408797865e-06,,,,
5415,4.273013473721221e-05,adam,5416,69.0736083984375,5.733550444582508e-07,0.0,0.006222006093601809,6.795361433589491e-06,,,,
5416,4.2652973206713796e-05,adam,5417,69.08617496490479,5.740074221611206e-07,0.0,0.00514971810885455,5.723725775614156e-06,,,,
5417,4.257592809153721e-05,adam,5418,69.09799432754517,5.742591361034436e-07,0.0,0.004843751549231098,5.418010915400395e-06,,,,
5418,4.24990284955129e-05,adam,5419,69.10975527763367,5.741403242634913e-07,0.0,0.005326490474883297,5.900631052141511e-06,,,,
5419,4.2422245314810425e-05,adam,5420,69.12038946151733,5.748396117355252e-07,0.0,0.0052480642777642415,5.822904138769444e-06,0.00019719969124334304,0.0,0.005169582253887272,0.00020236927374277228
5420,4.234554944559932e-05,adam,5421,69.14099764823914,5.755704517253929e-07,0.0,0.00508948430290925,5.665054996372175e-06,,,,
5421,4.226903183734976e-05,adam,5422,69.15151858329773,5.759319183303385e-07,0.0,0.00490895501821486,5.48488716970805e-06,,,,
5422,4.2192656110273674e-05,adam,5423,69.16288185119629,5.753112487510622e-07,0.0,0.005262274334626617,5.837585833322298e-06,,,,
5423,4.211639679851942e-05,adam,5424,69.1743106842041,5.746205988091074e-07,0.0,0.005397095811301164,5.971716666458567e-06,,,,
5424,4.204025390208699e-05,adam,5425,69.1871407032013,5.740875212069477e-07,0.0,0.00486192223110065,5.436009983236512e-06,,,,
5425,4.1964201955124736e-05,adam,5426,69.19863295555115,5.73084062697901e-07,0.0,0.005611179834919155,6.184264164133797e-06,,,,
5426,4.1888324631145224e-05,adam,5427,69.21101498603821,5.728694150386131e-07,0.0,0.004900702434606774,5.473572082416263e-06,,,,
5427,4.181256372248754e-05,adam,5428,69.22203707695007,5.731879059151683e-07,0.0,0.004961415097984001,5.534603239553742e-06,,,,
5428,4.173691922915168e-05,adam,5429,69.2336905002594,5.739526323260395e-07,0.0,0.0051246644998525345,5.698617375587077e-06,,,,
5429,4.166142025496811e-05,adam,5430,69.24417567253113,5.738251895839619e-07,0.0,0.004899189053633747,5.4730144759167015e-06,,,,
5430,4.15860085922759e-05,adam,5431,69.25430846214294,5.732404037260214e-07,0.0,0.005080616696802517,5.653857341844883e-06,,,,
5431,4.1510775190545246e-05,adam,5432,69.26599359512329,5.725053492452818e-07,0.0,0.00490786337150428,5.480368953860563e-06,,,,
5432,4.143565456615761e-05,adam,5433,69.27707648277283,5.721584208765926e-07,0.0,0.005608222061127014,6.1803807483798614e-06,,,,
5433,4.136068673687987e-05,adam,5434,69.28861141204834,5.723466722176406e-07,0.0,0.004631762064051922,5.204108956266455e-06,,,,
5434,4.1285828046966344e-05,adam,5435,69.3003740310669,5.722324917969587e-07,0.0,0.004816941046531088,5.3891737671204695e-06,,,,
5435,4.1211060306522995e-05,adam,5436,69.31138944625854,5.715623999668517e-07,0.0,0.005797419038962748,6.368981714292228e-06,,,,
5436,4.1136496292892843e-05,adam,5437,69.32254981994629,5.72299860549113e-07,0.0,0.00573856614153345,6.3108662746498295e-06,,,,
5437,4.106202322873287e-05,adam,5438,69.33341670036316,5.73051920884606e-07,0.0,0.0043058201224524615,4.8788722478525495e-06,,,,
5438,4.098769204574637e-05,adam,5439,69.34378123283386,5.724397516772037e-07,0.0,0.005529993730398072,6.102433744735883e-06,,,,
5439,4.091341907042079e-05,adam,5440,69.3545150756836,5.724705928642943e-07,0.0,0.004938494786559007,5.5109656139892175e-06,0.00019696476808599421,0.0,0.005162345830729986,0.00020212711416192248
5440,4.0839353459887207e-05,adam,5441,69.37323784828186,5.718329211502379e-07,0.0,0.005120676519785084,5.692509684154406e-06,,,,
5441,4.076536788488738e-05,adam,5442,69.38469910621643,5.715028081631127e-07,0.0,0.004883822181607549,5.455325221739768e-06,,,,
5442,4.069156784680672e-05,adam,5443,69.39811968803406,5.71136741700596e-07,0.0,0.005484671163400044,6.055808165608542e-06,,,,
5443,4.061785148223862e-05,adam,5444,69.41024398803711,5.701467096916646e-07,0.0,0.004864828790746315,5.434975731504948e-06,,,,
5444,4.054425153299235e-05,adam,5445,69.42184519767761,5.701608425806453e-07,0.0,0.005065489168468528,5.635650251646998e-06,,,,
5445,4.047079710289836e-05,adam,5446,69.43320155143738,5.709072776362854e-07,0.0,0.004387374799193067,4.958282285218473e-06,,,,
5446,4.0397488191956654e-05,adam,5447,69.44446659088135,5.710565707658953e-07,0.0,0.005882972996633629,6.4540298468257474e-06,,,,
5447,4.032429933431558e-05,adam,5448,69.45590829849243,5.714893090447646e-07,0.0,0.0056887340242613585,6.26022360350649e-06,,,,
5448,4.025125235784799e-05,adam,5449,69.46682381629944,5.720870208015383e-07,0.0,0.005328391544968114,5.90047881885467e-06,,,,
5449,4.017832179670222e-05,adam,5450,69.47852730751038,5.723114570148264e-07,0.0,0.005439927315104958,6.012239030502468e-06,,,,
5450,4.0105514926835895e-05,adam,5451,69.49247789382935,5.720873060507866e-07,0.0,0.005636243991100282,6.208331564858293e-06,,,,
5451,4.0032849938143045e-05,adam,5452,69.50437951087952,5.717733371446562e-07,0.0,0.004972221650486376,5.5439952237988875e-06,,,,
5452,3.996030136477202e-05,adam,5453,69.51631450653076,5.717816777181974e-07,0.0,0.004521685241638273,5.093467134124995e-06,,,,
5453,3.988789831055328e-05,adam,5454,69.52699637413025,5.725820483378733e-07,0.0,0.004992576056867143,5.565158342339655e-06,,,,
5454,3.9815582567825913e-05,adam,5455,69.53817105293274,5.735227092061677e-07,0.0,0.004599883443548025,5.173406371236932e-06,,,,
5455,3.974341962020844e-05,adam,5456,69.54990983009338,5.747459101968974e-07,0.0,0.004968685669416226,5.543431815613029e-06,,,,
5456,3.967139491578564e-05,adam,5457,69.561039686203,5.738127055750727e-07,0.0,0.00511917234832742,5.692985297050132e-06,,,,
5457,3.959951573051512e-05,adam,5458,69.5712080001831,5.734540556426951e-07,0.0,0.0052114891652187256,5.784943468393874e-06,,,,
5458,3.952772749471478e-05,adam,5459,69.58232808113098,5.733323870076e-07,0.0,0.004748684512977837,5.3220171255358485e-06,,,,
5459,3.945605567423627e-05,adam,5460,69.59346890449524,5.731353417626387e-07,0.0,0.005699214977718768,6.272350590179593e-06,0.00019679557949100294,0.0,0.0051569927961866435,0.0002019525725321336
5460,3.9384558476740494e-05,adam,5461,69.61452770233154,5.735748768317838e-07,0.0,0.00538704843957293,5.960623572275785e-06,,,,
5461,3.931317769456655e-05,adam,5462,69.6257472038269,5.731952929324621e-07,0.0,0.004764907330179538,5.338102849432954e-06,,,,
5462,3.924191332771443e-05,adam,5463,69.63767051696777,5.71413544159586e-07,0.0,0.00547182768953353,6.0432414935909855e-06,,,,
5463,3.917079448001459e-05,adam,5464,69.64815163612366,5.718993115879131e-07,0.0,0.005424304018322959,5.996203587551488e-06,,,,
5464,3.909979568561539e-05,adam,5465,69.65999507904053,5.720190940428182e-07,0.0,0.00532061795282949,5.892637299588101e-06,,,,
5465,3.902894604834728e-05,adam,5466,69.6706280708313,5.724514249393429e-07,0.0,0.005461672711819436,6.034124396174312e-06,,,,
5466,3.895820555044338e-05,adam,5467,69.68177342414856,5.724889762733324e-07,0.0,0.0052125194397653575,5.785008663620078e-06,,,,
5467,3.8887614209670573e-05,adam,5468,69.69425439834595,5.721820692677718e-07,0.0,0.004655324954522967,5.22750724490681e-06,,,,
5468,3.8817110180389136e-05,adam,5469,69.70705699920654,5.7165486491623e-07,0.0,0.005528282541801761,6.099937669297322e-06,,,,
5469,3.874675530823879e-05,adam,5470,69.71884989738464,5.712911355966921e-07,0.0,0.005360255712859587,5.931547103054763e-06,,,,
5470,3.8676509575452656e-05,adam,5471,69.73079490661621,5.717513216532775e-07,0.0,0.005739586154321361,6.3113377485903525e-06,,,,
5471,3.8606445741606876e-05,adam,5472,69.74703192710876,5.715224127545423e-07,0.0,0.0049049785829687635,5.476501228697287e-06,,,,
5472,3.853646921925247e-05,adam,5473,69.75973153114319,5.717271009401444e-07,0.0,0.005023843791578791,5.595571131138712e-06,,,,
5473,3.8466634578071535e-05,adam,5474,69.7736439704895,5.717590533879204e-07,0.0,0.005426290099839123,5.998049410961993e-06,,,,
5474,3.8396919990191236e-05,adam,5475,69.78644132614136,5.713018271909601e-07,0.0,0.005004266394279957,5.5755684591608165e-06,,,,
5475,3.832735092146322e-05,adam,5476,69.79997038841248,5.718441440839512e-07,0.0,0.00527139482182432,5.84323921628609e-06,,,,
5476,3.8257898268057033e-05,adam,5477,69.811842918396,5.727731661392775e-07,0.0,0.0049375259325450055,5.510299333204181e-06,,,,
5477,3.818859113380313e-05,adam,5478,69.8234076499939,5.718391448502489e-07,0.0,0.005469222856688459,6.041062261312854e-06,,,,
5478,3.811940041487105e-05,adam,5479,69.83433055877686,5.713421915995119e-07,0.0,0.005030829456333961,5.6021718868850505e-06,,,,
5479,3.80503261112608e-05,adam,5480,69.84479141235352,5.708301388057416e-07,0.0,0.005213565678845273,5.784396065282096e-06,0.00019656442698080757,0.0,0.0051508327200508125,0.00020171525994550982
5480,3.798140096478164e-05,adam,5481,69.86375737190247,5.70813113109107e-07,0.0,0.005020324572756563,5.591137924318293e-06,,,,
5481,3.7912621337454766e-05,adam,5482,69.87453007698059,5.701873667363785e-07,0.0,0.005851328642076253,6.421516286735828e-06,,,,
5482,3.784395448747091e-05,adam,5483,69.8853497505188,5.697704168684473e-07,0.0,0.0051865233847297534,5.756294047944843e-06,,,,
5483,3.777540769078769e-05,adam,5484,69.89568281173706,5.699056258597173e-07,0.0,0.004770598648233676,5.34050450068467e-06,,,,
5484,3.77069809474051e-05,adam,5485,69.90603971481323,5.693099503971123e-07,0.0,0.005361154370980473,5.930464576018754e-06,,,,
5485,3.763869608519599e-05,adam,5486,69.91585445404053,5.690003659661239e-07,0.0,0.005273285755166416,5.842286371600173e-06,,,,
5486,3.7570527638308704e-05,adam,5487,69.92778825759888,5.691478214465501e-07,0.0,0.00515225317971345,5.721401245878894e-06,,,,
5487,3.750253745238297e-05,adam,5488,69.9395580291748,5.699109141623751e-07,0.0,0.005874631925144477,6.444543118336895e-06,,,,
5488,3.743463093996979e-05,adam,5489,69.95219016075134,5.707080652196682e-07,0.0,0.0055766563831764985,6.147364713273132e-06,,,,
5489,3.736684448085725e-05,adam,5490,69.9656822681427,5.703421381622171e-07,0.0,0.004710669716674406,5.2810120785814296e-06,,,,
5490,3.7299203540897e-05,adam,5491,69.9787700176239,5.701449271929343e-07,0.0,0.004649043220647143,5.219188368657781e-06,,,,
5491,3.723170448211022e-05,adam,5492,69.99159955978394,5.700039910018115e-07,0.0,0.004745596070031225,5.315600286436755e-06,,,,
5492,3.716432547662407e-05,adam,5493,70.00525212287903,5.703120322767159e-07,0.0,0.005932046476271444,6.502358790305249e-06,,,,
5493,3.709709199029021e-05,adam,5494,70.01713395118713,5.70538192483075e-07,0.0,0.004969378660711745,5.539917089227641e-06,,,,
5494,3.7029974919278175e-05,adam,5495,70.02780723571777,5.704541085499473e-07,0.0,0.00494953797174409,5.519992315384476e-06,,,,
5495,3.696300700539723e-05,adam,5496,70.03921723365784,5.701960651131668e-07,0.0,0.005052056065404461,5.622252370477414e-06,,,,
5496,3.689615550683811e-05,adam,5497,70.05056500434875,5.698930693833869e-07,0.0,0.005676996243517412,6.246889582543652e-06,,,,
5497,3.6829416785622016e-05,adam,5498,70.06099462509155,5.700402578871139e-07,0.0,0.005211640501965204,5.781681007391959e-06,,,,
5498,3.676282722153701e-05,adam,5499,70.07177877426147,5.690366513839444e-07,0.0,0.005682993407011533,6.25203032832318e-06,,,,
5499,3.669632496894337e-05,adam,5500,70.08224511146545,5.68579032993012e-07,0.0,0.005456237112551434,6.0248164047018025e-06,0.0001964981241322186,0.0,0.005147852580292675,0.00020164597695702117
5500,3.6629997339332476e-05,adam,5501,70.10094332695007,5.68548164497397e-07,0.0,0.006674672133947175,7.243220615474486e-06,,,,
5501,3.656378612504341e-05,adam,5502,70.11096262931824,5.685857630190173e-07,0.0,0.0053042382537713175,5.8728242687281335e-06,,,,
5502,3.649772042990662e-05,adam,5503,70.12168979644775,5.690483459400654e-07,0.0,0.004959250784018139,5.528299365509977e-06,,,,
5503,3.643177478807047e-05,adam,5504,70.13314247131348,5.696741328505045e-07,0.0,0.005013951466739502,5.583625837739922e-06,,,,
5504,3.636591281974688e-05,adam,5505,70.14540004730225,5.692291708371867e-07,0.0,0.004338161952978741,4.907391329867564e-06,,,,
5505,3.630022911238484e-05,adam,5506,70.1624825000763,5.68738395001333e-07,0.0,0.004926349001700358,5.4950876306907125e-06,,,,
5506,3.6234690924175084e-05,adam,5507,70.1760241985321,5.677635717767035e-07,0.0,0.005175345419473033,5.743109237065454e-06,,,,
5507,3.616926915128715e-05,adam,5508,70.18955206871033,5.676765632866748e-07,0.0,0.00454874416452337,5.116420943863799e-06,,,,
5508,3.610396015574224e-05,adam,5509,70.20375871658325,5.679983645615714e-07,0.0,0.004692046662992047,5.2600452504138765e-06,,,,
5509,3.603880395530723e-05,adam,5510,70.2172303199768,5.673640474821719e-07,0.0,0.0051586350797277365,5.7259993722319275e-06,,,,
5510,3.597376053221524e-05,adam,5511,70.2317442893982,5.67494413139241e-07,0.0,0.004946687473389362,5.514182121483651e-06,,,,
5511,3.5908866266254336e-05,adam,5512,70.24430060386658,5.66964567663553e-07,0.0,0.004994398938257163,5.5613637431419366e-06,,,,
5512,3.5844084777636454e-05,adam,5513,70.25601696968079,5.671093978435144e-07,0.0,0.005197181769127319,5.764291413823721e-06,,,,
5513,3.577939060050994e-05,adam,5514,70.26782655715942,5.686420858729549e-07,0.0,0.005201616870057762,5.7702592029942605e-06,,,,
5514,3.571487468434498e-05,adam,5515,70.28044891357422,5.689321439847822e-07,0.0,0.004643757814026742,5.212690178578185e-06,,,,
5515,3.5650507925311103e-05,adam,5516,70.29194664955139,5.686550149913539e-07,0.0,0.005535350619616353,6.104005897522753e-06,,,,
5516,3.558625030564144e-05,adam,5517,70.30319166183472,5.690983390190623e-07,0.0,0.004762728824232095,5.331827389468637e-06,,,,
5517,3.552211637725122e-05,adam,5518,70.31518459320068,5.673090055162994e-07,0.0,0.00538615294704319,5.9534622083880275e-06,,,,
5518,3.545809886418283e-05,adam,5519,70.32778716087341,5.676130320248053e-07,0.0,0.005146001232370011,5.7136145088167595e-06,,,,
5519,3.5394219594309106e-05,adam,5520,70.34029364585876,5.677206177713618e-07,0.0,0.004438344546907019,5.006065375488435e-06,0.0001962052039138251,0.0,0.005141443455698352,0.00020134664761372893
5520,3.5330489481566474e-05,adam,5521,70.36211061477661,5.660798453156348e-07,0.0,0.005426042241159904,5.992122344198717e-06,,,,
5521,3.526688306010328e-05,adam,5522,70.37387609481812,5.659322891893756e-07,0.0,0.006564785877925401,7.130718478925375e-06,,,,
5522,3.520341488183476e-05,adam,5523,70.38522791862488,5.660234874433329e-07,0.0,0.0051446201062967595,5.7106438380964355e-06,,,,
5523,3.514007039484568e-05,adam,5524,70.39526438713074,5.666099465390538e-07,0.0,0.005168823513863691,5.7354337059086876e-06,,,,
5524,3.507683504722081e-05,adam,5525,70.40598034858704,5.676244690731918e-07,0.0,0.004978011718174876,5.545636423690938e-06,,,,
5525,3.501375249470584e-05,adam,5526,70.41764307022095,5.678935569307472e-07,0.0,0.0047073042256407915,5.2751980061564915e-06,,,,
5526,3.495080818538554e-05,adam,5527,70.42800736427307,5.677729875984441e-07,0.0,0.005235988087038241,5.8037613233327745e-06,,,,
5527,3.488798756734468e-05,adam,5528,70.4401650428772,5.684745530927303e-07,0.0,0.004826596461889302,5.3950712442330625e-06,,,,
5528,3.4825250622816384e-05,adam,5529,70.45234107971191,5.687018715923866e-07,0.0,0.004821742297742165,5.390444398355022e-06,,,,
5529,3.4762691939249635e-05,adam,5530,70.46365737915039,5.6893645601627e-07,0.0,0.005082812669994196,5.651749367431113e-06,,,,
5530,3.470024967100471e-05,adam,5531,70.47506213188171,5.696943668861187e-07,0.0,0.005157074066573333,5.7267686784073255e-06,,,,
5531,3.4637952921912074e-05,adam,5532,70.48700594902039,5.689736319310926e-07,0.0,0.004776087356747427,5.345061215530495e-06,,,,
5532,3.457577258814126e-05,adam,5533,70.49799847602844,5.690389756988948e-07,0.0,0.00473516886634494,5.304208066952287e-06,,,,
5533,3.451370866969228e-05,adam,5534,70.50956630706787,5.687131975257448e-07,0.0,0.005079311953290996,5.648025392071112e-06,,,,
5534,3.445179027039558e-05,adam,5535,70.52259063720703,5.682073773307668e-07,0.0,0.0051994980105449125,5.7677056348385835e-06,,,,
5535,3.439001739025116e-05,adam,5536,70.53621888160706,5.678639034599862e-07,0.0,0.004775670444310929,5.34353457460309e-06,,,,
5536,3.4328364563407376e-05,adam,5537,70.54832005500793,5.674729701213088e-07,0.0,0.005026822575746341,5.59429578462891e-06,,,,
5537,3.4266886359546334e-05,adam,5538,70.56009554862976,5.669668512978284e-07,0.0,0.005311665190667479,5.878632294255867e-06,,,,
5538,3.4205466363346204e-05,adam,5539,70.57092213630676,5.670610805086224e-07,0.0,0.005464242675856818,6.0313040159030405e-06,,,,
5539,3.414419188629836e-05,adam,5540,70.58196592330933,5.672090247826218e-07,0.0,0.006378963708911433,6.946173036678573e-06,0.0001959659560450141,0.0,0.005136026676601578,0.00020110198296556387
5540,3.4083062928402796e-05,adam,5541,70.60185122489929,5.681611705647756e-07,0.0,0.004786213548922332,5.354374946820053e-06,,,,
5541,3.402207948965952e-05,adam,5542,70.6123366355896,5.689839806845763e-07,0.0,0.004943436099375897,5.512420314861088e-06,,,,
5542,3.396118700038642e-05,adam,5543,70.62181115150452,5.685862092343936e-07,0.0,0.0054650807692458,6.033667238057601e-06,,,,
5543,3.390043639228679e-05,adam,5544,70.63346195220947,5.678231254161348e-07,0.0,0.005905696621497578,6.473520027419251e-06,,,,
5544,3.383983494131826e-05,adam,5545,70.64577913284302,5.680503534460233e-07,0.0,0.004785496392363576,5.353546973108481e-06,,,,
5545,3.3779346267692745e-05,adam,5546,70.65752744674683,5.678950913073556e-07,0.0,0.005186148827992659,5.7540441656288655e-06,,,,
5546,3.3719003113219514e-05,adam,5547,70.66876316070557,5.679638055612195e-07,0.0,0.005278202345101873,5.846166401364252e-06,,,,
5547,3.365878001204692e-05,adam,5548,70.68073225021362,5.6805978601225e-07,0.0,0.006402005288002646,6.97006537809383e-06,,,,
5548,3.3598676964174956e-05,adam,5549,70.69257760047913,5.692778555337986e-07,0.0,0.005811263560424565,6.380541691978572e-06,,,,
5549,3.353871579747647e-05,adam,5550,70.70834755897522,5.695388953490386e-07,0.0,0.004968963187440422,5.538502318802548e-06,,,,
5550,3.3478903787909076e-05,adam,5551,70.72008299827576,5.67882232192167e-07,0.0,0.00549790914084834,6.065791634177179e-06,,,,
5551,3.341923365951516e-05,adam,5552,70.73571372032166,5.675282577325846e-07,0.0,0.005068350558000848,5.6358790564671666e-06,,,,
5552,3.335965084261261e-05,adam,5553,70.74737453460693,5.669561826862983e-07,0.0,0.005447379489984809,6.01433593140775e-06,,,,
5553,3.3300188079010695e-05,adam,5554,70.75862193107605,5.662773729155049e-07,0.0,0.004545569559607553,5.111847148426027e-06,,,,
5554,3.324089993839152e-05,adam,5555,70.77027916908264,5.677166644848592e-07,0.0,0.004959447628999617,5.527164529045598e-06,,,,
5555,3.3181728213094175e-05,adam,5556,70.7816264629364,5.672781188589997e-07,0.0,0.0052688774584128805,5.836155827530131e-06,,,,
5556,3.312267654109746e-05,adam,5557,70.79296803474426,5.65904316292715e-07,0.0,0.004955362506978707,5.521267058638511e-06,,,,
5557,3.306376311229542e-05,adam,5558,70.80310869216919,5.654300487570764e-07,0.0,0.004957287167420143,5.522717451635726e-06,,,,
5558,3.300496973679401e-05,adam,5559,70.81313180923462,5.646527940026281e-07,0.0,0.00542384688724124,5.988499938862772e-06,,,,
5559,3.29463291564025e-05,adam,5560,70.82325768470764,5.648972860101063e-07,0.0,0.0059753205828501415,6.540218152672746e-06,0.0001958673893930501,0.0,0.0051304946874657755,0.00020099788432420128
5560,3.288779407739639e-05,adam,5561,70.84223127365112,5.669675028999625e-07,0.0,0.004939018010579418,5.505985748070148e-06,,,,
5561,3.2829411793500185e-05,adam,5562,70.8574481010437,5.655253271068516e-07,0.0,0.005504161519567988,6.069687108108484e-06,,,,
5562,3.277117502875626e-05,adam,5563,70.87069773674011,5.663557344004844e-07,0.0,0.0048344022555661306,5.400758219588401e-06,,,,
5563,3.271299647167325e-05,adam,5564,70.88651299476624,5.662556039139541e-07,0.0,0.004649616374832507,5.215872199591388e-06,,,,
5564,3.2655050745233893e-05,adam,5565,70.9000096321106,5.651462116467718e-07,0.0,0.0057260069163440125,6.291153399961519e-06,,,,
5565,3.259716322645545e-05,adam,5566,70.91563010215759,5.662565214165427e-07,0.0,0.005210921156963616,5.777177925885633e-06,,,,
5566,3.253945033065975e-05,adam,5567,70.93087768554688,5.665123451593713e-07,0.0,0.004587081407913897,5.153593970947944e-06,,,,
5567,3.248185748816468e-05,adam,5568,70.94400310516357,5.648870714866542e-07,0.0,0.005532388549361294,6.097275883622304e-06,,,,
5568,3.242435195716098e-05,adam,5569,70.95554065704346,5.66110055663226e-07,0.0,0.005164081463634436,5.730191764578369e-06,,,,
5569,3.2367017411161214e-05,adam,5570,70.96676445007324,5.670462404596689e-07,0.0,0.005491476356777664,6.058522858068463e-06,,,,
5570,3.230980291846208e-05,adam,5571,70.99554753303528,5.680867694158237e-07,0.0,0.005752492375073011,6.320579417717562e-06,,,,
5571,3.2252733944915235e-05,adam,5572,71.0207245349884,5.705228125710023e-07,0.0,0.004990831406474945,5.561354456097719e-06,,,,
5572,3.2195781386690214e-05,adam,5573,71.04694652557373,5.689802504042941e-07,0.0,0.0046727246303542285,5.2417051027010335e-06,,,,
5573,3.213891977793537e-05,adam,5574,71.06965517997742,5.676548336235608e-07,0.0,0.004905807111779772,5.473462178416667e-06,,,,
5574,3.208225825801492e-05,adam,5575,71.09185576438904,5.670192081637511e-07,0.0,0.004482729463865369,5.0497488849473445e-06,,,,
5575,3.2025684049585834e-05,adam,5576,71.11619997024536,5.659282491212871e-07,0.0,0.00575948034286442,6.325408865546344e-06,,,,
5576,3.196925899828784e-05,adam,5577,71.1366548538208,5.666746045509154e-07,0.0,0.004674391494796534,5.241066321369131e-06,,,,
5577,3.1912975828163326e-05,adam,5578,71.15034937858582,5.665332278260543e-07,0.0,0.005832265403431248,6.398798908275045e-06,,,,
5578,3.1856812711339444e-05,adam,5579,71.16259407997131,5.653085120282308e-07,0.0,0.004874093010019131,5.439401753554357e-06,,,,
5579,3.1800795113667846e-05,adam,5580,71.17499470710754,5.653048649041182e-07,0.0,0.0045864536981107245,5.151758780859704e-06,0.0001958948318070915,0.0,0.005124618012812712,0.0002010194500633105
5580,3.1744893931318074e-05,adam,5581,71.19604110717773,5.653070315555935e-07,0.0,0.004490094158854532,5.055401403678154e-06,,,,
5581,3.168911280226894e-05,adam,5582,71.20872402191162,5.652168524434515e-07,0.0,0.005404689184683358,5.969906293835771e-06,,,,
5582,3.1633477192372084e-05,adam,5583,71.22195887565613,5.655633476834345e-07,0.0,0.004845636457361807,5.411200035200623e-06,,,,
5583,3.157795435981825e-05,adam,5584,71.2341148853302,5.647354539932777e-07,0.0,0.005767032026677647,6.331767754590248e-06,,,,
5584,3.15225770464167e-05,adam,5585,71.24685525894165,5.64522316315152e-07,0.0,0.005282278649665182,5.846801216875107e-06,,,,
5585,3.146734889014624e-05,adam,5586,71.2586760520935,5.645413585505524e-07,0.0,0.005647169593189812,6.211711219966528e-06,,,,
5586,3.141223714919761e-05,adam,5587,71.2711021900177,5.647505100280237e-07,0.0,0.005515283089566256,6.08003386155617e-06,,,,
5587,3.1357212719740346e-05,adam,5588,71.28268694877625,5.651451379111497e-07,0.0,0.0051396839172218045,5.7048292992548405e-06,,,,
5588,3.1302362913265824e-05,adam,5589,71.29441475868225,5.652746076945916e-07,0.0,0.005117580907004355,5.682855757770997e-06,,,,
5589,3.1247658625943586e-05,adam,5590,71.30587458610535,5.654139553910239e-07,0.0,0.005332949102943275,5.898363311635789e-06,,,,
5590,3.1193070753943175e-05,adam,5591,71.31588411331177,5.655396836743137e-07,0.0,0.005323840368279453,5.889380304822615e-06,,,,
5591,3.11386029352434e-05,adam,5592,71.32602310180664,5.654347537891015e-07,0.0,0.0049574072044139255,5.522842193667235e-06,,,,
5592,3.10842769977171e-05,adam,5593,71.33745813369751,5.656360098203738e-07,0.0,0.005237969056003442,5.803605314613996e-06,,,,
5593,3.103010021732189e-05,adam,5594,71.34846925735474,5.657702662439397e-07,0.0,0.0049792409692423645,5.54501147198756e-06,,,,
5594,3.0976039852248505e-05,adam,5595,71.360755443573,5.655235494754955e-07,0.0,0.004894906046792632,5.460429828763689e-06,,,,
5595,3.092209590249695e-05,adam,5596,71.3722927570343,5.652972342990382e-07,0.0,0.0047893672823163865,5.354664744098164e-06,,,,
5596,3.0868297471897677e-05,adam,5597,71.38432359695435,5.656999000085145e-07,0.0,0.005028300073303967,5.59400021214392e-06,,,,
5597,3.081461909459904e-05,adam,5598,71.39552044868469,5.664755348232281e-07,0.0,0.0049323358674053346,5.498811636501945e-06,,,,
5598,3.076108259847388e-05,adam,5599,71.40768814086914,5.66407069936666e-07,0.0,0.00515419958369976,5.7206068984477706e-06,,,,
5599,3.070766615564935e-05,adam,5600,71.41918730735779,5.657872523495733e-07,0.0,0.005360580786555443,5.926368293518942e-06,0.00019553117009944138,0.0,0.0051172825844770205,0.00020064845292697627
5600,3.06543915939983e-05,adam,5601,71.44057774543762,5.653748128707382e-07,0.0,0.005738844479277994,6.304219564729218e-06,,,,
5601,3.060126618947834e-05,adam,5602,71.45182752609253,5.650404227082023e-07,0.0,0.004896195255492267,5.461235910757266e-06,,,,
5602,3.054822809644975e-05,adam,5603,71.46447777748108,5.648213530586129e-07,0.0,0.00614197506664378,6.706796711430555e-06,,,,
5603,3.049533552257344e-05,adam,5604,71.47536969184875,5.649573242051826e-07,0.0,0.005365788769280991,5.930746348347465e-06,,,,
5604,3.0442590286838822e-05,adam,5605,71.48638439178467,5.649027311879996e-07,0.0,0.004861578605389757,5.426481567490349e-06,,,,
5605,3.0389988751267083e-05,adam,5606,71.49835014343262,5.647989923460963e-07,0.0,0.004485269995413324,5.0500692007983135e-06,,,,
5606,3.0337474527186714e-05,adam,5607,71.50935649871826,5.647177766504123e-07,0.0,0.005305285759731692,5.8700037883696565e-06,,,,
5607,3.028513674507849e-05,adam,5608,71.51913833618164,5.652876891309798e-07,0.0,0.005550578091264802,6.115866044034094e-06,,,,
5608,3.023291537829209e-05,adam,5609,71.52960133552551,5.657404227202645e-07,0.0,0.005068376762765039,5.634117426220281e-06,,,,
5609,3.0180814064806327e-05,adam,5610,71.54115676879883,5.660337946735976e-07,0.0,0.004793262473449182,5.359296495790531e-06,,,,
5610,3.012885463249404e-05,adam,5611,71.55197191238403,5.657323931972909e-07,0.0,0.00527510856989819,5.840841213649694e-06,,,,
5611,3.0077040719334036e-05,adam,5612,71.5636157989502,5.654522104945768e-07,0.0,0.005113667325109938,5.679119778490679e-06,,,,
5612,3.002531775564421e-05,adam,5613,71.57493376731873,5.653689179082527e-07,0.0,0.005926858201752798,6.492227401171709e-06,,,,
5613,2.9973738492117263e-05,adam,5614,71.58645391464233,5.654108549351829e-07,0.0,0.004695031337327436,5.260442415264641e-06,,,,
5614,2.9922308385721408e-05,adam,5615,71.59754991531372,5.655954777994544e-07,0.0,0.005600597367955181,6.166193111768736e-06,,,,
5615,2.9871021979488432e-05,adam,5616,71.6088924407959,5.652132536676978e-07,0.0,0.005404632003328446,5.96984551370239e-06,,,,
5616,2.9819851988577284e-05,adam,5617,71.62127685546875,5.645356971828019e-07,0.0,0.005173877615408285,5.738413558337087e-06,,,,
5617,2.9768800231977366e-05,adam,5618,71.63209366798401,5.644968700952784e-07,0.0,0.0046034174695253945,5.1679145582712705e-06,,,,
5618,2.971789399452973e-05,adam,5619,71.643723487854,5.645842612359228e-07,0.0,0.005456476695856356,6.021061216261015e-06,,,,
5619,2.966710235341452e-05,adam,5620,71.6561644077301,5.645376625804004e-07,0.0,0.005017398382922284,5.58193628381632e-06,0.00019532896007412075,0.0,0.00511430557870443,0.00020044326589574167
5620,2.96164598694304e-05,adam,5621,71.67715001106262,5.651859605297663e-07,0.0,0.0049593097321239355,5.524495928208274e-06,,,,
5621,2.956596108560916e-05,adam,5622,71.68780064582825,5.650188778918573e-07,0.0,0.005123836694617408,5.68885581587845e-06,,,,
5622,2.951558053609915e-05,adam,5623,71.69950675964355,5.64655679975276e-07,0.0,0.0055520034957879825,6.116659439469274e-06,,,,
5623,2.9465316401910968e-05,adam,5624,71.71295022964478,5.64905440985497e-07,0.0,0.005041792235692379,5.606697916150157e-06,,,,
5624,2.9415199605864473e-05,adam,5625,71.72587084770203,5.655077103618275e-07,0.0,0.00567529836168427,6.240806341608305e-06,,,,
5625,2.936522832897026e-05,adam,5626,71.73846912384033,5.660047963690568e-07,0.0,0.005401634011361385,5.967639064294289e-06,,,,
5626,2.9315371648408473e-05,adam,5627,71.75008130073547,5.656295171919547e-07,0.0,0.005178082397569965,5.7437121607076365e-06,,,,
5627,2.9265633202157915e-05,adam,5628,71.76315116882324,5.654787029285038e-07,0.0,0.004776452167763772,5.34193109756158e-06,,,,
5628,2.9216042094049044e-05,adam,5629,71.77417492866516,5.649214014548676e-07,0.0,0.005221502345681854,5.786423995144775e-06,,,,
5629,2.9166594686103053e-05,adam,5630,71.78472113609314,5.658936132185801e-07,0.0,0.005039544953976993,5.605438806561114e-06,,,,
5630,2.9117265512468293e-05,adam,5631,71.79653692245483,5.659340042276304e-07,0.0,0.005195414942300419,5.7613491932970174e-06,,,,
5631,2.9068081857985817e-05,adam,5632,71.80714511871338,5.649572907700818e-07,0.0,0.004840275161003816,5.405232681674632e-06,,,,
5632,2.9018987333984114e-05,adam,5633,71.81820106506348,5.648556542252046e-07,0.0,0.004585715753418575,5.15057162545359e-06,,,,
5633,2.897006561397575e-05,adam,5634,71.83127522468567,5.646721546067539e-07,0.0,0.005368367929720832,5.93304033931138e-06,,,,
5634,2.8921262128278613e-05,adam,5635,71.84224224090576,5.63790231303904e-07,0.0,0.005129965550678349,5.693756025642541e-06,,,,
5635,2.887260416173376e-05,adam,5636,71.85464310646057,5.638110268006331e-07,0.0,0.005272565416209373,5.836376693443425e-06,,,,
5636,2.882406442950014e-05,adam,5637,71.86641192436218,5.634952056349716e-07,0.0,0.00530183388464283,5.865329342101399e-06,,,,
5637,2.87756683974294e-05,adam,5638,71.87721610069275,5.623690516675535e-07,0.0,0.004390829486776424,4.953198746997187e-06,,,,
5638,2.872739059966989e-05,adam,5639,71.88792967796326,5.62315142992617e-07,0.0,0.005632264314603805,6.194579725114623e-06,,,,
5639,2.8679260140052065e-05,adam,5640,71.89907264709473,5.617352992421797e-07,0.0,0.004927741628397144,5.489477161694491e-06,0.00019546336967446137,0.0,0.005110416608657788,0.0002005737865258509
5640,2.863124609575607e-05,adam,5641,71.91778516769409,5.617674961142781e-07,0.0,0.005957774684698508,6.519542463791899e-06,,,,
5641,2.8583375751622953e-05,adam,5642,71.92794847488403,5.631691986816287e-07,0.0,0.005092319892317102,5.6554893328709465e-06,,,,
5642,2.853559453797061e-05,adam,5643,71.93868517875671,5.632781364622861e-07,0.0,0.005151481462306816,5.714759843451342e-06,,,,
5643,2.8487987947301008e-05,adam,5644,71.95054459571838,5.624804187438953e-07,0.0,0.005879399354061218,6.441880052061598e-06,,,,
5644,2.844052687578369e-05,adam,5645,71.961740732193,5.628840573239282e-07,0.0,0.00479556968247425,5.3584539675755165e-06,,,,
5645,2.8393154934747145e-05,adam,5646,71.97361874580383,5.624385524642046e-07,0.0,0.004471356719785849,5.033795484628101e-06,,,,
5646,2.834595761669334e-05,adam,5647,71.98510265350342,5.623338651579279e-07,0.0,0.004534083254815881,5.096417335331207e-06,,,,
5647,2.829884942912031e-05,adam,5648,71.9963960647583,5.625530508491715e-07,0.0,0.005231759864664122,5.794313164008554e-06,,,,
5648,2.8251914045540616e-05,adam,5649,72.00822329521179,5.618665070294877e-07,0.0,0.004850504497996422,5.412371235412511e-06,,,,
5649,2.820509507728275e-05,adam,5650,72.02006268501282,5.618574356015928e-07,0.0,0.005445766357391941,6.007624051653556e-06,,,,
5650,2.8158394343336113e-05,adam,5651,72.03179502487183,5.615243908333545e-07,0.0,0.005426730372981764,5.98825502157098e-06,,,,
5651,2.811183912854176e-05,adam,5652,72.04406642913818,5.616264878410924e-07,0.0,0.005103735903214098,5.665362633469638e-06,,,,
5652,2.8065431251889095e-05,adam,5653,72.05797266960144,5.619680113195871e-07,0.0,0.005485742845760911,6.047711117639302e-06,,,,
5653,2.8019139790558256e-05,adam,5654,72.0701036453247,5.619120026898917e-07,0.0,0.005680422997622989,6.2423352701184954e-06,,,,
5654,2.7972964744549245e-05,adam,5655,72.08238959312439,5.626194647436126e-07,0.0,0.0049884258506579845,5.551045552339111e-06,,,,
5655,2.7926935217692517e-05,adam,5656,72.09375643730164,5.628042762800756e-07,0.0,0.005298042000066188,5.860846527989755e-06,,,,
5656,2.7881051209988073e-05,adam,5657,72.10455083847046,5.62273970573485e-07,0.0,0.005194094329364472,5.7563685466441996e-06,,,,
5657,2.7835254513775e-05,adam,5658,72.11476278305054,5.614808072880819e-07,0.0,0.005485781635025782,6.04726270287451e-06,,,,
5658,2.778963425953407e-05,adam,5659,72.12536311149597,5.617078046213028e-07,0.0,0.004527329070401341,5.089037090059236e-06,,,,
5659,2.774413223960437e-05,adam,5660,72.13572096824646,5.615208857961688e-07,0.0,0.005229265971883808,5.790787106056783e-06,0.00019503560329405323,0.0,0.005105094554475052,0.00020014069809100727
5660,2.7698775738826953e-05,adam,5661,72.15679454803467,5.610819524320532e-07,0.0,0.004932567760444238,5.4936499471606875e-06,,,,
5661,2.7653535653371364e-05,adam,5662,72.16868948936462,5.610726794102684e-07,0.0,0.005019603342451185,5.580676260279818e-06,,,,
5662,2.760844108706806e-05,adam,5663,72.17942547798157,5.606976022706544e-07,0.0,0.004824903695295704,5.385601526736987e-06,,,,
5663,2.756346293608658e-05,adam,5664,72.19077706336975,5.602400589774303e-07,0.0,0.0052450258800749595,5.8052661881777514e-06,,,,
5664,2.751863212324679e-05,adam,5665,72.20286393165588,5.602408616248522e-07,0.0,0.004950317926964797,5.510559023717133e-06,,,,
5665,2.747391590673942e-05,adam,5666,72.21420168876648,5.603144825744081e-07,0.0,0.005218614215271311,5.778928945716593e-06,,,,
5666,2.742934702837374e-05,adam,5667,72.22649455070496,5.603617433051862e-07,0.0,0.004844281159909586,5.404643133305781e-06,,,,
5667,2.7384925488149747e-05,adam,5668,72.23892831802368,5.606593286779318e-07,0.0,0.0051569382654638035,5.71759783908316e-06,,,,
5668,2.7340587621438317e-05,adam,5669,72.2516839504242,5.608560986963279e-07,0.0,0.005587363005340178,6.148219369422008e-06,,,,
5669,2.7296429834677838e-05,adam,5670,72.2633638381958,5.615380127508676e-07,0.0,0.005113137092968465,5.6746753485803124e-06,,,,
5670,2.7252386644249782e-05,adam,5671,72.27512216567993,5.62291243561571e-07,0.0,0.004787996076058059,5.350287547037241e-06,,,,
5671,2.7208459869143553e-05,adam,5672,72.2874448299408,5.614117496181002e-07,0.0,0.005052668470602128,5.614080460209103e-06,,,,
5672,2.716468043217901e-05,adam,5673,72.29855847358704,5.607478204486105e-07,0.0,0.004971268983607984,5.532017040179201e-06,,,,
5673,2.7121046514366753e-05,adam,5674,72.31136417388916,5.606382013772663e-07,0.0,0.004818830589960963,5.379469020220401e-06,,,,
5674,2.7077529011876322e-05,adam,5675,72.32222270965576,5.604122103074501e-07,0.0,0.00493123660700069,5.49164905152931e-06,,,,
5675,2.7034157028538175e-05,adam,5676,72.33209300041199,5.606109890028669e-07,0.0,0.004903294099916772,5.463905321813611e-06,,,,
5676,2.6990872356691398e-05,adam,5677,72.34259581565857,5.60898896204697e-07,0.0,0.005129840381675545,5.690739521534586e-06,,,,
5677,2.6947764126816764e-05,adam,5678,72.35347604751587,5.607500109014405e-07,0.0,0.005204804860191279,5.765555118307685e-06,,,,
5678,2.6904774131253362e-05,adam,5679,72.36640739440918,5.611225927672257e-07,0.0,0.004945238365915962,5.506361193569406e-06,,,,
5679,2.6861956939683296e-05,adam,5680,72.37770962715149,5.615621720177064e-07,0.0,0.005167501769091611,5.729064186552482e-06,0.00019489484111149725,0.0,0.005098317462625536,0.00019999315881627988
5680,2.6819228878594004e-05,adam,5681,72.39850163459778,5.620525122610003e-07,0.0,0.005049975834979103,5.612028587101085e-06,,,,
5681,2.677661723282654e-05,adam,5682,72.40928506851196,5.623019068454269e-07,0.0,0.005149748214906484,5.712050366351826e-06,,,,
5682,2.6734180210041814e-05,adam,5683,72.42004656791687,5.620207462043988e-07,0.0,0.0060394677925896135,6.601488825653339e-06,,,,
5683,2.6691859602578916e-05,adam,5684,72.43045377731323,5.619712516688285e-07,0.0,0.005348403748014749,5.910375253719124e-06,,,,
5684,2.6649657229427248e-05,adam,5685,72.44206476211548,5.621178947697074e-07,0.0,0.004839687180926512,5.4018053055690255e-06,,,,
5685,2.6607600375427864e-05,adam,5686,72.45453023910522,5.625513206588655e-07,0.0,0.006375816957126414,6.938368580620335e-06,,,,
5686,2.6565659936750308e-05,adam,5687,72.46686434745789,5.630009697644123e-07,0.0,0.004942417566981409,5.505418771498059e-06,,,,
5687,2.6523865017225035e-05,adam,5688,72.47798824310303,5.624281139527937e-07,0.0,0.005182505531179749,5.744933891288347e-06,,,,
5688,2.6482215616852045e-05,adam,5689,72.48914909362793,5.626702416551495e-07,0.0,0.004598880412833894,5.161550872924142e-06,,,,
5689,2.6440684450790286e-05,adam,5690,72.5009753704071,5.629270348040426e-07,0.0,0.004940391248865039,5.503318518325074e-06,,,,
5690,2.6399300622870214e-05,adam,5691,72.51192307472229,5.625783510471065e-07,0.0,0.005255557572864073,5.818136173536769e-06,,,,
5691,2.6358031391282566e-05,adam,5692,72.5230119228363,5.628586948387493e-07,0.0,0.005094649235792675,5.6575081726142785e-06,,,,
5692,2.63169076788472e-05,adam,5693,72.53325080871582,5.62845053277164e-07,0.0,0.005283420964474069,5.846266268700263e-06,,,,
5693,2.627590401971247e-05,adam,5694,72.54442596435547,5.623250121709565e-07,0.0,0.0048856243606794775,5.447949604905139e-06,,,,
5694,2.6235045879730023e-05,adam,5695,72.55557131767273,5.618261883896777e-07,0.0,0.0043275602527253765,4.889386646663136e-06,,,,
5695,2.6194331439910457e-05,adam,5696,72.56658506393433,5.615627062524583e-07,0.0,0.005517759954232896,6.079322922564889e-06,,,,
5696,2.6153706130571663e-05,adam,5697,72.57817149162292,5.614668746078855e-07,0.0,0.004947225644420152,5.5086927540086466e-06,,,,
5697,2.6113253625226207e-05,adam,5698,72.58965182304382,5.615715053703547e-07,0.0,0.005203479458917747,5.765051211440114e-06,,,,
5698,2.6072921173181385e-05,adam,5699,72.60097885131836,5.621065985481638e-07,0.0,0.005087498288241093,5.649605128432459e-06,,,,
5699,2.6032701498479582e-05,adam,5700,72.61193442344666,5.624493257068199e-07,0.0,0.0051103999971111695,5.672849565548965e-06,0.00019468905619505355,0.0,0.005094723759942613,0.00019978378019698255
5700,2.5992632799898274e-05,adam,5701,72.63230776786804,5.614689507577355e-07,0.0,0.00447581138721961,5.0372805505669784e-06,,,,
5701,2.5952707801479846e-05,adam,5702,72.6438136100769,5.614149139087496e-07,0.0,0.005681489213281423,6.242904397046431e-06,,,,
5702,2.5912899218383245e-05,adam,5703,72.65568494796753,5.614584353704789e-07,0.0,0.005105368535852414,5.666827213714887e-06,,,,
5703,2.587323797342833e-05,adam,5704,72.66693472862244,5.611967178554752e-07,0.0,0.004782550125525282,5.343747070539699e-06,,,,
5704,2.583369132480584e-05,adam,5705,72.67782497406006,5.621124566192158e-07,0.0,0.004988941833016726,5.5510545265979634e-06,,,,
5705,2.5794292014325038e-05,adam,5706,72.6894543170929,5.627317089198324e-07,0.0,0.00507017599922736,5.6329079489676305e-06,,,,
5706,2.575500911916606e-05,adam,5707,72.69999122619629,5.621403503628046e-07,0.0,0.005536979700971783,6.099120314327012e-06,,,,
5707,2.5715873562148772e-05,adam,5708,72.71048903465271,5.609995612601344e-07,0.0,0.005040699681384305,5.601699482064827e-06,,,,
5708,2.5676883524283767e-05,adam,5709,72.72205758094788,5.606752709052089e-07,0.0,0.004805366273699518,5.366041772847377e-06,,,,
5709,2.5638009901740588e-05,adam,5710,72.73259973526001,5.599993684332446e-07,0.0,0.004985778245797814,5.545777851042818e-06,,,,
5710,2.559925451350864e-05,adam,5711,72.74305057525635,5.590334241541951e-07,0.0,0.005897339254709116,6.456372958971895e-06,,,,
5711,2.556064100645017e-05,adam,5712,72.75435256958008,5.589956050877899e-07,0.0,0.005133967985971259,5.6929638349094434e-06,,,,
5712,2.5522176656522788e-05,adam,5713,72.76588177680969,5.594538871001709e-07,0.0,0.005585377236270504,6.144831388661858e-06,,,,
5713,2.5483828721917234e-05,adam,5714,72.77695560455322,5.590025622381874e-07,0.0,0.005749844722409424,6.308847557750581e-06,,,,
5714,2.5445628125453368e-05,adam,5715,72.7877848148346,5.586307235701652e-07,0.0,0.004482687906582237,5.041318843068653e-06,,,,
5715,2.5407542125321925e-05,adam,5716,72.80011940002441,5.595882407581515e-07,0.0,0.00511227127351962,5.671859757097628e-06,,,,
5716,2.5369574359501712e-05,adam,5717,72.81225180625916,5.599134644369559e-07,0.0,0.004992103754872436,5.552017456421596e-06,,,,
5717,2.533178121666424e-05,adam,5718,72.82342195510864,5.599027276520701e-07,0.0,0.004883780967268249,5.443683926887468e-06,,,,
5718,2.5294106308137998e-05,adam,5719,72.83510398864746,5.598404280982728e-07,0.0,0.0050459165322930995,5.605757200059547e-06,,,,
5719,2.525654599594418e-05,adam,5720,72.84682750701904,5.600019304826548e-07,0.0,0.005271509647989129,5.831511828855056e-06,0.00019483118935148742,0.0,0.00509493482709089,0.00019992612442057474
5720,2.521913302189205e-05,adam,5721,72.86637926101685,5.595937295958829e-07,0.0,0.00472525209245012,5.284846046483433e-06,,,,
5721,2.5181867385981604e-05,adam,5722,72.87777066230774,5.588648145548654e-07,0.0,0.005469923397912281,6.028788472274567e-06,,,,
5722,2.5144716346403584e-05,adam,5723,72.88837766647339,5.595908349811387e-07,0.0,0.005221673223899522,5.78126430689683e-06,,,,
5723,2.5107710825977847e-05,adam,5724,72.89934062957764,5.59940321132516e-07,0.0,0.0050869097201060145,5.646850282853777e-06,,,,
5724,2.507082353986334e-05,adam,5725,72.91087698936462,5.59487809867339e-07,0.0,0.005198320993943168,5.757809050717506e-06,,,,
5725,2.5034081772901118e-05,adam,5726,72.92280173301697,5.606959906679965e-07,0.0,0.005336435401380963,5.89713164551604e-06,,,,
5726,2.4997456421260722e-05,adam,5727,72.93335461616516,5.619771197474674e-07,0.0,0.005088539541752472,5.650516903192599e-06,,,,
5727,2.4960978407762013e-05,adam,5728,72.94460725784302,5.603111714013166e-07,0.0,0.005447725282143543,6.008036712297927e-06,,,,
5728,2.4924616809585132e-05,adam,5729,72.9565544128418,5.600211777656064e-07,0.0,0.005415026341239049,5.975047776204606e-06,,,,
5729,2.4888400730560534e-05,adam,5730,72.9683735370636,5.607523998965616e-07,0.0,0.005861814208308198,6.422566886625995e-06,,,,
5730,2.485233017068822e-05,adam,5731,72.98052716255188,5.604961456840089e-07,0.0,0.00500365025349969,5.564146636844333e-06,,,,
5731,2.4816350560286082e-05,adam,5732,72.99190545082092,5.6016844776602e-07,0.0,0.00531747095643789,5.8776396567702275e-06,,,,
5732,2.478054193488788e-05,adam,5733,73.00298595428467,5.608521005751683e-07,0.0,0.004469982742808234,5.030835055696191e-06,,,,
5733,2.474485336279031e-05,adam,5734,73.0137288570404,5.604946633324032e-07,0.0,0.005202118041804295,5.762612952224046e-06,,,,
5734,2.470930849085562e-05,adam,5735,73.02550792694092,5.597940227713909e-07,0.0,0.005196891849629936,5.756686119240445e-06,,,,
5735,2.4673910957062617e-05,adam,5736,73.03614473342896,5.599994121946925e-07,0.0,0.005181282998661458,5.741282656953888e-06,,,,
5736,2.4638600734760985e-05,adam,5737,73.04641056060791,5.604488251383388e-07,0.0,0.004770401151355279,5.330850203075514e-06,,,,
5737,2.4603465135442093e-05,adam,5738,73.0577621459961,5.596936980650867e-07,0.0,0.005076188052335389,5.635881991506471e-06,,,,
5738,2.4568447770434432e-05,adam,5739,73.06890273094177,5.596518575716942e-07,0.0,0.0047326717133547485,5.292323795716287e-06,,,,
5739,2.453357410558965e-05,adam,5740,73.08126449584961,5.598052810533844e-07,0.0,0.00487666685351703,5.43647236619966e-06,0.00019463720177053084,0.0,0.005087371114425778,0.0001997245731265938
5740,2.4498789571225643e-05,adam,5741,73.10170102119446,5.591960402251054e-07,0.0,0.005397968273131096,5.957164569745937e-06,,,,
5741,2.4464179659844376e-05,adam,5742,73.11252212524414,5.581660678576926e-07,0.0,0.0053081843201089884,5.866350640091907e-06,,,,
5742,2.442968798277434e-05,adam,5743,73.1238055229187,5.578254989494524e-07,0.0,0.005162630630222055,5.7204563743833045e-06,,,,
5743,2.4395340005867183e-05,adam,5744,73.13451051712036,5.580876341744214e-07,0.0,0.00557855473790511,6.136642637046663e-06,,,,
5744,2.4361110263271257e-05,adam,5745,73.14598631858826,5.581998809355174e-07,0.0,0.005220381131451112,5.778581260341428e-06,,,,
5745,2.432702785881702e-05,adam,5746,73.1583571434021,5.590019386264906e-07,0.0,0.004621615808394092,5.180617966535554e-06,,,,
5746,2.4293060050695203e-05,adam,5747,73.17053604125977,5.594108645260505e-07,0.0,0.004530021351623326,5.0894324313138455e-06,,,,
5747,2.425924139970448e-05,adam,5748,73.18184185028076,5.59751018120249e-07,0.0,0.005680913590559464,6.24066487850863e-06,,,,
5748,2.422556462988723e-05,adam,5749,73.19301462173462,5.598940853744729e-07,0.0,0.005068662180159037,5.628556506282045e-06,,,,
5749,2.4192006094381213e-05,adam,5750,73.20399451255798,5.596121513123689e-07,0.0,0.005602525012606944,6.162137430024972e-06,,,,
5750,2.4158594897016883e-05,adam,5751,73.21561455726624,5.588396522775797e-07,0.0,0.005012438227291253,5.571278117646873e-06,,,,
5751,2.412530011497438e-05,adam,5752,73.2268078327179,5.584984878830829e-07,0.0,0.0052943041634200255,5.8528029027690625e-06,,,,
5752,2.409215085208416e-05,adam,5753,73.23657298088074,5.581608445927512e-07,0.0,0.005336427646131339,5.894588744190802e-06,,,,
5753,2.4059118004515767e-05,adam,5754,73.24627661705017,5.578014446340933e-07,0.0,0.004976752394481981,5.534554075499129e-06,,,,
5754,2.4026230676099658e-05,adam,5755,73.25717878341675,5.577948281117933e-07,0.0,0.00526138326803759,5.819178346051679e-06,,,,
5755,2.3993463400984183e-05,adam,5756,73.26776361465454,5.576638007640987e-07,0.0,0.005807910545298433,6.36557462192348e-06,,,,
5756,2.396086711087264e-05,adam,5757,73.27888703346252,5.575586905093782e-07,0.0,0.00550603977245759,6.063598724489824e-06,,,,
5757,2.3928361770231277e-05,adam,5758,73.29034113883972,5.580633685188254e-07,0.0,0.004615798870724932,5.17386245848244e-06,,,,
5758,2.3896000129752792e-05,adam,5759,73.30259609222412,5.588973059897702e-07,0.0,0.005463516042549963,6.022413608042821e-06,,,,
5759,2.3863785827415995e-05,adam,5760,73.31369543075562,5.592485854749548e-07,0.0,0.004983344946289769,5.542593768460908e-06,0.00019434344981413053,0.0,0.005082522165549889,0.00019942597222108726
5760,2.383168975939043e-05,adam,5761,73.33510398864746,5.589968829617681e-07,0.0,0.005374175714876944,5.933172853098362e-06,,,,
5761,2.3799737391527742e-05,adam,5762,73.34745788574219,5.585976700498902e-07,0.0,0.004780049226315762,5.3386471234058075e-06,,,,
5762,2.376793054281734e-05,adam,5763,73.359614610672,5.580090188030764e-07,0.0,0.004882099982407069,5.440109233097451e-06,,,,
5763,2.373624374740757e-05,adam,5764,73.37106084823608,5.57885399639823e-07,0.0,0.004906995228044092,5.464880860753682e-06,,,,
5764,2.3704671548330225e-05,adam,5765,73.38210082054138,5.579355448025592e-07,0.0,0.005215106591757805,5.773042384264635e-06,,,,
5765,2.3673244868405163e-05,adam,5766,73.39414310455322,5.58296880767468e-07,0.0,0.005119581992066858,5.6778791160014225e-06,,,,
5766,2.364196552662179e-05,adam,5767,73.40553975105286,5.589898427423646e-07,0.0,0.005115207281912563,5.674197367614236e-06,,,,
5767,2.3610800781170838e-05,adam,5768,73.41767573356628,5.598661883452956e-07,0.0,0.00535464332364659,5.914509766323796e-06,,,,
5768,2.3579785192850977e-05,adam,5769,73.42902493476868,5.60676285948721e-07,0.0,0.00545719163994297,6.0178681850943854e-06,,,,
5769,2.3548913304693997e-05,adam,5770,73.43919038772583,5.608652582173637e-07,0.0,0.004923729284475181,5.484594776557137e-06,,,,
5770,2.351813054701779e-05,adam,5771,73.44979906082153,5.603526623799271e-07,0.0,0.005361296570892501,5.921649487920351e-06,,,,
5771,2.3487522412324324e-05,adam,5772,73.46034145355225,5.603686842011015e-07,0.0,0.005113993008209477,5.674361935312213e-06,,,,
5772,2.3457030692952685e-05,adam,5773,73.47136950492859,5.604088878579788e-07,0.0,0.004834604659417886,5.395013776907264e-06,,,,
5773,2.342668449273333e-05,adam,5774,73.48366713523865,5.597459446469959e-07,0.0,0.0048175807048780415,5.377326878347842e-06,,,,
5774,2.3396458345814608e-05,adam,5775,73.49579071998596,5.593637203256346e-07,0.0,0.0055693132468158935,6.128677231669713e-06,,,,
5775,2.3366344976238906e-05,adam,5776,73.50674057006836,5.595209840254408e-07,0.0,0.0050299110598876085,5.589432282821005e-06,,,,
5776,2.333640804863535e-05,adam,5777,73.51897716522217,5.597136923553613e-07,0.0,0.004816555624418513,5.37626954554799e-06,,,,
5777,2.330658935534302e-05,adam,5778,73.52990293502808,5.591271318845017e-07,0.0,0.005931053366445973,6.490180780040394e-06,,,,
5778,2.327688707737252e-05,adam,5779,73.54171228408813,5.588787365041052e-07,0.0,0.005109753879609004,5.668632858813396e-06,,,,
5779,2.32473284995649e-05,adam,5780,73.55377101898193,5.585375421697639e-07,0.0,0.004494199532042231,5.0527372876750185e-06,0.00019447991951087424,0.0,0.005084521261481443,0.0001995644410138575
5780,2.321791907888837e-05,adam,5781,73.5738468170166,5.578702485578122e-07,0.0,0.005443792438079189,6.001662945203268e-06,,,,
5781,2.318862607353367e-05,adam,5782,73.58497214317322,5.577487785788061e-07,0.0,0.005387722427953561,5.9454714624354504e-06,,,,
5782,2.3159476768341847e-05,adam,5783,73.59645915031433,5.58228077409638e-07,0.0,0.005136831272382051,5.695059593778082e-06,,,,
5783,2.3130445697461255e-05,adam,5784,73.60733485221863,5.582350684647768e-07,0.0,0.005221109724137447,5.779345040591629e-06,,,,
5784,2.310156196472235e-05,adam,5785,73.61818194389343,5.581831178296729e-07,0.0,0.004889083147724002,5.447266497772664e-06,,,,
5785,2.307279282831587e-05,adam,5786,73.63038730621338,5.578071022070031e-07,0.0,0.004609301108794942,5.167108429932e-06,,,,
5786,2.304420013388153e-05,adam,5787,73.640878200531,5.575170857560971e-07,0.0,0.005088128633987346,5.645645961416585e-06,,,,
5787,2.3015694750938565e-05,adam,5788,73.65082097053528,5.571362805240502e-07,0.0,0.0046006514113284365,5.157787910371703e-06,,,,
5788,2.298733488714788e-05,adam,5789,73.66228771209717,5.566771719599375e-07,0.0,0.004811435425791641,5.368112826282498e-06,,,,
5789,2.2959122361498885e-05,adam,5790,73.67304801940918,5.565908816489423e-07,0.0,0.005146726783804509,5.703317909909856e-06,,,,
5790,2.2931026251171716e-05,adam,5791,73.6842908859253,5.565330481308403e-07,0.0,0.004556015639737803,5.112548904267774e-06,,,,
5791,2.2903073841007426e-05,adam,5792,73.69548916816711,5.564490756549337e-07,0.0,0.0047316428333179636,5.288092133713873e-06,,,,
5792,2.2875270587974228e-05,adam,5793,73.70644879341125,5.56815626279984e-07,0.0,0.0055349904891036725,6.091806378281598e-06,,,,
5793,2.2847581931273453e-05,adam,5794,73.71783089637756,5.576190789470263e-07,0.0,0.005395519350145248,5.953138685365692e-06,,,,
5794,2.282004243170377e-05,adam,5795,73.72956657409668,5.576659624581327e-07,0.0,0.0050871206226094905,5.644786826692887e-06,,,,
5795,2.2792617528466508e-05,adam,5796,73.74040818214417,5.573218169073917e-07,0.0,0.004947846875873555,5.5051689277910626e-06,,,,
5796,2.2765339963370934e-05,adam,5797,73.75313687324524,5.568143438474094e-07,0.0,0.005013989604164354,5.570804186163491e-06,,,,
5797,2.2738176994607784e-05,adam,5798,73.76437973976135,5.560820278006567e-07,0.0,0.005501911277557285,6.057993566684705e-06,,,,
5798,2.271116136398632e-05,adam,5799,73.77623772621155,5.55831290563464e-07,0.0,0.004693232111499136,5.249063624979163e-06,,,,
5799,2.2684262148686685e-05,adam,5800,73.78732347488403,5.560847220739064e-07,0.0,0.00532626000718389,5.882344982241572e-06,0.0001941811862326435,0.0,0.0050761639143188046,0.00019925735038806716
5800,2.2657508452539332e-05,adam,5801,73.80799961090088,5.559931215675747e-07,0.0,0.004716606285946803,5.272599631541155e-06,,,,
5801,2.2630902094533667e-05,adam,5802,73.8197283744812,5.553952502890513e-07,0.0,0.004488280323190477,5.043675786661404e-06,,,,
5802,2.260441215184983e-05,adam,5803,73.83125376701355,5.556383777768518e-07,0.0,0.004749333743747434,5.304972347105534e-06,,,,
5803,2.2578067728318274e-05,adam,5804,73.84222102165222,5.562225488806789e-07,0.0,0.004589878709300846,5.146101476189065e-06,,,,
5804,2.255184153909795e-05,adam,5805,73.85200691223145,5.56513950888146e-07,0.0,0.00502363616393856,5.58015035343662e-06,,,,
5805,2.2525759050040506e-05,adam,5806,73.86184597015381,5.562895232020003e-07,0.0,0.004617509977234694,5.17379971975665e-06,,,,
5806,2.2499794795294292e-05,adam,5807,73.87328863143921,5.555273891630202e-07,0.0,0.005569773560548476,6.125301214261544e-06,,,,
5807,2.2474006982520223e-05,adam,5808,73.88433074951172,5.548347562748471e-07,0.0,0.005195837116637998,5.750672119701866e-06,,,,
5808,2.2448333766078576e-05,adam,5809,73.89713740348816,5.544445876813163e-07,0.0,0.004884239076591376,5.4386838962615995e-06,,,,
5809,2.242277878394816e-05,adam,5810,73.90912532806396,5.541391942487788e-07,0.0,0.0048161450255552775,5.37028444855867e-06,,,,
5810,2.2397340217139572e-05,adam,5811,73.92156100273132,5.538985497202354e-07,0.0,0.00483957055390279,5.393469333490291e-06,,,,
5811,2.2372076273313724e-05,adam,5812,73.93340587615967,5.53693620839358e-07,0.0,0.004684128085754726,5.2378219290782306e-06,,,,
5812,2.2346930563799106e-05,adam,5813,73.94437026977539,5.535375325952499e-07,0.0,0.004714398087686899,5.267935844204043e-06,,,,
5813,2.232189945061691e-05,adam,5814,73.9584813117981,5.539107724616467e-07,0.0,0.005110821370346286,5.6647323855589225e-06,,,,
5814,2.2297015675576404e-05,adam,5815,73.97079801559448,5.543590444686442e-07,0.0,0.005457105741767797,6.011465045435055e-06,,,,
5815,2.2272279238677584e-05,adam,5816,73.98178362846375,5.547798951177583e-07,0.0,0.004890189095584108,5.444969222973385e-06,,,,
5816,2.2247657398111187e-05,adam,5817,73.99381685256958,5.546213490545209e-07,0.0,0.005295458617514058,5.850080218089367e-06,,,,
5817,2.2223182895686477e-05,adam,5818,74.00518798828125,5.541439341577787e-07,0.0,0.005445792497328666,5.999936690147708e-06,,,,
5818,2.219885391241405e-05,adam,5819,74.01773524284363,5.53911573615655e-07,0.0,0.004868584463080205,5.422496267941213e-06,,,,
5819,2.2174612240632996e-05,adam,5820,74.02959322929382,5.538821688586195e-07,0.0,0.005168233863146588,5.7221162774831445e-06,0.00019408824161216328,0.0,0.005074379329772047,0.0001991626211829554
5820,2.2150547010824084e-05,adam,5821,74.05103135108948,5.539972069564125e-07,0.0,0.005155640838471831,5.709638290308043e-06,,,,
5821,2.2126627300167456e-05,adam,5822,74.06126499176025,5.547900627412647e-07,0.0,0.005650005245727318,6.204795576829432e-06,,,,
5822,2.21027949010022e-05,adam,5823,74.07230544090271,5.549113212047389e-07,0.0,0.005164559305509748,5.719470872017891e-06,,,,
5823,2.207913712481968e-05,adam,5824,74.08311629295349,5.545460159368069e-07,0.0,0.005984172974736945,6.538719274906717e-06,,,,
5824,2.2055566660128534e-05,adam,5825,74.0953266620636,5.544218811351284e-07,0.0,0.0053533691268592715,5.907791262265789e-06,,,,
5825,2.203217263740953e-05,adam,5826,74.10621929168701,5.548702836169983e-07,0.0,0.005039100835016358,5.5939713579778024e-06,,,,
5826,2.2008896849001758e-05,adam,5827,74.11738181114197,5.55711947232557e-07,0.0,0.005351900488676422,5.9076126901106116e-06,,,,
5827,2.1985764760756865e-05,adam,5828,74.12905073165894,5.565720949140158e-07,0.0,0.00540462478233639,5.961197133956309e-06,,,,
5828,2.19627490878338e-05,adam,5829,74.13957905769348,5.567795277355596e-07,0.0,0.005111090206814825,5.667869977314143e-06,,,,
5829,2.1939882572041824e-05,adam,5830,74.15064930915833,5.559716455225933e-07,0.0,0.005451525292904229,6.007497197360379e-06,,,,
5830,2.1917130652582273e-05,adam,5831,74.16262793540955,5.555280130608963e-07,0.0,0.004204778835550977,4.760307048328151e-06,,,,
5831,2.1894524252275005e-05,adam,5832,74.17379021644592,5.553143956411035e-07,0.0,0.0051678150926093075,5.723129733708456e-06,,,,
5832,2.1872065190109424e-05,adam,5833,74.18567132949829,5.549621401454838e-07,0.0,0.005209749987311149,5.76471237490648e-06,,,,
5833,2.1849720724276267e-05,adam,5834,74.19632530212402,5.551910135472303e-07,0.0,0.005033097221016186,5.588288473622706e-06,,,,
5834,2.18275254155742e-05,adam,5835,74.20693469047546,5.555013507033159e-07,0.0,0.005263341900676306,5.818843501374947e-06,,,,
5835,2.180544652219396e-05,adam,5836,74.21947050094604,5.55455092931172e-07,0.0,0.005128782584588888,5.684237921124161e-06,,,,
5836,2.17835113289766e-05,adam,5837,74.23055624961853,5.55445089348919e-07,0.0,0.0050710758302392744,5.626521160451371e-06,,,,
5837,2.1761694370070472e-05,adam,5838,74.24403667449951,5.56135927479677e-07,0.0,0.005280329448168994,5.8364656264508625e-06,,,,
5838,2.1740052034147084e-05,adam,5839,74.25672626495361,5.56771463741703e-07,0.0,0.00569405410943241,6.250825843627171e-06,,,,
5839,2.1718497009715065e-05,adam,5840,74.27148056030273,5.572346388148013e-07,0.0,0.005614943865756084,6.172178771266408e-06,0.00019386859041262304,0.0,0.005067515000564672,0.00019893610565388176
5840,2.1697089323424734e-05,adam,5841,74.2931740283966,5.58067117214161e-07,0.0,0.004721180944783702,5.279248286241925e-06,,,,
5841,2.1675827156286687e-05,adam,5842,74.3056640625,5.579823075659045e-07,0.0,0.005010448937874885,5.568431483424344e-06,,,,
5842,2.1654681404470466e-05,adam,5843,74.31697249412537,5.570228204654628e-07,0.0,0.0054986655474094665,6.055688629047528e-06,,,,
5843,2.163368117180653e-05,adam,5844,74.3285858631134,5.563819084438525e-07,0.0,0.005697206467566851,6.25358864661349e-06,,,,
5844,2.1612830096273683e-05,adam,5845,74.3398048877716,5.560353911089372e-07,0.0,0.005157144419470228,5.7131800555303815e-06,,,,
5845,2.159209361707326e-05,adam,5846,74.34943437576294,5.560757304734544e-07,0.0,0.005078230473597077,5.634306445273536e-06,,,,
5846,2.157150265702512e-05,adam,5847,74.35974073410034,5.563722553910527e-07,0.0,0.004951638763538723,5.508011254119997e-06,,,,
5847,2.155102811229881e-05,adam,5848,74.3710675239563,5.568093287526406e-07,0.0,0.004974747080049139,5.531556645089587e-06,,,,
5848,2.1530702724703588e-05,adam,5849,74.38158941268921,5.570868407594773e-07,0.0,0.004910551852672111,5.467638926670286e-06,,,,
5849,2.1510490114451386e-05,adam,5850,74.39149451255798,5.566618004306333e-07,0.0,0.005041035876349722,5.597697916216712e-06,,,,
5850,2.1490455765160732e-05,adam,5851,74.40217685699463,5.565991458211137e-07,0.0,0.004827997371351232,5.384596746489916e-06,,,,
5851,2.1470506908372045e-05,adam,5852,74.41360020637512,5.566100008604954e-07,0.0,0.0052083670541941155,5.7649773024387714e-06,,,,
5852,2.14507344935555e-05,adam,5853,74.42532086372375,5.563829484168678e-07,0.0,0.005031638005381292,5.588021192788142e-06,,,,
5853,2.143105120921973e-05,adam,5854,74.43654727935791,5.561392121289832e-07,0.0,0.005478245979864099,6.034385452195805e-06,,,,
5854,2.1411538909887895e-05,adam,5855,74.44727277755737,5.563191550223319e-07,0.0,0.00513973345166934,5.6960528508159115e-06,,,,
5855,2.1392146663856693e-05,adam,5856,74.45895028114319,5.56562887975007e-07,0.0,0.0048974838652428646,5.454046985835874e-06,,,,
5856,2.1372870833147317e-05,adam,5857,74.47128057479858,5.562779249928615e-07,0.0,0.004945870047780936,5.50214820769002e-06,,,,
5857,2.1353740521590225e-05,adam,5858,74.48570322990417,5.561426673056785e-07,0.0,0.005344821213352611,5.900964134523675e-06,,,,
5858,2.133475754817482e-05,adam,5859,74.49787282943726,5.56173785975838e-07,0.0,0.00503080932844202,5.586983353368479e-06,,,,
5859,2.131588917109184e-05,adam,5860,74.5085871219635,5.563897924709115e-07,0.0,0.005196931740115208,5.7533217794271316e-06,0.00019369778139919402,0.0,0.005062470839268759,0.00019876025247891725
5860,2.1297168132150546e-05,adam,5861,74.52909088134766,5.568596761401205e-07,0.0,0.004398648266229854,4.955508151294556e-06,,,,
5861,2.1278592612361535e-05,adam,5862,74.5405969619751,5.572390014125608e-07,0.0,0.00537883982704364,5.936079083937384e-06,,,,
5862,2.1260133507894352e-05,adam,5863,74.551034450531,5.571216928586619e-07,0.0,0.004463706234872465,5.0208281397457955e-06,,,,
5863,2.1241821741568856e-05,adam,5864,74.56092596054077,5.565931969322487e-07,0.0,0.004690113660806856,5.24670708050755e-06,,,,
5864,2.1223626390565187e-05,adam,5865,74.57037043571472,5.556165739061696e-07,0.0,0.005317425323662242,5.873042150132562e-06,,,,
5865,2.12055765587138e-05,adam,5866,74.58040714263916,5.548493976100295e-07,0.0,0.005139964646884084,5.694814288629334e-06,,,,
5866,2.1187644961173646e-05,adam,5867,74.59071135520935,5.544578777187493e-07,0.0,0.005315940698271603,5.870398828483986e-06,,,,
5867,2.1169886167626828e-05,adam,5868,74.60090851783752,5.544210106656624e-07,0.0,0.004763757081647214,5.318178318579196e-06,,,,
5868,2.1152218323550187e-05,adam,5869,74.61133313179016,5.543067319354435e-07,0.0,0.004657492670627608,5.211799623782083e-06,,,,
5869,2.1134694179636426e-05,adam,5870,74.62253761291504,5.540195713634462e-07,0.0,0.00467855759976782,5.2325773933508285e-06,,,,
5870,2.111731555487495e-05,adam,5871,74.63363718986511,5.536739517413307e-07,0.0,0.004666086375443574,5.219760548812114e-06,,,,
5871,2.1100055164424703e-05,adam,5872,74.64546966552734,5.535062571992858e-07,0.0,0.004670362262158265,5.223868741187854e-06,,,,
5872,2.1082969396957196e-05,adam,5873,74.65826320648193,5.534595129414697e-07,0.0,0.00528515775974562,5.838617523718613e-06,,,,
5873,2.1065972759970464e-05,adam,5874,74.6705150604248,5.535951815984905e-07,0.0,0.005678618067282874,6.23221351860125e-06,,,,
5874,2.1049118004157208e-05,adam,5875,74.68316197395325,5.542921508471687e-07,0.0,0.005118616835866518,5.6729092298349405e-06,,,,
5875,2.1032412405475043e-05,adam,5876,74.69553351402283,5.541248299772719e-07,0.0,0.005257567933367121,5.8116930130654694e-06,,,,
5876,2.1015823222114705e-05,adam,5877,74.70986270904541,5.537638889352664e-07,0.0,0.006260165427879567,6.813929614156736e-06,,,,
5877,2.099937955790665e-05,adam,5878,74.72060179710388,5.54384658635373e-07,0.0,0.004955395465484736,5.509780359488764e-06,,,,
5878,2.0983085050829686e-05,adam,5879,74.7325189113617,5.543932189940963e-07,0.0,0.005113212890296042,5.667606352154719e-06,,,,
5879,2.0966903321095742e-05,adam,5880,74.74405717849731,5.540672864155658e-07,0.0,0.004750265048881013,5.304332560922062e-06,0.00019368429584926228,0.0,0.005062451264372102,0.00019874674735408793
5880,2.0950868929503486e-05,adam,5881,74.76542901992798,5.542330631010391e-07,0.0,0.005535013695206907,6.08924702120699e-06,,,,
5881,2.0934950953233056e-05,adam,5882,74.7769615650177,5.53917641652599e-07,0.0,0.005564446445553466,6.118364351503089e-06,,,,
5882,2.0919180315104313e-05,adam,5883,74.78963851928711,5.530850797531566e-07,0.0,0.004969397129341077,5.522482445127932e-06,,,,
5883,2.0903524273307994e-05,adam,5884,74.80063986778259,5.527907665256631e-07,0.0,0.00467382264947633,5.2266136379966565e-06,,,,
5884,2.0888017388642766e-05,adam,5885,74.81143736839294,5.528255630083516e-07,0.0,0.0051560522364498184,5.70887804435751e-06,,,,
5885,2.087265602312982e-05,adam,5886,74.82231140136719,5.529896352663523e-07,0.0,0.005191557585675132,5.7445474675272375e-06,,,,
5886,2.08574092539493e-05,adam,5887,74.83405256271362,5.531215687502051e-07,0.0,0.004965749959994335,5.518871764605007e-06,,,,
5887,2.0842309822910465e-05,adam,5888,74.84595394134521,5.534782144734625e-07,0.0,0.0055746715279200165,6.128150007176168e-06,,,,
5888,2.0827326807193458e-05,adam,5889,74.85783553123474,5.540549615829479e-07,0.0,0.004884034614840282,5.438089808402425e-06,,,,
5889,2.0812489310628735e-05,adam,5890,74.86883020401001,5.550183725445393e-07,0.0,0.005241245842468658,5.796264463959016e-06,,,,
5890,2.0797799152205698e-05,adam,5891,74.87893033027649,5.550495478519689e-07,0.0,0.005785705699068973,6.340755521727216e-06,,,,
5891,2.078322540910449e-05,adam,5892,74.88942575454712,5.550620468532165e-07,0.0,0.004752121228024141,5.307183500591004e-06,,,,
5892,2.0768797185155563e-05,adam,5893,74.89965867996216,5.550719524981463e-07,0.0,0.005449695405443015,6.004767616787803e-06,,,,
5893,2.075451448035892e-05,adam,5894,74.91172885894775,5.549224524221213e-07,0.0,0.005348545995932213,5.903468702396637e-06,,,,
5894,2.074035000987351e-05,adam,5895,74.92276525497437,5.543909759830359e-07,0.0,0.005873962181810609,6.428353436791878e-06,,,,
5895,2.0726301954709925e-05,adam,5896,74.93548631668091,5.548886446924709e-07,0.0,0.005755244913303502,6.310133831355437e-06,,,,
5896,2.0712401237688027e-05,adam,5897,74.94670462608337,5.552633051191884e-07,0.0,0.005676207060016071,6.231470634740628e-06,,,,
5897,2.069864422082901e-05,adam,5898,74.95860195159912,5.551039617600654e-07,0.0,0.005652483906931334,6.207588137169978e-06,,,,
5898,2.0685005438281223e-05,adam,5899,74.96996784210205,5.550933326205223e-07,0.0,0.0050047318991095924,5.559825469442125e-06,,,,
5899,2.067151217488572e-05,adam,5900,74.98109030723572,5.546987667703253e-07,0.0,0.004639045879584984,5.193744866698166e-06,0.00019345808718591892,0.0,0.005056155608710689,0.00019851424303478411
5900,2.06581644306425e-05,adam,5901,75.00159764289856,5.537168794973838e-07,0.0,0.005169292110203224,5.723009235228808e-06,,,,
5901,2.0644933101721108e-05,adam,5902,75.01273608207703,5.533259035305269e-07,0.0,0.004770526031113923,5.323852161232278e-06,,,,
5902,2.0631849110941403e-05,adam,5903,75.02461051940918,5.535711698530466e-07,0.0,0.005304571007820011,5.858142429626662e-06,,,,
5903,2.0618881535483524e-05,adam,5904,75.0357255935669,5.538419150922806e-07,0.0,0.004955464066429547,5.509306216893741e-06,,,,
5904,2.0606061298167333e-05,adam,5905,75.04882574081421,5.534663997538645e-07,0.0,0.005259670043484654,5.813136693059441e-06,,,,
5905,2.0593384761014022e-05,adam,5906,75.0603859424591,5.529270881347026e-07,0.0,0.004703099827846649,5.256027139366607e-06,,,,
5906,2.0580824639182538e-05,adam,5907,75.07187724113464,5.528207549244974e-07,0.0,0.005666335895073049,6.21915691913406e-06,,,,
5907,2.0568413674482144e-05,adam,5908,75.08275890350342,5.52903340701974e-07,0.0,0.005033294704935475,5.586198284706119e-06,,,,
5908,2.0556117306114174e-05,adam,5909,75.09295749664307,5.525550660560205e-07,0.0,0.005130430553530043,5.68298586326844e-06,,,,
5909,2.054396827588789e-05,adam,5910,75.10321307182312,5.521455547361512e-07,0.0,0.005850626319890682,6.402772152516672e-06,,,,
5910,2.0531933841994032e-05,adam,5911,75.11465525627136,5.522193162764911e-07,0.0,0.0049191589889896505,5.471378538913656e-06,,,,
5911,2.052004674624186e-05,adam,5912,75.12590336799622,5.520518928905587e-07,0.0,0.005179685272371143,5.73173741128355e-06,,,,
5912,2.0508306988631375e-05,adam,5913,75.13796734809875,5.518162548299757e-07,0.0,0.005113345471662212,5.665161969363065e-06,,,,
5913,2.0496681827353314e-05,adam,5914,75.14860463142395,5.516419406503241e-07,0.0,0.004604195160388305,5.155837319726165e-06,,,,
5914,2.048520400421694e-05,adam,5915,75.15981030464172,5.513266646953936e-07,0.0,0.0052148299795243495,5.766156891910876e-06,,,,
5915,2.047387170023285e-05,adam,5916,75.17137861251831,5.511895549483577e-07,0.0,0.004619866959591818,5.171056733972081e-06,,,,
5916,2.046265763055999e-05,adam,5917,75.1843490600586,5.511777147967638e-07,0.0,0.004623928934937216,5.17510686935882e-06,,,,
5917,2.045155815721955e-05,adam,5918,75.19706726074219,5.513481276856948e-07,0.0,0.00580302149386542,6.354369897179846e-06,,,,
5918,2.0440606022020802e-05,adam,5919,75.20925116539001,5.517785205918368e-07,0.0,0.005048717424368277,5.600496184761324e-06,,,,
5919,2.0429799405974336e-05,adam,5920,75.22159099578857,5.51911489470938e-07,0.0,0.00517528349999537,5.7271952352790836e-06,0.00019349675089273705,0.0,0.00505308499590139,0.0001985498361286471
5920,2.0419140128069557e-05,adam,5921,75.24209022521973,5.516354632321129e-07,0.0,0.004670861293269095,5.2224969783552145e-06,,,,
5921,2.0408595446497202e-05,adam,5922,75.25459265708923,5.513256585383983e-07,0.0,0.005020894149394451,5.572220046412525e-06,,,,
5922,2.0398198103066534e-05,adam,5923,75.26610445976257,5.514271019328481e-07,0.0,0.005389133204098756,5.940560562001696e-06,,,,
5923,2.0387918993947096e-05,adam,5924,75.27763366699219,5.51507527124186e-07,0.0,0.004759098355401753,5.310606108570981e-06,,,,
5924,2.037778358499054e-05,adam,5925,75.28950572013855,5.516092057130711e-07,0.0,0.005381479036500634,5.933088497820243e-06,,,,
5925,2.036776641034521e-05,adam,5926,75.29948163032532,5.518662872505621e-07,0.0,0.005741730495530994,6.293597055499121e-06,,,,
5926,2.0357894754852168e-05,adam,5927,75.30968856811523,5.519426502171215e-07,0.0,0.005155456286382859,5.707399181471015e-06,,,,
5927,2.034816861851141e-05,adam,5928,75.32107090950012,5.514682541257885e-07,0.0,0.005545269146968573,6.096737664480513e-06,,,,
5928,2.033856071648188e-05,adam,5929,75.33395028114319,5.512923217632807e-07,0.0,0.0054627367376091415,6.014029318838494e-06,,,,
5929,2.032909651461523e-05,adam,5930,75.34652972221375,5.512289537912095e-07,0.0,0.004965888802367331,5.5171179920256025e-06,,,,
5930,2.0319752366049215e-05,adam,5931,75.35846590995789,5.513282267533344e-07,0.0,0.005758406068006001,6.309734568268947e-06,,,,
5931,2.0310550098656677e-05,adam,5932,75.37321019172668,5.513177832846568e-07,0.0,0.005070328784717495,5.621646808829847e-06,,,,
5932,2.030149698839523e-05,adam,5933,75.38669872283936,5.512228920372386e-07,0.0,0.005195044095744235,5.746267234532828e-06,,,,
5933,2.0292560293455608e-05,adam,5934,75.39976263046265,5.51376960106496e-07,0.0,0.004750554274863809,5.301931460609526e-06,,,,
5934,2.028376911766827e-05,adam,5935,75.41226863861084,5.5121517095831e-07,0.0,0.005709587704344502,6.260803146493676e-06,,,,
5935,2.027509435720276e-05,adam,5936,75.42440724372864,5.512542146642796e-07,0.0,0.004764799922137162,5.316054363117294e-06,,,,
5936,2.0266565115889534e-05,adam,5937,75.43607139587402,5.511202934737746e-07,0.0,0.005153721154962253,5.704841693224647e-06,,,,
5937,2.0258183212717995e-05,adam,5938,75.44679284095764,5.510299474381874e-07,0.0,0.004737804771029018,5.288834943500858e-06,,,,
5938,2.0249919543857686e-05,adam,5939,75.45883131027222,5.510634977504831e-07,0.0,0.005111548342745671,5.662612083281672e-06,,,,
5939,2.0241799575160258e-05,adam,5940,75.47048282623291,5.514548117257017e-07,0.0,0.00531108961980298,5.862544683791903e-06,0.0001932861196902309,0.0,0.005049280122008737,0.00019833540005206757
5940,2.0233796021784656e-05,adam,5941,75.49206590652466,5.518097754888562e-07,0.0,0.004916563395390728,5.468373404403815e-06,,,,
5941,2.022593980655074e-05,adam,5942,75.50336575508118,5.513837609925757e-07,0.0,0.005228363385036208,5.7797473943627195e-06,,,,
5942,2.0218200006638654e-05,adam,5943,75.51334023475647,5.514411496872523e-07,0.0,0.005171625950800073,5.7230673461263775e-06,,,,
5943,2.021063664869871e-05,adam,5944,75.52307629585266,5.517153436539025e-07,0.0,0.00539688718017892,5.948602780171208e-06,,,,
5944,2.0203158783260733e-05,adam,5945,75.53504681587219,5.518349925551551e-07,0.0,0.005447308646197141,5.999143897485573e-06,,,,
5945,2.01958573597949e-05,adam,5946,75.54609322547913,5.521731515936769e-07,0.0,0.004477858460989684,5.030031825270225e-06,,,,
5946,2.0188674170640297e-05,adam,5947,75.55810594558716,5.52377012145211e-07,0.0,0.005005072192147797,5.557449442021181e-06,,,,
5947,2.0181605577818118e-05,adam,5948,75.56942582130432,5.51840644071974e-07,0.0,0.004695759939504603,5.247600806613206e-06,,,,
5948,2.0174682504148223e-05,adam,5949,75.58083510398865,5.513295784549683e-07,0.0,0.005258623650360073,5.8099534785862614e-06,,,,
5949,2.0167906768620014e-05,adam,5950,75.59234976768494,5.513779079617696e-07,0.0,0.0047187209793697164,5.270099111458706e-06,,,,
5950,2.0161247448413633e-05,adam,5951,75.60376763343811,5.509736425060477e-07,0.0,0.005320696146179826,5.871670041405379e-06,,,,
5951,2.015473546634894e-05,adam,5952,75.6169056892395,5.509453716971924e-07,0.0,0.00540952814566411,5.960473774300103e-06,,,,
5952,2.0148367184447125e-05,adam,5953,75.62806105613708,5.511359686535412e-07,0.0,0.00534017904296711,5.891315265265546e-06,,,,
5953,2.0142118955845945e-05,adam,5954,75.63956809043884,5.509883753460598e-07,0.0,0.004488918678586107,5.039907267144363e-06,,,,
5954,2.0136014427407645e-05,adam,5955,75.65149092674255,5.504508976574536e-07,0.0,0.005077881196333157,5.628332335177026e-06,,,,
5955,2.0130026314291172e-05,adam,5956,75.6628041267395,5.500898126541936e-07,0.0,0.005036964315651139,5.5870543675483e-06,,,,
5956,2.0124185539316386e-05,adam,5957,75.67476034164429,5.500306135253355e-07,0.0,0.005457505789517482,6.007536662260434e-06,,,,
5957,2.0118490283493884e-05,adam,5958,75.6864082813263,5.505000789697429e-07,0.0,0.004824847828390473,5.37534813652819e-06,,,,
5958,2.011291144299321e-05,adam,5959,75.6981041431427,5.514387252211193e-07,0.0,0.004768524993591949,5.3199639453058524e-06,,,,
5959,2.0107450836803764e-05,adam,5960,75.708340883255,5.516414743602158e-07,0.0,0.004798109193762112,5.349750896020285e-06,0.00019317564350777167,0.0,0.0050486917521864235,0.00019822433549975807
5960,2.010216485359706e-05,adam,5961,75.72621417045593,5.515137021552531e-07,0.0,0.004828032869103925,5.379546800578434e-06,,,,
5961,2.009699346672278e-05,adam,5962,75.73699927330017,5.512217816721545e-07,0.0,0.005016686489820637,5.567908509772614e-06,,,,
5962,2.0091942133149132e-05,adam,5963,75.74777388572693,5.509168295124278e-07,0.0,0.00528986784992448,5.840784930692148e-06,,,,
5963,2.0087034499738365e-05,adam,5964,75.75911736488342,5.506840432076336e-07,0.0,0.006105515323283071,6.656199656487121e-06,,,,
5964,2.008227602345869e-05,adam,5965,75.77076864242554,5.507265865851788e-07,0.0,0.004804356569861671,5.355083384641542e-06,,,,
5965,2.0077630324522033e-05,adam,5966,75.78220987319946,5.508307205824958e-07,0.0,0.004934373631767009,5.485204586719676e-06,,,,
5966,2.0073133782716468e-05,adam,5967,75.79391598701477,5.509749096177178e-07,0.0,0.005137178718818922,5.688153872439536e-06,,,,
5967,2.0068780941073783e-05,adam,5968,75.80570673942566,5.510117027043628e-07,0.0,0.005071464771257947,5.622476714843961e-06,,,,
5968,2.0064546333742328e-05,adam,5969,75.81805038452148,5.511274190859164e-07,0.0,0.004506511747022355,5.0576393801560936e-06,,,,
5969,2.006045906455256e-05,adam,5970,75.83013963699341,5.513667090389032e-07,0.0,0.0052437859982577195,5.7951529563630926e-06,,,,
5970,2.0056484572705813e-05,adam,5971,75.84354519844055,5.51297566441017e-07,0.0,0.0049404723187367675,5.491770119837628e-06,,,,
5971,2.0052659237990156e-05,adam,5972,75.85555458068848,5.509492242700689e-07,0.0,0.004578400669769127,5.129350111501559e-06,,,,
5972,2.0048950318596326e-05,adam,5973,75.86729264259338,5.508312359369918e-07,0.0,0.005500796904041253,6.051628401252078e-06,,,,
5973,2.0045416022185236e-05,adam,5974,75.87847805023193,5.506171306770848e-07,0.0,0.0053227469652376465,5.873364348731646e-06,,,,
5974,2.0041969037265517e-05,adam,5975,75.88917136192322,5.503452877740841e-07,0.0,0.0045703239900737845,5.12066949492661e-06,,,,
5975,2.003869849431794e-05,adam,5976,75.89961838722229,5.501262031758815e-07,0.0,0.004669009092116635,5.219135517058548e-06,,,,
5976,2.0035546185681596e-05,adam,5977,75.91092896461487,5.499635340492662e-07,0.0,0.004951627852727074,5.501591621966043e-06,,,,
5977,2.003250665438827e-05,adam,5978,75.92189145088196,5.498599508626975e-07,0.0,0.004985650253438288,5.535510441106666e-06,,,,
5978,2.0029616280226037e-05,adam,5979,75.93270754814148,5.500373619782286e-07,0.0,0.005058472583551514,5.608510185794297e-06,,,,
5979,2.0026871425216086e-05,adam,5980,75.94472360610962,5.502089228655146e-07,0.0,0.005026865606551707,5.577074768180526e-06,0.00019306283865319767,0.0,0.005044562597430071,0.0001981074014902316
5980,2.002424116653856e-05,adam,5981,75.96563911437988,5.499672789895989e-07,0.0,0.004858166709303075,5.40813421904321e-06,,,,
5981,2.0021760064992122e-05,adam,5982,75.97730588912964,5.50266197739533e-07,0.0,0.005003761057188284,5.554027492593715e-06,,,,
5982,2.0019422663608566e-05,adam,5983,75.98817324638367,5.506359656028953e-07,0.0,0.005258051216833369,5.808687432180295e-06,,,,
5983,2.001720349653624e-05,adam,5984,76.00062274932861,5.501807533849855e-07,0.0,0.005221175846116515,5.771356847494046e-06,,,,
5984,2.001510074478574e-05,adam,5985,76.01565504074097,5.493595175262807e-07,0.0,0.005199985850877266,5.749345615389622e-06,,,,
5985,2.0013172616017982e-05,adam,5986,76.02754831314087,5.492057358675127e-07,0.0,0.005045765819909724,5.594971795438253e-06,,,,
5986,2.0011362721561454e-05,adam,5987,76.03940105438232,5.491686614737039e-07,0.0,0.00516794489349503,5.717113800432946e-06,,,,
5987,2.000966742343735e-05,adam,5988,76.05189108848572,5.490418267463124e-07,0.0,0.005675699520159388,6.224741616486962e-06,,,,
5988,2.0008119463454932e-05,adam,5989,76.06345725059509,5.491877804300536e-07,0.0,0.005144592127732215,5.6937801525172835e-06,,,,
5989,2.0006717022624798e-05,adam,5990,76.07506489753723,5.492626942555075e-07,0.0,0.005580063499086933,6.129326458381234e-06,,,,
5990,2.0005432816105895e-05,adam,5991,76.08594131469727,5.493104673646874e-07,0.0,0.004679218864659177,5.228529554274835e-06,,,,
5991,2.0004294128739275e-05,adam,5992,76.09735918045044,5.49248272787517e-07,0.0,0.0050472061553612215,5.596454667878168e-06,,,,
5992,2.000330096052494e-05,adam,5993,76.10796236991882,5.492868456339471e-07,0.0,0.0051020028547642685,5.651289942730348e-06,,,,
5993,2.000242420763243e-05,adam,5994,76.11802554130554,5.490981137866868e-07,0.0,0.004858267932758703,5.4073662773007344e-06,,,,
5994,2.000166568905115e-05,adam,5995,76.12804579734802,5.490893247676405e-07,0.0,0.005234826262404353,5.7839158358129e-06,,,,
5995,2.000107997446321e-05,adam,5996,76.13838815689087,5.492828353958725e-07,0.0,0.005693172091621005,6.242455197428041e-06,,,,
5996,2.0000612494186498e-05,adam,5997,76.14924263954163,5.493926700750892e-07,0.0,0.0050534982951902785,5.602891205293657e-06,,,,
5997,2.0000263248221017e-05,adam,5998,76.1609616279602,5.494190240377062e-07,0.0,0.004574055743921325,5.123474985215021e-06,,,,
5998,2.0000057702418417e-05,adam,5999,76.17243099212646,5.492008264297634e-07,0.0,0.004762326422861375,5.311527475489506e-06,,,,
5999,2.0000001313746907e-05,adam,6000,76.1845076084137,5.491038856433345e-07,0.0,0.005421458303401417,5.970562446550203e-06,0.00019307348203246233,0.0,0.005039970518764116,0.0001981134527906122
6020,0.0,lbfgs,6020,81.7992057800293,,,,5.518028277705812e-06,0.00019149496137331392,0.0,0.005027718530502331,0.00019652268014262007
6040,0.0,lbfgs,6040,86.67572379112244,,,,4.883100231571246e-06,0.00015968369421487177,0.0,0.004488355133738655,0.00016417204956179586
6060,0.0,lbfgs,6060,92.77056431770325,,,,3.947840527347075e-06,0.00012032553523511125,0.0,0.003508634932393444,0.0001238341703341559
6080,0.0,lbfgs,6080,98.47385811805725,,,,3.5159125047277865e-06,0.00010982602630700397,0.0,0.003254280279505972,0.00011308030674107996
6100,0.0,lbfgs,6100,103.30213356018066,,,,3.128157694492282e-06,9.769169126116033e-05,0.0,0.00294546208330746,0.00010063715348436974
6120,0.0,lbfgs,6120,108.02476477622986,,,,2.955103929191796e-06,9.301713606340145e-05,0.0,0.002793872190242913,9.581100838634618e-05
6140,0.0,lbfgs,6140,112.65005087852478,,,,2.7611444966479236e-06,8.698051694950486e-05,0.0,0.0026211825249858665,8.960169959899021e-05
6160,0.0,lbfgs,6160,117.72179532051086,,,,2.5431175200095743e-06,8.034390964653576e-05,0.0,0.0023923044307808555,8.273621419094498e-05
6180,0.0,lbfgs,6180,123.23707890510559,,,,2.4227880908837985e-06,7.658981658315835e-05,0.0,0.002284235009259654,7.887405170091334e-05
6200,0.0,lbfgs,6200,130.54988503456116,,,,2.2360873517562285e-06,6.983043790750082e-05,0.0,0.0020847840221575984,7.191522202868034e-05
6220,0.0,lbfgs,6220,135.36487078666687,,,,2.11777502540832e-06,6.564190252295401e-05,0.0,0.001968191063295567,6.761009367973363e-05
6240,0.0,lbfgs,6240,141.21403813362122,,,,2.0097288983038223e-06,6.287266550436211e-05,0.0,0.0018812027851475642,6.475386837886202e-05
6260,0.0,lbfgs,6260,146.27519869804382,,,,1.909684196034179e-06,5.970253783875422e-05,0.0,0.0018071116835747653,6.150964960816218e-05
6280,0.0,lbfgs,6280,151.87018847465515,,,,1.8430921143216143e-06,5.7108166654043155e-05,0.0,0.001738818491232232,5.884698522786483e-05
6300,0.0,lbfgs,6300,156.5269742012024,,,,1.7399548373578706e-06,5.3915554894293615e-05,0.0,0.0016383335370362092,5.5553888509146494e-05
6320,0.0,lbfgs,6320,161.23118329048157,,,,1.6600506629559738e-06,5.115247216744745e-05,0.0,0.001577435345958717,5.2729907588330326e-05
6340,0.0,lbfgs,6340,166.03924822807312,,,,1.5828577050971177e-06,4.886386512378965e-05,0.0,0.001499646822167048,5.03635120171861e-05
6360,0.0,lbfgs,6360,170.75789713859558,,,,1.520591314980635e-06,4.629943558221282e-05,0.0,0.001437426031893965,4.773686168238086e-05
6380,0.0,lbfgs,6380,177.19792699813843,,,,1.4685957447222161e-06,4.547899304611525e-05,0.0,0.0013915452129378268,4.6870538325147924e-05
6400,0.0,lbfgs,6400,182.5316812992096,,,,1.4057524257006723e-06,4.3863106957079556e-05,0.0,0.0013357328558025303,4.5198839876325994e-05
6420,0.0,lbfgs,6420,188.49802780151367,,,,1.3504603777550335e-06,4.2068213606637665e-05,0.0,0.0012701769753304198,4.333839064229825e-05
6440,0.0,lbfgs,6440,193.76169228553772,,,,1.2951590452841144e-06,4.023455299095786e-05,0.0,0.001211742721436885,4.144629576994944e-05
6460,0.0,lbfgs,6460,198.90494513511658,,,,1.2375920808857422e-06,3.8451135947569176e-05,0.0,0.001158907220461007,3.961004322307532e-05
6480,0.0,lbfgs,6480,203.93074703216553,,,,1.2007027744190606e-06,3.719779571868826e-05,0.0,0.0011231535231589441,3.8320949295194135e-05
6500,0.0,lbfgs,6500,210.0046727657318,,,,1.157148267974653e-06,3.5812595292089e-05,0.0,0.0010821242107461031,3.6894719554233244e-05
6520,0.0,lbfgs,6520,215.50089287757874,,,,1.102525773412854e-06,3.367556145849794e-05,0.0,0.0010141602595241416,3.468972176619211e-05
6540,0.0,lbfgs,6540,220.56586503982544,,,,1.0689523113558523e-06,3.250544415632357e-05,0.0,0.0009818782197248523,3.3487322422685135e-05
6560,0.0,lbfgs,6560,224.9698669910431,,,,1.0209241428496693e-06,3.049507417106541e-05,0.0,0.0009362973189334625,3.1431371534470606e-05
6580,0.0,lbfgs,6580,230.13184905052185,,,,9.810931358540174e-07,2.9282232392751295e-05,0.0,0.0009001702760587917,3.018240271156588e-05
6600,0.0,lbfgs,6600,236.5258913040161,,,,9.495596153460754e-07,2.773282509530795e-05,0.0,0.0008741283941153955,2.8606953530942214e-05
6620,0.0,lbfgs,6620,242.36427640914917,,,,9.181270433655493e-07,2.6621784620040185e-05,0.0,0.0008509441179000934,2.7472728778357954e-05
6640,0.0,lbfgs,6640,247.86839842796326,,,,8.935984476231045e-07,2.5568860530176935e-05,0.0,0.0008248836331567857,2.6393744202513592e-05
6660,0.0,lbfgs,6660,253.39898037910461,,,,8.653853356516824e-07,2.4275584186610355e-05,0.0,0.0007939136006250726,2.50694978249443e-05
6680,0.0,lbfgs,6680,258.13323044776917,,,,8.348014145918961e-07,2.3026869948397797e-05,0.0,0.0007661072102661136,2.379297719505205e-05
6700,0.0,lbfgs,6700,263.1108479499817,,,,8.133826918520913e-07,2.1967814224502842e-05,0.0,0.0007440382207382769,2.2711852480581036e-05
6720,0.0,lbfgs,6720,268.1618881225586,,,,7.820346942605488e-07,2.1487137023894048e-05,0.0,0.0007245894865447,2.2211726544854903e-05
6740,0.0,lbfgs,6740,273.87805128097534,,,,7.59117399741864e-07,2.089416124145171e-05,0.0,0.0007058839206568118,2.1600045195636208e-05
6760,0.0,lbfgs,6760,278.38607597351074,,,,7.387352364852628e-07,2.0319939515425462e-05,0.0,0.0006900655465757006,2.101000509477752e-05
6780,0.0,lbfgs,6780,282.3616421222687,,,,7.175865207913884e-07,1.95100000441183e-05,0.0,0.0006689908748190334,2.0178990950712694e-05
6800,0.0,lbfgs,6800,285.65943789482117,,,,6.986678233014417e-07,1.8963220904881333e-05,0.0,0.0006538399390236723,1.9617060874960738e-05
6820,0.0,lbfgs,6820,289.0651476383209,,,,6.844417074243683e-07,1.8781830842626406e-05,0.0,0.0006418837806567754,1.9423714653771027e-05
6840,0.0,lbfgs,6840,292.88327383995056,,,,6.64132053608851e-07,1.833128482157962e-05,0.0,0.000625792172621137,1.895707702392429e-05
6860,0.0,lbfgs,6860,297.76167464256287,,,,6.4461507363244e-07,1.7581939245884132e-05,0.0,0.00060688043823659,1.8188819712945995e-05
6880,0.0,lbfgs,6880,301.8558511734009,,,,6.30193183393733e-07,1.692175968522972e-05,0.0,0.0005930571164158146,1.751481682981424e-05
6900,0.0,lbfgs,6900,305.7219545841217,,,,6.070767021973415e-07,1.649812285566094e-05,0.0,0.0005686961350379493,1.7066819017710506e-05
6920,0.0,lbfgs,6920,309.9302644729614,,,,5.880361606903225e-07,1.6003430136025406e-05,0.0,0.0005538942010740743,1.655732436340804e-05
6940,0.0,lbfgs,6940,313.89934182167053,,,,5.672709397267607e-07,1.538249418069961e-05,0.0,0.0005355526222199032,1.59180468283569e-05
6960,0.0,lbfgs,6960,318.2053761482239,,,,5.53225894348035e-07,1.4970172176002484e-05,0.0,0.0005219198248642972,1.5492092025656643e-05
6980,0.0,lbfgs,6980,322.29115772247314,,,,5.426126455404274e-07,1.472456459323088e-05,0.0,0.0005128953571872829,1.5237459974779384e-05
7000,0.0,lbfgs,7000,326.61686062812805,,,,5.291945701720036e-07,1.4313747651414949e-05,0.0,0.0004989877845714073,1.4812735459687003e-05
7020,0.0,lbfgs,7020,330.5329728126526,,,,5.148299997120608e-07,1.3864867160331231e-05,0.0,0.00048068783909083266,1.4345555022253511e-05
7040,0.0,lbfgs,7040,334.6752369403839,,,,5.010312271565385e-07,1.3311564653094008e-05,0.0,0.0004670744740171684,1.3778639149296024e-05
7060,0.0,lbfgs,7060,338.9350564479828,,,,4.876084068103177e-07,1.2738455291645836e-05,0.0,0.0004554519783443725,1.3193907291623017e-05
7080,0.0,lbfgs,7080,343.483763217926,,,,4.74955380135455e-07,1.2339420885887125e-05,0.0,0.0004414751128743623,1.278089601973043e-05
7100,0.0,lbfgs,7100,347.59177446365356,,,,4.60714478100388e-07,1.1984796938984775e-05,0.0,0.00042735386320367927,1.2412150822486674e-05
7120,0.0,lbfgs,7120,351.2622129917145,,,,4.486460531662419e-07,1.1599719139583378e-05,0.0,0.0004150986627413872,1.2014817822040893e-05
7140,0.0,lbfgs,7140,354.98715829849243,,,,4.38628776194343e-07,1.1202063783662267e-05,0.0,0.0004056552735130751,1.1607719076442934e-05
7160,0.0,lbfgs,7160,358.940776348114,,,,4.272384980916334e-07,1.0868652718077431e-05,0.0,0.0003937713605264044,1.1262424097306972e-05
7180,0.0,lbfgs,7180,363.20908212661743,,,,4.2063655396404745e-07,1.063042815021566e-05,0.0,0.0003862637058178691,1.101669187438007e-05
7200,0.0,lbfgs,7200,367.4182870388031,,,,4.0904036624296057e-07,1.0454900380855568e-05,0.0,0.00037829839072752765,1.0833198789551305e-05
7220,0.0,lbfgs,7220,371.3692936897278,,,,3.972045376988076e-07,1.0194763568866834e-05,0.0,0.0003678793378082028,1.0562642924148368e-05
7240,0.0,lbfgs,7240,375.1465153694153,,,,3.8856446415319673e-07,9.94226660511323e-06,0.0,0.0003608388844843531,1.030310550673651e-05
7260,0.0,lbfgs,7260,378.8687655925751,,,,3.775794022101463e-07,9.698241763403077e-06,0.0,0.0003504534516076341,1.0048695231656358e-05
7280,0.0,lbfgs,7280,382.79877042770386,,,,3.676438870932237e-07,9.275346772786864e-06,0.0,0.00034111661301416886,9.616463402003203e-06
7300,0.0,lbfgs,7300,387.01948857307434,,,,3.597699561047018e-07,9.160974369736945e-06,0.0,0.0003339858092123201,9.49496019481274e-06
7320,0.0,lbfgs,7320,391.25540924072266,,,,3.5184037591115074e-07,8.968004650317311e-06,0.0,0.00032799283936544384,9.29599750526158e-06
7340,0.0,lbfgs,7340,395.237664937973,,,,3.4581415217030706e-07,8.83760331458999e-06,0.0,0.00032259036241462325,9.160193692326833e-06
7360,0.0,lbfgs,7360,399.33644700050354,,,,3.405871947298941e-07,8.732571825139493e-06,0.0,0.00031694220165364096,9.04951404184708e-06
7380,0.0,lbfgs,7380,403.2137794494629,,,,3.3433978157418597e-07,8.540038965005333e-06,0.0,0.0003109309008294271,8.850969880603186e-06
7400,0.0,lbfgs,7400,407.2845125198364,,,,3.2619704674320553e-07,8.44865454458165e-06,0.0,0.00030554145046246615,8.754196009556555e-06
7420,0.0,lbfgs,7420,411.9529776573181,,,,3.1934260513397163e-07,8.256582409857651e-06,0.0,0.0002989190158157515,8.555501439871295e-06
7440,0.0,lbfgs,7440,416.1924693584442,,,,3.119681992220973e-07,8.14687162472404e-06,0.0,0.00029313009330760807,8.44000173195458e-06
7460,0.0,lbfgs,7460,420.1982707977295,,,,3.046839547032862e-07,7.945059899954098e-06,0.0,0.00028657138830923926,8.231631301874747e-06
7480,0.0,lbfgs,7480,424.3703601360321,,,,2.9841596593544314e-07,7.654810304218641e-06,0.0,0.0002802972667565552,7.935107584288603e-06
7500,0.0,lbfgs,7500,428.3100769519806,,,,2.9241090828936723e-07,7.485258967972145e-06,0.0,0.00027501722205474825,7.76027620308951e-06
7520,0.0,lbfgs,7520,432.7503821849823,,,,2.854450189777841e-07,7.3434061760434835e-06,0.0,0.00027023023522088497,7.6136364240996156e-06
7540,0.0,lbfgs,7540,436.79949593544006,,,,2.7906900472652553e-07,7.162971289297819e-06,0.0,0.0002644952492765573,7.427466551137226e-06
7560,0.0,lbfgs,7560,440.844313621521,,,,2.7268260035015446e-07,6.8718854269304704e-06,0.0,0.0002572035838960325,7.129089023043018e-06
7580,0.0,lbfgs,7580,444.4667720794678,,,,2.6662239467168007e-07,6.746219193987341e-06,0.0,0.0002518112623622617,6.998030468309996e-06
7600,0.0,lbfgs,7600,448.63589310646057,,,,2.599290489280135e-07,6.630423977032278e-06,0.0,0.00024570853204622053,6.876132520749027e-06
7620,0.0,lbfgs,7620,452.4740960597992,,,,2.5594317102503206e-07,6.522462796408732e-06,0.0,0.00024220309942135429,6.764665907334116e-06
7640,0.0,lbfgs,7640,456.9605026245117,,,,2.5063447754568256e-07,6.3532410868443036e-06,0.0,0.00023687256899447733,6.590113667089624e-06
7660,0.0,lbfgs,7660,461.49073576927185,,,,2.459813251143397e-07,6.2826634311689975e-06,0.0,0.0002341612804234132,6.5168247227144745e-06
7680,0.0,lbfgs,7680,465.25422525405884,,,,2.4182599255438625e-07,6.213118780028008e-06,0.0,0.0002306068911667143,6.443725682147962e-06
7700,0.0,lbfgs,7700,469.29691433906555,,,,2.3655119234979225e-07,6.010835225880098e-06,0.0,0.00022584606045523758,6.236681297062448e-06
7720,0.0,lbfgs,7720,473.61502408981323,,,,2.301914159855997e-07,5.75925473215033e-06,0.0,0.0002202532561135378,5.979507998725337e-06
7740,0.0,lbfgs,7740,478.2968587875366,,,,2.2632907122488702e-07,5.765553985556927e-06,0.0,0.00021666464056520012,5.982218636413146e-06
7760,0.0,lbfgs,7760,482.4660975933075,,,,2.2301335690231385e-07,5.680696982288109e-06,0.0,0.0002139081616431401,5.894605154091342e-06
7780,0.0,lbfgs,7780,486.651330947876,,,,2.1891828676213497e-07,5.545277054486398e-06,0.0,0.00021072939022328586,5.7560064547187925e-06
7800,0.0,lbfgs,7800,490.7831678390503,,,,2.1513746009170913e-07,5.419961343347108e-06,0.0,0.0002078858851751585,5.627847238396316e-06
7820,0.0,lbfgs,7820,494.70591735839844,,,,2.1321026906484584e-07,5.3810586746404245e-06,0.0,0.00020661916433987554,5.587677848794184e-06
7840,0.0,lbfgs,7840,498.9157884120941,,,,2.1064077578819075e-07,5.232226403505411e-06,0.0,0.00020358921499062936,5.435815628166009e-06
7860,0.0,lbfgs,7860,503.2178626060486,,,,2.0681037782449422e-07,5.0888344223549255e-06,0.0,0.00019987816066855408,5.288712592517183e-06
7880,0.0,lbfgs,7880,507.4289655685425,,,,2.0381987712018996e-07,4.9902612204363344e-06,0.0,0.0001964986824771194,5.18675991224664e-06
7900,0.0,lbfgs,7900,511.1261167526245,,,,2.0007271238000652e-07,4.857921888348648e-06,0.0,0.00019250663396872537,5.050428531460948e-06
7920,0.0,lbfgs,7920,514.7366962432861,,,,1.9623160651635394e-07,4.754388121686387e-06,0.0,0.0001890331491834141,4.943421279848394e-06
7940,0.0,lbfgs,7940,518.4950330257416,,,,1.9324340156891344e-07,4.6842699717572295e-06,0.0,0.00018652668141998314,4.8707966620367544e-06
7960,0.0,lbfgs,7960,522.8853893280029,,,,1.8958047674290392e-07,4.562131848453504e-06,0.0,0.000183276250060827,4.745408107219486e-06
7980,0.0,lbfgs,7980,528.282942533493,,,,1.8608257959708625e-07,4.440654939602268e-06,0.0,0.00017956732003243374,4.620222268163692e-06
8000,0.0,lbfgs,8000,532.7658276557922,,,,1.827472377878015e-07,4.415359360573198e-06,0.0,0.00017691448509917708,4.5922738540753625e-06
