epoch,lr,stage,step,time,train_data,train_ic,train_phys,train_total,val_data,val_ic,val_phys,val_total
0,0.001,adam,20,49.30029010772705,0.015816551240708007,0.0,2.267100771373615,0.015816551240708007,0.00911132817480814,0.0,1.8987916948944195,0.00911132817480814
1,0.001,adam,40,51.04882216453552,0.008409845599983892,0.0,1.9355712038223163,0.008409845599983892,0.0073651632167527825,0.0,1.8045234016649854,0.0073651632167527825
2,0.001,adam,60,51.78570628166199,0.007236534904063395,0.0,1.6294947687997823,0.007236534904063395,0.006557012308834577,0.0,1.4799645871597928,0.006557012308834577
3,0.001,adam,80,52.510616302490234,0.006463832794233558,0.0,1.3976662218258715,0.006463832794233558,0.005977762550393395,0.0,1.2873549642662816,0.005977762550393395
4,0.001,adam,100,53.23913502693176,0.005768341673680332,0.0,1.3097954956123854,0.005768341673680332,0.005284075117068189,0.0,1.279976265850777,0.005284075117068189
5,0.001,adam,120,53.96108818054199,0.004959710542280371,0.0,1.2836560344057906,0.004959710542280371,0.004454441004175332,0.0,1.2510360209374234,0.004454441004175332
6,0.001,adam,140,54.638948917388916,0.004211431602394957,0.0,1.2614511064728446,0.004211431602394957,0.003916701677569274,0.0,1.23159986987513,0.003916701677569274
7,0.001,adam,160,55.27082347869873,0.003669001443265057,0.0,1.271250169785846,0.003669001443265057,0.0033984553607661035,0.0,1.2499174291854354,0.0033984553607661035
8,0.001,adam,180,55.94537401199341,0.0032699108024612546,0.0,1.2542124781962163,0.0032699108024612546,0.0032654674256907563,0.0,1.242618985546112,0.0032654674256907563
9,0.001,adam,200,56.61156105995178,0.0029787785921348412,0.0,1.2992695537278427,0.0029787785921348412,0.003020197797008514,0.0,1.2581535390429754,0.003020197797008514
10,0.001,adam,220,57.330405473709106,0.0027715221532927667,0.0,1.248538220911591,0.0027715221532927667,0.0025892021757341725,0.0,1.2392587088680938,0.0025892021757341725
11,0.001,adam,240,58.07225584983826,0.0024865345298889577,0.0,1.2466022853130228,0.0024865345298889577,0.0023547635373008693,0.0,1.2163283024606089,0.0023547635373008693
12,0.001,adam,260,58.752933740615845,0.0023507846847079976,0.0,1.2356215010582283,0.0023507846847079976,0.0022312410199590914,0.0,1.1930525549316786,0.0022312410199590914
13,0.001,adam,280,59.42880868911743,0.002181360902377842,0.0,1.2081713957162659,0.002181360902377842,0.0019697112654062958,0.0,1.1788755524800076,0.0019697112654062958
14,0.001,adam,300,60.15443992614746,0.0021112441972208373,0.0,1.173475138081982,0.0021112441972208373,0.0018845564161737497,0.0,1.1752133099167241,0.0018845564161737497
15,0.001,adam,320,60.877278327941895,0.001963428970076473,0.0,1.1834836163840594,0.001963428970076473,0.0019724596950453453,0.0,1.1988818934484622,0.0019724596950453453
16,0.001,adam,340,61.535725355148315,0.0018732874018695736,0.0,1.2072426517930865,0.0018732874018695736,0.0017358929869498595,0.0,1.1602510306657292,0.0017358929869498595
17,0.001,adam,360,62.27498936653137,0.0016719704539017502,0.0,1.1965257497140969,0.0016719704539017502,0.0015614896769242154,0.0,1.1460960376757021,0.0015614896769242154
18,0.001,adam,380,62.99033522605896,0.001603372965908334,0.0,1.1174253158530694,0.001603372965908334,0.0014983903221318772,0.0,1.1252595770779046,0.0014983903221318772
19,0.001,adam,400,63.69089722633362,0.0015008835620104488,0.0,1.1402776982963223,0.0015008835620104488,0.0013910120951236443,0.0,1.1190044326318236,0.0013910120951236443
20,0.001,adam,420,64.41127228736877,0.001459612867938473,0.0,1.1401924747570937,0.001459612867938473,0.001330255788820642,0.0,1.0942305110999169,0.001330255788820642
21,0.001,adam,440,65.12577152252197,0.001413052625795671,0.0,1.1097589508142762,0.001413052625795671,0.0013644283563239515,0.0,1.0840505693179534,0.0013644283563239515
22,0.001,adam,460,65.8795051574707,0.001342576727988095,0.0,1.1062666032326252,0.001342576727988095,0.001202122876093718,0.0,1.0749466657996134,0.001202122876093718
23,0.001,adam,480,66.60570168495178,0.0012452516924957159,0.0,1.097373059993449,0.0012452516924957159,0.001163817461741928,0.0,1.0778245331711274,0.001163817461741928
24,0.001,adam,500,67.43506097793579,0.0011745082144487599,0.0,1.0563497936227948,0.0011745082144487599,0.0010833025097056026,0.0,1.0605438409642303,0.0010833025097056026
25,0.001,adam,520,68.1941282749176,0.0011227424872016223,0.0,1.0772054736641286,0.0011227424872016223,0.0011311134336567154,0.0,1.0445735542200276,0.0011311134336567154
26,0.001,adam,540,68.88379120826721,0.0010759424540448242,0.0,1.050106752364902,0.0010759424540448242,0.0010032077258043935,0.0,1.036678189504615,0.0010032077258043935
27,0.001,adam,560,69.66739249229431,0.001065586697713107,0.0,1.0561886405939365,0.001065586697713107,0.0011004265550971705,0.0,1.0260517276708887,0.0011004265550971705
28,0.001,adam,580,70.32013082504272,0.0010072467166481855,0.0,1.0530829723583668,0.0010072467166481855,0.0010608649714400292,0.0,1.0091879903143062,0.0010608649714400292
29,0.001,adam,600,71.02180743217468,0.0009942341586948252,0.0,1.034671968137285,0.0009942341586948252,0.0008850561498858495,0.0,1.0066448565219148,0.0008850561498858495
30,0.001,adam,620,71.72267270088196,0.0009537249341358656,0.0,1.0137807784756077,0.0009537249341358656,0.0009286317557090246,0.0,1.0010569092951518,0.0009286317557090246
31,0.001,adam,640,72.42525243759155,0.000939725525457214,0.0,1.011682402637157,0.000939725525457214,0.0008658660366947623,0.0,0.9816356909985167,0.0008658660366947623
32,0.001,adam,660,73.16736459732056,0.0008570563383028742,0.0,1.0076634568792873,0.0008570563383028742,0.0007984098708225133,0.0,0.9661989472801117,0.0007984098708225133
33,0.001,adam,680,73.88146567344666,0.0008177678654127188,0.0,0.9824960559404451,0.0008177678654127188,0.0007993806779725661,0.0,0.9503066641007457,0.0007993806779725661
34,0.001,adam,700,74.52065777778625,0.000826896855540374,0.0,0.9641026620122878,0.000826896855540374,0.0008268140488733515,0.0,0.9570550024929766,0.0008268140488733515
35,0.001,adam,720,75.24549412727356,0.0008488117327571666,0.0,0.9668626722662985,0.0008488117327571666,0.0008547911123369323,0.0,0.9384578161970909,0.0008547911123369323
36,0.001,adam,740,75.97818636894226,0.000763505403885754,0.0,0.9635989342055951,0.000763505403885754,0.0007111893603308394,0.0,0.9283712306856887,0.0007111893603308394
37,0.001,adam,760,76.76899766921997,0.0007377087343364093,0.0,1.0814493625716983,0.0007377087343364093,0.0007091324749177048,0.0,0.9067380028997635,0.0007091324749177048
38,0.001,adam,780,77.46476602554321,0.0007112973758851234,0.0,1.0333602076942519,0.0007112973758851234,0.0006516649078156956,0.0,0.9098242968459587,0.0006516649078156956
39,0.001,adam,800,78.22876858711243,0.0006598867480351884,0.0,1.0562075074785908,0.0006598867480351884,0.0006812819271301059,0.0,0.9005450067360266,0.0006812819271301059
40,0.001,adam,820,78.92664051055908,0.0006525462653160683,0.0,0.920954637818442,0.0006525462653160683,0.0006255154097783794,0.0,0.8994245675046509,0.0006255154097783794
41,0.001,adam,840,79.76322031021118,0.0006358907210266455,0.0,0.9306531486152105,0.0006358907210266455,0.0006366253106703856,0.0,0.8831771398655658,0.0006366253106703856
42,0.001,adam,860,80.47330594062805,0.0006233156203315841,0.0,0.9157311580563754,0.0006233156203315841,0.0005728417814590218,0.0,0.878951542781762,0.0005728417814590218
43,0.001,adam,880,81.1696310043335,0.0005978323008289487,0.0,0.8890998566869014,0.0005978323008289487,0.0005975855564703743,0.0,0.8780041166985387,0.0005975855564703743
44,0.001,adam,900,81.89794969558716,0.0005906954889281206,0.0,0.8809056311813721,0.0005906954889281206,0.0006504072296548005,0.0,0.8784486627516195,0.0006504072296548005
45,0.001,adam,920,82.58287239074707,0.0005720386784803285,0.0,0.8930046449258999,0.0005720386784803285,0.0005877047364873423,0.0,0.8528599165239827,0.0005877047364873423
46,0.001,adam,940,83.29915070533752,0.0005390916357095601,0.0,0.8848145550038563,0.0005390916357095601,0.0005158427475127707,0.0,0.8401691774395553,0.0005158427475127707
47,0.001,adam,960,83.97604131698608,0.0005237722681708376,0.0,0.856578985641981,0.0005237722681708376,0.0005153936897368581,0.0,0.8379997784963622,0.0005153936897368581
48,0.001,adam,980,84.7275037765503,0.0005137538279691406,0.0,0.8589666660499116,0.0005137538279691406,0.0005460496303521948,0.0,0.8336361789067265,0.0005460496303521948
49,0.001,adam,1000,85.45713472366333,0.0005383890285239328,0.0,0.856442863824436,0.0005383890285239328,0.000479893192215482,0.0,0.8235486429547962,0.000479893192215482
50,0.001,adam,1020,86.16070532798767,0.0005187381032965253,0.0,0.8409159729641287,0.0005187381032965253,0.000493925603001032,0.0,0.8306672791429268,0.000493925603001032
51,0.001,adam,1040,86.9126923084259,0.00047039156061341763,0.0,0.8230356252131035,0.00047039156061341763,0.00047884965836663123,0.0,0.81518277963464,0.00047884965836663123
52,0.001,adam,1060,87.65399360656738,0.0004741469163712417,0.0,0.8201518742136873,0.0004741469163712417,0.00045542701208967833,0.0,0.8129264739160169,0.00045542701208967833
53,0.001,adam,1080,88.43322706222534,0.0004539347727301516,0.0,0.8391426037623869,0.0004539347727301516,0.00043147070076289155,0.0,0.8014836375635855,0.00043147070076289155
54,0.001,adam,1100,89.1800549030304,0.0004501881551209912,0.0,0.7997604985916027,0.0004501881551209912,0.0005208682440426466,0.0,0.7967614306106855,0.0005208682440426466
55,0.001,adam,1120,89.93371820449829,0.0004553739855028069,0.0,0.9546974111557434,0.0004553739855028069,0.0004695436895234556,0.0,0.7816585107597237,0.0004695436895234556
56,0.001,adam,1140,90.6261556148529,0.000478480423367029,0.0,0.7991141264514938,0.000478480423367029,0.0004617274570088766,0.0,0.7816379810274395,0.0004617274570088766
57,0.001,adam,1160,91.31358695030212,0.0004598644576683782,0.0,0.7978030893123637,0.0004598644576683782,0.00045076345935427626,0.0,0.7842203362128183,0.00045076345935427626
58,0.001,adam,1180,91.96521353721619,0.0004421001428040778,0.0,0.8243885603969272,0.0004421001428040778,0.00048820821964596907,0.0,0.7702384912917465,0.00048820821964596907
59,0.001,adam,1200,92.61122465133667,0.00044454159005588177,0.0,0.8024337148554148,0.00044454159005588177,0.0004711687498289585,0.0,0.7506796341794816,0.0004711687498289585
60,0.001,adam,1220,93.35888981819153,0.0004923493735393642,0.0,0.7571387670807601,0.0004923493735393642,0.0005062461436291041,0.0,0.7661260523931992,0.0005062461436291041
61,0.001,adam,1240,94.05965805053711,0.0004315986803537839,0.0,0.7868872292337761,0.0004315986803537839,0.0004215572349878753,0.0,0.7611113091176367,0.0004215572349878753
62,0.001,adam,1260,94.80758333206177,0.00038306810489902596,0.0,0.7700976964931933,0.00038306810489902596,0.0004013776739738687,0.0,0.7556766701305243,0.0004013776739738687
63,0.001,adam,1280,95.55919814109802,0.00037802223228743727,0.0,0.7788849334501334,0.00037802223228743727,0.0003830449904872399,0.0,0.7570544489672079,0.0003830449904872399
64,0.001,adam,1300,96.35978150367737,0.0003928408323199416,0.0,0.7594384815428936,0.0003928408323199416,0.00037397264787380406,0.0,0.7565798979200916,0.00037397264787380406
65,0.001,adam,1320,97.12863302230835,0.00036643747094089544,0.0,0.7693662001361368,0.00036643747094089544,0.0003645606630926219,0.0,0.7514835370410112,0.0003645606630926219
66,0.001,adam,1340,97.88642430305481,0.00036827029230445524,0.0,0.7676376929104642,0.00036827029230445524,0.0004111378796817061,0.0,0.7595283916498203,0.0004111378796817061
67,0.001,adam,1360,98.6735429763794,0.0003779626848057165,0.0,0.7618657003745949,0.0003779626848057165,0.0004642956738567756,0.0,0.7499153340039393,0.0004642956738567756
68,0.001,adam,1380,99.36741423606873,0.0003682639172884343,0.0,0.7472173184288334,0.0003682639172884343,0.00038805857684232894,0.0,0.7394591994642602,0.00038805857684232894
69,0.001,adam,1400,100.04430317878723,0.0003496759407624366,0.0,0.7610812038334653,0.0003496759407624366,0.00038493356272517045,0.0,0.728770911842085,0.00038493356272517045
70,0.001,adam,1420,100.85631704330444,0.0003446715526958352,0.0,0.7666172350387334,0.0003446715526958352,0.000407450228508125,0.0,0.7345146395155207,0.000407450228508125
71,0.001,adam,1440,101.59536957740784,0.0003520199145577147,0.0,0.7483238278990101,0.0003520199145577147,0.00033605072084941234,0.0,0.7334303881809469,0.00033605072084941234
72,0.001,adam,1460,102.36089396476746,0.0003202674658006741,0.0,0.7709486681280117,0.0003202674658006741,0.0003787852539715805,0.0,0.7329609624369393,0.0003787852539715805
73,0.001,adam,1480,103.11626315116882,0.0003350617375465258,0.0,0.7455054344492222,0.0003350617375465258,0.0003265247977186131,0.0,0.7221007616032245,0.0003265247977186131
74,0.001,adam,1500,103.82486081123352,0.00033997491298720146,0.0,0.7530446402452535,0.00033997491298720146,0.000350472219670927,0.0,0.7254688193889826,0.000350472219670927
75,0.001,adam,1520,104.55152750015259,0.0003224375547624481,0.0,0.7194040095787453,0.0003224375547624481,0.0003915392575101856,0.0,0.7190634176545257,0.0003915392575101856
76,0.001,adam,1540,105.23470997810364,0.0003220331273127863,0.0,0.7235925028100715,0.0003220331273127863,0.0003489708961129323,0.0,0.7247687428683872,0.0003489708961129323
77,0.001,adam,1560,105.9083833694458,0.0003444298786161063,0.0,0.7381447136289638,0.0003444298786161063,0.00036888576717474485,0.0,0.7257605028562093,0.00036888576717474485
78,0.001,adam,1580,106.62418746948242,0.0003197265634386637,0.0,0.7348132557280359,0.0003197265634386637,0.0003435117372004676,0.0,0.7109698381368724,0.0003435117372004676
79,0.001,adam,1600,107.34297776222229,0.0003542012333787455,0.0,0.7299708962484698,0.0003542012333787455,0.00033520428145006245,0.0,0.7059341266533575,0.00033520428145006245
80,0.001,adam,1620,108.0550925731659,0.00032099991225797465,0.0,0.8202609680700809,0.00032099991225797465,0.0003484161869295516,0.0,0.7129126871932051,0.0003484161869295516
81,0.001,adam,1640,108.73852133750916,0.00035169337166411076,0.0,0.6943457259583388,0.00035169337166411076,0.0004327488835293561,0.0,0.7053169279857242,0.0004327488835293561
82,0.001,adam,1660,109.41416716575623,0.0003006092943460464,0.0,0.7431502702215338,0.0003006092943460464,0.00029630781285009235,0.0,0.7051506878400688,0.00029630781285009235
83,0.001,adam,1680,110.13380265235901,0.0002870120852960257,0.0,0.7143602798011888,0.0002870120852960257,0.00031244920202340404,0.0,0.7187233346405184,0.00031244920202340404
84,0.001,adam,1700,110.87166953086853,0.00027532807359110904,0.0,0.7258448362110334,0.00027532807359110904,0.00028886595962733963,0.0,0.7032250730393873,0.00028886595962733963
85,0.001,adam,1720,111.6172091960907,0.000278511771275914,0.0,0.7071273513912046,0.000278511771275914,0.00032553954804890304,0.0,0.6997396981625494,0.00032553954804890304
86,0.001,adam,1740,112.31122732162476,0.0003188155576714733,0.0,0.7390066873458891,0.0003188155576714733,0.00030187448971319213,0.0,0.6988533040488067,0.00030187448971319213
87,0.001,adam,1760,112.99754786491394,0.0002822582427008615,0.0,0.7170752538110234,0.0002822582427008615,0.0003157171550312106,0.0,0.705696160150368,0.0003157171550312106
88,0.001,adam,1780,113.8751814365387,0.00027071864600432553,0.0,0.7213970878696323,0.00027071864600432553,0.0002904564923899826,0.0,0.7027781764674643,0.0002904564923899826
89,0.001,adam,1800,114.64761805534363,0.00026408482136994264,0.0,0.7241598825152398,0.00026408482136994264,0.0002801665204080874,0.0,0.69371327456173,0.0002801665204080874
90,0.001,adam,1820,115.38566851615906,0.0002609460508545326,0.0,0.7131484971475428,0.0002609460508545326,0.0002744417610365705,0.0,0.6946877030216805,0.0002744417610365705
91,0.001,adam,1840,116.12418532371521,0.00026043004953315104,0.0,0.6935196990425535,0.00026043004953315104,0.0003050089546027454,0.0,0.6993140094784168,0.0003050089546027454
92,0.001,adam,1860,116.85808658599854,0.000260305102909359,0.0,0.7122792844903958,0.000260305102909359,0.0002597270419709891,0.0,0.685803711305677,0.0002597270419709891
93,0.001,adam,1880,117.6020405292511,0.0002472536398359829,0.0,0.7120456228531619,0.0002472536398359829,0.0002769155941297352,0.0,0.6908910719246157,0.0002769155941297352
94,0.001,adam,1900,118.26845836639404,0.0002702415583165193,0.0,0.7072823270255653,0.0002702415583165193,0.0003446661882919848,0.0,0.6987081447058022,0.0003446661882919848
95,0.001,adam,1920,119.00535893440247,0.00026734970395419523,0.0,0.6927064645346207,0.00026734970395419523,0.0002635364224094972,0.0,0.6839601534971785,0.0002635364224094972
96,0.001,adam,1940,119.79479551315308,0.0002645703362952563,0.0,0.7383339478080082,0.0002645703362952563,0.0002512011940540546,0.0,0.6783569795627394,0.0002512011940540546
97,0.001,adam,1960,120.53293108940125,0.00025688473389278257,0.0,0.6925909814889981,0.00025688473389278257,0.00031558371136760943,0.0,0.6739754521728055,0.00031558371136760943
98,0.001,adam,1980,121.29928159713745,0.00025576420587650054,0.0,0.7292274580643213,0.00025576420587650054,0.00028148041871078444,0.0,0.6687478161687535,0.00028148041871078444
99,0.001,adam,2000,122.0656373500824,0.00030418066913617977,0.0,0.7001024367386414,0.00030418066913617977,0.0003191844948255439,0.0,0.6761857281156768,0.0003191844948255439
100,0.001,adam,2020,122.74490714073181,0.0002860024886962039,0.0,0.680868246038538,0.0002860024886962039,0.00031764469729843217,0.0,0.6811261376854237,0.00031764469729843217
101,0.001,adam,2040,123.49006962776184,0.00027712518975413924,0.0,0.6888804504929392,0.00027712518975413924,0.00026074430414511516,0.0,0.6826660842745172,0.00026074430414511516
102,0.001,adam,2060,124.21429133415222,0.00023069088727017717,0.0,0.6993171977771512,0.00023069088727017717,0.00023919272536112346,0.0,0.6728419474661561,0.00023919272536112346
103,0.001,adam,2080,124.92720556259155,0.00022205849663396843,0.0,0.6815408228023164,0.00022205849663396843,0.0002346217234303314,0.0,0.6639826734185479,0.0002346217234303314
104,0.001,adam,2100,125.68100070953369,0.00021628875025891977,0.0,0.6910904396113036,0.00021628875025891977,0.0002639192756290488,0.0,0.6621505779850384,0.0002639192756290488
105,0.001,adam,2120,126.35777997970581,0.00025188327144706686,0.0,0.6858724200919114,0.00025188327144706686,0.0002488892512288664,0.0,0.6661906643050106,0.0002488892512288664
106,0.001,adam,2140,127.1596519947052,0.00025080380155995975,0.0,0.6896265972497148,0.00025080380155995975,0.00028708624897970744,0.0,0.6636138483489994,0.00028708624897970744
107,0.001,adam,2160,127.92919445037842,0.00023737874098534828,0.0,0.6801066982349246,0.00023737874098534828,0.00024737484879528137,0.0,0.6673667491556525,0.00024737484879528137
108,0.001,adam,2180,128.63627648353577,0.00023374042622125818,0.0,0.6893723639178738,0.00023374042622125818,0.00023012964250920044,0.0,0.6637653837016734,0.00023012964250920044
109,0.001,adam,2200,129.33087253570557,0.0002197729008109136,0.0,0.7578959404789529,0.0002197729008109136,0.00024986749875778456,0.0,0.6601664662445913,0.00024986749875778456
110,0.001,adam,2220,130.016432762146,0.0002166138580658802,0.0,0.6705475142744142,0.0002166138580658802,0.00027151375770125805,0.0,0.6640395825059293,0.00027151375770125805
111,0.001,adam,2240,130.68588495254517,0.00021153806359965592,0.0,0.6749892054303153,0.00021153806359965592,0.00022557390472389543,0.0,0.6529267142078425,0.00022557390472389543
112,0.001,adam,2260,131.38748240470886,0.00022449060240898336,0.0,0.6631931851448633,0.00022449060240898336,0.00023877092069395003,0.0,0.6496810197423736,0.00023877092069395003
113,0.001,adam,2280,132.15567541122437,0.00021402967733090444,0.0,0.6497440487261443,0.00021402967733090444,0.0002496676232964105,0.0,0.6484338325837226,0.0002496676232964105
114,0.001,adam,2300,132.998957157135,0.00023026295707024382,0.0,0.6618455077615737,0.00023026295707024382,0.000248276227653959,0.0,0.644253360245284,0.000248276227653959
115,0.001,adam,2320,133.74475049972534,0.0002264896058302995,0.0,0.6589930993237842,0.0002264896058302995,0.0002491089021836134,0.0,0.6508740658964267,0.0002491089021836134
116,0.001,adam,2340,134.43461179733276,0.00020616586273498302,0.0,0.6579148371315776,0.00020616586273498302,0.0002164120828970961,0.0,0.6488130550425787,0.0002164120828970961
117,0.001,adam,2360,135.1198971271515,0.00019103117925073652,0.0,0.6368983565391999,0.00019103117925073652,0.0002370073468618742,0.0,0.6389030542863191,0.0002370073468618742
118,0.001,adam,2380,135.84994268417358,0.0002279379450804818,0.0,0.773457142568488,0.0002279379450804818,0.00022748078224803825,0.0,0.6413805375278484,0.00022748078224803825
119,0.001,adam,2400,136.57934713363647,0.0002151065298938699,0.0,0.6673898388624492,0.0002151065298938699,0.00025762697659954093,0.0,0.6415734260074152,0.00025762697659954093
120,0.001,adam,2420,137.33198070526123,0.00021055475499031007,0.0,0.6639676441202577,0.00021055475499031007,0.00020941051253851395,0.0,0.6421218646964822,0.00020941051253851395
121,0.001,adam,2440,138.06005573272705,0.00020192722406386994,0.0,0.6764518506397319,0.00020192722406386994,0.00022576695389041289,0.0,0.6362019374995433,0.00022576695389041289
122,0.001,adam,2460,138.81931495666504,0.0001859077461716262,0.0,0.6416827740694762,0.0001859077461716262,0.00021355819009096798,0.0,0.636417121901975,0.00021355819009096798
123,0.001,adam,2480,139.60725903511047,0.00017406595546462137,0.0,0.6527665019690605,0.00017406595546462137,0.00021654316283902463,0.0,0.6310723836681665,0.00021654316283902463
124,0.001,adam,2500,140.30464053153992,0.00022154351177700358,0.0,0.6216657170254113,0.00022154351177700358,0.0002685099931655181,0.0,0.6272820833651674,0.0002685099931655181
125,0.001,adam,2520,141.02807760238647,0.00020867830698416027,0.0,0.6609483747617462,0.00020867830698416027,0.0002414066311539275,0.0,0.6257862329234706,0.0002414066311539275
126,0.001,adam,2540,141.78259825706482,0.00019768725700260555,0.0,0.6423174424876714,0.00019768725700260555,0.00020272828077553116,0.0,0.62839733792634,0.00020272828077553116
127,0.001,adam,2560,142.55010151863098,0.00019012610709273655,0.0,0.6244692291233377,0.00019012610709273655,0.00019793840788523125,0.0,0.6218948697470325,0.00019793840788523125
128,0.001,adam,2580,143.32679533958435,0.00017688129425667872,0.0,0.6150110839537549,0.00017688129425667872,0.00020051442769124578,0.0,0.6267721321588817,0.00020051442769124578
129,0.001,adam,2600,144.02142357826233,0.0001839660358208419,0.0,0.6394856803804952,0.0001839660358208419,0.00019861235372577063,0.0,0.6253339917061229,0.00019861235372577063
130,0.001,adam,2620,144.87316942214966,0.00018448424766019523,0.0,0.6201275367166788,0.00018448424766019523,0.00020607346051183356,0.0,0.6215295469151827,0.00020607346051183356
131,0.001,adam,2640,145.57225704193115,0.00017673349198604928,0.0,0.6271406404490216,0.00017673349198604928,0.0001885973343123622,0.0,0.6189229526382009,0.0001885973343123622
132,0.001,adam,2660,146.27457666397095,0.00016770614150224004,0.0,0.6408171335825905,0.00016770614150224004,0.00019021234329210434,0.0,0.6210138377527592,0.00019021234329210434
133,0.001,adam,2680,147.04912495613098,0.00018136271744860355,0.0,0.6291599250783217,0.00018136271744860355,0.000193090674140837,0.0,0.6191754758015423,0.000193090674140837
134,0.001,adam,2700,147.75429105758667,0.00017713187843562217,0.0,0.6268764370728277,0.00017713187843562217,0.00020069097121267116,0.0,0.6162789736676381,0.00020069097121267116
135,0.001,adam,2720,148.48388171195984,0.00020027559899171336,0.0,0.6368497702346262,0.00020027559899171336,0.0001940966521901288,0.0,0.61388666211293,0.0001940966521901288
136,0.001,adam,2740,149.30346989631653,0.0002084188805966984,0.0,0.6233414822883188,0.0002084188805966984,0.00022689830788566646,0.0,0.6108749194165614,0.00022689830788566646
137,0.001,adam,2760,150.02733874320984,0.00023779860810146345,0.0,0.6282952207749403,0.00023779860810146345,0.0002057387213716318,0.0,0.6179656795070119,0.0002057387213716318
138,0.001,adam,2780,150.72708082199097,0.00018352415819502193,0.0,0.6193090524715494,0.00018352415819502193,0.00020932298025570396,0.0,0.6106129662249187,0.00020932298025570396
139,0.001,adam,2800,151.5170931816101,0.00018480533448334398,0.0,0.6277346117043504,0.00018480533448334398,0.00022255273825786217,0.0,0.6120413244688651,0.00022255273825786217
140,0.001,adam,2820,152.2543821334839,0.00016962233487333598,0.0,0.633846044516172,0.00016962233487333598,0.00018865863868379828,0.0,0.611669144173964,0.00018865863868379828
141,0.001,adam,2840,153.0494306087494,0.00015681263523870229,0.0,0.6065301006426076,0.00015681263523870229,0.0001742469980756164,0.0,0.604916369200762,0.0001742469980756164
142,0.001,adam,2860,153.75695323944092,0.0001640236620494441,0.0,0.640301422157959,0.0001640236620494441,0.00021436903914837373,0.0,0.6039951065498068,0.00021436903914837373
143,0.001,adam,2880,154.47650122642517,0.0001726848991492004,0.0,0.6315058246615174,0.0001726848991492004,0.0001777724195887896,0.0,0.609624253486554,0.0001777724195887896
144,0.001,adam,2900,155.18738985061646,0.00015399040486341513,0.0,0.6059016021177948,0.00015399040486341513,0.0001799489090728199,0.0,0.6052591713907627,0.0001799489090728199
145,0.001,adam,2920,155.94349145889282,0.0001537043960736176,0.0,0.7214887095592977,0.0001537043960736176,0.00020561261248261439,0.0,0.5973925635736181,0.00020561261248261439
146,0.001,adam,2940,156.6265423297882,0.00015784166735809412,0.0,0.6060916033041753,0.00015784166735809412,0.00021377202975972196,0.0,0.6041311928263825,0.00021377202975972196
147,0.001,adam,2960,157.32129573822021,0.00016076976379824712,0.0,0.6184435683598705,0.00016076976379824712,0.00016926017519656753,0.0,0.6021436274462579,0.00016926017519656753
148,0.001,adam,2980,158.06389260292053,0.00015339272369379263,0.0,0.6114597109357884,0.00015339272369379263,0.00017705567237416296,0.0,0.5969593184340054,0.00017705567237416296
149,0.001,adam,3000,158.75049257278442,0.00019915831795913825,0.0,0.6190743865342908,0.00019915831795913825,0.00019278686518748572,0.0,0.5945388126351671,0.00019278686518748572
150,0.001,adam,3020,159.43589782714844,0.00018551234336798846,0.0,0.6053308582329882,0.00018551234336798846,0.00021694932893247148,0.0,0.5953117312060177,0.00021694932893247148
151,0.001,adam,3040,160.1389865875244,0.00016754735739270423,0.0,0.7112329187816876,0.00016754735739270423,0.00017613629185192018,0.0,0.5986473367114515,0.00017613629185192018
152,0.001,adam,3060,160.86150908470154,0.0001661275541443878,0.0,0.5986467515203124,0.0001661275541443878,0.0002386051980177995,0.0,0.6045910861236634,0.0002386051980177995
153,0.001,adam,3080,161.6762969493866,0.00018919895929327997,0.0,0.5968857542380699,0.00018919895929327997,0.00021073200877229424,0.0,0.600337412800389,0.00021073200877229424
154,0.001,adam,3100,162.34465885162354,0.000190213099495653,0.0,0.6089563040377002,0.000190213099495653,0.00017925616697462367,0.0,0.5916073413952483,0.00017925616697462367
155,0.001,adam,3120,163.03573894500732,0.0001658139799349361,0.0,0.6043098411693876,0.0001658139799349361,0.0001892575541722344,0.0,0.5951179271931248,0.0001892575541722344
156,0.001,adam,3140,163.69879579544067,0.00016757074093288072,0.0,0.600120011787354,0.00016757074093288072,0.00018554554063754123,0.0,0.5919041445847303,0.00018554554063754123
157,0.001,adam,3160,164.4211869239807,0.0001566528726376512,0.0,0.7968603448155055,0.0001566528726376512,0.0001578847971300681,0.0,0.5894096700601753,0.0001578847971300681
158,0.001,adam,3180,165.14221572875977,0.00014548423271946813,0.0,0.5991115452386878,0.00014548423271946813,0.00016956212452964482,0.0,0.5841506737668154,0.00016956212452964482
159,0.001,adam,3200,165.88958525657654,0.0001725569829908486,0.0,0.6123467582316316,0.0001725569829908486,0.00018524259599690007,0.0,0.5889915425674657,0.00018524259599690007
160,0.001,adam,3220,166.58827090263367,0.00013770674322758237,0.0,0.5874956829493787,0.00013770674322758237,0.00016156726533905264,0.0,0.5808691376252479,0.00016156726533905264
161,0.001,adam,3240,167.29332900047302,0.00014078698912948112,0.0,0.578744764319313,0.00014078698912948112,0.00017031096241631276,0.0,0.585067713199515,0.00017031096241631276
162,0.001,adam,3260,167.95103788375854,0.00014555764342701866,0.0,0.7167217319776765,0.00014555764342701866,0.00016574429498250533,0.0,0.5793507967427246,0.00016574429498250533
163,0.001,adam,3280,168.62028884887695,0.0001511523049670797,0.0,0.6208014572132539,0.0001511523049670797,0.00016145852664631915,0.0,0.5836347566916944,0.00016145852664631915
164,0.001,adam,3300,169.42601585388184,0.00014529671404626092,0.0,0.5936658269797849,0.00014529671404626092,0.00016844622900647163,0.0,0.5847828862061022,0.00016844622900647163
165,0.001,adam,3320,170.1694347858429,0.00014322250014590606,0.0,0.5848837342328438,0.00014322250014590606,0.00019658933350769704,0.0,0.5799223477321735,0.00019658933350769704
166,0.001,adam,3340,170.83184218406677,0.00018536602840194368,0.0,0.5872814446090336,0.00018536602840194368,0.00017047514625913855,0.0,0.5785103199339542,0.00017047514625913855
167,0.001,adam,3360,171.5799810886383,0.00017413095075906383,0.0,0.5866511216710685,0.00017413095075906383,0.00017079451353693408,0.0,0.579855024927006,0.00017079451353693408
168,0.001,adam,3380,172.22032117843628,0.00015719832565548415,0.0,0.5774413351840435,0.00015719832565548415,0.00015067111893566517,0.0,0.5754385088012623,0.00015067111893566517
169,0.001,adam,3400,172.9531283378601,0.0001280339598560521,0.0,0.5887075285125961,0.0001280339598560521,0.00018103000205655495,0.0,0.5767786837169142,0.00018103000205655495
170,0.001,adam,3420,173.67343521118164,0.00013344350814063486,0.0,0.5840854201362965,0.00013344350814063486,0.00015542933674671824,0.0,0.571722164093109,0.00015542933674671824
171,0.001,adam,3440,174.35180950164795,0.00013654702841823363,0.0,0.5607294976141114,0.00013654702841823363,0.00020906014942091797,0.0,0.5721970963045232,0.00020906014942091797
172,0.001,adam,3460,174.9828004837036,0.00014029192994474926,0.0,0.5591409991659856,0.00014029192994474926,0.0001462884340318826,0.0,0.567667312442036,0.0001462884340318826
173,0.001,adam,3480,175.6413607597351,0.00012518819742399684,0.0,0.5817255042977865,0.00012518819742399684,0.00015841503874473859,0.0,0.5713120663329914,0.00015841503874473859
174,0.001,adam,3500,176.3687379360199,0.00016455266941597805,0.0,0.6702686198321033,0.00016455266941597805,0.00018662369582073989,0.0,0.5667947187393233,0.00018662369582073989
175,0.001,adam,3520,177.04981660842896,0.0001439336727657203,0.0,0.5633838172264816,0.0001439336727657203,0.00015945596421728072,0.0,0.5648347656186159,0.00015945596421728072
176,0.001,adam,3540,177.7784287929535,0.00012732405841002573,0.0,0.5796800050704959,0.00012732405841002573,0.0001622787267949268,0.0,0.5700351850251328,0.0001622787267949268
177,0.001,adam,3560,178.52958583831787,0.00015820216496453978,0.0,0.5978514609340028,0.00015820216496453978,0.00017420428488001797,0.0,0.5676418746311547,0.00017420428488001797
178,0.001,adam,3580,179.2003209590912,0.0001436391152235693,0.0,0.6924715999067248,0.0001436391152235693,0.00018910571917728807,0.0,0.5690980060821379,0.00018910571917728807
179,0.001,adam,3600,180.00660395622253,0.00017465294498463912,0.0,0.5827026241767173,0.00017465294498463912,0.0001951069930188053,0.0,0.5687397187287319,0.0001951069930188053
180,0.001,adam,3620,180.72489738464355,0.00013897770729090028,0.0,0.5691340060621265,0.00013897770729090028,0.0001543516019551464,0.0,0.5622385525312718,0.0001543516019551464
181,0.001,adam,3640,181.403306722641,0.00012138395092288342,0.0,0.5857981216620296,0.00012138395092288342,0.0001480164659082801,0.0,0.5688096980329413,0.0001480164659082801
182,0.001,adam,3660,182.14199018478394,0.00015467576498000803,0.0,0.5816002360126511,0.00015467576498000803,0.0001659953842585347,0.0,0.5647087100424149,0.0001659953842585347
183,0.001,adam,3680,182.8285915851593,0.00013604043590455093,0.0,0.6010001870792285,0.00013604043590455093,0.00013919715605621732,0.0,0.5635351972084556,0.00013919715605621732
184,0.001,adam,3700,183.52812576293945,0.00012462049704696843,0.0,0.5692646213008492,0.00012462049704696843,0.00013613175408332804,0.0,0.564150409588591,0.00013613175408332804
185,0.001,adam,3720,184.18377494812012,0.00011794946546064649,0.0,0.575680204009894,0.00011794946546064649,0.0001400562904394481,0.0,0.5623879346326978,0.0001400562904394481
186,0.001,adam,3740,184.88499879837036,0.00013321323229329183,0.0,0.5938099257659541,0.00013321323229329183,0.00016537889976497296,0.0,0.5592385062009666,0.00016537889976497296
187,0.001,adam,3760,185.55589318275452,0.00014316429755636034,0.0,0.6814838508065465,0.00014316429755636034,0.00015654994248537693,0.0,0.560887839214232,0.00015654994248537693
188,0.001,adam,3780,186.2191607952118,0.000132255205985677,0.0,0.5693948226611865,0.000132255205985677,0.00020992029835446475,0.0,0.5583629493436775,0.00020992029835446475
189,0.001,adam,3800,186.83034372329712,0.00012861400965668584,0.0,0.5634212807963773,0.00012861400965668584,0.00015275377078504415,0.0,0.5599490582737094,0.00015275377078504415
190,0.001,adam,3820,187.5308473110199,0.00014322258378546713,0.0,0.576368814547988,0.00014322258378546713,0.0001658288125276176,0.0,0.5615275064732946,0.0001658288125276176
191,0.001,adam,3840,188.27878069877625,0.0001345803174797101,0.0,0.5755478484359348,0.0001345803174797101,0.0001351570813893676,0.0,0.55207784423602,0.0001351570813893676
192,0.001,adam,3860,188.92837500572205,0.00012717842509456904,0.0,0.6866579918816452,0.00012717842509456904,0.0002608706786831025,0.0,0.5570555504978647,0.0002608706786831025
193,0.001,adam,3880,189.61569237709045,0.000146013679280374,0.0,0.5639833926063484,0.000146013679280374,0.00013584997461405911,0.0,0.5590404470490554,0.00013584997461405911
194,0.001,adam,3900,190.24698686599731,0.00013574551311344482,0.0,0.551274593184107,0.00013574551311344482,0.0001524368426948207,0.0,0.5568929434919815,0.0001524368426948207
195,0.001,adam,3920,190.96400356292725,0.00012063674239508875,0.0,0.5525712417620136,0.00012063674239508875,0.00013757316033713963,0.0,0.5523267852230408,0.00013757316033713963
196,0.001,adam,3940,191.63028240203857,0.00010555416468910244,0.0,0.5395481499369275,0.00010555416468910244,0.00013234895522510994,0.0,0.5535275818605866,0.00013234895522510994
197,0.001,adam,3960,192.28012013435364,0.00010865613673746786,0.0,0.5701246068054595,0.00010865613673746786,0.00014723175747739496,0.0,0.5567204337768175,0.00014723175747739496
198,0.001,adam,3980,192.91678929328918,0.00010911378441093417,0.0,0.5625329273800668,0.00010911378441093417,0.00012883167358021717,0.0,0.5546322749943585,0.00012883167358021717
199,0.001,adam,4000,193.63573050498962,0.00012287258693601352,0.0,0.5834693780564297,0.00012287258693601352,0.0001538486333648011,0.0,0.5502494823764222,0.0001538486333648011
200,0.001,adam,4020,194.28904271125793,0.00011262523561717314,0.0,0.5536717612499932,0.00011262523561717314,0.0001357597740838343,0.0,0.5503548413285843,0.0001357597740838343
201,0.001,adam,4040,195.05018973350525,0.0001146381672290282,0.0,0.5603874292576545,0.0001146381672290282,0.00017788469178173198,0.0,0.5585665634560405,0.00017788469178173198
202,0.001,adam,4060,195.72874760627747,0.00014124132911678825,0.0,0.5651767447763419,0.00014124132911678825,0.00014328638599205474,0.0,0.5471524034956121,0.00014328638599205474
203,0.001,adam,4080,196.408367395401,0.00011515021108272421,0.0,0.5453738547394968,0.00011515021108272421,0.00016769171422732746,0.0,0.5473137180725541,0.00016769171422732746
204,0.001,adam,4100,197.0712375640869,0.00013894568332794844,0.0,0.5421835790496744,0.00013894568332794844,0.0001648235466293317,0.0,0.5474304455168053,0.0001648235466293317
205,0.001,adam,4120,197.77663707733154,0.00011760550683282713,0.0,0.5504329626762685,0.00011760550683282713,0.0001478013731103238,0.0,0.5456679339167219,0.0001478013731103238
206,0.001,adam,4140,198.41984152793884,0.0001240478801071629,0.0,0.5409806254938687,0.0001240478801071629,0.00013053939372319613,0.0,0.5512860266519186,0.00013053939372319613
207,0.001,adam,4160,199.1091911792755,0.00011607518377773655,0.0,0.5512888235345081,0.00011607518377773655,0.00012860208769775242,0.0,0.5473473585465614,0.00012860208769775242
208,0.001,adam,4180,199.80484247207642,0.0001060600971643803,0.0,0.5735727371557064,0.0001060600971643803,0.000118780801099875,0.0,0.5447670318361814,0.000118780801099875
209,0.001,adam,4200,200.51235675811768,0.00012173592621814738,0.0,0.5426337417747323,0.00012173592621814738,0.0001334322469703685,0.0,0.5444088760750304,0.0001334322469703685
210,0.001,adam,4220,201.2230019569397,0.00017070549505135912,0.0,0.5486693649252613,0.00017070549505135912,0.00023416803006219426,0.0,0.5455472198270227,0.00023416803006219426
211,0.001,adam,4240,201.877867937088,0.00013991449559269214,0.0,0.5505951641042446,0.00013991449559269214,0.00017815891723856335,0.0,0.5418321078022085,0.00017815891723856335
212,0.001,adam,4260,202.57226943969727,0.00012005016557681158,0.0,0.542032474838985,0.00012005016557681158,0.0001330342994098688,0.0,0.5420271277045742,0.0001330342994098688
213,0.001,adam,4280,203.267831325531,0.00010481995079154164,0.0,0.5660110131091216,0.00010481995079154164,0.00011764722108195502,0.0,0.541485213612937,0.00011764722108195502
214,0.001,adam,4300,203.97259736061096,0.0001108286799436931,0.0,0.5465881694926605,0.0001108286799436931,0.00014278800705077379,0.0,0.5427894168712296,0.00014278800705077379
215,0.001,adam,4320,204.66020393371582,0.00012285670379929553,0.0,0.5552663012883022,0.00012285670379929553,0.0001921655834975392,0.0,0.5383659229222097,0.0001921655834975392
216,0.001,adam,4340,205.3303165435791,0.00012613930483537156,0.0,0.5552499329437287,0.00012613930483537156,0.00013275154552853553,0.0,0.5406880939268648,0.00013275154552853553
217,0.001,adam,4360,206.00363183021545,0.00010602765496897121,0.0,0.5760884511269295,0.00010602765496897121,0.0001245344056419056,0.0,0.5381980227239158,0.0001245344056419056
218,0.001,adam,4380,206.68772792816162,0.00011415992207484313,0.0,0.6689597534961116,0.00011415992207484313,0.00012022113426269178,0.0,0.5364935782943564,0.00012022113426269178
219,0.001,adam,4400,207.36992120742798,0.00010490325719623064,0.0,0.5825729406931697,0.00010490325719623064,0.0001377819990682871,0.0,0.5380754734854741,0.0001377819990682871
220,0.001,adam,4420,208.04853868484497,0.00010403740562097764,0.0,0.5541803136907696,0.00010403740562097764,0.00011931827604928845,0.0,0.5343115758473894,0.00011931827604928845
221,0.001,adam,4440,208.72755122184753,0.00010613184914199227,0.0,0.5451453578857749,0.00010613184914199227,0.00011994555254020789,0.0,0.5330498493740908,0.00011994555254020789
222,0.001,adam,4460,209.42056727409363,0.00010051152275365315,0.0,0.5182437246533027,0.00010051152275365315,0.00015139741800251682,0.0,0.5381363725941539,0.00015139741800251682
223,0.001,adam,4480,210.105881690979,0.0001306743602684455,0.0,0.5227619818064421,0.0001306743602684455,0.00014244502355971678,0.0,0.541574514893373,0.00014244502355971678
224,0.001,adam,4500,210.79595851898193,0.00012230814559857628,0.0,0.5523149760707915,0.00012230814559857628,0.00018736090474854436,0.0,0.5413082122798273,0.00018736090474854436
225,0.001,adam,4520,211.4776749610901,0.00012021851103177548,0.0,0.5550551566545364,0.00012021851103177548,0.00011901801172837695,0.0,0.5388256326104868,0.00011901801172837695
226,0.001,adam,4540,212.15473413467407,9.777712475236987e-05,0.0,0.524344801467789,9.777712475236987e-05,0.00012091296542154572,0.0,0.5347190643047401,0.00012091296542154572
227,0.001,adam,4560,212.82931327819824,0.00012134430487395064,0.0,0.5493785658422804,0.00012134430487395064,0.00015284549065311528,0.0,0.5304879202808414,0.00015284549065311528
228,0.001,adam,4580,213.51370406150818,0.0001360688305133076,0.0,0.543152075880449,0.0001360688305133076,0.00021014777292578345,0.0,0.5379500659306905,0.00021014777292578345
229,0.001,adam,4600,214.20815062522888,0.00015111315005005008,0.0,0.5411579869057145,0.00015111315005005008,0.00014327258606515404,0.0,0.5362180023315667,0.00014327258606515404
230,0.001,adam,4620,214.90369963645935,0.00010546876207710521,0.0,0.529654137493669,0.00010546876207710521,0.00012900767438826582,0.0,0.5294850765143702,0.00012900767438826582
231,0.001,adam,4640,215.5827293395996,9.884668583399505e-05,0.0,0.5353373124366513,9.884668583399505e-05,0.00011620654846882665,0.0,0.5309258237244285,0.00011620654846882665
232,0.001,adam,4660,216.2812144756317,9.479307254277119e-05,0.0,0.5542614811765567,9.479307254277119e-05,0.00011813951125571005,0.0,0.5268715362148441,0.00011813951125571005
233,0.001,adam,4680,216.95670199394226,9.601711853058751e-05,0.0,0.5623262859032538,9.601711853058751e-05,0.00012880258282972962,0.0,0.527491326202838,0.00012880258282972962
234,0.001,adam,4700,217.63754296302795,0.00010060249105654064,0.0,0.6324399407698088,0.00010060249105654064,0.00012198309600449533,0.0,0.5268336395120735,0.00012198309600449533
235,0.001,adam,4720,218.32375621795654,9.453322731007374e-05,0.0,0.5460248312800982,9.453322731007374e-05,0.00010696005610135841,0.0,0.525254951065398,0.00010696005610135841
236,0.001,adam,4740,219.00473856925964,0.00010392741143988736,0.0,0.6107254289981852,0.00010392741143988736,0.00014182616011036036,0.0,0.5278426066212764,0.00014182616011036036
237,0.001,adam,4760,219.6773238182068,9.578891940134859e-05,0.0,0.5199963142316103,9.578891940134859e-05,0.00011778408710143218,0.0,0.522963912170278,0.00011778408710143218
238,0.001,adam,4780,220.36948251724243,9.457213379464537e-05,0.0,0.5288902434907575,9.457213379464537e-05,0.00012417801880376046,0.0,0.5292400321197405,0.00012417801880376046
239,0.001,adam,4800,221.04334115982056,9.884680197756818e-05,0.0,0.5453864004440035,9.884680197756818e-05,0.00012157834828628094,0.0,0.5252784404333747,0.00012157834828628094
240,0.001,adam,4820,221.73818349838257,0.00014403328676774576,0.0,0.514294719377266,0.00014403328676774576,0.00013689987203753794,0.0,0.5256553839767923,0.00013689987203753794
241,0.001,adam,4840,222.43842768669128,0.00013100798084010932,0.0,0.5526622724532329,0.00013100798084010932,0.00012941376181210286,0.0,0.5178393764027284,0.00012941376181210286
242,0.001,adam,4860,223.11533451080322,9.767418522726765e-05,0.0,0.5592626451672584,9.767418522726765e-05,0.00013422291060012425,0.0,0.5188925118108105,0.00013422291060012425
243,0.001,adam,4880,223.80699515342712,0.00010964082307556181,0.0,0.613848282113265,0.00010964082307556181,0.0001376571644429761,0.0,0.5235913390615032,0.0001376571644429761
244,0.001,adam,4900,224.49438309669495,9.454131673483526e-05,0.0,0.5248253206203667,9.454131673483526e-05,0.00011435415776361277,0.0,0.5282336496750996,0.00011435415776361277
245,0.001,adam,4920,225.17405223846436,9.757678070689223e-05,0.0,0.5229331263867883,9.757678070689223e-05,0.00013713506039255276,0.0,0.5186957794445125,0.00013713506039255276
246,0.001,adam,4940,225.86525750160217,9.995389308731643e-05,0.0,0.5359733734395946,9.995389308731643e-05,0.00013253866577745118,0.0,0.5241094092631724,0.00013253866577745118
247,0.001,adam,4960,226.55984163284302,0.00012419418486074092,0.0,0.5365490480266413,0.00012419418486074092,0.00013669155495552778,0.0,0.5287446803990797,0.00013669155495552778
248,0.001,adam,4980,227.2303111553192,0.00011191001643824202,0.0,0.510113274135357,0.00011191001643824202,0.00014976164238259798,0.0,0.5256844684638807,0.00014976164238259798
249,0.001,adam,5000,227.91869950294495,0.0001218376989388842,0.0,0.5392037397766172,0.0001218376989388842,0.00016876109805171304,0.0,0.5291844667992891,0.00016876109805171304
250,0.001,adam,5020,228.59563064575195,0.00012388557834791297,0.0,0.5442678882419338,0.00012388557834791297,0.00013461769985994294,0.0,0.5194239095707072,0.00013461769985994294
251,0.001,adam,5040,229.28916096687317,9.453132577904664e-05,0.0,0.5518442671669168,9.453132577904664e-05,0.00012971924883321907,0.0,0.5190146759684353,0.00012971924883321907
252,0.001,adam,5060,229.95884466171265,9.195681017987702e-05,0.0,0.5248770957905,9.195681017987702e-05,0.00011639539496985836,0.0,0.5217473008914548,0.00011639539496985836
253,0.001,adam,5080,230.65194582939148,0.00010238387358974426,0.0,0.5219568353175361,0.00010238387358974426,0.00013190268345506526,0.0,0.5154885486381627,0.00013190268345506526
254,0.001,adam,5100,231.34535932540894,8.660564180649329e-05,0.0,0.5487502478629199,8.660564180649329e-05,0.000136952936987639,0.0,0.5101190588163772,0.000136952936987639
255,0.001,adam,5120,232.02492117881775,0.0001050759349327534,0.0,0.6436667432795701,0.0001050759349327534,0.0001903735634330727,0.0,0.5173456705015125,0.0001903735634330727
256,0.001,adam,5140,232.70744705200195,0.0001223796829164506,0.0,0.5318595521472183,0.0001223796829164506,0.00018520416605721533,0.0,0.5173056770449437,0.00018520416605721533
257,0.001,adam,5160,233.39008116722107,0.00011741981400985306,0.0,0.5244086023886158,0.00011741981400985306,0.00010656183357544391,0.0,0.5202933366981132,0.00010656183357544391
258,0.001,adam,5180,234.09303498268127,8.57643885545906e-05,0.0,0.5300572246310336,8.57643885545906e-05,0.00012047467865097243,0.0,0.514952428617017,0.00012047467865097243
259,0.001,adam,5200,234.78536415100098,9.521746776611433e-05,0.0,0.5326008285138305,9.521746776611433e-05,0.00012041671507988586,0.0,0.5131121238627236,0.00012041671507988586
260,0.001,adam,5220,235.45166015625,0.00010076999320346761,0.0,0.5469395343273642,0.00010076999320346761,0.00012753441931463328,0.0,0.5120498953181603,0.00012753441931463328
261,0.001,adam,5240,236.14204740524292,0.00011357731732958832,0.0,0.519291584724908,0.00011357731732958832,0.00012734499537749128,0.0,0.5216230873450717,0.00012734499537749128
262,0.001,adam,5260,236.81656336784363,0.00011054593682014633,0.0,0.5115064725047807,0.00011054593682014633,0.00011114992054394679,0.0,0.5155214506531541,0.00011114992054394679
263,0.001,adam,5280,237.48796772956848,9.8549929159282e-05,0.0,0.51433966817469,9.8549929159282e-05,0.00012085042551956309,0.0,0.513312590467133,0.00012085042551956309
264,0.001,adam,5300,238.15952515602112,9.921716730825702e-05,0.0,0.5266297914432937,9.921716730825702e-05,0.00016741877658296117,0.0,0.5117148652553537,0.00016741877658296117
265,0.001,adam,5320,238.85236740112305,0.00010788416150128634,0.0,0.5155857394235923,0.00010788416150128634,0.000107557297295919,0.0,0.5196957653616502,0.000107557297295919
266,0.001,adam,5340,239.5371608734131,8.560472097644788e-05,0.0,0.5151081961620403,8.560472097644788e-05,0.00010176677839849151,0.0,0.5117835371347084,0.00010176677839849151
267,0.001,adam,5360,240.22150492668152,8.824382831933864e-05,0.0,0.5409152018724878,8.824382831933864e-05,0.00010628088499854269,0.0,0.5153366386488526,0.00010628088499854269
268,0.001,adam,5380,240.92889189720154,0.00010196697984142327,0.0,0.6383158850795592,0.00010196697984142327,0.00013324865593724878,0.0,0.5071233213320148,0.00013324865593724878
269,0.001,adam,5400,241.6200292110443,0.00010888774353612094,0.0,0.5447545897610422,0.00010888774353612094,0.00013807675806386,0.0,0.5087365296306174,0.00013807675806386
270,0.001,adam,5420,242.3138871192932,8.785338484904044e-05,0.0,0.5161513229642826,8.785338484904044e-05,0.00010209562806139379,0.0,0.5085636173448538,0.00010209562806139379
271,0.001,adam,5440,243.00424981117249,8.05107423074731e-05,0.0,0.5170403557361605,8.05107423074731e-05,0.00015859284784113304,0.0,0.5083709409915907,0.00015859284784113304
272,0.001,adam,5460,243.70522117614746,0.0001099609462808338,0.0,0.5366156780097867,0.0001099609462808338,0.00010869189164700575,0.0,0.5140356082337405,0.00010869189164700575
273,0.001,adam,5480,244.39063382148743,8.438774489784748e-05,0.0,0.5289293085377165,8.438774489784748e-05,0.00011125163566956413,0.0,0.5118468375601649,0.00011125163566956413
274,0.001,adam,5500,245.07503461837769,7.846831210612569e-05,0.0,0.5420009022257086,7.846831210612569e-05,0.00010697360228318988,0.0,0.5117967238214375,0.00010697360228318988
275,0.001,adam,5520,245.75645875930786,9.450134163435982e-05,0.0,0.528697139415881,9.450134163435982e-05,0.0001341962388221572,0.0,0.5144681674980403,0.0001341962388221572
276,0.001,adam,5540,246.43575882911682,0.0001409951667400149,0.0,0.525236955074133,0.0001409951667400149,0.00021800258758097893,0.0,0.5190173556224428,0.00021800258758097893
277,0.001,adam,5560,247.12707376480103,0.00012270366052885733,0.0,0.5100685572498584,0.00012270366052885733,0.00013403824814593065,0.0,0.5068536973064727,0.00013403824814593065
278,0.001,adam,5580,247.8194601535797,0.00011357756320762847,0.0,0.4989014239723274,0.00011357756320762847,0.00012794757311121604,0.0,0.5078526892787435,0.00012794757311121604
279,0.001,adam,5600,248.50662755966187,9.516511713028725e-05,0.0,0.5237309903945934,9.516511713028725e-05,0.00011967079775739009,0.0,0.5119633109494977,0.00011967079775739009
280,0.001,adam,5620,249.2076461315155,8.201360225622085e-05,0.0,0.510249196338904,8.201360225622085e-05,0.00010003309959073927,0.0,0.513114495243276,0.00010003309959073927
281,0.001,adam,5640,249.90607905387878,7.892785122197602e-05,0.0,0.5233397558629915,7.892785122197602e-05,0.00010004538645443735,0.0,0.5040079563131852,0.00010004538645443735
282,0.001,adam,5660,250.5815052986145,8.639968272397991e-05,0.0,0.5178915796225465,8.639968272397991e-05,0.00012538215892330602,0.0,0.5088287494401282,0.00012538215892330602
283,0.001,adam,5680,251.27254223823547,8.325698872639483e-05,0.0,0.5317559933741078,8.325698872639483e-05,0.00010387493014303807,0.0,0.5102668653862183,0.00010387493014303807
284,0.001,adam,5700,251.96446323394775,8.605353568689518e-05,0.0,0.5379686790602338,8.605353568689518e-05,0.00010316495423533631,0.0,0.5093209797576767,0.00010316495423533631
285,0.001,adam,5720,252.651198387146,0.00010232706541906675,0.0,0.5130519196266785,0.00010232706541906675,0.00012690930187344955,0.0,0.505838995257685,0.00012690930187344955
286,0.001,adam,5740,253.33027529716492,7.658821064138806e-05,0.0,0.503115930620414,7.658821064138806e-05,0.00010478457653081126,0.0,0.5030599757676321,0.00010478457653081126
287,0.001,adam,5760,253.9979989528656,8.759310641510881e-05,0.0,0.520398282369439,8.759310641510881e-05,0.00010551850416067232,0.0,0.5052020502529507,0.00010551850416067232
288,0.001,adam,5780,254.67617106437683,8.0678289376352e-05,0.0,0.5076280121500273,8.0678289376352e-05,0.00010023140113986633,0.0,0.5069660836277516,0.00010023140113986633
289,0.001,adam,5800,255.3561134338379,8.064414541695666e-05,0.0,0.515417363370967,8.064414541695666e-05,0.00012139078128839031,0.0,0.5032851260828818,0.00012139078128839031
290,0.001,adam,5820,256.0385320186615,7.695664399016192e-05,0.0,0.5050224164090386,7.695664399016192e-05,0.00015255190325265836,0.0,0.49890896048743855,0.00015255190325265836
291,0.001,adam,5840,256.720232963562,0.00011403701523141196,0.0,0.5232626654653141,0.00011403701523141196,0.00014520713248368996,0.0,0.5003541561649574,0.00014520713248368996
292,0.001,adam,5860,257.39013481140137,8.31503390076199e-05,0.0,0.49008724589393327,8.31503390076199e-05,9.557971312709462e-05,0.0,0.5040359745610405,9.557971312709462e-05
293,0.001,adam,5880,258.0852530002594,8.69208679538694e-05,0.0,0.4983789605952193,8.69208679538694e-05,0.0001233086309668522,0.0,0.5028160390628447,0.0001233086309668522
294,0.001,adam,5900,258.7537875175476,8.229017372365512e-05,0.0,0.5054369266635091,8.229017372365512e-05,9.931432161189969e-05,0.0,0.5003749928491196,9.931432161189969e-05
295,0.001,adam,5920,259.447384595871,7.784525464869322e-05,0.0,0.5130482332556497,7.784525464869322e-05,0.00010904484413899995,0.0,0.5054643636597329,0.00010904484413899995
296,0.001,adam,5940,260.1358971595764,8.770585874292276e-05,0.0,0.5113404613367172,8.770585874292276e-05,9.329506851388504e-05,0.0,0.5041656598373572,9.329506851388504e-05
297,0.001,adam,5960,260.82625937461853,9.233439228684697e-05,0.0,0.5203327922881071,9.233439228684697e-05,0.00010046479135151358,0.0,0.5047174255500771,0.00010046479135151358
298,0.001,adam,5980,261.5295259952545,8.600895728039226e-05,0.0,0.5109197950247848,8.600895728039226e-05,9.854840035334232e-05,0.0,0.5013672251627636,9.854840035334232e-05
299,0.001,adam,6000,262.2087936401367,7.746320876301205e-05,0.0,0.5080229057884457,7.746320876301205e-05,0.00010506491848871478,0.0,0.5031117761499188,0.00010506491848871478
301,0.0,lbfgs,6001,263.9879062175751,,,,6.398173702258849e-05,8.804917911722205e-05,0.0,0.5033444783067741,8.804917911722205e-05
302,0.0,lbfgs,6002,264.23418641090393,,,,6.248917661230946e-05,8.645574173775182e-05,0.0,0.5032400518914129,8.645574173775182e-05
303,0.0,lbfgs,6003,264.4401638507843,,,,6.106956333337861e-05,8.50538021743384e-05,0.0,0.5027556701140745,8.50538021743384e-05
304,0.0,lbfgs,6004,264.6679573059082,,,,6.0213568725232064e-05,8.445577867204932e-05,0.0,0.5024135901188521,8.445577867204932e-05
305,0.0,lbfgs,6005,264.91870307922363,,,,5.948309632386153e-05,8.42477488469277e-05,0.0,0.5022005419552069,8.42477488469277e-05
306,0.0,lbfgs,6006,265.14026975631714,,,,5.916312008572884e-05,8.409699621777539e-05,0.0,0.5023477736094194,8.409699621777539e-05
307,0.0,lbfgs,6007,265.3798158168793,,,,5.893069538265827e-05,8.39764388892978e-05,0.0,0.5026068093937507,8.39764388892978e-05
308,0.0,lbfgs,6008,265.6203329563141,,,,5.876179836814549e-05,8.376355919058647e-05,0.0,0.5027610149927514,8.376355919058647e-05
309,0.0,lbfgs,6009,265.85761308670044,,,,5.871033453989048e-05,8.353293026971773e-05,0.0,0.5030009663821466,8.353293026971773e-05
310,0.0,lbfgs,6010,266.0615303516388,,,,5.8603721311324595e-05,8.340497743238963e-05,0.0,0.5028456115283798,8.340497743238963e-05
311,0.0,lbfgs,6011,266.27976751327515,,,,5.8561925320949147e-05,8.332313978750185e-05,0.0,0.502730645911914,8.332313978750185e-05
312,0.0,lbfgs,6012,266.54607367515564,,,,5.8470929940349045e-05,8.314115011170537e-05,0.0,0.5024604651275345,8.314115011170537e-05
313,0.0,lbfgs,6013,266.78541707992554,,,,5.836229050958868e-05,8.297768139536647e-05,0.0,0.5021129012680035,8.297768139536647e-05
314,0.0,lbfgs,6014,267.01911640167236,,,,5.822723880031449e-05,8.280510180172276e-05,0.0,0.5017242643238015,8.280510180172276e-05
315,0.0,lbfgs,6015,267.4126150608063,,,,5.817696760393199e-05,8.28815510719442e-05,0.0,0.5013837518452584,8.28815510719442e-05
316,0.0,lbfgs,6016,267.62110567092896,,,,5.8143322937159085e-05,8.289132599965539e-05,0.0,0.5014267312332471,8.289132599965539e-05
317,0.0,lbfgs,6017,267.837504863739,,,,5.8122410792211035e-05,8.291407549439689e-05,0.0,0.5015054939152864,8.291407549439689e-05
318,0.0,lbfgs,6018,268.04263257980347,,,,5.80971274001178e-05,8.292932829778206e-05,0.0,0.5015613916820868,8.292932829778206e-05
319,0.0,lbfgs,6019,268.2684624195099,,,,5.805532877768828e-05,8.292542415464246e-05,0.0,0.5016092660660847,8.292542415464246e-05
320,0.0,lbfgs,6020,268.4522035121918,,,,5.801967661215967e-05,8.285821123604764e-05,0.0,0.5015240262580876,8.285821123604764e-05
321,0.0,lbfgs,6021,268.6417350769043,,,,5.7985448637765706e-05,8.278719493574289e-05,0.0,0.5016280787447525,8.278719493574289e-05
322,0.0,lbfgs,6022,268.8413381576538,,,,5.796648191722563e-05,8.273126243504869e-05,0.0,0.5015742358041348,8.273126243504869e-05
323,0.0,lbfgs,6023,269.0739848613739,,,,5.7950044257203194e-05,8.264899838787751e-05,0.0,0.5015856340458494,8.264899838787751e-05
324,0.0,lbfgs,6024,269.31161165237427,,,,5.7925657576792434e-05,8.257993016434789e-05,0.0,0.5015184587584626,8.257993016434789e-05
325,0.0,lbfgs,6025,269.5451443195343,,,,5.7896000215958615e-05,8.248732896827822e-05,0.0,0.5015654899921347,8.248732896827822e-05
326,0.0,lbfgs,6026,269.7826623916626,,,,5.785954196918606e-05,8.239446796584522e-05,0.0,0.5015975297630917,8.239446796584522e-05
327,0.0,lbfgs,6027,270.0429983139038,,,,5.781106026564259e-05,8.224000535241628e-05,0.0,0.5016289700194663,8.224000535241628e-05
328,0.0,lbfgs,6028,270.3802480697632,,,,5.7778134749776314e-05,8.19561913507703e-05,0.0,0.501642691179807,8.19561913507703e-05
329,0.0,lbfgs,6029,270.5937077999115,,,,5.773338451246956e-05,8.188608476422245e-05,0.0,0.5015735591149852,8.188608476422245e-05
330,0.0,lbfgs,6030,270.820317029953,,,,5.770291131111021e-05,8.179288769735111e-05,0.0,0.5014894397112377,8.179288769735111e-05
331,0.0,lbfgs,6031,271.0596797466278,,,,5.7672142380945426e-05,8.165871157650933e-05,0.0,0.5014057261367288,8.165871157650933e-05
332,0.0,lbfgs,6032,271.2784254550934,,,,5.761238355058424e-05,8.143631804283141e-05,0.0,0.5012937767367124,8.143631804283141e-05
333,0.0,lbfgs,6033,271.5392577648163,,,,5.750664168638677e-05,8.105859274518721e-05,0.0,0.5010801627151179,8.105859274518721e-05
334,0.0,lbfgs,6034,271.7967348098755,,,,5.740028336082435e-05,8.067477410683187e-05,0.0,0.5008064020108477,8.067477410683187e-05
335,0.0,lbfgs,6035,272.04423666000366,,,,5.7330649318491954e-05,8.057369615807071e-05,0.0,0.500754180244756,8.057369615807071e-05
336,0.0,lbfgs,6036,272.2668356895447,,,,5.724113298723244e-05,8.045937484463597e-05,0.0,0.5006291312353901,8.045937484463597e-05
337,0.0,lbfgs,6037,272.4921131134033,,,,5.712095519948486e-05,8.020605260663439e-05,0.0,0.5004124977167916,8.020605260663439e-05
338,0.0,lbfgs,6038,272.6480894088745,,,,5.6974101107397364e-05,7.997912356949122e-05,0.0,0.4994944996400178,7.997912356949122e-05
339,0.0,lbfgs,6039,272.83591175079346,,,,5.6771574934554015e-05,7.93757850461633e-05,0.0,0.499234845979819,7.93757850461633e-05
340,0.0,lbfgs,6040,272.99506878852844,,,,5.66653056116469e-05,7.918194331690869e-05,0.0,0.49919907375652894,7.918194331690869e-05
341,0.0,lbfgs,6041,273.16421842575073,,,,5.649360556331283e-05,7.883190194987447e-05,0.0,0.4987612105573273,7.883190194987447e-05
342,0.0,lbfgs,6042,273.33822417259216,,,,5.634209799836497e-05,7.831471409061507e-05,0.0,0.4986704638428315,7.831471409061507e-05
343,0.0,lbfgs,6043,273.64194345474243,,,,5.6181970895380486e-05,7.796765345368926e-05,0.0,0.49816284788187715,7.796765345368926e-05
344,0.0,lbfgs,6044,273.9810335636139,,,,5.595157277848064e-05,7.728858014787006e-05,0.0,0.4974485771059879,7.728858014787006e-05
345,0.0,lbfgs,6045,274.2417001724243,,,,5.5812399567897886e-05,7.677173095363143e-05,0.0,0.4969530966680032,7.677173095363143e-05
346,0.0,lbfgs,6046,274.4523150920868,,,,5.562446600436895e-05,7.60689556501398e-05,0.0,0.4964763192703405,7.60689556501398e-05
347,0.0,lbfgs,6047,274.6910059452057,,,,5.542371634742361e-05,7.532124817381972e-05,0.0,0.4963155266140116,7.532124817381972e-05
348,0.0,lbfgs,6048,274.940616607666,,,,5.5200713311703656e-05,7.480210216436884e-05,0.0,0.49603741150926545,7.480210216436884e-05
349,0.0,lbfgs,6049,275.19117736816406,,,,5.497197061107856e-05,7.425178963520734e-05,0.0,0.4963382317423795,7.425178963520734e-05
350,0.0,lbfgs,6050,275.3537003993988,,,,5.474347487219149e-05,7.394115611691413e-05,0.0,0.4961881968342157,7.394115611691413e-05
351,0.0,lbfgs,6051,275.6589856147766,,,,5.4506948060409146e-05,7.37869810225729e-05,0.0,0.4959318064771799,7.37869810225729e-05
352,0.0,lbfgs,6052,276.07291746139526,,,,5.446849987658492e-05,7.374492430745272e-05,0.0,0.49577666251930214,7.374492430745272e-05
353,0.0,lbfgs,6053,276.2875647544861,,,,5.4363062445369616e-05,7.365234677980488e-05,0.0,0.4955523780059685,7.365234677980488e-05
354,0.0,lbfgs,6054,276.56934690475464,,,,5.424349489262336e-05,7.334788651855461e-05,0.0,0.4952791132271459,7.334788651855461e-05
355,0.0,lbfgs,6055,276.9997980594635,,,,5.404742843635239e-05,7.28337281502192e-05,0.0,0.49483420955749907,7.28337281502192e-05
356,0.0,lbfgs,6056,277.42790031433105,,,,5.389913934237371e-05,7.247772451301388e-05,0.0,0.4943947846722965,7.247772451301388e-05
357,0.0,lbfgs,6057,277.6969599723816,,,,5.375495472975009e-05,7.215688814872719e-05,0.0,0.4939870681660374,7.215688814872719e-05
358,0.0,lbfgs,6058,277.96724247932434,,,,5.366662913212706e-05,7.215346754278731e-05,0.0,0.4939956699132821,7.215346754278731e-05
359,0.0,lbfgs,6059,278.20552802085876,,,,5.353253128587809e-05,7.214752394657663e-05,0.0,0.4938868478492042,7.214752394657663e-05
360,0.0,lbfgs,6060,278.5501046180725,,,,5.3393498320338913e-05,7.197941326791527e-05,0.0,0.4935985587812847,7.197941326791527e-05
361,0.0,lbfgs,6061,278.82701444625854,,,,5.324715892311799e-05,7.183083190340744e-05,0.0,0.49276866903616773,7.183083190340744e-05
362,0.0,lbfgs,6062,279.1075165271759,,,,5.307358499899694e-05,7.121760093406784e-05,0.0,0.49209396052546944,7.121760093406784e-05
363,0.0,lbfgs,6063,279.3450195789337,,,,5.299761531457296e-05,7.10563846555402e-05,0.0,0.4920349156276081,7.10563846555402e-05
364,0.0,lbfgs,6064,279.74301505088806,,,,5.2899694930548906e-05,7.067220744830272e-05,0.0,0.49172332072609387,7.067220744830272e-05
365,0.0,lbfgs,6065,280.016610622406,,,,5.27825558655447e-05,7.046176559271916e-05,0.0,0.49139197132142515,7.046176559271916e-05
366,0.0,lbfgs,6066,280.3064920902252,,,,5.258155413650911e-05,7.008359314010208e-05,0.0,0.49055520200103075,7.008359314010208e-05
367,0.0,lbfgs,6067,280.7692573070526,,,,5.24889102068315e-05,6.988251677041728e-05,0.0,0.4903190231845767,6.988251677041728e-05
368,0.0,lbfgs,6068,280.9981472492218,,,,5.23722640381636e-05,6.994531296887996e-05,0.0,0.49001707078143264,6.994531296887996e-05
369,0.0,lbfgs,6069,281.2538106441498,,,,5.2246573472425764e-05,7.01201593203852e-05,0.0,0.48989616439435524,7.01201593203852e-05
370,0.0,lbfgs,6070,281.52310824394226,,,,5.213467129818616e-05,7.021587853918532e-05,0.0,0.4897529680898486,7.021587853918532e-05
371,0.0,lbfgs,6071,281.815550327301,,,,5.201722324382883e-05,7.061031406812013e-05,0.0,0.48984257901081435,7.061031406812013e-05
372,0.0,lbfgs,6072,282.0807228088379,,,,5.184620613181357e-05,7.018253187648185e-05,0.0,0.48948269954469925,7.018253187648185e-05
373,0.0,lbfgs,6073,282.4809732437134,,,,5.174141073019318e-05,6.987263019076976e-05,0.0,0.48937850970303354,6.987263019076976e-05
374,0.0,lbfgs,6074,282.72529101371765,,,,5.166124471474683e-05,6.959040270836622e-05,0.0,0.4892489236533256,6.959040270836622e-05
375,0.0,lbfgs,6075,282.96010184288025,,,,5.1502583834675425e-05,6.93011408499171e-05,0.0,0.4890824836313499,6.93011408499171e-05
376,0.0,lbfgs,6076,283.42577052116394,,,,5.140832191556743e-05,6.904681156833372e-05,0.0,0.4885730541843288,6.904681156833372e-05
377,0.0,lbfgs,6077,283.6528160572052,,,,5.124034546366765e-05,6.87882672365265e-05,0.0,0.48852841623265847,6.87882672365265e-05
378,0.0,lbfgs,6078,283.9658901691437,,,,5.113495776772343e-05,6.86741629379082e-05,0.0,0.48852507706308723,6.86741629379082e-05
379,0.0,lbfgs,6079,284.23111963272095,,,,5.0951375606978944e-05,6.841846081100582e-05,0.0,0.48844776476788837,6.841846081100582e-05
380,0.0,lbfgs,6080,284.5042414665222,,,,5.078027086560007e-05,6.813045262832166e-05,0.0,0.48845174470794445,6.813045262832166e-05
381,0.0,lbfgs,6081,284.7572994232178,,,,5.060020485359593e-05,6.790814224725831e-05,0.0,0.48821036297133397,6.790814224725831e-05
382,0.0,lbfgs,6082,285.0323078632355,,,,5.0458556714214886e-05,6.782302819229244e-05,0.0,0.4880567144580079,6.782302819229244e-05
383,0.0,lbfgs,6083,285.3786232471466,,,,5.029668200630868e-05,6.765097352119441e-05,0.0,0.48775287070764245,6.765097352119441e-05
384,0.0,lbfgs,6084,285.6428699493408,,,,5.0124883481404635e-05,6.750992387501919e-05,0.0,0.4873790252060932,6.750992387501919e-05
385,0.0,lbfgs,6085,285.99985432624817,,,,4.9939037301152534e-05,6.718643791571956e-05,0.0,0.48676754611549333,6.718643791571956e-05
386,0.0,lbfgs,6086,286.2711555957794,,,,4.9819426879476915e-05,6.6946255196231e-05,0.0,0.48673688251813163,6.6946255196231e-05
387,0.0,lbfgs,6087,286.5144760608673,,,,4.9658132604701116e-05,6.666127363948465e-05,0.0,0.4866500204844795,6.666127363948465e-05
388,0.0,lbfgs,6088,286.9170620441437,,,,4.957703278568493e-05,6.651181184155473e-05,0.0,0.4865726292075583,6.651181184155473e-05
389,0.0,lbfgs,6089,287.1654224395752,,,,4.9458680457824296e-05,6.637911402796217e-05,0.0,0.4864938696024527,6.637911402796217e-05
390,0.0,lbfgs,6090,287.47828578948975,,,,4.920835402265308e-05,6.627976499216175e-05,0.0,0.4861756770370698,6.627976499216175e-05
391,0.0,lbfgs,6091,287.7389895915985,,,,4.908107871390265e-05,6.618154721833234e-05,0.0,0.4859853745869079,6.618154721833234e-05
392,0.0,lbfgs,6092,287.99209356307983,,,,4.8848867034462866e-05,6.637881680760982e-05,0.0,0.48545896866405636,6.637881680760982e-05
393,0.0,lbfgs,6093,288.24973821640015,,,,4.863144269946181e-05,6.59950299309813e-05,0.0,0.4851949595982608,6.59950299309813e-05
394,0.0,lbfgs,6094,288.49392652511597,,,,4.8491724655420557e-05,6.587339072914576e-05,0.0,0.48516335181434533,6.587339072914576e-05
395,0.0,lbfgs,6095,288.7668831348419,,,,4.828861095409131e-05,6.554828628228018e-05,0.0,0.4848938121046413,6.554828628228018e-05
396,0.0,lbfgs,6096,289.1276195049286,,,,4.804364848488727e-05,6.532766612288025e-05,0.0,0.4846224239178566,6.532766612288025e-05
397,0.0,lbfgs,6097,289.3911380767822,,,,4.784117798257853e-05,6.498296272988035e-05,0.0,0.4842465561383196,6.498296272988035e-05
398,0.0,lbfgs,6098,289.62806725502014,,,,4.7645594291416726e-05,6.473838317666996e-05,0.0,0.4837827148968154,6.473838317666996e-05
399,0.0,lbfgs,6099,289.86124992370605,,,,4.737983721640733e-05,6.44046874904607e-05,0.0,0.4833163698470567,6.44046874904607e-05
400,0.0,lbfgs,6100,290.356477022171,,,,4.719660203159022e-05,6.432065299000019e-05,0.0,0.4829022386199501,6.432065299000019e-05
401,0.0,lbfgs,6101,290.5882716178894,,,,4.695417514886719e-05,6.400076403468537e-05,0.0,0.4825491045271665,6.400076403468537e-05
402,0.0,lbfgs,6102,290.826144695282,,,,4.681268381972099e-05,6.38876009666995e-05,0.0,0.4825989490773425,6.38876009666995e-05
403,0.0,lbfgs,6103,291.07262563705444,,,,4.6657441227802684e-05,6.36979854742046e-05,0.0,0.4824742827459616,6.36979854742046e-05
404,0.0,lbfgs,6104,291.5339946746826,,,,4.659657411530275e-05,6.381058533167079e-05,0.0,0.48242341026419316,6.381058533167079e-05
405,0.0,lbfgs,6105,291.8721058368683,,,,4.645818296470068e-05,6.371108712903675e-05,0.0,0.4823701897691186,6.371108712903675e-05
406,0.0,lbfgs,6106,292.1210153102875,,,,4.6315781133002946e-05,6.351233891340623e-05,0.0,0.4823552274678136,6.351233891340623e-05
407,0.0,lbfgs,6107,292.3073432445526,,,,4.6194436303829754e-05,6.336602102387783e-05,0.0,0.4824283873390914,6.336602102387783e-05
408,0.0,lbfgs,6108,292.7818012237549,,,,4.615041197315464e-05,6.325290151765776e-05,0.0,0.48241682769990146,6.325290151765776e-05
409,0.0,lbfgs,6109,293.0550391674042,,,,4.608900649649578e-05,6.31458470189525e-05,0.0,0.4823684190098419,6.31458470189525e-05
410,0.0,lbfgs,6110,293.3323624134064,,,,4.602642385688336e-05,6.306167907512464e-05,0.0,0.48226824020040077,6.306167907512464e-05
411,0.0,lbfgs,6111,293.6138472557068,,,,4.593440904734905e-05,6.286950415861478e-05,0.0,0.4820753306779202,6.286950415861478e-05
412,0.0,lbfgs,6112,293.87176394462585,,,,4.580519514750879e-05,6.261199256939651e-05,0.0,0.481922894821782,6.261199256939651e-05
413,0.0,lbfgs,6113,294.1485707759857,,,,4.5588894806929796e-05,6.218209138938018e-05,0.0,0.48206075350481425,6.218209138938018e-05
414,0.0,lbfgs,6114,294.57273507118225,,,,4.5516491143858706e-05,6.21207265149225e-05,0.0,0.48205940470047043,6.21207265149225e-05
415,0.0,lbfgs,6115,294.9664125442505,,,,4.53800891029937e-05,6.18833897644631e-05,0.0,0.4824730709546788,6.18833897644631e-05
416,0.0,lbfgs,6116,295.2016603946686,,,,4.529699800236966e-05,6.177103753570816e-05,0.0,0.48258336325988127,6.177103753570816e-05
417,0.0,lbfgs,6117,295.56770610809326,,,,4.515305943297996e-05,6.161859308343636e-05,0.0,0.482627492080925,6.161859308343636e-05
418,0.0,lbfgs,6118,295.822660446167,,,,4.4976011930363914e-05,6.13253194283729e-05,0.0,0.48251969815488593,6.13253194283729e-05
419,0.0,lbfgs,6119,296.3050045967102,,,,4.488058963261563e-05,6.12772320354103e-05,0.0,0.4822875717238103,6.12772320354103e-05
420,0.0,lbfgs,6120,296.54014444351196,,,,4.4720093628921604e-05,6.0980526458253425e-05,0.0,0.48210507645428824,6.0980526458253425e-05
421,0.0,lbfgs,6121,296.7605767250061,,,,4.46074834042426e-05,6.071182576774088e-05,0.0,0.48189748198058424,6.071182576774088e-05
422,0.0,lbfgs,6122,297.0650887489319,,,,4.442545200383314e-05,6.0364925603790256e-05,0.0,0.4817079475860381,6.0364925603790256e-05
423,0.0,lbfgs,6123,297.330703496933,,,,4.4244709001134534e-05,5.998607117932374e-05,0.0,0.48124795773909335,5.998607117932374e-05
424,0.0,lbfgs,6124,297.5987756252289,,,,4.4109842422416e-05,5.991953011384966e-05,0.0,0.4812430202719592,5.991953011384966e-05
425,0.0,lbfgs,6125,297.8685793876648,,,,4.401423300713351e-05,5.989666535727123e-05,0.0,0.4813627942970457,5.989666535727123e-05
426,0.0,lbfgs,6126,298.1417555809021,,,,4.3943785755048805e-05,5.986505307019034e-05,0.0,0.4813671091301241,5.986505307019034e-05
427,0.0,lbfgs,6127,298.37373518943787,,,,4.389194433280745e-05,5.9902572867522384e-05,0.0,0.48138440822886,5.9902572867522384e-05
428,0.0,lbfgs,6128,298.61705780029297,,,,4.371462089543738e-05,5.9680100807613136e-05,0.0,0.4813116929193012,5.9680100807613136e-05
429,0.0,lbfgs,6129,298.8775658607483,,,,4.3591011511269216e-05,5.9493865101283525e-05,0.0,0.4817412365003036,5.9493865101283525e-05
430,0.0,lbfgs,6130,299.10841512680054,,,,4.3464670165714185e-05,5.933364275323374e-05,0.0,0.4814438844102861,5.933364275323374e-05
431,0.0,lbfgs,6131,299.37334656715393,,,,4.3397693473190925e-05,5.9177762187541806e-05,0.0,0.48136446522367443,5.9177762187541806e-05
432,0.0,lbfgs,6132,299.6309983730316,,,,4.3281473705587324e-05,5.89546179286697e-05,0.0,0.48128880914153915,5.89546179286697e-05
433,0.0,lbfgs,6133,299.7920446395874,,,,4.3142874229291655e-05,5.837363832967394e-05,0.0,0.481603107943293,5.837363832967394e-05
434,0.0,lbfgs,6134,300.0997519493103,,,,4.294774733842999e-05,5.8209336964890355e-05,0.0,0.4812778363654591,5.8209336964890355e-05
435,0.0,lbfgs,6135,300.3198115825653,,,,4.2847843134722424e-05,5.81337550328745e-05,0.0,0.4812209033069171,5.81337550328745e-05
436,0.0,lbfgs,6136,300.63651752471924,,,,4.269835258638563e-05,5.791055521618056e-05,0.0,0.48110836702705767,5.791055521618056e-05
437,0.0,lbfgs,6137,300.90144991874695,,,,4.255485675997917e-05,5.770841170476949e-05,0.0,0.48085887474575156,5.770841170476949e-05
438,0.0,lbfgs,6138,301.1903541088104,,,,4.2474982856720436e-05,5.70643552881175e-05,0.0,0.4808776493971191,5.70643552881175e-05
439,0.0,lbfgs,6139,301.4370970726013,,,,4.229053837859833e-05,5.706459321911668e-05,0.0,0.48048840345552324,5.706459321911668e-05
440,0.0,lbfgs,6140,301.7002913951874,,,,4.22363620632427e-05,5.704280738492804e-05,0.0,0.48055835854770923,5.704280738492804e-05
441,0.0,lbfgs,6141,301.9653959274292,,,,4.215666276647209e-05,5.693671306778062e-05,0.0,0.48074508502639063,5.693671306778062e-05
442,0.0,lbfgs,6142,302.21994638442993,,,,4.2073447444679156e-05,5.6745357350676895e-05,0.0,0.480978371076895,5.6745357350676895e-05
443,0.0,lbfgs,6143,302.5232722759247,,,,4.196616595413801e-05,5.660947959660936e-05,0.0,0.4811655324022288,5.660947959660936e-05
444,0.0,lbfgs,6144,302.7877764701843,,,,4.1784905722450996e-05,5.629113198180018e-05,0.0,0.48166157355218664,5.629113198180018e-05
445,0.0,lbfgs,6145,303.0066182613373,,,,4.169149803846999e-05,5.6178640369417185e-05,0.0,0.4819076930308509,5.6178640369417185e-05
446,0.0,lbfgs,6146,303.26514506340027,,,,4.1505276100678375e-05,5.582611413407452e-05,0.0,0.4824625320213333,5.582611413407452e-05
447,0.0,lbfgs,6147,303.51892733573914,,,,4.1394420504572945e-05,5.580478304710705e-05,0.0,0.48258966673526177,5.580478304710705e-05
448,0.0,lbfgs,6148,303.7971110343933,,,,4.128325670520468e-05,5.564981520033341e-05,0.0,0.4825986886902091,5.564981520033341e-05
449,0.0,lbfgs,6149,304.05823159217834,,,,4.114653336388505e-05,5.5481048064172555e-05,0.0,0.4824348569312964,5.5481048064172555e-05
450,0.0,lbfgs,6150,304.91829895973206,,,,4.1057855297891414e-05,5.540159962742116e-05,0.0,0.4823225150563947,5.540159962742116e-05
451,0.0,lbfgs,6151,305.2252526283264,,,,4.0853425386259905e-05,5.515970488862123e-05,0.0,0.4817032100066698,5.515970488862123e-05
452,0.0,lbfgs,6152,305.49442744255066,,,,4.073410333643947e-05,5.510082077971861e-05,0.0,0.4816075279614613,5.510082077971861e-05
453,0.0,lbfgs,6153,305.75531244277954,,,,4.064778677084349e-05,5.50368265323765e-05,0.0,0.4815643057048491,5.50368265323765e-05
454,0.0,lbfgs,6154,305.9971487522125,,,,4.05902445543636e-05,5.4904862968474256e-05,0.0,0.4815761439478543,5.4904862968474256e-05
455,0.0,lbfgs,6155,306.267774105072,,,,4.0508947513400164e-05,5.484238103243086e-05,0.0,0.48141249335490754,5.484238103243086e-05
456,0.0,lbfgs,6156,306.5405752658844,,,,4.0422895413592936e-05,5.486813407498651e-05,0.0,0.4810670121770683,5.486813407498651e-05
457,0.0,lbfgs,6157,306.8077862262726,,,,4.034470048746897e-05,5.4752713250441795e-05,0.0,0.4808422867807708,5.4752713250441795e-05
458,0.0,lbfgs,6158,307.0793204307556,,,,4.031177776371431e-05,5.476550066817158e-05,0.0,0.4808170122299608,5.476550066817158e-05
459,0.0,lbfgs,6159,307.38671946525574,,,,4.025082600200598e-05,5.476378996239206e-05,0.0,0.48068219329580436,5.476378996239206e-05
460,0.0,lbfgs,6160,307.6182551383972,,,,4.01730808180425e-05,5.476627515903096e-05,0.0,0.4804742178020004,5.476627515903096e-05
461,0.0,lbfgs,6161,308.067791223526,,,,4.0123732289769386e-05,5.473561277685452e-05,0.0,0.48021577566453544,5.473561277685452e-05
462,0.0,lbfgs,6162,308.50446367263794,,,,4.004896352828258e-05,5.46742328870081e-05,0.0,0.4801069102712879,5.46742328870081e-05
463,0.0,lbfgs,6163,308.76370429992676,,,,3.997585496048166e-05,5.456971415685398e-05,0.0,0.48008923281556526,5.456971415685398e-05
464,0.0,lbfgs,6164,308.9262664318085,,,,3.9920726017029946e-05,5.4473940540628655e-05,0.0,0.48018822568396274,5.4473940540628655e-05
465,0.0,lbfgs,6165,309.1564631462097,,,,3.9823594809577536e-05,5.4320180910798984e-05,0.0,0.48055317701295563,5.4320180910798984e-05
466,0.0,lbfgs,6166,309.5629708766937,,,,3.977068689099431e-05,5.413902861852995e-05,0.0,0.48092550465201056,5.413902861852995e-05
467,0.0,lbfgs,6167,309.80981397628784,,,,3.9681407634037e-05,5.405997620684951e-05,0.0,0.48132435679390984,5.405997620684951e-05
468,0.0,lbfgs,6168,310.01414251327515,,,,3.960881425454255e-05,5.40065658416926e-05,0.0,0.4815590950393228,5.40065658416926e-05
469,0.0,lbfgs,6169,310.2466058731079,,,,3.951234526120171e-05,5.394364163952765e-05,0.0,0.4817357472030757,5.394364163952765e-05
470,0.0,lbfgs,6170,310.4946675300598,,,,3.938829823415495e-05,5.38240667319368e-05,0.0,0.4818480165113293,5.38240667319368e-05
471,0.0,lbfgs,6171,310.98459649086,,,,3.9307057077592945e-05,5.3635460891092615e-05,0.0,0.4821788567247926,5.3635460891092615e-05
472,0.0,lbfgs,6172,311.31368470191956,,,,3.916996927047092e-05,5.347879221737164e-05,0.0,0.48220053667486135,5.347879221737164e-05
473,0.0,lbfgs,6173,311.5591015815735,,,,3.911084425618281e-05,5.337826176989553e-05,0.0,0.48217683617931606,5.337826176989553e-05
474,0.0,lbfgs,6174,311.82103419303894,,,,3.904162063786624e-05,5.3278264929493715e-05,0.0,0.482194897339893,5.3278264929493715e-05
475,0.0,lbfgs,6175,312.0630216598511,,,,3.8949227363790795e-05,5.3168207360174235e-05,0.0,0.4822388902853005,5.3168207360174235e-05
476,0.0,lbfgs,6176,312.49102306365967,,,,3.887882194907087e-05,5.318292730678282e-05,0.0,0.48234524468779866,5.318292730678282e-05
477,0.0,lbfgs,6177,312.74573969841003,,,,3.874461462530719e-05,5.303578171915442e-05,0.0,0.4822440057603506,5.303578171915442e-05
478,0.0,lbfgs,6178,313.0176203250885,,,,3.864514489736922e-05,5.293079965962506e-05,0.0,0.4821920400237454,5.293079965962506e-05
479,0.0,lbfgs,6179,313.2294487953186,,,,3.853020686120864e-05,5.2856463924782545e-05,0.0,0.4818728071795832,5.2856463924782545e-05
480,0.0,lbfgs,6180,313.50290536880493,,,,3.840863389865522e-05,5.272810889590083e-05,0.0,0.4815609665846042,5.272810889590083e-05
481,0.0,lbfgs,6181,313.76621294021606,,,,3.832636313348514e-05,5.2677434429808456e-05,0.0,0.4808705489262073,5.2677434429808456e-05
482,0.0,lbfgs,6182,314.1887159347534,,,,3.825098794113101e-05,5.255223500576396e-05,0.0,0.480944404603475,5.255223500576396e-05
483,0.0,lbfgs,6183,314.4756886959076,,,,3.820671523786128e-05,5.245624993027254e-05,0.0,0.48102510455463726,5.245624993027254e-05
484,0.0,lbfgs,6184,314.73931860923767,,,,3.811882099290488e-05,5.231606497128509e-05,0.0,0.48111621765347046,5.231606497128509e-05
485,0.0,lbfgs,6185,314.9954628944397,,,,3.7950714669756704e-05,5.212414316796207e-05,0.0,0.4810391054978274,5.212414316796207e-05
486,0.0,lbfgs,6186,315.4433624744415,,,,3.789464917467113e-05,5.1939557087089064e-05,0.0,0.48120862071448317,5.1939557087089064e-05
487,0.0,lbfgs,6187,315.6750638484955,,,,3.7791068333304385e-05,5.19156201316953e-05,0.0,0.4808396266651391,5.19156201316953e-05
488,0.0,lbfgs,6188,315.9113841056824,,,,3.769669726836692e-05,5.186036387540121e-05,0.0,0.48038114613014316,5.186036387540121e-05
489,0.0,lbfgs,6189,316.15629720687866,,,,3.7558191185119265e-05,5.175818050824273e-05,0.0,0.4794826310537366,5.175818050824273e-05
490,0.0,lbfgs,6190,316.38764667510986,,,,3.740921274674017e-05,5.165365396295996e-05,0.0,0.4786865406173698,5.165365396295996e-05
491,0.0,lbfgs,6191,316.67482233047485,,,,3.736929312320112e-05,5.163525659134087e-05,0.0,0.47763226868191616,5.163525659134087e-05
492,0.0,lbfgs,6192,317.007116317749,,,,3.720610313569743e-05,5.151597202342335e-05,0.0,0.47781719792164,5.151597202342335e-05
493,0.0,lbfgs,6193,317.2391061782837,,,,3.716626673024107e-05,5.146629884888387e-05,0.0,0.47803264834172216,5.146629884888387e-05
494,0.0,lbfgs,6194,317.48874521255493,,,,3.707916300178279e-05,5.1361017649185924e-05,0.0,0.4781493393025045,5.1361017649185924e-05
495,0.0,lbfgs,6195,317.7147886753082,,,,3.6970634305568465e-05,5.114611894690539e-05,0.0,0.47834183262942753,5.114611894690539e-05
496,0.0,lbfgs,6196,317.9505252838135,,,,3.687463501961852e-05,5.086746977670183e-05,0.0,0.4781861562495298,5.086746977670183e-05
497,0.0,lbfgs,6197,318.2507848739624,,,,3.680222375419539e-05,5.079632227844466e-05,0.0,0.47793067172925185,5.079632227844466e-05
498,0.0,lbfgs,6198,318.49182295799255,,,,3.673233676322835e-05,5.067386740704183e-05,0.0,0.4775612164700198,5.067386740704183e-05
499,0.0,lbfgs,6199,318.6773588657379,,,,3.667303063518474e-05,5.056152433860915e-05,0.0,0.47741671361329463,5.056152433860915e-05
500,0.0,lbfgs,6200,319.0259494781494,,,,3.66296362679582e-05,5.0489917201796254e-05,0.0,0.4772339438278167,5.0489917201796254e-05
501,0.0,lbfgs,6201,319.21320152282715,,,,3.6531628779065015e-05,5.0305988824000525e-05,0.0,0.47715298951817076,5.0305988824000525e-05
502,0.0,lbfgs,6202,319.4939489364624,,,,3.648524229630587e-05,5.022400262758209e-05,0.0,0.4772706191121357,5.022400262758209e-05
503,0.0,lbfgs,6203,319.707989692688,,,,3.6414699789026274e-05,5.015304608836964e-05,0.0,0.47734683396500116,5.015304608836964e-05
504,0.0,lbfgs,6204,319.9437983036041,,,,3.630457901579033e-05,5.004799897699873e-05,0.0,0.4772978987210121,5.004799897699873e-05
505,0.0,lbfgs,6205,320.4466755390167,,,,3.624891601605737e-05,5.001060901189667e-05,0.0,0.4770541053130382,5.001060901189667e-05
506,0.0,lbfgs,6206,320.67148900032043,,,,3.6170815273621766e-05,4.9952070835420346e-05,0.0,0.4767995294213316,4.9952070835420346e-05
507,0.0,lbfgs,6207,320.96472930908203,,,,3.610243883796195e-05,4.988879444753409e-05,0.0,0.4764259342808089,4.988879444753409e-05
508,0.0,lbfgs,6208,321.2109797000885,,,,3.6051907467920975e-05,4.9793025169645965e-05,0.0,0.47614048214271887,4.9793025169645965e-05
509,0.0,lbfgs,6209,321.45487451553345,,,,3.598775961069124e-05,4.9663853577622465e-05,0.0,0.4758356765120414,4.9663853577622465e-05
510,0.0,lbfgs,6210,321.74647426605225,,,,3.593469913952397e-05,4.95548593812978e-05,0.0,0.4757551117422263,4.95548593812978e-05
511,0.0,lbfgs,6211,322.03027391433716,,,,3.587039468303521e-05,4.942781478436875e-05,0.0,0.47578469443841487,4.942781478436875e-05
512,0.0,lbfgs,6212,322.2860429286957,,,,3.582394126761036e-05,4.935353129853287e-05,0.0,0.475850684404907,4.935353129853287e-05
513,0.0,lbfgs,6213,322.7215485572815,,,,3.578048822367858e-05,4.934793989588428e-05,0.0,0.47607924564152126,4.934793989588428e-05
514,0.0,lbfgs,6214,322.9589776992798,,,,3.571590993472544e-05,4.928697892096067e-05,0.0,0.4761945605007768,4.928697892096067e-05
515,0.0,lbfgs,6215,323.21464371681213,,,,3.567379997591534e-05,4.9280108694988336e-05,0.0,0.47626170771203186,4.9280108694988336e-05
516,0.0,lbfgs,6216,323.6510133743286,,,,3.56363511077352e-05,4.9281801469385946e-05,0.0,0.4762213427755607,4.9281801469385946e-05
517,0.0,lbfgs,6217,323.9087884426117,,,,3.555807362433848e-05,4.9190297917003426e-05,0.0,0.4761107844809605,4.9190297917003426e-05
518,0.0,lbfgs,6218,324.37070751190186,,,,3.553868698389854e-05,4.9305673106892235e-05,0.0,0.4755541124839547,4.9305673106892235e-05
519,0.0,lbfgs,6219,324.6583149433136,,,,3.541525664433486e-05,4.901375455843705e-05,0.0,0.4755632834802955,4.901375455843705e-05
520,0.0,lbfgs,6220,324.85042667388916,,,,3.5385306740456813e-05,4.89308168458452e-05,0.0,0.47553989587585266,4.89308168458452e-05
521,0.0,lbfgs,6221,325.1705129146576,,,,3.532909059922352e-05,4.8791848582197546e-05,0.0,0.4754550775626882,4.8791848582197546e-05
522,0.0,lbfgs,6222,325.41656041145325,,,,3.524453166297177e-05,4.867309303364468e-05,0.0,0.47534545891725993,4.867309303364468e-05
523,0.0,lbfgs,6223,325.63787603378296,,,,3.523110232804148e-05,4.8491530125538526e-05,0.0,0.47530907284201274,4.8491530125538526e-05
524,0.0,lbfgs,6224,325.8786702156067,,,,3.511211945052437e-05,4.851250341512205e-05,0.0,0.4751941084660113,4.851250341512205e-05
525,0.0,lbfgs,6225,326.12044167518616,,,,3.507436332497689e-05,4.854119879504989e-05,0.0,0.475181304832193,4.854119879504989e-05
526,0.0,lbfgs,6226,326.36548805236816,,,,3.499906242480394e-05,4.8554765443874974e-05,0.0,0.47505830929219217,4.8554765443874974e-05
527,0.0,lbfgs,6227,326.5654375553131,,,,3.489940029858169e-05,4.852508988561372e-05,0.0,0.4748267103861768,4.852508988561372e-05
528,0.0,lbfgs,6228,326.90185618400574,,,,3.488157464721472e-05,4.844783318101585e-05,0.0,0.47426905171004935,4.844783318101585e-05
529,0.0,lbfgs,6229,327.1380672454834,,,,3.476806514733191e-05,4.832029219770898e-05,0.0,0.4744621302632524,4.832029219770898e-05
530,0.0,lbfgs,6230,327.34687876701355,,,,3.473263078216448e-05,4.823039498707412e-05,0.0,0.4745146337795208,4.823039498707412e-05
531,0.0,lbfgs,6231,327.6042146682739,,,,3.4668740837639804e-05,4.8028322135218946e-05,0.0,0.4746073864531125,4.8028322135218946e-05
532,0.0,lbfgs,6232,327.87376952171326,,,,3.464853935551257e-05,4.7840786431628115e-05,0.0,0.47486092044447775,4.7840786431628115e-05
533,0.0,lbfgs,6233,328.16063594818115,,,,3.457620742727666e-05,4.777265034575316e-05,0.0,0.4747257925411095,4.777265034575316e-05
534,0.0,lbfgs,6234,328.42275762557983,,,,3.453778327642411e-05,4.772208067268343e-05,0.0,0.4747542347608869,4.772208067268343e-05
535,0.0,lbfgs,6235,328.6988263130188,,,,3.449961997517415e-05,4.7661194061164534e-05,0.0,0.4747164327658872,4.7661194061164534e-05
536,0.0,lbfgs,6236,328.95440340042114,,,,3.4458514249345026e-05,4.755317122725824e-05,0.0,0.4748734983315158,4.755317122725824e-05
537,0.0,lbfgs,6237,329.19234824180603,,,,3.441285299522749e-05,4.749320350226272e-05,0.0,0.4747935515723767,4.749320350226272e-05
538,0.0,lbfgs,6238,329.4994716644287,,,,3.434858414708942e-05,4.740946856590803e-05,0.0,0.4746495260321231,4.740946856590803e-05
539,0.0,lbfgs,6239,329.7490005493164,,,,3.4301434182356276e-05,4.736815046273226e-05,0.0,0.4745464124017368,4.736815046273226e-05
540,0.0,lbfgs,6240,330.000314950943,,,,3.419620273151491e-05,4.724757377864387e-05,0.0,0.47443202439843646,4.724757377864387e-05
541,0.0,lbfgs,6241,330.4213089942932,,,,3.4139841960474715e-05,4.720611968870078e-05,0.0,0.474164604747802,4.720611968870078e-05
542,0.0,lbfgs,6242,330.77544951438904,,,,3.407470487708028e-05,4.713094203032211e-05,0.0,0.47411545676072075,4.713094203032211e-05
543,0.0,lbfgs,6243,331.0444474220276,,,,3.400801588630359e-05,4.705075469706564e-05,0.0,0.47395696875636484,4.705075469706564e-05
544,0.0,lbfgs,6244,331.2949318885803,,,,3.394904713955899e-05,4.697931951821517e-05,0.0,0.47370953675175714,4.697931951821517e-05
545,0.0,lbfgs,6245,331.5284504890442,,,,3.3851939403557206e-05,4.68864082556509e-05,0.0,0.4732814002533434,4.68864082556509e-05
546,0.0,lbfgs,6246,331.89384388923645,,,,3.380097479763805e-05,4.681302698576988e-05,0.0,0.4731216500223787,4.681302698576988e-05
547,0.0,lbfgs,6247,332.145929813385,,,,3.369985949903204e-05,4.672079868249559e-05,0.0,0.47273917424751044,4.672079868249559e-05
548,0.0,lbfgs,6248,332.39840030670166,,,,3.361754521428013e-05,4.666629442837341e-05,0.0,0.4725679041290257,4.666629442837341e-05
549,0.0,lbfgs,6249,332.65257573127747,,,,3.354681198436281e-05,4.655098823143436e-05,0.0,0.4726049167121624,4.655098823143436e-05
550,0.0,lbfgs,6250,332.89456272125244,,,,3.346546113179612e-05,4.647713805850538e-05,0.0,0.47268104587416476,4.647713805850538e-05
551,0.0,lbfgs,6251,333.13810658454895,,,,3.340564965882438e-05,4.6386653555136794e-05,0.0,0.47279754657133616,4.6386653555136794e-05
552,0.0,lbfgs,6252,333.57842111587524,,,,3.331072060377098e-05,4.6223754677192816e-05,0.0,0.47277313559143924,4.6223754677192816e-05
553,0.0,lbfgs,6253,333.84534096717834,,,,3.324223305322079e-05,4.604164503603522e-05,0.0,0.47283127733680913,4.604164503603522e-05
554,0.0,lbfgs,6254,334.0953640937805,,,,3.3196405750158575e-05,4.5961110777856603e-05,0.0,0.47267495730199427,4.5961110777856603e-05
555,0.0,lbfgs,6255,334.36941957473755,,,,3.312048202928403e-05,4.579579386746694e-05,0.0,0.4722169776309036,4.579579386746694e-05
556,0.0,lbfgs,6256,334.5925328731537,,,,3.304711975574763e-05,4.5727776411570775e-05,0.0,0.47197892982012,4.5727776411570775e-05
557,0.0,lbfgs,6257,334.88779759407043,,,,3.288404423634599e-05,4.5558992035803656e-05,0.0,0.47129208733401856,4.5558992035803656e-05
558,0.0,lbfgs,6258,335.171053647995,,,,3.282800277032755e-05,4.5529849195182344e-05,0.0,0.4711443265901354,4.5529849195182344e-05
559,0.0,lbfgs,6259,335.44344568252563,,,,3.276847890379172e-05,4.5480683654590335e-05,0.0,0.47114951750252965,4.5480683654590335e-05
560,0.0,lbfgs,6260,335.6978530883789,,,,3.2723083234029584e-05,4.541796135401199e-05,0.0,0.47111262590750413,4.541796135401199e-05
561,0.0,lbfgs,6261,335.9336791038513,,,,3.2697566361791865e-05,4.535699827032052e-05,0.0,0.47096377614471596,4.535699827032052e-05
562,0.0,lbfgs,6262,336.09032702445984,,,,3.265137641670095e-05,4.525551329212762e-05,0.0,0.4709049836564083,4.525551329212762e-05
563,0.0,lbfgs,6263,336.3479177951813,,,,3.260900775516027e-05,4.511658710876262e-05,0.0,0.4707782809045771,4.511658710876262e-05
564,0.0,lbfgs,6264,336.64734292030334,,,,3.256805342388421e-05,4.4978117594583514e-05,0.0,0.4707372747838897,4.4978117594583514e-05
565,0.0,lbfgs,6265,336.79706263542175,,,,3.2529666891171754e-05,4.4781893677714076e-05,0.0,0.4707438329953494,4.4781893677714076e-05
566,0.0,lbfgs,6266,336.9701714515686,,,,3.247361667877104e-05,4.469526760556274e-05,0.0,0.47094919133396945,4.469526760556274e-05
567,0.0,lbfgs,6267,337.20363092422485,,,,3.242965853163621e-05,4.465226133928902e-05,0.0,0.471189701847136,4.465226133928902e-05
568,0.0,lbfgs,6268,337.3629231452942,,,,3.238580649406736e-05,4.462974207260041e-05,0.0,0.47140049145541907,4.462974207260041e-05
569,0.0,lbfgs,6269,337.57063388824463,,,,3.228897861176331e-05,4.4558551999632875e-05,0.0,0.4714777941420044,4.4558551999632875e-05
570,0.0,lbfgs,6270,338.13195633888245,,,,3.223911384406318e-05,4.453853268467681e-05,0.0,0.47134122975010606,4.453853268467681e-05
571,0.0,lbfgs,6271,338.3647108078003,,,,3.216356885533639e-05,4.442687573584897e-05,0.0,0.4711591302689549,4.442687573584897e-05
572,0.0,lbfgs,6272,338.62321853637695,,,,3.212715444615229e-05,4.437256995127712e-05,0.0,0.4710826790418205,4.437256995127712e-05
573,0.0,lbfgs,6273,338.8897171020508,,,,3.203843495291788e-05,4.4137683130105185e-05,0.0,0.4708869733535228,4.4137683130105185e-05
574,0.0,lbfgs,6274,339.1489636898041,,,,3.1984258821496716e-05,4.404678358390427e-05,0.0,0.47101243597070236,4.404678358390427e-05
575,0.0,lbfgs,6275,339.31338262557983,,,,3.191264995006201e-05,4.3861642209721965e-05,0.0,0.47101776471202483,4.3861642209721965e-05
576,0.0,lbfgs,6276,339.54788732528687,,,,3.1871579342001544e-05,4.3767018672414224e-05,0.0,0.47135041232953717,4.3767018672414224e-05
577,0.0,lbfgs,6277,339.84119606018066,,,,3.177743225593042e-05,4.37137372621249e-05,0.0,0.4712720483970845,4.37137372621249e-05
578,0.0,lbfgs,6278,340.10664892196655,,,,3.1717406746203445e-05,4.3706053146257196e-05,0.0,0.47109263889438496,4.3706053146257196e-05
579,0.0,lbfgs,6279,340.36824798583984,,,,3.164873575332135e-05,4.370435333251606e-05,0.0,0.4709319636308104,4.370435333251606e-05
580,0.0,lbfgs,6280,340.57852387428284,,,,3.158401017823698e-05,4.365550589756368e-05,0.0,0.4708461708185641,4.365550589756368e-05
581,0.0,lbfgs,6281,340.83931708335876,,,,3.150489678088419e-05,4.357872467172289e-05,0.0,0.4709216914124371,4.357872467172289e-05
582,0.0,lbfgs,6282,341.08274722099304,,,,3.1453378606341914e-05,4.3460369820875835e-05,0.0,0.4710116928016203,4.3460369820875835e-05
583,0.0,lbfgs,6283,341.3631112575531,,,,3.139151681471701e-05,4.336759532765727e-05,0.0,0.47116074922041806,4.336759532765727e-05
584,0.0,lbfgs,6284,341.59167861938477,,,,3.133858634123388e-05,4.325433847989959e-05,0.0,0.47132998689275946,4.325433847989959e-05
585,0.0,lbfgs,6285,341.8192527294159,,,,3.1297662003234405e-05,4.316693785324801e-05,0.0,0.4713716605642249,4.316693785324801e-05
586,0.0,lbfgs,6286,342.10339164733887,,,,3.121938544818263e-05,4.303900935624236e-05,0.0,0.4712622126993841,4.303900935624236e-05
587,0.0,lbfgs,6287,342.5490937232971,,,,3.1192399954882156e-05,4.3018991459705534e-05,0.0,0.4714118908138668,4.3018991459705534e-05
588,0.0,lbfgs,6288,342.803213596344,,,,3.1111522587622475e-05,4.293332356768069e-05,0.0,0.4710816060242252,4.293332356768069e-05
589,0.0,lbfgs,6289,343.0767352581024,,,,3.1054163292238534e-05,4.290365546140753e-05,0.0,0.4709049108544814,4.290365546140753e-05
590,0.0,lbfgs,6290,343.274263381958,,,,3.101278577204855e-05,4.2966271692462516e-05,0.0,0.47081631954834174,4.2966271692462516e-05
591,0.0,lbfgs,6291,343.53258514404297,,,,3.095599746474936e-05,4.289049133479505e-05,0.0,0.4709238684672964,4.289049133479505e-05
592,0.0,lbfgs,6292,343.7803349494934,,,,3.0918604254532394e-05,4.283923560762793e-05,0.0,0.4711108231088987,4.283923560762793e-05
593,0.0,lbfgs,6293,343.985476732254,,,,3.088230996113395e-05,4.278179013086107e-05,0.0,0.4713216788337526,4.278179013086107e-05
594,0.0,lbfgs,6294,344.2449667453766,,,,3.083226433512763e-05,4.269218154881566e-05,0.0,0.4715133956363191,4.269218154881566e-05
595,0.0,lbfgs,6295,344.53937244415283,,,,3.0747453644979175e-05,4.2573901231054466e-05,0.0,0.47157523190972195,4.2573901231054466e-05
596,0.0,lbfgs,6296,344.9666404724121,,,,3.071165969777077e-05,4.2491125685344284e-05,0.0,0.4717550102108664,4.2491125685344284e-05
597,0.0,lbfgs,6297,345.1565034389496,,,,3.064771350174406e-05,4.2452577442905706e-05,0.0,0.47166081253304826,4.2452577442905706e-05
598,0.0,lbfgs,6298,345.44715666770935,,,,3.0599183861086156e-05,4.245162991172095e-05,0.0,0.47161691804797573,4.245162991172095e-05
599,0.0,lbfgs,6299,345.71527433395386,,,,3.054417070326688e-05,4.246226826349509e-05,0.0,0.471703620359652,4.246226826349509e-05
600,0.0,lbfgs,6300,345.96358251571655,,,,3.0474688985656315e-05,4.2473122621109445e-05,0.0,0.47204075716198696,4.2473122621109445e-05
601,0.0,lbfgs,6301,346.42996764183044,,,,3.0436093416731867e-05,4.244920067073251e-05,0.0,0.47227613035106814,4.244920067073251e-05
602,0.0,lbfgs,6302,346.6798553466797,,,,3.0379360626325895e-05,4.2423371524370835e-05,0.0,0.4725909420574284,4.2423371524370835e-05
603,0.0,lbfgs,6303,346.97678804397583,,,,3.0336899522340314e-05,4.235856859642899e-05,0.0,0.472775844603433,4.235856859642899e-05
604,0.0,lbfgs,6304,347.2426474094391,,,,3.0290934523050656e-05,4.225007986089714e-05,0.0,0.47285802592317433,4.225007986089714e-05
605,0.0,lbfgs,6305,347.7063708305359,,,,3.026326970414748e-05,4.221717516911675e-05,0.0,0.4727397189597932,4.221717516911675e-05
606,0.0,lbfgs,6306,347.95937418937683,,,,3.020918173396453e-05,4.207005624137938e-05,0.0,0.47260600766630323,4.207005624137938e-05
607,0.0,lbfgs,6307,348.24798107147217,,,,3.0169573116158666e-05,4.1986580778457445e-05,0.0,0.47235335684065055,4.1986580778457445e-05
608,0.0,lbfgs,6308,348.513685464859,,,,3.014244184531741e-05,4.195121642609979e-05,0.0,0.4721244332327138,4.195121642609979e-05
609,0.0,lbfgs,6309,348.9228889942169,,,,3.0107508597978648e-05,4.191967453160089e-05,0.0,0.4718959867440312,4.191967453160089e-05
610,0.0,lbfgs,6310,349.13076162338257,,,,3.004049092464008e-05,4.1797843354154103e-05,0.0,0.4716303968334886,4.1797843354154103e-05
611,0.0,lbfgs,6311,349.39227414131165,,,,2.9966710380842665e-05,4.172740547063936e-05,0.0,0.47133993106180166,4.172740547063936e-05
612,0.0,lbfgs,6312,349.6365976333618,,,,2.9924796422192454e-05,4.1654397351987174e-05,0.0,0.47145113415151646,4.1654397351987174e-05
613,0.0,lbfgs,6313,349.9114525318146,,,,2.9852724586153253e-05,4.152252348296653e-05,0.0,0.4715538724039513,4.152252348296653e-05
614,0.0,lbfgs,6314,350.16840052604675,,,,2.981728969301401e-05,4.137320161963257e-05,0.0,0.4717376162935112,4.137320161963257e-05
615,0.0,lbfgs,6315,350.4143795967102,,,,2.9739318110326246e-05,4.1258624690417223e-05,0.0,0.47148375763824507,4.1258624690417223e-05
616,0.0,lbfgs,6316,350.658753156662,,,,2.970462827754177e-05,4.122445166251509e-05,0.0,0.47125446316290254,4.122445166251509e-05
617,0.0,lbfgs,6317,350.92763018608093,,,,2.9669538735626747e-05,4.114326191643987e-05,0.0,0.4711097674046089,4.114326191643987e-05
618,0.0,lbfgs,6318,351.1109528541565,,,,2.966158777772855e-05,4.117039640474825e-05,0.0,0.47075777941671443,4.117039640474825e-05
619,0.0,lbfgs,6319,351.33291268348694,,,,2.9622018584289745e-05,4.107304836046636e-05,0.0,0.47093596726731113,4.107304836046636e-05
620,0.0,lbfgs,6320,351.59358620643616,,,,2.959099507495104e-05,4.09956452491955e-05,0.0,0.4710969614388468,4.09956452491955e-05
621,0.0,lbfgs,6321,351.85179924964905,,,,2.954839085025689e-05,4.090208065420006e-05,0.0,0.47126110377093045,4.090208065420006e-05
622,0.0,lbfgs,6322,352.09111738204956,,,,2.948548084717193e-05,4.0788330976161344e-05,0.0,0.47137022966967307,4.0788330976161344e-05
623,0.0,lbfgs,6323,352.5133173465729,,,,2.945119638964097e-05,4.071576907189506e-05,0.0,0.47135459605592867,4.071576907189506e-05
624,0.0,lbfgs,6324,352.78508257865906,,,,2.9395810608614682e-05,4.058941327137462e-05,0.0,0.4712717694970761,4.058941327137462e-05
625,0.0,lbfgs,6325,353.0272569656372,,,,2.93639475906883e-05,4.0572564871190686e-05,0.0,0.4711868894190218,4.0572564871190686e-05
626,0.0,lbfgs,6326,353.97591614723206,,,,2.9296680490265352e-05,4.049855935984638e-05,0.0,0.47109823098957204,4.049855935984638e-05
627,0.0,lbfgs,6327,354.2781627178192,,,,2.9240187660264967e-05,4.053177616207906e-05,0.0,0.470832591688878,4.053177616207906e-05
628,0.0,lbfgs,6328,354.51837253570557,,,,2.918632096483494e-05,4.044643239422442e-05,0.0,0.4709741190598512,4.044643239422442e-05
629,0.0,lbfgs,6329,354.79947900772095,,,,2.9140820526491514e-05,4.043918468532141e-05,0.0,0.47095195747461205,4.043918468532141e-05
630,0.0,lbfgs,6330,355.04864525794983,,,,2.909474883462031e-05,4.0401146100585496e-05,0.0,0.47090610553147727,4.0401146100585496e-05
631,0.0,lbfgs,6331,355.3450605869293,,,,2.905876397311824e-05,4.0377920091341736e-05,0.0,0.47076955038472296,4.0377920091341736e-05
632,0.0,lbfgs,6332,355.5717544555664,,,,2.8997146203750787e-05,4.030220990603178e-05,0.0,0.4704148706945967,4.030220990603178e-05
633,0.0,lbfgs,6333,355.7958834171295,,,,2.8945671140860468e-05,4.020218598727781e-05,0.0,0.4702020494613751,4.020218598727781e-05
634,0.0,lbfgs,6334,356.0963661670685,,,,2.889457754266078e-05,4.0094668813025835e-05,0.0,0.4700872910171112,4.0094668813025835e-05
635,0.0,lbfgs,6335,356.38653016090393,,,,2.8849129771560825e-05,3.9914112187668576e-05,0.0,0.4701609254455654,3.9914112187668576e-05
636,0.0,lbfgs,6336,356.70824813842773,,,,2.879032937030119e-05,3.983266406654007e-05,0.0,0.47036678173240415,3.983266406654007e-05
637,0.0,lbfgs,6337,356.9443016052246,,,,2.8751535634089657e-05,3.9785452553112294e-05,0.0,0.47066077730312655,3.9785452553112294e-05
638,0.0,lbfgs,6338,357.1485917568207,,,,2.8719750034111337e-05,3.9752330637366087e-05,0.0,0.4709148490083473,3.9752330637366087e-05
639,0.0,lbfgs,6339,357.41146659851074,,,,2.868350035283203e-05,3.972496499792863e-05,0.0,0.4710492070126274,3.972496499792863e-05
640,0.0,lbfgs,6340,357.7272365093231,,,,2.861925129111048e-05,3.968633627478337e-05,0.0,0.47093422944195973,3.968633627478337e-05
641,0.0,lbfgs,6341,358.20095038414,,,,2.859739089746544e-05,3.966184925874633e-05,0.0,0.47099915387142116,3.966184925874633e-05
642,0.0,lbfgs,6342,358.48817467689514,,,,2.854666769088106e-05,3.964169459712933e-05,0.0,0.4706060310187207,3.964169459712933e-05
643,0.0,lbfgs,6343,358.70064544677734,,,,2.8505088844609813e-05,3.960806409158291e-05,0.0,0.47011752019919306,3.960806409158291e-05
644,0.0,lbfgs,6344,358.954092502594,,,,2.8466598633634357e-05,3.9560012564441885e-05,0.0,0.4697145860300111,3.9560012564441885e-05
645,0.0,lbfgs,6345,359.2147448062897,,,,2.8421209499136763e-05,3.944806912887676e-05,0.0,0.46922540902946946,3.944806912887676e-05
646,0.0,lbfgs,6346,359.44024658203125,,,,2.8397917925626222e-05,3.939569234934863e-05,0.0,0.4689260218295194,3.939569234934863e-05
647,0.0,lbfgs,6347,359.724515914917,,,,2.8340384246483362e-05,3.9311510405718264e-05,0.0,0.4690770285154391,3.9311510405718264e-05
648,0.0,lbfgs,6348,359.9599301815033,,,,2.831102046859535e-05,3.926068377248077e-05,0.0,0.4692380865338774,3.926068377248077e-05
649,0.0,lbfgs,6349,360.1988089084625,,,,2.8287575011740197e-05,3.922594241915082e-05,0.0,0.46929416181893374,3.922594241915082e-05
650,0.0,lbfgs,6350,360.40814089775085,,,,2.824340256698624e-05,3.918359667864149e-05,0.0,0.46926077835435026,3.918359667864149e-05
651,0.0,lbfgs,6351,360.6463780403137,,,,2.8194742440525733e-05,3.9057692170938196e-05,0.0,0.46926233609112494,3.9057692170938196e-05
652,0.0,lbfgs,6352,360.8773868083954,,,,2.8114522644510185e-05,3.9083434420164885e-05,0.0,0.4691958041987369,3.9083434420164885e-05
653,0.0,lbfgs,6353,361.1340889930725,,,,2.80819892163177e-05,3.905792712294193e-05,0.0,0.46912933550885955,3.905792712294193e-05
654,0.0,lbfgs,6354,361.4187114238739,,,,2.8039431763012574e-05,3.900216722107334e-05,0.0,0.46908070676415053,3.900216722107334e-05
655,0.0,lbfgs,6355,361.66100788116455,,,,2.799142514363751e-05,3.891804507520133e-05,0.0,0.46905464341813774,3.891804507520133e-05
656,0.0,lbfgs,6356,361.956711769104,,,,2.792219773777297e-05,3.879768221453916e-05,0.0,0.4691425024097484,3.879768221453916e-05
657,0.0,lbfgs,6357,362.255318403244,,,,2.786030786324499e-05,3.8697088453885105e-05,0.0,0.4692628035056512,3.8697088453885105e-05
658,0.0,lbfgs,6358,362.60252380371094,,,,2.7828908281201707e-05,3.872128787960547e-05,0.0,0.4690996106996172,3.872128787960547e-05
659,0.0,lbfgs,6359,362.830215215683,,,,2.7799439455297838e-05,3.8701030131254155e-05,0.0,0.4691481581673908,3.8701030131254155e-05
660,0.0,lbfgs,6360,363.08756160736084,,,,2.7763686695497098e-05,3.868168934080586e-05,0.0,0.46901924986035265,3.868168934080586e-05
661,0.0,lbfgs,6361,363.31145310401917,,,,2.7700806886846027e-05,3.865299748212867e-05,0.0,0.4686376860822037,3.865299748212867e-05
662,0.0,lbfgs,6362,363.47606348991394,,,,2.7625165695640907e-05,3.85939781481445e-05,0.0,0.46817424899569343,3.85939781481445e-05
663,0.0,lbfgs,6363,363.70411920547485,,,,2.761090089530977e-05,3.8596308178625395e-05,0.0,0.46776368620802966,3.8596308178625395e-05
664,0.0,lbfgs,6364,363.97567319869995,,,,2.7515845529120826e-05,3.8448041440158707e-05,0.0,0.467661383680502,3.8448041440158707e-05
665,0.0,lbfgs,6365,364.2461829185486,,,,2.7485893638060173e-05,3.839597877782806e-05,0.0,0.4678061125124721,3.839597877782806e-05
666,0.0,lbfgs,6366,364.50284910202026,,,,2.744477128376174e-05,3.831410937345362e-05,0.0,0.4679459147450681,3.831410937345362e-05
667,0.0,lbfgs,6367,364.75620460510254,,,,2.741629801445989e-05,3.8251101610778206e-05,0.0,0.46836676139572553,3.8251101610778206e-05
668,0.0,lbfgs,6368,365.0420072078705,,,,2.7396368054585246e-05,3.822391875314288e-05,0.0,0.46837584350207545,3.822391875314288e-05
669,0.0,lbfgs,6369,365.30696964263916,,,,2.7357649927078046e-05,3.818218035096157e-05,0.0,0.4684031858872365,3.818218035096157e-05
670,0.0,lbfgs,6370,365.5556285381317,,,,2.7320167533538094e-05,3.817525676449206e-05,0.0,0.46848789892415554,3.817525676449206e-05
671,0.0,lbfgs,6371,365.9491751194,,,,2.7303651746223138e-05,3.8114426073948836e-05,0.0,0.4686065682505021,3.8114426073948836e-05
672,0.0,lbfgs,6372,366.17849469184875,,,,2.726092612583364e-05,3.8135830545261004e-05,0.0,0.46873922449222655,3.8135830545261004e-05
673,0.0,lbfgs,6373,366.4412763118744,,,,2.723390015726972e-05,3.814288968857461e-05,0.0,0.46884515416211486,3.814288968857461e-05
674,0.0,lbfgs,6374,366.7388617992401,,,,2.720807101108499e-05,3.8137553577930184e-05,0.0,0.46896352543093545,3.8137553577930184e-05
675,0.0,lbfgs,6375,367.08274102211,,,,2.7173135588218488e-05,3.811579576832598e-05,0.0,0.4690612520629458,3.811579576832598e-05
676,0.0,lbfgs,6376,367.3409779071808,,,,2.7104670662516347e-05,3.80781511479011e-05,0.0,0.46910740335263434,3.80781511479011e-05
677,0.0,lbfgs,6377,367.57831168174744,,,,2.7006468124188236e-05,3.801318323983485e-05,0.0,0.468837828062317,3.801318323983485e-05
678,0.0,lbfgs,6378,368.01320719718933,,,,2.6957514675929296e-05,3.80215602739269e-05,0.0,0.4686154880144668,3.80215602739269e-05
679,0.0,lbfgs,6379,368.23196172714233,,,,2.68983832881141e-05,3.7951313334722084e-05,0.0,0.4682913559220473,3.7951313334722084e-05
680,0.0,lbfgs,6380,368.5001320838928,,,,2.6863843899699917e-05,3.790288424514866e-05,0.0,0.46799258553814105,3.790288424514866e-05
681,0.0,lbfgs,6381,368.72233390808105,,,,2.6832479132895096e-05,3.78485431060627e-05,0.0,0.46786774261717573,3.78485431060627e-05
682,0.0,lbfgs,6382,368.97191619873047,,,,2.6787624098002362e-05,3.779584844372716e-05,0.0,0.4674634354140015,3.779584844372716e-05
683,0.0,lbfgs,6383,369.2026970386505,,,,2.673005904976346e-05,3.765204768614983e-05,0.0,0.4674644817060739,3.765204768614983e-05
684,0.0,lbfgs,6384,369.40879702568054,,,,2.67006577349652e-05,3.76119430973594e-05,0.0,0.4676622938983731,3.76119430973594e-05
685,0.0,lbfgs,6385,369.61852502822876,,,,2.667290837751924e-05,3.75708901903568e-05,0.0,0.46788035610132755,3.75708901903568e-05
686,0.0,lbfgs,6386,369.93645572662354,,,,2.6651053214598123e-05,3.753856471167081e-05,0.0,0.46799718331946044,3.753856471167081e-05
687,0.0,lbfgs,6387,370.18274688720703,,,,2.657871166469995e-05,3.746210422559711e-05,0.0,0.46820270288323945,3.746210422559711e-05
688,0.0,lbfgs,6388,370.57625222206116,,,,2.6551644833668355e-05,3.7405645851714095e-05,0.0,0.46844845954483555,3.7405645851714095e-05
689,0.0,lbfgs,6389,370.810289144516,,,,2.6495691431208678e-05,3.7348679465711426e-05,0.0,0.46840558962866197,3.7348679465711426e-05
690,0.0,lbfgs,6390,371.036208152771,,,,2.6447859136009065e-05,3.738424338442013e-05,0.0,0.4682603898741997,3.738424338442013e-05
691,0.0,lbfgs,6391,371.31685876846313,,,,2.641447729183339e-05,3.7362758107495995e-05,0.0,0.4681084514461902,3.7362758107495995e-05
692,0.0,lbfgs,6392,371.5680272579193,,,,2.6377458700334526e-05,3.736329933790604e-05,0.0,0.4679974002619585,3.736329933790604e-05
693,0.0,lbfgs,6393,371.87844729423523,,,,2.6354427923380825e-05,3.740620175775722e-05,0.0,0.46811736259131986,3.740620175775722e-05
694,0.0,lbfgs,6394,372.1492395401001,,,,2.6287420423667936e-05,3.735769433741695e-05,0.0,0.4677688133531466,3.735769433741695e-05
695,0.0,lbfgs,6395,372.43071031570435,,,,2.626367099554388e-05,3.7326697088955876e-05,0.0,0.4677557336354759,3.7326697088955876e-05
696,0.0,lbfgs,6396,372.71118426322937,,,,2.6231340255484205e-05,3.728308215850312e-05,0.0,0.46770342838004964,3.728308215850312e-05
697,0.0,lbfgs,6397,372.98764514923096,,,,2.6174166053463884e-05,3.721383882965845e-05,0.0,0.4676996074748127,3.721383882965845e-05
698,0.0,lbfgs,6398,373.2277715206146,,,,2.6103874799070365e-05,3.711490960273256e-05,0.0,0.46745511321006245,3.711490960273256e-05
699,0.0,lbfgs,6399,373.6596112251282,,,,2.6078095920802276e-05,3.711362819654308e-05,0.0,0.46741433645166963,3.711362819654308e-05
700,0.0,lbfgs,6400,373.84692764282227,,,,2.6048475835130313e-05,3.709669364451787e-05,0.0,0.4674373673076635,3.709669364451787e-05
701,0.0,lbfgs,6401,374.0777819156647,,,,2.5989334260239528e-05,3.706382381125721e-05,0.0,0.46734246135882396,3.706382381125721e-05
702,0.0,lbfgs,6402,374.3158543109894,,,,2.5921044573290376e-05,3.703269613693494e-05,0.0,0.4674807729461114,3.703269613693494e-05
703,0.0,lbfgs,6403,374.56533312797546,,,,2.587451953377169e-05,3.703135983100656e-05,0.0,0.4673651070224687,3.703135983100656e-05
704,0.0,lbfgs,6404,374.8423397541046,,,,2.5834366786170948e-05,3.694124028073098e-05,0.0,0.46745099066266793,3.694124028073098e-05
705,0.0,lbfgs,6405,375.11821484565735,,,,2.580003653221943e-05,3.6895333156065965e-05,0.0,0.4675056508826259,3.6895333156065965e-05
706,0.0,lbfgs,6406,375.4000337123871,,,,2.5743982977969645e-05,3.680218377412242e-05,0.0,0.4675270396101203,3.680218377412242e-05
707,0.0,lbfgs,6407,375.65336871147156,,,,2.5675298256395273e-05,3.6674894065739014e-05,0.0,0.46744324154895883,3.6674894065739014e-05
708,0.0,lbfgs,6408,376.1050419807434,,,,2.5639322340197594e-05,3.6610135095760496e-05,0.0,0.46733139281020275,3.6610135095760496e-05
709,0.0,lbfgs,6409,376.3432676792145,,,,2.5587889354845252e-05,3.6569528682881905e-05,0.0,0.4669497973663042,3.6569528682881905e-05
710,0.0,lbfgs,6410,376.5867006778717,,,,2.5548742329315076e-05,3.648400934641051e-05,0.0,0.4669313621790104,3.648400934641051e-05
711,0.0,lbfgs,6411,376.87826228141785,,,,2.552516877579154e-05,3.647160065202904e-05,0.0,0.4668599175199688,3.647160065202904e-05
712,0.0,lbfgs,6412,377.151558637619,,,,2.5469249196670897e-05,3.6453216089252894e-05,0.0,0.4667626823283467,3.6453216089252894e-05
713,0.0,lbfgs,6413,377.382693529129,,,,2.5417504385552067e-05,3.647026306563948e-05,0.0,0.4667991482184827,3.647026306563948e-05
714,0.0,lbfgs,6414,377.62469506263733,,,,2.5390037403777303e-05,3.646958309819129e-05,0.0,0.4667978256429324,3.646958309819129e-05
715,0.0,lbfgs,6415,377.8998508453369,,,,2.5369314875588985e-05,3.646215055876366e-05,0.0,0.4668429211643745,3.646215055876366e-05
716,0.0,lbfgs,6416,378.1504294872284,,,,2.5327655211200498e-05,3.6436901771417306e-05,0.0,0.46690889364741833,3.6436901771417306e-05
717,0.0,lbfgs,6417,378.41917538642883,,,,2.5295424306656936e-05,3.648158055535539e-05,0.0,0.46657819361274705,3.648158055535539e-05
718,0.0,lbfgs,6418,378.6985094547272,,,,2.523426840043482e-05,3.639162428347451e-05,0.0,0.4667223056765118,3.639162428347451e-05
719,0.0,lbfgs,6419,378.99631094932556,,,,2.5215391598699036e-05,3.6372702720103295e-05,0.0,0.46669510321327873,3.6372702720103295e-05
720,0.0,lbfgs,6420,379.26857709884644,,,,2.518460872048692e-05,3.633605964315184e-05,0.0,0.46653853344205926,3.633605964315184e-05
721,0.0,lbfgs,6421,379.5523507595062,,,,2.514272311353569e-05,3.6287815150857275e-05,0.0,0.4665841115264386,3.6287815150857275e-05
722,0.0,lbfgs,6422,379.81122946739197,,,,2.508422127315554e-05,3.620998891345693e-05,0.0,0.4667561066499438,3.620998891345693e-05
723,0.0,lbfgs,6423,380.05751371383667,,,,2.5052112096981833e-05,3.611459731065026e-05,0.0,0.46721023376759485,3.611459731065026e-05
724,0.0,lbfgs,6424,380.5732207298279,,,,2.500734937125779e-05,3.6121797660399675e-05,0.0,0.4672750497048233,3.6121797660399675e-05
725,0.0,lbfgs,6425,380.8566036224365,,,,2.498702802011834e-05,3.6146149741430514e-05,0.0,0.467336937427497,3.6146149741430514e-05
726,0.0,lbfgs,6426,381.0999412536621,,,,2.4965996578621105e-05,3.618306815014613e-05,0.0,0.4674003805939826,3.618306815014613e-05
727,0.0,lbfgs,6427,381.354768037796,,,,2.4936640568408016e-05,3.6205657926851254e-05,0.0,0.46742669352652044,3.6205657926851254e-05
728,0.0,lbfgs,6428,381.70907187461853,,,,2.4868836976655063e-05,3.617232752385722e-05,0.0,0.4672897676068034,3.617232752385722e-05
729,0.0,lbfgs,6429,381.98663306236267,,,,2.481778911234801e-05,3.611587740591783e-05,0.0,0.467048718977933,3.611587740591783e-05
730,0.0,lbfgs,6430,382.3154344558716,,,,2.476370108333099e-05,3.600429226895414e-05,0.0,0.46683524556059963,3.600429226895414e-05
731,0.0,lbfgs,6431,382.5547046661377,,,,2.472374710667693e-05,3.582898087584155e-05,0.0,0.4666479629802985,3.582898087584155e-05
732,0.0,lbfgs,6432,382.70575761795044,,,,2.4695988638247446e-05,3.574437987227619e-05,0.0,0.46647511717968154,3.574437987227619e-05
733,0.0,lbfgs,6433,382.9195177555084,,,,2.46645159641605e-05,3.5678233644469325e-05,0.0,0.4664470770746035,3.5678233644469325e-05
734,0.0,lbfgs,6434,383.1023063659668,,,,2.4605950828810793e-05,3.5603071171069686e-05,0.0,0.4665648721950871,3.5603071171069686e-05
735,0.0,lbfgs,6435,383.3585648536682,,,,2.456319744623504e-05,3.5557339007263375e-05,0.0,0.46663773930947644,3.5557339007263375e-05
736,0.0,lbfgs,6436,383.6798632144928,,,,2.4486666077892392e-05,3.549869499587047e-05,0.0,0.46698854001338197,3.549869499587047e-05
737,0.0,lbfgs,6437,384.10825991630554,,,,2.4446566701298446e-05,3.541306141781067e-05,0.0,0.46663532384932244,3.541306141781067e-05
738,0.0,lbfgs,6438,384.36373591423035,,,,2.4391799512561974e-05,3.539046374542671e-05,0.0,0.46670618413396897,3.539046374542671e-05
739,0.0,lbfgs,6439,384.5680229663849,,,,2.4345196613242795e-05,3.533000597958754e-05,0.0,0.4668721202810957,3.533000597958754e-05
740,0.0,lbfgs,6440,384.8789737224579,,,,2.430932173656063e-05,3.529157858531974e-05,0.0,0.4667610802482537,3.529157858531974e-05
741,0.0,lbfgs,6441,385.16349935531616,,,,2.4279562947219682e-05,3.5239246593244236e-05,0.0,0.46677771149335157,3.5239246593244236e-05
742,0.0,lbfgs,6442,385.42293334007263,,,,2.4235580300990912e-05,3.5222799095808786e-05,0.0,0.46659637049307423,3.5222799095808786e-05
743,0.0,lbfgs,6443,385.6744318008423,,,,2.418243474581095e-05,3.524335117606788e-05,0.0,0.4664258515705157,3.524335117606788e-05
744,0.0,lbfgs,6444,385.9082717895508,,,,2.4141664851271135e-05,3.525733998197844e-05,0.0,0.46639099747400686,3.525733998197844e-05
745,0.0,lbfgs,6445,386.1577241420746,,,,2.4103194047414136e-05,3.5232245319988896e-05,0.0,0.4667128514516171,3.5232245319988896e-05
746,0.0,lbfgs,6446,386.4087040424347,,,,2.4075601162934034e-05,3.5258463133742274e-05,0.0,0.4665950437948399,3.5258463133742274e-05
747,0.0,lbfgs,6447,386.69430232048035,,,,2.4054551685122282e-05,3.521694682318919e-05,0.0,0.4666823996333764,3.521694682318919e-05
748,0.0,lbfgs,6448,386.9522430896759,,,,2.4026317199848642e-05,3.517152273560256e-05,0.0,0.4668216228363819,3.517152273560256e-05
749,0.0,lbfgs,6449,387.2011706829071,,,,2.399828712511542e-05,3.513522612699665e-05,0.0,0.46692097785528186,3.513522612699665e-05
750,0.0,lbfgs,6450,387.44005036354065,,,,2.3941088683719368e-05,3.5025656087807364e-05,0.0,0.46719161070088594,3.5025656087807364e-05
751,0.0,lbfgs,6451,387.70843029022217,,,,2.3888663871098606e-05,3.486781478347551e-05,0.0,0.46725144742286284,3.486781478347551e-05
752,0.0,lbfgs,6452,387.91688561439514,,,,2.3834501283727407e-05,3.477795338675728e-05,0.0,0.4674597284332176,3.477795338675728e-05
753,0.0,lbfgs,6453,388.1546006202698,,,,2.3796462484733287e-05,3.475126326561756e-05,0.0,0.4672990902837117,3.475126326561756e-05
754,0.0,lbfgs,6454,388.3930313587189,,,,2.3769458616973193e-05,3.4718291806388835e-05,0.0,0.4671260852174213,3.4718291806388835e-05
755,0.0,lbfgs,6455,388.65560960769653,,,,2.3730396794701627e-05,3.4647916482827545e-05,0.0,0.4669918015721986,3.4647916482827545e-05
756,0.0,lbfgs,6456,389.0069634914398,,,,2.3676631074476145e-05,3.448987490335803e-05,0.0,0.4668161478881755,3.448987490335803e-05
757,0.0,lbfgs,6457,389.3166182041168,,,,2.3643678078358552e-05,3.444639917366816e-05,0.0,0.46655117395580553,3.444639917366816e-05
758,0.0,lbfgs,6458,389.5910875797272,,,,2.362699202885718e-05,3.4438705176914506e-05,0.0,0.466609097520016,3.4438705176914506e-05
759,0.0,lbfgs,6459,389.82873725891113,,,,2.3599647033455025e-05,3.4408617953772855e-05,0.0,0.46662782374408945,3.4408617953772855e-05
760,0.0,lbfgs,6460,390.0688986778259,,,,2.3571509269014602e-05,3.4349177078084705e-05,0.0,0.4666443948738097,3.4349177078084705e-05
761,0.0,lbfgs,6461,390.33027720451355,,,,2.3513892752209554e-05,3.4208856059470675e-05,0.0,0.46671747322077006,3.4208856059470675e-05
762,0.0,lbfgs,6462,390.5840709209442,,,,2.349903007048054e-05,3.394182576116762e-05,0.0,0.4672376333900598,3.394182576116762e-05
763,0.0,lbfgs,6463,390.801171541214,,,,2.344673706058616e-05,3.3958880103961696e-05,0.0,0.46702811774665004,3.3958880103961696e-05
764,0.0,lbfgs,6464,390.9726903438568,,,,2.343448092652181e-05,3.394466839123761e-05,0.0,0.4670255537545766,3.394466839123761e-05
765,0.0,lbfgs,6465,391.19049763679504,,,,2.3416299967899784e-05,3.390891863761479e-05,0.0,0.4670856049591702,3.390891863761479e-05
766,0.0,lbfgs,6466,391.50424098968506,,,,2.3385138540358267e-05,3.388440851401994e-05,0.0,0.4670946082910811,3.388440851401994e-05
767,0.0,lbfgs,6467,391.75902128219604,,,,2.335000875056247e-05,3.379318121433495e-05,0.0,0.4672888114489505,3.379318121433495e-05
768,0.0,lbfgs,6468,392.03313875198364,,,,2.332492384294363e-05,3.376072405118388e-05,0.0,0.4673118984106767,3.376072405118388e-05
769,0.0,lbfgs,6469,392.27906489372253,,,,2.3285406427413932e-05,3.3720100557847025e-05,0.0,0.4672494289000622,3.3720100557847025e-05
770,0.0,lbfgs,6470,392.6610062122345,,,,2.3278802265519306e-05,3.3676226592068684e-05,0.0,0.46745472915152386,3.3676226592068684e-05
771,0.0,lbfgs,6471,392.88553047180176,,,,2.3237298359198646e-05,3.363258702482243e-05,0.0,0.4673137940557512,3.363258702482243e-05
772,0.0,lbfgs,6472,393.18859243392944,,,,2.3217331928566818e-05,3.3588939889021325e-05,0.0,0.46730214656309726,3.3588939889021325e-05
773,0.0,lbfgs,6473,393.4191343784332,,,,2.3193912615631106e-05,3.351500976028923e-05,0.0,0.46735216330603196,3.351500976028923e-05
774,0.0,lbfgs,6474,393.66739320755005,,,,2.3160300206211204e-05,3.3435323275042736e-05,0.0,0.4673603804798042,3.3435323275042736e-05
775,0.0,lbfgs,6475,394.07447504997253,,,,2.3150891021823612e-05,3.3422855639803286e-05,0.0,0.4672411417395614,3.3422855639803286e-05
776,0.0,lbfgs,6476,394.3135254383087,,,,2.3120518174876138e-05,3.333206352959455e-05,0.0,0.4672182596981197,3.333206352959455e-05
777,0.0,lbfgs,6477,394.5756540298462,,,,2.3100720287812192e-05,3.328109961156393e-05,0.0,0.46709908534129435,3.328109961156393e-05
778,0.0,lbfgs,6478,394.85809302330017,,,,2.3065218965017844e-05,3.322114065810181e-05,0.0,0.4668495031039768,3.322114065810181e-05
779,0.0,lbfgs,6479,395.1088659763336,,,,2.3029667789521945e-05,3.31446639472453e-05,0.0,0.4667522773080812,3.31446639472453e-05
780,0.0,lbfgs,6480,395.387624502182,,,,2.298309019932006e-05,3.306748828832714e-05,0.0,0.46673405945795476,3.306748828832714e-05
781,0.0,lbfgs,6481,395.6469452381134,,,,2.2948837355695783e-05,3.299303167280036e-05,0.0,0.4667192281111928,3.299303167280036e-05
782,0.0,lbfgs,6482,395.9017140865326,,,,2.291894252996261e-05,3.299059547331663e-05,0.0,0.46694724069472177,3.299059547331663e-05
783,0.0,lbfgs,6483,396.1654522418976,,,,2.2899682513971963e-05,3.297869489707819e-05,0.0,0.46705781878129093,3.297869489707819e-05
784,0.0,lbfgs,6484,396.41186594963074,,,,2.2868739965933456e-05,3.293718428632724e-05,0.0,0.46709942852445885,3.293718428632724e-05
785,0.0,lbfgs,6485,396.68088960647583,,,,2.2864111507442253e-05,3.2978329750941425e-05,0.0,0.4667293065994918,3.2978329750941425e-05
786,0.0,lbfgs,6486,396.9637598991394,,,,2.2822442034841567e-05,3.2876938120444935e-05,0.0,0.4668754703213321,3.2876938120444935e-05
787,0.0,lbfgs,6487,397.1826033592224,,,,2.2809712915097614e-05,3.284672316222809e-05,0.0,0.4668359167094854,3.284672316222809e-05
788,0.0,lbfgs,6488,397.4277865886688,,,,2.2777743439158832e-05,3.276134641510756e-05,0.0,0.46671195433761276,3.276134641510756e-05
789,0.0,lbfgs,6489,397.6526584625244,,,,2.273380479792379e-05,3.265630993952879e-05,0.0,0.46660777266929554,3.265630993952879e-05
790,0.0,lbfgs,6490,398.0938518047333,,,,2.2715171498271464e-05,3.257805404504417e-05,0.0,0.46659340374743596,3.257805404504417e-05
791,0.0,lbfgs,6491,398.31110310554504,,,,2.2684874288694798e-05,3.2523127282216776e-05,0.0,0.46659350769884406,3.2523127282216776e-05
792,0.0,lbfgs,6492,398.5022692680359,,,,2.265683188948183e-05,3.248804100971976e-05,0.0,0.466681129850682,3.248804100971976e-05
793,0.0,lbfgs,6493,398.73423433303833,,,,2.262962961809608e-05,3.245141580697156e-05,0.0,0.46679156221127976,3.245141580697156e-05
794,0.0,lbfgs,6494,399.00987434387207,,,,2.2579610269440788e-05,3.239353700115606e-05,0.0,0.46698489972387763,3.239353700115606e-05
795,0.0,lbfgs,6495,399.4477713108063,,,,2.2552033398427013e-05,3.2360306094277e-05,0.0,0.46707411172299124,3.2360306094277e-05
796,0.0,lbfgs,6496,399.67365765571594,,,,2.2509755693550217e-05,3.231637505338684e-05,0.0,0.4672743185583991,3.231637505338684e-05
797,0.0,lbfgs,6497,399.9638776779175,,,,2.248583833884751e-05,3.2284488335114335e-05,0.0,0.4673055546214927,3.2284488335114335e-05
798,0.0,lbfgs,6498,400.1920144557953,,,,2.246712994069759e-05,3.22366689367121e-05,0.0,0.4676023934410328,3.22366689367121e-05
799,0.0,lbfgs,6499,400.41690492630005,,,,2.2445107024448473e-05,3.220409168129814e-05,0.0,0.46753260927267776,3.220409168129814e-05
800,0.0,lbfgs,6500,400.65001010894775,,,,2.2417683821494735e-05,3.2150939584053514e-05,0.0,0.4675967052596094,3.2150939584053514e-05
801,0.0,lbfgs,6501,400.97741651535034,,,,2.238496026241349e-05,3.2049698748586394e-05,0.0,0.4678369902612363,3.2049698748586394e-05
802,0.0,lbfgs,6502,401.2171230316162,,,,2.2339000068422845e-05,3.188749876133419e-05,0.0,0.46792664971766773,3.188749876133419e-05
803,0.0,lbfgs,6503,401.44452476501465,,,,2.2283394086853367e-05,3.1650365892758695e-05,0.0,0.46802061601883105,3.1650365892758695e-05
804,0.0,lbfgs,6504,401.8873677253723,,,,2.226516901470357e-05,3.156267267052559e-05,0.0,0.4679483465989244,3.156267267052559e-05
805,0.0,lbfgs,6505,402.1608726978302,,,,2.224293932559675e-05,3.1524253092390156e-05,0.0,0.4678528738291681,3.1524253092390156e-05
806,0.0,lbfgs,6506,402.4379975795746,,,,2.221021550148227e-05,3.146716738660916e-05,0.0,0.46775725806082885,3.146716738660916e-05
807,0.0,lbfgs,6507,402.752464056015,,,,2.2187041965292257e-05,3.146798001145138e-05,0.0,0.46769783383048363,3.146798001145138e-05
808,0.0,lbfgs,6508,403.0255432128906,,,,2.2155076120538987e-05,3.141627183325113e-05,0.0,0.4677927713170674,3.141627183325113e-05
809,0.0,lbfgs,6509,403.28871631622314,,,,2.2122281865392788e-05,3.1363535066004325e-05,0.0,0.4679968730425192,3.1363535066004325e-05
810,0.0,lbfgs,6510,403.49508929252625,,,,2.2111082420449177e-05,3.1336384788089513e-05,0.0,0.4680302108703017,3.1336384788089513e-05
811,0.0,lbfgs,6511,403.72961950302124,,,,2.208489845183374e-05,3.1297118294476505e-05,0.0,0.4680613422928425,3.1297118294476505e-05
812,0.0,lbfgs,6512,403.97916078567505,,,,2.2063449272502256e-05,3.1257081104237485e-05,0.0,0.46802883455985084,3.1257081104237485e-05
813,0.0,lbfgs,6513,404.3498058319092,,,,2.2041919152473014e-05,3.1212224006005306e-05,0.0,0.46792702819425486,3.1212224006005306e-05
814,0.0,lbfgs,6514,404.52218770980835,,,,2.2012230542003333e-05,3.116089446278038e-05,0.0,0.4678174768814204,3.116089446278038e-05
815,0.0,lbfgs,6515,404.9669461250305,,,,2.1991620024785457e-05,3.116331749091578e-05,0.0,0.46762897330839687,3.116331749091578e-05
816,0.0,lbfgs,6516,405.2077052593231,,,,2.1961697895874685e-05,3.112927667370585e-05,0.0,0.46759737397049084,3.112927667370585e-05
817,0.0,lbfgs,6517,405.41752767562866,,,,2.1944602327568873e-05,3.113830314049389e-05,0.0,0.46766410388638635,3.113830314049389e-05
818,0.0,lbfgs,6518,405.6828360557556,,,,2.1922633652991e-05,3.115733221852975e-05,0.0,0.46783331259274663,3.115733221852975e-05
819,0.0,lbfgs,6519,405.93450474739075,,,,2.189281243529346e-05,3.115690115922962e-05,0.0,0.46809355205026193,3.115690115922962e-05
820,0.0,lbfgs,6520,406.1671018600464,,,,2.1865810028663087e-05,3.115443292853528e-05,0.0,0.4683683149616572,3.115443292853528e-05
821,0.0,lbfgs,6521,406.45069694519043,,,,2.184888740277632e-05,3.1159255490118534e-05,0.0,0.46839987220959173,3.1159255490118534e-05
822,0.0,lbfgs,6522,406.6710181236267,,,,2.182873462631971e-05,3.1153485917296354e-05,0.0,0.46839426659443917,3.1153485917296354e-05
823,0.0,lbfgs,6523,407.136111497879,,,,2.1818256141105186e-05,3.11460527122069e-05,0.0,0.4683785829194692,3.11460527122069e-05
824,0.0,lbfgs,6524,407.35538601875305,,,,2.179797720790473e-05,3.112688396186745e-05,0.0,0.4684123993597319,3.112688396186745e-05
825,0.0,lbfgs,6525,407.60820508003235,,,,2.176708990710317e-05,3.1070011600172075e-05,0.0,0.4685682276650063,3.1070011600172075e-05
826,0.0,lbfgs,6526,407.8755533695221,,,,2.1743667873902367e-05,3.0995649556252465e-05,0.0,0.4687602848205178,3.0995649556252465e-05
827,0.0,lbfgs,6527,408.11059856414795,,,,2.171932715230483e-05,3.089297792059939e-05,0.0,0.46900537249873003,3.089297792059939e-05
828,0.0,lbfgs,6528,408.5458607673645,,,,2.1705856281983023e-05,3.081747648985973e-05,0.0,0.46908220758981334,3.081747648985973e-05
829,0.0,lbfgs,6529,408.8232305049896,,,,2.1691916371273252e-05,3.076497241238887e-05,0.0,0.46911631402874115,3.076497241238887e-05
830,0.0,lbfgs,6530,409.080379486084,,,,2.1680307165688778e-05,3.073388510605429e-05,0.0,0.4690636866594201,3.073388510605429e-05
831,0.0,lbfgs,6531,409.33300280570984,,,,2.1667077218848992e-05,3.071451836831632e-05,0.0,0.468961795567187,3.071451836831632e-05
832,0.0,lbfgs,6532,409.57085609436035,,,,2.16376375776579e-05,3.068038466354074e-05,0.0,0.4687440902179016,3.068038466354074e-05
833,0.0,lbfgs,6533,410.1225986480713,,,,2.1616940965210678e-05,3.06702841124456e-05,0.0,0.4686787634420776,3.06702841124456e-05
834,0.0,lbfgs,6534,410.4609127044678,,,,2.1579963672976972e-05,3.065550408178055e-05,0.0,0.468557754087364,3.065550408178055e-05
835,0.0,lbfgs,6535,410.69509649276733,,,,2.1554292356897952e-05,3.0645060839423e-05,0.0,0.4685190240825266,3.0645060839423e-05
836,0.0,lbfgs,6536,410.9785301685333,,,,2.1530655465645928e-05,3.0629456334691085e-05,0.0,0.46851062465292587,3.0629456334691085e-05
837,0.0,lbfgs,6537,411.22901225090027,,,,2.149830454096821e-05,3.059519193789648e-05,0.0,0.46850368858577296,3.059519193789648e-05
838,0.0,lbfgs,6538,411.4611475467682,,,,2.1438747101546024e-05,3.0499469515958387e-05,0.0,0.4683205927630017,3.0499469515958387e-05
839,0.0,lbfgs,6539,411.7194256782532,,,,2.1429950186741555e-05,3.0461203551108273e-05,0.0,0.4686787180690671,3.0461203551108273e-05
840,0.0,lbfgs,6540,412.09340929985046,,,,2.1373772219763767e-05,3.041306971673231e-05,0.0,0.46831878549572437,3.041306971673231e-05
841,0.0,lbfgs,6541,412.3575620651245,,,,2.1358327234226886e-05,3.0381955314669533e-05,0.0,0.46824356894687924,3.0381955314669533e-05
842,0.0,lbfgs,6542,412.57139801979065,,,,2.1333832575725448e-05,3.0345187735343325e-05,0.0,0.4681775904253689,3.0345187735343325e-05
843,0.0,lbfgs,6543,413.0178952217102,,,,2.1320324311964205e-05,3.0331279633396603e-05,0.0,0.4680755899160704,3.0331279633396603e-05
844,0.0,lbfgs,6544,413.2532949447632,,,,2.1297330946466605e-05,3.0302451908290783e-05,0.0,0.46809322290611455,3.0302451908290783e-05
845,0.0,lbfgs,6545,413.55272483825684,,,,2.1273815773654545e-05,3.028814480830852e-05,0.0,0.4681268641691464,3.028814480830852e-05
846,0.0,lbfgs,6546,413.77953934669495,,,,2.1254652263083748e-05,3.027084867984198e-05,0.0,0.46819671914654293,3.027084867984198e-05
847,0.0,lbfgs,6547,414.1083972454071,,,,2.1243109879293364e-05,3.0275964041388436e-05,0.0,0.468240840107694,3.0275964041388436e-05
848,0.0,lbfgs,6548,414.37047147750854,,,,2.121104999142319e-05,3.0225156963109756e-05,0.0,0.4683417994039741,3.0225156963109756e-05
849,0.0,lbfgs,6549,414.6529107093811,,,,2.119141749219474e-05,3.0192936046111873e-05,0.0,0.4683792922904775,3.0192936046111873e-05
850,0.0,lbfgs,6550,414.8996000289917,,,,2.1173051393334984e-05,3.015615672079962e-05,0.0,0.46837761991204235,3.015615672079962e-05
851,0.0,lbfgs,6551,415.1802215576172,,,,2.115521279025918e-05,3.014323830858016e-05,0.0,0.4683764735522537,3.014323830858016e-05
852,0.0,lbfgs,6552,415.4442639350891,,,,2.113381438231752e-05,3.007578719266804e-05,0.0,0.46813101351486475,3.007578719266804e-05
853,0.0,lbfgs,6553,415.7896101474762,,,,2.1111723861244835e-05,3.006571928891647e-05,0.0,0.4681270768347918,3.006571928891647e-05
854,0.0,lbfgs,6554,416.06818532943726,,,,2.108775079264296e-05,3.0046535960197278e-05,0.0,0.46806788788304127,3.0046535960197278e-05
855,0.0,lbfgs,6555,416.3203649520874,,,,2.1068447047303624e-05,3.0023208653192445e-05,0.0,0.4680637800186183,3.0023208653192445e-05
856,0.0,lbfgs,6556,416.56585597991943,,,,2.1016697115872684e-05,2.9937036523405226e-05,0.0,0.46811750850679945,2.9937036523405226e-05
857,0.0,lbfgs,6557,416.76684856414795,,,,2.1004334269008026e-05,2.9854309667685163e-05,0.0,0.4683145424567917,2.9854309667685163e-05
858,0.0,lbfgs,6558,416.96540689468384,,,,2.0970529199752634e-05,2.9851799957597135e-05,0.0,0.4682140211170494,2.9851799957597135e-05
859,0.0,lbfgs,6559,417.16178011894226,,,,2.0959962887339927e-05,2.984181937411808e-05,0.0,0.4682165629432402,2.984181937411808e-05
860,0.0,lbfgs,6560,417.3794107437134,,,,2.0937812902896143e-05,2.9822681277735764e-05,0.0,0.46816566293729345,2.9822681277735764e-05
861,0.0,lbfgs,6561,417.6337010860443,,,,2.090266108200156e-05,2.978556190856152e-05,0.0,0.46810572346195206,2.978556190856152e-05
862,0.0,lbfgs,6562,417.9038770198822,,,,2.0873470065041357e-05,2.9740699204966187e-05,0.0,0.4678337180880604,2.9740699204966187e-05
863,0.0,lbfgs,6563,418.13618302345276,,,,2.0849805908132773e-05,2.9748184807024885e-05,0.0,0.46781222130720146,2.9748184807024885e-05
864,0.0,lbfgs,6564,418.4042751789093,,,,2.0827933282915253e-05,2.971049841300886e-05,0.0,0.46781677087950846,2.971049841300886e-05
865,0.0,lbfgs,6565,418.58454298973083,,,,2.0806833107843543e-05,2.9671554950966827e-05,0.0,0.46782209056847307,2.9671554950966827e-05
866,0.0,lbfgs,6566,418.85284972190857,,,,2.0777388284841448e-05,2.9608011350512908e-05,0.0,0.4678499780745213,2.9608011350512908e-05
867,0.0,lbfgs,6567,419.3712246417999,,,,2.076230573018646e-05,2.960418422372519e-05,0.0,0.46787455488424673,2.960418422372519e-05
868,0.0,lbfgs,6568,419.64131903648376,,,,2.073283017874937e-05,2.952838983705913e-05,0.0,0.4679725910043553,2.952838983705913e-05
869,0.0,lbfgs,6569,419.8966166973114,,,,2.0709451105117464e-05,2.9477818161063325e-05,0.0,0.46802696701185414,2.9477818161063325e-05
870,0.0,lbfgs,6570,420.1494472026825,,,,2.0681191702758703e-05,2.941449047150474e-05,0.0,0.46803905109959304,2.941449047150474e-05
871,0.0,lbfgs,6571,420.32436537742615,,,,2.0662176736714842e-05,2.9361993561522497e-05,0.0,0.4681136542960916,2.9361993561522497e-05
872,0.0,lbfgs,6572,420.5724492073059,,,,2.0644229790601126e-05,2.9317186977747088e-05,0.0,0.46803643288883695,2.9317186977747088e-05
873,0.0,lbfgs,6573,420.8204185962677,,,,2.0631100712198834e-05,2.9306198086897305e-05,0.0,0.46801084084597416,2.9306198086897305e-05
874,0.0,lbfgs,6574,421.0892024040222,,,,2.060913822547348e-05,2.9279466520481705e-05,0.0,0.4680061459185117,2.9279466520481705e-05
875,0.0,lbfgs,6575,421.3081855773926,,,,2.059255087748245e-05,2.9261602488112314e-05,0.0,0.4680109651930599,2.9261602488112314e-05
876,0.0,lbfgs,6576,421.74385237693787,,,,2.0577453859557758e-05,2.925959206969156e-05,0.0,0.46800468760475994,2.925959206969156e-05
877,0.0,lbfgs,6577,422.0152237415314,,,,2.0554422555218524e-05,2.9227890243345174e-05,0.0,0.468053421397034,2.9227890243345174e-05
878,0.0,lbfgs,6578,422.298241853714,,,,2.05380537184049e-05,2.9213209296556197e-05,0.0,0.4680624846396049,2.9213209296556197e-05
879,0.0,lbfgs,6579,422.542279958725,,,,2.052351692778788e-05,2.9198314236910494e-05,0.0,0.4680236341143842,2.9198314236910494e-05
880,0.0,lbfgs,6580,422.85655307769775,,,,2.0499674139292137e-05,2.9164044094248964e-05,0.0,0.4679024458685972,2.9164044094248964e-05
881,0.0,lbfgs,6581,423.091828584671,,,,2.0487463045632354e-05,2.9117231821049782e-05,0.0,0.467790234505278,2.9117231821049782e-05
882,0.0,lbfgs,6582,423.3674635887146,,,,2.045703913237163e-05,2.906285146562093e-05,0.0,0.46764591872800126,2.906285146562093e-05
883,0.0,lbfgs,6583,423.5755445957184,,,,2.0446542666787978e-05,2.9042795113550457e-05,0.0,0.4676215965535019,2.9042795113550457e-05
884,0.0,lbfgs,6584,423.83067655563354,,,,2.0432434152231774e-05,2.9008434603971e-05,0.0,0.46757554872263263,2.9008434603971e-05
885,0.0,lbfgs,6585,424.13475346565247,,,,2.041582549444949e-05,2.8986376367053307e-05,0.0,0.4675210366496214,2.8986376367053307e-05
886,0.0,lbfgs,6586,424.4781758785248,,,,2.039109215014272e-05,2.8914331808548798e-05,0.0,0.4673598478172897,2.8914331808548798e-05
887,0.0,lbfgs,6587,424.7468101978302,,,,2.0363615163802115e-05,2.8946386824272795e-05,0.0,0.4673725305683,2.8946386824272795e-05
888,0.0,lbfgs,6588,425.01870012283325,,,,2.0338910922163747e-05,2.892419853930762e-05,0.0,0.46738738183908063,2.892419853930762e-05
889,0.0,lbfgs,6589,425.2800612449646,,,,2.0312604795413814e-05,2.888346030014654e-05,0.0,0.46750667229817444,2.888346030014654e-05
890,0.0,lbfgs,6590,425.5553948879242,,,,2.0281877344376227e-05,2.884736330639507e-05,0.0,0.46767202422722404,2.884736330639507e-05
891,0.0,lbfgs,6591,425.83436036109924,,,,2.0239198478111574e-05,2.8779992610586858e-05,0.0,0.46804437055343534,2.8779992610586858e-05
892,0.0,lbfgs,6592,426.0541400909424,,,,2.022068333443366e-05,2.881779400261893e-05,0.0,0.4683251290545744,2.881779400261893e-05
893,0.0,lbfgs,6593,426.2758936882019,,,,2.0178319435466053e-05,2.8763116099693758e-05,0.0,0.4684906325320698,2.8763116099693758e-05
894,0.0,lbfgs,6594,426.47482800483704,,,,2.0161195717315573e-05,2.8747202959738938e-05,0.0,0.4684284969309186,2.8747202959738938e-05
895,0.0,lbfgs,6595,426.771605014801,,,,2.0138780389637713e-05,2.8755019733545474e-05,0.0,0.4683857802417344,2.8755019733545474e-05
896,0.0,lbfgs,6596,426.95612502098083,,,,2.0121641533579524e-05,2.8787453643782922e-05,0.0,0.468277307409886,2.8787453643782922e-05
897,0.0,lbfgs,6597,427.2144145965576,,,,2.010254335236024e-05,2.876616773125299e-05,0.0,0.46830183932470315,2.876616773125299e-05
898,0.0,lbfgs,6598,427.4483468532562,,,,2.008905026684842e-05,2.8741531612229533e-05,0.0,0.4683052203353588,2.8741531612229533e-05
899,0.0,lbfgs,6599,427.7068815231323,,,,2.007522813995923e-05,2.8709077286377584e-05,0.0,0.46827463945189063,2.8709077286377584e-05
900,0.0,lbfgs,6600,428.0063214302063,,,,2.004912188712386e-05,2.8646539530556025e-05,0.0,0.4681766641807764,2.8646539530556025e-05
901,0.0,lbfgs,6601,428.4323127269745,,,,2.0033803620537424e-05,2.8589452063021725e-05,0.0,0.4680870188916979,2.8589452063021725e-05
902,0.0,lbfgs,6602,428.7051215171814,,,,2.001612774065391e-05,2.856087292888068e-05,0.0,0.46801094248439656,2.856087292888068e-05
903,0.0,lbfgs,6603,429.02634024620056,,,,1.9995829839572778e-05,2.8534005838136833e-05,0.0,0.4678876278727717,2.8534005838136833e-05
904,0.0,lbfgs,6604,429.29801988601685,,,,1.998417998896456e-05,2.8530858244144664e-05,0.0,0.46783743984198956,2.8530858244144664e-05
905,0.0,lbfgs,6605,429.5568742752075,,,,1.9958210971637395e-05,2.8522142704983937e-05,0.0,0.4675717731978737,2.8522142704983937e-05
906,0.0,lbfgs,6606,429.7523818016052,,,,1.9946211460321857e-05,2.8568534292990877e-05,0.0,0.4675970061595029,2.8568534292990877e-05
907,0.0,lbfgs,6607,430.086305141449,,,,1.9929329108654095e-05,2.8531926501657816e-05,0.0,0.46758502603581037,2.8531926501657816e-05
908,0.0,lbfgs,6608,430.3507652282715,,,,1.992021689703857e-05,2.8515735907202283e-05,0.0,0.467578333863068,2.8515735907202283e-05
909,0.0,lbfgs,6609,430.623628616333,,,,1.991205276985554e-05,2.8501396135622687e-05,0.0,0.4675702207418527,2.8501396135622687e-05
910,0.0,lbfgs,6610,430.9471871852875,,,,1.989228099004269e-05,2.8457140944405966e-05,0.0,0.46756547175106417,2.8457140944405966e-05
911,0.0,lbfgs,6611,431.2015731334686,,,,1.9855044663879205e-05,2.8359139287607843e-05,0.0,0.46770528193759053,2.8359139287607843e-05
912,0.0,lbfgs,6612,431.7252583503723,,,,1.9836367225770993e-05,2.831339575911215e-05,0.0,0.46769074876288197,2.831339575911215e-05
913,0.0,lbfgs,6613,431.9574029445648,,,,1.9803285406842274e-05,2.8225434815592066e-05,0.0,0.4679301032635992,2.8225434815592066e-05
914,0.0,lbfgs,6614,432.20732164382935,,,,1.97816153160667e-05,2.818371001593082e-05,0.0,0.4680899577056727,2.818371001593082e-05
915,0.0,lbfgs,6615,432.506649017334,,,,1.9760027144664446e-05,2.815923702656884e-05,0.0,0.46820939248550586,2.815923702656884e-05
916,0.0,lbfgs,6616,432.76045870780945,,,,1.9737055313836672e-05,2.815521411188156e-05,0.0,0.4683004930859777,2.815521411188156e-05
917,0.0,lbfgs,6617,433.00196647644043,,,,1.9724237216122304e-05,2.810724079277227e-05,0.0,0.4682944918496014,2.810724079277227e-05
918,0.0,lbfgs,6618,433.3499758243561,,,,1.969646785191052e-05,2.8122581404056836e-05,0.0,0.46821600358086835,2.8122581404056836e-05
919,0.0,lbfgs,6619,433.6073307991028,,,,1.9682459381444447e-05,2.8143469723103233e-05,0.0,0.4680952759569679,2.8143469723103233e-05
920,0.0,lbfgs,6620,433.8582820892334,,,,1.9670656851175488e-05,2.8115754892516465e-05,0.0,0.46800109757942654,2.8115754892516465e-05
921,0.0,lbfgs,6621,434.10712218284607,,,,1.965946695935929e-05,2.8096903505619266e-05,0.0,0.46795202606923897,2.8096903505619266e-05
922,0.0,lbfgs,6622,434.3759341239929,,,,1.9636541169164158e-05,2.8040668545231435e-05,0.0,0.46792227669618935,2.8040668545231435e-05
923,0.0,lbfgs,6623,434.6197679042816,,,,1.9614181334404028e-05,2.7987976959689086e-05,0.0,0.4679344898033941,2.7987976959689086e-05
924,0.0,lbfgs,6624,434.8926661014557,,,,1.959337592353577e-05,2.7928343239233406e-05,0.0,0.46796204740330394,2.7928343239233406e-05
925,0.0,lbfgs,6625,435.2729501724243,,,,1.957942361699722e-05,2.7883888256279765e-05,0.0,0.46804454307427984,2.7883888256279765e-05
926,0.0,lbfgs,6626,435.5096707344055,,,,1.956179001443482e-05,2.785098859365075e-05,0.0,0.46807704225621727,2.785098859365075e-05
927,0.0,lbfgs,6627,435.7965123653412,,,,1.9533465780786673e-05,2.78005827884456e-05,0.0,0.468131262153687,2.78005827884456e-05
928,0.0,lbfgs,6628,436.0609872341156,,,,1.952008850099411e-05,2.777003533104671e-05,0.0,0.4681631239407827,2.777003533104671e-05
929,0.0,lbfgs,6629,436.3050708770752,,,,1.9507140496550857e-05,2.773778168679422e-05,0.0,0.4682276213595542,2.773778168679422e-05
930,0.0,lbfgs,6630,436.5116696357727,,,,1.9493448508787216e-05,2.7708584006832043e-05,0.0,0.46827705411292336,2.7708584006832043e-05
931,0.0,lbfgs,6631,436.80244970321655,,,,1.9484124450825782e-05,2.769507896457394e-05,0.0,0.46831316595598427,2.769507896457394e-05
932,0.0,lbfgs,6632,437.0666835308075,,,,1.9467131079639214e-05,2.767205746503497e-05,0.0,0.4684101405041405,2.767205746503497e-05
933,0.0,lbfgs,6633,437.4015564918518,,,,1.9449893855122385e-05,2.7648545309936705e-05,0.0,0.46848028549301823,2.7648545309936705e-05
934,0.0,lbfgs,6634,437.8800320625305,,,,1.9438397388868183e-05,2.7632930883347635e-05,0.0,0.46853999818805697,2.7632930883347635e-05
935,0.0,lbfgs,6635,438.1588656902313,,,,1.9417624850437072e-05,2.7609270487993233e-05,0.0,0.4685475009769198,2.7609270487993233e-05
936,0.0,lbfgs,6636,438.4071192741394,,,,1.9400351161884866e-05,2.759624366518968e-05,0.0,0.46850523999587806,2.759624366518968e-05
937,0.0,lbfgs,6637,438.6760821342468,,,,1.936038938829743e-05,2.7556640984005154e-05,0.0,0.4683712099387141,2.7556640984005154e-05
938,0.0,lbfgs,6638,438.8955965042114,,,,1.9348581289923604e-05,2.7521819242288882e-05,0.0,0.4684805065548389,2.7521819242288882e-05
939,0.0,lbfgs,6639,439.0612938404083,,,,1.9311273344539114e-05,2.746533527792745e-05,0.0,0.4684088462966989,2.746533527792745e-05
940,0.0,lbfgs,6640,439.2539691925049,,,,1.9292345879123056e-05,2.7433173540643186e-05,0.0,0.4684364827068372,2.7433173540643186e-05
941,0.0,lbfgs,6641,439.51441264152527,,,,1.9271245151883828e-05,2.738550665889664e-05,0.0,0.4685155394221376,2.738550665889664e-05
942,0.0,lbfgs,6642,439.77736735343933,,,,1.9245827474357656e-05,2.7334458450688615e-05,0.0,0.46860216981590147,2.7334458450688615e-05
943,0.0,lbfgs,6643,440.04605054855347,,,,1.918856321286144e-05,2.7243968295272847e-05,0.0,0.46891232528194743,2.7243968295272847e-05
944,0.0,lbfgs,6644,440.4429817199707,,,,1.9164407111910388e-05,2.7229200579234726e-05,0.0,0.46896044564778694,2.7229200579234726e-05
945,0.0,lbfgs,6645,440.6443979740143,,,,1.912892889418636e-05,2.7172705130951814e-05,0.0,0.46920713659132623,2.7172705130951814e-05
946,0.0,lbfgs,6646,440.85285687446594,,,,1.911042182815705e-05,2.7159987136504017e-05,0.0,0.46936118291984386,2.7159987136504017e-05
947,0.0,lbfgs,6647,441.1114218235016,,,,1.909574891176815e-05,2.713742553501561e-05,0.0,0.4693882101401113,2.713742553501561e-05
948,0.0,lbfgs,6648,441.3756914138794,,,,1.9079221528058818e-05,2.70970992236367e-05,0.0,0.46935387023004416,2.70970992236367e-05
949,0.0,lbfgs,6649,441.61983466148376,,,,1.905682536547222e-05,2.699985432384997e-05,0.0,0.46929668187467166,2.699985432384997e-05
950,0.0,lbfgs,6650,441.87155866622925,,,,1.9039115642414046e-05,2.6975486051077928e-05,0.0,0.4692014120929132,2.6975486051077928e-05
951,0.0,lbfgs,6651,442.16203451156616,,,,1.9029841991434773e-05,2.6954089288452378e-05,0.0,0.4691694912944932,2.6954089288452378e-05
952,0.0,lbfgs,6652,442.4165985584259,,,,1.9011678210302807e-05,2.69540430933504e-05,0.0,0.4689284604861423,2.69540430933504e-05
953,0.0,lbfgs,6653,442.6969299316406,,,,1.899172246296981e-05,2.6913203578049944e-05,0.0,0.4688242823796736,2.6913203578049944e-05
954,0.0,lbfgs,6654,442.9042251110077,,,,1.8980110171598906e-05,2.6924802509153082e-05,0.0,0.4687699667026454,2.6924802509153082e-05
955,0.0,lbfgs,6655,443.1445355415344,,,,1.8955998117279573e-05,2.6931045119258658e-05,0.0,0.4686989173320499,2.6931045119258658e-05
956,0.0,lbfgs,6656,443.4375751018524,,,,1.893751457336986e-05,2.6946085543194736e-05,0.0,0.4686395125478393,2.6946085543194736e-05
957,0.0,lbfgs,6657,443.6868841648102,,,,1.892058517706031e-05,2.6917012430455357e-05,0.0,0.46866371895768616,2.6917012430455357e-05
958,0.0,lbfgs,6658,443.9612638950348,,,,1.890518894545855e-05,2.6879764211809202e-05,0.0,0.46883384610631146,2.6879764211809202e-05
959,0.0,lbfgs,6659,444.2303764820099,,,,1.8886374730992176e-05,2.6813096521160007e-05,0.0,0.4689068865215997,2.6813096521160007e-05
960,0.0,lbfgs,6660,444.4664981365204,,,,1.886652716943368e-05,2.6757325847490786e-05,0.0,0.46896479923642853,2.6757325847490786e-05
961,0.0,lbfgs,6661,444.6829619407654,,,,1.8839769494228685e-05,2.6709471862027968e-05,0.0,0.46897324376996075,2.6709471862027968e-05
962,0.0,lbfgs,6662,444.8999135494232,,,,1.8811139503089595e-05,2.666252622642612e-05,0.0,0.4689110818916695,2.666252622642612e-05
963,0.0,lbfgs,6663,445.142174243927,,,,1.8778057996056795e-05,2.6613959622834528e-05,0.0,0.468740181684644,2.6613959622834528e-05
964,0.0,lbfgs,6664,445.4139277935028,,,,1.8756308769816164e-05,2.6579480687831808e-05,0.0,0.46862661825986307,2.6579480687831808e-05
965,0.0,lbfgs,6665,445.6458785533905,,,,1.873283074766307e-05,2.6555597672457897e-05,0.0,0.4685427161901169,2.6555597672457897e-05
966,0.0,lbfgs,6666,445.92273235321045,,,,1.871480717223252e-05,2.653315324079395e-05,0.0,0.46860342930213494,2.653315324079395e-05
967,0.0,lbfgs,6667,446.17158794403076,,,,1.8689344143762282e-05,2.6508392474859643e-05,0.0,0.46875310810811427,2.6508392474859643e-05
968,0.0,lbfgs,6668,446.4362428188324,,,,1.8664546973021915e-05,2.646441772276723e-05,0.0,0.4691206541532768,2.646441772276723e-05
969,0.0,lbfgs,6669,446.7246651649475,,,,1.8638715980428455e-05,2.6456269303314768e-05,0.0,0.4693876327079869,2.6456269303314768e-05
970,0.0,lbfgs,6670,447.01545763015747,,,,1.861278856515828e-05,2.6450273978351192e-05,0.0,0.469632980450731,2.6450273978351192e-05
971,0.0,lbfgs,6671,447.45906686782837,,,,1.860185206962552e-05,2.6459531932193058e-05,0.0,0.46980559970214564,2.6459531932193058e-05
972,0.0,lbfgs,6672,447.7495219707489,,,,1.8588891404744573e-05,2.644376274780482e-05,0.0,0.4698395327956021,2.644376274780482e-05
973,0.0,lbfgs,6673,447.9725778102875,,,,1.857466178520099e-05,2.641377086799732e-05,0.0,0.46990934822264097,2.641377086799732e-05
974,0.0,lbfgs,6674,448.1652898788452,,,,1.8556204281775682e-05,2.636277301551313e-05,0.0,0.4700298518572058,2.636277301551313e-05
975,0.0,lbfgs,6675,448.3897285461426,,,,1.852827335856785e-05,2.6290168445717977e-05,0.0,0.4701938868016234,2.6290168445717977e-05
976,0.0,lbfgs,6676,448.59009647369385,,,,1.848590840394193e-05,2.6218917851470692e-05,0.0,0.4703163806795537,2.6218917851470692e-05
977,0.0,lbfgs,6677,449.0181133747101,,,,1.846314241722947e-05,2.616202518729892e-05,0.0,0.4705225293230346,2.616202518729892e-05
978,0.0,lbfgs,6678,449.2425727844238,,,,1.843439700048847e-05,2.6169954132655347e-05,0.0,0.4703686151027734,2.6169954132655347e-05
979,0.0,lbfgs,6679,449.4748258590698,,,,1.841872962169688e-05,2.6184486288552105e-05,0.0,0.47019350619627265,2.6184486288552105e-05
980,0.0,lbfgs,6680,449.7929210662842,,,,1.8406581200932023e-05,2.6200640220966536e-05,0.0,0.4701139036713579,2.6200640220966536e-05
981,0.0,lbfgs,6681,450.0468919277191,,,,1.839184682531637e-05,2.621945619826464e-05,0.0,0.47001481444577314,2.621945619826464e-05
982,0.0,lbfgs,6682,450.2664272785187,,,,1.8387080015821014e-05,2.621432629548103e-05,0.0,0.46993377565197314,2.621432629548103e-05
983,0.0,lbfgs,6683,450.5484125614166,,,,1.8374996114931727e-05,2.618916792026445e-05,0.0,0.4699833871474515,2.618916792026445e-05
984,0.0,lbfgs,6684,450.84296679496765,,,,1.8366847231704894e-05,2.615791800120924e-05,0.0,0.4700213530882064,2.615791800120924e-05
985,0.0,lbfgs,6685,451.1219415664673,,,,1.8357488217570992e-05,2.6117220985846746e-05,0.0,0.4700353419279344,2.6117220985846746e-05
986,0.0,lbfgs,6686,451.3830041885376,,,,1.8344019187225894e-05,2.6070708870160158e-05,0.0,0.47003477685931866,2.6070708870160158e-05
987,0.0,lbfgs,6687,451.927410364151,,,,1.833168901083749e-05,2.601826132806283e-05,0.0,0.4699742755989635,2.601826132806283e-05
988,0.0,lbfgs,6688,452.24905276298523,,,,1.831725213689843e-05,2.5999363093442367e-05,0.0,0.4699579486432299,2.5999363093442367e-05
989,0.0,lbfgs,6689,452.63974499702454,,,,1.8304585785505887e-05,2.599642394439393e-05,0.0,0.4699672458967745,2.599642394439393e-05
990,0.0,lbfgs,6690,452.88632106781006,,,,1.8292415930432342e-05,2.6000009664006163e-05,0.0,0.4700325298315168,2.6000009664006163e-05
991,0.0,lbfgs,6691,453.12993931770325,,,,1.8268235498884162e-05,2.600271737637702e-05,0.0,0.47022453640738615,2.600271737637702e-05
992,0.0,lbfgs,6692,453.5583209991455,,,,1.8252742891320855e-05,2.6001879870345014e-05,0.0,0.47037062934870455,2.6001879870345014e-05
993,0.0,lbfgs,6693,453.82060718536377,,,,1.8223889096210742e-05,2.5997643726536406e-05,0.0,0.47065474882854424,2.5997643726536406e-05
994,0.0,lbfgs,6694,454.05153584480286,,,,1.82025157892331e-05,2.5977686880640936e-05,0.0,0.4707869245165374,2.5977686880640936e-05
995,0.0,lbfgs,6695,454.32537746429443,,,,1.8177032242998397e-05,2.595057415841817e-05,0.0,0.4708178587611663,2.595057415841817e-05
996,0.0,lbfgs,6696,454.5898506641388,,,,1.8149992160274184e-05,2.5921809351268373e-05,0.0,0.47075609104227734,2.5921809351268373e-05
997,0.0,lbfgs,6697,454.8445429801941,,,,1.8112335554251074e-05,2.584467247709478e-05,0.0,0.47065762815102014,2.584467247709478e-05
998,0.0,lbfgs,6698,455.11287665367126,,,,1.810177478191294e-05,2.583841730943418e-05,0.0,0.4704177894139062,2.583841730943418e-05
999,0.0,lbfgs,6699,455.3729226589203,,,,1.8060155335516127e-05,2.5789697113795773e-05,0.0,0.47041068286049303,2.5789697113795773e-05
1000,0.0,lbfgs,6700,455.5677442550659,,,,1.8048526339952085e-05,2.5754457860196884e-05,0.0,0.47046222217520517,2.5754457860196884e-05
1001,0.0,lbfgs,6701,455.76763916015625,,,,1.8033639682236748e-05,2.5722623989729653e-05,0.0,0.47053816564749124,2.5722623989729653e-05
1002,0.0,lbfgs,6702,456.1798355579376,,,,1.802069013263724e-05,2.5701097414152872e-05,0.0,0.4706023763729445,2.5701097414152872e-05
1003,0.0,lbfgs,6703,456.41965103149414,,,,1.7995707473974006e-05,2.5641955747269213e-05,0.0,0.4708202396404766,2.5641955747269213e-05
1004,0.0,lbfgs,6704,456.6325454711914,,,,1.796843062933931e-05,2.5593736345447555e-05,0.0,0.4710569624216909,2.5593736345447555e-05
1005,0.0,lbfgs,6705,456.9157044887543,,,,1.7963545098787215e-05,2.552825519005342e-05,0.0,0.47156592481182935,2.552825519005342e-05
1006,0.0,lbfgs,6706,457.13884353637695,,,,1.793395883951169e-05,2.5535891261439297e-05,0.0,0.47138399391199676,2.5535891261439297e-05
1007,0.0,lbfgs,6707,457.4131519794464,,,,1.792128358967626e-05,2.553776569998789e-05,0.0,0.4712906975571099,2.553776569998789e-05
1008,0.0,lbfgs,6708,457.6057207584381,,,,1.7901998712872365e-05,2.5527247543758747e-05,0.0,0.4712314328706364,2.5527247543758747e-05
1009,0.0,lbfgs,6709,457.9050443172455,,,,1.7875680394225452e-05,2.5477213520213927e-05,0.0,0.4711935006744172,2.5477213520213927e-05
1010,0.0,lbfgs,6710,458.4590811729431,,,,1.7865598585887863e-05,2.545108982247541e-05,0.0,0.4712770396521588,2.545108982247541e-05
1011,0.0,lbfgs,6711,458.7326853275299,,,,1.784751291620689e-05,2.537950428345216e-05,0.0,0.47126175603158016,2.537950428345216e-05
1012,0.0,lbfgs,6712,458.9742422103882,,,,1.783983279312135e-05,2.5358129088054404e-05,0.0,0.47124347660184485,2.5358129088054404e-05
1013,0.0,lbfgs,6713,459.2394518852234,,,,1.781985671316015e-05,2.5331594809937665e-05,0.0,0.47111063790409846,2.5331594809937665e-05
1014,0.0,lbfgs,6714,459.4618146419525,,,,1.7793633984390343e-05,2.532693985267517e-05,0.0,0.47095188992304154,2.532693985267517e-05
1015,0.0,lbfgs,6715,459.71821117401123,,,,1.777601424121086e-05,2.53436863475964e-05,0.0,0.4706795504124004,2.53436863475964e-05
1016,0.0,lbfgs,6716,459.98926520347595,,,,1.775640476170852e-05,2.5347673366751433e-05,0.0,0.47066421829829,2.5347673366751433e-05
1017,0.0,lbfgs,6717,460.23694825172424,,,,1.7743626127080538e-05,2.5350394019829405e-05,0.0,0.4707176494360392,2.5350394019829405e-05
1018,0.0,lbfgs,6718,460.59298872947693,,,,1.7729192331979464e-05,2.5344397819598874e-05,0.0,0.4707906150985933,2.5344397819598874e-05
1019,0.0,lbfgs,6719,460.8457233905792,,,,1.770378296380121e-05,2.530393677136063e-05,0.0,0.47092382864679794,2.530393677136063e-05
1020,0.0,lbfgs,6720,461.13824486732483,,,,1.7686427911186956e-05,2.5280375971759837e-05,0.0,0.4710388297413494,2.5280375971759837e-05
1021,0.0,lbfgs,6721,461.37783908843994,,,,1.7671051310692512e-05,2.5229475673521688e-05,0.0,0.47110815459165933,2.5229475673521688e-05
1022,0.0,lbfgs,6722,461.60496401786804,,,,1.7663040337196196e-05,2.5200439065070603e-05,0.0,0.4711378904230098,2.5200439065070603e-05
1023,0.0,lbfgs,6723,461.8343002796173,,,,1.76547917782445e-05,2.517009975029129e-05,0.0,0.47112797955578434,2.517009975029129e-05
1024,0.0,lbfgs,6724,462.1113567352295,,,,1.7638464434465413e-05,2.5146119736371374e-05,0.0,0.47108930871821697,2.5146119736371374e-05
1025,0.0,lbfgs,6725,462.3797950744629,,,,1.76222376943959e-05,2.5108667564893434e-05,0.0,0.4710578895050474,2.5108667564893434e-05
1026,0.0,lbfgs,6726,462.65086007118225,,,,1.760224531801798e-05,2.5121619901271806e-05,0.0,0.4710570405482183,2.5121619901271806e-05
1027,0.0,lbfgs,6727,462.99450731277466,,,,1.7588113114240388e-05,2.5148221558982587e-05,0.0,0.4710459330915972,2.5148221558982587e-05
1028,0.0,lbfgs,6728,463.21513509750366,,,,1.7581527501483994e-05,2.5151782178758903e-05,0.0,0.47106040771866275,2.5151782178758903e-05
1029,0.0,lbfgs,6729,463.50578260421753,,,,1.7561463016626955e-05,2.51522820164214e-05,0.0,0.47109982940690115,2.51522820164214e-05
1030,0.0,lbfgs,6730,463.8838086128235,,,,1.755121189537366e-05,2.514071855417766e-05,0.0,0.471191774503581,2.514071855417766e-05
1031,0.0,lbfgs,6731,464.1555907726288,,,,1.753197525266108e-05,2.5128164945014364e-05,0.0,0.4713558062572329,2.5128164945014364e-05
1032,0.0,lbfgs,6732,464.4059875011444,,,,1.7517928464719738e-05,2.5130870207129752e-05,0.0,0.4714022349358911,2.5130870207129752e-05
1033,0.0,lbfgs,6733,464.6401970386505,,,,1.7500895471122825e-05,2.5093448699434096e-05,0.0,0.47168255419683464,2.5093448699434096e-05
1034,0.0,lbfgs,6734,464.85804653167725,,,,1.7485008946071402e-05,2.509675254746797e-05,0.0,0.4715720786392936,2.509675254746797e-05
1035,0.0,lbfgs,6735,465.11849570274353,,,,1.7469562366870646e-05,2.5079524266951237e-05,0.0,0.47150820033348,2.5079524266951237e-05
1036,0.0,lbfgs,6736,465.3633017539978,,,,1.7442100020588356e-05,2.503364485517912e-05,0.0,0.47141867001935317,2.503364485517912e-05
1037,0.0,lbfgs,6737,465.8666114807129,,,,1.743093809205825e-05,2.5010133161807213e-05,0.0,0.47135550144396837,2.5010133161807213e-05
1038,0.0,lbfgs,6738,466.1219856739044,,,,1.741297423734438e-05,2.497238197082604e-05,0.0,0.47136280209808645,2.497238197082604e-05
1039,0.0,lbfgs,6739,466.39468598365784,,,,1.7399110558702768e-05,2.4947713327318034e-05,0.0,0.4714073039408402,2.4947713327318034e-05
1040,0.0,lbfgs,6740,466.6625392436981,,,,1.7387082891786142e-05,2.4940948712213452e-05,0.0,0.47144763871542245,2.4940948712213452e-05
1041,0.0,lbfgs,6741,466.9351065158844,,,,1.7380073611027822e-05,2.495146123612505e-05,0.0,0.47170814879006595,2.495146123612505e-05
1042,0.0,lbfgs,6742,467.1273989677429,,,,1.736219675310655e-05,2.4942271064147998e-05,0.0,0.4716510726551257,2.4942271064147998e-05
1043,0.0,lbfgs,6743,467.39729499816895,,,,1.7348717049159436e-05,2.4942226405401154e-05,0.0,0.4716688414213675,2.4942226405401154e-05
1044,0.0,lbfgs,6744,467.64724946022034,,,,1.7334799693731662e-05,2.49398950689966e-05,0.0,0.47176884348953463,2.49398950689966e-05
1045,0.0,lbfgs,6745,467.9422821998596,,,,1.7316209809962977e-05,2.490979425757114e-05,0.0,0.47190816044049744,2.490979425757114e-05
1046,0.0,lbfgs,6746,468.1867742538452,,,,1.7287403846026382e-05,2.4830509030723176e-05,0.0,0.472155315806785,2.4830509030723176e-05
1047,0.0,lbfgs,6747,468.4664249420166,,,,1.7271910524103256e-05,2.471556751343884e-05,0.0,0.4723662283034947,2.471556751343884e-05
1048,0.0,lbfgs,6748,468.79209423065186,,,,1.7250907953733945e-05,2.467975172730848e-05,0.0,0.4723574415309081,2.467975172730848e-05
1049,0.0,lbfgs,6749,469.09334683418274,,,,1.7238184182664915e-05,2.4648582108629337e-05,0.0,0.472280702359056,2.4648582108629337e-05
1050,0.0,lbfgs,6750,469.3433749675751,,,,1.7224817247337362e-05,2.4618331894147562e-05,0.0,0.4722158217847485,2.4618331894147562e-05
1051,0.0,lbfgs,6751,469.56598806381226,,,,1.7199593903056226e-05,2.4579711298815427e-05,0.0,0.47218321520820555,2.4579711298815427e-05
1052,0.0,lbfgs,6752,470.01112484931946,,,,1.7184707795333706e-05,2.455115729015378e-05,0.0,0.4720490641452866,2.455115729015378e-05
1053,0.0,lbfgs,6753,470.2436866760254,,,,1.716436859991454e-05,2.4548779340840715e-05,0.0,0.4720745320308036,2.4548779340840715e-05
1054,0.0,lbfgs,6754,470.4897038936615,,,,1.714746172587013e-05,2.4549412583821862e-05,0.0,0.4721504075651569,2.4549412583821862e-05
1055,0.0,lbfgs,6755,470.74683690071106,,,,1.712853742838529e-05,2.453807569486002e-05,0.0,0.47224595875289305,2.453807569486002e-05
1056,0.0,lbfgs,6756,471.0127742290497,,,,1.7089673938570998e-05,2.4479716854293947e-05,0.0,0.4723881413560879,2.4479716854293947e-05
1057,0.0,lbfgs,6757,471.3916234970093,,,,1.7073755743933763e-05,2.445346946336638e-05,0.0,0.4725438293755171,2.445346946336638e-05
1058,0.0,lbfgs,6758,471.62659645080566,,,,1.7053219972732833e-05,2.440390868904143e-05,0.0,0.47259736589886353,2.440390868904143e-05
1059,0.0,lbfgs,6759,471.90333104133606,,,,1.703872026146211e-05,2.436640496082584e-05,0.0,0.4726206967650269,2.436640496082584e-05
1060,0.0,lbfgs,6760,472.1518335342407,,,,1.7021304737272463e-05,2.4327427365354652e-05,0.0,0.4728072003366029,2.4327427365354652e-05
1061,0.0,lbfgs,6761,472.39987874031067,,,,1.700421752091952e-05,2.4290017220688474e-05,0.0,0.47285485248030734,2.4290017220688474e-05
1062,0.0,lbfgs,6762,472.684072971344,,,,1.6993703096236076e-05,2.425419501957523e-05,0.0,0.472964729246017,2.425419501957523e-05
1063,0.0,lbfgs,6763,472.93132495880127,,,,1.6981553825214156e-05,2.4265634352905906e-05,0.0,0.4729799217765698,2.4265634352905906e-05
1064,0.0,lbfgs,6764,473.1685962677002,,,,1.6973354589379386e-05,2.4273984948630746e-05,0.0,0.47302591370015107,2.4273984948630746e-05
1065,0.0,lbfgs,6765,473.41041827201843,,,,1.6966512038105495e-05,2.4273021206729972e-05,0.0,0.47303077881595934,2.4273021206729972e-05
1066,0.0,lbfgs,6766,473.665340423584,,,,1.6947655194029235e-05,2.4259136124005442e-05,0.0,0.47301255544288323,2.4259136124005442e-05
1067,0.0,lbfgs,6767,473.9234025478363,,,,1.692672291811437e-05,2.4231582362640586e-05,0.0,0.4730023131276704,2.4231582362640586e-05
1068,0.0,lbfgs,6768,474.09085607528687,,,,1.690567401856746e-05,2.4197670022560494e-05,0.0,0.47295734731562017,2.4197670022560494e-05
1069,0.0,lbfgs,6769,474.3214726448059,,,,1.6883724171004813e-05,2.416860805547284e-05,0.0,0.47269936885838343,2.416860805547284e-05
1070,0.0,lbfgs,6770,474.56494998931885,,,,1.6871413984663283e-05,2.415460381876505e-05,0.0,0.4727684972826035,2.415460381876505e-05
1071,0.0,lbfgs,6771,474.8695809841156,,,,1.6849690294673087e-05,2.4140783379254863e-05,0.0,0.4727736555348296,2.4140783379254863e-05
1072,0.0,lbfgs,6772,475.1057002544403,,,,1.682447043031743e-05,2.4113983818367906e-05,0.0,0.47288623337612806,2.4113983818367906e-05
1073,0.0,lbfgs,6773,475.5295157432556,,,,1.680391237064775e-05,2.4099308464188458e-05,0.0,0.4728627588385673,2.4099308464188458e-05
1074,0.0,lbfgs,6774,475.763151884079,,,,1.6781036924695812e-05,2.4093372885103082e-05,0.0,0.4728145918235167,2.4093372885103082e-05
1075,0.0,lbfgs,6775,476.03493571281433,,,,1.676848859307001e-05,2.408410935610109e-05,0.0,0.47278823918563045,2.408410935610109e-05
1076,0.0,lbfgs,6776,476.3222281932831,,,,1.6738624480575515e-05,2.4072781544732823e-05,0.0,0.47265184462480636,2.4072781544732823e-05
1077,0.0,lbfgs,6777,476.6859200000763,,,,1.672843993103234e-05,2.4092270720050522e-05,0.0,0.47273088667399427,2.4092270720050522e-05
1078,0.0,lbfgs,6778,476.9475338459015,,,,1.6709599715598137e-05,2.405822311407664e-05,0.0,0.4727569486312832,2.405822311407664e-05
1079,0.0,lbfgs,6779,477.211373090744,,,,1.670158191880458e-05,2.4048138930769982e-05,0.0,0.4728049366480921,2.4048138930769982e-05
1080,0.0,lbfgs,6780,477.4668619632721,,,,1.6676765181934915e-05,2.400205598833215e-05,0.0,0.47298552452055426,2.400205598833215e-05
1081,0.0,lbfgs,6781,477.7397081851959,,,,1.6649040260041228e-05,2.3955002415919512e-05,0.0,0.47315042208125385,2.3955002415919512e-05
1082,0.0,lbfgs,6782,478.0072913169861,,,,1.663070356560946e-05,2.3886220364628585e-05,0.0,0.47332005711772857,2.3886220364628585e-05
1083,0.0,lbfgs,6783,478.245379447937,,,,1.661497001344008e-05,2.3881469628044437e-05,0.0,0.4732831495327101,2.3881469628044437e-05
1084,0.0,lbfgs,6784,478.4948546886444,,,,1.6602096585311744e-05,2.3873495202564894e-05,0.0,0.4731986496837477,2.3873495202564894e-05
1085,0.0,lbfgs,6785,478.76570320129395,,,,1.658703295519708e-05,2.386486819678138e-05,0.0,0.473092742403531,2.386486819678138e-05
1086,0.0,lbfgs,6786,479.0380198955536,,,,1.6574245632947234e-05,2.3861377089099096e-05,0.0,0.4730590949776379,2.3861377089099096e-05
1087,0.0,lbfgs,6787,479.1935179233551,,,,1.655242284643854e-05,2.385462918701142e-05,0.0,0.47316073499002925,2.385462918701142e-05
1088,0.0,lbfgs,6788,479.54665446281433,,,,1.65404922449264e-05,2.3866931001061707e-05,0.0,0.4731538460888458,2.3866931001061707e-05
1089,0.0,lbfgs,6789,479.7489128112793,,,,1.652610920018702e-05,2.385832030704109e-05,0.0,0.4733264424288055,2.385832030704109e-05
1090,0.0,lbfgs,6790,480.0438129901886,,,,1.6513851673482876e-05,2.384530546783914e-05,0.0,0.4734295805333727,2.384530546783914e-05
1091,0.0,lbfgs,6791,480.3134970664978,,,,1.6503406239945523e-05,2.383443285906063e-05,0.0,0.4734538261585565,2.383443285906063e-05
1092,0.0,lbfgs,6792,480.55364656448364,,,,1.6489319897654093e-05,2.3808045563919455e-05,0.0,0.4733956362726004,2.3808045563919455e-05
1093,0.0,lbfgs,6793,480.79869270324707,,,,1.6465444593952764e-05,2.37523022101143e-05,0.0,0.47317854135903964,2.37523022101143e-05
1094,0.0,lbfgs,6794,481.0494530200958,,,,1.6446240959142696e-05,2.3698127308136363e-05,0.0,0.47290806711537464,2.3698127308136363e-05
1095,0.0,lbfgs,6795,481.30301785469055,,,,1.642856091734626e-05,2.3675111561841565e-05,0.0,0.4726257346006404,2.3675111561841565e-05
1096,0.0,lbfgs,6796,481.54880571365356,,,,1.6416529158025716e-05,2.3670968110452358e-05,0.0,0.47268887311451063,2.3670968110452358e-05
1097,0.0,lbfgs,6797,481.80298042297363,,,,1.6399583619960014e-05,2.3656147290663426e-05,0.0,0.4727479007279419,2.3656147290663426e-05
1098,0.0,lbfgs,6798,482.02943301200867,,,,1.6373390616212255e-05,2.3637767832902658e-05,0.0,0.47286763849416985,2.3637767832902658e-05
1099,0.0,lbfgs,6799,482.37530493736267,,,,1.6359244244170252e-05,2.3623209190217266e-05,0.0,0.47296567081825325,2.3623209190217266e-05
1100,0.0,lbfgs,6800,482.6190724372864,,,,1.6338585485002164e-05,2.3591274330173085e-05,0.0,0.4729063257892662,2.3591274330173085e-05
1101,0.0,lbfgs,6801,482.88745164871216,,,,1.632738894767447e-05,2.3582881451130434e-05,0.0,0.4729553453938852,2.3582881451130434e-05
1102,0.0,lbfgs,6802,483.133975982666,,,,1.6314945038206002e-05,2.3565795157595284e-05,0.0,0.47299802649948813,2.3565795157595284e-05
1103,0.0,lbfgs,6803,483.3982307910919,,,,1.629058116242825e-05,2.35279050979578e-05,0.0,0.47311366182903714,2.35279050979578e-05
1104,0.0,lbfgs,6804,483.6505925655365,,,,1.6265313773564088e-05,2.3483430630765478e-05,0.0,0.47325477800871474,2.3483430630765478e-05
1105,0.0,lbfgs,6805,483.91027998924255,,,,1.623569947107269e-05,2.343159899563961e-05,0.0,0.47340421263093574,2.343159899563961e-05
1106,0.0,lbfgs,6806,484.2189996242523,,,,1.6221079207773064e-05,2.3412110538363333e-05,0.0,0.4733961345808149,2.3412110538363333e-05
1107,0.0,lbfgs,6807,484.5183684825897,,,,1.6200298646876998e-05,2.338379481710327e-05,0.0,0.4733873635442902,2.338379481710327e-05
1108,0.0,lbfgs,6808,484.7813608646393,,,,1.6176690556594494e-05,2.336595003445361e-05,0.0,0.4733974522895155,2.336595003445361e-05
1109,0.0,lbfgs,6809,485.2278633117676,,,,1.6163108241677033e-05,2.3340438714921406e-05,0.0,0.47343143531650494,2.3340438714921406e-05
1110,0.0,lbfgs,6810,485.4877154827118,,,,1.614256062613408e-05,2.333406056862775e-05,0.0,0.47343010892974036,2.333406056862775e-05
1111,0.0,lbfgs,6811,485.74098443984985,,,,1.6130721207171613e-05,2.331976141118405e-05,0.0,0.47345827020094555,2.331976141118405e-05
1112,0.0,lbfgs,6812,485.9727702140808,,,,1.6107857245260746e-05,2.3285529514322016e-05,0.0,0.47347741876243155,2.3285529514322016e-05
1113,0.0,lbfgs,6813,486.2241430282593,,,,1.6088296375279213e-05,2.3235991681099072e-05,0.0,0.47366597296736745,2.3235991681099072e-05
1114,0.0,lbfgs,6814,486.4748342037201,,,,1.6070909444052635e-05,2.3218708842413088e-05,0.0,0.4735514562828526,2.3218708842413088e-05
1115,0.0,lbfgs,6815,486.695077419281,,,,1.605858785414365e-05,2.3191852002343357e-05,0.0,0.4735306595133642,2.3191852002343357e-05
1116,0.0,lbfgs,6816,486.92174792289734,,,,1.6049392117485558e-05,2.316956143264746e-05,0.0,0.4735788105913027,2.316956143264746e-05
1117,0.0,lbfgs,6817,487.2006804943085,,,,1.6042775100994903e-05,2.3159969681794855e-05,0.0,0.4736325132549231,2.3159969681794855e-05
1118,0.0,lbfgs,6818,487.43291568756104,,,,1.6019597835232382e-05,2.3134943837826626e-05,0.0,0.4738640268982535,2.3134943837826626e-05
1119,0.0,lbfgs,6819,487.68609166145325,,,,1.5995760043756988e-05,2.3097654040644695e-05,0.0,0.4740414876217405,2.3097654040644695e-05
1120,0.0,lbfgs,6820,488.0637843608856,,,,1.598071695756838e-05,2.3086826933459326e-05,0.0,0.4742846322514783,2.3086826933459326e-05
1121,0.0,lbfgs,6821,488.38220953941345,,,,1.5961619410666752e-05,2.305285496295617e-05,0.0,0.47431203378985476,2.305285496295617e-05
1122,0.0,lbfgs,6822,488.63671708106995,,,,1.5949628083862537e-05,2.3037447167241857e-05,0.0,0.47425410703881943,2.3037447167241857e-05
1123,0.0,lbfgs,6823,488.8688442707062,,,,1.5933591474642056e-05,2.3011020774469934e-05,0.0,0.47414892970959027,2.3011020774469934e-05
1124,0.0,lbfgs,6824,489.09120416641235,,,,1.5905167105796896e-05,2.296092542639646e-05,0.0,0.47399626217404095,2.296092542639646e-05
1125,0.0,lbfgs,6825,489.3316969871521,,,,1.5879717992935717e-05,2.290124472388015e-05,0.0,0.47391224216420813,2.290124472388015e-05
1126,0.0,lbfgs,6826,489.5790674686432,,,,1.586334064174053e-05,2.2866848638226028e-05,0.0,0.4738149560665328,2.2866848638226028e-05
1127,0.0,lbfgs,6827,489.863569021225,,,,1.5851197704693513e-05,2.285262254371338e-05,0.0,0.4738819801983049,2.285262254371338e-05
1128,0.0,lbfgs,6828,490.1015839576721,,,,1.5832660054136202e-05,2.2830593995209593e-05,0.0,0.4739663974003958,2.2830593995209593e-05
1129,0.0,lbfgs,6829,490.3477702140808,,,,1.581327104238455e-05,2.2815570179075505e-05,0.0,0.4740118985683379,2.2815570179075505e-05
1130,0.0,lbfgs,6830,490.61163234710693,,,,1.579895507234001e-05,2.2730075601143636e-05,0.0,0.4740249932551358,2.2730075601143636e-05
1131,0.0,lbfgs,6831,490.90600872039795,,,,1.5785438293837763e-05,2.2737198392065904e-05,0.0,0.47398486800418577,2.2737198392065904e-05
1132,0.0,lbfgs,6832,491.1741609573364,,,,1.5778487061009255e-05,2.2728490921289422e-05,0.0,0.47394513841501085,2.2728490921289422e-05
1133,0.0,lbfgs,6833,491.43341588974,,,,1.5765247816667133e-05,2.2700945289688088e-05,0.0,0.47393137219052317,2.2700945289688088e-05
1134,0.0,lbfgs,6834,491.6761803627014,,,,1.5738413458686587e-05,2.266227361699966e-05,0.0,0.4739046253446861,2.266227361699966e-05
1135,0.0,lbfgs,6835,492.14287400245667,,,,1.5730994288293992e-05,2.262247881166541e-05,0.0,0.473973522134827,2.262247881166541e-05
1136,0.0,lbfgs,6836,492.3681764602661,,,,1.5716845501570212e-05,2.2598129543454393e-05,0.0,0.47396473001303574,2.2598129543454393e-05
1137,0.0,lbfgs,6837,492.6215569972992,,,,1.570560556595405e-05,2.2572652193807102e-05,0.0,0.47393194726933724,2.2572652193807102e-05
1138,0.0,lbfgs,6838,492.8736960887909,,,,1.5687386716019627e-05,2.2530756835620843e-05,0.0,0.4738232753402979,2.2530756835620843e-05
1139,0.0,lbfgs,6839,493.1245665550232,,,,1.566862531732575e-05,2.2489526850431728e-05,0.0,0.4736477315382697,2.2489526850431728e-05
1140,0.0,lbfgs,6840,493.6074333190918,,,,1.5664266680256333e-05,2.2488012044444183e-05,0.0,0.4735418670229049,2.2488012044444183e-05
1141,0.0,lbfgs,6841,493.968900680542,,,,1.5648742459774027e-05,2.246118102611403e-05,0.0,0.4733669043869626,2.246118102611403e-05
1142,0.0,lbfgs,6842,494.2381489276886,,,,1.5636446409538998e-05,2.2444355400580758e-05,0.0,0.47325137300017184,2.2444355400580758e-05
1143,0.0,lbfgs,6843,494.5213589668274,,,,1.56200655972059e-05,2.244993830261629e-05,0.0,0.47296129840662016,2.244993830261629e-05
1144,0.0,lbfgs,6844,494.83008432388306,,,,1.5600187800656085e-05,2.2422803204673273e-05,0.0,0.473018116792799,2.2422803204673273e-05
1145,0.0,lbfgs,6845,495.0823266506195,,,,1.5586496168290145e-05,2.240957009901274e-05,0.0,0.47306960072946497,2.240957009901274e-05
1146,0.0,lbfgs,6846,495.3245530128479,,,,1.557620306092051e-05,2.2401689262447022e-05,0.0,0.473071404988398,2.2401689262447022e-05
1147,0.0,lbfgs,6847,495.60992217063904,,,,1.5567371920431273e-05,2.23754959376262e-05,0.0,0.4730683310976048,2.23754959376262e-05
1148,0.0,lbfgs,6848,495.81334161758423,,,,1.5555098200273897e-05,2.2372141588402666e-05,0.0,0.47302925164790893,2.2372141588402666e-05
1149,0.0,lbfgs,6849,496.0463709831238,,,,1.554491594125941e-05,2.2358492750067212e-05,0.0,0.47303423453017357,2.2358492750067212e-05
1150,0.0,lbfgs,6850,496.2683832645416,,,,1.5525926814855563e-05,2.232135482552884e-05,0.0,0.4731251073306783,2.232135482552884e-05
1151,0.0,lbfgs,6851,496.47022104263306,,,,1.5503919905007756e-05,2.2277295124683982e-05,0.0,0.47332820241367346,2.2277295124683982e-05
1152,0.0,lbfgs,6852,496.9639835357666,,,,1.54959350059353e-05,2.2250281657728714e-05,0.0,0.47344619362577794,2.2250281657728714e-05
1153,0.0,lbfgs,6853,497.2058334350586,,,,1.5478423496545507e-05,2.2209303486093783e-05,0.0,0.47366812295914223,2.2209303486093783e-05
1154,0.0,lbfgs,6854,497.48173809051514,,,,1.54652553608158e-05,2.2186112308258936e-05,0.0,0.4737364307711583,2.2186112308258936e-05
1155,0.0,lbfgs,6855,497.7281069755554,,,,1.544154803639321e-05,2.2152740441242446e-05,0.0,0.4737204023174956,2.2152740441242446e-05
1156,0.0,lbfgs,6856,497.99423718452454,,,,1.542906496159098e-05,2.2116375768566833e-05,0.0,0.47362427882698604,2.2116375768566833e-05
1157,0.0,lbfgs,6857,498.24804306030273,,,,1.5415711269981597e-05,2.2106854268460636e-05,0.0,0.47349154512177194,2.2106854268460636e-05
1158,0.0,lbfgs,6858,498.5195515155792,,,,1.5403597139862884e-05,2.2096077670536198e-05,0.0,0.4734201493143089,2.2096077670536198e-05
1159,0.0,lbfgs,6859,498.77014207839966,,,,1.5393501410129887e-05,2.2079009333478163e-05,0.0,0.4733263583352578,2.2079009333478163e-05
1160,0.0,lbfgs,6860,499.02148270606995,,,,1.5381294906559846e-05,2.2050167511885623e-05,0.0,0.47329281783684146,2.2050167511885623e-05
1161,0.0,lbfgs,6861,499.263188123703,,,,1.5367171258527952e-05,2.2012666316551317e-05,0.0,0.47323470566672604,2.2012666316551317e-05
1162,0.0,lbfgs,6862,499.5181314945221,,,,1.5349329200095564e-05,2.1956110617804682e-05,0.0,0.4733640202004506,2.1956110617804682e-05
1163,0.0,lbfgs,6863,499.74746346473694,,,,1.5338191311233305e-05,2.1943135382188255e-05,0.0,0.4734189770724952,2.1943135382188255e-05
1164,0.0,lbfgs,6864,499.9787948131561,,,,1.5317119298059715e-05,2.1920127849951604e-05,0.0,0.47344252749348914,2.1920127849951604e-05
1165,0.0,lbfgs,6865,500.2319483757019,,,,1.5300731427105412e-05,2.190345671305001e-05,0.0,0.473360515763076,2.190345671305001e-05
1166,0.0,lbfgs,6866,500.43013072013855,,,,1.5268673347547398e-05,2.1857001521684604e-05,0.0,0.47316996674737793,2.1857001521684604e-05
1167,0.0,lbfgs,6867,500.8920679092407,,,,1.526469560233592e-05,2.1861754212968222e-05,0.0,0.4730826893363446,2.1861754212968222e-05
1168,0.0,lbfgs,6868,501.12632608413696,,,,1.5247083942618547e-05,2.1825248183161944e-05,0.0,0.472950168207931,2.1825248183161944e-05
1169,0.0,lbfgs,6869,501.3836147785187,,,,1.5236204284750179e-05,2.1802074370487246e-05,0.0,0.4729225049988514,2.1802074370487246e-05
1170,0.0,lbfgs,6870,501.77514600753784,,,,1.5217035059688836e-05,2.175083774706227e-05,0.0,0.4729147139255816,2.175083774706227e-05
1171,0.0,lbfgs,6871,502.26231932640076,,,,1.5208273392408114e-05,2.1723784647684095e-05,0.0,0.47281239992805896,2.1723784647684095e-05
1172,0.0,lbfgs,6872,502.47946429252625,,,,1.5193207096296067e-05,2.168249247950539e-05,0.0,0.4728474533769653,2.168249247950539e-05
1173,0.0,lbfgs,6873,502.72253918647766,,,,1.5177997535259223e-05,2.1642905302730158e-05,0.0,0.4728785845460212,2.1642905302730158e-05
1174,0.0,lbfgs,6874,503.0113091468811,,,,1.516403151564874e-05,2.1610714157844754e-05,0.0,0.4728720020203348,2.1610714157844754e-05
1175,0.0,lbfgs,6875,503.3145236968994,,,,1.5146931592748798e-05,2.158103241420903e-05,0.0,0.47282314782783536,2.158103241420903e-05
1176,0.0,lbfgs,6876,503.75907921791077,,,,1.5136241684036577e-05,2.1564732730324836e-05,0.0,0.47269957762664006,2.1564732730324836e-05
1177,0.0,lbfgs,6877,504.0231280326843,,,,1.5118005567263605e-05,2.1540905251568958e-05,0.0,0.47258959192809563,2.1540905251568958e-05
1178,0.0,lbfgs,6878,504.27137756347656,,,,1.510430228000661e-05,2.152979438966604e-05,0.0,0.47246482865916134,2.152979438966604e-05
1179,0.0,lbfgs,6879,504.5327076911926,,,,1.5093021811507904e-05,2.1528970605775963e-05,0.0,0.47234335423513746,2.1528970605775963e-05
1180,0.0,lbfgs,6880,504.7479798793793,,,,1.5082821015355931e-05,2.149878520343229e-05,0.0,0.47226580704567334,2.149878520343229e-05
1181,0.0,lbfgs,6881,504.94392561912537,,,,1.507327044919824e-05,2.14847347097333e-05,0.0,0.4723065235167842,2.14847347097333e-05
1182,0.0,lbfgs,6882,505.21133518218994,,,,1.505443162196832e-05,2.1434619156798526e-05,0.0,0.4724158973749724,2.1434619156798526e-05
1183,0.0,lbfgs,6883,505.46894669532776,,,,1.504496527072598e-05,2.142016352934309e-05,0.0,0.47245445487237475,2.142016352934309e-05
1184,0.0,lbfgs,6884,505.7120609283447,,,,1.5029854167721945e-05,2.1349958864975872e-05,0.0,0.47245427284772407,2.1349958864975872e-05
1185,0.0,lbfgs,6885,505.8976652622223,,,,1.501867423531012e-05,2.1342458998311286e-05,0.0,0.47239499816860364,2.1342458998311286e-05
1186,0.0,lbfgs,6886,506.13913321495056,,,,1.5009066964643027e-05,2.1319145827852456e-05,0.0,0.4723221303519116,2.1319145827852456e-05
1187,0.0,lbfgs,6887,506.4059805870056,,,,1.499936021451947e-05,2.130535111133144e-05,0.0,0.47221361602025863,2.130535111133144e-05
1188,0.0,lbfgs,6888,506.8019948005676,,,,1.4988657646275558e-05,2.1268554118873735e-05,0.0,0.47209240072211067,2.1268554118873735e-05
1189,0.0,lbfgs,6889,507.0424602031708,,,,1.4976370828999342e-05,2.1260967502091233e-05,0.0,0.47200913786184173,2.1260967502091233e-05
1190,0.0,lbfgs,6890,507.3092176914215,,,,1.4963445533565362e-05,2.1256483095036638e-05,0.0,0.4719172894114188,2.1256483095036638e-05
1191,0.0,lbfgs,6891,507.545068025589,,,,1.4956312319395103e-05,2.125513002405161e-05,0.0,0.4718634221279808,2.125513002405161e-05
1192,0.0,lbfgs,6892,507.7532467842102,,,,1.4951391773416314e-05,2.123944330610231e-05,0.0,0.4718546797047025,2.123944330610231e-05
1193,0.0,lbfgs,6893,507.98238372802734,,,,1.4936589438184926e-05,2.1253593129654388e-05,0.0,0.4717279430241723,2.1253593129654388e-05
1194,0.0,lbfgs,6894,508.1421082019806,,,,1.4931822656550498e-05,2.1250244717482692e-05,0.0,0.47173452959147305,2.1250244717482692e-05
1195,0.0,lbfgs,6895,508.3866653442383,,,,1.4925313377619927e-05,2.1246414842079016e-05,0.0,0.47175883854228307,2.1246414842079016e-05
1196,0.0,lbfgs,6896,508.5528769493103,,,,1.4918142777228827e-05,2.1241444361153402e-05,0.0,0.4717815718529824,2.1241444361153402e-05
1197,0.0,lbfgs,6897,508.7876822948456,,,,1.4902539505215736e-05,2.1214062678347213e-05,0.0,0.47186233900851837,2.1214062678347213e-05
1198,0.0,lbfgs,6898,509.03961181640625,,,,1.4892452237976465e-05,2.1205501777826813e-05,0.0,0.47178421565061274,2.1205501777826813e-05
1199,0.0,lbfgs,6899,509.31223464012146,,,,1.4877898457024321e-05,2.1182832842439793e-05,0.0,0.4717643675623434,2.1182832842439793e-05
1200,0.0,lbfgs,6900,509.57893800735474,,,,1.4868638137500736e-05,2.1163765589155596e-05,0.0,0.4716890601507979,2.1163765589155596e-05
1201,0.0,lbfgs,6901,509.8351631164551,,,,1.4858723214662498e-05,2.114369848823541e-05,0.0,0.4716062030925797,2.114369848823541e-05
1202,0.0,lbfgs,6902,510.3167452812195,,,,1.485119859670121e-05,2.1127349355334493e-05,0.0,0.4714872982704375,2.1127349355334493e-05
1203,0.0,lbfgs,6903,510.61495065689087,,,,1.4838233352197223e-05,2.1107686327688326e-05,0.0,0.4713999977993603,2.1107686327688326e-05
1204,0.0,lbfgs,6904,510.9462203979492,,,,1.482897179282904e-05,2.1089924605171168e-05,0.0,0.47142431707021204,2.1089924605171168e-05
1205,0.0,lbfgs,6905,511.1773624420166,,,,1.4818488646993893e-05,2.1078621057675726e-05,0.0,0.4714899337981853,2.1078621057675726e-05
1206,0.0,lbfgs,6906,511.40262150764465,,,,1.4807828448439745e-05,2.1054615327478947e-05,0.0,0.4716006876093676,2.1054615327478947e-05
1207,0.0,lbfgs,6907,511.7166225910187,,,,1.479327292418341e-05,2.1025691757307435e-05,0.0,0.4717047922913041,2.1025691757307435e-05
1208,0.0,lbfgs,6908,511.93849635124207,,,,1.4779365159375748e-05,2.098770865412906e-05,0.0,0.47176770538658136,2.098770865412906e-05
1209,0.0,lbfgs,6909,512.2888474464417,,,,1.4768674703835623e-05,2.0968974838254956e-05,0.0,0.47171577724138825,2.0968974838254956e-05
1210,0.0,lbfgs,6910,512.5131747722626,,,,1.4758273332473488e-05,2.096109026454315e-05,0.0,0.47153041367379345,2.096109026454315e-05
1211,0.0,lbfgs,6911,512.7497725486755,,,,1.4742098042577231e-05,2.093952416160699e-05,0.0,0.4714521298695814,2.093952416160699e-05
1212,0.0,lbfgs,6912,513.0389516353607,,,,1.4734829790790802e-05,2.093884623413672e-05,0.0,0.4714176569053805,2.093884623413672e-05
1213,0.0,lbfgs,6913,513.298388004303,,,,1.47269914268303e-05,2.0936029650019233e-05,0.0,0.47138845111980654,2.0936029650019233e-05
1214,0.0,lbfgs,6914,513.6165418624878,,,,1.472070708789147e-05,2.09272597535984e-05,0.0,0.4713966235086946,2.09272597535984e-05
1215,0.0,lbfgs,6915,513.8453660011292,,,,1.4714531950369994e-05,2.0881889074545283e-05,0.0,0.4715681994634255,2.0881889074545283e-05
1216,0.0,lbfgs,6916,514.0313367843628,,,,1.4695338117462364e-05,2.0860260617445725e-05,0.0,0.47157036444807043,2.0860260617445725e-05
1217,0.0,lbfgs,6917,514.2588257789612,,,,1.4688252325086703e-05,2.0847224313227185e-05,0.0,0.4716067659138258,2.0847224313227185e-05
1218,0.0,lbfgs,6918,514.5127930641174,,,,1.4678698181420939e-05,2.081856331942658e-05,0.0,0.47169731985252544,2.081856331942658e-05
1219,0.0,lbfgs,6919,515.2477855682373,,,,1.4676039841621852e-05,2.0814822000461165e-05,0.0,0.4716680602126171,2.0814822000461165e-05
1220,0.0,lbfgs,6920,515.4770634174347,,,,1.4669759300442648e-05,2.079512612863257e-05,0.0,0.4717042908055948,2.079512612863257e-05
1221,0.0,lbfgs,6921,515.7267506122589,,,,1.4656780765867394e-05,2.0763471363828436e-05,0.0,0.47165217407618604,2.0763471363828436e-05
1222,0.0,lbfgs,6922,516.0485439300537,,,,1.4645011900638472e-05,2.0737261398584884e-05,0.0,0.4714952731126454,2.0737261398584884e-05
1223,0.0,lbfgs,6923,516.3053510189056,,,,1.4635093795202097e-05,2.0717049781387435e-05,0.0,0.4713117212255803,2.0717049781387435e-05
1224,0.0,lbfgs,6924,516.5223169326782,,,,1.462211052523636e-05,2.0690461457552854e-05,0.0,0.4711302205674939,2.0690461457552854e-05
1225,0.0,lbfgs,6925,516.7180988788605,,,,1.4604994574626532e-05,2.0663517468228307e-05,0.0,0.47100133884164136,2.0663517468228307e-05
1226,0.0,lbfgs,6926,516.9744386672974,,,,1.4593089230393832e-05,2.062182419554096e-05,0.0,0.47080734076678654,2.062182419554096e-05
1227,0.0,lbfgs,6927,517.2717173099518,,,,1.457690779132543e-05,2.0616793683296057e-05,0.0,0.4709612007435021,2.0616793683296057e-05
1228,0.0,lbfgs,6928,517.5029213428497,,,,1.4566811080999234e-05,2.0610844819690703e-05,0.0,0.47108899218259676,2.0610844819690703e-05
1229,0.0,lbfgs,6929,517.7377009391785,,,,1.4555063253847712e-05,2.059669515255211e-05,0.0,0.47111294795484426,2.059669515255211e-05
1230,0.0,lbfgs,6930,518.0174844264984,,,,1.4539015577256969e-05,2.057057355520751e-05,0.0,0.47101693710791753,2.057057355520751e-05
1231,0.0,lbfgs,6931,518.2858657836914,,,,1.452245275916486e-05,2.05398747933156e-05,0.0,0.47086889952579514,2.05398747933156e-05
1232,0.0,lbfgs,6932,518.5428440570831,,,,1.451417838010582e-05,2.0526381058880738e-05,0.0,0.47077263920767237,2.0526381058880738e-05
1233,0.0,lbfgs,6933,518.826646566391,,,,1.450575354089298e-05,2.048647600469085e-05,0.0,0.47051287226635014,2.048647600469085e-05
1234,0.0,lbfgs,6934,519.0857889652252,,,,1.4493955755912047e-05,2.048581029096071e-05,0.0,0.4705563175346642,2.048581029096071e-05
1235,0.0,lbfgs,6935,519.353168964386,,,,1.4485960627892238e-05,2.0480225006712637e-05,0.0,0.47064274995274374,2.0480225006712637e-05
1236,0.0,lbfgs,6936,519.6560685634613,,,,1.4471988177656775e-05,2.0465557025389093e-05,0.0,0.4708051176669265,2.0465557025389093e-05
1237,0.0,lbfgs,6937,519.9639134407043,,,,1.4462939038114189e-05,2.0454365921040492e-05,0.0,0.47081338684786833,2.0454365921040492e-05
1238,0.0,lbfgs,6938,520.2145292758942,,,,1.4443275010255668e-05,2.0448991272067226e-05,0.0,0.4707015480115113,2.0448991272067226e-05
1239,0.0,lbfgs,6939,520.5000305175781,,,,1.442873757582368e-05,2.0431643826837995e-05,0.0,0.4704790586970452,2.0431643826837995e-05
1240,0.0,lbfgs,6940,520.7893648147583,,,,1.4414099349474041e-05,2.044809842515805e-05,0.0,0.4703267166736836,2.044809842515805e-05
1241,0.0,lbfgs,6941,521.0287837982178,,,,1.4400902019226281e-05,2.0439948034979915e-05,0.0,0.4701713227172868,2.0439948034979915e-05
1242,0.0,lbfgs,6942,521.2908091545105,,,,1.4389884608579023e-05,2.0450741544887126e-05,0.0,0.47007349824416744,2.0450741544887126e-05
1243,0.0,lbfgs,6943,521.5521907806396,,,,1.4378406496224992e-05,2.042294673242019e-05,0.0,0.47009040157489507,2.042294673242019e-05
1244,0.0,lbfgs,6944,521.7850568294525,,,,1.4357513942745995e-05,2.0358242884113498e-05,0.0,0.47015390177898864,2.0358242884113498e-05
1245,0.0,lbfgs,6945,522.2111573219299,,,,1.4350740476471422e-05,2.032339277819555e-05,0.0,0.4701202586741598,2.032339277819555e-05
1246,0.0,lbfgs,6946,522.4751889705658,,,,1.4342901982866727e-05,2.029322659199224e-05,0.0,0.47009877163332586,2.029322659199224e-05
1247,0.0,lbfgs,6947,522.6977713108063,,,,1.4336433359129446e-05,2.0280698555162048e-05,0.0,0.47003997293598604,2.0280698555162048e-05
1248,0.0,lbfgs,6948,522.9311401844025,,,,1.4329172330625121e-05,2.0282059500975246e-05,0.0,0.46997722248255025,2.0282059500975246e-05
1249,0.0,lbfgs,6949,523.1664855480194,,,,1.4312240957982586e-05,2.0279126861836645e-05,0.0,0.4699239298613308,2.0279126861836645e-05
1250,0.0,lbfgs,6950,523.5380766391754,,,,1.430372168649378e-05,2.0290583908559485e-05,0.0,0.4698710799189017,2.0290583908559485e-05
1251,0.0,lbfgs,6951,523.8264019489288,,,,1.42877389464342e-05,2.0288851416584787e-05,0.0,0.4699135158354011,2.0288851416584787e-05
1252,0.0,lbfgs,6952,524.0703444480896,,,,1.427506622269436e-05,2.027811822818742e-05,0.0,0.4699901473084986,2.027811822818742e-05
1253,0.0,lbfgs,6953,524.3157494068146,,,,1.4263704278411235e-05,2.0256448474671483e-05,0.0,0.4700507898382064,2.0256448474671483e-05
1254,0.0,lbfgs,6954,524.5938656330109,,,,1.4253097855435344e-05,2.021906059477322e-05,0.0,0.46999454107221006,2.021906059477322e-05
1255,0.0,lbfgs,6955,524.8498225212097,,,,1.423831307565247e-05,2.017506407514344e-05,0.0,0.47004729598427264,2.017506407514344e-05
1256,0.0,lbfgs,6956,525.2429172992706,,,,1.4230189983660415e-05,2.0164577064303686e-05,0.0,0.469989685545088,2.0164577064303686e-05
1257,0.0,lbfgs,6957,525.4809067249298,,,,1.4214716448880762e-05,2.0144193401584528e-05,0.0,0.46996005482310066,2.0144193401584528e-05
1258,0.0,lbfgs,6958,525.7731997966766,,,,1.420103340290868e-05,2.0138421653814298e-05,0.0,0.46998592743290146,2.0138421653814298e-05
1259,0.0,lbfgs,6959,526.0064749717712,,,,1.4190031238789395e-05,2.013645791252397e-05,0.0,0.47015470490477684,2.013645791252397e-05
1260,0.0,lbfgs,6960,526.327041387558,,,,1.4169649103588202e-05,2.0131977735037428e-05,0.0,0.4700894341998448,2.0131977735037428e-05
1261,0.0,lbfgs,6961,526.615184545517,,,,1.4157801033773998e-05,2.013339316638058e-05,0.0,0.470059281552063,2.013339316638058e-05
1262,0.0,lbfgs,6962,526.8572821617126,,,,1.4146441004729603e-05,2.012762813149992e-05,0.0,0.47000843386325375,2.012762813149992e-05
1263,0.0,lbfgs,6963,527.0963191986084,,,,1.4131706125572287e-05,2.011101106457046e-05,0.0,0.4699150584428137,2.011101106457046e-05
1264,0.0,lbfgs,6964,527.3569295406342,,,,1.4117275443112357e-05,2.0090281283696682e-05,0.0,0.4697559247625055,2.0090281283696682e-05
1265,0.0,lbfgs,6965,527.6080229282379,,,,1.4105762583538935e-05,2.006356325191098e-05,0.0,0.4697693572707618,2.006356325191098e-05
1266,0.0,lbfgs,6966,527.8471643924713,,,,1.4090364092699082e-05,2.0022890664850347e-05,0.0,0.46981815381344894,2.0022890664850347e-05
1267,0.0,lbfgs,6967,528.1101427078247,,,,1.407769448202161e-05,2.0004295218958536e-05,0.0,0.46989190895450245,2.0004295218958536e-05
1268,0.0,lbfgs,6968,528.3655049800873,,,,1.4062629750434134e-05,1.998325561077782e-05,0.0,0.470033499493473,1.998325561077782e-05
1269,0.0,lbfgs,6969,528.6521635055542,,,,1.4037921357504778e-05,1.9969169013124623e-05,0.0,0.4700780974697742,1.9969169013124623e-05
1270,0.0,lbfgs,6970,528.8801097869873,,,,1.4028469648899904e-05,1.9979272290417386e-05,0.0,0.47008569479970663,1.9979272290417386e-05
1271,0.0,lbfgs,6971,529.1419966220856,,,,1.4019046924309713e-05,1.999409700187502e-05,0.0,0.47005247427995683,1.999409700187502e-05
1272,0.0,lbfgs,6972,529.345294713974,,,,1.4010318861917996e-05,1.999562779321432e-05,0.0,0.4700924340488391,1.999562779321432e-05
1273,0.0,lbfgs,6973,529.5376787185669,,,,1.4004592709961057e-05,1.997860443070793e-05,0.0,0.4700765372995043,1.997860443070793e-05
1274,0.0,lbfgs,6974,529.7967233657837,,,,1.3993403261021338e-05,1.9942151979351274e-05,0.0,0.47004894784413626,1.9942151979351274e-05
1275,0.0,lbfgs,6975,530.0833625793457,,,,1.3986922212645512e-05,1.9931266781610986e-05,0.0,0.4700472460857406,1.9931266781610986e-05
1276,0.0,lbfgs,6976,530.3656373023987,,,,1.3965001452863909e-05,1.9910582379864e-05,0.0,0.4699357911053585,1.9910582379864e-05
1277,0.0,lbfgs,6977,530.7992923259735,,,,1.3953476258683693e-05,1.992167278552584e-05,0.0,0.4700064696950132,1.992167278552584e-05
1278,0.0,lbfgs,6978,531.0339603424072,,,,1.393562562882079e-05,1.9921046845850825e-05,0.0,0.4699584419057222,1.9921046845850825e-05
1279,0.0,lbfgs,6979,531.281280040741,,,,1.3921746975548078e-05,1.9916851622462133e-05,0.0,0.4698422624321619,1.9916851622462133e-05
1280,0.0,lbfgs,6980,531.4868948459625,,,,1.3911318089523542e-05,1.991545574022264e-05,0.0,0.4698557807836947,1.991545574022264e-05
1281,0.0,lbfgs,6981,531.7343826293945,,,,1.3891799220197087e-05,1.9899521169454666e-05,0.0,0.4697659250690651,1.9899521169454666e-05
1282,0.0,lbfgs,6982,531.9770345687866,,,,1.3885249660083778e-05,1.9874935211071602e-05,0.0,0.4696831465316405,1.9874935211071602e-05
1283,0.0,lbfgs,6983,532.1503782272339,,,,1.3874587606575461e-05,1.9860881071756528e-05,0.0,0.46971974193174554,1.9860881071756528e-05
1284,0.0,lbfgs,6984,532.4144144058228,,,,1.386872755948422e-05,1.9846524226816686e-05,0.0,0.4697178094879542,1.9846524226816686e-05
1285,0.0,lbfgs,6985,532.6475210189819,,,,1.3856968923711346e-05,1.9818377660365595e-05,0.0,0.46971311326961657,1.9818377660365595e-05
1286,0.0,lbfgs,6986,532.882913351059,,,,1.3839980868173653e-05,1.9791949882236955e-05,0.0,0.46980583047264973,1.9791949882236955e-05
1287,0.0,lbfgs,6987,533.3375744819641,,,,1.3831033946417453e-05,1.976744689123495e-05,0.0,0.46972850174009745,1.976744689123495e-05
1288,0.0,lbfgs,6988,533.5907752513885,,,,1.3820137014511807e-05,1.9768280917569925e-05,0.0,0.4697837001183734,1.9768280917569925e-05
1289,0.0,lbfgs,6989,533.8227548599243,,,,1.3809791189004587e-05,1.9779406938014083e-05,0.0,0.46979516741138105,1.9779406938014083e-05
1290,0.0,lbfgs,6990,534.1587424278259,,,,1.380013443998596e-05,1.9788189499737775e-05,0.0,0.46977614842590376,1.9788189499737775e-05
1291,0.0,lbfgs,6991,534.4075663089752,,,,1.3782897793669533e-05,1.9790495916327184e-05,0.0,0.4697272893702264,1.9790495916327184e-05
1292,0.0,lbfgs,6992,534.8468103408813,,,,1.3773161587321567e-05,1.9794569310342267e-05,0.0,0.4697313782373009,1.9794569310342267e-05
1293,0.0,lbfgs,6993,535.1179232597351,,,,1.3756909319543313e-05,1.977207730497036e-05,0.0,0.46972963446340693,1.977207730497036e-05
1294,0.0,lbfgs,6994,535.3711674213409,,,,1.3746408009396438e-05,1.9759845064373498e-05,0.0,0.4697547771096568,1.9759845064373498e-05
1295,0.0,lbfgs,6995,535.7077791690826,,,,1.3737148908336048e-05,1.9730477416427788e-05,0.0,0.46975605385957203,1.9730477416427788e-05
1296,0.0,lbfgs,6996,535.904367685318,,,,1.372604001928698e-05,1.97087649564578e-05,0.0,0.4697602103512605,1.97087649564578e-05
1297,0.0,lbfgs,6997,536.3165903091431,,,,1.3720084778622107e-05,1.9720853731800275e-05,0.0,0.46974585230265475,1.9720853731800275e-05
1298,0.0,lbfgs,6998,536.6011974811554,,,,1.3706721919094307e-05,1.972125364950123e-05,0.0,0.46969607324901663,1.972125364950123e-05
1299,0.0,lbfgs,6999,536.8588576316833,,,,1.3697793740562409e-05,1.9731761870294857e-05,0.0,0.4696679862795072,1.9731761870294857e-05
1300,0.0,lbfgs,7000,537.1478967666626,,,,1.3683537058095567e-05,1.974513172660466e-05,0.0,0.4696107268688531,1.974513172660466e-05
1301,0.0,lbfgs,7001,537.4515128135681,,,,1.3667541261502584e-05,1.9726142482449457e-05,0.0,0.4696421543995285,1.9726142482449457e-05
1302,0.0,lbfgs,7002,537.722882270813,,,,1.365585306706679e-05,1.9750430854230076e-05,0.0,0.46946491745875846,1.9750430854230076e-05
1303,0.0,lbfgs,7003,537.9754707813263,,,,1.3646343887315677e-05,1.9706420259116123e-05,0.0,0.4694745538868816,1.9706420259116123e-05
1304,0.0,lbfgs,7004,538.1978816986084,,,,1.3637471713827215e-05,1.966599723891487e-05,0.0,0.4694704913390292,1.966599723891487e-05
1305,0.0,lbfgs,7005,538.4108643531799,,,,1.362731729446732e-05,1.9636600462722503e-05,0.0,0.46939968078877464,1.9636600462722503e-05
1306,0.0,lbfgs,7006,538.6541128158569,,,,1.3609505374629463e-05,1.9617306718689735e-05,0.0,0.4692166340695673,1.9617306718689735e-05
1307,0.0,lbfgs,7007,539.1463770866394,,,,1.3600813779413756e-05,1.960713328092919e-05,0.0,0.4691295773428712,1.960713328092919e-05
1308,0.0,lbfgs,7008,539.3884034156799,,,,1.3588988638856263e-05,1.9620344058417243e-05,0.0,0.4689937490610373,1.9620344058417243e-05
1309,0.0,lbfgs,7009,539.6321246623993,,,,1.3580150846814346e-05,1.963123572322311e-05,0.0,0.468954580774779,1.963123572322311e-05
1310,0.0,lbfgs,7010,539.8578777313232,,,,1.3568177323756682e-05,1.9630513535008835e-05,0.0,0.46899019770638617,1.9630513535008835e-05
1311,0.0,lbfgs,7011,540.090479850769,,,,1.3554180856779081e-05,1.960862767902065e-05,0.0,0.46904328198855394,1.960862767902065e-05
1312,0.0,lbfgs,7012,540.6159062385559,,,,1.354489139618567e-05,1.9579024164551264e-05,0.0,0.4692598218529361,1.9579024164551264e-05
1313,0.0,lbfgs,7013,540.8546984195709,,,,1.3534527445085435e-05,1.9544084489258818e-05,0.0,0.46934201749321836,1.9544084489258818e-05
1314,0.0,lbfgs,7014,541.0055818557739,,,,1.3524966267361242e-05,1.9507676789282316e-05,0.0,0.46940289653527534,1.9507676789282316e-05
1315,0.0,lbfgs,7015,541.2535514831543,,,,1.3512950832624514e-05,1.947579200037665e-05,0.0,0.46941646812227034,1.947579200037665e-05
1316,0.0,lbfgs,7016,541.522944688797,,,,1.3489618980763869e-05,1.9427430859636003e-05,0.0,0.4693409398025585,1.9427430859636003e-05
1317,0.0,lbfgs,7017,541.9551033973694,,,,1.3483801539708873e-05,1.9417355025173902e-05,0.0,0.46932796067126853,1.9417355025173902e-05
1318,0.0,lbfgs,7018,542.2117960453033,,,,1.346766088423731e-05,1.939722681538142e-05,0.0,0.46915486456305,1.939722681538142e-05
1319,0.0,lbfgs,7019,542.4631543159485,,,,1.3456739649504486e-05,1.9391311415405183e-05,0.0,0.46904431915862804,1.9391311415405183e-05
1320,0.0,lbfgs,7020,542.7150027751923,,,,1.3442227451813153e-05,1.938139510346747e-05,0.0,0.46895060222253504,1.938139510346747e-05
1321,0.0,lbfgs,7021,542.9817998409271,,,,1.3436784671347376e-05,1.9368356496561456e-05,0.0,0.4688804779170192,1.9368356496561456e-05
1322,0.0,lbfgs,7022,543.347651720047,,,,1.3425924020786174e-05,1.935434124363472e-05,0.0,0.46893764146497824,1.935434124363472e-05
1323,0.0,lbfgs,7023,543.601987361908,,,,1.3419272232530375e-05,1.9335699640826848e-05,0.0,0.4690088217499854,1.9335699640826848e-05
1324,0.0,lbfgs,7024,543.8464074134827,,,,1.3412789713780504e-05,1.931399583268622e-05,0.0,0.4690616071782204,1.931399583268622e-05
1325,0.0,lbfgs,7025,544.0728063583374,,,,1.3407067625457731e-05,1.9281429464006384e-05,0.0,0.46920056051558184,1.9281429464006384e-05
1326,0.0,lbfgs,7026,544.3007342815399,,,,1.3400089771832255e-05,1.9283420211712172e-05,0.0,0.4691220394577972,1.9283420211712172e-05
1327,0.0,lbfgs,7027,544.5764601230621,,,,1.3390786884203225e-05,1.928637760544972e-05,0.0,0.46898361562840546,1.928637760544972e-05
1328,0.0,lbfgs,7028,544.8532772064209,,,,1.3386654686810937e-05,1.9282294349820047e-05,0.0,0.46892702579135337,1.9282294349820047e-05
1329,0.0,lbfgs,7029,545.0851085186005,,,,1.3371828826436716e-05,1.9240579526598665e-05,0.0,0.4687675882961863,1.9240579526598665e-05
1330,0.0,lbfgs,7030,545.3205177783966,,,,1.3355645799859315e-05,1.9209881857749288e-05,0.0,0.46857916385673015,1.9209881857749288e-05
1331,0.0,lbfgs,7031,545.5730404853821,,,,1.33421283337587e-05,1.9166558363442677e-05,0.0,0.46850512100880226,1.9166558363442677e-05
1332,0.0,lbfgs,7032,545.8519842624664,,,,1.3329305990084737e-05,1.915842009080324e-05,0.0,0.46849759955137615,1.915842009080324e-05
1333,0.0,lbfgs,7033,546.0881264209747,,,,1.3316783656076728e-05,1.9162209223516452e-05,0.0,0.46854817846280783,1.9162209223516452e-05
1334,0.0,lbfgs,7034,546.3582127094269,,,,1.3301512425061618e-05,1.9155177932901796e-05,0.0,0.46863139273183524,1.9155177932901796e-05
1335,0.0,lbfgs,7035,546.6430540084839,,,,1.3279295296531078e-05,1.9138149662658584e-05,0.0,0.4686201165463777,1.9138149662658584e-05
1336,0.0,lbfgs,7036,546.9564263820648,,,,1.3264336713070182e-05,1.9118320351869932e-05,0.0,0.4685832137102614,1.9118320351869932e-05
1337,0.0,lbfgs,7037,547.1877448558807,,,,1.3255522452774967e-05,1.9092237364240476e-05,0.0,0.4686056392020042,1.9092237364240476e-05
1338,0.0,lbfgs,7038,547.4340546131134,,,,1.3242561576698898e-05,1.9076383845776366e-05,0.0,0.46846956828562014,1.9076383845776366e-05
1339,0.0,lbfgs,7039,547.719071149826,,,,1.3233389774836275e-05,1.9067757747380178e-05,0.0,0.46847060688888653,1.9067757747380178e-05
1340,0.0,lbfgs,7040,547.9935214519501,,,,1.3219960022229783e-05,1.9056052106932537e-05,0.0,0.4684357211175663,1.9056052106932537e-05
1341,0.0,lbfgs,7041,548.2257895469666,,,,1.321249161299468e-05,1.9058556286385272e-05,0.0,0.46854876871661055,1.9058556286385272e-05
1342,0.0,lbfgs,7042,548.4878594875336,,,,1.3204792297967867e-05,1.9051217655748626e-05,0.0,0.46850001312286205,1.9051217655748626e-05
1343,0.0,lbfgs,7043,548.6966943740845,,,,1.3193469963119487e-05,1.9037570585111796e-05,0.0,0.46842028533807845,1.9037570585111796e-05
1344,0.0,lbfgs,7044,548.9431426525116,,,,1.3186073876169129e-05,1.9022781821391964e-05,0.0,0.468382619325011,1.9022781821391964e-05
1345,0.0,lbfgs,7045,549.3990204334259,,,,1.3180923365020352e-05,1.9018425591060355e-05,0.0,0.46837434249668586,1.9018425591060355e-05
1346,0.0,lbfgs,7046,549.6474502086639,,,,1.3169425967664964e-05,1.8987870198378626e-05,0.0,0.46836814352884476,1.8987870198378626e-05
1347,0.0,lbfgs,7047,550.0286753177643,,,,1.3159769637235836e-05,1.8965516733495093e-05,0.0,0.4684231110036031,1.8965516733495093e-05
1348,0.0,lbfgs,7048,550.2725985050201,,,,1.3148011651727533e-05,1.894409802165267e-05,0.0,0.4685429399467873,1.894409802165267e-05
1349,0.0,lbfgs,7049,550.4972839355469,,,,1.3136109649081782e-05,1.8933223895726527e-05,0.0,0.46865028424985566,1.8933223895726527e-05
1350,0.0,lbfgs,7050,550.7990212440491,,,,1.3133681503482712e-05,1.892301040015181e-05,0.0,0.46868726263145016,1.892301040015181e-05
1351,0.0,lbfgs,7051,551.0701308250427,,,,1.3124146333202823e-05,1.8928335980003102e-05,0.0,0.468749712361343,1.8928335980003102e-05
1352,0.0,lbfgs,7052,551.3433876037598,,,,1.3116795644260535e-05,1.89278896530866e-05,0.0,0.4687117596241553,1.89278896530866e-05
1353,0.0,lbfgs,7053,551.5641973018646,,,,1.3104998612202258e-05,1.8922373559983717e-05,0.0,0.4685594128554026,1.8922373559983717e-05
1354,0.0,lbfgs,7054,551.8437032699585,,,,1.3094438707273306e-05,1.889271037918509e-05,0.0,0.4684337209899881,1.889271037918509e-05
1355,0.0,lbfgs,7055,552.1502115726471,,,,1.3083818713587756e-05,1.8892083875654982e-05,0.0,0.46810611855634343,1.8892083875654982e-05
1356,0.0,lbfgs,7056,552.4070022106171,,,,1.3072995263280247e-05,1.8855493711875044e-05,0.0,0.4681207052233124,1.8855493711875044e-05
1357,0.0,lbfgs,7057,552.6322107315063,,,,1.3065870200992913e-05,1.8828700572237385e-05,0.0,0.4681313193519501,1.8828700572237385e-05
1358,0.0,lbfgs,7058,552.8960926532745,,,,1.3060069544909093e-05,1.8816897157831265e-05,0.0,0.46813525074155776,1.8816897157831265e-05
1359,0.0,lbfgs,7059,553.1439099311829,,,,1.3046158025648314e-05,1.880180106438935e-05,0.0,0.4680704011605499,1.880180106438935e-05
1360,0.0,lbfgs,7060,553.4186210632324,,,,1.3034582025704365e-05,1.8771480337773822e-05,0.0,0.4680768424239247,1.8771480337773822e-05
1361,0.0,lbfgs,7061,553.6573486328125,,,,1.3025429332927826e-05,1.876591954781825e-05,0.0,0.46803900396963527,1.876591954781825e-05
1362,0.0,lbfgs,7062,553.9035930633545,,,,1.3009744615530625e-05,1.8736392322932714e-05,0.0,0.4679236744657382,1.8736392322932714e-05
1363,0.0,lbfgs,7063,554.3132381439209,,,,1.3006226022844574e-05,1.8726757292981596e-05,0.0,0.467961114886788,1.8726757292981596e-05
1364,0.0,lbfgs,7064,554.5602045059204,,,,1.2999712250700905e-05,1.86992692987257e-05,0.0,0.4678903996690109,1.86992692987257e-05
1365,0.0,lbfgs,7065,554.8295578956604,,,,1.2991316935858998e-05,1.8655869314111795e-05,0.0,0.46784330792110884,1.8655869314111795e-05
1366,0.0,lbfgs,7066,555.0707762241364,,,,1.2985655762567366e-05,1.8637181219520355e-05,0.0,0.4678372717799395,1.8637181219520355e-05
1367,0.0,lbfgs,7067,555.4047179222107,,,,1.2973517363286185e-05,1.861736616172844e-05,0.0,0.4678294330166178,1.861736616172844e-05
1368,0.0,lbfgs,7068,555.6742808818817,,,,1.295582076504322e-05,1.8607427950383538e-05,0.0,0.4676887526824994,1.8607427950383538e-05
1369,0.0,lbfgs,7069,555.9407913684845,,,,1.2945042446111908e-05,1.8598763021785926e-05,0.0,0.4676696833671394,1.8598763021785926e-05
1370,0.0,lbfgs,7070,556.1831126213074,,,,1.2931639737302788e-05,1.8599836098232724e-05,0.0,0.4675819329325106,1.8599836098232724e-05
1371,0.0,lbfgs,7071,556.5073745250702,,,,1.2925555578366315e-05,1.8603836211619355e-05,0.0,0.4675140349004447,1.8603836211619355e-05
1372,0.0,lbfgs,7072,556.6993148326874,,,,1.2918062095668535e-05,1.8591470494802466e-05,0.0,0.4674357114053504,1.8591470494802466e-05
1373,0.0,lbfgs,7073,556.9213900566101,,,,1.2909608202443345e-05,1.8564368278958277e-05,0.0,0.46727729815524816,1.8564368278958277e-05
1374,0.0,lbfgs,7074,557.1710696220398,,,,1.2902893559563672e-05,1.8542082676010108e-05,0.0,0.46726707884674623,1.8542082676010108e-05
1375,0.0,lbfgs,7075,557.4396879673004,,,,1.2897389344987415e-05,1.8519116168949955e-05,0.0,0.4672754234162092,1.8519116168949955e-05
1376,0.0,lbfgs,7076,557.685173034668,,,,1.2891459225589736e-05,1.8499264274281783e-05,0.0,0.4672764910948663,1.8499264274281783e-05
1377,0.0,lbfgs,7077,557.9095721244812,,,,1.2888710766378102e-05,1.8476832417922383e-05,0.0,0.4674267088702932,1.8476832417922383e-05
1378,0.0,lbfgs,7078,558.1459364891052,,,,1.2875005394597073e-05,1.8473344006794924e-05,0.0,0.46734398341810246,1.8473344006794924e-05
1379,0.0,lbfgs,7079,558.3938484191895,,,,1.2865856201185146e-05,1.8478127829820163e-05,0.0,0.46729738287413913,1.8478127829820163e-05
1380,0.0,lbfgs,7080,558.7071552276611,,,,1.2858988787687807e-05,1.8483992064930177e-05,0.0,0.4672681968106069,1.8483992064930177e-05
1381,0.0,lbfgs,7081,558.9535930156708,,,,1.2847259091065357e-05,1.8474277967348198e-05,0.0,0.46717861539668337,1.8474277967348198e-05
1382,0.0,lbfgs,7082,559.2635765075684,,,,1.2837144392737419e-05,1.8474132153165963e-05,0.0,0.46712835881016856,1.8474132153165963e-05
1383,0.0,lbfgs,7083,559.436094045639,,,,1.2825989149408779e-05,1.8448222852515074e-05,0.0,0.4670182509001832,1.8448222852515074e-05
1384,0.0,lbfgs,7084,559.7092571258545,,,,1.2818846175387066e-05,1.8430973953624928e-05,0.0,0.466985451904184,1.8430973953624928e-05
1385,0.0,lbfgs,7085,560.0608022212982,,,,1.2803632399789344e-05,1.8401636306141995e-05,0.0,0.46692915820190584,1.8401636306141995e-05
1386,0.0,lbfgs,7086,560.5391817092896,,,,1.279872597938608e-05,1.8386604463638634e-05,0.0,0.466896532440768,1.8386604463638634e-05
1387,0.0,lbfgs,7087,560.786859035492,,,,1.2790611569455056e-05,1.838685005671552e-05,0.0,0.4668765953667811,1.838685005671552e-05
1388,0.0,lbfgs,7088,561.0988078117371,,,,1.2779919220558575e-05,1.83966841535589e-05,0.0,0.46683829254671216,1.83966841535589e-05
1389,0.0,lbfgs,7089,561.3652262687683,,,,1.2771481423813538e-05,1.8405631492160874e-05,0.0,0.46679765919668187,1.8405631492160874e-05
1390,0.0,lbfgs,7090,561.6621313095093,,,,1.2758489222440166e-05,1.8411442943096288e-05,0.0,0.4667363329921148,1.8411442943096288e-05
1391,0.0,lbfgs,7091,561.9190464019775,,,,1.2737568343240997e-05,1.838318875384335e-05,0.0,0.46676080720790486,1.838318875384335e-05
1392,0.0,lbfgs,7092,562.175612449646,,,,1.2734916824216014e-05,1.8415711087970908e-05,0.0,0.4666855137151466,1.8415711087970908e-05
1393,0.0,lbfgs,7093,562.4456334114075,,,,1.27123536057191e-05,1.834314918508175e-05,0.0,0.4667958895093041,1.834314918508175e-05
1394,0.0,lbfgs,7094,562.7148056030273,,,,1.2706409206902726e-05,1.8316226787328275e-05,0.0,0.4667948220061677,1.8316226787328275e-05
1395,0.0,lbfgs,7095,562.957457780838,,,,1.2697690681232685e-05,1.828424637834846e-05,0.0,0.46683424975349624,1.828424637834846e-05
1396,0.0,lbfgs,7096,563.1958105564117,,,,1.2690177206191189e-05,1.8257627770642597e-05,0.0,0.46676738013316627,1.8257627770642597e-05
1397,0.0,lbfgs,7097,563.4562633037567,,,,1.2682062860182906e-05,1.8261455801612013e-05,0.0,0.46679137322065034,1.8261455801612013e-05
1398,0.0,lbfgs,7098,563.6768343448639,,,,1.267415370800951e-05,1.8273363564476243e-05,0.0,0.4668038523308096,1.8273363564476243e-05
1399,0.0,lbfgs,7099,563.9099519252777,,,,1.2669562860847994e-05,1.827418016035312e-05,0.0,0.4668031108254719,1.827418016035312e-05
1400,0.0,lbfgs,7100,564.1303067207336,,,,1.2656026514981974e-05,1.827083490213785e-05,0.0,0.46677083636306044,1.827083490213785e-05
1401,0.0,lbfgs,7101,564.5079882144928,,,,1.2650290177797183e-05,1.8267623677928936e-05,0.0,0.4667519316503708,1.8267623677928936e-05
1402,0.0,lbfgs,7102,564.7680430412292,,,,1.2642755951088931e-05,1.8251298954494263e-05,0.0,0.46671484107849703,1.8251298954494263e-05
1403,0.0,lbfgs,7103,565.0112044811249,,,,1.2636950271022518e-05,1.8241726990380087e-05,0.0,0.4666710741153478,1.8241726990380087e-05
1404,0.0,lbfgs,7104,565.2799158096313,,,,1.2632008578195698e-05,1.8234729312288728e-05,0.0,0.46663593374936274,1.8234729312288728e-05
1405,0.0,lbfgs,7105,565.5654473304749,,,,1.2620093999512561e-05,1.8232831322974656e-05,0.0,0.4665543261358978,1.8232831322974656e-05
1406,0.0,lbfgs,7106,565.8082132339478,,,,1.2609684266212776e-05,1.822989205572802e-05,0.0,0.4665372589498763,1.822989205572802e-05
1407,0.0,lbfgs,7107,566.0331048965454,,,,1.2599430684499882e-05,1.822595524624362e-05,0.0,0.4665413370910941,1.822595524624362e-05
1408,0.0,lbfgs,7108,566.2815585136414,,,,1.2590894857677782e-05,1.820003426759253e-05,0.0,0.46665620320524104,1.820003426759253e-05
1409,0.0,lbfgs,7109,566.5311861038208,,,,1.2581711645717195e-05,1.8197397782084617e-05,0.0,0.46662105759266415,1.8197397782084617e-05
1410,0.0,lbfgs,7110,566.7801249027252,,,,1.2575176695571551e-05,1.8182339885995108e-05,0.0,0.46662467236965477,1.8182339885995108e-05
1411,0.0,lbfgs,7111,567.024097442627,,,,1.2565024633695322e-05,1.8159797830881513e-05,0.0,0.4665980948087644,1.8159797830881513e-05
1412,0.0,lbfgs,7112,567.418071269989,,,,1.2559642964757846e-05,1.8157041440804157e-05,0.0,0.466553049882827,1.8157041440804157e-05
1413,0.0,lbfgs,7113,567.6593821048737,,,,1.2545937574992325e-05,1.8160000619818604e-05,0.0,0.4664335677084362,1.8160000619818604e-05
1414,0.0,lbfgs,7114,567.9783089160919,,,,1.2528837343498127e-05,1.814090180532384e-05,0.0,0.46638816930717075,1.814090180532384e-05
1415,0.0,lbfgs,7115,568.3561060428619,,,,1.2521450050717175e-05,1.8136407453240077e-05,0.0,0.466453338908926,1.8136407453240077e-05
1416,0.0,lbfgs,7116,568.551599740982,,,,1.251248193628963e-05,1.811552809371758e-05,0.0,0.4664590995047968,1.811552809371758e-05
1417,0.0,lbfgs,7117,568.8036229610443,,,,1.2506284555928359e-05,1.8094840456822146e-05,0.0,0.46649528325345235,1.8094840456822146e-05
1418,0.0,lbfgs,7118,569.0840771198273,,,,1.2497795052623965e-05,1.8058630857448948e-05,0.0,0.46645394794961775,1.8058630857448948e-05
1419,0.0,lbfgs,7119,569.3184325695038,,,,1.2490391848566675e-05,1.8031606771267766e-05,0.0,0.4664932987035041,1.8031606771267766e-05
1420,0.0,lbfgs,7120,569.6215739250183,,,,1.248090719798409e-05,1.799767382179571e-05,0.0,0.46648615797469245,1.799767382179571e-05
1421,0.0,lbfgs,7121,569.8866202831268,,,,1.2471046381589366e-05,1.7967281913436957e-05,0.0,0.4665854907546473,1.7967281913436957e-05
1422,0.0,lbfgs,7122,570.1102709770203,,,,1.2459105466135712e-05,1.7945892281232694e-05,0.0,0.4664494380181408,1.7945892281232694e-05
1423,0.0,lbfgs,7123,570.3878331184387,,,,1.2451229300824854e-05,1.794280443426245e-05,0.0,0.4663247881237843,1.794280443426245e-05
1424,0.0,lbfgs,7124,570.6314771175385,,,,1.2442374101687674e-05,1.7928558225417624e-05,0.0,0.4661818330912841,1.7928558225417624e-05
1425,0.0,lbfgs,7125,570.8749952316284,,,,1.2429297449264305e-05,1.7893799555156956e-05,0.0,0.4660306462474618,1.7893799555156956e-05
1426,0.0,lbfgs,7126,571.3037173748016,,,,1.2423971630100326e-05,1.7870141431909363e-05,0.0,0.4659499606283756,1.7870141431909363e-05
1427,0.0,lbfgs,7127,571.5378987789154,,,,1.2412355975821727e-05,1.783047500011762e-05,0.0,0.4659075530456899,1.783047500011762e-05
1428,0.0,lbfgs,7128,571.735437631607,,,,1.2402224849439058e-05,1.7807507066937017e-05,0.0,0.46593587519620516,1.7807507066937017e-05
1429,0.0,lbfgs,7129,572.0123021602631,,,,1.2388383940840606e-05,1.7783076660030343e-05,0.0,0.46598626347528277,1.7783076660030343e-05
1430,0.0,lbfgs,7130,572.4983942508698,,,,1.2383872572255056e-05,1.7781181884944197e-05,0.0,0.4660724490892377,1.7781181884944197e-05
1431,0.0,lbfgs,7131,572.7576384544373,,,,1.2377408749889247e-05,1.778514964289667e-05,0.0,0.46609267178898334,1.778514964289667e-05
1432,0.0,lbfgs,7132,573.0290780067444,,,,1.2370038522077355e-05,1.7792869085486274e-05,0.0,0.4660894869451802,1.7792869085486274e-05
1433,0.0,lbfgs,7133,573.2624599933624,,,,1.236266710910379e-05,1.7792373647985936e-05,0.0,0.4660704319607968,1.7792373647985936e-05
1434,0.0,lbfgs,7134,573.5057091712952,,,,1.2350808089261532e-05,1.777520759229566e-05,0.0,0.46604821056363643,1.777520759229566e-05
1435,0.0,lbfgs,7135,573.7272114753723,,,,1.2332176164901466e-05,1.774383467351482e-05,0.0,0.466027403450361,1.774383467351482e-05
1436,0.0,lbfgs,7136,574.1871452331543,,,,1.2322627417150953e-05,1.7709203649107292e-05,0.0,0.4660239104884354,1.7709203649107292e-05
1437,0.0,lbfgs,7137,574.4001581668854,,,,1.2307387050488029e-05,1.7663343350419826e-05,0.0,0.46603584728903097,1.7663343350419826e-05
1438,0.0,lbfgs,7138,574.6480114459991,,,,1.2299276570369193e-05,1.7639498166448626e-05,0.0,0.46603268983358803,1.7639498166448626e-05
1439,0.0,lbfgs,7139,574.9040355682373,,,,1.2286297914041527e-05,1.759645740185166e-05,0.0,0.4660345717385846,1.759645740185166e-05
1440,0.0,lbfgs,7140,575.157280921936,,,,1.2272714570978142e-05,1.7569915940950667e-05,0.0,0.46600954361014174,1.7569915940950667e-05
1441,0.0,lbfgs,7141,575.4482843875885,,,,1.2260220129061082e-05,1.756155026453108e-05,0.0,0.465907569095939,1.756155026453108e-05
1442,0.0,lbfgs,7142,575.7215523719788,,,,1.2248883003936388e-05,1.754035022877436e-05,0.0,0.46587808070606224,1.754035022877436e-05
1443,0.0,lbfgs,7143,575.9617881774902,,,,1.2243553290671638e-05,1.754028477769047e-05,0.0,0.4658696458535218,1.754028477769047e-05
1444,0.0,lbfgs,7144,576.2995975017548,,,,1.222955059868648e-05,1.7532647880258862e-05,0.0,0.4658097868917324,1.7532647880258862e-05
1445,0.0,lbfgs,7145,576.5575399398804,,,,1.2217340930025253e-05,1.751601758771915e-05,0.0,0.4657179358829535,1.751601758771915e-05
1446,0.0,lbfgs,7146,576.9926817417145,,,,1.2209661115998505e-05,1.751504163092135e-05,0.0,0.4657226840027901,1.751504163092135e-05
1447,0.0,lbfgs,7147,577.2405819892883,,,,1.2197009700302968e-05,1.7480451015802622e-05,0.0,0.4656559237039405,1.7480451015802622e-05
1448,0.0,lbfgs,7148,577.5256793498993,,,,1.2188235818043433e-05,1.7454181261880715e-05,0.0,0.46557931937346403,1.7454181261880715e-05
1449,0.0,lbfgs,7149,577.7861561775208,,,,1.2179597331107242e-05,1.7438355188878284e-05,0.0,0.46565799032944927,1.7438355188878284e-05
1450,0.0,lbfgs,7150,578.0554416179657,,,,1.2171573545412238e-05,1.7430711077158063e-05,0.0,0.4657351347186722,1.7430711077158063e-05
1451,0.0,lbfgs,7151,578.2739932537079,,,,1.215214935139497e-05,1.7429634966845717e-05,0.0,0.46581964545920185,1.7429634966845717e-05
1452,0.0,lbfgs,7152,578.746054649353,,,,1.2147304230338705e-05,1.7424649365334316e-05,0.0,0.4658092634345586,1.7424649365334316e-05
1453,0.0,lbfgs,7153,579.0047147274017,,,,1.2138866696905433e-05,1.7430835378602577e-05,0.0,0.46577394820916423,1.7430835378602577e-05
1454,0.0,lbfgs,7154,579.2516646385193,,,,1.2130999649260356e-05,1.7432117298977672e-05,0.0,0.46569084617286155,1.7432117298977672e-05
1455,0.0,lbfgs,7155,579.4662866592407,,,,1.2126373870648979e-05,1.7426277471150747e-05,0.0,0.4654798914480687,1.7426277471150747e-05
1456,0.0,lbfgs,7156,579.6732885837555,,,,1.211301451124905e-05,1.7413890552844617e-05,0.0,0.46543626527198995,1.7413890552844617e-05
1457,0.0,lbfgs,7157,579.9156892299652,,,,1.2108982701359207e-05,1.740200973946542e-05,0.0,0.46542190653808885,1.740200973946542e-05
1458,0.0,lbfgs,7158,580.155296087265,,,,1.2103759604053991e-05,1.7389628837254454e-05,0.0,0.46539635708273547,1.7389628837254454e-05
1459,0.0,lbfgs,7159,580.3910360336304,,,,1.2094011063023534e-05,1.7375525511827558e-05,0.0,0.46541775132460733,1.7375525511827558e-05
1460,0.0,lbfgs,7160,580.8495757579803,,,,1.209068769228152e-05,1.7379887955156663e-05,0.0,0.4653882112615305,1.7379887955156663e-05
1461,0.0,lbfgs,7161,581.121940612793,,,,1.2082070958948563e-05,1.7369775307099868e-05,0.0,0.4654871229212513,1.7369775307099868e-05
1462,0.0,lbfgs,7162,581.3648328781128,,,,1.2078152654116756e-05,1.7368358566913632e-05,0.0,0.4655379234692404,1.7368358566913632e-05
1463,0.0,lbfgs,7163,581.6066596508026,,,,1.2070862027821181e-05,1.7359968775560452e-05,0.0,0.46562059360172187,1.7359968775560452e-05
1464,0.0,lbfgs,7164,581.8576021194458,,,,1.2061085588953554e-05,1.7342484324783106e-05,0.0,0.4656969792163669,1.7342484324783106e-05
1465,0.0,lbfgs,7165,582.1593043804169,,,,1.2048008820272882e-05,1.7286446852108582e-05,0.0,0.46573648532794915,1.7286446852108582e-05
1466,0.0,lbfgs,7166,582.585301399231,,,,1.2041579922928986e-05,1.7277429012392466e-05,0.0,0.46581033274134553,1.7277429012392466e-05
1467,0.0,lbfgs,7167,582.8075804710388,,,,1.2035901605363421e-05,1.7264251272083425e-05,0.0,0.4657336911706383,1.7264251272083425e-05
1468,0.0,lbfgs,7168,583.0713760852814,,,,1.2027770915699003e-05,1.7245132644129115e-05,0.0,0.465603610959115,1.7245132644129115e-05
1469,0.0,lbfgs,7169,583.3015246391296,,,,1.2022048802797882e-05,1.7233031348037456e-05,0.0,0.4655079627575962,1.7233031348037456e-05
1470,0.0,lbfgs,7170,583.5413944721222,,,,1.2016412256413866e-05,1.7237979859507916e-05,0.0,0.46527179945055397,1.7237979859507916e-05
1471,0.0,lbfgs,7171,583.7994232177734,,,,1.2002668921967972e-05,1.720994234461205e-05,0.0,0.4652441616584051,1.720994234461205e-05
1472,0.0,lbfgs,7172,584.0415916442871,,,,1.1995511454171108e-05,1.720363871518222e-05,0.0,0.46526309689647616,1.720363871518222e-05
1473,0.0,lbfgs,7173,584.2706773281097,,,,1.1988895816460778e-05,1.7197959064127446e-05,0.0,0.4652648139168938,1.7197959064127446e-05
1474,0.0,lbfgs,7174,584.5035500526428,,,,1.1981734513787443e-05,1.7188042122331985e-05,0.0,0.4653243404775275,1.7188042122331985e-05
1475,0.0,lbfgs,7175,584.7987508773804,,,,1.1976568947938873e-05,1.71467757066394e-05,0.0,0.46515675896506026,1.71467757066394e-05
1476,0.0,lbfgs,7176,584.9587054252625,,,,1.196002033380945e-05,1.7131773896436954e-05,0.0,0.4654284047866109,1.7131773896436954e-05
1477,0.0,lbfgs,7177,585.2043335437775,,,,1.1954099533462945e-05,1.7118097629151953e-05,0.0,0.4654736656954853,1.7118097629151953e-05
1478,0.0,lbfgs,7178,585.4428460597992,,,,1.1947162775742029e-05,1.7094589089775545e-05,0.0,0.46549618151515076,1.7094589089775545e-05
1479,0.0,lbfgs,7179,585.6726839542389,,,,1.1938030647043122e-05,1.7073865791070253e-05,0.0,0.4655059194260677,1.7073865791070253e-05
1480,0.0,lbfgs,7180,586.0713429450989,,,,1.1931837867147262e-05,1.7049935255224698e-05,0.0,0.46547712349688547,1.7049935255224698e-05
1481,0.0,lbfgs,7181,586.4328920841217,,,,1.1923242775156802e-05,1.7038755360846624e-05,0.0,0.46541215415762216,1.7038755360846624e-05
1482,0.0,lbfgs,7182,586.6757245063782,,,,1.1921178568190198e-05,1.7048922610944565e-05,0.0,0.4654577695393784,1.7048922610944565e-05
1483,0.0,lbfgs,7183,586.9073770046234,,,,1.1917644177453797e-05,1.704562017215168e-05,0.0,0.46541311335617086,1.704562017215168e-05
1484,0.0,lbfgs,7184,587.1134140491486,,,,1.1915740331657348e-05,1.7045431587833177e-05,0.0,0.46540269499276876,1.7045431587833177e-05
1485,0.0,lbfgs,7185,587.3359317779541,,,,1.1911400391906169e-05,1.704232456232232e-05,0.0,0.46540383903435684,1.704232456232232e-05
1486,0.0,lbfgs,7186,587.5073683261871,,,,1.1905062003318902e-05,1.703119910844533e-05,0.0,0.4654357614715311,1.703119910844533e-05
1487,0.0,lbfgs,7187,587.7489700317383,,,,1.189448420648831e-05,1.700077710000724e-05,0.0,0.46552698904369383,1.700077710000724e-05
1488,0.0,lbfgs,7188,588.1926374435425,,,,1.1887041147002624e-05,1.698974819952754e-05,0.0,0.46560612698208304,1.698974819952754e-05
1489,0.0,lbfgs,7189,588.4539465904236,,,,1.1875444855359784e-05,1.6952255098827956e-05,0.0,0.4657649726651982,1.6952255098827956e-05
1490,0.0,lbfgs,7190,588.7080483436584,,,,1.186835621057542e-05,1.6936432978580674e-05,0.0,0.46583418938421484,1.6936432978580674e-05
1491,0.0,lbfgs,7191,588.9817526340485,,,,1.1860576185059046e-05,1.6930375153910286e-05,0.0,0.46587165421158805,1.6930375153910286e-05
1492,0.0,lbfgs,7192,589.2459681034088,,,,1.1847608866625268e-05,1.691401221470257e-05,0.0,0.46587532741876675,1.691401221470257e-05
1493,0.0,lbfgs,7193,589.5552339553833,,,,1.184162395762864e-05,1.6931087047718156e-05,0.0,0.4658301857027467,1.6931087047718156e-05
1494,0.0,lbfgs,7194,589.735577583313,,,,1.1828952578674453e-05,1.691172150602276e-05,0.0,0.4657707676517639,1.691172150602276e-05
1495,0.0,lbfgs,7195,589.919177532196,,,,1.1822728745366521e-05,1.690041325766405e-05,0.0,0.4657036471236746,1.690041325766405e-05
1496,0.0,lbfgs,7196,590.0733215808868,,,,1.1815351392490388e-05,1.6884045576162317e-05,0.0,0.46565045541678646,1.6884045576162317e-05
1497,0.0,lbfgs,7197,590.2407584190369,,,,1.1808257369339298e-05,1.6863998334894253e-05,0.0,0.465567975129285,1.6863998334894253e-05
1498,0.0,lbfgs,7198,590.4106369018555,,,,1.179746540000467e-05,1.6840956165713302e-05,0.0,0.46562891676703067,1.6840956165713302e-05
1499,0.0,lbfgs,7199,590.5661396980286,,,,1.1786676162096463e-05,1.6827982121431348e-05,0.0,0.4657191156080634,1.6827982121431348e-05
1500,0.0,lbfgs,7200,590.774866104126,,,,1.177843576464678e-05,1.6828521062463907e-05,0.0,0.46582278317688325,1.6828521062463907e-05
1501,0.0,lbfgs,7201,590.9467413425446,,,,1.1776461105236952e-05,1.6828607917257836e-05,0.0,0.46578595474220713,1.6828607917257836e-05
1502,0.0,lbfgs,7202,591.1002244949341,,,,1.1768605646989555e-05,1.683319273595665e-05,0.0,0.4658020745553259,1.683319273595665e-05
1503,0.0,lbfgs,7203,591.2746732234955,,,,1.1761597253544989e-05,1.684122118512616e-05,0.0,0.46577244747555985,1.684122118512616e-05
1504,0.0,lbfgs,7204,591.443585395813,,,,1.1754714274349153e-05,1.684785484457519e-05,0.0,0.46571090714224894,1.684785484457519e-05
1505,0.0,lbfgs,7205,591.6020231246948,,,,1.1747399911095187e-05,1.684706318927364e-05,0.0,0.46565668139516864,1.684706318927364e-05
1506,0.0,lbfgs,7206,591.9107999801636,,,,1.1742004602620511e-05,1.6834124958725034e-05,0.0,0.46570531504299834,1.6834124958725034e-05
1507,0.0,lbfgs,7207,592.0873301029205,,,,1.1732203582181536e-05,1.681643093381024e-05,0.0,0.4656778526847419,1.681643093381024e-05
1508,0.0,lbfgs,7208,592.2786364555359,,,,1.1725668255270397e-05,1.679319981262489e-05,0.0,0.465737775513053,1.679319981262489e-05
1509,0.0,lbfgs,7209,592.4501433372498,,,,1.1721491061210795e-05,1.6766228478496917e-05,0.0,0.4657940932655406,1.6766228478496917e-05
1510,0.0,lbfgs,7210,592.606883764267,,,,1.1717598024445404e-05,1.676330364544307e-05,0.0,0.465820360761126,1.676330364544307e-05
1511,0.0,lbfgs,7211,592.8144063949585,,,,1.1712635944247003e-05,1.67577199634723e-05,0.0,0.4658621895288361,1.67577199634723e-05
1512,0.0,lbfgs,7212,592.9960856437683,,,,1.1707265235307555e-05,1.6750459936589174e-05,0.0,0.4658864039799595,1.6750459936589174e-05
1513,0.0,lbfgs,7213,593.1967644691467,,,,1.169908535634409e-05,1.673836440407981e-05,0.0,0.46588533615843297,1.673836440407981e-05
1514,0.0,lbfgs,7214,593.3903710842133,,,,1.1690164410990991e-05,1.6722998918019038e-05,0.0,0.46587513405334413,1.6722998918019038e-05
1515,0.0,lbfgs,7215,593.652018070221,,,,1.1685499852975765e-05,1.6719583231959812e-05,0.0,0.46583037473250144,1.6719583231959812e-05
1516,0.0,lbfgs,7216,593.8147120475769,,,,1.1676849306991625e-05,1.6701298295114502e-05,0.0,0.46583581285928777,1.6701298295114502e-05
1517,0.0,lbfgs,7217,593.9631106853485,,,,1.1670386976634276e-05,1.6688165803744066e-05,0.0,0.46586927675104106,1.6688165803744066e-05
1518,0.0,lbfgs,7218,594.1003046035767,,,,1.16648257995683e-05,1.667745712464059e-05,0.0,0.46592115013058255,1.667745712464059e-05
1519,0.0,lbfgs,7219,594.2497982978821,,,,1.1659012612950868e-05,1.6673349954745813e-05,0.0,0.46601113359197605,1.6673349954745813e-05
1520,0.0,lbfgs,7220,594.5203022956848,,,,1.1655951037586468e-05,1.665773097371511e-05,0.0,0.4659998856532615,1.665773097371511e-05
1521,0.0,lbfgs,7221,594.6750116348267,,,,1.1650454627191774e-05,1.666045071719342e-05,0.0,0.46608143044475675,1.666045071719342e-05
1522,0.0,lbfgs,7222,594.8548114299774,,,,1.1646181272057828e-05,1.6663110792844628e-05,0.0,0.46611025886199275,1.6663110792844628e-05
1523,0.0,lbfgs,7223,594.9994366168976,,,,1.1642101363332466e-05,1.666306123455301e-05,0.0,0.4661044782187926,1.666306123455301e-05
1524,0.0,lbfgs,7224,595.2022249698639,,,,1.1635599813443203e-05,1.6657543794558716e-05,0.0,0.4660891017642818,1.6657543794558716e-05
1525,0.0,lbfgs,7225,595.3677830696106,,,,1.1623433356595455e-05,1.6655202351108182e-05,0.0,0.4659911409442962,1.6655202351108182e-05
1526,0.0,lbfgs,7226,595.6339297294617,,,,1.1614983706202078e-05,1.6636375505731027e-05,0.0,0.4660491971459436,1.6636375505731027e-05
1527,0.0,lbfgs,7227,595.8139667510986,,,,1.16077844421994e-05,1.6630503709117085e-05,0.0,0.46602100801620155,1.6630503709117085e-05
1528,0.0,lbfgs,7228,596.0500769615173,,,,1.1600482252976689e-05,1.6624431488275203e-05,0.0,0.4659512580885603,1.6624431488275203e-05
1529,0.0,lbfgs,7229,596.2380356788635,,,,1.1594095170967198e-05,1.6627892002494104e-05,0.0,0.4659459961924696,1.6627892002494104e-05
1530,0.0,lbfgs,7230,596.4212069511414,,,,1.1584766734629022e-05,1.6629373664445034e-05,0.0,0.4658495168661847,1.6629373664445034e-05
1531,0.0,lbfgs,7231,596.5680940151215,,,,1.1570810815428114e-05,1.6636892689204673e-05,0.0,0.4658169310681113,1.6636892689204673e-05
1532,0.0,lbfgs,7232,596.7270431518555,,,,1.1558765517035394e-05,1.6634848705775038e-05,0.0,0.46580625982860074,1.6634848705775038e-05
1533,0.0,lbfgs,7233,596.8956758975983,,,,1.155007924394631e-05,1.663451717750265e-05,0.0,0.4658181473013652,1.663451717750265e-05
1534,0.0,lbfgs,7234,597.1029160022736,,,,1.1545357516815922e-05,1.662677408281958e-05,0.0,0.46585396422183084,1.662677408281958e-05
1535,0.0,lbfgs,7235,597.2752158641815,,,,1.1539696530662216e-05,1.6604803699587634e-05,0.0,0.46593915017238513,1.6604803699587634e-05
1536,0.0,lbfgs,7236,597.5756511688232,,,,1.153683735873614e-05,1.6609736103806144e-05,0.0,0.4659393160212136,1.6609736103806144e-05
1537,0.0,lbfgs,7237,597.7282226085663,,,,1.1532293975543374e-05,1.660282030404356e-05,0.0,0.4659362055285599,1.660282030404356e-05
1538,0.0,lbfgs,7238,597.8894958496094,,,,1.1520977352082035e-05,1.6586643230218374e-05,0.0,0.46588020841350936,1.6586643230218374e-05
1539,0.0,lbfgs,7239,598.0375545024872,,,,1.1516903173795936e-05,1.6581662168984777e-05,0.0,0.4658465003473295,1.6581662168984777e-05
1540,0.0,lbfgs,7240,598.1993961334229,,,,1.1505911142557493e-05,1.6576890253128756e-05,0.0,0.4658259009532465,1.6576890253128756e-05
1541,0.0,lbfgs,7241,598.3496391773224,,,,1.1494997653600949e-05,1.6572190862524292e-05,0.0,0.46579088934984986,1.6572190862524292e-05
1542,0.0,lbfgs,7242,598.5347952842712,,,,1.1485260738948884e-05,1.657411797907981e-05,0.0,0.4658053994989201,1.657411797907981e-05
1543,0.0,lbfgs,7243,598.7096881866455,,,,1.1477727353665274e-05,1.6579668450383978e-05,0.0,0.4657824445041847,1.6579668450383978e-05
1544,0.0,lbfgs,7244,598.8668460845947,,,,1.1471664948087099e-05,1.657717241674415e-05,0.0,0.46576240321043444,1.657717241674415e-05
1545,0.0,lbfgs,7245,599.0501294136047,,,,1.1464417503454478e-05,1.6563041391669935e-05,0.0,0.46573633207092935,1.6563041391669935e-05
1546,0.0,lbfgs,7246,599.2361574172974,,,,1.145618911294505e-05,1.655533293945644e-05,0.0,0.4655166276195197,1.655533293945644e-05
1547,0.0,lbfgs,7247,599.4100744724274,,,,1.1447771765542223e-05,1.652724922254531e-05,0.0,0.4655833688519152,1.652724922254531e-05
1548,0.0,lbfgs,7248,599.5677556991577,,,,1.1441045227447638e-05,1.6511588399672527e-05,0.0,0.4656051975989101,1.6511588399672527e-05
1549,0.0,lbfgs,7249,599.730307340622,,,,1.1429260584501988e-05,1.648524575552458e-05,0.0,0.46564569821023416,1.648524575552458e-05
1550,0.0,lbfgs,7250,599.9997444152832,,,,1.1423478997372896e-05,1.6476575814447504e-05,0.0,0.46570306395714245,1.6476575814447504e-05
1551,0.0,lbfgs,7251,600.1694071292877,,,,1.1413876363561215e-05,1.6470339332348238e-05,0.0,0.4657266980420747,1.6470339332348238e-05
1552,0.0,lbfgs,7252,600.3713891506195,,,,1.1403924891930723e-05,1.646877856591359e-05,0.0,0.46579682911823345,1.646877856591359e-05
1553,0.0,lbfgs,7253,600.5688850879669,,,,1.1394313187005743e-05,1.64740977102943e-05,0.0,0.46582851232954553,1.64740977102943e-05
1554,0.0,lbfgs,7254,600.7658791542053,,,,1.1387845813727999e-05,1.6464626286197524e-05,0.0,0.4660438200614528,1.6464626286197524e-05
1555,0.0,lbfgs,7255,600.9482085704803,,,,1.1379283262408127e-05,1.6477106521840053e-05,0.0,0.4659868144317743,1.6477106521840053e-05
1556,0.0,lbfgs,7256,601.1304919719696,,,,1.1372531427343416e-05,1.6463313626960117e-05,0.0,0.4659423399092152,1.6463313626960117e-05
1557,0.0,lbfgs,7257,601.2889380455017,,,,1.1365368649487548e-05,1.6447806992101165e-05,0.0,0.46593386503114326,1.6447806992101165e-05
1558,0.0,lbfgs,7258,601.4450032711029,,,,1.1354530479069927e-05,1.641970684602884e-05,0.0,0.4659606511630143,1.641970684602884e-05
1559,0.0,lbfgs,7259,601.6621389389038,,,,1.1345517767132395e-05,1.64112376169784e-05,0.0,0.46589546421845496,1.64112376169784e-05
1560,0.0,lbfgs,7260,601.895188331604,,,,1.1338263528322976e-05,1.6412299389078244e-05,0.0,0.46590312322356164,1.6412299389078244e-05
1561,0.0,lbfgs,7261,602.07892370224,,,,1.1331651826063447e-05,1.6412569115781108e-05,0.0,0.46591756550444163,1.6412569115781108e-05
1562,0.0,lbfgs,7262,602.4030995368958,,,,1.1329105200653411e-05,1.6418807092109905e-05,0.0,0.4659085616882205,1.6418807092109905e-05
1563,0.0,lbfgs,7263,602.6230299472809,,,,1.1325039643032036e-05,1.6414561001911943e-05,0.0,0.46591307394662634,1.6414561001911943e-05
1564,0.0,lbfgs,7264,602.8108639717102,,,,1.1310729830940142e-05,1.639197056393287e-05,0.0,0.4659324875663395,1.639197056393287e-05
1565,0.0,lbfgs,7265,603.0055441856384,,,,1.1302212713339752e-05,1.6374922399408742e-05,0.0,0.4659725910586279,1.6374922399408742e-05
1566,0.0,lbfgs,7266,603.2156691551208,,,,1.129526807071615e-05,1.6359476611708268e-05,0.0,0.4659817167397785,1.6359476611708268e-05
1567,0.0,lbfgs,7267,603.3776586055756,,,,1.1288063680842886e-05,1.634669465914435e-05,0.0,0.4659929289933425,1.634669465914435e-05
1568,0.0,lbfgs,7268,603.551882982254,,,,1.1283111504163794e-05,1.6336647433077626e-05,0.0,0.4660475015259775,1.6336647433077626e-05
1569,0.0,lbfgs,7269,603.7491652965546,,,,1.1280454516587182e-05,1.6326441598766776e-05,0.0,0.4659216838278629,1.6326441598766776e-05
1570,0.0,lbfgs,7270,603.9161911010742,,,,1.1270146845436044e-05,1.6313712916021784e-05,0.0,0.46601539400359726,1.6313712916021784e-05
1571,0.0,lbfgs,7271,604.1031224727631,,,,1.1264721257379567e-05,1.630856861007191e-05,0.0,0.4660523930850749,1.630856861007191e-05
1572,0.0,lbfgs,7272,604.2991955280304,,,,1.125836637326436e-05,1.630982916274899e-05,0.0,0.4660647306173946,1.630982916274899e-05
1573,0.0,lbfgs,7273,604.5768074989319,,,,1.125443014197622e-05,1.6298560479817836e-05,0.0,0.46597315232180025,1.6298560479817836e-05
1574,0.0,lbfgs,7274,604.7317936420441,,,,1.1247867952804595e-05,1.630959094728403e-05,0.0,0.46595342558567,1.630959094728403e-05
1575,0.0,lbfgs,7275,604.886992931366,,,,1.1243838253342902e-05,1.6315580259440993e-05,0.0,0.4659177826197728,1.6315580259440993e-05
1576,0.0,lbfgs,7276,605.0425460338593,,,,1.124046802751406e-05,1.63188725232883e-05,0.0,0.4658971831833047,1.63188725232883e-05
1577,0.0,lbfgs,7277,605.2000873088837,,,,1.1235120331000902e-05,1.6321208830393257e-05,0.0,0.4659156149924509,1.6321208830393257e-05
1578,0.0,lbfgs,7278,605.3556277751923,,,,1.122284731322266e-05,1.6323518249270453e-05,0.0,0.466045313317991,1.6323518249270453e-05
1579,0.0,lbfgs,7279,605.5258610248566,,,,1.1208168227300825e-05,1.6330405609549858e-05,0.0,0.4661635924148096,1.6330405609549858e-05
1580,0.0,lbfgs,7280,605.8025081157684,,,,1.1198775525061638e-05,1.6314349438496005e-05,0.0,0.4663907005354429,1.6314349438496005e-05
1581,0.0,lbfgs,7281,605.9815971851349,,,,1.118821693687887e-05,1.6301632862310227e-05,0.0,0.46646970072320837,1.6301632862310227e-05
1582,0.0,lbfgs,7282,606.1477706432343,,,,1.1178013974080177e-05,1.6282468447866256e-05,0.0,0.46652254238045304,1.6282468447866256e-05
1583,0.0,lbfgs,7283,606.300553560257,,,,1.1172180251728561e-05,1.627836445436715e-05,0.0,0.4665457624211367,1.627836445436715e-05
1584,0.0,lbfgs,7284,606.4546444416046,,,,1.1165803277156796e-05,1.6267943869596646e-05,0.0,0.4664953393053708,1.6267943869596646e-05
1585,0.0,lbfgs,7285,606.6214125156403,,,,1.1156821896096958e-05,1.6255778522633316e-05,0.0,0.46635692199233225,1.6255778522633316e-05
1586,0.0,lbfgs,7286,606.8273186683655,,,,1.115025695528476e-05,1.6245827090402254e-05,0.0,0.4663268168022685,1.6245827090402254e-05
1587,0.0,lbfgs,7287,607.0035915374756,,,,1.114253180131306e-05,1.6234074357691426e-05,0.0,0.4663182614909698,1.6234074357691426e-05
1588,0.0,lbfgs,7288,607.1740975379944,,,,1.1134241302765098e-05,1.6220358072116883e-05,0.0,0.46636409064279777,1.6220358072116883e-05
1589,0.0,lbfgs,7289,607.4923918247223,,,,1.1131092655182526e-05,1.62086753924724e-05,0.0,0.4664608543207236,1.62086753924724e-05
1590,0.0,lbfgs,7290,607.6608817577362,,,,1.11266652947955e-05,1.619892387491378e-05,0.0,0.46651018614365586,1.619892387491378e-05
1591,0.0,lbfgs,7291,607.8512320518494,,,,1.1122471713070678e-05,1.6189893915560288e-05,0.0,0.4665540475773615,1.6189893915560288e-05
1592,0.0,lbfgs,7292,608.0036656856537,,,,1.1114000394629246e-05,1.6172106210510578e-05,0.0,0.4666347842047363,1.6172106210510578e-05
1593,0.0,lbfgs,7293,608.1526544094086,,,,1.1102012955141246e-05,1.6144880079563957e-05,0.0,0.4667184679239962,1.6144880079563957e-05
1594,0.0,lbfgs,7294,608.4535396099091,,,,1.1096863620254735e-05,1.6128797632830616e-05,0.0,0.4668186970188793,1.6128797632830616e-05
1595,0.0,lbfgs,7295,608.6218843460083,,,,1.108968546213845e-05,1.611768024937527e-05,0.0,0.4668092476226447,1.611768024937527e-05
1596,0.0,lbfgs,7296,608.8188643455505,,,,1.1083265203731795e-05,1.610857421472985e-05,0.0,0.4667626029674318,1.610857421472985e-05
1597,0.0,lbfgs,7297,609.0237922668457,,,,1.1076787927859086e-05,1.6098658824215666e-05,0.0,0.4666972863148547,1.6098658824215666e-05
1598,0.0,lbfgs,7298,609.2049498558044,,,,1.1065164668302805e-05,1.6076425111097996e-05,0.0,0.46653164358177207,1.6076425111097996e-05
1599,0.0,lbfgs,7299,609.5064876079559,,,,1.1059471862577696e-05,1.6066669448226158e-05,0.0,0.46659137166552567,1.6066669448226158e-05
1600,0.0,lbfgs,7300,609.6911013126373,,,,1.1050532828005304e-05,1.604632391973922e-05,0.0,0.4664805793513439,1.604632391973922e-05
1601,0.0,lbfgs,7301,609.8554263114929,,,,1.104276245059086e-05,1.603158657557837e-05,0.0,0.46647262135271483,1.603158657557837e-05
1602,0.0,lbfgs,7302,610.0195844173431,,,,1.1032449646536578e-05,1.6013398614122298e-05,0.0,0.46657354350445873,1.6013398614122298e-05
1603,0.0,lbfgs,7303,610.1906900405884,,,,1.102601716712007e-05,1.5996091496990327e-05,0.0,0.46671022813253904,1.5996091496990327e-05
1604,0.0,lbfgs,7304,610.4155876636505,,,,1.1014782131405236e-05,1.597964625092612e-05,0.0,0.46692138400170313,1.597964625092612e-05
1605,0.0,lbfgs,7305,610.6021862030029,,,,1.101076827263401e-05,1.5976449747882458e-05,0.0,0.4669367422610094,1.5976449747882458e-05
1606,0.0,lbfgs,7306,610.8424339294434,,,,1.1004337179417374e-05,1.5966840534115938e-05,0.0,0.4669648913847289,1.5966840534115938e-05
1607,0.0,lbfgs,7307,611.121885061264,,,,1.1000846373267202e-05,1.5964385010442383e-05,0.0,0.4669021441532417,1.5964385010442383e-05
1608,0.0,lbfgs,7308,611.2759082317352,,,,1.0994450543317728e-05,1.595412565568981e-05,0.0,0.46687191431502195,1.595412565568981e-05
1609,0.0,lbfgs,7309,611.4333891868591,,,,1.0983477011717232e-05,1.593719386025243e-05,0.0,0.4667727351305395,1.593719386025243e-05
1610,0.0,lbfgs,7310,611.6072978973389,,,,1.097320725768907e-05,1.592688381252493e-05,0.0,0.46666425199174366,1.592688381252493e-05
1611,0.0,lbfgs,7311,611.9508221149445,,,,1.096851379334328e-05,1.5917074162467627e-05,0.0,0.4666578052011959,1.5917074162467627e-05
1612,0.0,lbfgs,7312,612.1016390323639,,,,1.0957673942487965e-05,1.5910895418628335e-05,0.0,0.46658162448720414,1.5910895418628335e-05
1613,0.0,lbfgs,7313,612.2935538291931,,,,1.094819312896583e-05,1.5907077697953938e-05,0.0,0.4665804199692918,1.5907077697953938e-05
1614,0.0,lbfgs,7314,612.4704523086548,,,,1.0940087904126449e-05,1.5902607887970278e-05,0.0,0.4666382838536335,1.5902607887970278e-05
1615,0.0,lbfgs,7315,612.7949457168579,,,,1.0936947980470261e-05,1.5906043245496444e-05,0.0,0.46666407484664496,1.5906043245496444e-05
1616,0.0,lbfgs,7316,612.9848282337189,,,,1.0930992100934261e-05,1.589702718076968e-05,0.0,0.4667466691823541,1.589702718076968e-05
1617,0.0,lbfgs,7317,613.1488411426544,,,,1.092445755044009e-05,1.5886665810765015e-05,0.0,0.46679160478490284,1.5886665810765015e-05
1618,0.0,lbfgs,7318,613.3195090293884,,,,1.0914903369983964e-05,1.5871406794348486e-05,0.0,0.4668165502753337,1.5871406794348486e-05
1619,0.0,lbfgs,7319,613.4853980541229,,,,1.0906830372236705e-05,1.5860058854778368e-05,0.0,0.4668161279799338,1.5860058854778368e-05
1620,0.0,lbfgs,7320,613.7627472877502,,,,1.090194106328028e-05,1.586142475194964e-05,0.0,0.46673806574817583,1.586142475194964e-05
1621,0.0,lbfgs,7321,613.9593052864075,,,,1.0894733913690904e-05,1.5850884087936013e-05,0.0,0.46670463173934734,1.5850884087936013e-05
1622,0.0,lbfgs,7322,614.1234784126282,,,,1.0889873354702604e-05,1.58496537287457e-05,0.0,0.46670901642238094,1.58496537287457e-05
1623,0.0,lbfgs,7323,614.3090195655823,,,,1.0883849358256274e-05,1.5842656596180392e-05,0.0,0.46669536720714166,1.5842656596180392e-05
1624,0.0,lbfgs,7324,614.551365852356,,,,1.0878133994445744e-05,1.583707028802824e-05,0.0,0.46665701082910943,1.583707028802824e-05
1625,0.0,lbfgs,7325,614.7149567604065,,,,1.0871290064741655e-05,1.58528244374598e-05,0.0,0.466767903154837,1.58528244374598e-05
1626,0.0,lbfgs,7326,614.8850758075714,,,,1.0865455215335574e-05,1.5834419700770192e-05,0.0,0.46675176311373734,1.5834419700770192e-05
1627,0.0,lbfgs,7327,615.0464162826538,,,,1.086086340965318e-05,1.5819824873549083e-05,0.0,0.4667385216611995,1.5819824873549083e-05
1628,0.0,lbfgs,7328,615.2304737567902,,,,1.085779128596074e-05,1.58132962716402e-05,0.0,0.4667459167844142,1.58132962716402e-05
1629,0.0,lbfgs,7329,615.4380595684052,,,,1.085023784454117e-05,1.579951280651532e-05,0.0,0.4667760850554351,1.579951280651532e-05
1630,0.0,lbfgs,7330,615.6144824028015,,,,1.083653224671454e-05,1.577439358414453e-05,0.0,0.46681081618832443,1.577439358414453e-05
1631,0.0,lbfgs,7331,615.8743183612823,,,,1.0828874119196424e-05,1.5756440220295665e-05,0.0,0.46700948755511107,1.5756440220295665e-05
1632,0.0,lbfgs,7332,616.0426721572876,,,,1.0818513093403552e-05,1.5746784079601587e-05,0.0,0.46689625172870786,1.5746784079601587e-05
1633,0.0,lbfgs,7333,616.2220804691315,,,,1.0812707249566325e-05,1.574660531625805e-05,0.0,0.4669042395034786,1.574660531625805e-05
1634,0.0,lbfgs,7334,616.4000692367554,,,,1.0808454697720238e-05,1.5748695072916445e-05,0.0,0.46688925689515126,1.5748695072916445e-05
1635,0.0,lbfgs,7335,616.5730936527252,,,,1.0803407866934654e-05,1.5748023259180374e-05,0.0,0.46684493687106526,1.5748023259180374e-05
1636,0.0,lbfgs,7336,616.7544374465942,,,,1.0795003922290289e-05,1.5752867598364355e-05,0.0,0.4666973516643337,1.5752867598364355e-05
1637,0.0,lbfgs,7337,617.0870430469513,,,,1.0791096387636632e-05,1.5751587984594508e-05,0.0,0.466648939134536,1.5751587984594508e-05
1638,0.0,lbfgs,7338,617.3182835578918,,,,1.078773611070174e-05,1.5749485022487635e-05,0.0,0.46661961381534584,1.5749485022487635e-05
1639,0.0,lbfgs,7339,617.4953434467316,,,,1.0783199496597735e-05,1.5746901916396932e-05,0.0,0.46659677375063113,1.5746901916396932e-05
1640,0.0,lbfgs,7340,617.6665613651276,,,,1.0780187920920704e-05,1.5748668231577828e-05,0.0,0.46661757633677564,1.5748668231577828e-05
1641,0.0,lbfgs,7341,617.8138604164124,,,,1.0775830863064924e-05,1.5749828687021755e-05,0.0,0.4665948544285184,1.5749828687021755e-05
1642,0.0,lbfgs,7342,617.965297460556,,,,1.0769355730743847e-05,1.5751530457988104e-05,0.0,0.466627596733083,1.5751530457988104e-05
1643,0.0,lbfgs,7343,618.1553092002869,,,,1.0763284176127634e-05,1.575639235455757e-05,0.0,0.4666385205185811,1.575639235455757e-05
1644,0.0,lbfgs,7344,618.3267488479614,,,,1.0754998437701495e-05,1.5759586362458238e-05,0.0,0.46666429096266693,1.5759586362458238e-05
1645,0.0,lbfgs,7345,618.5227570533752,,,,1.0748162615484644e-05,1.5768136918542407e-05,0.0,0.4666007445361269,1.5768136918542407e-05
1646,0.0,lbfgs,7346,618.6697475910187,,,,1.0742236832874933e-05,1.5757456940662396e-05,0.0,0.46661805678138535,1.5757456940662396e-05
1647,0.0,lbfgs,7347,618.8418307304382,,,,1.0737520559541198e-05,1.5745465573693153e-05,0.0,0.46664536706642173,1.5745465573693153e-05
1648,0.0,lbfgs,7348,618.9862439632416,,,,1.0733760557285772e-05,1.5735897651585487e-05,0.0,0.46662921602490587,1.5735897651585487e-05
1649,0.0,lbfgs,7349,619.1573619842529,,,,1.0730253305262213e-05,1.5728503664274508e-05,0.0,0.46672804252812256,1.5728503664274508e-05
1650,0.0,lbfgs,7350,619.3346004486084,,,,1.07235160859004e-05,1.5721827387746174e-05,0.0,0.46663302307193644,1.5721827387746174e-05
1651,0.0,lbfgs,7351,619.517580986023,,,,1.0719108851723754e-05,1.5720492009880786e-05,0.0,0.46656711960166447,1.5720492009880786e-05
1652,0.0,lbfgs,7352,619.702262878418,,,,1.071465705357733e-05,1.5719256497850483e-05,0.0,0.466512159207753,1.5719256497850483e-05
1653,0.0,lbfgs,7353,619.868173122406,,,,1.0706392836375524e-05,1.5711710098793808e-05,0.0,0.4664111818238567,1.5711710098793808e-05
1654,0.0,lbfgs,7354,620.0409343242645,,,,1.0701280479352764e-05,1.5696321605433325e-05,0.0,0.4665462632568604,1.5696321605433325e-05
1655,0.0,lbfgs,7355,620.2155673503876,,,,1.0687199600732882e-05,1.567762260277694e-05,0.0,0.46639691727012833,1.567762260277694e-05
1656,0.0,lbfgs,7356,620.3967380523682,,,,1.068145455443887e-05,1.56668862021896e-05,0.0,0.4664320176548528,1.56668862021896e-05
1657,0.0,lbfgs,7357,620.6080822944641,,,,1.0674107474919252e-05,1.565109874492798e-05,0.0,0.4665303941353957,1.565109874492798e-05
1658,0.0,lbfgs,7358,620.8053123950958,,,,1.0665041644113961e-05,1.563772131919916e-05,0.0,0.46665372688858425,1.563772131919916e-05
1659,0.0,lbfgs,7359,621.0826001167297,,,,1.0657709667724515e-05,1.56271988904358e-05,0.0,0.46671633086055836,1.56271988904358e-05
1660,0.0,lbfgs,7360,621.2646691799164,,,,1.0650125105522018e-05,1.5620399582395078e-05,0.0,0.46680110022142807,1.5620399582395078e-05
1661,0.0,lbfgs,7361,621.4791009426117,,,,1.0645335434950534e-05,1.5618732975266936e-05,0.0,0.46682672991486795,1.5618732975266936e-05
1662,0.0,lbfgs,7362,621.6684112548828,,,,1.0640079747909646e-05,1.561298130886685e-05,0.0,0.46681497533795746,1.561298130886685e-05
1663,0.0,lbfgs,7363,621.8385512828827,,,,1.0638432220500424e-05,1.560444823195434e-05,0.0,0.46688239563490896,1.560444823195434e-05
1664,0.0,lbfgs,7364,622.0225419998169,,,,1.0630789412638446e-05,1.5596046879217794e-05,0.0,0.46683605406311673,1.5596046879217794e-05
1665,0.0,lbfgs,7365,622.1953480243683,,,,1.062758130896229e-05,1.5589887407531277e-05,0.0,0.466830674886667,1.5589887407531277e-05
1666,0.0,lbfgs,7366,622.3590211868286,,,,1.0625137265713504e-05,1.558423972923093e-05,0.0,0.4668397740472586,1.558423972923093e-05
1667,0.0,lbfgs,7367,622.5493307113647,,,,1.0620980584515406e-05,1.5579857695404413e-05,0.0,0.4668473884825833,1.5579857695404413e-05
1668,0.0,lbfgs,7368,622.730299949646,,,,1.0614522602021752e-05,1.5570169678112935e-05,0.0,0.46686588305344523,1.5570169678112935e-05
1669,0.0,lbfgs,7369,622.905296087265,,,,1.0603393526882737e-05,1.5562885595712196e-05,0.0,0.46684403539627795,1.5562885595712196e-05
1670,0.0,lbfgs,7370,623.1247398853302,,,,1.0593215248480959e-05,1.5549253528697856e-05,0.0,0.46684031922615304,1.5549253528697856e-05
1671,0.0,lbfgs,7371,623.3157510757446,,,,1.0589191753737544e-05,1.5548766861528652e-05,0.0,0.46682968847767814,1.5548766861528652e-05
1672,0.0,lbfgs,7372,623.450692653656,,,,1.0584672737691653e-05,1.55490943025489e-05,0.0,0.4668239969424933,1.55490943025489e-05
1673,0.0,lbfgs,7373,623.5975801944733,,,,1.0578707531894607e-05,1.5548445723493275e-05,0.0,0.46684055291494286,1.5548445723493275e-05
1674,0.0,lbfgs,7374,623.7594447135925,,,,1.0573420590623434e-05,1.5553644037124455e-05,0.0,0.4667703380507501,1.5553644037124455e-05
1675,0.0,lbfgs,7375,623.9395825862885,,,,1.0568219456083368e-05,1.5546667748283316e-05,0.0,0.46673467201498686,1.5546667748283316e-05
1676,0.0,lbfgs,7376,624.1028289794922,,,,1.0561904858806885e-05,1.553069225268074e-05,0.0,0.46660490891435163,1.553069225268074e-05
1677,0.0,lbfgs,7377,624.3614099025726,,,,1.0559416303818226e-05,1.5535547319588898e-05,0.0,0.46656252684681204,1.5535547319588898e-05
1678,0.0,lbfgs,7378,624.5189075469971,,,,1.055669681389559e-05,1.5531335553263246e-05,0.0,0.46652337916417963,1.5531335553263246e-05
1679,0.0,lbfgs,7379,624.6704289913177,,,,1.0548061589269566e-05,1.5517273822819932e-05,0.0,0.46636702292746296,1.5517273822819932e-05
1680,0.0,lbfgs,7380,624.8858091831207,,,,1.0544326812301641e-05,1.55120832270907e-05,0.0,0.4663271740722672,1.55120832270907e-05
1681,0.0,lbfgs,7381,625.0621535778046,,,,1.0532796658021402e-05,1.5497976865338892e-05,0.0,0.466268025314814,1.5497976865338892e-05
1682,0.0,lbfgs,7382,625.251091003418,,,,1.0518819702962074e-05,1.5484809800143313e-05,0.0,0.4662163584487662,1.5484809800143313e-05
1683,0.0,lbfgs,7383,625.5335690975189,,,,1.0510006723710087e-05,1.546513602156981e-05,0.0,0.4661295267937344,1.546513602156981e-05
1684,0.0,lbfgs,7384,625.6993057727814,,,,1.0493553384191264e-05,1.5451429266615094e-05,0.0,0.4661243309347961,1.5451429266615094e-05
1685,0.0,lbfgs,7385,625.853218793869,,,,1.0489637326250965e-05,1.5431857908033868e-05,0.0,0.466283982058776,1.5431857908033868e-05
1686,0.0,lbfgs,7386,625.9941203594208,,,,1.0480439431387689e-05,1.542702128410106e-05,0.0,0.4661933158904928,1.542702128410106e-05
1687,0.0,lbfgs,7387,626.1705756187439,,,,1.047638932102946e-05,1.5419155628752347e-05,0.0,0.46613802481887334,1.5419155628752347e-05
1688,0.0,lbfgs,7388,626.3251867294312,,,,1.0469252548777112e-05,1.5403159627793302e-05,0.0,0.46604989921754114,1.5403159627793302e-05
1689,0.0,lbfgs,7389,626.5922303199768,,,,1.0467243911460924e-05,1.539463314132486e-05,0.0,0.4660287564591581,1.539463314132486e-05
1690,0.0,lbfgs,7390,626.7571542263031,,,,1.0459504163601708e-05,1.5377262410201243e-05,0.0,0.46593609334611935,1.5377262410201243e-05
1691,0.0,lbfgs,7391,626.9657623767853,,,,1.0449782379344427e-05,1.5365543124845597e-05,0.0,0.46588118836529013,1.5365543124845597e-05
1692,0.0,lbfgs,7392,627.246976852417,,,,1.0445795571346897e-05,1.5361077859833565e-05,0.0,0.4657813683472099,1.5361077859833565e-05
1693,0.0,lbfgs,7393,627.4426975250244,,,,1.0440232680337132e-05,1.5361272329200214e-05,0.0,0.4657905927837326,1.5361272329200214e-05
1694,0.0,lbfgs,7394,627.5900695323944,,,,1.0437637307405712e-05,1.5363512745726234e-05,0.0,0.4657946733785555,1.5363512745726234e-05
1695,0.0,lbfgs,7395,627.7733864784241,,,,1.0433003376710724e-05,1.536387506138187e-05,0.0,0.46578736797125686,1.536387506138187e-05
1696,0.0,lbfgs,7396,627.9331893920898,,,,1.0425799330690384e-05,1.5356946539233112e-05,0.0,0.4657701484321109,1.5356946539233112e-05
1697,0.0,lbfgs,7397,628.1016252040863,,,,1.0414840105880953e-05,1.533462493435969e-05,0.0,0.46581663188535205,1.533462493435969e-05
1698,0.0,lbfgs,7398,628.2866370677948,,,,1.0410400967813214e-05,1.5318600910612957e-05,0.0,0.4658265778054578,1.5318600910612957e-05
1699,0.0,lbfgs,7399,628.4913246631622,,,,1.0400027827621274e-05,1.53030872087341e-05,0.0,0.46583664366875993,1.53030872087341e-05
1700,0.0,lbfgs,7400,628.6876308917999,,,,1.0395969356561286e-05,1.5293275250550567e-05,0.0,0.4658628910311214,1.5293275250550567e-05
1701,0.0,lbfgs,7401,628.857159614563,,,,1.0391016868639465e-05,1.5283999343508386e-05,0.0,0.4659089606752808,1.5283999343508386e-05
1702,0.0,lbfgs,7402,629.0258710384369,,,,1.0382719029242518e-05,1.5276047338554145e-05,0.0,0.4660551014859799,1.5276047338554145e-05
1703,0.0,lbfgs,7403,629.3736531734467,,,,1.0378281259128385e-05,1.5274381090071805e-05,0.0,0.4660192054367739,1.5274381090071805e-05
1704,0.0,lbfgs,7404,629.5509181022644,,,,1.0369284372212173e-05,1.527536777568308e-05,0.0,0.4661583637562061,1.527536777568308e-05
1705,0.0,lbfgs,7405,629.7429716587067,,,,1.0360396486270806e-05,1.5284298882217944e-05,0.0,0.4662227778676949,1.5284298882217944e-05
1706,0.0,lbfgs,7406,629.9045763015747,,,,1.0354403806395371e-05,1.529168304713184e-05,0.0,0.46617734199244243,1.529168304713184e-05
1707,0.0,lbfgs,7407,630.0920190811157,,,,1.034687416072074e-05,1.5297601279011298e-05,0.0,0.46602797396608586,1.5297601279011298e-05
1708,0.0,lbfgs,7408,630.3759779930115,,,,1.0343456452884463e-05,1.530006913491826e-05,0.0,0.46595236115217975,1.530006913491826e-05
1709,0.0,lbfgs,7409,630.5170307159424,,,,1.0338037608967383e-05,1.529713020456318e-05,0.0,0.465799313689347,1.529713020456318e-05
1710,0.0,lbfgs,7410,630.6709144115448,,,,1.0332833344804398e-05,1.529060367434043e-05,0.0,0.4656787810747004,1.529060367434043e-05
1711,0.0,lbfgs,7411,630.8174250125885,,,,1.0326326525217705e-05,1.528301601807719e-05,0.0,0.4655837935808653,1.528301601807719e-05
1712,0.0,lbfgs,7412,630.9658131599426,,,,1.0317176474341658e-05,1.5279168037663032e-05,0.0,0.4654854199398353,1.5279168037663032e-05
1713,0.0,lbfgs,7413,631.1373591423035,,,,1.0315859640707946e-05,1.5291809956952023e-05,0.0,0.46542572909550317,1.5291809956952023e-05
1714,0.0,lbfgs,7414,631.2872514724731,,,,1.0303469934716491e-05,1.5282092670084995e-05,0.0,0.465477734815459,1.5282092670084995e-05
1715,0.0,lbfgs,7415,631.4749069213867,,,,1.029995598084541e-05,1.5284173828670765e-05,0.0,0.4655197972932143,1.5284173828670765e-05
1716,0.0,lbfgs,7416,631.6349828243256,,,,1.0295860698395727e-05,1.5288594984861615e-05,0.0,0.4655432576774616,1.5288594984861615e-05
1717,0.0,lbfgs,7417,631.842990398407,,,,1.028969640203371e-05,1.529272038273809e-05,0.0,0.4655366284768281,1.529272038273809e-05
1718,0.0,lbfgs,7418,632.023145198822,,,,1.0281556406140338e-05,1.5302294887620324e-05,0.0,0.4655502046045969,1.5302294887620324e-05
1719,0.0,lbfgs,7419,632.1623449325562,,,,1.0277650730502911e-05,1.53135955628805e-05,0.0,0.4653873609522664,1.53135955628805e-05
1720,0.0,lbfgs,7420,632.3549501895905,,,,1.0268845469080738e-05,1.529561497371595e-05,0.0,0.4654097160555195,1.529561497371595e-05
1721,0.0,lbfgs,7421,632.5079627037048,,,,1.026546765235687e-05,1.528675877866568e-05,0.0,0.46540404505141525,1.528675877866568e-05
1722,0.0,lbfgs,7422,632.6993963718414,,,,1.0262303066884788e-05,1.527976817373856e-05,0.0,0.4653949279975785,1.527976817373856e-05
1723,0.0,lbfgs,7423,632.9194145202637,,,,1.0259320819053772e-05,1.5270027111294422e-05,0.0,0.4654785461857406,1.5270027111294422e-05
1724,0.0,lbfgs,7424,633.0613024234772,,,,1.0252758886617434e-05,1.5262398888348398e-05,0.0,0.4654694676346786,1.5262398888348398e-05
1725,0.0,lbfgs,7425,633.2813591957092,,,,1.0247231520580971e-05,1.5257061875424277e-05,0.0,0.4655233193675094,1.5257061875424277e-05
1726,0.0,lbfgs,7426,633.4546511173248,,,,1.024354284292834e-05,1.5251818778741717e-05,0.0,0.46560843952296144,1.5251818778741717e-05
1727,0.0,lbfgs,7427,633.6273245811462,,,,1.0239120757210658e-05,1.5242580462827987e-05,0.0,0.46569633426901136,1.5242580462827987e-05
1728,0.0,lbfgs,7428,633.7866160869598,,,,1.0228277498460343e-05,1.5227963482500273e-05,0.0,0.46589117716079564,1.5227963482500273e-05
1729,0.0,lbfgs,7429,634.0828778743744,,,,1.0224498368283315e-05,1.5212935577841478e-05,0.0,0.46595904331469284,1.5212935577841478e-05
1730,0.0,lbfgs,7430,634.2353534698486,,,,1.0216511579905174e-05,1.5204915637635605e-05,0.0,0.466079685984322,1.5204915637635605e-05
1731,0.0,lbfgs,7431,634.3858749866486,,,,1.0215266470276637e-05,1.521523267279572e-05,0.0,0.46610113255933755,1.521523267279572e-05
1732,0.0,lbfgs,7432,634.5306906700134,,,,1.0210258437895386e-05,1.5208362122109282e-05,0.0,0.46603959984557597,1.5208362122109282e-05
1733,0.0,lbfgs,7433,634.6775534152985,,,,1.0207501225712167e-05,1.5207514162926733e-05,0.0,0.46598945770314915,1.5207514162926733e-05
1734,0.0,lbfgs,7434,634.8220484256744,,,,1.0203506229275816e-05,1.520796199637225e-05,0.0,0.4659408777170297,1.520796199637225e-05
1735,0.0,lbfgs,7435,634.9799025058746,,,,1.0197840317546738e-05,1.5204601331805995e-05,0.0,0.4659082423516629,1.5204601331805995e-05
1736,0.0,lbfgs,7436,635.1262602806091,,,,1.0187605551971792e-05,1.5190972782150714e-05,0.0,0.4658347351855764,1.5190972782150714e-05
1737,0.0,lbfgs,7437,635.4029874801636,,,,1.0180366173095703e-05,1.5175186729080233e-05,0.0,0.4658212560892982,1.5175186729080233e-05
1738,0.0,lbfgs,7438,635.5532050132751,,,,1.017226169416349e-05,1.5163482192532334e-05,0.0,0.4656850975813549,1.5163482192532334e-05
1739,0.0,lbfgs,7439,635.709995508194,,,,1.0168966328411295e-05,1.513208651561963e-05,0.0,0.4656988927044448,1.513208651561963e-05
1740,0.0,lbfgs,7440,635.8525657653809,,,,1.0162784465710622e-05,1.5134854527750285e-05,0.0,0.4656599554892226,1.5134854527750285e-05
1741,0.0,lbfgs,7441,636.0046417713165,,,,1.0160205533908946e-05,1.5133129983970794e-05,0.0,0.4656198217240406,1.5133129983970794e-05
1742,0.0,lbfgs,7442,636.1569902896881,,,,1.0155901057628213e-05,1.5128658216299356e-05,0.0,0.4655378643397156,1.5128658216299356e-05
1743,0.0,lbfgs,7443,636.3413660526276,,,,1.0151362020734748e-05,1.511917505347929e-05,0.0,0.46545389233393264,1.511917505347929e-05
1744,0.0,lbfgs,7444,636.5713930130005,,,,1.0148395363048623e-05,1.5115881750348997e-05,0.0,0.465386451543745,1.5115881750348997e-05
1745,0.0,lbfgs,7445,636.7473547458649,,,,1.0142594321548954e-05,1.5103742836605356e-05,0.0,0.4653627559692957,1.5103742836605356e-05
1746,0.0,lbfgs,7446,636.931654214859,,,,1.013883004958e-05,1.5095636142111693e-05,0.0,0.46538281584012375,1.5095636142111693e-05
1747,0.0,lbfgs,7447,637.0998497009277,,,,1.0135361814699067e-05,1.5088569426746678e-05,0.0,0.46541335557984964,1.5088569426746678e-05
1748,0.0,lbfgs,7448,637.2629113197327,,,,1.0129895341188253e-05,1.507800615669086e-05,0.0,0.4654342156024715,1.507800615669086e-05
1749,0.0,lbfgs,7449,637.5663433074951,,,,1.0124934133154962e-05,1.5069639860547448e-05,0.0,0.4655682132967246,1.5069639860547448e-05
1750,0.0,lbfgs,7450,637.737446308136,,,,1.011623699504303e-05,1.5053435478591521e-05,0.0,0.46556652227125106,1.5053435478591521e-05
1751,0.0,lbfgs,7451,637.8893268108368,,,,1.0111695842693677e-05,1.5050262658362518e-05,0.0,0.46558579090447194,1.5050262658362518e-05
1752,0.0,lbfgs,7452,638.0588676929474,,,,1.0106775549042209e-05,1.5049057919147344e-05,0.0,0.4655815602640065,1.5049057919147344e-05
1753,0.0,lbfgs,7453,638.2175350189209,,,,1.0102075171947125e-05,1.50490044556809e-05,0.0,0.4656209413148712,1.50490044556809e-05
1754,0.0,lbfgs,7454,638.4083955287933,,,,1.009899789059698e-05,1.5044802924297335e-05,0.0,0.4656058034909358,1.5044802924297335e-05
1755,0.0,lbfgs,7455,638.568813085556,,,,1.0088075123867798e-05,1.5029706289028583e-05,0.0,0.4654980655722102,1.5029706289028583e-05
1756,0.0,lbfgs,7456,638.7347757816315,,,,1.008244830858467e-05,1.5022322203868591e-05,0.0,0.4654352101188963,1.5022322203868591e-05
1757,0.0,lbfgs,7457,638.9170253276825,,,,1.0077986255140719e-05,1.5016276706428949e-05,0.0,0.4652138877658931,1.5016276706428949e-05
1758,0.0,lbfgs,7458,639.087170124054,,,,1.0071028117926347e-05,1.5012638583212645e-05,0.0,0.46524898235071716,1.5012638583212645e-05
1759,0.0,lbfgs,7459,639.2666387557983,,,,1.006720690519154e-05,1.5013610141219288e-05,0.0,0.46528075667601654,1.5013610141219288e-05
1760,0.0,lbfgs,7460,639.4366984367371,,,,1.0059112185415588e-05,1.5015842155180059e-05,0.0,0.46529764026493814,1.5015842155180059e-05
1761,0.0,lbfgs,7461,639.6027238368988,,,,1.0048055213133486e-05,1.5015133204221209e-05,0.0,0.4652540094098229,1.5015133204221209e-05
1762,0.0,lbfgs,7462,639.784295797348,,,,1.0045443493884303e-05,1.5024461839739448e-05,0.0,0.46504648933958653,1.5024461839739448e-05
1763,0.0,lbfgs,7463,639.9446485042572,,,,1.0035441389653254e-05,1.5007372457903961e-05,0.0,0.4650874396422585,1.5007372457903961e-05
1764,0.0,lbfgs,7464,640.1033275127411,,,,1.0032739839950991e-05,1.5000347600637154e-05,0.0,0.46507198498464397,1.5000347600637154e-05
1765,0.0,lbfgs,7465,640.2687675952911,,,,1.002727089351263e-05,1.4989320014556612e-05,0.0,0.4650348379840036,1.4989320014556612e-05
1766,0.0,lbfgs,7466,640.4399516582489,,,,1.0018608268243413e-05,1.4976370453855678e-05,0.0,0.46499839678279303,1.4976370453855678e-05
1767,0.0,lbfgs,7467,640.7629165649414,,,,1.0015755299651842e-05,1.4973957588182623e-05,0.0,0.4650088747792568,1.4973957588182623e-05
1768,0.0,lbfgs,7468,640.9368016719818,,,,1.0008958705505773e-05,1.4969084722381351e-05,0.0,0.46501810264518356,1.4969084722381351e-05
1769,0.0,lbfgs,7469,641.1100888252258,,,,1.0004025184618005e-05,1.4967548686182839e-05,0.0,0.4650609355086555,1.4967548686182839e-05
1770,0.0,lbfgs,7470,641.2558088302612,,,,9.99794486953357e-06,1.496258353143189e-05,0.0,0.4651272219180899,1.496258353143189e-05
1771,0.0,lbfgs,7471,641.4033575057983,,,,9.993001392108824e-06,1.4955173131611706e-05,0.0,0.46521293018253257,1.4955173131611706e-05
1772,0.0,lbfgs,7472,641.5635509490967,,,,9.987615279165917e-06,1.4941417240878707e-05,0.0,0.46523408873964217,1.4941417240878707e-05
1773,0.0,lbfgs,7473,641.7133874893188,,,,9.984776304462328e-06,1.4933091126950826e-05,0.0,0.46518822953238087,1.4933091126950826e-05
1774,0.0,lbfgs,7474,641.9056363105774,,,,9.980652613277495e-06,1.4920087115107355e-05,0.0,0.4651054608724642,1.4920087115107355e-05
1775,0.0,lbfgs,7475,642.0813252925873,,,,9.975835828518157e-06,1.4906626699387054e-05,0.0,0.4650072829212422,1.4906626699387054e-05
1776,0.0,lbfgs,7476,642.3951442241669,,,,9.973135172928505e-06,1.4900976184358821e-05,0.0,0.4649738650085609,1.4900976184358821e-05
1777,0.0,lbfgs,7477,642.5987062454224,,,,9.968989095904337e-06,1.4892465226884662e-05,0.0,0.46490475753772664,1.4892465226884662e-05
1778,0.0,lbfgs,7478,642.7856955528259,,,,9.96498607535907e-06,1.488871656357714e-05,0.0,0.4648912055824428,1.488871656357714e-05
1779,0.0,lbfgs,7479,642.9627797603607,,,,9.958437335965292e-06,1.4883907533475332e-05,0.0,0.46488163709050334,1.4883907533475332e-05
1780,0.0,lbfgs,7480,643.234542131424,,,,9.950868071289306e-06,1.4858825310983189e-05,0.0,0.4648534478755684,1.4858825310983189e-05
1781,0.0,lbfgs,7481,643.573575258255,,,,9.946582479978226e-06,1.4858020372790393e-05,0.0,0.46486161516940794,1.4858020372790393e-05
1782,0.0,lbfgs,7482,643.733001947403,,,,9.942352536345167e-06,1.4847417043719024e-05,0.0,0.46486109725902314,1.4847417043719024e-05
1783,0.0,lbfgs,7483,643.8924069404602,,,,9.937513866580692e-06,1.4830802883421956e-05,0.0,0.4648469775926108,1.4830802883421956e-05
1784,0.0,lbfgs,7484,644.0541772842407,,,,9.934518415468484e-06,1.482497704106332e-05,0.0,0.4648357025492016,1.482497704106332e-05
1785,0.0,lbfgs,7485,644.2073981761932,,,,9.928980740040958e-06,1.4809106314192716e-05,0.0,0.464815430668161,1.4809106314192716e-05
1786,0.0,lbfgs,7486,644.3742566108704,,,,9.919445743266714e-06,1.4795504090783878e-05,0.0,0.46486665510915226,1.4795504090783878e-05
1787,0.0,lbfgs,7487,644.5507624149323,,,,9.907488969237831e-06,1.4779881211065315e-05,0.0,0.4648795282998538,1.4779881211065315e-05
1788,0.0,lbfgs,7488,644.8122169971466,,,,9.898832338612002e-06,1.4771444472420154e-05,0.0,0.46498170182396525,1.4771444472420154e-05
1789,0.0,lbfgs,7489,645.0668640136719,,,,9.892645096782232e-06,1.4773633620825469e-05,0.0,0.46501737475134686,1.4773633620825469e-05
1790,0.0,lbfgs,7490,645.2466924190521,,,,9.88742721177641e-06,1.4762837576167188e-05,0.0,0.46505464433362975,1.4762837576167188e-05
1791,0.0,lbfgs,7491,645.389625787735,,,,9.87888102037068e-06,1.4752686462829184e-05,0.0,0.4650469002152393,1.4752686462829184e-05
1792,0.0,lbfgs,7492,645.5809240341187,,,,9.873556352903084e-06,1.4738185523277696e-05,0.0,0.4650573863148185,1.4738185523277696e-05
1793,0.0,lbfgs,7493,645.8154017925262,,,,9.869461273887772e-06,1.4723961691998008e-05,0.0,0.465029102781085,1.4723961691998008e-05
1794,0.0,lbfgs,7494,646.1210541725159,,,,9.865528495630544e-06,1.4708884526342767e-05,0.0,0.4650910812709746,1.4708884526342767e-05
1795,0.0,lbfgs,7495,646.3527374267578,,,,9.862438014425913e-06,1.4706584774305503e-05,0.0,0.4651150000749599,1.4706584774305503e-05
1796,0.0,lbfgs,7496,646.6075494289398,,,,9.85717921069332e-06,1.4704406605089157e-05,0.0,0.4651806939641692,1.4704406605089157e-05
1797,0.0,lbfgs,7497,646.8046140670776,,,,9.853989306297765e-06,1.4704141376785196e-05,0.0,0.46522885049123325,1.4704141376785196e-05
1798,0.0,lbfgs,7498,646.9424827098846,,,,9.848419962357146e-06,1.469826454384343e-05,0.0,0.465320998026933,1.469826454384343e-05
1799,0.0,lbfgs,7499,647.1147437095642,,,,9.84506277197407e-06,1.4698294918914265e-05,0.0,0.4653264531519331,1.4698294918914265e-05
1800,0.0,lbfgs,7500,647.2804439067841,,,,9.840520004221122e-06,1.4689409507611231e-05,0.0,0.4652684347365214,1.4689409507611231e-05
1801,0.0,lbfgs,7501,647.4565825462341,,,,9.837440069425828e-06,1.4682524420061063e-05,0.0,0.4651701963235808,1.4682524420061063e-05
1802,0.0,lbfgs,7502,647.6149706840515,,,,9.835730374257357e-06,1.4680101138512262e-05,0.0,0.4651187133394447,1.4680101138512262e-05
1803,0.0,lbfgs,7503,647.7818818092346,,,,9.830837650959557e-06,1.4671702018969441e-05,0.0,0.4650377279265533,1.4671702018969441e-05
1804,0.0,lbfgs,7504,647.9361386299133,,,,9.822104632489383e-06,1.4652995231942334e-05,0.0,0.46491016171740196,1.4652995231942334e-05
1805,0.0,lbfgs,7505,648.1006076335907,,,,9.815521798663751e-06,1.4630870782209904e-05,0.0,0.4647831781862834,1.4630870782209904e-05
1806,0.0,lbfgs,7506,648.2709884643555,,,,9.808746254205478e-06,1.4613647909786624e-05,0.0,0.46475859702655337,1.4613647909786624e-05
1807,0.0,lbfgs,7507,648.4627385139465,,,,9.804937158567266e-06,1.4607608429075555e-05,0.0,0.4647732652342204,1.4607608429075555e-05
1808,0.0,lbfgs,7508,648.7360908985138,,,,9.799364868343234e-06,1.4595838803423267e-05,0.0,0.46478834855338125,1.4595838803423267e-05
1809,0.0,lbfgs,7509,649.0070686340332,,,,9.793616588377352e-06,1.458295465895404e-05,0.0,0.464779562179831,1.458295465895404e-05
1810,0.0,lbfgs,7510,649.2598080635071,,,,9.783884603611968e-06,1.45580062592815e-05,0.0,0.46482556167754474,1.45580062592815e-05
1811,0.0,lbfgs,7511,649.4756019115448,,,,9.78279516869844e-06,1.4536558415859346e-05,0.0,0.4648960449861708,1.4536558415859346e-05
1812,0.0,lbfgs,7512,649.7059819698334,,,,9.772106951893955e-06,1.4523837267101922e-05,0.0,0.46492589341940993,1.4523837267101922e-05
1813,0.0,lbfgs,7513,649.959175825119,,,,9.76890004618795e-06,1.4520115291119784e-05,0.0,0.4649577399139269,1.4520115291119784e-05
1814,0.0,lbfgs,7514,650.250670671463,,,,9.765278320342104e-06,1.4511759092042547e-05,0.0,0.4650046621690751,1.4511759092042547e-05
1815,0.0,lbfgs,7515,650.5350711345673,,,,9.760596440009877e-06,1.4501958822877326e-05,0.0,0.4650234474395863,1.4501958822877326e-05
1816,0.0,lbfgs,7516,650.7779409885406,,,,9.756969050659921e-06,1.4491601088747967e-05,0.0,0.46505540627090386,1.4491601088747967e-05
1817,0.0,lbfgs,7517,650.9996213912964,,,,9.749987333559024e-06,1.4481926248104147e-05,0.0,0.4650174039875485,1.4481926248104147e-05
1818,0.0,lbfgs,7518,651.2418739795685,,,,9.746595610831907e-06,1.448190897892191e-05,0.0,0.46496682746113654,1.448190897892191e-05
1819,0.0,lbfgs,7519,651.517570734024,,,,9.741246552753864e-06,1.4485095756654592e-05,0.0,0.4648978340996329,1.4485095756654592e-05
1820,0.0,lbfgs,7520,651.7652924060822,,,,9.738235512668626e-06,1.448502963994496e-05,0.0,0.4647759730029595,1.448502963994496e-05
1821,0.0,lbfgs,7521,652.0112526416779,,,,9.732756177933542e-06,1.4481698092739528e-05,0.0,0.4648157418768501,1.4481698092739528e-05
1822,0.0,lbfgs,7522,652.2340879440308,,,,9.727098767885143e-06,1.4478711989442133e-05,0.0,0.4648542073033588,1.4478711989442133e-05
1823,0.0,lbfgs,7523,652.4780197143555,,,,9.723046687850854e-06,1.4476327274695657e-05,0.0,0.4648744033495468,1.4476327274695657e-05
1824,0.0,lbfgs,7524,652.697262763977,,,,9.718756587276664e-06,1.4472964857729955e-05,0.0,0.4648337227717118,1.4472964857729955e-05
1825,0.0,lbfgs,7525,652.9216623306274,,,,9.712271615068617e-06,1.4467465781958415e-05,0.0,0.4648729825980385,1.4467465781958415e-05
1826,0.0,lbfgs,7526,653.1375169754028,,,,9.70903228767448e-06,1.4465483593718597e-05,0.0,0.46486995772131157,1.4465483593718597e-05
1827,0.0,lbfgs,7527,653.3988802433014,,,,9.70462922056915e-06,1.4464407088424608e-05,0.0,0.46486130894160743,1.4464407088424608e-05
1828,0.0,lbfgs,7528,653.649400472641,,,,9.701242974281666e-06,1.4468355516873838e-05,0.0,0.4648229273584424,1.4468355516873838e-05
1829,0.0,lbfgs,7529,653.8715162277222,,,,9.695341090429374e-06,1.4472740387343233e-05,0.0,0.46485276005411086,1.4472740387343233e-05
1830,0.0,lbfgs,7530,654.0975549221039,,,,9.69107609956024e-06,1.4477964737267234e-05,0.0,0.4648755645045597,1.4477964737267234e-05
1831,0.0,lbfgs,7531,654.3372662067413,,,,9.688565314670543e-06,1.4481475329602793e-05,0.0,0.46488661196227843,1.4481475329602793e-05
1832,0.0,lbfgs,7532,654.5850534439087,,,,9.684931971572395e-06,1.4482635271967356e-05,0.0,0.4649055638185829,1.4482635271967356e-05
1833,0.0,lbfgs,7533,654.8390798568726,,,,9.677412726924468e-06,1.4477583039434422e-05,0.0,0.4649636555586556,1.4477583039434422e-05
1834,0.0,lbfgs,7534,655.2671046257019,,,,9.673665724621729e-06,1.4481128393338222e-05,0.0,0.4650014246154571,1.4481128393338222e-05
1835,0.0,lbfgs,7535,655.5302107334137,,,,9.669540405224994e-06,1.4470274581803938e-05,0.0,0.4650153362738467,1.4470274581803938e-05
1836,0.0,lbfgs,7536,655.7781529426575,,,,9.666300761118998e-06,1.445554195497909e-05,0.0,0.46501900129398194,1.445554195497909e-05
1837,0.0,lbfgs,7537,656.0482127666473,,,,9.664291688854552e-06,1.4448390300694431e-05,0.0,0.4650234702293301,1.4448390300694431e-05
1838,0.0,lbfgs,7538,656.3488907814026,,,,9.657579843726073e-06,1.4428169281341757e-05,0.0,0.4650519800280809,1.4428169281341757e-05
1839,0.0,lbfgs,7539,656.5779659748077,,,,9.652224909639756e-06,1.4419669335005089e-05,0.0,0.46503963748731275,1.4419669335005089e-05
1840,0.0,lbfgs,7540,656.8205251693726,,,,9.645970942984379e-06,1.4405092569257739e-05,0.0,0.46507630437958997,1.4405092569257739e-05
1841,0.0,lbfgs,7541,657.0518810749054,,,,9.643298344461297e-06,1.4406890615030976e-05,0.0,0.4650691251807435,1.4406890615030976e-05
1842,0.0,lbfgs,7542,657.2944436073303,,,,9.640399293930112e-06,1.440894767833526e-05,0.0,0.4650396184784828,1.440894767833526e-05
1843,0.0,lbfgs,7543,657.5226600170135,,,,9.636809531547817e-06,1.4406629119759157e-05,0.0,0.46499197148456545,1.4406629119759157e-05
1844,0.0,lbfgs,7544,657.8292999267578,,,,9.628953332491987e-06,1.4397325412482492e-05,0.0,0.464885715220979,1.4397325412482492e-05
1845,0.0,lbfgs,7545,658.0626258850098,,,,9.617057188603663e-06,1.4387682465435003e-05,0.0,0.4647503074328297,1.4387682465435003e-05
1846,0.0,lbfgs,7546,658.4703512191772,,,,9.613876938398568e-06,1.4388543674119103e-05,0.0,0.46465320448037456,1.4388543674119103e-05
1847,0.0,lbfgs,7547,658.7444698810577,,,,9.606869960449256e-06,1.4376203428605378e-05,0.0,0.46461730112303,1.4376203428605378e-05
1848,0.0,lbfgs,7548,658.9938478469849,,,,9.60315356560745e-06,1.4368434117306978e-05,0.0,0.46465108214145273,1.4368434117306978e-05
1849,0.0,lbfgs,7549,659.2355060577393,,,,9.599213721384066e-06,1.436127904091608e-05,0.0,0.4647031935424867,1.436127904091608e-05
1850,0.0,lbfgs,7550,659.4962553977966,,,,9.595466830143607e-06,1.4356411582755858e-05,0.0,0.4647651101442587,1.4356411582755858e-05
1851,0.0,lbfgs,7551,659.7390370368958,,,,9.590753610572946e-06,1.4349099386601994e-05,0.0,0.46491591259906356,1.4349099386601994e-05
1852,0.0,lbfgs,7552,659.9573996067047,,,,9.589307689317234e-06,1.4353761674618576e-05,0.0,0.4650425213776176,1.4353761674618576e-05
1853,0.0,lbfgs,7553,660.1830577850342,,,,9.585120518722122e-06,1.4347263569456264e-05,0.0,0.4649468737887517,1.4347263569456264e-05
1854,0.0,lbfgs,7554,660.5037155151367,,,,9.583534203124108e-06,1.4343941527111021e-05,0.0,0.4649156947588317,1.4343941527111021e-05
1855,0.0,lbfgs,7555,660.717396736145,,,,9.579440507188937e-06,1.433338494731587e-05,0.0,0.4648691565595784,1.433338494731587e-05
1856,0.0,lbfgs,7556,660.9626832008362,,,,9.57501531414387e-06,1.432038253331158e-05,0.0,0.4648646866550598,1.432038253331158e-05
1857,0.0,lbfgs,7557,661.1819047927856,,,,9.56724911422205e-06,1.429943249096187e-05,0.0,0.4648972337682399,1.429943249096187e-05
1858,0.0,lbfgs,7558,661.6421022415161,,,,9.56264902655999e-06,1.4283852444740335e-05,0.0,0.4649362014800384,1.4283852444740335e-05
1859,0.0,lbfgs,7559,661.8523399829865,,,,9.55769172397187e-06,1.4279060376938695e-05,0.0,0.4649900135959693,1.4279060376938695e-05
1860,0.0,lbfgs,7560,662.0765600204468,,,,9.553587027055919e-06,1.4279592991600876e-05,0.0,0.4650397718003395,1.4279592991600876e-05
1861,0.0,lbfgs,7561,662.3167805671692,,,,9.549906775199203e-06,1.4279044131003802e-05,0.0,0.4650619702265741,1.4279044131003802e-05
1862,0.0,lbfgs,7562,662.5542242527008,,,,9.539598995290586e-06,1.426909889010955e-05,0.0,0.46510867848722065,1.426909889010955e-05
1863,0.0,lbfgs,7563,662.8235638141632,,,,9.52494217817269e-06,1.4262895980193113e-05,0.0,0.46516375973180385,1.4262895980193113e-05
1864,0.0,lbfgs,7564,663.0507681369781,,,,9.522869645223428e-06,1.4255183546649083e-05,0.0,0.465154648193347,1.4255183546649083e-05
1865,0.0,lbfgs,7565,663.2777531147003,,,,9.509297940184707e-06,1.4248499962988386e-05,0.0,0.4651320509340417,1.4248499962988386e-05
1866,0.0,lbfgs,7566,663.5002586841583,,,,9.505398202506753e-06,1.4247281402118397e-05,0.0,0.46511459142789735,1.4247281402118397e-05
1867,0.0,lbfgs,7567,663.7689080238342,,,,9.49879563903888e-06,1.424454941324368e-05,0.0,0.46509031653939137,1.424454941324368e-05
1868,0.0,lbfgs,7568,664.0096626281738,,,,9.493270645813575e-06,1.4242570909341173e-05,0.0,0.4650943193575329,1.4242570909341173e-05
1869,0.0,lbfgs,7569,664.2921600341797,,,,9.485745073082078e-06,1.4232498986519562e-05,0.0,0.4650811856847242,1.4232498986519562e-05
1870,0.0,lbfgs,7570,664.5823211669922,,,,9.481181954920872e-06,1.4222941271257408e-05,0.0,0.46509897967211544,1.4222941271257408e-05
1871,0.0,lbfgs,7571,664.841438293457,,,,9.47730240941319e-06,1.4213354895873398e-05,0.0,0.46512777702319547,1.4213354895873398e-05
1872,0.0,lbfgs,7572,665.0962266921997,,,,9.471604596310678e-06,1.4195737151651174e-05,0.0,0.4651394510446349,1.4195737151651174e-05
1873,0.0,lbfgs,7573,665.3743863105774,,,,9.464382804615805e-06,1.417686308116615e-05,0.0,0.46522732937889105,1.417686308116615e-05
1874,0.0,lbfgs,7574,665.6157560348511,,,,9.456346255538538e-06,1.4154419283383212e-05,0.0,0.46522002127091744,1.4154419283383212e-05
1875,0.0,lbfgs,7575,665.8661603927612,,,,9.44982442792379e-06,1.4140875767687084e-05,0.0,0.46527365989497155,1.4140875767687084e-05
1876,0.0,lbfgs,7576,666.1410636901855,,,,9.446371211644359e-06,1.4135683447209446e-05,0.0,0.46528602363396165,1.4135683447209446e-05
1877,0.0,lbfgs,7577,666.4272403717041,,,,9.441840232294596e-06,1.4131919144116354e-05,0.0,0.4653256343429908,1.4131919144116354e-05
1878,0.0,lbfgs,7578,666.6507046222687,,,,9.431910443592797e-06,1.4120123078682317e-05,0.0,0.4654637000448787,1.4120123078682317e-05
1879,0.0,lbfgs,7579,666.9031722545624,,,,9.423199621343865e-06,1.4112144517352112e-05,0.0,0.46555385836448804,1.4112144517352112e-05
1880,0.0,lbfgs,7580,667.1541814804077,,,,9.420266005369392e-06,1.410568973407922e-05,0.0,0.46567519518404604,1.410568973407922e-05
1881,0.0,lbfgs,7581,667.4324576854706,,,,9.415341341882218e-06,1.4098539114088759e-05,0.0,0.465608497496362,1.4098539114088759e-05
1882,0.0,lbfgs,7582,667.6923961639404,,,,9.41316004668535e-06,1.4092777348819532e-05,0.0,0.4655583168859289,1.4092777348819532e-05
1883,0.0,lbfgs,7583,667.9229316711426,,,,9.410436966196658e-06,1.4085710658646212e-05,0.0,0.46551263002069243,1.4085710658646212e-05
1884,0.0,lbfgs,7584,668.178884267807,,,,9.40569425206994e-06,1.4077435886781487e-05,0.0,0.4654703118935209,1.4077435886781487e-05
1885,0.0,lbfgs,7585,668.4106185436249,,,,9.397996376890818e-06,1.4068264884664675e-05,0.0,0.46545739227310096,1.4068264884664675e-05
1886,0.0,lbfgs,7586,668.8512437343597,,,,9.39428361205788e-06,1.4057163316171031e-05,0.0,0.4654813724746638,1.4057163316171031e-05
1887,0.0,lbfgs,7587,669.0851221084595,,,,9.38873520259195e-06,1.4057284710099492e-05,0.0,0.46547647018318733,1.4057284710099492e-05
1888,0.0,lbfgs,7588,669.3262493610382,,,,9.385576101286356e-06,1.4056475441708632e-05,0.0,0.46550268381233273,1.4056475441708632e-05
1889,0.0,lbfgs,7589,669.5723485946655,,,,9.382582462894549e-06,1.4051423692306047e-05,0.0,0.46551233074953213,1.4051423692306047e-05
1890,0.0,lbfgs,7590,669.8281147480011,,,,9.375162985953432e-06,1.4034686112624289e-05,0.0,0.46549392677065304,1.4034686112624289e-05
1891,0.0,lbfgs,7591,670.2241251468658,,,,9.371059013669723e-06,1.4021482115895082e-05,0.0,0.465431408538076,1.4021482115895082e-05
1892,0.0,lbfgs,7592,670.4750289916992,,,,9.361455044559834e-06,1.4000722998078561e-05,0.0,0.4653620996143858,1.4000722998078561e-05
1893,0.0,lbfgs,7593,670.7056827545166,,,,9.35481029368926e-06,1.3991552055594574e-05,0.0,0.4652734471657268,1.3991552055594574e-05
1894,0.0,lbfgs,7594,670.9620308876038,,,,9.348774080227493e-06,1.3989062861485524e-05,0.0,0.4651927316801898,1.3989062861485524e-05
1895,0.0,lbfgs,7595,671.1943066120148,,,,9.343467469481534e-06,1.3989286016836252e-05,0.0,0.46516252865805563,1.3989286016836252e-05
1896,0.0,lbfgs,7596,671.4650974273682,,,,9.333678411803958e-06,1.398095777023601e-05,0.0,0.4651905816763248,1.398095777023601e-05
1897,0.0,lbfgs,7597,671.6890294551849,,,,9.330182696146853e-06,1.3982374272371373e-05,0.0,0.4650788774460627,1.3982374272371373e-05
1898,0.0,lbfgs,7598,671.9164972305298,,,,9.321190481602775e-06,1.3962039405508148e-05,0.0,0.4652580343569034,1.3962039405508148e-05
1899,0.0,lbfgs,7599,672.1786496639252,,,,9.315992456554375e-06,1.3951845749646732e-05,0.0,0.46525490009674014,1.3951845749646732e-05
1900,0.0,lbfgs,7600,672.4461915493011,,,,9.312323544134597e-06,1.394010784620944e-05,0.0,0.4652575617004837,1.394010784620944e-05
1901,0.0,lbfgs,7601,672.7033369541168,,,,9.305841843103848e-06,1.3922138515587048e-05,0.0,0.46526135154656656,1.3922138515587048e-05
1902,0.0,lbfgs,7602,672.9911820888519,,,,9.296025899451031e-06,1.3891213953117016e-05,0.0,0.4653583570005756,1.3891213953117016e-05
1903,0.0,lbfgs,7603,673.2262237071991,,,,9.293066497245521e-06,1.3877976686126587e-05,0.0,0.4652699130307239,1.3877976686126587e-05
1904,0.0,lbfgs,7604,673.4625036716461,,,,9.28406488784517e-06,1.3876502917503836e-05,0.0,0.46529728285888505,1.3876502917503836e-05
1905,0.0,lbfgs,7605,673.682281255722,,,,9.282109871670796e-06,1.3878622559652842e-05,0.0,0.46530892171590776,1.3878622559652842e-05
1906,0.0,lbfgs,7606,673.9176752567291,,,,9.280414242198238e-06,1.3880213007948666e-05,0.0,0.4653315817927742,1.3880213007948666e-05
1907,0.0,lbfgs,7607,674.1749150753021,,,,9.274119937097583e-06,1.3871538733080919e-05,0.0,0.46537861103635597,1.3871538733080919e-05
1908,0.0,lbfgs,7608,674.6099143028259,,,,9.268175019393187e-06,1.3871239516060068e-05,0.0,0.4655187265643649,1.3871239516060068e-05
1909,0.0,lbfgs,7609,674.8554399013519,,,,9.257590629502996e-06,1.3844106574465553e-05,0.0,0.4655359745505468,1.3844106574465553e-05
1910,0.0,lbfgs,7610,675.0814044475555,,,,9.253481670751606e-06,1.382300616221924e-05,0.0,0.4655547229306635,1.382300616221924e-05
1911,0.0,lbfgs,7611,675.3042325973511,,,,9.246939938920938e-06,1.3811529027874444e-05,0.0,0.46550078474659967,1.3811529027874444e-05
1912,0.0,lbfgs,7612,675.5307192802429,,,,9.243533146254939e-06,1.3806946054692281e-05,0.0,0.4654370548211009,1.3806946054692281e-05
1913,0.0,lbfgs,7613,675.8100237846375,,,,9.239288646387476e-06,1.3802185118748917e-05,0.0,0.465356373537798,1.3802185118748917e-05
1914,0.0,lbfgs,7614,676.060551404953,,,,9.232705087545264e-06,1.3792612344740538e-05,0.0,0.465250289375821,1.3792612344740538e-05
1915,0.0,lbfgs,7615,676.3075714111328,,,,9.230549758359468e-06,1.3801309496300926e-05,0.0,0.46507539199189357,1.3801309496300926e-05
1916,0.0,lbfgs,7616,676.5675106048584,,,,9.219902996975474e-06,1.3780555415822335e-05,0.0,0.4651051369131921,1.3780555415822335e-05
1917,0.0,lbfgs,7617,676.7812855243683,,,,9.214709436987787e-06,1.377100983866012e-05,0.0,0.46512692726986454,1.377100983866012e-05
1918,0.0,lbfgs,7618,677.0316665172577,,,,9.208427953181863e-06,1.3763375675387658e-05,0.0,0.4651447114100684,1.3763375675387658e-05
1919,0.0,lbfgs,7619,677.2645130157471,,,,9.203014669258224e-06,1.3753133957920349e-05,0.0,0.4651535824233687,1.3753133957920349e-05
1920,0.0,lbfgs,7620,677.4999644756317,,,,9.196333565246775e-06,1.3749765733086122e-05,0.0,0.46516574869130883,1.3749765733086122e-05
1921,0.0,lbfgs,7621,677.7425582408905,,,,9.188483522206131e-06,1.3750182058010452e-05,0.0,0.4651571651976246,1.3750182058010452e-05
1922,0.0,lbfgs,7622,677.9598803520203,,,,9.180935155739445e-06,1.374247615816322e-05,0.0,0.46517916161702505,1.374247615816322e-05
1923,0.0,lbfgs,7623,678.1646118164062,,,,9.173846192376923e-06,1.375560564459321e-05,0.0,0.46515932002460847,1.375560564459321e-05
1924,0.0,lbfgs,7624,678.3818795681,,,,9.1680201176021e-06,1.3744216368657999e-05,0.0,0.4651696868477876,1.3744216368657999e-05
1925,0.0,lbfgs,7625,678.6281764507294,,,,9.162243530532022e-06,1.373646628040003e-05,0.0,0.4651853086216679,1.373646628040003e-05
1926,0.0,lbfgs,7626,678.8542127609253,,,,9.160677597764662e-06,1.3731734291905306e-05,0.0,0.46513447313459527,1.3731734291905306e-05
1927,0.0,lbfgs,7627,679.0873589515686,,,,9.15684115572528e-06,1.3731516869025945e-05,0.0,0.46513353415571657,1.3731516869025945e-05
1928,0.0,lbfgs,7628,679.3253164291382,,,,9.153841306842451e-06,1.3732122751515446e-05,0.0,0.46511851639992985,1.3732122751515446e-05
1929,0.0,lbfgs,7629,679.5384113788605,,,,9.148307555185322e-06,1.373311025634516e-05,0.0,0.4650088005638578,1.373311025634516e-05
1930,0.0,lbfgs,7630,679.7789714336395,,,,9.146450469675349e-06,1.3739433542464053e-05,0.0,0.4649261403396442,1.3739433542464053e-05
1931,0.0,lbfgs,7631,680.0425426959991,,,,9.140890251875621e-06,1.3731337851764586e-05,0.0,0.4648650686677667,1.3731337851764586e-05
1932,0.0,lbfgs,7632,680.2544906139374,,,,9.138271831588236e-06,1.3726429290041356e-05,0.0,0.4648169664170202,1.3726429290041356e-05
1933,0.0,lbfgs,7633,680.52121925354,,,,9.135058755383569e-06,1.3720783948256043e-05,0.0,0.46474991045193365,1.3720783948256043e-05
1934,0.0,lbfgs,7634,680.7919347286224,,,,9.130856779011608e-06,1.3713792549645348e-05,0.0,0.46471622945383645,1.3713792549645348e-05
1935,0.0,lbfgs,7635,681.0715928077698,,,,9.125538603916875e-06,1.3703349195192194e-05,0.0,0.4645787171488578,1.3703349195192194e-05
1936,0.0,lbfgs,7636,681.3257305622101,,,,9.120750789926581e-06,1.3697436144778258e-05,0.0,0.4645874405965952,1.3697436144778258e-05
1937,0.0,lbfgs,7637,681.5424075126648,,,,9.112514040388746e-06,1.3681594229752794e-05,0.0,0.464626421219782,1.3681594229752794e-05
1938,0.0,lbfgs,7638,681.8283290863037,,,,9.107996166975185e-06,1.3673977665174642e-05,0.0,0.46463686048015806,1.3673977665174642e-05
1939,0.0,lbfgs,7639,682.0564951896667,,,,9.10225357295343e-06,1.365184393239472e-05,0.0,0.46470120577663604,1.365184393239472e-05
1940,0.0,lbfgs,7640,682.3196275234222,,,,9.098823423429598e-06,1.36415274308122e-05,0.0,0.4647206444485758,1.36415274308122e-05
1941,0.0,lbfgs,7641,682.5752561092377,,,,9.09541865111502e-06,1.3634841828864779e-05,0.0,0.4647446579311072,1.3634841828864779e-05
1942,0.0,lbfgs,7642,682.9154884815216,,,,9.089760940307043e-06,1.3626641362804914e-05,0.0,0.4647903834911399,1.3626641362804914e-05
1943,0.0,lbfgs,7643,683.2132513523102,,,,9.084426984424161e-06,1.3626779411565946e-05,0.0,0.4649263959314628,1.3626779411565946e-05
1944,0.0,lbfgs,7644,683.475124835968,,,,9.07451576667676e-06,1.3612447717699111e-05,0.0,0.4649599429284963,1.3612447717699111e-05
1945,0.0,lbfgs,7645,683.7439646720886,,,,9.069409618652513e-06,1.3606717206929176e-05,0.0,0.46497537134549866,1.3606717206929176e-05
1946,0.0,lbfgs,7646,683.9933779239655,,,,9.065377272459115e-06,1.3600553043297308e-05,0.0,0.4649929483446202,1.3600553043297308e-05
1947,0.0,lbfgs,7647,684.2648193836212,,,,9.059214786876787e-06,1.3584191389762343e-05,0.0,0.46496921813486697,1.3584191389762343e-05
1948,0.0,lbfgs,7648,684.5091016292572,,,,9.048299313528168e-06,1.355932726346479e-05,0.0,0.4649054959481902,1.355932726346479e-05
1949,0.0,lbfgs,7649,684.9843552112579,,,,9.04419055404253e-06,1.3550009306549743e-05,0.0,0.46482539060368816,1.3550009306549743e-05
1950,0.0,lbfgs,7650,685.2249460220337,,,,9.038368638379525e-06,1.353131369678402e-05,0.0,0.4647859581174711,1.353131369678402e-05
1951,0.0,lbfgs,7651,685.4609341621399,,,,9.033821569556965e-06,1.3531992497068495e-05,0.0,0.46478614218711173,1.3531992497068495e-05
1952,0.0,lbfgs,7652,685.6802883148193,,,,9.029850946585658e-06,1.3535531985668116e-05,0.0,0.46477204321820037,1.3535531985668116e-05
1953,0.0,lbfgs,7653,685.9187281131744,,,,9.02632959530307e-06,1.3535902028141481e-05,0.0,0.46475310254039415,1.3535902028141481e-05
1954,0.0,lbfgs,7654,686.1555676460266,,,,9.019018988420512e-06,1.3531069067053097e-05,0.0,0.4647251674749431,1.3531069067053097e-05
1955,0.0,lbfgs,7655,686.5359666347504,,,,9.017900787911295e-06,1.353439850802125e-05,0.0,0.4646937659331431,1.353439850802125e-05
1956,0.0,lbfgs,7656,686.7637376785278,,,,9.01369949404691e-06,1.352829341026136e-05,0.0,0.464674191568169,1.352829341026136e-05
1957,0.0,lbfgs,7657,686.9952619075775,,,,9.009074492419025e-06,1.3528170708788226e-05,0.0,0.4646524977777091,1.3528170708788226e-05
1958,0.0,lbfgs,7658,687.2109484672546,,,,9.003572975289158e-06,1.3529857401393802e-05,0.0,0.46460020331340857,1.3529857401393802e-05
1959,0.0,lbfgs,7659,687.4245584011078,,,,8.998568758045207e-06,1.3534018832574551e-05,0.0,0.4645640531985566,1.3534018832574551e-05
1960,0.0,lbfgs,7660,687.6456594467163,,,,8.986705004423521e-06,1.3541581164702693e-05,0.0,0.4644626594671858,1.3541581164702693e-05
1961,0.0,lbfgs,7661,687.866735458374,,,,8.983357561461171e-06,1.3569442304247025e-05,0.0,0.46460650831627864,1.3569442304247025e-05
1962,0.0,lbfgs,7662,688.083820104599,,,,8.974941415117654e-06,1.358085169491779e-05,0.0,0.4645721753325286,1.358085169491779e-05
1963,0.0,lbfgs,7663,688.3055124282837,,,,8.965920162717114e-06,1.3551599923748931e-05,0.0,0.4645712571866364,1.3551599923748931e-05
1964,0.0,lbfgs,7664,688.5194313526154,,,,8.963856870524558e-06,1.3548972727572081e-05,0.0,0.4646147371763013,1.3548972727572081e-05
1965,0.0,lbfgs,7665,688.7396769523621,,,,8.958775532290959e-06,1.3542157513528057e-05,0.0,0.46471563379724157,1.3542157513528057e-05
1966,0.0,lbfgs,7666,688.9665229320526,,,,8.949744522175575e-06,1.3519949754268379e-05,0.0,0.4648543079065055,1.3519949754268379e-05
1967,0.0,lbfgs,7667,689.1827116012573,,,,8.94027250957207e-06,1.3504208617262608e-05,0.0,0.46501285737605996,1.3504208617262608e-05
1968,0.0,lbfgs,7668,689.4080793857574,,,,8.932629726781847e-06,1.3472700448000238e-05,0.0,0.4650570814051355,1.3472700448000238e-05
1969,0.0,lbfgs,7669,689.6367361545563,,,,8.926121155913946e-06,1.346309318440862e-05,0.0,0.46496380424591055,1.346309318440862e-05
1970,0.0,lbfgs,7670,689.857880115509,,,,8.919123109517867e-06,1.3447565506479642e-05,0.0,0.464906175302072,1.3447565506479642e-05
1971,0.0,lbfgs,7671,690.0828080177307,,,,8.914734192841243e-06,1.3439436279030253e-05,0.0,0.4648918973919438,1.3439436279030253e-05
1972,0.0,lbfgs,7672,690.3202474117279,,,,8.907598354137455e-06,1.3422150672220595e-05,0.0,0.46495426385453137,1.3422150672220595e-05
1973,0.0,lbfgs,7673,690.5517256259918,,,,8.903582583616908e-06,1.34046040497867e-05,0.0,0.46506343253497406,1.34046040497867e-05
1974,0.0,lbfgs,7674,690.782808303833,,,,8.900010723534355e-06,1.3402484840285275e-05,0.0,0.46506772259126794,1.3402484840285275e-05
1975,0.0,lbfgs,7675,691.016699552536,,,,8.895472364763346e-06,1.3397433476404274e-05,0.0,0.4650670544659628,1.3397433476404274e-05
1976,0.0,lbfgs,7676,691.2406702041626,,,,8.89027457470257e-06,1.3389284766405779e-05,0.0,0.46505662981863016,1.3389284766405779e-05
1977,0.0,lbfgs,7677,691.4789650440216,,,,8.882430665436519e-06,1.3378302887232749e-05,0.0,0.4650729968073364,1.3378302887232749e-05
1978,0.0,lbfgs,7678,691.7077374458313,,,,8.874736085857518e-06,1.3367925876599374e-05,0.0,0.46507419921722537,1.3367925876599374e-05
1979,0.0,lbfgs,7679,691.9476804733276,,,,8.867910219802762e-06,1.3362235705162712e-05,0.0,0.4651640220293586,1.3362235705162712e-05
1980,0.0,lbfgs,7680,692.1766355037689,,,,8.865171779125101e-06,1.336103839108134e-05,0.0,0.4651920813985413,1.336103839108134e-05
1981,0.0,lbfgs,7681,692.403881072998,,,,8.861996041923149e-06,1.3357931509879744e-05,0.0,0.46522023535637175,1.3357931509879744e-05
1982,0.0,lbfgs,7682,692.6273248195648,,,,8.857588540953831e-06,1.335338143466292e-05,0.0,0.4652365539914351,1.335338143466292e-05
1983,0.0,lbfgs,7683,692.8491289615631,,,,8.851486377853319e-06,1.334159157357851e-05,0.0,0.46527402591991285,1.334159157357851e-05
1984,0.0,lbfgs,7684,693.0720145702362,,,,8.843893012245045e-06,1.3322922994569277e-05,0.0,0.4652712445040316,1.3322922994569277e-05
1985,0.0,lbfgs,7685,693.2964267730713,,,,8.836145348862962e-06,1.329882108904582e-05,0.0,0.4652451661406523,1.329882108904582e-05
1986,0.0,lbfgs,7686,693.6913034915924,,,,8.832613489387366e-06,1.3284729701120988e-05,0.0,0.46519406778377825,1.3284729701120988e-05
1987,0.0,lbfgs,7687,693.9125192165375,,,,8.826339038407625e-06,1.3264926333168562e-05,0.0,0.4651821587154316,1.3264926333168562e-05
1988,0.0,lbfgs,7688,694.137389421463,,,,8.821755173943534e-06,1.3251311063594554e-05,0.0,0.4651810054234109,1.3251311063594554e-05
1989,0.0,lbfgs,7689,694.3595666885376,,,,8.818033688320741e-06,1.3241559158543673e-05,0.0,0.46518299563336807,1.3241559158543673e-05
1990,0.0,lbfgs,7690,694.5688903331757,,,,8.8147915564818e-06,1.3231169189307071e-05,0.0,0.4651768080192068,1.3231169189307071e-05
1991,0.0,lbfgs,7691,694.7864005565643,,,,8.81373789419845e-06,1.32325214525246e-05,0.0,0.46511505167352835,1.32325214525246e-05
1992,0.0,lbfgs,7692,695.0109548568726,,,,8.808532209644866e-06,1.3223930038731086e-05,0.0,0.4651213376991819,1.3223930038731086e-05
1993,0.0,lbfgs,7693,695.2341704368591,,,,8.806301139248344e-06,1.322102180504851e-05,0.0,0.46510894087690796,1.322102180504851e-05
1994,0.0,lbfgs,7694,695.4495615959167,,,,8.804138540389488e-06,1.3218930302802946e-05,0.0,0.46509088371280466,1.3218930302802946e-05
1995,0.0,lbfgs,7695,695.6719417572021,,,,8.80024159557119e-06,1.321689677863417e-05,0.0,0.4650937377068188,1.321689677863417e-05
1996,0.0,lbfgs,7696,696.0865271091461,,,,8.796801255559215e-06,1.3208836328024681e-05,0.0,0.4650713535792946,1.3208836328024681e-05
1997,0.0,lbfgs,7697,696.3061013221741,,,,8.790669663542967e-06,1.3205790490794057e-05,0.0,0.465130539550299,1.3205790490794057e-05
1998,0.0,lbfgs,7698,696.5269112586975,,,,8.787641151346623e-06,1.3206453846499572e-05,0.0,0.46517414009645347,1.3206453846499572e-05
1999,0.0,lbfgs,7699,696.7611546516418,,,,8.782741937333509e-06,1.319882786463506e-05,0.0,0.4652261351204046,1.319882786463506e-05
2000,0.0,lbfgs,7700,696.9875984191895,,,,8.777304332216618e-06,1.3195365880994942e-05,0.0,0.46529041258704085,1.3195365880994942e-05
2001,0.0,lbfgs,7701,697.2124311923981,,,,8.771594302929185e-06,1.3177768677943524e-05,0.0,0.4653382187769368,1.3177768677943524e-05
2002,0.0,lbfgs,7702,697.4386217594147,,,,8.765692965847129e-06,1.3160308509028499e-05,0.0,0.46536275507486424,1.3160308509028499e-05
2003,0.0,lbfgs,7703,697.6617157459259,,,,8.761205376095353e-06,1.3146150887497649e-05,0.0,0.46537690190461545,1.3146150887497649e-05
2004,0.0,lbfgs,7704,697.8800570964813,,,,8.75604018900464e-06,1.3137494691618862e-05,0.0,0.4654256539344922,1.3137494691618862e-05
2005,0.0,lbfgs,7705,698.1101732254028,,,,8.751465017628912e-06,1.3129708208544391e-05,0.0,0.46542916887949914,1.3129708208544391e-05
2006,0.0,lbfgs,7706,698.3478960990906,,,,8.745677133896682e-06,1.3120386822545349e-05,0.0,0.4654078176363826,1.3120386822545349e-05
2007,0.0,lbfgs,7707,698.7300086021423,,,,8.74349853634436e-06,1.3124784568250784e-05,0.0,0.46535632548677214,1.3124784568250784e-05
2008,0.0,lbfgs,7708,698.9585297107697,,,,8.741248615213389e-06,1.3119286708325112e-05,0.0,0.4653387652119738,1.3119286708325112e-05
2009,0.0,lbfgs,7709,699.1771042346954,,,,8.739400165778725e-06,1.3115241587641387e-05,0.0,0.46530367318623783,1.3115241587641387e-05
2010,0.0,lbfgs,7710,699.4033644199371,,,,8.73599560047427e-06,1.310675291394539e-05,0.0,0.46526079274282567,1.310675291394539e-05
2011,0.0,lbfgs,7711,699.6282486915588,,,,8.728430687307565e-06,1.3090910009629236e-05,0.0,0.4651998233363776,1.3090910009629236e-05
2012,0.0,lbfgs,7712,699.8472764492035,,,,8.7197253293046e-06,1.3072482650403574e-05,0.0,0.4651134362895451,1.3072482650403574e-05
2013,0.0,lbfgs,7713,700.0561709403992,,,,8.713691557936943e-06,1.3060316116236039e-05,0.0,0.46510209389967905,1.3060316116236039e-05
2014,0.0,lbfgs,7714,700.282924413681,,,,8.710887394957007e-06,1.3046829197276685e-05,0.0,0.46513442306306496,1.3046829197276685e-05
2015,0.0,lbfgs,7715,700.5075764656067,,,,8.707711199008648e-06,1.3047758241184426e-05,0.0,0.4651386754605501,1.3047758241184426e-05
2016,0.0,lbfgs,7716,700.7540760040283,,,,8.705078785769725e-06,1.3046134938170814e-05,0.0,0.4651453298140252,1.3046134938170814e-05
2017,0.0,lbfgs,7717,700.9741744995117,,,,8.702155238240323e-06,1.304041593873712e-05,0.0,0.4651517422516731,1.304041593873712e-05
2018,0.0,lbfgs,7718,701.2011151313782,,,,8.697091120607734e-06,1.3029461073251666e-05,0.0,0.46516042816692915,1.3029461073251666e-05
2019,0.0,lbfgs,7719,701.4428894519806,,,,8.692025703509876e-06,1.3010187958461254e-05,0.0,0.46517903072600664,1.3010187958461254e-05
2020,0.0,lbfgs,7720,701.6621479988098,,,,8.686568345995844e-06,1.3005974794896219e-05,0.0,0.4651682270784011,1.3005974794896219e-05
2021,0.0,lbfgs,7721,701.903425693512,,,,8.682752098328446e-06,1.300211119284752e-05,0.0,0.46518614517564855,1.300211119284752e-05
2022,0.0,lbfgs,7722,702.1402430534363,,,,8.677310402062255e-06,1.2996767629382797e-05,0.0,0.46523407206678075,1.2996767629382797e-05
2023,0.0,lbfgs,7723,702.3728976249695,,,,8.672729408117317e-06,1.2987477854222693e-05,0.0,0.4652818470008521,1.2987477854222693e-05
2024,0.0,lbfgs,7724,702.6073441505432,,,,8.664008474252415e-06,1.295548135899279e-05,0.0,0.46542802765638935,1.295548135899279e-05
2025,0.0,lbfgs,7725,702.8271431922913,,,,8.658580271390018e-06,1.2938430585172144e-05,0.0,0.46556876359129584,1.2938430585172144e-05
2026,0.0,lbfgs,7726,703.057418346405,,,,8.65462567905275e-06,1.2931708373907889e-05,0.0,0.4655386378385543,1.2931708373907889e-05
2027,0.0,lbfgs,7727,703.2933313846588,,,,8.651672574719284e-06,1.2923233407982432e-05,0.0,0.4655405028850122,1.2923233407982432e-05
2028,0.0,lbfgs,7728,703.5133619308472,,,,8.647829067016423e-06,1.291052867225554e-05,0.0,0.46559761000547867,1.291052867225554e-05
2029,0.0,lbfgs,7729,703.7374544143677,,,,8.644499790912397e-06,1.2902549395513408e-05,0.0,0.46562805877668195,1.2902549395513408e-05
2030,0.0,lbfgs,7730,703.9651205539703,,,,8.640482103953679e-06,1.2890303560009991e-05,0.0,0.46579064185293045,1.2890303560009991e-05
2031,0.0,lbfgs,7731,704.1825408935547,,,,8.637546562729793e-06,1.2891804424960592e-05,0.0,0.4657983211344922,1.2891804424960592e-05
2032,0.0,lbfgs,7732,704.4099433422089,,,,8.634942646542723e-06,1.289473377816998e-05,0.0,0.4658077227475883,1.289473377816998e-05
2033,0.0,lbfgs,7733,704.6192948818207,,,,8.631061872489351e-06,1.2894615012195824e-05,0.0,0.4657986329431873,1.2894615012195824e-05
2034,0.0,lbfgs,7734,704.8427658081055,,,,8.62462952100856e-06,1.2902780775400574e-05,0.0,0.4657466483330394,1.2902780775400574e-05
2035,0.0,lbfgs,7735,705.0658228397369,,,,8.616852807216245e-06,1.2886040500051282e-05,0.0,0.46572092035342194,1.2886040500051282e-05
2036,0.0,lbfgs,7736,705.2930324077606,,,,8.612335946000708e-06,1.287797639938357e-05,0.0,0.4656917481285311,1.287797639938357e-05
2037,0.0,lbfgs,7737,705.5359923839569,,,,8.605629597287084e-06,1.2870631514905789e-05,0.0,0.4656397005669879,1.2870631514905789e-05
2038,0.0,lbfgs,7738,705.760663986206,,,,8.602695808993918e-06,1.2871120871400289e-05,0.0,0.46566159324423845,1.2871120871400289e-05
2039,0.0,lbfgs,7739,705.9815549850464,,,,8.597256274784701e-06,1.2872298778478847e-05,0.0,0.4656241163306966,1.2872298778478847e-05
2040,0.0,lbfgs,7740,706.2008683681488,,,,8.594597531857865e-06,1.2871462187763394e-05,0.0,0.465647890010474,1.2871462187763394e-05
2041,0.0,lbfgs,7741,706.4311730861664,,,,8.590193190863362e-06,1.2866100286269852e-05,0.0,0.4656884319511851,1.2866100286269852e-05
2042,0.0,lbfgs,7742,706.6469442844391,,,,8.584772698728288e-06,1.2852903759663603e-05,0.0,0.465716658983176,1.2852903759663603e-05
2043,0.0,lbfgs,7743,706.887687921524,,,,8.577133074656542e-06,1.2832517407565603e-05,0.0,0.4657619041447119,1.2832517407565603e-05
2044,0.0,lbfgs,7744,707.3009362220764,,,,8.573136416932769e-06,1.282124736897809e-05,0.0,0.46574764482887904,1.282124736897809e-05
2045,0.0,lbfgs,7745,707.5145366191864,,,,8.568920217228755e-06,1.2810882600101337e-05,0.0,0.46574479233523614,1.2810882600101337e-05
2046,0.0,lbfgs,7746,707.7499475479126,,,,8.564780887226987e-06,1.2805070407257319e-05,0.0,0.465718715295671,1.2805070407257319e-05
2047,0.0,lbfgs,7747,707.9796516895294,,,,8.560533727934962e-06,1.2804795696652908e-05,0.0,0.46571048555191336,1.2804795696652908e-05
2048,0.0,lbfgs,7748,708.3879840373993,,,,8.558152982009444e-06,1.28011519484529e-05,0.0,0.4656889719739899,1.28011519484529e-05
2049,0.0,lbfgs,7749,708.6231696605682,,,,8.553314903610604e-06,1.2806180184525008e-05,0.0,0.4657035014241785,1.2806180184525008e-05
2050,0.0,lbfgs,7750,708.8336305618286,,,,8.55018385994343e-06,1.2806498763853075e-05,0.0,0.465726571696063,1.2806498763853075e-05
2051,0.0,lbfgs,7751,709.0551974773407,,,,8.545634754217169e-06,1.279898809927828e-05,0.0,0.4657506559022071,1.279898809927828e-05
2052,0.0,lbfgs,7752,709.2944853305817,,,,8.539244360382642e-06,1.2780733042036505e-05,0.0,0.46576330364212865,1.2780733042036505e-05
2053,0.0,lbfgs,7753,709.7033162117004,,,,8.535865595330312e-06,1.2757634597581662e-05,0.0,0.4657736932012462,1.2757634597581662e-05
2054,0.0,lbfgs,7754,709.9204003810883,,,,8.53025940948926e-06,1.2735962641625898e-05,0.0,0.46576599629850407,1.2735962641625898e-05
2055,0.0,lbfgs,7755,710.1617684364319,,,,8.526312441872627e-06,1.2720092293767322e-05,0.0,0.4657581053303742,1.2720092293767322e-05
2056,0.0,lbfgs,7756,710.3895847797394,,,,8.522247704753103e-06,1.2707704040632023e-05,0.0,0.4657605384405446,1.2707704040632023e-05
2057,0.0,lbfgs,7757,710.6175541877747,,,,8.518659143438978e-06,1.2694155370374943e-05,0.0,0.4657794627652626,1.2694155370374943e-05
2058,0.0,lbfgs,7758,710.8330047130585,,,,8.515238466753814e-06,1.2695851565865384e-05,0.0,0.4657917564527278,1.2695851565865384e-05
2059,0.0,lbfgs,7759,711.0614132881165,,,,8.513611089475618e-06,1.268902904032197e-05,0.0,0.4658781557528124,1.268902904032197e-05
2060,0.0,lbfgs,7760,711.2729780673981,,,,8.511009628806504e-06,1.2691809082871471e-05,0.0,0.46586747896855557,1.2691809082871471e-05
2061,0.0,lbfgs,7761,711.475221157074,,,,8.50896777584079e-06,1.2689531482552252e-05,0.0,0.4658728567574821,1.2689531482552252e-05
2062,0.0,lbfgs,7762,711.702883720398,,,,8.506062803510666e-06,1.2680988846193825e-05,0.0,0.4658831785044371,1.2680988846193825e-05
2063,0.0,lbfgs,7763,711.9277584552765,,,,8.501275035109308e-06,1.2662505711530674e-05,0.0,0.465883287799337,1.2662505711530674e-05
2064,0.0,lbfgs,7764,712.1707751750946,,,,8.49402108180538e-06,1.2637450980862009e-05,0.0,0.46585090260688183,1.2637450980862009e-05
2065,0.0,lbfgs,7765,712.5638885498047,,,,8.48963066208065e-06,1.2608431796653702e-05,0.0,0.4659091014653692,1.2608431796653702e-05
2066,0.0,lbfgs,7766,712.7953045368195,,,,8.482188838584126e-06,1.2582951253083003e-05,0.0,0.4658343632443083,1.2582951253083003e-05
2067,0.0,lbfgs,7767,713.0272243022919,,,,8.478372811939434e-06,1.257570204913841e-05,0.0,0.4658269574310159,1.257570204913841e-05
2068,0.0,lbfgs,7768,713.2522084712982,,,,8.472335755380892e-06,1.2564586725263094e-05,0.0,0.4658619300536384,1.2564586725263094e-05
2069,0.0,lbfgs,7769,713.4683926105499,,,,8.46884179215664e-06,1.2567296224380046e-05,0.0,0.465914088075164,1.2567296224380046e-05
2070,0.0,lbfgs,7770,713.6891932487488,,,,8.464936917933158e-06,1.2563573802011285e-05,0.0,0.4659422009606689,1.2563573802011285e-05
2071,0.0,lbfgs,7771,713.9015152454376,,,,8.460628832648429e-06,1.256412413763435e-05,0.0,0.465969407045252,1.256412413763435e-05
2072,0.0,lbfgs,7772,714.1215662956238,,,,8.456560875014657e-06,1.2566900508181797e-05,0.0,0.4659767869301593,1.2566900508181797e-05
2073,0.0,lbfgs,7773,714.3479931354523,,,,8.449851524965626e-06,1.2576308224124078e-05,0.0,0.465922768164378,1.2576308224124078e-05
2074,0.0,lbfgs,7774,714.7422811985016,,,,8.444911788189546e-06,1.2576293009136508e-05,0.0,0.465933487541441,1.2576293009136508e-05
2075,0.0,lbfgs,7775,714.9506485462189,,,,8.438988526220078e-06,1.257253171475921e-05,0.0,0.4658899936008229,1.257253171475921e-05
2076,0.0,lbfgs,7776,715.1861188411713,,,,8.43100831439104e-06,1.2558527207032088e-05,0.0,0.46583488515235494,1.2558527207032088e-05
2077,0.0,lbfgs,7777,715.4178919792175,,,,8.427245067780182e-06,1.254830774924729e-05,0.0,0.4658166667713059,1.254830774924729e-05
2078,0.0,lbfgs,7778,715.8224513530731,,,,8.423885327428073e-06,1.2537062209703592e-05,0.0,0.4658079307898769,1.2537062209703592e-05
2079,0.0,lbfgs,7779,716.0481967926025,,,,8.417987677702724e-06,1.2522955207680592e-05,0.0,0.46579942448720885,1.2522955207680592e-05
2080,0.0,lbfgs,7780,716.2697145938873,,,,8.413316809480312e-06,1.2515358902888205e-05,0.0,0.46579677736252195,1.2515358902888205e-05
2081,0.0,lbfgs,7781,716.4873344898224,,,,8.40841945379231e-06,1.2510567875308137e-05,0.0,0.4658024945619296,1.2510567875308137e-05
2082,0.0,lbfgs,7782,716.6963868141174,,,,8.404210455976857e-06,1.2512546171131542e-05,0.0,0.46574679371635674,1.2512546171131542e-05
2083,0.0,lbfgs,7783,716.9144153594971,,,,8.400667736788686e-06,1.2513472582025298e-05,0.0,0.4658489956893971,1.2513472582025298e-05
2084,0.0,lbfgs,7784,717.127432346344,,,,8.396826126571859e-06,1.2512735703026129e-05,0.0,0.4658032811367625,1.2512735703026129e-05
2085,0.0,lbfgs,7785,717.3553123474121,,,,8.394162782854053e-06,1.2512778187931523e-05,0.0,0.46578911229214953,1.2512778187931523e-05
2086,0.0,lbfgs,7786,717.5745511054993,,,,8.392385759427492e-06,1.2511530489151321e-05,0.0,0.46580326992869414,1.2511530489151321e-05
2087,0.0,lbfgs,7787,717.8038041591644,,,,8.386082114348487e-06,1.2503089136316345e-05,0.0,0.4658375856989815,1.2503089136316345e-05
2088,0.0,lbfgs,7788,718.1868479251862,,,,8.382328263322844e-06,1.2498708679451124e-05,0.0,0.4658402073574638,1.2498708679451124e-05
2089,0.0,lbfgs,7789,718.4030802249908,,,,8.3774815144775e-06,1.2489626077927413e-05,0.0,0.46586423724452336,1.2489626077927413e-05
2090,0.0,lbfgs,7790,718.6319601535797,,,,8.372769972007972e-06,1.2485315144220705e-05,0.0,0.4658612845599275,1.2485315144220705e-05
2091,0.0,lbfgs,7791,718.8555860519409,,,,8.367367281198422e-06,1.2473596951524037e-05,0.0,0.4658649567677043,1.2473596951524037e-05
2092,0.0,lbfgs,7792,719.0754129886627,,,,8.362550697263414e-06,1.2463807936081248e-05,0.0,0.465824817993927,1.2463807936081248e-05
2093,0.0,lbfgs,7793,719.2936012744904,,,,8.358934155706364e-06,1.2460251410575908e-05,0.0,0.465817083592111,1.2460251410575908e-05
2094,0.0,lbfgs,7794,719.5211734771729,,,,8.35459749312082e-06,1.2451913546448092e-05,0.0,0.4658686194209451,1.2451913546448092e-05
2095,0.0,lbfgs,7795,719.7533340454102,,,,8.349692857434468e-06,1.2439022549295009e-05,0.0,0.4659883003710037,1.2439022549295009e-05
2096,0.0,lbfgs,7796,720.1583273410797,,,,8.348383364824717e-06,1.2435416798481878e-05,0.0,0.4660487457773459,1.2435416798481878e-05
2097,0.0,lbfgs,7797,720.3818128108978,,,,8.3460717412458e-06,1.2429500010454553e-05,0.0,0.4661156289402894,1.2429500010454553e-05
2098,0.0,lbfgs,7798,720.6195857524872,,,,8.3436829602137e-06,1.242555769826075e-05,0.0,0.4661773521748011,1.242555769826075e-05
2099,0.0,lbfgs,7799,720.8532111644745,,,,8.342020981099473e-06,1.2425552287571166e-05,0.0,0.466196288531984,1.2425552287571166e-05
2100,0.0,lbfgs,7800,721.0734555721283,,,,8.3392295750988e-06,1.2427913209526455e-05,0.0,0.4661993567044481,1.2427913209526455e-05
2101,0.0,lbfgs,7801,721.2912259101868,,,,8.334878722466517e-06,1.2427776096337747e-05,0.0,0.46617485688668236,1.2427776096337747e-05
2102,0.0,lbfgs,7802,721.6961455345154,,,,8.332010216573153e-06,1.2428646310982052e-05,0.0,0.46618724851768584,1.2428646310982052e-05
2103,0.0,lbfgs,7803,721.9396712779999,,,,8.327824859085944e-06,1.2424967778190292e-05,0.0,0.466137546435748,1.2424967778190292e-05
2104,0.0,lbfgs,7804,722.1659343242645,,,,8.324894968050127e-06,1.2419683058442401e-05,0.0,0.4661068155356619,1.2419683058442401e-05
2105,0.0,lbfgs,7805,722.39417719841,,,,8.321969353932257e-06,1.2414711460904843e-05,0.0,0.4660924316719734,1.2414711460904843e-05
2106,0.0,lbfgs,7806,722.6274464130402,,,,8.316388920153693e-06,1.2414071841050617e-05,0.0,0.4660680900980202,1.2414071841050617e-05
2107,0.0,lbfgs,7807,723.0303156375885,,,,8.313761488511627e-06,1.2421850963706105e-05,0.0,0.46603813045906234,1.2421850963706105e-05
2108,0.0,lbfgs,7808,723.2539265155792,,,,8.307671132949438e-06,1.2427767675000653e-05,0.0,0.4660147229772334,1.2427767675000653e-05
2109,0.0,lbfgs,7809,723.4766983985901,,,,8.304213182119907e-06,1.2436303736787902e-05,0.0,0.46598601201837175,1.2436303736787902e-05
2110,0.0,lbfgs,7810,723.6986021995544,,,,8.300561673209245e-06,1.2445732906777589e-05,0.0,0.4659558282017068,1.2445732906777589e-05
2111,0.0,lbfgs,7811,724.1061153411865,,,,8.299009195092389e-06,1.2452921687778219e-05,0.0,0.4658667305102621,1.2452921687778219e-05
2112,0.0,lbfgs,7812,724.3348186016083,,,,8.29611319493511e-06,1.2453601684065328e-05,0.0,0.46584602418559645,1.2453601684065328e-05
2113,0.0,lbfgs,7813,724.5692870616913,,,,8.292731077026512e-06,1.244873968911171e-05,0.0,0.465807611485901,1.244873968911171e-05
2114,0.0,lbfgs,7814,724.7929618358612,,,,8.290381545053585e-06,1.2442064201219796e-05,0.0,0.4657851578462125,1.2442064201219796e-05
2115,0.0,lbfgs,7815,725.0169291496277,,,,8.286806939420098e-06,1.2432255940677137e-05,0.0,0.4657844810220602,1.2432255940677137e-05
2116,0.0,lbfgs,7816,725.2350513935089,,,,8.279437011116054e-06,1.241607923625268e-05,0.0,0.46585301791115163,1.241607923625268e-05
2117,0.0,lbfgs,7817,725.4723188877106,,,,8.276021385332394e-06,1.2384935068778674e-05,0.0,0.4661204341535968,1.2384935068778674e-05
2118,0.0,lbfgs,7818,725.7009043693542,,,,8.266897621206002e-06,1.2384077059804459e-05,0.0,0.4661902129689394,1.2384077059804459e-05
2119,0.0,lbfgs,7819,725.9332406520844,,,,8.263503430291976e-06,1.2381062674833199e-05,0.0,0.4662013477039362,1.2381062674833199e-05
2120,0.0,lbfgs,7820,726.337212562561,,,,8.261316731131556e-06,1.2378981344421803e-05,0.0,0.4661666491624456,1.2378981344421803e-05
2121,0.0,lbfgs,7821,726.5745213031769,,,,8.2578720468485e-06,1.2368559193919523e-05,0.0,0.4662539113330533,1.2368559193919523e-05
2122,0.0,lbfgs,7822,726.8044767379761,,,,8.255010836545868e-06,1.2358336067153714e-05,0.0,0.4662870210668365,1.2358336067153714e-05
2123,0.0,lbfgs,7823,727.0364780426025,,,,8.249862473934656e-06,1.233813461239661e-05,0.0,0.4662886449391758,1.233813461239661e-05
2124,0.0,lbfgs,7824,727.2644791603088,,,,8.244881645681163e-06,1.2320615827083503e-05,0.0,0.4662422489602247,1.2320615827083503e-05
2125,0.0,lbfgs,7825,727.4971139431,,,,8.235100388423348e-06,1.2288558508812196e-05,0.0,0.4662301636885799,1.2288558508812196e-05
2126,0.0,lbfgs,7826,727.7254498004913,,,,8.232772515159986e-06,1.2250495136242138e-05,0.0,0.4660951649545239,1.2250495136242138e-05
2127,0.0,lbfgs,7827,727.9448969364166,,,,8.224431855124523e-06,1.2259658919636848e-05,0.0,0.466158666373713,1.2259658919636848e-05
2128,0.0,lbfgs,7828,728.171817779541,,,,8.221926752760223e-06,1.2263730907987113e-05,0.0,0.46618881424020203,1.2263730907987113e-05
2129,0.0,lbfgs,7829,728.3968486785889,,,,8.216878673219463e-06,1.226356023749924e-05,0.0,0.4662329813696504,1.226356023749924e-05
2130,0.0,lbfgs,7830,728.6191112995148,,,,8.211425688367226e-06,1.226243120942555e-05,0.0,0.4662949511758614,1.226243120942555e-05
2131,0.0,lbfgs,7831,728.8515813350677,,,,8.205631764962708e-06,1.2247491540407391e-05,0.0,0.46638446371814934,1.2247491540407391e-05
2132,0.0,lbfgs,7832,729.081328868866,,,,8.200796479594488e-06,1.223609657749959e-05,0.0,0.4663446068048848,1.223609657749959e-05
2133,0.0,lbfgs,7833,729.3072917461395,,,,8.194296094180043e-06,1.2217949138894051e-05,0.0,0.4662829889429661,1.2217949138894051e-05
2134,0.0,lbfgs,7834,729.5434081554413,,,,8.189172581931292e-06,1.220880594605396e-05,0.0,0.4662621764192979,1.220880594605396e-05
2135,0.0,lbfgs,7835,729.7742619514465,,,,8.181905919724999e-06,1.21912330214238e-05,0.0,0.4661887610857927,1.21912330214238e-05
2136,0.0,lbfgs,7836,730.0133993625641,,,,8.17600840401402e-06,1.2179594848399286e-05,0.0,0.4662307491268195,1.2179594848399286e-05
2137,0.0,lbfgs,7837,730.2554659843445,,,,8.171862840890806e-06,1.2172120657787114e-05,0.0,0.46624771640298296,1.2172120657787114e-05
2138,0.0,lbfgs,7838,730.4883494377136,,,,8.165344434406883e-06,1.2159804286871683e-05,0.0,0.46627504313752516,1.2159804286871683e-05
2139,0.0,lbfgs,7839,730.7314236164093,,,,8.160306883196863e-06,1.2151523099611097e-05,0.0,0.46628893557814755,1.2151523099611097e-05
2140,0.0,lbfgs,7840,730.9630331993103,,,,8.154485759951762e-06,1.2143677789709626e-05,0.0,0.46632100941700483,1.2143677789709626e-05
2141,0.0,lbfgs,7841,731.3826813697815,,,,8.150747180276077e-06,1.2142545088906537e-05,0.0,0.4663318347055219,1.2142545088906537e-05
2142,0.0,lbfgs,7842,731.6084063053131,,,,8.146276002974073e-06,1.2143477739117904e-05,0.0,0.466349769726063,1.2143477739117904e-05
2143,0.0,lbfgs,7843,731.83149933815,,,,8.140187748680237e-06,1.2151107481378228e-05,0.0,0.46638428376570357,1.2151107481378228e-05
2144,0.0,lbfgs,7844,732.0555822849274,,,,8.137596067950732e-06,1.2152932786936901e-05,0.0,0.46640592712940687,1.2152932786936901e-05
2145,0.0,lbfgs,7845,732.2814977169037,,,,8.132640183557347e-06,1.2147289443953449e-05,0.0,0.4664363858711189,1.2147289443953449e-05
2146,0.0,lbfgs,7846,732.5113317966461,,,,8.13086450935811e-06,1.2144237940718583e-05,0.0,0.46645334241874814,1.2144237940718583e-05
2147,0.0,lbfgs,7847,732.7377033233643,,,,8.12642909741366e-06,1.2136123388862387e-05,0.0,0.46642195469732606,1.2136123388862387e-05
2148,0.0,lbfgs,7848,732.9687008857727,,,,8.124005837828578e-06,1.2130498807156692e-05,0.0,0.4663985966098675,1.2130498807156692e-05
2149,0.0,lbfgs,7849,733.2004919052124,,,,8.121055989558005e-06,1.2125581150558366e-05,0.0,0.4663532221698717,1.2125581150558366e-05
2150,0.0,lbfgs,7850,733.4249925613403,,,,8.120330565859133e-06,1.212873562875495e-05,0.0,0.4663047432250458,1.212873562875495e-05
2151,0.0,lbfgs,7851,733.6502618789673,,,,8.116219004214388e-06,1.2128700739377848e-05,0.0,0.46631006342861264,1.2128700739377848e-05
2152,0.0,lbfgs,7852,733.8762474060059,,,,8.113447618445204e-06,1.2134947073134519e-05,0.0,0.46631123155759396,1.2134947073134519e-05
2153,0.0,lbfgs,7853,734.1020448207855,,,,8.110954533374146e-06,1.2144718050167381e-05,0.0,0.4663074214103282,1.2144718050167381e-05
2154,0.0,lbfgs,7854,734.3270823955536,,,,8.108432851576455e-06,1.2149970551101022e-05,0.0,0.46629884075603095,1.2149970551101022e-05
2155,0.0,lbfgs,7855,734.5445554256439,,,,8.104993225640784e-06,1.2148324457994243e-05,0.0,0.46621470439984075,1.2148324457994243e-05
2156,0.0,lbfgs,7856,734.7688884735107,,,,8.100472773140629e-06,1.2148086671843094e-05,0.0,0.46619721103028094,1.2148086671843094e-05
2157,0.0,lbfgs,7857,734.9914703369141,,,,8.09832552425027e-06,1.213883535918143e-05,0.0,0.46619257298180045,1.213883535918143e-05
2158,0.0,lbfgs,7858,735.2186675071716,,,,8.094654168413516e-06,1.2125967639436117e-05,0.0,0.46618979493426477,1.2125967639436117e-05
2159,0.0,lbfgs,7859,735.6154778003693,,,,8.09323894267435e-06,1.2126550741112355e-05,0.0,0.4661782700328288,1.2126550741112355e-05
2160,0.0,lbfgs,7860,735.8441565036774,,,,8.090355361368638e-06,1.2124047273597803e-05,0.0,0.4661872776506083,1.2124047273597803e-05
2161,0.0,lbfgs,7861,736.0668921470642,,,,8.086464548484951e-06,1.2127086083767523e-05,0.0,0.46619614158619477,1.2127086083767523e-05
2162,0.0,lbfgs,7862,736.2853140830994,,,,8.082233068296294e-06,1.2135347775563676e-05,0.0,0.4661979533173796,1.2135347775563676e-05
2163,0.0,lbfgs,7863,736.6875736713409,,,,8.080089845502722e-06,1.2137953284538519e-05,0.0,0.4662252424862214,1.2137953284538519e-05
2164,0.0,lbfgs,7864,736.9154176712036,,,,8.076212023095612e-06,1.2142684502044511e-05,0.0,0.4661739128404142,1.2142684502044511e-05
2165,0.0,lbfgs,7865,737.1475546360016,,,,8.072919090162316e-06,1.2141067695342034e-05,0.0,0.4661325245463602,1.2141067695342034e-05
2166,0.0,lbfgs,7866,737.3721489906311,,,,8.068639402626957e-06,1.2132773498920776e-05,0.0,0.46604040071592806,1.2132773498920776e-05
2167,0.0,lbfgs,7867,737.5946314334869,,,,8.064994816421986e-06,1.2125416815547282e-05,0.0,0.4660124022229002,1.2125416815547282e-05
2168,0.0,lbfgs,7868,737.8305814266205,,,,8.060429231479401e-06,1.2120015916053807e-05,0.0,0.4659685461590343,1.2120015916053807e-05
2169,0.0,lbfgs,7869,738.051561832428,,,,8.05212183601457e-06,1.2120164772452895e-05,0.0,0.4659807704683871,1.2120164772452895e-05
2170,0.0,lbfgs,7870,738.2815732955933,,,,8.04611076083309e-06,1.2125568281275583e-05,0.0,0.4659203987771655,1.2125568281275583e-05
2171,0.0,lbfgs,7871,738.688559293747,,,,8.042749036235594e-06,1.2123578356344943e-05,0.0,0.4660094420293821,1.2123578356344943e-05
2172,0.0,lbfgs,7872,738.9074847698212,,,,8.038994568750785e-06,1.2125600480983778e-05,0.0,0.4660248672786943,1.2125600480983778e-05
2173,0.0,lbfgs,7873,739.1261560916901,,,,8.035236550899372e-06,1.2129503215930077e-05,0.0,0.46607954967900717,1.2129503215930077e-05
2174,0.0,lbfgs,7874,739.3565878868103,,,,8.031613545114848e-06,1.2116949205979116e-05,0.0,0.46608791783971976,1.2116949205979116e-05
2175,0.0,lbfgs,7875,739.5935430526733,,,,8.026943341921941e-06,1.2100229741685561e-05,0.0,0.4661238097674557,1.2100229741685561e-05
2176,0.0,lbfgs,7876,739.8246927261353,,,,8.020095831343362e-06,1.2074703254455699e-05,0.0,0.4661616477366772,1.2074703254455699e-05
2177,0.0,lbfgs,7877,740.0653519630432,,,,8.014225616443119e-06,1.2054056604248813e-05,0.0,0.4662143435183867,1.2054056604248813e-05
2178,0.0,lbfgs,7878,740.3010544776917,,,,8.008278987969362e-06,1.2035939871042285e-05,0.0,0.46620823335642636,1.2035939871042285e-05
2179,0.0,lbfgs,7879,740.5275015830994,,,,8.004270032142866e-06,1.2020721838059867e-05,0.0,0.4662448090555862,1.2020721838059867e-05
2180,0.0,lbfgs,7880,740.765193939209,,,,7.998838993035136e-06,1.2020167254568238e-05,0.0,0.4661686907616295,1.2020167254568238e-05
2181,0.0,lbfgs,7881,740.9883720874786,,,,7.993840971747895e-06,1.2023095948179335e-05,0.0,0.46606673604191673,1.2023095948179335e-05
2182,0.0,lbfgs,7882,741.2034776210785,,,,7.989980016714423e-06,1.2020199988042953e-05,0.0,0.4659895221710231,1.2020199988042953e-05
2183,0.0,lbfgs,7883,741.4434344768524,,,,7.9851542154793e-06,1.2006849252488713e-05,0.0,0.4659038399020113,1.2006849252488713e-05
2184,0.0,lbfgs,7884,741.6669948101044,,,,7.979554328545928e-06,1.1989193466263803e-05,0.0,0.4658334684450869,1.1989193466263803e-05
2185,0.0,lbfgs,7885,741.90345454216,,,,7.97563860477218e-06,1.19787589393653e-05,0.0,0.46587505353015213,1.19787589393653e-05
2186,0.0,lbfgs,7886,742.1319086551666,,,,7.967427919412881e-06,1.1960431211016373e-05,0.0,0.46597804921472524,1.1960431211016373e-05
2187,0.0,lbfgs,7887,742.3603684902191,,,,7.962671658731555e-06,1.1959002627901174e-05,0.0,0.46604342579533314,1.1959002627901174e-05
2188,0.0,lbfgs,7888,742.59969830513,,,,7.95621567879398e-06,1.195119956535645e-05,0.0,0.4661545646072914,1.195119956535645e-05
2189,0.0,lbfgs,7889,742.8333547115326,,,,7.952497587733068e-06,1.1950659454218828e-05,0.0,0.4661942446728443,1.1950659454218828e-05
2190,0.0,lbfgs,7890,743.0637803077698,,,,7.948326173507856e-06,1.1944976608264562e-05,0.0,0.4662557566842039,1.1944976608264562e-05
2191,0.0,lbfgs,7891,743.2985854148865,,,,7.941467339188104e-06,1.1926364465252966e-05,0.0,0.4663267682525454,1.1926364465252966e-05
2192,0.0,lbfgs,7892,743.5329191684723,,,,7.93292345134893e-06,1.1882481605237922e-05,0.0,0.4664184983092533,1.1882481605237922e-05
2193,0.0,lbfgs,7893,743.7568218708038,,,,7.928626633442295e-06,1.1853283899101932e-05,0.0,0.4664306478283293,1.1853283899101932e-05
2194,0.0,lbfgs,7894,743.9897346496582,,,,7.923503384691327e-06,1.1849997533263255e-05,0.0,0.46633175198528654,1.1849997533263255e-05
2195,0.0,lbfgs,7895,744.2249975204468,,,,7.921438697079532e-06,1.184197364618224e-05,0.0,0.46624464420783845,1.184197364618224e-05
2196,0.0,lbfgs,7896,744.4586153030396,,,,7.919646309392144e-06,1.1834939205897386e-05,0.0,0.46616760250577954,1.1834939205897386e-05
2197,0.0,lbfgs,7897,744.6870334148407,,,,7.91494025457351e-06,1.18222218840262e-05,0.0,0.4660067768422514,1.18222218840262e-05
2198,0.0,lbfgs,7898,744.9328305721283,,,,7.908403513121511e-06,1.1791603396523889e-05,0.0,0.46580518386727127,1.1791603396523889e-05
2199,0.0,lbfgs,7899,745.341803073883,,,,7.904868262310458e-06,1.1783936815516497e-05,0.0,0.46570408722906015,1.1783936815516497e-05
2200,0.0,lbfgs,7900,745.577844619751,,,,7.900684132382932e-06,1.1778758566492154e-05,0.0,0.4657102287138141,1.1778758566492154e-05
2201,0.0,lbfgs,7901,745.8125309944153,,,,7.898052982572552e-06,1.1774507514213781e-05,0.0,0.46578583332669576,1.1774507514213781e-05
2202,0.0,lbfgs,7902,746.0525550842285,,,,7.895472831300209e-06,1.1772541370187223e-05,0.0,0.46585792643291596,1.1772541370187223e-05
2203,0.0,lbfgs,7903,746.2808380126953,,,,7.892570697040037e-06,1.1759359597360188e-05,0.0,0.46595746927905085,1.1759359597360188e-05
2204,0.0,lbfgs,7904,746.5176508426666,,,,7.888947195158868e-06,1.1755528669871762e-05,0.0,0.46595675421031185,1.1755528669871762e-05
2205,0.0,lbfgs,7905,746.7515766620636,,,,7.886476738213743e-06,1.1748551595065557e-05,0.0,0.46589341019128444,1.1748551595065557e-05
2206,0.0,lbfgs,7906,746.9815442562103,,,,7.882710320465042e-06,1.1740060327482157e-05,0.0,0.4658153403764083,1.1740060327482157e-05
2207,0.0,lbfgs,7907,747.2151846885681,,,,7.878046533555456e-06,1.173242092527406e-05,0.0,0.4656897997064943,1.173242092527406e-05
2208,0.0,lbfgs,7908,747.4362459182739,,,,7.873949173049975e-06,1.173361277718248e-05,0.0,0.46555844452570616,1.173361277718248e-05
2209,0.0,lbfgs,7909,747.6642332077026,,,,7.869913059191551e-06,1.1734061932017947e-05,0.0,0.46560711163966817,1.1734061932017947e-05
2210,0.0,lbfgs,7910,747.8883783817291,,,,7.86695448287427e-06,1.1738577574110838e-05,0.0,0.46565458227172785,1.1738577574110838e-05
2211,0.0,lbfgs,7911,748.1098983287811,,,,7.86512185254912e-06,1.1738186895574704e-05,0.0,0.46565417231125267,1.1738186895574704e-05
2212,0.0,lbfgs,7912,748.3394060134888,,,,7.857339338668645e-06,1.1727011564979293e-05,0.0,0.4656649075209928,1.1727011564979293e-05
2213,0.0,lbfgs,7913,748.5717124938965,,,,7.854224386321227e-06,1.1716557110319075e-05,0.0,0.46557573365046767,1.1716557110319075e-05
2214,0.0,lbfgs,7914,748.7928795814514,,,,7.850408007387097e-06,1.1704657770655965e-05,0.0,0.4655828645017429,1.1704657770655965e-05
2215,0.0,lbfgs,7915,749.0299351215363,,,,7.84831048810325e-06,1.1696927758232734e-05,0.0,0.46559588111252087,1.1696927758232734e-05
2216,0.0,lbfgs,7916,749.2658634185791,,,,7.84535482927922e-06,1.1679251171685294e-05,0.0,0.46566991456216095,1.1679251171685294e-05
2217,0.0,lbfgs,7917,749.4984707832336,,,,7.841867779169145e-06,1.1666547988118414e-05,0.0,0.4656367961407511,1.1666547988118414e-05
2218,0.0,lbfgs,7918,749.7371346950531,,,,7.83928996938567e-06,1.1662889189617944e-05,0.0,0.4656502655783551,1.1662889189617944e-05
2219,0.0,lbfgs,7919,749.9749402999878,,,,7.834257684513562e-06,1.1652958080745705e-05,0.0,0.4656979014728443,1.1652958080745705e-05
2220,0.0,lbfgs,7920,750.2071611881256,,,,7.828250075983794e-06,1.1638422175943733e-05,0.0,0.4657284415753971,1.1638422175943733e-05
2221,0.0,lbfgs,7921,750.4422450065613,,,,7.82081964604913e-06,1.161563037453718e-05,0.0,0.46583884401649295,1.161563037453718e-05
2222,0.0,lbfgs,7922,750.6751401424408,,,,7.815664911143677e-06,1.1601512916367178e-05,0.0,0.465881234026197,1.1601512916367178e-05
2223,0.0,lbfgs,7923,750.9096581935883,,,,7.812754080673339e-06,1.159995692950765e-05,0.0,0.4658253234188421,1.159995692950765e-05
2224,0.0,lbfgs,7924,751.136234998703,,,,7.810243721385296e-06,1.159572952135102e-05,0.0,0.46582109442449093,1.159572952135102e-05
2225,0.0,lbfgs,7925,751.3841390609741,,,,7.806746417403818e-06,1.1588592753136976e-05,0.0,0.4658076507314512,1.1588592753136976e-05
2226,0.0,lbfgs,7926,751.6260538101196,,,,7.803113848314625e-06,1.1581069148570707e-05,0.0,0.4657817808178269,1.1581069148570707e-05
2227,0.0,lbfgs,7927,751.859007358551,,,,7.797538429733799e-06,1.156223765553235e-05,0.0,0.4657174810423421,1.156223765553235e-05
2228,0.0,lbfgs,7928,752.2837769985199,,,,7.794401769566803e-06,1.155893593856105e-05,0.0,0.4657080564626942,1.155893593856105e-05
2229,0.0,lbfgs,7929,752.5154118537903,,,,7.790468799396633e-06,1.1547120163861662e-05,0.0,0.46566302104112045,1.1547120163861662e-05
2230,0.0,lbfgs,7930,752.7510616779327,,,,7.78644111377014e-06,1.1537673999245079e-05,0.0,0.46562738800790066,1.1537673999245079e-05
2231,0.0,lbfgs,7931,752.978994846344,,,,7.783313353828247e-06,1.1532853072422983e-05,0.0,0.4656117874838812,1.1532853072422983e-05
2232,0.0,lbfgs,7932,753.2056124210358,,,,7.775582614323733e-06,1.1522603085503392e-05,0.0,0.4655835696215343,1.1522603085503392e-05
2233,0.0,lbfgs,7933,753.6307573318481,,,,7.772532882830567e-06,1.151578425940647e-05,0.0,0.46552603941454107,1.151578425940647e-05
2234,0.0,lbfgs,7934,753.8690123558044,,,,7.764965361044931e-06,1.1507804760147216e-05,0.0,0.4654935350993001,1.1507804760147216e-05
2235,0.0,lbfgs,7935,754.1062636375427,,,,7.758809403950486e-06,1.1497187873461236e-05,0.0,0.4654656117832593,1.1497187873461236e-05
2236,0.0,lbfgs,7936,754.3387455940247,,,,7.752446009661615e-06,1.148591548260284e-05,0.0,0.46541744235831195,1.148591548260284e-05
2237,0.0,lbfgs,7937,754.5697045326233,,,,7.748529665481443e-06,1.1471851134244116e-05,0.0,0.46534677940391883,1.1471851134244116e-05
2238,0.0,lbfgs,7938,754.8027312755585,,,,7.74485930824558e-06,1.1469487187203689e-05,0.0,0.4653525648750061,1.1469487187203689e-05
2239,0.0,lbfgs,7939,755.0522656440735,,,,7.741594023721558e-06,1.1464392589703279e-05,0.0,0.46536379259636035,1.1464392589703279e-05
2240,0.0,lbfgs,7940,755.2746045589447,,,,7.739048566966644e-06,1.1462450814184446e-05,0.0,0.46534520432721294,1.1462450814184446e-05
2241,0.0,lbfgs,7941,755.5023140907288,,,,7.734702388927258e-06,1.145595495145584e-05,0.0,0.46534330503016136,1.145595495145584e-05
2242,0.0,lbfgs,7942,755.7375040054321,,,,7.727461213814511e-06,1.1446926134642894e-05,0.0,0.4653234411536139,1.1446926134642894e-05
2243,0.0,lbfgs,7943,755.9709453582764,,,,7.718868152711147e-06,1.1432593049475393e-05,0.0,0.4653214530120852,1.1432593049475393e-05
2244,0.0,lbfgs,7944,756.2085592746735,,,,7.712407395510237e-06,1.1417122274821964e-05,0.0,0.46526840035463973,1.1417122274821964e-05
2245,0.0,lbfgs,7945,756.6191875934601,,,,7.71025373220289e-06,1.1409051943005953e-05,0.0,0.4652835840464536,1.1409051943005953e-05
2246,0.0,lbfgs,7946,756.8564372062683,,,,7.707178529976426e-06,1.1401811707342439e-05,0.0,0.4652714238680349,1.1401811707342439e-05
2247,0.0,lbfgs,7947,757.0882940292358,,,,7.702616320652791e-06,1.1388356836807124e-05,0.0,0.46526430728170526,1.1388356836807124e-05
2248,0.0,lbfgs,7948,757.3252518177032,,,,7.698831647015083e-06,1.137574647736533e-05,0.0,0.465272004541968,1.137574647736533e-05
2249,0.0,lbfgs,7949,757.5600574016571,,,,7.693238163448799e-06,1.1358919734883199e-05,0.0,0.4652741491538549,1.1358919734883199e-05
2250,0.0,lbfgs,7950,757.783209323883,,,,7.686787244378612e-06,1.1331170787067852e-05,0.0,0.46529828187861466,1.1331170787067852e-05
2251,0.0,lbfgs,7951,758.027147769928,,,,7.68503533191402e-06,1.1319806316533718e-05,0.0,0.4652629997524371,1.1319806316533718e-05
2252,0.0,lbfgs,7952,758.2616672515869,,,,7.676631176467397e-06,1.1319447392476686e-05,0.0,0.4653196025758335,1.1319447392476686e-05
2253,0.0,lbfgs,7953,758.4848041534424,,,,7.673330569087161e-06,1.1322288523537604e-05,0.0,0.46533886153092535,1.1322288523537604e-05
2254,0.0,lbfgs,7954,758.7095875740051,,,,7.66985848602295e-06,1.1325380946608816e-05,0.0,0.4653343156802727,1.1325380946608816e-05
2255,0.0,lbfgs,7955,759.1160955429077,,,,7.668912076442321e-06,1.1323742631064722e-05,0.0,0.4653423849350371,1.1323742631064722e-05
2256,0.0,lbfgs,7956,759.3329212665558,,,,7.665922905903378e-06,1.1324726088535299e-05,0.0,0.46531803352558454,1.1324726088535299e-05
2257,0.0,lbfgs,7957,759.5526962280273,,,,7.662622283371127e-06,1.1322355472255185e-05,0.0,0.4652729211859505,1.1322355472255185e-05
2258,0.0,lbfgs,7958,759.7929751873016,,,,7.657710985494687e-06,1.131287919130832e-05,0.0,0.4651769197886435,1.131287919130832e-05
2259,0.0,lbfgs,7959,760.0279839038849,,,,7.65263275267087e-06,1.1300291110543596e-05,0.0,0.46505062767621985,1.1300291110543596e-05
2260,0.0,lbfgs,7960,760.2591135501862,,,,7.649660653745764e-06,1.128734374184564e-05,0.0,0.46482238494675604,1.128734374184564e-05
2261,0.0,lbfgs,7961,760.4902882575989,,,,7.643211919245962e-06,1.1275549484720723e-05,0.0,0.4648292186087403,1.1275549484720723e-05
2262,0.0,lbfgs,7962,760.731109380722,,,,7.640166127879961e-06,1.12711712271107e-05,0.0,0.46482842443142874,1.12711712271107e-05
2263,0.0,lbfgs,7963,760.9502639770508,,,,7.635907248815047e-06,1.1264596428273837e-05,0.0,0.46479447861319884,1.1264596428273837e-05
2264,0.0,lbfgs,7964,761.1816048622131,,,,7.628328759978597e-06,1.1253320632338233e-05,0.0,0.46480325175385906,1.1253320632338233e-05
2265,0.0,lbfgs,7965,761.5995471477509,,,,7.6260225981633845e-06,1.1243482604581917e-05,0.0,0.46475237040910344,1.1243482604581917e-05
2266,0.0,lbfgs,7966,761.827782869339,,,,7.6197788103659744e-06,1.1231613511547456e-05,0.0,0.4648136692521039,1.1231613511547456e-05
2267,0.0,lbfgs,7967,762.0560114383698,,,,7.61493823954168e-06,1.121954765427156e-05,0.0,0.4648899916103037,1.121954765427156e-05
2268,0.0,lbfgs,7968,762.2891275882721,,,,7.608741240958999e-06,1.1201783585117958e-05,0.0,0.4650612687179133,1.1201783585117958e-05
2269,0.0,lbfgs,7969,762.7096283435822,,,,7.606852115156517e-06,1.119294810693728e-05,0.0,0.4650964932273281,1.119294810693728e-05
2270,0.0,lbfgs,7970,762.9518349170685,,,,7.604281814981741e-06,1.118713425933355e-05,0.0,0.46516455034282045,1.118713425933355e-05
2271,0.0,lbfgs,7971,763.1855268478394,,,,7.6014587244307745e-06,1.118253920811871e-05,0.0,0.4652139107330745,1.118253920811871e-05
2272,0.0,lbfgs,7972,763.4243113994598,,,,7.598653429179304e-06,1.1179046155445567e-05,0.0,0.4652390970512841,1.1179046155445567e-05
2273,0.0,lbfgs,7973,763.6645202636719,,,,7.593715266327593e-06,1.1171287032154554e-05,0.0,0.46525213149318645,1.1171287032154554e-05
2274,0.0,lbfgs,7974,763.8996498584747,,,,7.5863947032361425e-06,1.115461459831988e-05,0.0,0.4652483560616231,1.115461459831988e-05
2275,0.0,lbfgs,7975,764.3170437812805,,,,7.583376317516221e-06,1.114574636256103e-05,0.0,0.46525430997865524,1.114574636256103e-05
2276,0.0,lbfgs,7976,764.5506412982941,,,,7.5794003529710905e-06,1.1135283189576148e-05,0.0,0.46520888679989875,1.1135283189576148e-05
2277,0.0,lbfgs,7977,764.7787156105042,,,,7.576817106532833e-06,1.1129905590414567e-05,0.0,0.4651731078688538,1.1129905590414567e-05
2278,0.0,lbfgs,7978,765.0114433765411,,,,7.573141220876156e-06,1.1125028964998625e-05,0.0,0.4651292404555374,1.1125028964998625e-05
2279,0.0,lbfgs,7979,765.2297582626343,,,,7.567506961831574e-06,1.1122813717492775e-05,0.0,0.46506828453787946,1.1122813717492775e-05
2280,0.0,lbfgs,7980,765.6449811458588,,,,7.565392112319189e-06,1.111788546827077e-05,0.0,0.4649869809400238,1.111788546827077e-05
2281,0.0,lbfgs,7981,765.8694181442261,,,,7.561468597733427e-06,1.1123329750860406e-05,0.0,0.4649734433438677,1.1123329750860406e-05
2282,0.0,lbfgs,7982,766.0918414592743,,,,7.558961854142781e-06,1.1125976076163386e-05,0.0,0.4649491225798758,1.1125976076163386e-05
2283,0.0,lbfgs,7983,766.3187525272369,,,,7.556473123485801e-06,1.1129358445663045e-05,0.0,0.46490629153215013,1.1129358445663045e-05
2284,0.0,lbfgs,7984,766.5481052398682,,,,7.552808052478408e-06,1.1128847121687719e-05,0.0,0.4647964966450463,1.1128847121687719e-05
2285,0.0,lbfgs,7985,766.9512271881104,,,,7.550641468478945e-06,1.1132235131840035e-05,0.0,0.46472735787686836,1.1132235131840035e-05
2286,0.0,lbfgs,7986,767.1818008422852,,,,7.547018654661552e-06,1.1127767607059033e-05,0.0,0.46460748504793453,1.1127767607059033e-05
2287,0.0,lbfgs,7987,767.4053602218628,,,,7.5443978505221075e-06,1.1123770285282268e-05,0.0,0.46453568514484106,1.1123770285282268e-05
2288,0.0,lbfgs,7988,767.6240797042847,,,,7.542034621393285e-06,1.1120700000334202e-05,0.0,0.4645183648173548,1.1120700000334202e-05
2289,0.0,lbfgs,7989,767.8562734127045,,,,7.536716469387077e-06,1.1115375989402145e-05,0.0,0.46453751094443335,1.1115375989402145e-05
2290,0.0,lbfgs,7990,768.0870518684387,,,,7.5285966302216635e-06,1.1106432684211624e-05,0.0,0.46458780698802205,1.1106432684211624e-05
2291,0.0,lbfgs,7991,768.4838409423828,,,,7.526198533652697e-06,1.110718388844508e-05,0.0,0.4646173598509032,1.110718388844508e-05
2292,0.0,lbfgs,7992,768.7129793167114,,,,7.519395645899896e-06,1.1099652513833891e-05,0.0,0.46471444804134227,1.1099652513833891e-05
2293,0.0,lbfgs,7993,768.9578704833984,,,,7.51559618948479e-06,1.1097657161004268e-05,0.0,0.4646914430324081,1.1097657161004268e-05
2294,0.0,lbfgs,7994,769.1913888454437,,,,7.511758154713857e-06,1.1094641214787609e-05,0.0,0.4647573665371267,1.1094641214787609e-05
2295,0.0,lbfgs,7995,769.4154908657074,,,,7.5091484357384334e-06,1.109316170172267e-05,0.0,0.4647361170008088,1.109316170172267e-05
2296,0.0,lbfgs,7996,769.6497049331665,,,,7.503541508841742e-06,1.1092130347117972e-05,0.0,0.464656092829863,1.1092130347117972e-05
2297,0.0,lbfgs,7997,769.8887104988098,,,,7.498955220539244e-06,1.1088419984989697e-05,0.0,0.4646090206666481,1.1088419984989697e-05
2298,0.0,lbfgs,7998,770.1191148757935,,,,7.4957631521084546e-06,1.1083963201033129e-05,0.0,0.4646150788614497,1.1083963201033129e-05
2299,0.0,lbfgs,7999,770.3561027050018,,,,7.49074022992859e-06,1.1074882245826622e-05,0.0,0.46463788551951984,1.1074882245826622e-05
2300,0.0,lbfgs,8000,770.5920622348785,,,,7.485231310777693e-06,1.1064523025207108e-05,0.0,0.4646517779079997,1.1064523025207108e-05
