epoch,lr,stage,step,time,train_data,train_ic,train_phys,train_total,val_data,val_ic,val_phys,val_total
0,0.001,adam,1,21.448140859603882,0.05450539721490893,0.0,0.7218612733329766,7.273118130544674,,,,
1,0.001,adam,2,21.48330283164978,0.04735709789101968,0.0,0.6193370195309829,6.240727293200848,,,,
2,0.001,adam,3,21.519238471984863,0.044888428227456714,0.0,0.6111929258268709,6.156817686496166,,,,
3,0.001,adam,4,21.562998294830322,0.04228846085879855,0.0,0.5422633450488435,5.464921911347234,,,,
4,0.001,adam,5,21.611873626708984,0.04038586521787793,0.0,0.5015315642868823,5.055701508086701,,,,
5,0.001,adam,6,21.64956021308899,0.03962695328707616,0.0,0.5067413058085082,5.107040011372158,,,,
6,0.001,adam,7,21.684178590774536,0.039854330622926634,0.0,0.44272333932864416,4.467087723909368,,,,
7,0.001,adam,8,21.726391077041626,0.040869474459690226,0.0,0.4325803847137214,4.366673321596904,,,,
8,0.001,adam,9,21.768245935440063,0.041917063628275714,0.0,0.4187157143605361,4.229074207233637,,,,
9,0.001,adam,10,21.805482864379883,0.042334509542844,0.0,0.39810527087154346,4.023387218258279,,,,
10,0.001,adam,11,21.848388195037842,0.04212730282041444,0.0,0.3722045479053925,3.7641727818743393,,,,
11,0.001,adam,12,21.875908374786377,0.041462319042264745,0.0,0.37821841721976135,3.823646491239878,,,,
12,0.001,adam,13,21.916187047958374,0.04054067293203453,0.0,0.36145751001255044,3.655115773057539,,,,
13,0.001,adam,14,21.95925235748291,0.039527364729665206,0.0,0.34788692453522463,3.5183966100819117,,,,
14,0.001,adam,15,22.00913405418396,0.038637251584293604,0.0,0.3327138104061008,3.365775355645302,,,,
15,0.001,adam,16,22.035315990447998,0.037934240128786816,0.0,0.33829667869992003,3.420901027127987,,,,
16,0.001,adam,17,22.062593698501587,0.03743804402116711,0.0,0.31623484738221647,3.199786517843332,,,,
17,0.001,adam,18,22.098052978515625,0.037220787029696986,0.0,0.31363264885457864,3.1735472755754834,,,,
18,0.001,adam,19,22.13389754295349,0.03747186666829283,0.0,0.32514175357729314,3.288889402441224,,,,
19,0.001,adam,20,22.159274339675903,0.03804300438930055,0.0,0.29163970843031006,2.954440088692401,0.03542477149692784,0.0,0.286834013979865,2.9037649112955783
20,0.001,adam,21,23.178861379623413,0.038866569136143905,0.0,0.29142326805389784,2.9530992496751223,,,,
21,0.001,adam,22,23.220802545547485,0.039840836413178475,0.0,0.2871088869586376,2.9109297059995547,,,,
22,0.001,adam,23,23.272103786468506,0.04072745457386991,0.0,0.3248298774435592,3.289026229009462,,,,
23,0.001,adam,24,23.31727385520935,0.04131891412484302,0.0,0.2860055438026077,2.9013743521509197,,,,
24,0.001,adam,25,23.365610361099243,0.04143754441638773,0.0,0.2851527291710779,2.8929648361271667,,,,
25,0.001,adam,26,23.41489887237549,0.04102876447480436,0.0,0.31558807722039406,3.196909536678745,,,,
26,0.001,adam,27,23.45720148086548,0.040169079439697844,0.0,0.2868209790058428,2.908378869498126,,,,
27,0.001,adam,28,23.499963521957397,0.03909070471442057,0.0,0.29984109041694834,3.037501608883904,,,,
28,0.001,adam,29,23.5255868434906,0.038030478063945695,0.0,0.303111199133978,3.069142469403726,,,,
29,0.001,adam,30,23.568261861801147,0.03732809520500225,0.0,0.27882043416943436,2.8255324368993455,,,,
30,0.001,adam,31,23.606873273849487,0.037026520646220196,0.0,0.26481445546561094,2.6851710753023297,,,,
31,0.001,adam,32,23.648828983306885,0.0370026351019667,0.0,0.2497376354552468,2.5343789896544346,,,,
32,0.001,adam,33,23.6835777759552,0.03716859564405966,0.0,0.27107161734039414,2.7478847690480013,,,,
33,0.001,adam,34,23.729222059249878,0.03727640810212907,0.0,0.2662063376617706,2.699339784719835,,,,
34,0.001,adam,35,23.781017065048218,0.03730722144639885,0.0,0.2537187801839072,2.5744950232854706,,,,
35,0.001,adam,36,23.818583965301514,0.03725624314789677,0.0,0.2640859922660913,2.6781161658088095,,,,
36,0.001,adam,37,23.852893352508545,0.03706674158883665,0.0,0.24765529443603831,2.51361968594922,,,,
37,0.001,adam,38,23.888017416000366,0.03692226033999006,0.0,0.257501189213064,2.6119341524706297,,,,
38,0.001,adam,39,23.93340516090393,0.03668974185632745,0.0,0.2330794321065218,2.3674840629215455,,,,
39,0.001,adam,40,23.97734045982361,0.036378562193688915,0.0,0.24790628415559626,2.5154414037496515,0.03315494981240639,0.0,0.2382155526421585,2.415310476233991
40,0.001,adam,41,24.025078296661377,0.03606750662745893,0.0,0.23525390694097026,2.3886065760371613,,,,
41,0.001,adam,42,24.06329870223999,0.035717953692259684,0.0,0.25220507751335486,2.5577687288258084,,,,
42,0.001,adam,43,24.10026216506958,0.03566338261754941,0.0,0.23576142397492092,2.3932776223667585,,,,
43,0.001,adam,44,24.151359796524048,0.03579364946519198,0.0,0.22120268980155636,2.2478205474807553,,,,
44,0.001,adam,45,24.18151569366455,0.03583899416573428,0.0,0.23416292189258597,2.377468213091594,,,,
45,0.001,adam,46,24.216577291488647,0.03564163751118498,0.0,0.24858272861425004,2.521468923653685,,,,
46,0.001,adam,47,24.260945320129395,0.03528777715495565,0.0,0.22237070153320163,2.258994792486972,,,,
47,0.001,adam,48,24.310675859451294,0.03500749816917087,0.0,0.22380413918452519,2.273048890014423,,,,
48,0.001,adam,49,24.352317094802856,0.034816649819377286,0.0,0.22939794923484022,2.3287961421677794,,,,
49,0.001,adam,50,24.389004945755005,0.03472934019711406,0.0,0.22651246322957047,2.299853972492819,,,,
50,0.001,adam,51,24.41750454902649,0.034601487613160356,0.0,0.22619052457047406,2.296506733317901,,,,
51,0.001,adam,52,24.458292484283447,0.03448615181839235,0.0,0.22099566200610932,2.2444427718794855,,,,
52,0.001,adam,53,24.48926281929016,0.034249336001246744,0.0,0.22061484906651305,2.2403978266663773,,,,
53,0.001,adam,54,24.52274489402771,0.03396795753213645,0.0,0.2270441232887582,2.3044091904197184,,,,
54,0.001,adam,55,24.55289649963379,0.03369515713664873,0.0,0.21992038688474186,2.2328990259840675,,,,
55,0.001,adam,56,24.59688091278076,0.03358422151899159,0.0,0.2335178471429249,2.3687626929482404,,,,
56,0.001,adam,57,24.644258499145508,0.03375071112477213,0.0,0.24682295734007614,2.501980284525534,,,,
57,0.001,adam,58,24.68860101699829,0.03411032676113309,0.0,0.2029796823912038,2.0639071506731708,,,,
58,0.001,adam,59,24.734703540802002,0.03420410615369222,0.0,0.19584793084215515,1.9926834145752437,,,,
59,0.001,adam,60,24.773462533950806,0.03397184675590624,0.0,0.2255850759782775,2.289822606538681,0.030887565799260983,0.0,0.21008211498120632,2.131708715611324
60,0.001,adam,61,24.851521253585815,0.03359398615637011,0.0,0.25988166874400054,2.6324106735963757,,,,
61,0.001,adam,62,24.888704299926758,0.033197527877107766,0.0,0.20571303917181272,2.090327919595235,,,,
62,0.001,adam,63,24.950302839279175,0.03312596741963723,0.0,0.2139991324639642,2.1731172920592794,,,,
63,0.001,adam,64,24.992939710617065,0.03330673817441224,0.0,0.20378405580465403,2.0711472962209525,,,,
64,0.001,adam,65,25.035961389541626,0.03336234571304991,0.0,0.2016512379396654,2.0498747251097043,,,,
65,0.001,adam,66,25.078368425369263,0.03332209930841818,0.0,0.21801417655923155,2.2134638649007337,,,,
66,0.001,adam,67,25.125804901123047,0.033077948476977106,0.0,0.22104394011974565,2.2435173496744336,,,,
67,0.001,adam,68,25.17137598991394,0.032810731451194806,0.0,0.2093569330313983,2.1263800617651776,,,,
68,0.001,adam,69,25.22129487991333,0.032781658287657854,0.0,0.20950242128297142,2.127805871117372,,,,
69,0.001,adam,70,25.271730422973633,0.032920900274205626,0.0,0.2146354677052332,2.1792755773265378,,,,
70,0.001,adam,71,25.31439757347107,0.03298735513626837,0.0,0.20119807409606194,2.0449680960968877,,,,
71,0.001,adam,72,25.34825038909912,0.03296203350248036,0.0,0.20189396283968727,2.051901661899353,,,,
72,0.001,adam,73,25.375457525253296,0.032630036395932455,0.0,0.23876398241293711,2.4202698605253037,,,,
73,0.001,adam,74,25.412078619003296,0.03225593015227741,0.0,0.19398305790166118,1.972086509168889,,,,
74,0.001,adam,75,25.452157020568848,0.031981950280930746,0.0,0.1986701467512104,2.0186834177930346,,,,
75,0.001,adam,76,25.482609033584595,0.03191558734290032,0.0,0.18927230598261427,1.9246386471690429,,,,
76,0.001,adam,77,25.520476579666138,0.03194757644327451,0.0,0.214468072080982,2.1766282972530946,,,,
77,0.001,adam,78,25.562260627746582,0.03197133371180637,0.0,0.20878053445552922,2.1197766782670984,,,,
78,0.001,adam,79,25.60296607017517,0.03180794622075311,0.0,0.19102981424678983,1.9421060886886514,,,,
79,0.001,adam,80,25.64356803894043,0.031537998146400445,0.0,0.20306021710532507,2.062140169199651,0.02843657866619508,0.0,0.18931284108828214,1.9215649895490166
80,0.001,adam,81,25.690025329589844,0.03111365382496224,0.0,0.1982299013833507,2.013412667658469,,,,
81,0.001,adam,82,25.72467613220215,0.030999440888247666,0.0,0.2010883428366176,2.0418828692544237,,,,
82,0.001,adam,83,25.760588884353638,0.03122688862727561,0.0,0.2045125240090337,2.0763521287176125,,,,
83,0.001,adam,84,25.79414939880371,0.03143397938689751,0.0,0.1965676172136451,1.9971101515233485,,,,
84,0.001,adam,85,25.831565856933594,0.031371584398976526,0.0,0.1906619666173561,1.9379912505725376,,,,
85,0.001,adam,86,25.876783847808838,0.031090447937140022,0.0,0.19895982313981525,2.0206886793352927,,,,
86,0.001,adam,87,25.917205333709717,0.030980924590994552,0.0,0.19636189276476648,1.9945998522386592,,,,
87,0.001,adam,88,25.957598209381104,0.030970736034486617,0.0,0.1905999267840104,1.9369700038745905,,,,
88,0.001,adam,89,25.989691972732544,0.03088142504302217,0.0,0.21613055515945775,2.1921869766375996,,,,
89,0.001,adam,90,26.019737005233765,0.030870377460292822,0.0,0.19112044457552732,1.942074823215566,,,,
90,0.001,adam,91,26.056957721710205,0.03083090332152297,0.0,0.18055083176514333,1.8363392209729563,,,,
91,0.001,adam,92,26.112316131591797,0.030665633592007198,0.0,0.1824035341533379,1.8547009751253862,,,,
92,0.001,adam,93,26.15836524963379,0.03052531558548053,0.0,0.1947838857875757,1.9783641734612374,,,,
93,0.001,adam,94,26.208872079849243,0.03043168650352346,0.0,0.18209674014458363,1.8513990879493598,,,,
94,0.001,adam,95,26.25797438621521,0.030413209871971075,0.0,0.17059676470895374,1.7363808569615085,,,,
95,0.001,adam,96,26.291501998901367,0.030597445716868475,0.0,0.19423188119151918,1.9729162576320602,,,,
96,0.001,adam,97,26.317457914352417,0.03076923174984139,0.0,0.19976501779503314,2.028419409700173,,,,
97,0.001,adam,98,26.354559659957886,0.030845374178958235,0.0,0.18379713299918995,1.8688167041708579,,,,
98,0.001,adam,99,26.398600101470947,0.03067585759357596,0.0,0.17755247795562495,1.8062006371498256,,,,
99,0.001,adam,100,26.44315004348755,0.03051727640604787,0.0,0.17896625430615756,1.8201798194676235,0.027521626736705575,0.0,0.17291225207700955,1.756644147506801
100,0.001,adam,101,26.503665685653687,0.030515468814943745,0.0,0.1738558045244985,1.7690735140599287,,,,
101,0.001,adam,102,26.55476713180542,0.030531774210695375,0.0,0.18276148482281068,1.8581466224388024,,,,
102,0.001,adam,103,26.595391988754272,0.030632671969750537,0.0,0.1661587206415875,1.6922198783856255,,,,
103,0.001,adam,104,26.635478258132935,0.030666189588964273,0.0,0.16718030395648548,1.7024692291538188,,,,
104,0.001,adam,105,26.670681715011597,0.03058175850385057,0.0,0.16496735720484343,1.680255330552285,,,,
105,0.001,adam,106,26.70583748817444,0.030345859318013216,0.0,0.17222827311895597,1.752628590507573,,,,
106,0.001,adam,107,26.734322786331177,0.030082594873872825,0.0,0.17960499655302983,1.8261325604041712,,,,
107,0.001,adam,108,26.767544507980347,0.029984542939028812,0.0,0.16600842139697372,1.690068756908766,,,,
108,0.001,adam,109,26.80159068107605,0.029912917750037384,0.0,0.17497410825302206,1.779654000280258,,,,
109,0.001,adam,110,26.838937282562256,0.029962846994240375,0.0,0.1793729592603281,1.8236924395975214,,,,
110,0.001,adam,111,26.8760244846344,0.030162797859798748,0.0,0.1715587830966776,1.7457506288265747,,,,
111,0.001,adam,112,26.907878875732422,0.030229200373764736,0.0,0.16622520857022544,1.692481286076019,,,,
112,0.001,adam,113,26.93954348564148,0.030122859025239986,0.0,0.17316973287067666,1.7618201877320068,,,,
113,0.001,adam,114,26.977603673934937,0.030148113719937527,0.0,0.20195689141797643,2.049717027899702,,,,
114,0.001,adam,115,27.012754678726196,0.030294554602264396,0.0,0.17453699261356329,1.7756644807378972,,,,
115,0.001,adam,116,27.048202753067017,0.030217705825938627,0.0,0.1669069678764831,1.6992873845907694,,,,
116,0.001,adam,117,27.08022451400757,0.03013022873696113,0.0,0.1627785574104096,1.6579158028410572,,,,
117,0.001,adam,118,27.117950439453125,0.029978915640166366,0.0,0.16066741538680507,1.636653069508217,,,,
118,0.001,adam,119,27.158295392990112,0.029774613810608128,0.0,0.1635348588274399,1.665123202085007,,,,
119,0.001,adam,120,27.21115493774414,0.029599773772290183,0.0,0.1717930625869331,1.7475303996416212,0.026375062407473313,0.0,0.15855096310827266,1.6118846934901998
120,0.001,adam,121,27.269994974136353,0.029578148924983748,0.0,0.176492131154532,1.7944994604703037,,,,
121,0.001,adam,122,27.31147050857544,0.029603827641613782,0.0,0.16984363115051138,1.7280401391467275,,,,
122,0.001,adam,123,27.33773398399353,0.029295707545340745,0.0,0.15098083657863876,1.5391040733317283,,,,
123,0.001,adam,124,27.37449073791504,0.028903990572594445,0.0,0.15865928179411007,1.6154968085136951,,,,
124,0.001,adam,125,27.41618585586548,0.028601017885691624,0.0,0.16314123128127841,1.660013330698476,,,,
125,0.001,adam,126,27.441624641418457,0.02841861841928096,0.0,0.17740372297412044,1.8024558481604853,,,,
126,0.001,adam,127,27.476684093475342,0.02852178869578513,0.0,0.1550961071488875,1.57948286018466,,,,
127,0.001,adam,128,27.513550758361816,0.02872355772993452,0.0,0.15900501256246605,1.618773683354595,,,,
128,0.001,adam,129,27.55118155479431,0.02839385875662531,0.0,0.17820699687545138,1.810463827511139,,,,
129,0.001,adam,130,27.581196308135986,0.028122901620823613,0.0,0.17748995315047572,1.8030224331255806,,,,
130,0.001,adam,131,27.616937398910522,0.028278264755459213,0.0,0.17178363562453872,1.7461146210008462,,,,
131,0.001,adam,132,27.658103942871094,0.0282398840654133,0.0,0.15024979542813677,1.530737838346781,,,,
132,0.001,adam,133,27.691535234451294,0.02807925952378355,0.0,0.15713785276370498,1.5994577871608333,,,,
133,0.001,adam,134,27.730713844299316,0.028135201016152963,0.0,0.1553964904936532,1.582100105952685,,,,
134,0.001,adam,135,27.769071340560913,0.027992769057460395,0.0,0.14944791388177991,1.5224719078752595,,,,
135,0.001,adam,136,27.804277181625366,0.027632255898335848,0.0,0.1700219431552436,1.7278516874507721,,,,
136,0.001,adam,137,27.8441801071167,0.027542362983679267,0.0,0.16806973431803243,1.7082397061640036,,,,
137,0.001,adam,138,27.871926307678223,0.0278257431685043,0.0,0.15571612954147693,1.5849870385832736,,,,
138,0.001,adam,139,27.919119596481323,0.02763907881673657,0.0,0.15430289273139225,1.5706680061306593,,,,
139,0.001,adam,140,27.95784568786621,0.02747873270150062,0.0,0.15761379285631905,1.6036166612646912,0.02402862784681868,0.0,0.15154865075842947,1.5395151354311134
140,0.001,adam,141,28.009915828704834,0.027475472477741788,0.0,0.17216950345743248,1.7491705070520664,,,,
141,0.001,adam,142,28.051191568374634,0.027043027455627578,0.0,0.1564421436222788,1.5914644636784154,,,,
142,0.001,adam,143,28.09777545928955,0.026863190600837937,0.0,0.1634442690463988,1.661305881064826,,,,
143,0.001,adam,144,28.1380558013916,0.027346077440720956,0.0,0.195419365235398,1.9815397297947008,,,,
144,0.001,adam,145,28.190011978149414,0.02713607800914218,0.0,0.14904981747713925,1.5176342527805347,,,,
145,0.001,adam,146,28.243640422821045,0.026653646547257496,0.0,0.15515154897973682,1.5781691363446257,,,,
146,0.001,adam,147,28.291555881500244,0.026341338475773926,0.0,0.15582051480674025,1.5845464865431764,,,,
147,0.001,adam,148,28.332818746566772,0.026203072370366134,0.0,0.1467500317358707,1.4937033897290732,,,,
148,0.001,adam,149,28.368266105651855,0.026477821024360332,0.0,0.14013053818450882,1.4277832028694486,,,,
149,0.001,adam,150,28.405155181884766,0.02643445813755726,0.0,0.1508436492604658,1.5348709507422154,,,,
150,0.001,adam,151,28.439201593399048,0.026144095199929045,0.0,0.15789533689901894,1.6050974641901183,,,,
151,0.001,adam,152,28.4737491607666,0.02585875287991928,0.0,0.15500698629092952,1.5759286157892145,,,,
152,0.001,adam,153,28.5223331451416,0.025503994451540918,0.0,0.14791570171381924,1.5046610115897334,,,,
153,0.001,adam,154,28.57674765586853,0.025582306140660562,0.0,0.1371899030133221,1.3974813362738816,,,,
154,0.001,adam,155,28.62138271331787,0.02559038117468815,0.0,0.12587436107740618,1.2843339919487502,,,,
155,0.001,adam,156,28.664462327957153,0.025472443436928772,0.0,0.13379973894531924,1.3634698328901211,,,,
156,0.001,adam,157,28.705775022506714,0.02532334099140353,0.0,0.1326691743085085,1.3520150840764884,,,,
157,0.001,adam,158,28.749300003051758,0.02531997911107339,0.0,0.14494133183206137,1.4747332974316871,,,,
158,0.001,adam,159,28.791856288909912,0.025199489756296104,0.0,0.13614563367824487,1.3866558265387448,,,,
159,0.001,adam,160,28.840632677078247,0.025086063349460543,0.0,0.13324376671814167,1.3575237305308772,0.02136708656900249,0.0,0.1302897870533059,1.3242649571020617
160,0.001,adam,161,28.894835710525513,0.024833731674537604,0.0,0.13803685510485236,1.405202282723061,,,,
161,0.001,adam,162,28.93714737892151,0.024411291093324405,0.0,0.14001627958254786,1.424574086918803,,,,
162,0.001,adam,163,28.983710289001465,0.0245733632320151,0.0,0.1452605563033119,1.477178926265134,,,,
163,0.001,adam,164,29.03197431564331,0.024684843893089406,0.0,0.1388776859255323,1.4134617031484122,,,,
164,0.001,adam,165,29.075866222381592,0.02476646301403702,0.0,0.13493545606604984,1.3741210236745354,,,,
165,0.001,adam,166,29.122395038604736,0.024582033851847353,0.0,0.1408750983651655,1.4333330175035026,,,,
166,0.001,adam,167,29.165518760681152,0.024236876116791577,0.0,0.1522145460288598,1.5463823364053895,,,,
167,0.001,adam,168,29.202383041381836,0.02428429715826243,0.0,0.1275238961472655,1.2995232586309176,,,,
168,0.001,adam,169,29.248021125793457,0.02422182412165471,0.0,0.13491889718285796,1.3734107959502344,,,,
169,0.001,adam,170,29.29151940345764,0.02390900349473776,0.0,0.13740437303120553,1.3979527338067932,,,,
170,0.001,adam,171,29.33740472793579,0.02389188616920003,0.0,0.12418725560272126,1.2657644421964127,,,,
171,0.001,adam,172,29.369492530822754,0.023920398028677847,0.0,0.1282778565640553,1.306698963669231,,,,
172,0.001,adam,173,29.41978406906128,0.023781956818460622,0.0,0.1486209637286226,1.5099915941046866,,,,
173,0.001,adam,174,29.447950839996338,0.023945149432622565,0.0,0.14761602888552397,1.5001054382878622,,,,
174,0.001,adam,175,29.490349054336548,0.023832862978702726,0.0,0.13288651806358429,1.3526980436145457,,,,
175,0.001,adam,176,29.5382821559906,0.023925672480153513,0.0,0.13529418914564176,1.376867563936571,,,,
176,0.001,adam,177,29.58410930633545,0.023644112851736135,0.0,0.12493395976703407,1.272983710522077,,,,
177,0.001,adam,178,29.618111848831177,0.023180396360006465,0.0,0.12503335648992447,1.2735139612592512,,,,
178,0.001,adam,179,29.661863327026367,0.022971375465862667,0.0,0.12481407600488743,1.271112135514737,,,,
179,0.001,adam,180,29.702271938323975,0.022826749980722042,0.0,0.12715861650848687,1.2944129150655905,0.019525553190068747,0.0,0.12869117536537333,1.306437306843802
180,0.001,adam,181,29.753137588500977,0.023026259678070427,0.0,0.13741285567585348,1.3971548164366052,,,,
181,0.001,adam,182,29.788195848464966,0.022745659934612084,0.0,0.13707200393776864,1.3934656993122985,,,,
182,0.001,adam,183,29.824564218521118,0.02249754011577186,0.0,0.12645938563177644,1.2870913964335362,,,,
183,0.001,adam,184,29.860636711120605,0.022289952212298424,0.0,0.12717757731813348,1.2940657253936332,,,,
184,0.001,adam,185,29.898838758468628,0.021987463500172617,0.0,0.1208903386008954,1.2308908495091266,,,,
185,0.001,adam,186,29.93683910369873,0.02210439872655266,0.0,0.13078413545401976,1.3299457532667502,,,,
186,0.001,adam,187,29.967935800552368,0.022183174995002317,0.0,0.13011155564710788,1.3232987314660811,,,,
187,0.001,adam,188,30.00401210784912,0.022310449599008915,0.0,0.12178986474552374,1.2402090970542463,,,,
188,0.001,adam,189,30.03858971595764,0.022109205337391483,0.0,0.13011058175609788,1.3232150228983703,,,,
189,0.001,adam,190,30.08236289024353,0.0217772026429164,0.0,0.11460915877518549,1.1678687903947713,,,,
190,0.001,adam,191,30.13246512413025,0.02164093901026802,0.0,0.14136351452605006,1.4352760842707688,,,,
191,0.001,adam,192,30.163454294204712,0.0218594897525832,0.0,0.11169275207121568,1.13878701046474,,,,
192,0.001,adam,193,30.199111223220825,0.022030338267099856,0.0,0.12240903424156344,1.2461206806827343,,,,
193,0.001,adam,194,30.24532461166382,0.0220905758970722,0.0,0.1246493803139864,1.2685843790369362,,,,
194,0.001,adam,195,30.289289474487305,0.021805566136007246,0.0,0.11562039072096753,1.1780094733456825,,,,
195,0.001,adam,196,30.330909967422485,0.021439876497298158,0.0,0.13544274979150295,1.3758673744123275,,,,
196,0.001,adam,197,30.361661672592163,0.02175912040953166,0.0,0.14712713459823953,1.4930304663919272,,,,
197,0.001,adam,198,30.39713954925537,0.02129529478479587,0.0,0.1372998722661809,1.394294017446605,,,,
198,0.001,adam,199,30.43046283721924,0.021583483248860693,0.0,0.13197683681391265,1.3413518513879872,,,,
199,0.001,adam,200,30.469767093658447,0.021433388288296912,0.0,0.12472829638089729,1.2687163520972697,0.018039171408675406,0.0,0.11698163682101019,1.1878555396187773
200,0.001,adam,201,30.535110473632812,0.021378993836175256,0.0,0.11529846261217432,1.1743636199579184,,,,
201,0.001,adam,202,30.576643705368042,0.021673064035442214,0.0,0.13730477453679285,1.3947208094033705,,,,
202,0.001,adam,203,30.620565176010132,0.02141665397487665,0.0,0.13102768933177872,1.3316935472926639,,,,
203,0.001,adam,204,30.6636004447937,0.021442031202940536,0.0,0.1264447086060508,1.2858891172634488,,,,
204,0.001,adam,205,30.704313278198242,0.02134425515536179,0.0,0.1254357537816986,1.2757017929723478,,,,
205,0.001,adam,206,30.742567539215088,0.02099133187913541,0.0,0.12851174259342774,1.3061087578134127,,,,
206,0.001,adam,207,30.802364349365234,0.02114477616713234,0.0,0.12330554413669018,1.254200217534034,,,,
207,0.001,adam,208,30.841453075408936,0.021193727963449375,0.0,0.11195021569088062,1.1406958848722555,,,,
208,0.001,adam,209,30.882309675216675,0.020986797311031626,0.0,0.16769685224538983,1.69795531976493,,,,
209,0.001,adam,210,30.929537057876587,0.021025789859763933,0.0,0.12060298026381866,1.2270555924979505,,,,
210,0.001,adam,211,30.970171451568604,0.020839221016857097,0.0,0.13953813507755858,1.416220571792443,,,,
211,0.001,adam,212,30.998449087142944,0.020370258597648266,0.0,0.11590139140124137,1.1793841726100618,,,,
212,0.001,adam,213,31.0374014377594,0.02031847225126881,0.0,0.12431118650654938,1.2634303373167626,,,,
213,0.001,adam,214,31.08696937561035,0.020396487222089036,0.0,0.12176740838605116,1.2380705710826005,,,,
214,0.001,adam,215,31.135470390319824,0.020333624003542192,0.0,0.10835449342776651,1.1038785582812072,,,,
215,0.001,adam,216,31.16916847229004,0.020426505608670393,0.0,0.12273067603593595,1.2477332659680298,,,,
216,0.001,adam,217,31.203035831451416,0.020220242008697695,0.0,0.12138476224016612,1.2340678644103589,,,,
217,0.001,adam,218,31.247682332992554,0.019940631159271603,0.0,0.11971965304160055,1.217137161575277,,,,
218,0.001,adam,219,31.29770302772522,0.01988124155815231,0.0,0.12114733479367967,1.2313545894949491,,,,
219,0.001,adam,220,31.342519521713257,0.01976402731404425,0.0,0.1041657955406727,1.0614219827207714,0.016642814485862037,0.0,0.10780427911551767,1.0946856056410388
220,0.001,adam,221,31.42402744293213,0.019754518325830663,0.0,0.11133628438040155,1.1331173621298463,,,,
221,0.001,adam,222,31.462146282196045,0.01994894157756869,0.0,0.12216111876143339,1.2415601291919025,,,,
222,0.001,adam,223,31.49572253227234,0.020014591874754347,0.0,0.11431322357764259,1.1631468276511803,,,,
223,0.001,adam,224,31.5272057056427,0.0200137187957483,0.0,0.12194056568870586,1.239419375682807,,,,
224,0.001,adam,225,31.564165115356445,0.020056318696890472,0.0,0.12926510621425807,1.3127073808394711,,,,
225,0.001,adam,226,31.601120233535767,0.019767870665576986,0.0,0.10793391663791482,1.0991070370447253,,,,
226,0.001,adam,227,31.639590740203857,0.01967651964766776,0.0,0.10728444594189046,1.0925209790665724,,,,
227,0.001,adam,228,31.67130994796753,0.019666626582189036,0.0,0.10860984154343134,1.1057650420165024,,,,
228,0.001,adam,229,31.707488536834717,0.019790345565205314,0.0,0.1295313047942989,1.3151033935081942,,,,
229,0.001,adam,230,31.764432191848755,0.019625980280814956,0.0,0.12349909715852085,1.2546169518660235,,,,
230,0.001,adam,231,31.80997347831726,0.01973619939124519,0.0,0.11219807374209308,1.141716936812176,,,,
231,0.001,adam,232,31.856475353240967,0.019689632220002473,0.0,0.1259003631151722,1.2786932633717243,,,,
232,0.001,adam,233,31.903144598007202,0.019430485486362722,0.0,0.119643364216071,1.2158641276470727,,,,
233,0.001,adam,234,31.947589874267578,0.019735262359827248,0.0,0.11392366283525776,1.158971890712405,,,,
234,0.001,adam,235,31.99117159843445,0.01969722029463154,0.0,0.10501887663274552,1.0698859866220867,,,,
235,0.001,adam,236,32.03420639038086,0.019607952606363797,0.0,0.1348684630090664,1.3682925826970278,,,,
236,0.001,adam,237,32.07119631767273,0.019758961911440404,0.0,0.12316242297358171,1.2513831916472575,,,,
237,0.001,adam,238,32.110382318496704,0.019539485054033776,0.0,0.09954111914459571,1.014950676499991,,,,
238,0.001,adam,239,32.144519090652466,0.01948271626762757,0.0,0.12006799961195705,1.220162712387198,,,,
239,0.001,adam,240,32.17251539230347,0.019775389363170415,0.0,0.12243506701250503,1.2441260594882209,0.016608595015377235,0.0,0.10284309178076599,1.045039512823037
240,0.001,adam,241,32.22236657142639,0.019649475020504098,0.0,0.10384451227786999,1.058094597799204,,,,
241,0.001,adam,242,32.25511074066162,0.019349912951418823,0.0,0.12679250554395743,1.287274968390993,,,,
242,0.001,adam,243,32.289886474609375,0.01934118524435006,0.0,0.15713497139637866,1.5906908992081368,,,,
243,0.001,adam,244,32.33395290374756,0.019327350288263042,0.0,0.10901755408554999,1.1095028911437628,,,,
244,0.001,adam,245,32.37447166442871,0.01913390745228651,0.0,0.12219847823616696,1.2411186898139561,,,,
245,0.001,adam,246,32.4178421497345,0.01914081256474918,0.0,0.0944694451462931,0.9638352640276802,,,,
246,0.001,adam,247,32.450743675231934,0.019010788050102333,0.0,0.11116499465746363,1.1306607346247386,,,,
247,0.001,adam,248,32.49056696891785,0.01889536924764651,0.0,0.11481124837197074,1.167007852967354,,,,
248,0.001,adam,249,32.5294303894043,0.01895918772924066,0.0,0.10880885614780196,1.1070477492072603,,,,
249,0.001,adam,250,32.57239627838135,0.019103893645425314,0.0,0.10735348049193476,1.092638698564773,,,,
250,0.001,adam,251,32.6151967048645,0.018947015224146838,0.0,0.09725188665123072,0.9914658817364541,,,,
251,0.001,adam,252,32.65463852882385,0.018702459678399126,0.0,0.11089433437326952,1.1276458034110943,,,,
252,0.001,adam,253,32.68837380409241,0.018637535683392537,0.0,0.11721508285879541,1.1907883642713466,,,,
253,0.001,adam,254,32.72747087478638,0.018656709615679522,0.0,0.10342368963087938,1.0528936059244733,,,,
254,0.001,adam,255,32.78199601173401,0.018899819738816763,0.0,0.10173499995767026,1.0362498193155194,,,,
255,0.001,adam,256,32.837347745895386,0.0191161123613529,0.0,0.1107668173493456,1.1267842858548087,,,,
256,0.001,adam,257,32.88570237159729,0.018903920513922073,0.0,0.14403687885774846,1.4592727090914066,,,,
257,0.001,adam,258,32.92879581451416,0.01871581470648738,0.0,0.11172101430276746,1.135925957734162,,,,
258,0.001,adam,259,32.97328567504883,0.018741925091564814,0.0,0.10878553259842794,1.1065972510758442,,,,
259,0.001,adam,260,33.008702516555786,0.018724807380155396,0.0,0.11504714114533307,1.1691962188334861,0.015939826466943835,0.0,0.09793134620149656,0.9952532884819094
260,0.001,adam,261,33.06617546081543,0.018909397777391104,0.0,0.10710598482293983,1.0899692460067893,,,,
261,0.001,adam,262,33.10842776298523,0.019055193637015185,0.0,0.10922255340987105,1.1112807277357257,,,,
262,0.001,adam,263,33.15821170806885,0.01882199947115997,0.0,0.10053058671153788,1.0241278665865388,,,,
263,0.001,adam,264,33.198365211486816,0.01857924568380313,0.0,0.1268704919949414,1.2872841656332172,,,,
264,0.001,adam,265,33.24327993392944,0.01851424800767024,0.0,0.1064570997893163,1.0830852459008333,,,,
265,0.001,adam,266,33.274197578430176,0.018676783946859378,0.0,0.11440374620545106,1.16271424600137,,,,
266,0.001,adam,267,33.30792832374573,0.018885263885443242,0.0,0.09493619124724076,0.9682471763578507,,,,
267,0.001,adam,268,33.337268352508545,0.018811940904073374,0.0,0.09877398731623294,1.0065518140664027,,,,
268,0.001,adam,269,33.37611150741577,0.018486298155811848,0.0,0.1015396925514505,1.0338832236703168,,,,
269,0.001,adam,270,33.41571497917175,0.01822912681182072,0.0,0.09330407121142889,0.9512698389261097,,,,
270,0.001,adam,271,33.46415376663208,0.018217100614443316,0.0,0.091968826969371,0.9379053703081535,,,,
271,0.001,adam,272,33.502315282821655,0.018385589935018914,0.0,0.09656313921977411,0.98401698213276,,,,
272,0.001,adam,273,33.55302596092224,0.01857021147544611,0.0,0.09187297267277632,0.9372999382032093,,,,
273,0.001,adam,274,33.584813356399536,0.018380064446826907,0.0,0.09592021490010884,0.9775822134479153,,,,
274,0.001,adam,275,33.62311625480652,0.01818652560785793,0.0,0.09939609026447253,1.0121474282525833,,,,
275,0.001,adam,276,33.658167600631714,0.01820141329695565,0.0,0.10653607075324775,1.0835621208294333,,,,
276,0.001,adam,277,33.6968469619751,0.01831857134232178,0.0,0.09804991216594017,0.9988176930017234,,,,
277,0.001,adam,278,33.73332691192627,0.01847352688801552,0.0,0.09782573776377719,0.9967309045257874,,,,
278,0.001,adam,279,33.77654838562012,0.018458907987786075,0.0,0.10314667478281118,1.049925655815898,,,,
279,0.001,adam,280,33.829073905944824,0.01814549994795239,0.0,0.0907250155461828,0.9253956554097803,0.015187994049917606,0.0,0.09161439147704863,0.9313319088204038
280,0.001,adam,281,33.89467811584473,0.01807122254997625,0.0,0.10122808675149467,1.0303520900649228,,,,
281,0.001,adam,282,33.94187521934509,0.0182731124455187,0.0,0.08650641068513772,0.8833372192968958,,,,
282,0.001,adam,283,33.99020314216614,0.018491900146546402,0.0,0.11993455164132882,1.2178374165598347,,,,
283,0.001,adam,284,34.02979898452759,0.018447680174951943,0.0,0.09443425520051024,0.9627902321800543,,,,
284,0.001,adam,285,34.066036224365234,0.018018913532542053,0.0,0.09726248752567454,0.9906437887892875,,,,
285,0.001,adam,286,34.10158634185791,0.01784273066944386,0.0,0.1112576550475525,1.1304192811449687,,,,
286,0.001,adam,287,34.13881826400757,0.01791253816469311,0.0,0.08943625052676143,0.9122750434323074,,,,
287,0.001,adam,288,34.17397427558899,0.018123270748418453,0.0,0.09308289811380624,0.9489522518864808,,,,
288,0.001,adam,289,34.20302939414978,0.01814293984630973,0.0,0.09841843817102529,1.0023273215565627,,,,
289,0.001,adam,290,34.24356293678284,0.017983867514763306,0.0,0.08858528174776983,0.9038366849924616,,,,
290,0.001,adam,291,34.2792592048645,0.017918955710790163,0.0,0.10348757938907664,1.0527947496015566,,,,
291,0.001,adam,292,34.31605887413025,0.01794394406402456,0.0,0.08977492253453942,0.9156931694094188,,,,
292,0.001,adam,293,34.3634991645813,0.018239730631657135,0.0,0.09586129458550036,0.9768526764866607,,,,
293,0.001,adam,294,34.40106511116028,0.018348618695754,0.0,0.09275705892517908,0.9459192079475447,,,,
294,0.001,adam,295,34.43267798423767,0.018415702386002642,0.0,0.09693032738610655,0.9877189762470681,,,,
295,0.001,adam,296,34.469499588012695,0.018080087954636097,0.0,0.08700732360877456,0.8881533240423817,,,,
296,0.001,adam,297,34.51174974441528,0.017916810141726008,0.0,0.0937626768413167,0.9555435785548929,,,,
297,0.001,adam,298,34.55790710449219,0.018164902400385114,0.0,0.09039852812279683,0.9221501836283534,,,,
298,0.001,adam,299,34.60218691825867,0.01825954560321725,0.0,0.09744920319556066,0.9927515775588239,,,,
299,0.001,adam,300,34.66080164909363,0.01829191219124489,0.0,0.08994517915540515,0.9177437037452963,0.015153036692511218,0.0,0.08722104118224651,0.8873634485149763
300,0.001,adam,301,34.713468074798584,0.01801683389220987,0.0,0.09409649285851214,0.9589817624773312,,,,
301,0.001,adam,302,34.756163120269775,0.017914459450707982,0.0,0.1331622613840012,1.34953707329072,,,,
302,0.001,adam,303,34.7951557636261,0.018148190896141093,0.0,0.08735618493408716,0.8917100402370126,,,,
303,0.001,adam,304,34.82998275756836,0.018189752044422552,0.0,0.0942709568458409,0.9608993205028316,,,,
304,0.001,adam,305,34.86359429359436,0.018106125878646195,0.0,0.08887438304644159,0.9068499563430621,,,,
305,0.001,adam,306,34.89722204208374,0.017831221190051594,0.0,0.10075582296724499,1.0253894508625014,,,,
306,0.001,adam,307,34.92746663093567,0.017812272984814755,0.0,0.09426578709369053,0.9604701439217201,,,,
307,0.001,adam,308,34.96473956108093,0.017902982202351137,0.0,0.09598168636928575,0.9777198458952086,,,,
308,0.001,adam,309,35.01216721534729,0.018175921720633887,0.0,0.09022095224679545,0.9203854441885884,,,,
309,0.001,adam,310,35.05019497871399,0.01807985807630338,0.0,0.08362618624297838,0.8543417205060871,,,,
310,0.001,adam,311,35.09604001045227,0.017859542227443154,0.0,0.08892695910787111,0.9071291333061543,,,,
311,0.001,adam,312,35.13159251213074,0.017728978913800108,0.0,0.08518529271517158,0.869581906065516,,,,
312,0.001,adam,313,35.17082738876343,0.01761451867506866,0.0,0.08725840598077536,0.8901985784828224,,,,
313,0.001,adam,314,35.22549366950989,0.01769274533376953,0.0,0.09454723660279571,0.9631651113617267,,,,
314,0.001,adam,315,35.27219867706299,0.017606639718904984,0.0,0.0865631084035402,0.883237723754307,,,,
315,0.001,adam,316,35.305020332336426,0.017518173542565962,0.0,0.08519248555740432,0.8694430291166091,,,,
316,0.001,adam,317,35.34723663330078,0.017329662384316175,0.0,0.08722007502166941,0.8895304126010103,,,,
317,0.001,adam,318,35.407427072525024,0.017321628683566234,0.0,0.08961226528197291,0.9134442815032954,,,,
318,0.001,adam,319,35.44682598114014,0.017309212403670098,0.0,0.08906952603223214,0.9080044727259916,,,,
319,0.001,adam,320,35.495323181152344,0.017393219237538952,0.0,0.10337299004260994,1.0511231196636384,0.014470578804107105,0.0,0.10934562254409341,1.1079268042450412
320,0.001,adam,321,35.546010971069336,0.017219822760149932,0.0,0.11875854690546257,1.2048052918147756,,,,
321,0.001,adam,322,35.60668063163757,0.01738531339251619,0.0,0.1250699451097213,1.268084764489729,,,,
322,0.001,adam,323,35.6475567817688,0.017285277996436643,0.0,0.1208925096535172,1.2262103745316084,,,,
323,0.001,adam,324,35.69707679748535,0.017468473724214447,0.0,0.09869629503910402,1.0044314241152545,,,,
324,0.001,adam,325,35.73781871795654,0.01733938900583226,0.0,0.0843306399861867,0.8606457888676993,,,,
325,0.001,adam,326,35.77094101905823,0.017290392214696193,0.0,0.08747511714317172,0.8920415636464133,,,,
326,0.001,adam,327,35.810626745224,0.017456513954472917,0.0,0.09812423822778918,0.9986988962323646,,,,
327,0.001,adam,328,35.8539764881134,0.017540212612678432,0.0,0.08252266414188761,0.8427668540315545,,,,
328,0.001,adam,329,35.901288747787476,0.017591966944880716,0.0,0.0909165640757724,0.9267576077026047,,,,
329,0.001,adam,330,35.9319748878479,0.01761902808488395,0.0,0.12754474367591936,1.2930664648440777,,,,
330,0.001,adam,331,35.9777889251709,0.017504821551961383,0.0,0.08694198794839211,0.8869247010358826,,,,
331,0.001,adam,332,36.024539947509766,0.01751330418403162,0.0,0.09612854001192589,0.9787987043032905,,,,
332,0.001,adam,333,36.06969690322876,0.017552868792530325,0.0,0.09120708072885393,0.9296236760810697,,,,
333,0.001,adam,334,36.10911464691162,0.017416560720374247,0.0,0.08585573502292351,0.8759739109496094,,,,
334,0.001,adam,335,36.142481088638306,0.01725649339511425,0.0,0.08567919898673398,0.8740484832624541,,,,
335,0.001,adam,336,36.18133616447449,0.01718798573953826,0.0,0.08817549461855886,0.898942931925127,,,,
336,0.001,adam,337,36.224164962768555,0.017222286722967068,0.0,0.0836644353517096,0.8538666402400631,,,,
337,0.001,adam,338,36.26415991783142,0.017400704821030438,0.0,0.08542166085877603,0.8716173134087907,,,,
338,0.001,adam,339,36.30048632621765,0.0173804274664294,0.0,0.0832316338007232,0.8496967654736614,,,,
339,0.001,adam,340,36.33990454673767,0.017023695151985332,0.0,0.08949843853340914,0.9120080804860766,0.014180077316685481,0.0,0.08005042036099376,0.814684280926623
340,0.001,adam,341,36.404850244522095,0.01686770187180729,0.0,0.10192248514376372,1.0360925533094445,,,,
341,0.001,adam,342,36.448668479919434,0.016932940004450517,0.0,0.0828521371614529,0.8454543116189795,,,,
342,0.001,adam,343,36.49354910850525,0.017109926612843357,0.0,0.08755230207843606,0.892632947397204,,,,
343,0.001,adam,344,36.535828590393066,0.017184191962657594,0.0,0.07793672730951087,0.7965514650577663,,,,
344,0.001,adam,345,36.57722449302673,0.017132147150256405,0.0,0.0916550594390095,0.9336827415403515,,,,
345,0.001,adam,346,36.61628842353821,0.01717752853845178,0.0,0.08145801433873476,0.8317576719257994,,,,
346,0.001,adam,347,36.64909482002258,0.017295081727461907,0.0,0.08102274654796748,0.8275225472071367,,,,
347,0.001,adam,348,36.6834511756897,0.017411159304383774,0.0,0.08115498556738128,0.8289610149781965,,,,
348,0.001,adam,349,36.715442419052124,0.017390034304808566,0.0,0.07492758956117487,0.7666659299165572,,,,
349,0.001,adam,350,36.74677324295044,0.017284913813878016,0.0,0.08956040565236284,0.9128889703375064,,,,
350,0.001,adam,351,36.78835391998291,0.01723143236956929,0.0,0.07545390946741717,0.7717705270437409,,,,
351,0.001,adam,352,36.83087348937988,0.017317760874493777,0.0,0.08775640593745795,0.8948818202490733,,,,
352,0.001,adam,353,36.861342430114746,0.017396351150928344,0.0,0.07593315567473971,0.7767279078983254,,,,
353,0.001,adam,354,36.90274715423584,0.017380630698853792,0.0,0.07964615961083416,0.8138422268071953,,,,
354,0.001,adam,355,36.94137740135193,0.01723591458126315,0.0,0.0766458935343762,0.7836948499250252,,,,
355,0.001,adam,356,36.98794865608215,0.01718411649408559,0.0,0.09013077051555564,0.9184918216496419,,,,
356,0.001,adam,357,37.02368402481079,0.017274833179351478,0.0,0.08457620177244965,0.863036850903848,,,,
357,0.001,adam,358,37.07437992095947,0.01728682664006117,0.0,0.08257815916520937,0.843068418292155,,,,
358,0.001,adam,359,37.10903000831604,0.01709190223944186,0.0,0.07757274951012787,0.7928193973407206,,,,
359,0.001,adam,360,37.14197540283203,0.016982666226536092,0.0,0.07658068177579298,0.7827894839844659,0.014357744737339919,0.0,0.07473935455117729,0.7617512902491129
360,0.001,adam,361,37.195624351501465,0.017016192632525632,0.0,0.0736760763029493,0.7537769556620186,,,,
361,0.001,adam,362,37.244685649871826,0.01716441469025603,0.0,0.07870695470137787,0.8042339617040347,,,,
362,0.001,adam,363,37.29529333114624,0.017243932624954248,0.0,0.07547368656208078,0.771980798245762,,,,
363,0.001,adam,364,37.335758447647095,0.017148314925829893,0.0,0.07635022036356329,0.7806505185614628,,,,
364,0.001,adam,365,37.37719964981079,0.017000622788475892,0.0,0.07920428825973864,0.8090435053858623,,,,
365,0.001,adam,366,37.41506552696228,0.016958222839797518,0.0,0.0782424663766379,0.7993828866061765,,,,
366,0.001,adam,367,37.45358324050903,0.01701329867193516,0.0,0.08018501709763308,0.818863469648266,,,,
367,0.001,adam,368,37.482415199279785,0.017187459080241677,0.0,0.4933643067236947,4.950830526317189,,,,
368,0.001,adam,369,37.523430824279785,0.017231216316359377,0.0,0.08552749610500385,0.8725061773663979,,,,
369,0.001,adam,370,37.5573992729187,0.01709137241077739,0.0,0.0761255992338439,0.7783473647492164,,,,
370,0.001,adam,371,37.592573404312134,0.01708145791091407,0.0,0.08173107625796357,0.8343922204905497,,,,
371,0.001,adam,372,37.6242995262146,0.017094173611978163,0.0,0.08069611929174869,0.8240553665294651,,,,
372,0.001,adam,373,37.66794753074646,0.017234864384524574,0.0,0.08754643268385354,0.89269919122306,,,,
373,0.001,adam,374,37.699503898620605,0.017164294002194675,0.0,0.08328157255223687,0.8499800195245634,,,,
374,0.001,adam,375,37.73800492286682,0.016993267345932664,0.0,0.07071547826989358,0.7241480500448684,,,,
375,0.001,adam,376,37.78585863113403,0.01682247613519938,0.0,0.08053100281788617,0.822132504314061,,,,
376,0.001,adam,377,37.82869815826416,0.016823962808025443,0.0,0.07559693155754625,0.772793278383488,,,,
377,0.001,adam,378,37.86031365394592,0.01690017810065604,0.0,0.07150260566102762,0.7319262347109322,,,,
378,0.001,adam,379,37.895272731781006,0.016820614969329205,0.0,0.08827188600379039,0.8995394750072331,,,,
379,0.001,adam,380,37.93720364570618,0.016766716697193863,0.0,0.07191957602011467,0.7359624768983406,0.014275268907748715,0.0,0.07347801693662306,0.7490554382739792
380,0.001,adam,381,37.98342275619507,0.016932551239091702,0.0,0.07821636207093101,0.7990961719484018,,,,
381,0.001,adam,382,38.028170585632324,0.01701937233005585,0.0,0.08164625179162646,0.8334818902463204,,,,
382,0.001,adam,383,38.07415580749512,0.01701941395003979,0.0,0.07893128151926657,0.8063322291427054,,,,
383,0.001,adam,384,38.11458873748779,0.016839983583709903,0.0,0.07199574749279913,0.7367974585117012,,,,
384,0.001,adam,385,38.14814233779907,0.01685451040331486,0.0,0.07881959421505584,0.8050504525538733,,,,
385,0.001,adam,386,38.17779302597046,0.017005828436562898,0.0,0.08447732450144826,0.8617790734510455,,,,
386,0.001,adam,387,38.21903324127197,0.01718444916599311,0.0,0.08536108438835735,0.8707952930495666,,,,
387,0.001,adam,388,38.26208758354187,0.017023134132965103,0.0,0.09047453409176731,0.9217684750506382,,,,
388,0.001,adam,389,38.30570697784424,0.01693762225664496,0.0,0.07316920145871428,0.7486296368437878,,,,
389,0.001,adam,390,38.344239950180054,0.016998411091016685,0.0,0.07013747884550141,0.7183731995460307,,,,
390,0.001,adam,391,38.38095760345459,0.017195768878103816,0.0,0.0756756589420442,0.7739523582985458,,,,
391,0.001,adam,392,38.423076152801514,0.017247110256481422,0.0,0.07393069477374227,0.7565540579939041,,,,
392,0.001,adam,393,38.4601469039917,0.017007959457894226,0.0,0.07894200683222705,0.8064280277801648,,,,
393,0.001,adam,394,38.50989532470703,0.016956441061680077,0.0,0.08697738494872978,0.8867302905489778,,,,
394,0.001,adam,395,38.55705976486206,0.01703236801446357,0.0,0.08456630065357248,0.8626953745501885,,,,
395,0.001,adam,396,38.59124541282654,0.01730915135781781,0.0,0.09581405142261323,0.9754496655839502,,,,
396,0.001,adam,397,38.63436484336853,0.01723140501608799,0.0,0.0891329665304911,0.908561070320999,,,,
397,0.001,adam,398,38.67381954193115,0.0171243248328731,0.0,0.07137445333681633,0.7308688582010364,,,,
398,0.001,adam,399,38.72611594200134,0.017066398409612007,0.0,0.08072230795487843,0.8242894779583964,,,,
399,0.001,adam,400,38.76506590843201,0.017078525284500382,0.0,0.07816666487998966,0.798745174084397,0.014557963840388152,0.0,0.07799507158227074,0.7945086796630956
400,0.001,adam,401,38.81335663795471,0.017167408969554925,0.0,0.08239292959162181,0.841096704885773,,,,
401,0.001,adam,402,38.84449887275696,0.017148020341501338,0.0,0.07345511545105946,0.7516991748520958,,,,
402,0.001,adam,403,38.895477533340454,0.017107185488872658,0.0,0.08090642643358581,0.8261714498247308,,,,
403,0.001,adam,404,38.9357545375824,0.017075613721697226,0.0,0.07933963463459527,0.8104719600676499,,,,
404,0.001,adam,405,38.97073769569397,0.016990802515134157,0.0,0.07469120860965375,0.7639028886116717,,,,
405,0.001,adam,406,39.02133917808533,0.016953062976340097,0.0,0.061669162550739585,0.633644688483736,,,,
406,0.001,adam,407,39.0641884803772,0.017004331904138366,0.0,0.07967042053261612,0.8137085372302997,,,,
407,0.001,adam,408,39.11626577377319,0.016904350440271228,0.0,0.06965804396816196,0.7134847901218908,,,,
408,0.001,adam,409,39.1622838973999,0.01684692614353133,0.0,0.0736734669152854,0.7535815952963854,,,,
409,0.001,adam,410,39.23316717147827,0.016777982496442644,0.0,0.06057057137530937,0.6224836962495364,,,,
410,0.001,adam,411,39.269962787628174,0.01670526876949631,0.0,0.08120087625999006,0.8287140313693969,,,,
411,0.001,adam,412,39.30007791519165,0.01670889534219181,0.0,0.07805092489473961,0.7972181442895879,,,,
412,0.001,adam,413,39.33303666114807,0.016781314139659262,0.0,0.08040585321718297,0.8208398463114889,,,,
413,0.001,adam,414,39.37763953208923,0.01676149250814525,0.0,0.07471992008657821,0.7639606933739275,,,,
414,0.001,adam,415,39.43641972541809,0.0167449241412581,0.0,0.07433813660631701,0.7601262902044281,,,,
415,0.001,adam,416,39.485403060913086,0.016750775546750037,0.0,0.10037649981786374,1.0205157737253874,,,,
416,0.001,adam,417,39.52231740951538,0.016707162798066246,0.0,0.0790286516219693,0.8069936790177593,,,,
417,0.001,adam,418,39.559529066085815,0.016609457970939802,0.0,0.08030534067765879,0.8196628647475278,,,,
418,0.001,adam,419,39.60370111465454,0.016660279233246665,0.0,0.08510854290782874,0.8677457083115341,,,,
419,0.001,adam,420,39.638206243515015,0.01674871109026211,0.0,0.0855185274911641,0.8719339860019032,0.01427083214800557,0.0,0.06335226636451263,0.647793495793132
420,0.001,adam,421,39.694069147109985,0.016830555034791476,0.0,0.07594124864243194,0.7762430414591109,,,,
421,0.001,adam,422,39.734885931015015,0.01683865685165806,0.0,0.0740722650928568,0.7575613077802261,,,,
422,0.001,adam,423,39.77367281913757,0.016823073054931328,0.0,0.07770866654165946,0.793909738471526,,,,
423,0.001,adam,424,39.814228534698486,0.016869632020332113,0.0,0.10792120397110741,1.0960816717314061,,,,
424,0.001,adam,425,39.85639548301697,0.016967500436998635,0.0,0.07091164541267878,0.7260839545637865,,,,
425,0.001,adam,426,39.900400161743164,0.01700200079220092,0.0,0.07515359290423769,0.7685379298345778,,,,
426,0.001,adam,427,39.943543434143066,0.016947339736627327,0.0,0.06442893912612374,0.6612367309978647,,,,
427,0.001,adam,428,39.98876595497131,0.016819781392174427,0.0,0.0646683715051886,0.6635034964440605,,,,
428,0.001,adam,429,40.03412461280823,0.01677991054623883,0.0,0.0644618793464649,0.6613987040108879,,,,
429,0.001,adam,430,40.06899881362915,0.016822210992555618,0.0,0.07387067149802953,0.7555289259728509,,,,
430,0.001,adam,431,40.1052827835083,0.016664571892361788,0.0,0.07404803898096761,0.7571449617020379,,,,
431,0.001,adam,432,40.170490980148315,0.016651378254821533,0.0,0.06384424057698368,0.6550937840246583,,,,
432,0.001,adam,433,40.218974590301514,0.016805324651854504,0.0,0.07302069659382705,0.747012290590125,,,,
433,0.001,adam,434,40.26273512840271,0.01682320426810808,0.0,0.06579794910624312,0.6748026953305394,,,,
434,0.001,adam,435,40.30380845069885,0.01677098003863518,0.0,0.06598968067691657,0.6766677868078009,,,,
435,0.001,adam,436,40.331626176834106,0.016714313483542544,0.0,0.07297636965539209,0.7464780100374635,,,,
436,0.001,adam,437,40.37486720085144,0.01657196446007546,0.0,0.06833285683757225,0.6999005328357979,,,,
437,0.001,adam,438,40.41941261291504,0.016640146146919194,0.0,0.07233355852859776,0.7399757314328967,,,,
438,0.001,adam,439,40.459537982940674,0.016801949017127414,0.0,0.07539277389361262,0.7707296879532537,,,,
439,0.001,adam,440,40.509419679641724,0.01684006753424619,0.0,0.06834968235153471,0.7003368910495933,0.014224869103975954,0.0,0.06154822729741095,0.6297071420780854
440,0.001,adam,441,40.55889916419983,0.016758282741823637,0.0,0.06113164854003102,0.6280747681421338,,,,
441,0.001,adam,442,40.60954236984253,0.016690920842085323,0.0,0.06947462296327331,0.7114371504748185,,,,
442,0.001,adam,443,40.65150213241577,0.016678509905796654,0.0,0.06231063389856604,0.639784848891457,,,,
443,0.001,adam,444,40.696770906448364,0.01666635627337202,0.0,0.06267717454835461,0.6434381017569182,,,,
444,0.001,adam,445,40.7337806224823,0.016688410046667098,0.0,0.06159224345688077,0.6326108446154748,,,,
445,0.001,adam,446,40.775208950042725,0.016683222703704242,0.0,0.05342412766393945,0.5509244993430987,,,,
446,0.001,adam,447,40.82669019699097,0.01662227879786448,0.0,0.05341978448504461,0.5508201236483106,,,,
447,0.001,adam,448,40.861557483673096,0.016544097343908805,0.0,0.06437444532258574,0.6602885505697662,,,,
448,0.001,adam,449,40.91386890411377,0.01655679317594049,0.0,0.05399541231034022,0.5565109162793427,,,,
449,0.001,adam,450,40.96061444282532,0.016564785575744343,0.0,0.06784984600655912,0.6950632456413356,,,,
450,0.001,adam,451,41.00036025047302,0.016570023022855516,0.0,0.06330153553131639,0.6495853783360194,,,,
451,0.001,adam,452,41.040148973464966,0.016587482734386465,0.0,0.06462994292635676,0.6628869119979541,,,,
452,0.001,adam,453,41.07648158073425,0.016628761867274622,0.0,0.05767800261919272,0.5934087880592017,,,,
453,0.001,adam,454,41.11740851402283,0.016684168442739903,0.0,0.05564559026318701,0.57314007107461,,,,
454,0.001,adam,455,41.15629959106445,0.016743117214848245,0.0,0.0602594057929239,0.6193371751440873,,,,
455,0.001,adam,456,41.19135904312134,0.0167979519384872,0.0,0.44420312589224664,4.458829210860954,,,,
456,0.001,adam,457,41.23142862319946,0.016760654073580173,0.0,0.05933684110009232,0.6101290650745034,,,,
457,0.001,adam,458,41.266058683395386,0.016745200614646183,0.0,0.062008009004643774,0.6368252906610838,,,,
458,0.001,adam,459,41.308326959609985,0.016741402851247568,0.0,0.06124680961911553,0.6292094990424029,,,,
459,0.001,adam,460,41.34607243537903,0.016882333535000998,0.0,0.05650712543382954,0.5819535878732964,0.014540932868337183,0.0,0.05799984329239924,0.5945393657923296
460,0.001,adam,461,41.40660119056702,0.017019811844644062,0.0,0.05422508265810283,0.5592706384256724,,,,
461,0.001,adam,462,41.44464445114136,0.016834423585481012,0.0,0.054661152399745595,0.563445947582937,,,,
462,0.001,adam,463,41.47917079925537,0.016677112329356272,0.0,0.04897272851787374,0.5064043975080936,,,,
463,0.001,adam,464,41.51099133491516,0.016664709118374806,0.0,0.0590154209815966,0.6068189189343408,,,,
464,0.001,adam,465,41.54657602310181,0.016680441987987977,0.0,0.0684212638558207,0.700893080546195,,,,
465,0.001,adam,466,41.57863402366638,0.016766921143358617,0.0,0.07717180143707421,0.7884849355141007,,,,
466,0.001,adam,467,41.61124086380005,0.016579492693246514,0.0,0.05705024906804442,0.5870819833736908,,,,
467,0.001,adam,468,41.644917249679565,0.016473136407394628,0.0,0.05619503118392337,0.5784234482466284,,,,
468,0.001,adam,469,41.68039846420288,0.016577200342745152,0.0,0.05584534074490573,0.5750306077918024,,,,
469,0.001,adam,470,41.71935033798218,0.016628563110644222,0.0,0.06045192667584772,0.6211478298691214,,,,
470,0.001,adam,471,41.75167155265808,0.016751487766327244,0.0,0.05439245264176936,0.5606760141840209,,,,
471,0.001,adam,472,41.7927610874176,0.01681985332074816,0.0,0.04677536752762669,0.484573528597015,,,,
472,0.001,adam,473,41.83416152000427,0.01684594188557793,0.0,0.06318291285542942,0.6486750704398722,,,,
473,0.001,adam,474,41.87675619125366,0.016849867317142643,0.0,0.05233020073974951,0.5401518747146378,,,,
474,0.001,adam,475,41.91648197174072,0.01682821775713879,0.0,0.052049937570804006,0.5373275934651789,,,,
475,0.001,adam,476,41.953367948532104,0.01680117974208495,0.0,0.06111159304435192,0.6279171101856041,,,,
476,0.001,adam,477,41.9887490272522,0.016841748305795837,0.0,0.06259750141822155,0.6428167624880115,,,,
477,0.001,adam,478,42.03397250175476,0.01679886576338081,0.0,0.04647935496800692,0.48159241544345,,,,
478,0.001,adam,479,42.06412720680237,0.01676650261499681,0.0,0.04960641754803906,0.5128306780953874,,,,
479,0.001,adam,480,42.09958505630493,0.016712052026679386,0.0,0.053103179524169784,0.5477438472683772,0.014247949302790703,0.0,0.053044267169887825,0.544690621001669
480,0.001,adam,481,42.14744448661804,0.016677074720146453,0.0,0.06244336517237732,0.6411107264439196,,,,
481,0.001,adam,482,42.19634747505188,0.01671514545835514,0.0,0.055132467507383064,0.5680398205321858,,,,
482,0.001,adam,483,42.238879680633545,0.016755745608966446,0.0,0.04736210034271834,0.4903767490361498,,,,
483,0.001,adam,484,42.2787709236145,0.016816885580452134,0.0,0.07768576241817196,0.7936745097621717,,,,
484,0.001,adam,485,42.316415309906006,0.016782021336262862,0.0,0.05829383058754343,0.5997203272116971,,,,
485,0.001,adam,486,42.34802007675171,0.016715118428701062,0.0,0.06182059704666394,0.6349210888953405,,,,
486,0.001,adam,487,42.38664770126343,0.01668844460174036,0.0,0.06075920555520409,0.6242805001537812,,,,
487,0.001,adam,488,42.42361783981323,0.016677101400054538,0.0,0.05927027199052576,0.6093798213053121,,,,
488,0.001,adam,489,42.456000328063965,0.01668118982770407,0.0,0.05470896507233554,0.5637708405510594,,,,
489,0.001,adam,490,42.48514676094055,0.016702717183563216,0.0,0.057006289563252724,0.5867656128160904,,,,
490,0.001,adam,491,42.525357246398926,0.016712224966176116,0.0,0.04315769722443914,0.44828919721056754,,,,
491,0.001,adam,492,42.565314531326294,0.016716703885916645,0.0,0.05129688643330221,0.5296855682189388,,,,
492,0.001,adam,493,42.602612018585205,0.01673799243118654,0.0,0.059803952629934654,0.6147775187305331,,,,
493,0.001,adam,494,42.63552641868591,0.01673885856896621,0.0,0.04860338868043551,0.5027727453733213,,,,
494,0.001,adam,495,42.665613412857056,0.016737559491631207,0.0,0.05755308203288144,0.5922683798204457,,,,
495,0.001,adam,496,42.700000286102295,0.016704680165344203,0.0,0.06736861604859135,0.6903908406512577,,,,
496,0.001,adam,497,42.74309015274048,0.016752395509036025,0.0,0.06497865954859375,0.6665389909949735,,,,
497,0.001,adam,498,42.78537654876709,0.016767467797034603,0.0,0.06106487046140361,0.6274161724110707,,,,
498,0.001,adam,499,42.827956676483154,0.016753965677236676,0.0,0.05368426320199267,0.5535965976971633,,,,
499,0.001,adam,500,42.870431423187256,0.016770144389258453,0.0,0.058950705702647,0.6062772014157285,0.014395340339789342,0.0,0.05662305376580354,0.5806258779978248
500,0.001,adam,501,42.92190217971802,0.01678171563439781,0.0,0.05335655024840148,0.5503472181184126,,,,
501,0.001,adam,502,42.95734214782715,0.01688187975644993,0.0,0.054629439627945454,0.5631762760359045,,,,
502,0.001,adam,503,42.98759579658508,0.01699488216708612,0.0,0.05426031842743251,0.5595980664414112,,,,
503,0.001,adam,504,43.02610206604004,0.016986488063781825,0.0,0.05738689739559325,0.5908554620197143,,,,
504,0.001,adam,505,43.06955289840698,0.016816875508727635,0.0,0.04928708714860711,0.5096877469947988,,,,
505,0.001,adam,506,43.099302530288696,0.016768868634875343,0.0,0.0497419179979092,0.5141880486139674,,,,
506,0.001,adam,507,43.13385009765625,0.016796092756054686,0.0,0.050974186565614824,0.5265379584122029,,,,
507,0.001,adam,508,43.17118191719055,0.01687271043948466,0.0,0.05210241047131796,0.5378968151526643,,,,
508,0.001,adam,509,43.22351145744324,0.016822474745728386,0.0,0.04914926719555071,0.5083151467012355,,,,
509,0.001,adam,510,43.252768754959106,0.01675709654442084,0.0,0.05272689744338466,0.5440260709782674,,,,
510,0.001,adam,511,43.287882804870605,0.01675401806390202,0.0,0.046003973244746345,0.47679375051136547,,,,
511,0.001,adam,512,43.32154846191406,0.01679822793141758,0.0,0.04819773496035561,0.4987755775349737,,,,
512,0.001,adam,513,43.35389471054077,0.016819334918767553,0.0,0.05806226634082615,0.597441998327029,,,,
513,0.001,adam,514,43.39273405075073,0.016735802499698072,0.0,0.05963941874395632,0.6131299899392613,,,,
514,0.001,adam,515,43.43061399459839,0.01671887236525799,0.0,0.045227063126433834,0.4689895036295963,,,,
515,0.001,adam,516,43.474055767059326,0.01685390337870169,0.0,0.06944352316263513,0.7112891350050531,,,,
516,0.001,adam,517,43.51860499382019,0.01700228058557348,0.0,0.0540348851738228,0.5573511323238015,,,,
517,0.001,adam,518,43.56105399131775,0.017047451174953966,0.0,0.049621570909008754,0.5132631602650415,,,,
518,0.001,adam,519,43.60134291648865,0.01687922140183651,0.0,0.05212623418393758,0.5381415632412123,,,,
519,0.001,adam,520,43.63023018836975,0.016843589325805965,0.0,0.06165783234659983,0.6334219127918043,0.014559452467948125,0.0,0.0510062024619434,0.5246214770873822
520,0.001,adam,521,43.68489050865173,0.016943520975573244,0.0,0.05189352055567069,0.5358787265322802,,,,
521,0.001,adam,522,43.711596727371216,0.017108578790782626,0.0,0.05294747381470448,0.5465833169378275,,,,
522,0.001,adam,523,43.749743700027466,0.01713130622794126,0.0,0.3972849659635257,3.989980965863198,,,,
523,0.001,adam,524,43.7873854637146,0.016977274494737186,0.0,0.05199319703754372,0.5369092448701744,,,,
524,0.001,adam,525,43.83087778091431,0.016919096850296234,0.0,0.057003208248143686,0.5869511793317331,,,,
525,0.001,adam,526,43.85959601402283,0.01692173857298053,0.0,0.05187747365492786,0.5356964751222592,,,,
526,0.001,adam,527,43.89191269874573,0.017122871520390784,0.0,0.04830349818645764,0.5001578533849672,,,,
527,0.001,adam,528,43.93496513366699,0.017296867343062905,0.0,0.08437438156281013,0.8610406829711642,,,,
528,0.001,adam,529,43.967934370040894,0.017166472662665314,0.0,0.06434973931988,0.6606638658614653,,,,
529,0.001,adam,530,43.997868061065674,0.01709864427575313,0.0,0.054316917956991104,0.5602678238456642,,,,
530,0.001,adam,531,44.03357529640198,0.016962487054197666,0.0,0.051313172389896834,0.530094210953166,,,,
531,0.001,adam,532,44.08511281013489,0.016932112455302125,0.0,0.05343201718946602,0.5512522843499623,,,,
532,0.001,adam,533,44.13321781158447,0.016876091479908015,0.0,0.049758816394500444,0.5144642554249125,,,,
533,0.001,adam,534,44.17962718009949,0.01681649315951767,0.0,0.04247823771369309,0.44159887029644856,,,,
534,0.001,adam,535,44.220558881759644,0.016753791864182396,0.0,0.052625117584250626,0.5430049677066886,,,,
535,0.001,adam,536,44.258018493652344,0.016686228335313868,0.0,0.05547853366998865,0.5714715650352004,,,,
536,0.001,adam,537,44.29377627372742,0.016900143074301568,0.0,0.05879920877826439,0.6048922308569454,,,,
537,0.001,adam,538,44.33806276321411,0.016790480136062377,0.0,0.06438532321546128,0.6606437122906752,,,,
538,0.001,adam,539,44.38157272338867,0.016829501489879415,0.0,0.05612114730258457,0.5780409745157251,,,,
539,0.001,adam,540,44.42153787612915,0.016615710013986977,0.0,0.05125502497505315,0.5291659597645185,0.014517203454123523,0.0,0.04820398073147931,0.49655701076891656
540,0.001,adam,541,44.48190760612488,0.016650029434419896,0.0,0.059222847675226634,0.6088785061866862,,,,
541,0.001,adam,542,44.51844000816345,0.016814084298879775,0.0,0.05219247251656741,0.5387388094645539,,,,
542,0.001,adam,543,44.57530689239502,0.016769608554010954,0.0,0.04901054540172996,0.5068750625713105,,,,
543,0.001,adam,544,44.6350998878479,0.016814128082879434,0.0,0.04972436617306545,0.5140577898135339,,,,
544,0.001,adam,545,44.69212865829468,0.016870280493317638,0.0,0.04663942254716939,0.4832645059650116,,,,
545,0.001,adam,546,44.73345708847046,0.01697424427065842,0.0,0.05702544300174478,0.5872286742881062,,,,
546,0.001,adam,547,44.78182911872864,0.017028810066886602,0.0,0.04436612566609588,0.4606900667278454,,,,
547,0.001,adam,548,44.81789040565491,0.01688418471387159,0.0,0.053531403759866335,0.5521982223125349,,,,
548,0.001,adam,549,44.85207724571228,0.01680547215652269,0.0,0.04771679739157234,0.4939734460722461,,,,
549,0.001,adam,550,44.88525342941284,0.016826929341319956,0.0,0.051938679392698604,0.536213723268306,,,,
550,0.001,adam,551,44.91809558868408,0.0169341961875631,0.0,0.0478208822556772,0.4951430187443351,,,,
551,0.001,adam,552,44.96050190925598,0.01699705062511775,0.0,0.04721056390127058,0.4891026896378236,,,,
552,0.001,adam,553,45.00091075897217,0.016869408976557337,0.0,0.056559067869008085,0.5824600876666381,,,,
553,0.001,adam,554,45.04728960990906,0.016799418503952314,0.0,0.051028843280876555,0.5270878513127178,,,,
554,0.001,adam,555,45.090290546417236,0.016790700260979716,0.0,0.05311823407071705,0.5479730409681502,,,,
555,0.001,adam,556,45.14241981506348,0.016903157226048033,0.0,0.054533713135392084,0.5622402885799689,,,,
556,0.001,adam,557,45.17145752906799,0.016878304488994633,0.0,0.05261640075411683,0.543042312030163,,,,
557,0.001,adam,558,45.208579778671265,0.016769944239890925,0.0,0.04145439093080397,0.4313138535479306,,,,
558,0.001,adam,559,45.25189208984375,0.01681444157192559,0.0,0.042622719606098244,0.44304163763290805,,,,
559,0.001,adam,560,45.29157304763794,0.016953626860041794,0.0,0.04807233851454302,0.497677012005472,0.014875624665632038,0.0,0.0468973425851009,0.483849050516641
560,0.001,adam,561,45.352330684661865,0.017008207203031256,0.0,0.047146120451838594,0.48846941172141717,,,,
561,0.001,adam,562,45.39576840400696,0.01702516101342999,0.0,0.049211589174723396,0.5091410527606639,,,,
562,0.001,adam,563,45.42951798439026,0.016969164700777355,0.0,0.06758365850441472,0.6928057497449246,,,,
563,0.001,adam,564,45.472904205322266,0.017064276266913727,0.0,0.06106600477741721,0.6277243240410858,,,,
564,0.001,adam,565,45.51537775993347,0.01709266739693407,0.0,0.04575321899117022,0.47462485730863624,,,,
565,0.001,adam,566,45.55894875526428,0.01717266881342851,0.0,0.04736737448828044,0.4908464136962329,,,,
566,0.001,adam,567,45.598002195358276,0.017167752641718253,0.0,0.04973180753601565,0.5144858280018747,,,,
567,0.001,adam,568,45.646320104599,0.017075243250041696,0.0,0.04748686542713232,0.49194389752136486,,,,
568,0.001,adam,569,45.69441199302673,0.01712249280199952,0.0,0.050362185252786684,0.5207443453298664,,,,
569,0.001,adam,570,45.754738092422485,0.017208708337371766,0.0,0.04888348860619178,0.5060435943992896,,,,
570,0.001,adam,571,45.803694009780884,0.017263584178385843,0.0,0.04315703353543342,0.44883391953272006,,,,
571,0.001,adam,572,45.85267949104309,0.01723219649075441,0.0,0.046956290194162156,0.48679509843237595,,,,
572,0.001,adam,573,45.9003963470459,0.017080793196727933,0.0,0.04031475434970046,0.4202283366937325,,,,
573,0.001,adam,574,45.96639394760132,0.016978820229322365,0.0,0.043487401837416936,0.45185283860349174,,,,
574,0.001,adam,575,46.00713515281677,0.01703788503491782,0.0,0.05025762429283429,0.5196141279632607,,,,
575,0.001,adam,576,46.062278032302856,0.01707695196622231,0.0,0.043559697596923644,0.45267392793545874,,,,
576,0.001,adam,577,46.09875702857971,0.017022830281174163,0.0,0.04324755132202404,0.4494983435014146,,,,
577,0.001,adam,578,46.13535141944885,0.01691615860774744,0.0,0.042304614574953645,0.4399623043572839,,,,
578,0.001,adam,579,46.174232721328735,0.016922173216497235,0.0,0.03825267752328484,0.39944894844934564,,,,
579,0.001,adam,580,46.21634078025818,0.0170003717456061,0.0,0.051895888370438036,0.5359592554499865,0.014987822151915332,0.0,0.041747554165288116,0.4324633638047965
580,0.001,adam,581,46.281168699264526,0.01706915898569849,0.0,0.04776229200782021,0.49469207906390056,,,,
581,0.001,adam,582,46.32785367965698,0.017074827356907074,0.0,0.04122151537460296,0.42928998110293665,,,,
582,0.001,adam,583,46.36972713470459,0.016967031269908325,0.0,0.039153398029158425,0.4085010115614926,,,,
583,0.001,adam,584,46.41255068778992,0.016972791676206935,0.0,0.039969109746858945,0.41666388914479635,,,,
584,0.001,adam,585,46.45555353164673,0.01701849242602175,0.0,0.043316795960841904,0.4501864520344408,,,,
585,0.001,adam,586,46.48896646499634,0.017075997925021614,0.0,0.03737710508778643,0.39084704880288595,,,,
586,0.001,adam,587,46.52434515953064,0.01712356196066845,0.0,0.04474806423839191,0.4646042043445875,,,,
587,0.001,adam,588,46.56612038612366,0.0171144253634279,0.0,0.04999846534456844,0.5170990788091123,,,,
588,0.001,adam,589,46.60789489746094,0.017146098823018003,0.0,0.03893045011730142,0.40645059999603217,,,,
589,0.001,adam,590,46.6395263671875,0.01713268951529895,0.0,0.04552348351810831,0.47236752469638205,,,,
590,0.001,adam,591,46.66703414916992,0.017250325717323704,0.0,0.04058242509861246,0.4230745767034483,,,,
591,0.001,adam,592,46.707085609436035,0.017362695411283432,0.0,0.04600837478661317,0.47744644327741514,,,,
592,0.001,adam,593,46.74720740318298,0.01739523997766844,0.0,0.04046474637936983,0.42204270377136677,,,,
593,0.001,adam,594,46.77767515182495,0.017340113798291912,0.0,0.04129846615434589,0.43032477534175084,,,,
594,0.001,adam,595,46.80953598022461,0.017274797679476758,0.0,0.03880603166719544,0.40533511435143116,,,,
595,0.001,adam,596,46.857664823532104,0.017242637400806258,0.0,0.062141425343963816,0.6386568908404444,,,,
596,0.001,adam,597,46.89619326591492,0.017308670002487758,0.0,0.044590896682173274,0.4632176368242205,,,,
597,0.001,adam,598,46.93827199935913,0.01732259215703656,0.0,0.045231955991031435,0.46964215206735094,,,,
598,0.001,adam,599,46.98014283180237,0.0173175186014548,0.0,0.05283537152196889,0.5456712338211437,,,,
599,0.001,adam,600,47.02118754386902,0.017218502795429576,0.0,0.05052901266884681,0.5225086294838976,0.015153996153867734,0.0,0.04118575069234685,0.4270115030773362
600,0.001,adam,601,47.06963753700256,0.017230994955332365,0.0,0.04276707873618786,0.44490178231721095,,,,
601,0.001,adam,602,47.1041042804718,0.017256181351358355,0.0,0.03703251705816058,0.38758135193296417,,,,
602,0.001,adam,603,47.13648438453674,0.017304267181463173,0.0,0.042002659035282316,0.43733085753428635,,,,
603,0.001,adam,604,47.18701982498169,0.017276683701318404,0.0,0.041377192404321195,0.43104860774453035,,,,
604,0.001,adam,605,47.22800946235657,0.017248101877456994,0.0,0.03826904363612147,0.3999385382386717,,,,
605,0.001,adam,606,47.273038387298584,0.0173344898398569,0.0,0.052034897696861926,0.5376834668084761,,,,
606,0.001,adam,607,47.312586069107056,0.01738909479527839,0.0,0.04009774732621931,0.4183665680574715,,,,
607,0.001,adam,608,47.361398696899414,0.01740783797887313,0.0,0.04217899758669773,0.43919781384585044,,,,
608,0.001,adam,609,47.40009355545044,0.017447148712660378,0.0,0.04497437456358797,0.4671908943485401,,,,
609,0.001,adam,610,47.43370771408081,0.017458106006180456,0.0,0.04044309401923499,0.42188904619853035,,,,
610,0.001,adam,611,47.467846632003784,0.01752263607875778,0.0,0.03602898332735667,0.37781246935232443,,,,
611,0.001,adam,612,47.507145404815674,0.017498168434612667,0.0,0.041270643286258867,0.43020460129720134,,,,
612,0.001,adam,613,47.535313844680786,0.017343020311997387,0.0,0.037335816607351115,0.39070118638550855,,,,
613,0.001,adam,614,47.57929992675781,0.017273600608709937,0.0,0.038303488426197574,0.40030848487068565,,,,
614,0.001,adam,615,47.61341309547424,0.01724454642790906,0.0,0.04284175608311409,0.4456621072590499,,,,
615,0.001,adam,616,47.66394805908203,0.017215585528262304,0.0,0.03666602319674881,0.3838758174957504,,,,
616,0.001,adam,617,47.70593547821045,0.01718386735505695,0.0,0.03805127462629213,0.39769661361797826,,,,
617,0.001,adam,618,47.746222496032715,0.017167067805167305,0.0,0.037870747068762485,0.39587453849279214,,,,
618,0.001,adam,619,47.78174924850464,0.017116729392335096,0.0,0.04344943898216104,0.4516111192139455,,,,
619,0.001,adam,620,47.81529688835144,0.017017536688421084,0.0,0.04145725328175735,0.43159006950599466,0.015074996703493588,0.0,0.042614215340924834,0.44121715011274193
620,0.001,adam,621,47.86195921897888,0.017055746951368078,0.0,0.05516825927165274,0.5687383396678956,,,,
621,0.001,adam,622,47.90204358100891,0.017136161438860053,0.0,0.04912086918716825,0.5083448533105426,,,,
622,0.001,adam,623,47.946868896484375,0.01721317755107455,0.0,0.05542703469593831,0.5714835245104576,,,,
623,0.001,adam,624,47.99091053009033,0.017162347213537144,0.0,0.0612281774781956,0.6294441219954932,,,,
624,0.001,adam,625,48.0282027721405,0.01719059714236428,0.0,0.04593661579959392,0.4765567551383034,,,,
625,0.001,adam,626,48.07026743888855,0.017211399377348256,0.0,0.03895490402296231,0.4067604396069714,,,,
626,0.001,adam,627,48.1023736000061,0.017233521009674204,0.0,0.047319865268147486,0.49043217369114905,,,,
627,0.001,adam,628,48.13188362121582,0.017280725202743825,0.0,0.0457771892168213,0.47505261737095683,,,,
628,0.001,adam,629,48.17301106452942,0.017241825468618844,0.0,0.05345020711810422,0.5517438966496611,,,,
629,0.001,adam,630,48.2145516872406,0.017331720216956434,0.0,0.04652524047047857,0.48258412492174213,,,,
630,0.001,adam,631,48.25836229324341,0.017343771176819792,0.0,0.03964289809775269,0.41377275215434667,,,,
631,0.001,adam,632,48.2987322807312,0.017313179551907087,0.0,0.040973588100275515,0.42704906055466224,,,,
632,0.001,adam,633,48.33729124069214,0.01733324179100328,0.0,0.0429159859911491,0.44649310170249423,,,,
633,0.001,adam,634,48.375471115112305,0.017269170812534783,0.0,0.05391305064207236,0.5563996772332583,,,,
634,0.001,adam,635,48.407111406326294,0.017221541305942504,0.0,0.042044847844024985,0.43767001974619235,,,,
635,0.001,adam,636,48.44892621040344,0.01714931244119743,0.0,0.047447659697073805,0.4916259094119355,,,,
636,0.001,adam,637,48.49016284942627,0.017067661525257658,0.0,0.048665320711848085,0.5037208686437386,,,,
637,0.001,adam,638,48.522470474243164,0.01704802433695271,0.0,0.04623531794362926,0.47940120377324535,,,,
638,0.001,adam,639,48.56176137924194,0.01692463066873719,0.0,0.044429474660081646,0.46121937726955364,,,,
639,0.001,adam,640,48.60903477668762,0.016947514672104706,0.0,0.04049460466860043,0.421893561358109,0.015027149610896743,0.0,0.03630652694012989,0.37809241901219565
640,0.001,adam,641,48.664594411849976,0.01691991472567642,0.0,0.03893038642288672,0.40622377895454365,,,,
641,0.001,adam,642,48.70806670188904,0.016833583497566924,0.0,0.053876087095063196,0.5555944544481989,,,,
642,0.001,adam,643,48.75722527503967,0.016929178830981717,0.0,0.06450319006301504,0.6619610794611321,,,,
643,0.001,adam,644,48.80027151107788,0.016791625754344133,0.0,0.0601851363871835,0.6186429896261791,,,,
644,0.001,adam,645,48.8416748046875,0.016930745735595512,0.0,0.045959513482480105,0.4765258805603966,,,,
645,0.001,adam,646,48.885398149490356,0.017093406963282508,0.0,0.03856543254753853,0.4027477324386678,,,,
646,0.001,adam,647,48.919492959976196,0.017103624027208924,0.0,0.4288217574421734,4.305321198448943,,,,
647,0.001,adam,648,48.95364856719971,0.017110422575744685,0.0,0.040224441958682175,0.41935484216256647,,,,
648,0.001,adam,649,48.99535059928894,0.01713462975694526,0.0,0.04406359385232638,0.45777056828020907,,,,
649,0.001,adam,650,49.04218578338623,0.017133883941831858,0.0,0.05210939244615559,0.5382278084033878,,,,
650,0.001,adam,651,49.09827017784119,0.017196511654548628,0.0,0.03265921852365965,0.3437886968911451,,,,
651,0.001,adam,652,49.13461971282959,0.017191638900811962,0.0,0.04767846710680057,0.4939763099688177,,,,
652,0.001,adam,653,49.16304802894592,0.017163368480823425,0.0,0.05269774897742806,0.544140858255104,,,,
653,0.001,adam,654,49.2013943195343,0.017068863360874438,0.0,0.0450164118873571,0.4672329822344454,,,,
654,0.001,adam,655,49.244410276412964,0.017006905414935186,0.0,0.04953841709681752,0.5123910763831104,,,,
655,0.001,adam,656,49.282859563827515,0.01687635140459044,0.0,0.04594224032601858,0.4762987546647762,,,,
656,0.001,adam,657,49.32229971885681,0.01686066488574502,0.0,0.03333196168571126,0.3501802817428576,,,,
657,0.001,adam,658,49.36987018585205,0.01687735538454532,0.0,0.03666045793260195,0.3834819347105648,,,,
658,0.001,adam,659,49.423874378204346,0.016750482208570287,0.0,0.03444321770394522,0.36118265924802245,,,,
659,0.001,adam,660,49.464621782302856,0.016748609191385606,0.0,0.035586178353831974,0.37261039272970536,0.014895686739207497,0.0,0.03682611149150604,0.3831568016542679
660,0.001,adam,661,49.51183199882507,0.016824910822608584,0.0,0.03663874260559554,0.383212336878564,,,,
661,0.001,adam,662,49.54535627365112,0.01682407511924128,0.0,0.034818516576289135,0.36500924088213266,,,,
662,0.001,adam,663,49.58945679664612,0.016837286827863944,0.0,0.034256727704491716,0.35940456387278114,,,,
663,0.001,adam,664,49.62946796417236,0.01686666613972699,0.0,0.03447136309090999,0.3615802970488269,,,,
664,0.001,adam,665,49.662095069885254,0.01689189111699381,0.0,0.027726638038688946,0.29415827150388324,,,,
665,0.001,adam,666,49.70340538024902,0.01697876341142528,0.0,0.044134358184388524,0.4583223452553105,,,,
666,0.001,adam,667,49.735498905181885,0.017005836346759135,0.0,0.03318385995474159,0.348844435894175,,,,
667,0.001,adam,668,49.77006649971008,0.017012950301770403,0.0,0.03241415394484867,0.34115448975025714,,,,
668,0.001,adam,669,49.80293655395508,0.017012380589844302,0.0,0.03407360892290636,0.3577484698189079,,,,
669,0.001,adam,670,49.84029698371887,0.01707372236482592,0.0,0.03676581849376927,0.38473190730251855,,,,
670,0.001,adam,671,49.87386083602905,0.017115794814625544,0.0,0.03282689262115781,0.34538472102620366,,,,
671,0.001,adam,672,49.90538430213928,0.017077206100055843,0.0,0.03931860547693976,0.41026326086945347,,,,
672,0.001,adam,673,49.943397760391235,0.017030877073888232,0.0,0.03485790086673851,0.36560988574127334,,,,
673,0.001,adam,674,49.97166085243225,0.01709090279811545,0.0,0.03626438292365941,0.37973473203470953,,,,
674,0.001,adam,675,50.01076579093933,0.01718167214354679,0.0,0.040202936291674526,0.41921103506029206,,,,
675,0.001,adam,676,50.050453662872314,0.017220594825658138,0.0,0.05497094067529923,0.5669300015786505,,,,
676,0.001,adam,677,50.09191846847534,0.017099146636248595,0.0,0.039395773992817795,0.41105688656442657,,,,
677,0.001,adam,678,50.13409638404846,0.017046956599574305,0.0,0.03392257182172891,0.3562726748168634,,,,
678,0.001,adam,679,50.1750168800354,0.017075151544131337,0.0,0.03066256551860891,0.32370080673022045,,,,
679,0.001,adam,680,50.217159032821655,0.017177400899784347,0.0,0.0376788009733194,0.3939654106329784,0.015206982409092134,0.0,0.03311811429439783,0.3463881253530704
680,0.001,adam,681,50.26639938354492,0.017160722505701033,0.0,0.03223872944825844,0.33954801698828546,,,,
681,0.001,adam,682,50.30360794067383,0.016995230639278845,0.0,0.029284517691934388,0.3098404075586227,,,,
682,0.001,adam,683,50.342130184173584,0.016915236233088906,0.0,0.029709244074416802,0.3140076769772569,,,,
683,0.001,adam,684,50.38329362869263,0.01695958209037992,0.0,0.033935081735244566,0.35631039944282555,,,,
684,0.001,adam,685,50.43492412567139,0.017060193297192085,0.0,0.03647108687287715,0.3817710620259636,,,,
685,0.001,adam,686,50.473209857940674,0.017133319475897777,0.0,0.033745461789410056,0.3545879373699984,,,,
686,0.001,adam,687,50.511661529541016,0.01709886203463861,0.0,0.03503743942323252,0.3674732562669638,,,,
687,0.001,adam,688,50.55576705932617,0.017083135527903335,0.0,0.02976015316102599,0.31468466713816323,,,,
688,0.001,adam,689,50.59639859199524,0.01706723580382746,0.0,0.034265228371979796,0.3597195195236254,,,,
689,0.001,adam,690,50.642359256744385,0.017038281551831843,0.0,0.03232291109310599,0.34026739248289173,,,,
690,0.001,adam,691,50.683852195739746,0.017031012668807955,0.0,0.03254036867269585,0.3424346993957665,,,,
691,0.001,adam,692,50.72683906555176,0.016987360077154897,0.0,0.03481085957988161,0.365095955875971,,,,
692,0.001,adam,693,50.7623929977417,0.01697132833707046,0.0,0.031617356475886135,0.3331448930959318,,,,
693,0.001,adam,694,50.79505777359009,0.01693770051242036,0.0,0.030501285796222116,0.32195055847464155,,,,
694,0.001,adam,695,50.82858467102051,0.016884518642545185,0.0,0.03403136498364769,0.35719816847902214,,,,
695,0.001,adam,696,50.87544322013855,0.016897926794877123,0.0,0.03406660129750817,0.3575639397699588,,,,
696,0.001,adam,697,50.9043824672699,0.01684883114835937,0.0,0.05109080292884362,0.5277568604367955,,,,
697,0.001,adam,698,50.956340074539185,0.016961858213015987,0.0,0.052808299943076654,0.5450448576437825,,,,
698,0.001,adam,699,50.986870527267456,0.01690297932852457,0.0,0.06189933677733461,0.6358963471018707,,,,
699,0.001,adam,700,51.0325403213501,0.016987111424601763,0.0,0.04090895102248512,0.4260766216494529,0.01505583374292948,0.0,0.031836406031373936,0.33341989405666883
700,0.001,adam,701,51.08089900016785,0.017002759077341507,0.0,0.03444389387803745,0.361441697857716,,,,
701,0.001,adam,702,51.1208016872406,0.0170895591408758,0.0,0.03346025569215877,0.3516921160624635,,,,
702,0.001,adam,703,51.15608882904053,0.017122793227126575,0.0,0.03355074243141973,0.35263021754132384,,,,
703,0.001,adam,704,51.19050884246826,0.017077804114674005,0.0,0.03280260001375207,0.3451038042521947,,,,
704,0.001,adam,705,51.23349475860596,0.01705071838539138,0.0,0.030474451773662897,0.3217952361220204,,,,
705,0.001,adam,706,51.29356408119202,0.01699419624138672,0.0,0.0326930174570262,0.34392437081164867,,,,
706,0.001,adam,707,51.33151412010193,0.01703219747904219,0.0,0.030614448574682908,0.32317668322587123,,,,
707,0.001,adam,708,51.371301889419556,0.017025453008201793,0.0,0.031434745037039656,0.33137290337859837,,,,
708,0.001,adam,709,51.40206241607666,0.016978392900016775,0.0,0.03129736595844288,0.3299520524844456,,,,
709,0.001,adam,710,51.43708419799805,0.016923461272935317,0.0,0.030119664423080263,0.3181201055037379,,,,
710,0.001,adam,711,51.4746527671814,0.016903455678258805,0.0,0.026764946250179493,0.28455291818005374,,,,
711,0.001,adam,712,51.526246547698975,0.016821753778334145,0.0,0.03211486411399675,0.33797039491830166,,,,
712,0.001,adam,713,51.57131338119507,0.016701217262402736,0.0,0.034041288261745496,0.3571140998798577,,,,
713,0.001,adam,714,51.618911266326904,0.016662261394955708,0.0,0.04395145483801251,0.45617680977508074,,,,
714,0.001,adam,715,51.66091799736023,0.016639975321479834,0.0,0.04008744155766403,0.4175143908981201,,,,
715,0.001,adam,716,51.69232749938965,0.016766838356795093,0.0,0.041917682912189315,0.43594366747868823,,,,
716,0.001,adam,717,51.73170304298401,0.016764522818341378,0.0,0.02932559387114735,0.3100204615298149,,,,
717,0.001,adam,718,51.76211619377136,0.01666453509847136,0.0,0.03902416607712352,0.4069061958697066,,,,
718,0.001,adam,719,51.79268431663513,0.01664433515219175,0.0,0.04103090504527662,0.426953385604958,,,,
719,0.001,adam,720,51.83045673370361,0.016641176982268354,0.0,0.04917926232119488,0.5084338001942171,0.014844418086639692,0.0,0.04643070618726356,0.47915147995927526
720,0.001,adam,721,51.88648748397827,0.016770668875801475,0.0,0.051746938510418894,0.5342400539799904,,,,
721,0.001,adam,722,51.923508644104004,0.016720222014515795,0.0,0.046320566248570165,0.47992588450021745,,,,
722,0.001,adam,723,51.96001482009888,0.016754302676933275,0.0,0.04609498620429982,0.47770416471993143,,,,
723,0.001,adam,724,51.996370792388916,0.016672326721003446,0.0,0.033391955245230934,0.35059187917331275,,,,
724,0.001,adam,725,52.040549993515015,0.016798951466541128,0.0,0.02843017583274936,0.30110070979403475,,,,
725,0.001,adam,726,52.09390211105347,0.01687819400823067,0.0,0.032168767619586036,0.338565870204091,,,,
726,0.001,adam,727,52.136951208114624,0.016747873877065667,0.0,0.04008827889573654,0.41763066283443107,,,,
727,0.001,adam,728,52.185765504837036,0.01669226570264982,0.0,0.031921622248014855,0.3359084881827984,,,,
728,0.001,adam,729,52.22650980949402,0.016644355956634736,0.0,0.06463338541494397,0.6629782101060744,,,,
729,0.001,adam,730,52.27183794975281,0.016705093978177023,0.0,0.03040120334568745,0.32071712743505154,,,,
730,0.001,adam,731,52.31437134742737,0.01671890449104858,0.0,0.027430796685054225,0.29102687134159083,,,,
731,0.001,adam,732,52.35966515541077,0.016640933922958005,0.0,0.032508447829537004,0.34172541221832803,,,,
732,0.001,adam,733,52.40786266326904,0.01660059571854983,0.0,0.030812815676190736,0.3247287524804572,,,,
733,0.001,adam,734,52.44606614112854,0.01661453642020842,0.0,0.02750288578072581,0.29164339422746655,,,,
734,0.001,adam,735,52.51177430152893,0.01666023165980789,0.0,0.029101771604513754,0.30767794770494544,,,,
735,0.001,adam,736,52.55502796173096,0.01665504412482454,0.0,0.02811789259359026,0.29783397006072715,,,,
736,0.001,adam,737,52.60686755180359,0.016686656778401893,0.0,0.036113156883248156,0.3778182256108834,,,,
737,0.001,adam,738,52.64936184883118,0.016765411126533885,0.0,0.028565232610553482,0.3024177372320687,,,,
738,0.001,adam,739,52.6968309879303,0.016745825158287812,0.0,0.032783685494292045,0.3445826801012083,,,,
739,0.001,adam,740,52.73815727233887,0.016738130026969382,0.0,0.03205480936718812,0.3372862236988506,0.014816120307702175,0.0,0.030354965380676686,0.31836577411446904
740,0.001,adam,741,52.80056357383728,0.016701858094923992,0.0,0.02983953349597477,0.31509719305467165,,,,
741,0.001,adam,742,52.845080614089966,0.01671340752071066,0.0,0.031012734080637604,0.3268407483270867,,,,
742,0.001,adam,743,52.881879568099976,0.016670234903278923,0.0,0.03162608985559223,0.3329311334592012,,,,
743,0.001,adam,744,52.92029070854187,0.01659729163332526,0.0,0.030832249579423265,0.3249197874275579,,,,
744,0.001,adam,745,52.95460796356201,0.01655601687590405,0.0,0.02981157165087452,0.31467173338464927,,,,
745,0.001,adam,746,52.991169929504395,0.01654410352825612,0.0,0.03309025256096276,0.34744662913788377,,,,
746,0.001,adam,747,53.031020641326904,0.016587548515935822,0.0,0.029648288531410737,0.3130704338300432,,,,
747,0.001,adam,748,53.0646607875824,0.016560084355423704,0.0,0.03258417178944857,0.3424018022499094,,,,
748,0.001,adam,749,53.09839725494385,0.01654861075245848,0.0,0.0427344833640161,0.44389344439261946,,,,
749,0.001,adam,750,53.14850115776062,0.016552197359377026,0.0,0.030706956274423,0.323621760103607,,,,
750,0.001,adam,751,53.19318175315857,0.016631974569092534,0.0,0.041379267955089866,0.4304246541199912,,,,
751,0.001,adam,752,53.23297071456909,0.016649535423547905,0.0,0.032649509506435526,0.34314463048790317,,,,
752,0.001,adam,753,53.296465158462524,0.016588021265586193,0.0,0.026834703027390085,0.284935051539487,,,,
753,0.001,adam,754,53.33732056617737,0.01661280683056855,0.0,0.03351675625007321,0.35178036933130064,,,,
754,0.001,adam,755,53.37544107437134,0.01663728466442576,0.0,0.033893692514624804,0.35557420981067384,,,,
755,0.001,adam,756,53.423269510269165,0.01668286182179352,0.0,0.03673247774166384,0.3840076392384319,,,,
756,0.001,adam,757,53.4593985080719,0.016635916691378743,0.0,0.03165461557177344,0.33318207240911313,,,,
757,0.001,adam,758,53.491857290267944,0.01655741776630571,0.0,0.028115451449618262,0.2977119322624883,,,,
758,0.001,adam,759,53.524359703063965,0.016493249530695333,0.0,0.030835769335250056,0.3248509428831959,,,,
759,0.001,adam,760,53.55979633331299,0.016420457098372154,0.0,0.030092963609075218,0.3173500931891243,0.01460887319624246,0.0,0.034758077500253455,0.36218964819877697
760,0.001,adam,761,53.62805891036987,0.01641385526052219,0.0,0.03251527058530955,0.3415665611136177,,,,
761,0.001,adam,762,53.67619299888611,0.01635313414353215,0.0,0.03822601224069268,0.39861325655045887,,,,
762,0.001,adam,763,53.71588444709778,0.01638369939203797,0.0,0.03549297321788268,0.3713134315708648,,,,
763,0.001,adam,764,53.76465058326721,0.016385349947916916,0.0,0.03961633419222081,0.41254869187012505,,,,
764,0.001,adam,765,53.79580020904541,0.016492496412431848,0.0,0.03449735871480699,0.36146608356050175,,,,
765,0.001,adam,766,53.832716941833496,0.016500018599611338,0.0,0.029973274081085743,0.3162327594104688,,,,
766,0.001,adam,767,53.86541700363159,0.01649444321912027,0.0,0.02890410208447199,0.30553546406384013,,,,
767,0.001,adam,768,53.91059947013855,0.01652088120652619,0.0,0.03690365588581731,0.3855574400646993,,,,
768,0.001,adam,769,53.94332790374756,0.016419623370880796,0.0,0.04223465918161649,0.4387662151870458,,,,
769,0.001,adam,770,53.982908725738525,0.016403209048819582,0.0,0.03908093530390579,0.4072125620878774,,,,
770,0.001,adam,771,54.02425837516785,0.016283747645056964,0.0,0.03686540869033778,0.3849378345484348,,,,
771,0.001,adam,772,54.0719633102417,0.016299124563336095,0.0,0.028115064365509517,0.2974497682184313,,,,
772,0.001,adam,773,54.12542223930359,0.016313079360298795,0.0,0.032070225649593095,0.3370153358562298,,,,
773,0.001,adam,774,54.15903830528259,0.016215325454893764,0.0,0.03341749566498185,0.35039028210471235,,,,
774,0.001,adam,775,54.188719511032104,0.01617798277895624,0.0,0.03174961941139679,0.3336741768929241,,,,
775,0.001,adam,776,54.225085973739624,0.016076769854469614,0.0,0.028124376688893383,0.2973205367434034,,,,
776,0.001,adam,777,54.26230049133301,0.016034719937822694,0.0,0.029971350435416357,0.31574822429198623,,,,
777,0.001,adam,778,54.29502987861633,0.015977897964301168,0.0,0.030963021467389468,0.32560811263819583,,,,
778,0.001,adam,779,54.34832000732422,0.015913712637279427,0.0,0.03190864806939382,0.3350001933312176,,,,
779,0.001,adam,780,54.38921308517456,0.01593991041698666,0.0,0.04568933091327971,0.47283321954978375,0.014033452499166106,0.0,0.04003600106756219,0.414393463174788
780,0.001,adam,781,54.433937549591064,0.015861276655430395,0.0,0.04041318080527151,0.4199930847081455,,,,
781,0.001,adam,782,54.4706916809082,0.015910387332707457,0.0,0.03554141597961302,0.37132454712883767,,,,
782,0.001,adam,783,54.505122661590576,0.015857629979952367,0.0,0.03011207855787565,0.31697841555870887,,,,
783,0.001,adam,784,54.54795598983765,0.01586809484802616,0.0,0.029256912333608293,0.3084372181841091,,,,
784,0.001,adam,785,54.592196226119995,0.015958508805423065,0.0,0.04210845358614262,0.43704304466684923,,,,
785,0.001,adam,786,54.6245698928833,0.015883412390476147,0.0,0.03226206687507288,0.33850408114120495,,,,
786,0.001,adam,787,54.671316385269165,0.01591444843995049,0.0,0.025416135859742072,0.2700758070373712,,,,
787,0.001,adam,788,54.712719202041626,0.0159452589824179,0.0,0.027198729397036447,0.28793255295278236,,,,
788,0.001,adam,789,54.76398205757141,0.015907259798134288,0.0,0.032730814050675974,0.343215400304894,,,,
789,0.001,adam,790,54.80539107322693,0.01598399800440146,0.0,0.03327108832471131,0.3486948812515146,,,,
790,0.001,adam,791,54.85512685775757,0.015901671726360887,0.0,0.022681069529745364,0.24271236702381452,,,,
791,0.001,adam,792,54.8964421749115,0.015860484141058104,0.0,0.03400220830177367,0.3558825671587948,,,,
792,0.001,adam,793,54.93339228630066,0.015895162469913224,0.0,0.028737381572194316,0.3032689781918564,,,,
793,0.001,adam,794,54.97038745880127,0.015827946381699043,0.0,0.033882028626280467,0.35464823264450374,,,,
794,0.001,adam,795,55.015827894210815,0.015883133914881893,0.0,0.02742606846708976,0.2901438185857795,,,,
795,0.001,adam,796,55.0561785697937,0.01587250865393982,0.0,0.028120814513318344,0.29708065378712323,,,,
796,0.001,adam,797,55.08945107460022,0.015806648984263837,0.0,0.02635805353989317,0.27938718438319554,,,,
797,0.001,adam,798,55.1330349445343,0.01581502920429567,0.0,0.0305142665786469,0.32095769499076465,,,,
798,0.001,adam,799,55.180885791778564,0.015811303136942196,0.0,0.031173733019239445,0.32754863332933665,,,,
799,0.001,adam,800,55.227885246276855,0.015818347548101463,0.0,0.03059211649118076,0.32173951245990906,0.013951669909853658,0.0,0.028186973907690628,0.2958214089867599
800,0.001,adam,801,55.30054545402527,0.015801583552937662,0.0,0.027266540692049986,0.2884669904734375,,,,
801,0.001,adam,802,55.351806640625,0.015780838935676597,0.0,0.028732466736047246,0.3031055062961491,,,,
802,0.001,adam,803,55.405508518218994,0.01577944344670568,0.0,0.0609197773987565,0.6249772174342707,,,,
803,0.001,adam,804,55.45356297492981,0.015776378000623873,0.0,0.03373929018469042,0.35316927984752805,,,,
804,0.001,adam,805,55.486780643463135,0.015824876502658035,0.0,0.02860498012959522,0.3018746777986102,,,,
805,0.001,adam,806,55.5319550037384,0.015795817188602006,0.0,0.0325169949952703,0.340965767141305,,,,
806,0.001,adam,807,55.56064486503601,0.015866563064631203,0.0,0.0320240064059225,0.3361066271238562,,,,
807,0.001,adam,808,55.5984263420105,0.015785103416394185,0.0,0.02973165137810264,0.3131016171974206,,,,
808,0.001,adam,809,55.63207483291626,0.015754409633840397,0.0,0.025787608564768076,0.27363049528152117,,,,
809,0.001,adam,810,55.673476696014404,0.01573940820653912,0.0,0.02909079041634772,0.3066473123700163,,,,
810,0.001,adam,811,55.71279501914978,0.015719336474289584,0.0,0.03141519103805422,0.3298712468548318,,,,
811,0.001,adam,812,55.7683584690094,0.015753185445244903,0.0,0.029302426193178733,0.3087774473770322,,,,
812,0.001,adam,813,55.813642263412476,0.015731266553281293,0.0,0.0253869817523667,0.26960108407694827,,,,
813,0.001,adam,814,55.857436656951904,0.015744351836093226,0.0,0.02714345189682449,0.2871788708043381,,,,
814,0.001,adam,815,55.90264868736267,0.01575805565803879,0.0,0.02697009571280391,0.2854590127860779,,,,
815,0.001,adam,816,55.94420766830444,0.01569797989355274,0.0,0.029045962129417235,0.3061576011877251,,,,
816,0.001,adam,817,55.99077916145325,0.0156866304889243,0.0,0.028666125714708855,0.3023478876360129,,,,
817,0.001,adam,818,56.027281284332275,0.015672434731552026,0.0,0.030414022449671507,0.31981265922826707,,,,
818,0.001,adam,819,56.05528163909912,0.015687038653786147,0.0,0.028810284439073797,0.3037898830445241,,,,
819,0.001,adam,820,56.09017491340637,0.015672119514221528,0.0,0.02520513704675108,0.26772348998173234,0.013825728814784327,0.0,0.027957986132575923,0.29340559014054357
820,0.001,adam,821,56.141815185546875,0.01565090157117944,0.0,0.023925550334604966,0.2549064049172291,,,,
821,0.001,adam,822,56.176090240478516,0.01565838987461015,0.0,0.026572409120991996,0.2813824810845301,,,,
822,0.001,adam,823,56.21232724189758,0.01566343298440226,0.0,0.02426262693956992,0.25828970238010146,,,,
823,0.001,adam,824,56.249565839767456,0.01567444130903794,0.0,0.02522914261136857,0.26796586742272366,,,,
824,0.001,adam,825,56.29928684234619,0.015702646595233946,0.0,0.032753928898387116,0.34324193557910515,,,,
825,0.001,adam,826,56.34498071670532,0.01565563122339053,0.0,0.03330833572284726,0.34873898845186313,,,,
826,0.001,adam,827,56.393566846847534,0.01563840341569657,0.0,0.026922847754073404,0.2848668809564306,,,,
827,0.001,adam,828,56.440136432647705,0.015614627437896593,0.0,0.02458488412237762,0.2614634686616728,,,,
828,0.001,adam,829,56.482351541519165,0.015663427375928938,0.0,0.023673417827563194,0.2523976056515609,,,,
829,0.001,adam,830,56.52601385116577,0.015695622043978903,0.0,0.026146215869535416,0.27715778073933306,,,,
830,0.001,adam,831,56.555413246154785,0.01568900521192888,0.0,0.026122554912417995,0.27691455433610884,,,,
831,0.001,adam,832,56.61175727844238,0.01569722038941005,0.0,0.02732187885772634,0.28891600896667347,,,,
832,0.001,adam,833,56.65870809555054,0.01563993081953147,0.0,0.027079261309318165,0.2864325439127131,,,,
833,0.001,adam,834,56.70493817329407,0.01558879601886967,0.0,0.36826562584380323,3.698245054456902,,,,
834,0.001,adam,835,56.75169110298157,0.015545136468150781,0.0,0.023486853074688712,0.2504136672150379,,,,
835,0.001,adam,836,56.792086124420166,0.01556344000844924,0.0,0.02491217528873657,0.26468519289581494,,,,
836,0.001,adam,837,56.83439803123474,0.015630354744772614,0.0,0.028636347609909553,0.3019938308438681,,,,
837,0.001,adam,838,56.86716818809509,0.01563270335049565,0.0,0.03413345409020345,0.3569672442525302,,,,
838,0.001,adam,839,56.89693355560303,0.015662376608327252,0.0,0.032300589602574606,0.3386682726340733,,,,
839,0.001,adam,840,56.93581509590149,0.015637962924964628,0.0,0.03517211888329476,0.3673591517579122,0.0137662299916064,0.0,0.02976440550092873,0.31141028500089374
840,0.001,adam,841,56.97811198234558,0.015652354980915658,0.0,0.031707684811389324,0.3327292030948089,,,,
841,0.001,adam,842,57.022221088409424,0.015674482118093205,0.0,0.024739501478489412,0.2630694969029873,,,,
842,0.001,adam,843,57.05847406387329,0.01569745343656465,0.0,0.027709057095893823,0.2927880243955029,,,,
843,0.001,adam,844,57.1024968624115,0.015601411001127849,0.0,0.027771850174350667,0.2933199127446345,,,,
844,0.001,adam,845,57.159932374954224,0.015518463144752857,0.0,0.024703217995945513,0.262550643104208,,,,
845,0.001,adam,846,57.20715045928955,0.015488349035991484,0.0,0.02717572848480529,0.2872456338840444,,,,
846,0.001,adam,847,57.248061656951904,0.015419990241978673,0.0,0.024529503506341956,0.2607150253053982,,,,
847,0.001,adam,848,57.28986096382141,0.015392325812043037,0.0,0.025759104814364542,0.27298337395568845,,,,
848,0.001,adam,849,57.34237504005432,0.015363210641863984,0.0,0.02593878297369957,0.27475104037885967,,,,
849,0.001,adam,850,57.3894944190979,0.015364124626254983,0.0,0.026759133769622506,0.28295546232248003,,,,
850,0.001,adam,851,57.421117305755615,0.015365731230777039,0.0,0.02626628050103368,0.27802853624111384,,,,
851,0.001,adam,852,57.45748853683472,0.01537042889949736,0.0,0.02492445836969539,0.26461501259645126,,,,
852,0.001,adam,853,57.4968376159668,0.015408396012400636,0.0,0.024000803663594444,0.25541643264834507,,,,
853,0.001,adam,854,57.52852487564087,0.015400859657676232,0.0,0.03918211652428273,0.4072220249005035,,,,
854,0.001,adam,855,57.5673291683197,0.015529226294464751,0.0,0.048078188444741835,0.49631111074188305,,,,
855,0.001,adam,856,57.59337615966797,0.015499195285998798,0.0,0.06307225132860114,0.6462217085720102,,,,
856,0.001,adam,857,57.63325095176697,0.015655535177330274,0.0,0.06015043095780274,0.6171598447553577,,,,
857,0.001,adam,858,57.670177936553955,0.01549670212230804,0.0,0.05345607193861766,0.5500574215084846,,,,
858,0.001,adam,859,57.703304052352905,0.015517564595575692,0.0,0.038168708665872395,0.39720465125429966,,,,
859,0.001,adam,860,57.745370388031006,0.015443521907645535,0.0,0.022533970223085363,0.24078322413849917,0.013590994866173762,0.0,0.027803286897972096,0.2916238638458947
860,0.001,adam,861,57.7994704246521,0.015421758087339952,0.0,0.028325120021409765,0.29867295830143764,,,,
861,0.001,adam,862,57.841694355010986,0.015484820381498891,0.0,0.03958563609558138,0.4113411813373127,,,,
862,0.001,adam,863,57.889063358306885,0.015330905212880679,0.0,0.03688926791487843,0.384223584361665,,,,
863,0.001,adam,864,57.92060828208923,0.01532358244274589,0.0,0.03042903103321385,0.3196138927748844,,,,
864,0.001,adam,865,57.9542076587677,0.015279490732036527,0.0,0.029840311695279266,0.3136826076848292,,,,
865,0.001,adam,866,57.99295425415039,0.015179371492650941,0.0,0.030444276034367335,0.31962213183632426,,,,
866,0.001,adam,867,58.03994035720825,0.01518009217795755,0.0,0.028152224235800764,0.29670233453596523,,,,
867,0.001,adam,868,58.086443185806274,0.015147413077071832,0.0,0.032459050459900225,0.3397379176760741,,,,
868,0.001,adam,869,58.130067586898804,0.01505495533500131,0.0,0.03874082089633062,0.40246316429830753,,,,
869,0.001,adam,870,58.172696113586426,0.01513452407541528,0.0,0.03075841706320599,0.32271869470747516,,,,
870,0.001,adam,871,58.20793628692627,0.015038772786457596,0.0,0.38874444593371776,3.902483232123635,,,,
871,0.001,adam,872,58.246082067489624,0.014975072513738414,0.0,0.03179031038414697,0.33287817635520817,,,,
872,0.001,adam,873,58.28682088851929,0.015063850354335887,0.0,0.033694309848903974,0.35200694884337563,,,,
873,0.001,adam,874,58.332388162612915,0.014953512901510856,0.0,0.03197777927977996,0.3347313056993105,,,,
874,0.001,adam,875,58.37218523025513,0.014919885694271528,0.0,0.033421112318705336,0.3491310088813249,,,,
875,0.001,adam,876,58.43297719955444,0.014985806552626355,0.0,0.024718599322632935,0.2621717997789557,,,,
876,0.001,adam,877,58.480461835861206,0.014965888453824374,0.0,0.02473730923815371,0.26233898083536145,,,,
877,0.001,adam,878,58.532843828201294,0.014971357573195487,0.0,0.03636945937484899,0.3786659513216854,,,,
878,0.001,adam,879,58.57590413093567,0.015009009972619836,0.0,0.05133259682783421,0.5283349782509619,,,,
879,0.001,adam,880,58.61723446846008,0.014991878406141105,0.0,0.026478560926494966,0.27977748767109073,0.013124122584087166,0.0,0.02689437339861011,0.2820678565701883
880,0.001,adam,881,58.66702198982239,0.014947423792113805,0.0,0.029045913344027157,0.30540655723238536,,,,
881,0.001,adam,882,58.706610441207886,0.01500045563500397,0.0,0.0243651772102673,0.25865222773767693,,,,
882,0.001,adam,883,58.74554705619812,0.01495762721628659,0.0,0.025002849831882695,0.2649861255351135,,,,
883,0.001,adam,884,58.783063888549805,0.014927994357411248,0.0,0.030303921526347775,0.31796720962088904,,,,
884,0.001,adam,885,58.812291860580444,0.015002766962508775,0.0,0.024037441564714112,0.2553771826096499,,,,
885,0.001,adam,886,58.84925627708435,0.0149686334753644,0.0,0.021654714306081936,0.23151577653618374,,,,
886,0.001,adam,887,58.88589429855347,0.014960713122613805,0.0,0.0248902566277023,0.26386327939963683,,,,
887,0.001,adam,888,58.92149376869202,0.014992825180840925,0.0,0.028991314188918527,0.3049059670700262,,,,
888,0.001,adam,889,58.95737075805664,0.014922079413998734,0.0,0.02662486360028442,0.28117071541684296,,,,
889,0.001,adam,890,58.987711668014526,0.014902056420330314,0.0,0.026358632362997868,0.278488380050309,,,,
890,0.001,adam,891,59.030643701553345,0.014874734297400646,0.0,0.03763430059024273,0.39121774019982797,,,,
891,0.001,adam,892,59.077314615249634,0.014850931062664828,0.0,0.025677599435848276,0.2716269254211476,,,,
892,0.001,adam,893,59.128397703170776,0.014791129023610447,0.0,0.031070276997301714,0.3254938989966276,,,,
893,0.001,adam,894,59.16624069213867,0.01474569145567551,0.0,0.025112625908917663,0.26587195054485213,,,,
894,0.001,adam,895,59.19988465309143,0.01478066494893003,0.0,0.02820956779160424,0.29687634286497244,,,,
895,0.001,adam,896,59.2496395111084,0.014717607977314567,0.0,0.036811668072973355,0.38283428870704816,,,,
896,0.001,adam,897,59.28366780281067,0.014759054991622465,0.0,0.02949399645538065,0.30969901954542894,,,,
897,0.001,adam,898,59.3260235786438,0.014713638237933887,0.0,0.019951185706821938,0.21422549530615329,,,,
898,0.001,adam,899,59.36102509498596,0.014661328348699744,0.0,0.027556983773218274,0.2902311660808825,,,,
899,0.001,adam,900,59.39481782913208,0.0147290007025035,0.0,0.03527229978445908,0.3674519985470943,0.012922735873328565,0.0,0.026330448466293194,0.2762272205362605
900,0.001,adam,901,59.45050764083862,0.014676356485683748,0.0,0.027363251035063974,0.2883088668363235,,,,
901,0.001,adam,902,59.48763823509216,0.01467054912409452,0.0,0.02904954645322777,0.30516601365637225,,,,
902,0.001,adam,903,59.523234367370605,0.014690881766367101,0.0,0.02177640911740954,0.2324549729404625,,,,
903,0.001,adam,904,59.57550668716431,0.014674791630535726,0.0,0.02277954485751978,0.24247024020573352,,,,
904,0.001,adam,905,59.60748624801636,0.014685823911445522,0.0,0.027124938508731832,0.28593520899876385,,,,
905,0.001,adam,906,59.65158939361572,0.014684775421406263,0.0,0.020298614960273045,0.2176709250241367,,,,
906,0.001,adam,907,59.69674301147461,0.01467027922528737,0.0,0.022203839236102772,0.23670867158631512,,,,
907,0.001,adam,908,59.73483180999756,0.014643146946318776,0.0,0.3610862112938317,3.625505259884636,,,,
908,0.001,adam,909,59.7637243270874,0.014596816217787741,0.0,0.030363976794507235,0.3182365841628601,,,,
909,0.001,adam,910,59.817609548568726,0.014642274738640507,0.0,0.02658212317073011,0.2804635064459416,,,,
910,0.001,adam,911,59.86737251281738,0.014642523264498157,0.0,0.024080832508858348,0.2554508483530816,,,,
911,0.001,adam,912,59.90667915344238,0.014645947724438713,0.0,0.022065635399046817,0.2353023017149069,,,,
912,0.001,adam,913,59.96217322349548,0.014620880461201803,0.0,0.0238482688559259,0.2531035690204608,,,,
913,0.001,adam,914,60.0026330947876,0.014582119653177225,0.0,0.02079109200816646,0.22249303973484186,,,,
914,0.001,adam,915,60.045607566833496,0.014578451195490425,0.0,0.02110109001335999,0.22558935132909033,,,,
915,0.001,adam,916,60.09139966964722,0.01454589379829756,0.0,0.024073415334271993,0.2552800471410175,,,,
916,0.001,adam,917,60.1223783493042,0.014528740211024222,0.0,0.0190187254842168,0.20471599505319218,,,,
917,0.001,adam,918,60.17084264755249,0.014510164358639822,0.0,0.02003286371290705,0.21483880148771034,,,,
918,0.001,adam,919,60.22060227394104,0.014497432740997993,0.0,0.021182162236389704,0.22631905510489503,,,,
919,0.001,adam,920,60.26294016838074,0.014480358852103541,0.0,0.0269456962479492,0.28393732133159555,0.01273022527002192,0.0,0.020653533186822778,0.2192655571382497
920,0.001,adam,921,60.33768367767334,0.014497648648855098,0.0,0.020604145256009385,0.22053910120894896,,,,
921,0.001,adam,922,60.38274931907654,0.01452275440461309,0.0,0.02330923194652353,0.24761507386984838,,,,
922,0.001,adam,923,60.42246079444885,0.01454178231498183,0.0,0.02079611720433688,0.22250295435835063,,,,
923,0.001,adam,924,60.459903717041016,0.014555298608173495,0.0,0.023004895739294352,0.24460425600111702,,,,
924,0.001,adam,925,60.50065732002258,0.014524632633884817,0.0,0.016848826904189353,0.18301290167577833,,,,
925,0.001,adam,926,60.536309242248535,0.014523178353855599,0.0,0.023360241310875534,0.24812559146261096,,,,
926,0.001,adam,927,60.59705662727356,0.014494001656617067,0.0,0.034861654128538755,0.3631105429420046,,,,
927,0.001,adam,928,60.63989233970642,0.01447829893989427,0.0,0.023463566640606642,0.2491139653459607,,,,
928,0.001,adam,929,60.68672823905945,0.014431175714738792,0.0,0.024263253688148165,0.25706371259622046,,,,
929,0.001,adam,930,60.72865271568298,0.014438537496113462,0.0,0.027037845283437133,0.2848169903304848,,,,
930,0.001,adam,931,60.76617693901062,0.014437750986891252,0.0,0.022007680222449394,0.2345145532113852,,,,
931,0.001,adam,932,60.79814100265503,0.014449387153577459,0.0,0.023831864494180552,0.25276803209538296,,,,
932,0.001,adam,933,60.8323278427124,0.014431798408289663,0.0,0.021025539397513414,0.22468719238342383,,,,
933,0.001,adam,934,60.87698674201965,0.014385723506102883,0.0,0.017862991495888998,0.19301563846499284,,,,
934,0.001,adam,935,60.934170961380005,0.014366872413340689,0.0,0.020563870952744204,0.22000558194078274,,,,
935,0.001,adam,936,60.972097635269165,0.014350586140783878,0.0,0.021273306159630682,0.22708364773709072,,,,
936,0.001,adam,937,61.020522356033325,0.014365613528858597,0.0,0.019958675035193947,0.21395236388079805,,,,
937,0.001,adam,938,61.06172800064087,0.014374714597982481,0.0,0.02375048494185398,0.2518795640165223,,,,
938,0.001,adam,939,61.10666227340698,0.01436621095848648,0.0,0.021273419461907944,0.22710040557756592,,,,
939,0.001,adam,940,61.13903784751892,0.014326834212605777,0.0,0.01863298359087505,0.20065667012135627,0.012588718612909264,0.0,0.019986604100365218,0.21245475961656146
940,0.001,adam,941,61.19268441200256,0.014339947187849759,0.0,0.020971451120021946,0.2240544583880692,,,,
941,0.001,adam,942,61.22855234146118,0.014330060750081032,0.0,0.01990738176485025,0.21340387839858355,,,,
942,0.001,adam,943,61.2723913192749,0.014298212775668988,0.0,0.01784425898670758,0.19274080264274476,,,,
943,0.001,adam,944,61.30841326713562,0.01428963368340688,0.0,0.02135857255908255,0.2278753592742324,,,,
944,0.001,adam,945,61.34351134300232,0.014277490635711265,0.0,0.018049958713885504,0.19477707777456632,,,,
945,0.001,adam,946,61.38979530334473,0.014261370349307726,0.0,0.01890595636487452,0.20332093399805293,,,,
946,0.001,adam,947,61.46373152732849,0.01425884041861336,0.0,0.021421599040633323,0.22847483082494657,,,,
947,0.001,adam,948,61.52881860733032,0.014232790477969331,0.0,0.020182462750895365,0.21605741798692296,,,,
948,0.001,adam,949,61.58285927772522,0.014224656276298975,0.0,0.0246386838274748,0.260611494551047,,,,
949,0.001,adam,950,61.63043260574341,0.014228748627609394,0.0,0.02260878064747809,0.2403165551023903,,,,
950,0.001,adam,951,61.667479038238525,0.014235032090243528,0.0,0.01995189165573804,0.21375394864762393,,,,
951,0.001,adam,952,61.71573781967163,0.014266515249093743,0.0,0.018851803374236243,0.20278454899145618,,,,
952,0.001,adam,953,61.78610634803772,0.014296075365564872,0.0,0.024375076237156956,0.25804683773713444,,,,
953,0.001,adam,954,61.82983422279358,0.014260963085780466,0.0,0.02180908032246457,0.23235176631042614,,,,
954,0.001,adam,955,61.8684184551239,0.014237400770895442,0.0,0.021793198193408178,0.23216938270497722,,,,
955,0.001,adam,956,61.90151858329773,0.014222293158888726,0.0,0.022224586978910395,0.23646816294799267,,,,
956,0.001,adam,957,61.94031095504761,0.014184026937795977,0.0,0.02531733788609093,0.26735740579870526,,,,
957,0.001,adam,958,61.971365451812744,0.014208988950370942,0.0,0.03267341750669737,0.3409431640173446,,,,
958,0.001,adam,959,62.01978588104248,0.014250427510831682,0.0,0.03886533080314639,0.4029037355422956,,,,
959,0.001,adam,960,62.0624520778656,0.014249396723490302,0.0,0.06635111197897056,0.677760516513196,0.012587442386201565,0.0,0.0936391675693916,0.9489791180801176
960,0.001,adam,961,62.11122679710388,0.01428244580361664,0.0,0.09362881351333577,0.9505705809369742,,,,
961,0.001,adam,962,62.151484966278076,0.014285855878262203,0.0,0.10462739265921081,1.0605597824703703,,,,
962,0.001,adam,963,62.18084692955017,0.014204657040763879,0.0,0.07213119868851442,0.7355166439259081,,,,
963,0.001,adam,964,62.21273374557495,0.01418095874310199,0.0,0.023956435232652413,0.2537453110696261,,,,
964,0.001,adam,965,62.25097894668579,0.014221756653871608,0.0,0.036813625067073454,0.3823580073246061,,,,
965,0.001,adam,966,62.28767156600952,0.01420237054962933,0.0,0.0627302825506054,0.6415051960556835,,,,
966,0.001,adam,967,62.317217111587524,0.014249293293349322,0.0,0.030042590329385527,0.3146751965872046,,,,
967,0.001,adam,968,62.381391525268555,0.014203101986497574,0.0,0.02743181630429319,0.28852126502942943,,,,
968,0.001,adam,969,62.424789905548096,0.01412796765408707,0.0,0.3673930871218033,3.68805883887212,,,,
969,0.001,adam,970,62.46727728843689,0.014129052832462498,0.0,0.026589392625006775,0.28002297908253027,,,,
970,0.001,adam,971,62.517143964767456,0.014078385271408606,0.0,0.03040395290586384,0.318117914330047,,,,
971,0.001,adam,972,62.564664125442505,0.01405859369433621,0.0,0.033723613001499564,0.35129472370933185,,,,
972,0.001,adam,973,62.60460019111633,0.014189191875662954,0.0,0.030185682225837666,0.31604601413403965,,,,
973,0.001,adam,974,62.64658880233765,0.014238577419988041,0.0,0.03238527013588392,0.3380912787788273,,,,
974,0.001,adam,975,62.688520669937134,0.014277456801807557,0.0,0.02713002569289554,0.28557771373076296,,,,
975,0.001,adam,976,62.72118425369263,0.01439433803362547,0.0,0.02848080377799944,0.29920237581361986,,,,
976,0.001,adam,977,62.77404808998108,0.014277833705764669,0.0,0.028134696567052732,0.295624799376292,,,,
977,0.001,adam,978,62.81356120109558,0.014264850009150712,0.0,0.022923544480022522,0.24350029480937593,,,,
978,0.001,adam,979,62.847432374954224,0.014340230509052924,0.0,0.02836916398366316,0.2980318703456845,,,,
979,0.001,adam,980,62.8895206451416,0.014229079243551566,0.0,0.024470560753037593,0.2589346867739275,0.012462487641229317,0.0,0.022485883569433256,0.23732132333556188
980,0.001,adam,981,62.933159828186035,0.014175878860638829,0.0,0.022688294356045934,0.2410588224210982,,,,
981,0.001,adam,982,62.97544813156128,0.014203102914220875,0.0,0.02207042027336554,0.23490730564787626,,,,
982,0.001,adam,983,63.03290867805481,0.014126307440953605,0.0,0.02265852141886701,0.24071152162962373,,,,
983,0.001,adam,984,63.07919931411743,0.014117274417873148,0.0,0.024917429069485582,0.26329156511272894,,,,
984,0.001,adam,985,63.12446093559265,0.014149776027917074,0.0,0.017174966240237677,0.18589943843029383,,,,
985,0.001,adam,986,63.169291734695435,0.014066256159221208,0.0,0.020230818735441008,0.2163744435136313,,,,
986,0.001,adam,987,63.21600413322449,0.014048187879072657,0.0,0.02336186089289489,0.2476667968080216,,,,
987,0.001,adam,988,63.26340937614441,0.014115350013375402,0.0,0.026214416714107285,0.27625951715444824,,,,
988,0.001,adam,989,63.31466484069824,0.014088077140305057,0.0,0.01735384269024498,0.18762650404275485,,,,
989,0.001,adam,990,63.34983825683594,0.014081924461867755,0.0,0.026996861510802394,0.2840505395698917,,,,
990,0.001,adam,991,63.40850353240967,0.014066966079393728,0.0,0.023705591710958727,0.251122883188981,,,,
991,0.001,adam,992,63.44728994369507,0.013994513276750047,0.0,0.022511320245490275,0.2391077157316528,,,,
992,0.001,adam,993,63.49594473838806,0.013991640494726584,0.0,0.01613400189744985,0.17533165946922508,,,,
993,0.001,adam,994,63.545753717422485,0.014021605704115979,0.0,0.02168752795273516,0.23089688523146756,,,,
994,0.001,adam,995,63.596134185791016,0.013991171803510049,0.0,0.019940000326155415,0.21339117506506422,,,,
995,0.001,adam,996,63.641749143600464,0.013996301048546251,0.0,0.01802457091024449,0.19424201015099116,,,,
996,0.001,adam,997,63.68282771110535,0.013970290776468827,0.0,0.02434701985275046,0.25744048930397345,,,,
997,0.001,adam,998,63.72034764289856,0.013902899846150245,0.0,0.021928466398179282,0.23318756382794306,,,,
998,0.001,adam,999,63.752652168273926,0.013908500646680977,0.0,0.020043009060993842,0.21433859125661942,,,,
999,0.001,adam,1000,63.78876972198486,0.013928112974717187,0.0,0.021166804372165664,0.22559615669637384,0.012106389274157487,0.0,0.020014849902926277,0.21225488830342026
1000,0.001,adam,1001,63.83625149726868,0.013885317099727604,0.0,0.02204093292986484,0.234294646398376,,,,
1001,0.001,adam,1002,63.87112259864807,0.013891089457712405,0.0,0.019452342692945768,0.20841451638717007,,,,
1002,0.001,adam,1003,63.90814781188965,0.013854813144703729,0.0,0.02319568006282452,0.2458116137729489,,,,
1003,0.001,adam,1004,63.94825291633606,0.013844631525158468,0.0,0.021727555171214597,0.23112018323730443,,,,
1004,0.001,adam,1005,63.9962694644928,0.013881234997369839,0.0,0.020504836934363706,0.21892960434100692,,,,
1005,0.001,adam,1006,64.07240605354309,0.013876972038961813,0.0,0.02074370774649661,0.22131404950392794,,,,
1006,0.001,adam,1007,64.11989116668701,0.013866574678587425,0.0,0.0206920350438977,0.22078692511756443,,,,
1007,0.001,adam,1008,64.16894602775574,0.01388807133425679,0.0,0.020492733384066736,0.21881540517492415,,,,
1008,0.001,adam,1009,64.22661399841309,0.01384701837883486,0.0,0.019061289456124862,0.2044599129400835,,,,
1009,0.001,adam,1010,64.27315759658813,0.013845269891350398,0.0,0.018258574340584886,0.19643101329719928,,,,
1010,0.001,adam,1011,64.32743549346924,0.013878050531589673,0.0,0.017872846392593806,0.19260651445752772,,,,
1011,0.001,adam,1012,64.3806939125061,0.01386611092560521,0.0,0.019064445658656795,0.20451056751217317,,,,
1012,0.001,adam,1013,64.42994356155396,0.013884899441153497,0.0,0.01990433312233303,0.2129282306644838,,,,
1013,0.001,adam,1014,64.47836971282959,0.013876226104835252,0.0,0.020060390909374372,0.21448013519857895,,,,
1014,0.001,adam,1015,64.52419853210449,0.013902445559774029,0.0,0.017893275348518378,0.1928351990449578,,,,
1015,0.001,adam,1016,64.56726622581482,0.013956553348452149,0.0,0.017552590976325076,0.18948246311170291,,,,
1016,0.001,adam,1017,64.62172627449036,0.013977227328237257,0.0,0.017432176071441232,0.18829898804264958,,,,
1017,0.001,adam,1018,64.66688823699951,0.013962514053292045,0.0,0.01658619639759702,0.17982447802926224,,,,
1018,0.001,adam,1019,64.70949292182922,0.013936189255657752,0.0,0.023131309791391136,0.24524928716956912,,,,
1019,0.001,adam,1020,64.75781202316284,0.013895254943314799,0.0,0.01941760241428921,0.2080712790862069,0.012050545175286337,0.0,0.018553186202325392,0.19758240719854026
1020,0.001,adam,1021,64.82080101966858,0.013855741415990443,0.0,0.018349294804038387,0.1973486894563743,,,,
1021,0.001,adam,1022,64.87073040008545,0.013805809265561285,0.0,0.019085040329063767,0.20465621255619898,,,,
1022,0.001,adam,1023,64.91749620437622,0.01373599422818973,0.0,0.018283616052974183,0.19657215475793155,,,,
1023,0.001,adam,1024,64.95955657958984,0.01369307068924643,0.0,0.026875620690475,0.2824492775939964,,,,
1024,0.001,adam,1025,65.00900197029114,0.013650073097211697,0.0,0.018748795676348635,0.20113802986069804,,,,
1025,0.001,adam,1026,65.05388879776001,0.013657114807488506,0.0,0.01648263178936495,0.178483432701138,,,,
1026,0.001,adam,1027,65.08871483802795,0.013669936394474797,0.0,0.018010098701703135,0.19377092341150617,,,,
1027,0.001,adam,1028,65.12533926963806,0.013654862521816927,0.0,0.020651806714645386,0.2201729296682708,,,,
1028,0.001,adam,1029,65.16877889633179,0.01365690108583807,0.0,0.018631373760839603,0.1999706386942341,,,,
1029,0.001,adam,1030,65.19813656806946,0.013674256002785955,0.0,0.017115968637195618,0.18483394237474213,,,,
1030,0.001,adam,1031,65.23930859565735,0.013676597461831301,0.0,0.018615403539387645,0.19983063285570776,,,,
1031,0.001,adam,1032,65.2875587940216,0.013675190038342496,0.0,0.01896360320055565,0.203311222043899,,,,
1032,0.001,adam,1033,65.33056855201721,0.013667611071734346,0.0,0.017653497053212907,0.1902025816038634,,,,
1033,0.001,adam,1034,65.36300253868103,0.01365554687194301,0.0,0.016502487394106792,0.17868042081301092,,,,
1034,0.001,adam,1035,65.4013295173645,0.013627750927440757,0.0,0.01725000026803692,0.18612775360780995,,,,
1035,0.001,adam,1036,65.45265555381775,0.01361083272023003,0.0,0.018670797570750585,0.2003188084277359,,,,
1036,0.001,adam,1037,65.49194884300232,0.01359518452099162,0.0,0.01807604680198512,0.1943556525408428,,,,
1037,0.001,adam,1038,65.5291817188263,0.013573809826081204,0.0,0.021624682177962665,0.22982063160570784,,,,
1038,0.001,adam,1039,65.57273817062378,0.013563882581056572,0.0,0.021960504779957906,0.23316893038063563,,,,
1039,0.001,adam,1040,65.6355152130127,0.01354935166680911,0.0,0.01733080006140826,0.18685735228089173,0.011765117816089219,0.0,0.017410599176305885,0.18587110957914807
1040,0.001,adam,1041,65.70100784301758,0.013545906949036202,0.0,0.015361355126973925,0.16715945821877545,,,,
1041,0.001,adam,1042,65.75082588195801,0.013575556068977946,0.0,0.02045936955103543,0.21816925157933226,,,,
1042,0.001,adam,1043,65.80052733421326,0.013608060052010063,0.0,0.028568948292378625,0.2992975429757963,,,,
1043,0.001,adam,1044,65.8306257724762,0.013603055008381663,0.0,0.027410281046147067,0.28770586546985233,,,,
1044,0.001,adam,1045,65.87539792060852,0.013572017178801162,0.0,0.02044120737173559,0.21798409089615706,,,,
1045,0.001,adam,1046,65.92447423934937,0.013579811671413245,0.0,0.01908314884485727,0.20441130011998593,,,,
1046,0.001,adam,1047,65.96998429298401,0.013555704248604835,0.0,0.01904665963185148,0.20402230056711965,,,,
1047,0.001,adam,1048,66.01791334152222,0.013536174370394019,0.0,0.018567873197876627,0.19921490634916028,,,,
1048,0.001,adam,1049,66.05989241600037,0.01356390930521898,0.0,0.018175246997664502,0.195316379281864,,,,
1049,0.001,adam,1050,66.09906053543091,0.013577376785376035,0.0,0.01617781372774979,0.17535551406287395,,,,
1050,0.001,adam,1051,66.13564419746399,0.013596305098244542,0.0,0.01754830035455849,0.18907930864382944,,,,
1051,0.001,adam,1052,66.17393851280212,0.013601400373428088,0.0,0.019110795920206057,0.20470935957548866,,,,
1052,0.001,adam,1053,66.21739077568054,0.01356801992611816,0.0,0.021484942789232197,0.22841744781844014,,,,
1053,0.001,adam,1054,66.26162457466125,0.013575259037720054,0.0,0.017087357343000653,0.1844488324677266,,,,
1054,0.001,adam,1055,66.30265378952026,0.01354441171735764,0.0,0.01665707408404427,0.18011515255780033,,,,
1055,0.001,adam,1056,66.33615279197693,0.013534604834678976,0.0,0.018620761934942838,0.19974222418410734,,,,
1056,0.001,adam,1057,66.3954689502716,0.013511785025585078,0.0,0.018801403003261424,0.20152581505819933,,,,
1057,0.001,adam,1058,66.4555447101593,0.013503577975194173,0.0,0.02117864914886835,0.22529006946387767,,,,
1058,0.001,adam,1059,66.50339365005493,0.013520071866534977,0.0,0.019486412340954655,0.20838419527608154,,,,
1059,0.001,adam,1060,66.55864191055298,0.013553386022124846,0.0,0.02318603005318976,0.24541368655402246,0.011719500776394191,0.0,0.01689056311475202,0.1806251319239144
1060,0.001,adam,1061,66.64315342903137,0.013533351499631018,0.0,0.01800304677020347,0.1935638192016657,,,,
1061,0.001,adam,1062,66.68393635749817,0.013548070807931219,0.0,0.015810158671539166,0.17164965752332287,,,,
1062,0.001,adam,1063,66.74613237380981,0.013526686436740354,0.0,0.019716602732663496,0.2106927137633753,,,,
1063,0.001,adam,1064,66.79251432418823,0.013499935756745435,0.0,0.02039763028037369,0.21747623856048234,,,,
1064,0.001,adam,1065,66.8249409198761,0.01343792925360279,0.0,0.016164836321499166,0.17508629246859445,,,,
1065,0.001,adam,1066,66.89992713928223,0.013430391791565376,0.0,0.019373584742968304,0.2071662392212484,,,,
1066,0.001,adam,1067,66.94048619270325,0.01339506641630835,0.0,0.01815686772395497,0.19496374365585806,,,,
1067,0.001,adam,1068,66.97335743904114,0.013391540857440315,0.0,0.014547733569788506,0.1588688765553254,,,,
1068,0.001,adam,1069,67.01414370536804,0.013379049085724225,0.0,0.01762422648692271,0.18962131395495135,,,,
1069,0.001,adam,1070,67.05553603172302,0.013388653329387705,0.0,0.015479563892994114,0.16818429225932885,,,,
1070,0.001,adam,1071,67.10267305374146,0.013409456596715592,0.0,0.015667560564243982,0.1700850622391554,,,,
1071,0.001,adam,1072,67.15154647827148,0.013414283093480913,0.0,0.01956131605207099,0.2090274436141908,,,,
1072,0.001,adam,1073,67.19748067855835,0.013421452785787403,0.0,0.015110150262968353,0.16452295541547093,,,,
1073,0.001,adam,1074,67.23775959014893,0.013410337171486333,0.0,0.017500770138620923,0.18841803855769557,,,,
1074,0.001,adam,1075,67.28635931015015,0.013414183308582671,0.0,0.018060953845392646,0.19402372176250915,,,,
1075,0.001,adam,1076,67.32443356513977,0.013402422326456985,0.0,0.016103705824226537,0.17443948056872238,,,,
1076,0.001,adam,1077,67.35337042808533,0.013388346352612317,0.0,0.01778949396622969,0.19128328601490924,,,,
1077,0.001,adam,1078,67.38696098327637,0.01338024755122173,0.0,0.01740923272977172,0.1874725748489389,,,,
1078,0.001,adam,1079,67.4267270565033,0.013371404409050769,0.0,0.022995715696969683,0.2433285613787476,,,,
1079,0.001,adam,1080,67.46657872200012,0.013383468728456843,0.0,0.02057299300396674,0.21911339876812425,0.011522500140416855,0.0,0.01810438145592474,0.1925663146996643
1080,0.001,adam,1081,67.52539658546448,0.013351438861084648,0.0,0.0205239429542659,0.21859086840374364,,,,
1081,0.001,adam,1082,67.56303691864014,0.013348740173476722,0.0,0.01967730732770392,0.21012181345051595,,,,
1082,0.001,adam,1083,67.58814549446106,0.013323039558570225,0.0,0.023811426138802504,0.2514373009465953,,,,
1083,0.001,adam,1084,67.62882351875305,0.01332310642315204,0.0,0.020047528124180935,0.2137983876649614,,,,
1084,0.001,adam,1085,67.67023634910583,0.013300816163780857,0.0,0.020321024821772813,0.21651106438150897,,,,
1085,0.001,adam,1086,67.70660519599915,0.013298987911066127,0.0,0.019629053214536896,0.20958952005643508,,,,
1086,0.001,adam,1087,67.755690574646,0.013293743785862205,0.0,0.01667974366986418,0.18009118048450398,,,,
1087,0.001,adam,1088,67.79687643051147,0.013312517466727252,0.0,0.018983180257619758,0.20314432004292485,,,,
1088,0.001,adam,1089,67.84080338478088,0.01332346671092402,0.0,0.021437062200127754,0.22769408871220156,,,,
1089,0.001,adam,1090,67.89486646652222,0.01331981973552348,0.0,0.02708358580594571,0.2841556777949806,,,,
1090,0.001,adam,1091,67.93548655509949,0.013361631643379775,0.0,0.03060520113090547,0.31941364295243446,,,,
1091,0.001,adam,1092,67.98946690559387,0.013358126600790467,0.0,0.03477556185085766,0.36111374510936706,,,,
1092,0.001,adam,1093,68.04525017738342,0.013375526388845392,0.0,0.023463064141163694,0.24800616780048235,,,,
1093,0.001,adam,1094,68.08717083930969,0.013368838019688672,0.0,0.020299604555203157,0.21636488357172023,,,,
1094,0.001,adam,1095,68.13822340965271,0.013365660663502962,0.0,0.014433691035014268,0.15770257101364565,,,,
1095,0.001,adam,1096,68.18846940994263,0.013369294181034804,0.0,0.023688412980491413,0.25025342398594896,,,,
1096,0.001,adam,1097,68.23780989646912,0.013350114124571788,0.0,0.026682542728685497,0.28017554141142675,,,,
1097,0.001,adam,1098,68.30834603309631,0.01334542109913893,0.0,0.02549868381347341,0.26833225923387305,,,,
1098,0.001,adam,1099,68.37034177780151,0.013273078884292636,0.0,0.02699549997616533,0.2832280786459459,,,,
1099,0.001,adam,1100,68.41150379180908,0.013279184389694524,0.0,0.025696626913593517,0.2702454535256297,0.011439810925936576,0.0,0.01944179418209012,0.20585775274683776
1100,0.001,adam,1101,68.47908854484558,0.013210573798038238,0.0,0.021024540384924857,0.2234559776472868,,,,
1101,0.001,adam,1102,68.52368879318237,0.0132017431490815,0.0,0.019393931056861047,0.20714105371769198,,,,
1102,0.001,adam,1103,68.56555771827698,0.013247545980563172,0.0,0.019878558600465328,0.21203313198521645,,,,
1103,0.001,adam,1104,68.60904431343079,0.013218140651840125,0.0,0.026372703427774997,0.2769451749295901,,,,
1104,0.001,adam,1105,68.64138460159302,0.013229653505813456,0.0,0.02132727440689556,0.22650239757476903,,,,
1105,0.001,adam,1106,68.69590950012207,0.013197777826310798,0.0,0.019166358257953035,0.20486136040584116,,,,
1106,0.001,adam,1107,68.73983383178711,0.013142329013615848,0.0,0.020851522508537383,0.22165755409898968,,,,
1107,0.001,adam,1108,68.7906596660614,0.013136404070959156,0.0,0.019505914202230183,0.208195546093261,,,,
1108,0.001,adam,1109,68.83307671546936,0.013087552444659159,0.0,0.024095974687063693,0.25404729931529607,,,,
1109,0.001,adam,1110,68.87019610404968,0.013079026896113368,0.0,0.028083443231102158,0.2939134592071349,,,,
1110,0.001,adam,1111,68.9021110534668,0.013057848065501565,0.0,0.023402117236333255,0.24707902042883412,,,,
1111,0.001,adam,1112,68.94282650947571,0.013106361282581603,0.0,0.01562788025069011,0.16938516378948273,,,,
1112,0.001,adam,1113,68.98392248153687,0.013108328352302285,0.0,0.014184148175595577,0.15494981010825803,,,,
1113,0.001,adam,1114,69.02893543243408,0.013132983501332905,0.0,0.02114467641504888,0.2245797476518217,,,,
1114,0.001,adam,1115,69.07653403282166,0.013147396037887995,0.0,0.023523118141497736,0.24837857745286537,,,,
1115,0.001,adam,1116,69.12427997589111,0.013113855589103818,0.0,0.020803130811887578,0.2211451637079796,,,,
1116,0.001,adam,1117,69.16841673851013,0.013182403566843186,0.0,0.01863868444379251,0.19956924800476827,,,,
1117,0.001,adam,1118,69.21901750564575,0.013164194146879896,0.0,0.013308958733214332,0.1462537814790232,,,,
1118,0.001,adam,1119,69.25882172584534,0.01317983820241732,0.0,0.02321379667394404,0.24531780494185776,,,,
1119,0.001,adam,1120,69.3050127029419,0.013219176505160184,0.0,0.028725612241735254,0.30047529892251273,0.011389998408625788,0.0,0.027945011897244968,0.2908401173810755
1120,0.001,adam,1121,69.36370134353638,0.013122984882446736,0.0,0.02901379565901254,0.30326094147257215,,,,
1121,0.001,adam,1122,69.39541101455688,0.013146785288725727,0.0,0.02407355569799654,0.2538823422686911,,,,
1122,0.001,adam,1123,69.43239688873291,0.013096197567412458,0.0,0.015432699333463085,0.1674231909020433,,,,
1123,0.001,adam,1124,69.4702959060669,0.013067642127446424,0.0,0.018057339264391264,0.19364103477135908,,,,
1124,0.001,adam,1125,69.51329851150513,0.013100925112262195,0.0,0.02256025978211155,0.23870352293337765,,,,
1125,0.001,adam,1126,69.5599000453949,0.013048050340011172,0.0,0.024386478704338372,0.2569128373833949,,,,
1126,0.001,adam,1127,69.62645554542542,0.013058388035520061,0.0,0.020086793996016157,0.21392632799568162,,,,
1127,0.001,adam,1128,69.67813992500305,0.013062445486341667,0.0,0.019777287155490767,0.21083531704124933,,,,
1128,0.001,adam,1129,69.72333264350891,0.013040033199110604,0.0,0.022044659035944197,0.23348662355855257,,,,
1129,0.001,adam,1130,69.76482963562012,0.013100229497658131,0.0,0.021701992380150772,0.23012015329916585,,,,
1130,0.001,adam,1131,69.79954719543457,0.013062686233468537,0.0,0.027128592701092868,0.2843486132443972,,,,
1131,0.001,adam,1132,69.84407567977905,0.01305277877304533,0.0,0.018527255706051165,0.198325335833557,,,,
1132,0.001,adam,1133,69.8880364894867,0.013064772894610121,0.0,0.015447123045058703,0.16753600334519714,,,,
1133,0.001,adam,1134,69.94406938552856,0.013040499298040586,0.0,0.018394527768073154,0.19698577697877212,,,,
1134,0.001,adam,1135,69.9879720211029,0.013014247025763,0.0,0.018787224531133635,0.20088649233709935,,,,
1135,0.001,adam,1136,70.03644561767578,0.012983122329606585,0.0,0.0176193898845124,0.18917702117473056,,,,
1136,0.001,adam,1137,70.08894109725952,0.012951666645578319,0.0,0.015101171862894813,0.16396338527452645,,,,
1137,0.001,adam,1138,70.14690399169922,0.012946419534264987,0.0,0.018683402990106734,0.19978044943533232,,,,
1138,0.001,adam,1139,70.19587445259094,0.012947586119545332,0.0,0.016843597763124163,0.18138356375078696,,,,
1139,0.001,adam,1140,70.24431800842285,0.012952043776988765,0.0,0.018869402836313283,0.2016460721401216,0.011204348227866994,0.0,0.017098523479565045,0.18218958302351745
1140,0.001,adam,1141,70.28926515579224,0.012962901172384994,0.0,0.014866804261182778,0.16163094378421278,,,,
1141,0.001,adam,1142,70.33992218971252,0.012989295490791608,0.0,0.014203933603876862,0.15502863152956023,,,,
1142,0.001,adam,1143,70.37610268592834,0.012986570450841135,0.0,0.014850378915097556,0.1614903596018167,,,,
1143,0.001,adam,1144,70.41462922096252,0.012967476535190264,0.0,0.016303915797414047,0.17600663450933074,,,,
1144,0.001,adam,1145,70.45253562927246,0.012995855978797854,0.0,0.017801806511103635,0.1910139210898342,,,,
1145,0.001,adam,1146,70.49234795570374,0.01298962336123556,0.0,0.015818219215536562,0.17117181551660116,,,,
1146,0.001,adam,1147,70.54009890556335,0.013021444198419193,0.0,0.020324588991961885,0.21626733411803803,,,,
1147,0.001,adam,1148,70.59556889533997,0.01301757107558356,0.0,0.015352592310582554,0.16654349418140912,,,,
1148,0.001,adam,1149,70.63543939590454,0.013006495214089267,0.0,0.017288034398390034,0.1858868391979896,,,,
1149,0.001,adam,1150,70.67775416374207,0.013043480720452956,0.0,0.019785673563975655,0.21090021636020947,,,,
1150,0.001,adam,1151,70.7210910320282,0.01302283346357716,0.0,0.02108145896136434,0.22383742307722057,,,,
1151,0.001,adam,1152,70.76573514938354,0.013032152840931514,0.0,0.018753858510120146,0.20057073794213298,,,,
1152,0.001,adam,1153,70.80472326278687,0.013008172912905406,0.0,0.017617346267702776,0.18918163558993317,,,,
1153,0.001,adam,1154,70.84656739234924,0.012983697709134224,0.0,0.014514408060200277,0.15812777831113697,,,,
1154,0.001,adam,1155,70.8921525478363,0.012996384140002499,0.0,0.01663462737852455,0.17934265792524803,,,,
1155,0.001,adam,1156,70.92509245872498,0.012981515047029461,0.0,0.014479809447461148,0.15777960952164094,,,,
1156,0.001,adam,1157,70.96662378311157,0.01296243333984504,0.0,0.015093444179649414,0.1638968751363392,,,,
1157,0.001,adam,1158,71.00727486610413,0.012979909031490945,0.0,0.021282797376007967,0.2258078827915706,,,,
1158,0.001,adam,1159,71.05797910690308,0.012953913581084376,0.0,0.020126780903991105,0.21422172262099543,,,,
1159,0.001,adam,1160,71.09891629219055,0.012956627170744563,0.0,0.02247847587355891,0.23774138590633367,0.01116713140501497,0.0,0.020312572900280424,0.2142928604078192
1160,0.001,adam,1161,71.15188980102539,0.012940746381637704,0.0,0.019894645688468122,0.2118872032663189,,,,
1161,0.001,adam,1162,71.18280243873596,0.012954398375563201,0.0,0.022088115368014354,0.23383555205570675,,,,
1162,0.001,adam,1163,71.22155451774597,0.012945841906950925,0.0,0.020509261958886058,0.2180384614958115,,,,
1163,0.001,adam,1164,71.25950813293457,0.012943918912980103,0.0,0.018006977309572743,0.19301369200870752,,,,
1164,0.001,adam,1165,71.30222296714783,0.012915102038739325,0.0,0.017904294494714944,0.19195804698588878,,,,
1165,0.001,adam,1166,71.33321046829224,0.012918731585825256,0.0,0.018332339718841042,0.1962421287742357,,,,
1166,0.001,adam,1167,71.37279605865479,0.012914234148579857,0.0,0.017673310158434104,0.1896473357329209,,,,
1167,0.001,adam,1168,71.4120020866394,0.012914089703119526,0.0,0.022671957952157196,0.23963366922469148,,,,
1168,0.001,adam,1169,71.45986723899841,0.012904200131907484,0.0,0.01952210498210669,0.20812524995297438,,,,
1169,0.001,adam,1170,71.50983238220215,0.012875660541277364,0.0,0.013514860011897131,0.14802426066024868,,,,
1170,0.001,adam,1171,71.56817388534546,0.012872785985977122,0.0,0.016712902204035415,0.18000180802633128,,,,
1171,0.001,adam,1172,71.61342668533325,0.012881584091754036,0.0,0.018953369997730476,0.2024152840690588,,,,
1172,0.001,adam,1173,71.66672039031982,0.01285935095012626,0.0,0.019126414649165157,0.20412349744177782,,,,
1173,0.001,adam,1174,71.71425485610962,0.012835947876297,0.0,0.02229444305723527,0.23578037844864969,,,,
1174,0.001,adam,1175,71.75207376480103,0.01280804093962402,0.0,0.019210403472421023,0.20491207566383424,,,,
1175,0.001,adam,1176,71.79224896430969,0.012805793609292116,0.0,0.016715400156359982,0.17995979517289196,,,,
1176,0.001,adam,1177,71.82892417907715,0.012834112367271786,0.0,0.014908756934921325,0.16192168171648502,,,,
1177,0.001,adam,1178,71.87100672721863,0.012843974807428413,0.0,0.015643391893211435,0.16927789373954275,,,,
1178,0.001,adam,1179,71.90412211418152,0.012867705227971853,0.0,0.01608348466342209,0.17370255186219274,,,,
1179,0.001,adam,1180,71.94539499282837,0.01288469461940162,0.0,0.018439887351794537,0.197283568137347,0.01111398225917971,0.0,0.015703054456693923,0.16814452682611894
1180,0.001,adam,1181,72.00430488586426,0.012896938294324829,0.0,0.016061202381673547,0.17350896211106032,,,,
1181,0.001,adam,1182,72.05000233650208,0.012896080446733044,0.0,0.014071062049607879,0.15360670094281184,,,,
1182,0.001,adam,1183,72.10294651985168,0.012884226255777505,0.0,0.013632030202039857,0.14920452827617608,,,,
1183,0.001,adam,1184,72.14137864112854,0.012861925120740475,0.0,0.015689884000149125,0.1697607651222317,,,,
1184,0.001,adam,1185,72.17661499977112,0.012839972865358049,0.0,0.016145649275087454,0.17429646561623258,,,,
1185,0.001,adam,1186,72.21483778953552,0.012825667641196617,0.0,0.014601996283287946,0.15884563047407607,,,,
1186,0.001,adam,1187,72.25005388259888,0.012821423364847113,0.0,0.01285645544987781,0.14138597786362522,,,,
1187,0.001,adam,1188,72.28101587295532,0.012796001657699391,0.0,0.01880261012452743,0.2008221029029737,,,,
1188,0.001,adam,1189,72.32231116294861,0.012765691999325547,0.0,0.01570729061392213,0.16983859813854685,,,,
1189,0.001,adam,1190,72.35335779190063,0.012737731668603682,0.0,0.020081393260788994,0.2135516642764936,,,,
1190,0.001,adam,1191,72.38961791992188,0.01273411495474624,0.0,0.013613964376890695,0.1488737587236532,,,,
1191,0.001,adam,1192,72.44257307052612,0.01274377375675773,0.0,0.014851624441104291,0.16126001816780064,,,,
1192,0.001,adam,1193,72.48006892204285,0.012739649962497065,0.0,0.0141148678302544,0.15388832826504106,,,,
1193,0.001,adam,1194,72.5197536945343,0.012750096031301526,0.0,0.015466885160317134,0.16741894763447288,,,,
1194,0.001,adam,1195,72.55274653434753,0.012746318390508157,0.0,0.015242552371312376,0.16517184210363192,,,,
1195,0.001,adam,1196,72.58781480789185,0.012741534304123187,0.0,0.013868380090302796,0.15142533520715115,,,,
1196,0.001,adam,1197,72.63063502311707,0.012765061407244167,0.0,0.013943126070983072,0.1521963221170749,,,,
1197,0.001,adam,1198,72.67242574691772,0.012736581572442908,0.0,0.014704665119710737,0.15978323276955025,,,,
1198,0.001,adam,1199,72.72463202476501,0.012711200455793737,0.0,0.01735339707553173,0.18624517121111103,,,,
1199,0.001,adam,1200,72.77194046974182,0.01269785639931662,0.0,0.015302687869785458,0.1657247350971712,0.010936186914430886,0.0,0.014635516005442994,0.15729134696886082
1200,0.001,adam,1201,72.82249450683594,0.012665058401205126,0.0,0.014707668264153578,0.15974174104274091,,,,
1201,0.001,adam,1202,72.85496973991394,0.012668173505995275,0.0,0.016140869117137826,0.17407686467737354,,,,
1202,0.001,adam,1203,72.90140295028687,0.012670617094749577,0.0,0.015624279951791947,0.16891341661266904,,,,
1203,0.001,adam,1204,72.95049381256104,0.012688604889551225,0.0,0.01923066999522043,0.20499530484175552,,,,
1204,0.001,adam,1205,72.99553894996643,0.012705754975725427,0.0,0.01754336069659839,0.18813936194170935,,,,
1205,0.001,adam,1206,73.05221223831177,0.012754724002715606,0.0,0.03509982312153379,0.3637529552180535,,,,
1206,0.001,adam,1207,73.10331392288208,0.012807638850527681,0.0,0.05855451097118797,0.5983527485624074,,,,
1207,0.001,adam,1208,73.15285348892212,0.012941830935660738,0.0,0.08207713382740442,0.833713169209705,,,,
1208,0.001,adam,1209,73.20443272590637,0.012857229922446202,0.0,0.08411550957023088,0.854012325624755,,,,
1209,0.001,adam,1210,73.24566149711609,0.012866872925489383,0.0,0.05416792269961144,0.5545460999216038,,,,
1210,0.001,adam,1211,73.28142881393433,0.012768707831741227,0.0,0.01983368063190454,0.2111055141507866,,,,
1211,0.001,adam,1212,73.31573987007141,0.012755887112054515,0.0,0.022550718752917573,0.23826307464123025,,,,
1212,0.001,adam,1213,73.36513066291809,0.01287234513607228,0.0,0.04069805594701299,0.41985290460620217,,,,
1213,0.001,adam,1214,73.41561818122864,0.01271427021655819,0.0,0.026492556300058496,0.27763983321714314,,,,
1214,0.001,adam,1215,73.45911002159119,0.012662605048403419,0.0,0.01727575645047332,0.18542016955313664,,,,
1215,0.001,adam,1216,73.49607682228088,0.01268097663194727,0.0,0.02611325732203998,0.27381354985234707,,,,
1216,0.001,adam,1217,73.53667759895325,0.012606134099572055,0.0,0.018956986710163187,0.20217600120120394,,,,
1217,0.001,adam,1218,73.58398914337158,0.01260330401440327,0.0,0.014753203531145353,0.1601353393258568,,,,
1218,0.001,adam,1219,73.6298143863678,0.012670962987223507,0.0,0.02007468086244045,0.213417771611628,,,,
1219,0.001,adam,1220,73.68173885345459,0.01260257651691941,0.0,0.01684819878112907,0.1810845643282101,0.010956470241118673,0.0,0.015572825726610139,0.16668472750722008
1220,0.001,adam,1221,73.7306456565857,0.012616648298567892,0.0,0.016969303443966976,0.18230968273823767,,,,
1221,0.001,adam,1222,73.7639856338501,0.012687134574889812,0.0,0.016336330955885985,0.17605044413374968,,,,
1222,0.001,adam,1223,73.82597231864929,0.012643674134962682,0.0,0.036544516202028095,0.37808883615524363,,,,
1223,0.001,adam,1224,73.8700156211853,0.01267356907461454,0.0,0.015222654871135338,0.16490011778596791,,,,
1224,0.001,adam,1225,73.91000056266785,0.012705070741589492,0.0,0.017711564417421687,0.18982071491580638,,,,
1225,0.001,adam,1226,73.94511270523071,0.012632285641331712,0.0,0.019647401307299913,0.20910629871433084,,,,
1226,0.001,adam,1227,73.97766327857971,0.012659227744846976,0.0,0.01618676009714093,0.17452682871625627,,,,
1227,0.001,adam,1228,74.01947140693665,0.012633692155657324,0.0,0.015968601283587062,0.17231970499152796,,,,
1228,0.001,adam,1229,74.04962611198425,0.012591383364554376,0.0,0.01944842641946159,0.20707564755917027,,,,
1229,0.001,adam,1230,74.08193683624268,0.012630682570854186,0.0,0.013682903849490257,0.14945972106575675,,,,
1230,0.001,adam,1231,74.14810991287231,0.012634383707444656,0.0,0.017545730582705865,0.1880916895345033,,,,
1231,0.001,adam,1232,74.19071936607361,0.01256471125213345,0.0,0.019560425885705647,0.20816897010918992,,,,
1232,0.001,adam,1233,74.23460555076599,0.012579005816839121,0.0,0.015327734183539925,0.1658563476522384,,,,
1233,0.001,adam,1234,74.28307223320007,0.012620862778475603,0.0,0.016698315463666052,0.17960401741513612,,,,
1234,0.001,adam,1235,74.34648489952087,0.012610895975147716,0.0,0.01575206283221737,0.1701315242973214,,,,
1235,0.001,adam,1236,74.37865257263184,0.012619268903460554,0.0,0.0138600950922813,0.15122021982627354,,,,
1236,0.001,adam,1237,74.42520022392273,0.012633187063692384,0.0,0.015521234280847913,0.1678455298721715,,,,
1237,0.001,adam,1238,74.47387766838074,0.012648915622988968,0.0,0.013186441584125741,0.1445133314642464,,,,
1238,0.001,adam,1239,74.51624345779419,0.012658684574505471,0.0,0.01396731840435359,0.15233186861804138,,,,
1239,0.001,adam,1240,74.55607104301453,0.012635801799392315,0.0,0.012517707840945436,0.13781288020884666,0.01090479838945647,0.0,0.014203603807659497,0.15294083646605144
1240,0.001,adam,1241,74.61766648292542,0.012611227156916637,0.0,0.013159878042800898,0.14421000758492564,,,,
1241,0.001,adam,1242,74.65820789337158,0.012635197915423498,0.0,0.014505935035493064,0.15769454827035415,,,,
1242,0.001,adam,1243,74.69600534439087,0.01260149110181502,0.0,0.015134770878592264,0.16394919988773765,,,,
1243,0.001,adam,1244,74.75459361076355,0.012567079223456587,0.0,0.013877819806885905,0.15134527729231564,,,,
1244,0.001,adam,1245,74.79624223709106,0.012558362450900236,0.0,0.014068555396743487,0.1532439164183351,,,,
1245,0.001,adam,1246,74.85957384109497,0.012545888688269995,0.0,0.013319824052060104,0.14574412920887103,,,,
1246,0.001,adam,1247,74.90450835227966,0.012528263640786401,0.0,0.01598812297286002,0.1724094933693866,,,,
1247,0.001,adam,1248,74.94731426239014,0.012517974617225355,0.0,0.024184492642092034,0.2543629010381457,,,,
1248,0.001,adam,1249,74.99226117134094,0.01253784151426931,0.0,0.014359077286687968,0.156128614381149,,,,
1249,0.001,adam,1250,75.02969717979431,0.012552003090048868,0.0,0.014291231406829679,0.15546431715834566,,,,
1250,0.001,adam,1251,75.07022738456726,0.012543638438125749,0.0,0.014138541018458748,0.15392904862271323,,,,
1251,0.001,adam,1252,75.10586547851562,0.012515880399937588,0.0,0.016338256563614675,0.17589844603608434,,,,
1252,0.001,adam,1253,75.15244722366333,0.012507539407317917,0.0,0.013567178450026907,0.14817932390758698,,,,
1253,0.001,adam,1254,75.19660115242004,0.012474382163251037,0.0,0.013618841450136828,0.14866279666461932,,,,
1254,0.001,adam,1255,75.24163699150085,0.012449293598677226,0.0,0.013886100848869834,0.15131030208737556,,,,
1255,0.001,adam,1256,75.27857828140259,0.012450442734479332,0.0,0.013775581755616429,0.15020626029064363,,,,
1256,0.001,adam,1257,75.315505027771,0.012433062972340866,0.0,0.015092728761917251,0.16336035059151338,,,,
1257,0.001,adam,1258,75.35788297653198,0.012423178042490319,0.0,0.0144368740387131,0.1567919184296213,,,,
1258,0.001,adam,1259,75.39286065101624,0.012438384406846711,0.0,0.013339204850384081,0.14583043291068754,,,,
1259,0.001,adam,1260,75.42941689491272,0.012440518561775667,0.0,0.014294714143053597,0.15538765999231163,0.010724211274323912,0.0,0.013351921564986163,0.14424342692418554
1260,0.001,adam,1261,75.49482274055481,0.012460999505118841,0.0,0.013631678763103778,0.1487777871361566,,,,
1261,0.001,adam,1262,75.55302691459656,0.012493600769266295,0.0,0.01216020123001114,0.13409561306937767,,,,
1262,0.001,adam,1263,75.58790421485901,0.01248739657582265,0.0,0.014096895253520151,0.15345634911102415,,,,
1263,0.001,adam,1264,75.62795567512512,0.012509297599262639,0.0,0.012136167613063182,0.13387097372989445,,,,
1264,0.001,adam,1265,75.67046427726746,0.012523315962201017,0.0,0.014420732705148381,0.15673064301368483,,,,
1265,0.001,adam,1266,75.70606470108032,0.012529633172849872,0.0,0.013865713299236502,0.15118676616521487,,,,
1266,0.001,adam,1267,75.75747799873352,0.012539848152517918,0.0,0.014999298782977549,0.1625328359822934,,,,
1267,0.001,adam,1268,75.80182123184204,0.012523891100944885,0.0,0.016230076577130832,0.17482465687225318,,,,
1268,0.001,adam,1269,75.84944272041321,0.012510984277628737,0.0,0.014930270594763683,0.16181369022526557,,,,
1269,0.001,adam,1270,75.89305424690247,0.012533441444693757,0.0,0.011536452786975205,0.1278979693144458,,,,
1270,0.001,adam,1271,75.93850207328796,0.01252638245450197,0.0,0.014355950030994057,0.15608588276444255,,,,
1271,0.001,adam,1272,75.98334884643555,0.012530300305137939,0.0,0.01654529268906326,0.17798322719577056,,,,
1272,0.001,adam,1273,76.02032709121704,0.0125441236427415,0.0,0.018960414010223917,0.20214826374498066,,,,
1273,0.001,adam,1274,76.08334851264954,0.012549302309253637,0.0,0.017813777663248317,0.1906870789417368,,,,
1274,0.001,adam,1275,76.12380480766296,0.012541792813210575,0.0,0.015216060193016728,0.16470239474337786,,,,
1275,0.001,adam,1276,76.1504476070404,0.012518209026135351,0.0,0.014244397082303498,0.15496217984917032,,,,
1276,0.001,adam,1277,76.18959951400757,0.012526214359784628,0.0,0.01525461623424279,0.16507237670221253,,,,
1277,0.001,adam,1278,76.23134136199951,0.012485359697746752,0.0,0.018070328819603902,0.1931886478937858,,,,
1278,0.001,adam,1279,76.27043294906616,0.012462831084964857,0.0,0.019799128699979095,0.2104541180847558,,,,
1279,0.001,adam,1280,76.30416774749756,0.012434847369176926,0.0,0.01624802756786024,0.17491512304777934,0.01074358443436508,0.0,0.01333735930373781,0.14411717747174316
1280,0.001,adam,1281,76.36908960342407,0.012435366017632154,0.0,0.01361008227839155,0.14853618880154765,,,,
1281,0.001,adam,1282,76.41738724708557,0.012460393683075586,0.0,0.3220274478850058,3.2327348725331335,,,,
1282,0.001,adam,1283,76.46783828735352,0.012474528213064107,0.0,0.02158099381859427,0.2282844663990068,,,,
1283,0.001,adam,1284,76.51323103904724,0.01248005101267027,0.0,0.022580715594642704,0.2382872069590973,,,,
1284,0.001,adam,1285,76.55520939826965,0.0125040472082081,0.0,0.018580279346537283,0.19830684067358093,,,,
1285,0.001,adam,1286,76.58822751045227,0.012504830914625223,0.0,0.011489466565941303,0.12739949657403826,,,,
1286,0.001,adam,1287,76.62822580337524,0.012522798230690637,0.0,0.01374007911512333,0.14992358938192393,,,,
1287,0.001,adam,1288,76.67200112342834,0.01256355463689033,0.0,0.01567133865418403,0.16927694117873063,,,,
1288,0.001,adam,1289,76.70997309684753,0.012532278736448917,0.0,0.017037649470635557,0.18290877344280448,,,,
1289,0.001,adam,1290,76.73948574066162,0.012513390253340369,0.0,0.01822430435549604,0.19475643380830077,,,,
1290,0.001,adam,1291,76.77748847007751,0.012498619996347946,0.0,0.012328257142406724,0.13578119142041517,,,,
1291,0.001,adam,1292,76.81690573692322,0.012446753396376567,0.0,0.011815469127009353,0.1306014446664701,,,,
1292,0.001,adam,1293,76.85235643386841,0.012405334174036078,0.0,0.332583285763845,3.3382381918124864,,,,
1293,0.001,adam,1294,76.8884596824646,0.012399935535811375,0.0,0.017560203288827812,0.1880019684240895,,,,
1294,0.001,adam,1295,76.93632960319519,0.01240783242636131,0.0,0.017247530975902804,0.18488314218538934,,,,
1295,0.001,adam,1296,76.97510051727295,0.012381297644057654,0.0,0.017757356271347464,0.18995486035753228,,,,
1296,0.001,adam,1297,77.00449013710022,0.012397791032838786,0.0,0.01459622322047501,0.15836002323758888,,,,
1297,0.001,adam,1298,77.0441825389862,0.012399392535778545,0.0,0.014479569817312443,0.15719509070890297,,,,
1298,0.001,adam,1299,77.08570551872253,0.012433418278481972,0.0,0.01845150305840636,0.19694844886254556,,,,
1299,0.001,adam,1300,77.1319887638092,0.012437838010175018,0.0,0.2789278919630623,2.8017167576407975,0.010792538169007807,0.0,0.013747073137386007,0.14826326954286786
1300,0.001,adam,1301,77.18510556221008,0.012480457242213278,0.0,0.012870346441582674,0.14118392165804003,,,,
1301,0.001,adam,1302,77.23589968681335,0.012542271784308183,0.0,0.014003490127365598,0.15257717305796417,,,,
1302,0.001,adam,1303,77.28904628753662,0.01250963333220116,0.0,0.012814677462848062,0.14065640796068177,,,,
1303,0.001,adam,1304,77.34272313117981,0.012531927203698487,0.0,0.012986380054741491,0.14239572775111342,,,,
1304,0.001,adam,1305,77.38054943084717,0.012512057944823587,0.0,0.03691710559234609,0.38168311386828446,,,,
1305,0.001,adam,1306,77.41601490974426,0.012466366977740211,0.0,0.013478710387797488,0.14725347085571508,,,,
1306,0.001,adam,1307,77.47488570213318,0.012449260731648863,0.0,0.01374062294699709,0.14985549020161976,,,,
1307,0.001,adam,1308,77.51588439941406,0.012432436170339614,0.0,0.012515423643932317,0.13758667260966279,,,,
1308,0.001,adam,1309,77.56242632865906,0.012394035511635195,0.0,0.012644641660266479,0.1388404521143,,,,
1309,0.001,adam,1310,77.61282849311829,0.012390000364949978,0.0,0.01219654468047537,0.13435544716970368,,,,
1310,0.001,adam,1311,77.66066646575928,0.012426357602222347,0.0,0.013913225482874592,0.15155861243096827,,,,
1311,0.001,adam,1312,77.70451140403748,0.012451880176385845,0.0,0.011849305403459267,0.13094493421097853,,,,
1312,0.001,adam,1313,77.75295209884644,0.012459169136565742,0.0,0.017191373218804897,0.18437290132461473,,,,
1313,0.001,adam,1314,77.80226182937622,0.012423566675147529,0.0,0.01375772444002878,0.1500008110754353,,,,
1314,0.001,adam,1315,77.84520769119263,0.012428950285350326,0.0,0.0261089407208017,0.27351835749336734,,,,
1315,0.001,adam,1316,77.87719535827637,0.012445311247550746,0.0,0.02122862559776308,0.22473156722518153,,,,
1316,0.001,adam,1317,77.92048645019531,0.012363401560180723,0.0,0.023184568778514207,0.24420908934532282,,,,
1317,0.001,adam,1318,77.95457434654236,0.012379909189394564,0.0,0.014343515451902322,0.1558150637084178,,,,
1318,0.001,adam,1319,77.99488067626953,0.012359451822096815,0.0,0.021874419672941493,0.23110364855151172,,,,
1319,0.001,adam,1320,78.03747749328613,0.012330592740322647,0.0,0.014263828802272217,0.1549688807630448,0.010684620580795473,0.0,0.013739058891528037,0.14807520949607586
1320,0.001,adam,1321,78.08922791481018,0.0123854831240834,0.0,0.018187191406235086,0.19425739718643428,,,,
1321,0.001,adam,1322,78.12960743904114,0.01243302532824674,0.0,0.012794454444925945,0.1403775697775062,,,,
1322,0.001,adam,1323,78.16301226615906,0.012431544751754203,0.0,0.014101088609703475,0.15344243084878895,,,,
1323,0.001,adam,1324,78.19672679901123,0.012415776225256758,0.0,0.013815530662186793,0.15057108284712467,,,,
1324,0.001,adam,1325,78.2272629737854,0.01246719104734975,0.0,0.011758582842941418,0.13005301947676393,,,,
1325,0.001,adam,1326,78.26657247543335,0.012402017222973941,0.0,0.01761178435151208,0.18851986073809476,,,,
1326,0.001,adam,1327,78.30869674682617,0.012353856790109379,0.0,0.020850773364093796,0.22086159043104736,,,,
1327,0.001,adam,1328,78.35007667541504,0.012434584296150589,0.0,0.023671545014742553,0.24915003444357614,,,,
1328,0.001,adam,1329,78.3935706615448,0.01229922118598942,0.0,0.015347558560499169,0.1657748067909811,,,,
1329,0.001,adam,1330,78.43788146972656,0.01225373866188302,0.0,0.013894563800266485,0.15119937666454786,,,,
1330,0.001,adam,1331,78.48250818252563,0.01225197916976538,0.0,0.013100371711638881,0.1432556962861542,,,,
1331,0.001,adam,1332,78.52796483039856,0.012216708078059866,0.0,0.01696268375867694,0.18184354566482924,,,,
1332,0.001,adam,1333,78.56161260604858,0.01221600584393206,0.0,0.036358513211519325,0.37580113795912534,,,,
1333,0.001,adam,1334,78.59215903282166,0.0122113658515859,0.0,0.015411799070037664,0.16632935655196252,,,,
1334,0.001,adam,1335,78.63724827766418,0.012221908319851323,0.0,0.014616972842408376,0.15839163674393508,,,,
1335,0.001,adam,1336,78.6809561252594,0.012245717471004043,0.0,0.013904546130751788,0.1512911787785219,,,,
1336,0.001,adam,1337,78.73150539398193,0.012259149542998489,0.0,0.014236139699641773,0.1546205465394162,,,,
1337,0.001,adam,1338,78.77711153030396,0.012251499777837694,0.0,0.014623093840228838,0.15848243818012606,,,,
1338,0.001,adam,1339,78.82226276397705,0.012295547479418733,0.0,0.014149067389053405,0.1537862213699528,,,,
1339,0.001,adam,1340,78.86715030670166,0.012281337299320677,0.0,0.011071910237961186,0.12300043967893254,0.010618961768911497,0.0,0.013232245032929732,0.14294141209820882
1340,0.001,adam,1341,78.93595004081726,0.012278143970001406,0.0,0.014592254838277575,0.15820069235277714,,,,
1341,0.001,adam,1342,78.98325562477112,0.012322219727109918,0.0,0.01677545839349977,0.18007680366210763,,,,
1342,0.001,adam,1343,79.04034662246704,0.012263094689682513,0.0,0.01611453273634388,0.1734084220531213,,,,
1343,0.001,adam,1344,79.08263635635376,0.012287080390418766,0.0,0.01955886491894678,0.20787572957988654,,,,
1344,0.001,adam,1345,79.11977028846741,0.01231246333047423,0.0,0.018376787927079172,0.19608034260126594,,,,
1345,0.001,adam,1346,79.15728044509888,0.012264670625820517,0.0,0.019835297084388498,0.2106176414697055,,,,
1346,0.001,adam,1347,79.2129557132721,0.012271912904492022,0.0,0.015453033370123891,0.16680224660573095,,,,
1347,0.001,adam,1348,79.25465846061707,0.012306617062104383,0.0,0.013901790467301847,0.15132452173512284,,,,
1348,0.001,adam,1349,79.29726028442383,0.012275464598676891,0.0,0.01332922071147632,0.1455676717134401,,,,
1349,0.001,adam,1350,79.34318828582764,0.012265016844139762,0.0,0.014252218333275123,0.15478720017689102,,,,
1350,0.001,adam,1351,79.38394236564636,0.012248013314129252,0.0,0.013896675105917744,0.1512147643733067,,,,
1351,0.001,adam,1352,79.425528049469,0.012264666900640705,0.0,0.017421464889925846,0.18647931579989918,,,,
1352,0.001,adam,1353,79.4813437461853,0.012274207586455824,0.0,0.021917225755986765,0.23144646514632344,,,,
1353,0.001,adam,1354,79.5242509841919,0.012239633250958582,0.0,0.022927582719885903,0.24151546044981761,,,,
1354,0.001,adam,1355,79.566810131073,0.01227796640886655,0.0,0.02489688997309164,0.26124686613978293,,,,
1355,0.001,adam,1356,79.59545946121216,0.012276633491104565,0.0,0.02470083579091356,0.2592849914002402,,,,
1356,0.001,adam,1357,79.63806772232056,0.012288903704064009,0.0,0.01830933589103015,0.1953822626143655,,,,
1357,0.001,adam,1358,79.67216300964355,0.012272311678939206,0.0,0.011669214762292908,0.12896445930186828,,,,
1358,0.001,adam,1359,79.70707106590271,0.012284200587412603,0.0,0.01653154333311762,0.17759963391858882,,,,
1359,0.001,adam,1360,79.74099326133728,0.012356502126008405,0.0,0.02172661721056434,0.22962267423165184,0.010697373136710186,0.0,0.026891880388675873,0.2796161770234689
1360,0.001,adam,1361,79.787770986557,0.012340556123364514,0.0,0.03001377348763844,0.3124782909997489,,,,
1361,0.001,adam,1362,79.82212901115417,0.012405203091179444,0.0,0.026342439412916484,0.2758295972203443,,,,
1362,0.001,adam,1363,79.86580753326416,0.012315625628742607,0.0,0.021623854546028665,0.22855417108902926,,,,
1363,0.001,adam,1364,79.9028754234314,0.01231187429441763,0.0,0.013060991388506759,0.14292178817948523,,,,
1364,0.001,adam,1365,79.95632863044739,0.012332327992112903,0.0,0.013386972984695983,0.14620205783907272,,,,
1365,0.001,adam,1366,79.99786019325256,0.012286104233185935,0.0,0.012946499120101939,0.14175109543420533,,,,
1366,0.001,adam,1367,80.029869556427,0.012290554518704082,0.0,0.016906641969521775,0.18135697421392183,,,,
1367,0.001,adam,1368,80.06086492538452,0.0122695478414111,0.0,0.0166705471495714,0.17897501933712512,,,,
1368,0.001,adam,1369,80.09865641593933,0.01225865120826904,0.0,0.015158877004894808,0.16384742125721713,,,,
1369,0.001,adam,1370,80.14056825637817,0.012218115137493947,0.0,0.01229418136329014,0.13515992877039534,,,,
1370,0.001,adam,1371,80.1811695098877,0.01222387457151677,0.0,0.012713134364093843,0.1393552182124552,,,,
1371,0.001,adam,1372,80.21952629089355,0.012296192112737562,0.0,0.016623656456081316,0.1785327566735507,,,,
1372,0.001,adam,1373,80.26438736915588,0.01225446022625761,0.0,0.015912388966708612,0.17137834989334375,,,,
1373,0.001,adam,1374,80.30470132827759,0.012288674892354077,0.0,0.012444599974205049,0.13673467463440456,,,,
1374,0.001,adam,1375,80.34159350395203,0.012256085597085763,0.0,0.01157919829413717,0.12804806853845746,,,,
1375,0.001,adam,1376,80.39047145843506,0.012241361280735446,0.0,0.012995682828651248,0.14219818956724792,,,,
1376,0.001,adam,1377,80.43087863922119,0.012254314463139349,0.0,0.014593607234640208,0.15819038680954142,,,,
1377,0.001,adam,1378,80.4712929725647,0.012196022978030092,0.0,0.016251962092262474,0.17471564390065483,,,,
1378,0.001,adam,1379,80.50736713409424,0.012225767540706162,0.0,0.013791586530891737,0.15014163284962354,,,,
1379,0.001,adam,1380,80.56963014602661,0.012191889514373971,0.0,0.01592430468155937,0.17143493632996767,0.010490097786211646,0.0,0.012942092223517573,0.1399110200213874
1380,0.001,adam,1381,80.61734127998352,0.012149412344781708,0.0,0.013289635666977218,0.14504576901455388,,,,
1381,0.001,adam,1382,80.6781497001648,0.012188376113809539,0.0,0.01071019642344392,0.11929034034824876,,,,
1382,0.001,adam,1383,80.71781277656555,0.01219184666923294,0.0,0.012184440881666233,0.13403625548589526,,,,
1383,0.001,adam,1384,80.77246928215027,0.012186558668812608,0.0,0.013747723287948332,0.14966379154829593,,,,
1384,0.001,adam,1385,80.83454942703247,0.012211702519091414,0.0,0.03423845894704464,0.3545962919895378,,,,
1385,0.001,adam,1386,80.88338875770569,0.012211688489669746,0.0,0.011043179169735245,0.1226434801870222,,,,
1386,0.001,adam,1387,80.93453812599182,0.012178667845988565,0.0,0.012490941090402677,0.13708807875001533,,,,
1387,0.001,adam,1388,80.9869236946106,0.012198891958938902,0.0,0.013284475115260212,0.145043643111541,,,,
1388,0.001,adam,1389,81.03209638595581,0.012178547674024435,0.0,0.01888782872958543,0.20105683496987872,,,,
1389,0.001,adam,1390,81.07249164581299,0.012166721570667787,0.0,0.011744464508315837,0.12961136665382617,,,,
1390,0.001,adam,1391,81.11753153800964,0.01219655057582743,0.0,0.0351124815544054,0.36332136611988136,,,,
1391,0.001,adam,1392,81.16605257987976,0.012168397466592552,0.0,0.011179892028424962,0.12396731775084217,,,,
1392,0.001,adam,1393,81.20513367652893,0.012199614229912495,0.0,0.014009825528151765,0.15229786951143015,,,,
1393,0.001,adam,1394,81.26371669769287,0.012223540931813723,0.0,0.01153342815778758,0.12755782250968953,,,,
1394,0.001,adam,1395,81.30777716636658,0.012206456355339658,0.0,0.008899400615800825,0.10120046251334791,,,,
1395,0.001,adam,1396,81.35776114463806,0.012203964730661461,0.0,0.012531359239313696,0.13751755712379843,,,,
1396,0.001,adam,1397,81.40859532356262,0.012198942595130649,0.0,0.012102656968810629,0.13322551228323695,,,,
1397,0.001,adam,1398,81.45333337783813,0.012183061039420622,0.0,0.012894892190064417,0.1411319829400648,,,,
1398,0.001,adam,1399,81.48802852630615,0.01219006487588744,0.0,0.011992970840426527,0.1321197732801527,,,,
1399,0.001,adam,1400,81.5409586429596,0.012143098930659452,0.0,0.014479466680167247,0.15693776573233192,0.010486413141389827,0.0,0.011265990327289692,0.12314631641428675
1400,0.001,adam,1401,81.58527517318726,0.012119016440584026,0.0,0.010755554281083074,0.11967455925141476,,,,
1401,0.001,adam,1402,81.62761688232422,0.012095833241602365,0.0,0.010645985011008396,0.11855568335168633,,,,
1402,0.001,adam,1403,81.66836714744568,0.012053457854377003,0.0,0.010556963315027696,0.11762309100465396,,,,
1403,0.001,adam,1404,81.70553016662598,0.012058786143381588,0.0,0.013140208086262673,0.14346086700600832,,,,
1404,0.001,adam,1405,81.75859546661377,0.012078562839212211,0.0,0.012944730834574014,0.14152587118495236,,,,
1405,0.001,adam,1406,81.79192209243774,0.012120202703666268,0.0,0.01258694843359343,0.13798968703960057,,,,
1406,0.001,adam,1407,81.8247537612915,0.012148980237729198,0.0,0.012274458519973195,0.13489356543746114,,,,
1407,0.001,adam,1408,81.86250042915344,0.01217688450019758,0.0,0.013011785002393,0.14229473452412758,,,,
1408,0.001,adam,1409,81.90751886367798,0.012198313683477634,0.0,0.009949414079430207,0.11169245447777972,,,,
1409,0.001,adam,1410,81.94937109947205,0.012205114113615093,0.0,0.012887276451912798,0.14107787863274307,,,,
1410,0.001,adam,1411,81.99287128448486,0.012165411020750139,0.0,0.010684724160810215,0.1190126526288523,,,,
1411,0.001,adam,1412,82.04119944572449,0.012157739002747655,0.0,0.013881053261926565,0.15096827162201332,,,,
1412,0.001,adam,1413,82.07841968536377,0.012146018308397656,0.0,0.011570848292816299,0.12785450123656064,,,,
1413,0.001,adam,1414,82.11745977401733,0.012105887120108632,0.0,0.018847882912976642,0.20058471624987506,,,,
1414,0.001,adam,1415,82.14965343475342,0.012125546197749958,0.0,0.01623526806727548,0.1744782268705048,,,,
1415,0.001,adam,1416,82.17809844017029,0.012100794417174527,0.0,0.022279674201745415,0.23489753643462866,,,,
1416,0.001,adam,1417,82.21995401382446,0.012090159678374582,0.0,0.04009998675276545,0.41309002720602905,,,,
1417,0.001,adam,1418,82.25924611091614,0.012113651995758094,0.0,0.03452144298308639,0.357328081826622,,,,
1418,0.001,adam,1419,82.29657459259033,0.0120722616097018,0.0,0.030816180163277168,0.3202340632424735,,,,
1419,0.001,adam,1420,82.33742833137512,0.012131833607558535,0.0,0.024704525017048444,0.259177083778043,0.010448525648915543,0.0,0.01446924555839671,0.15514098123288264
1420,0.001,adam,1421,82.38253831863403,0.012110201946006802,0.0,0.015193895436069835,0.16404915630670514,,,,
1421,0.001,adam,1422,82.41929936408997,0.012122924948312443,0.0,0.010703937201593527,0.11916229696424771,,,,
1422,0.001,adam,1423,82.45622301101685,0.012141911210785073,0.0,0.013184828476347957,0.14399019597426463,,,,
1423,0.001,adam,1424,82.48644471168518,0.012115822853557737,0.0,0.014631533909174438,0.1584311619453021,,,,
1424,0.001,adam,1425,82.5263831615448,0.012114033082398662,0.0,0.01854375160281794,0.19755154911057804,,,,
1425,0.001,adam,1426,82.57248520851135,0.012136336968145355,0.0,0.015481481143120202,0.16695114839934738,,,,
1426,0.001,adam,1427,82.62095594406128,0.012083344819832828,0.0,0.01563073413576504,0.16839068617748323,,,,
1427,0.001,adam,1428,82.65686535835266,0.012102803211950166,0.0,0.012805105417456964,0.1401538573865198,,,,
1428,0.001,adam,1429,82.6994731426239,0.012095816671779539,0.0,0.012926965489740849,0.14136547156918802,,,,
1429,0.001,adam,1430,82.73503065109253,0.012064248674566597,0.0,0.015019884276643091,0.16226309144099751,,,,
1430,0.001,adam,1431,82.77429366111755,0.012077512445693207,0.0,0.009200775466573935,0.10408526711143255,,,,
1431,0.001,adam,1432,82.81803369522095,0.01208585345180158,0.0,0.013314827868405005,0.14523413213585162,,,,
1432,0.001,adam,1433,82.86170768737793,0.012070115005322797,0.0,0.016322384603374034,0.17529396103906314,,,,
1433,0.001,adam,1434,82.9065625667572,0.012055740888902215,0.0,0.016206842571818408,0.1741241666070863,,,,
1434,0.001,adam,1435,82.97442030906677,0.012068863341754834,0.0,0.015413065257997727,0.1661995159217321,,,,
1435,0.001,adam,1436,83.02752876281738,0.01201583281681456,0.0,0.01468133479099401,0.15882918072675467,,,,
1436,0.001,adam,1437,83.070565700531,0.01206668477629787,0.0,0.01113863870095041,0.12345307178580196,,,,
1437,0.001,adam,1438,83.11796307563782,0.012062360660550987,0.0,0.01366622393652494,0.1487246000258004,,,,
1438,0.001,adam,1439,83.15673565864563,0.012034243722124695,0.0,0.015422520584366084,0.16625944956578553,,,,
1439,0.001,adam,1440,83.1944420337677,0.012089626502068882,0.0,0.017762486275485632,0.1897144892569252,0.01044350364439175,0.0,0.015089174083017616,0.1613352444745679
1440,0.001,adam,1441,83.2402548789978,0.012049247738787239,0.0,0.015094188181900493,0.16299112955779216,,,,
1441,0.001,adam,1442,83.27447938919067,0.0120447632532711,0.0,0.024855547632784664,0.2606002395811177,,,,
1442,0.001,adam,1443,83.30689525604248,0.012066632492289201,0.0,0.013325395120555406,0.14532058369784326,,,,
1443,0.001,adam,1444,83.34153318405151,0.012025242845193122,0.0,0.011277750882622211,0.12480275167141525,,,,
1444,0.001,adam,1445,83.37752056121826,0.01200778624493646,0.0,0.011324039979739546,0.12524818604233193,,,,
1445,0.001,adam,1446,83.41951870918274,0.012017082885493585,0.0,0.011127355128868232,0.1232906341741759,,,,
1446,0.001,adam,1447,83.45486044883728,0.01202946018715889,0.0,0.014084865504212032,0.15287811522927922,,,,
1447,0.001,adam,1448,83.49332022666931,0.01202589496507731,0.0,0.01225448840146818,0.1345707789797591,,,,
1448,0.001,adam,1449,83.52436113357544,0.012039600803316917,0.0,0.011667697809449446,0.12871657889781138,,,,
1449,0.001,adam,1450,83.56377363204956,0.012039557461375625,0.0,0.011982122215492214,0.13186077961629777,,,,
1450,0.001,adam,1451,83.60505151748657,0.01205200064338573,0.0,0.011165858135967295,0.12371058200305868,,,,
1451,0.001,adam,1452,83.65396499633789,0.012041667259189358,0.0,0.013049915923599798,0.14254082649518734,,,,
1452,0.001,adam,1453,83.7069776058197,0.012017407762983148,0.0,0.01618914651325403,0.17390887289552348,,,,
1453,0.001,adam,1454,83.7550482749939,0.01202750154098816,0.0,0.0144222765354037,0.15625026689502516,,,,
1454,0.001,adam,1455,83.79523825645447,0.011992143774658641,0.0,0.01019723559394696,0.11396449971412824,,,,
1455,0.001,adam,1456,83.86074137687683,0.011981004674190068,0.0,0.009236101668540716,0.10434202135959723,,,,
1456,0.001,adam,1457,83.90135073661804,0.01196732181726434,0.0,0.01206712350989932,0.13263855691625753,,,,
1457,0.001,adam,1458,83.96232438087463,0.01194974964221889,0.0,0.016343239254443954,0.17538214218665843,,,,
1458,0.001,adam,1459,84.00543522834778,0.01194918427319643,0.0,0.014207147092859071,0.15402065520178715,,,,
1459,0.001,adam,1460,84.05028510093689,0.011925413045272597,0.0,0.013901631566571943,0.150941728710992,0.010303605788301425,0.0,0.013447431844821691,0.14477792423651833
1460,0.001,adam,1461,84.09965705871582,0.011927156838326007,0.0,0.016615786588732036,0.17808502272564636,,,,
1461,0.001,adam,1462,84.14262127876282,0.011932682898325097,0.0,0.013016049354768392,0.14209317644600902,,,,
1462,0.001,adam,1463,84.18772077560425,0.011931985152995239,0.0,0.011717071853317147,0.12910270368616672,,,,
1463,0.001,adam,1464,84.25752258300781,0.011941187566895887,0.0,0.3146547474708797,3.1584886622756927,,,,
1464,0.001,adam,1465,84.31847190856934,0.011976121087731457,0.0,0.011487362384718276,0.12684974493491422,,,,
1465,0.001,adam,1466,84.3687310218811,0.011985080754909809,0.0,0.010540051592227043,0.11738559667718024,,,,
1466,0.001,adam,1467,84.40776920318604,0.011998468707468637,0.0,0.01088376538092346,0.12083612251670324,,,,
1467,0.001,adam,1468,84.45733737945557,0.011994661569253905,0.0,0.010305054747635958,0.1150452090456135,,,,
1468,0.001,adam,1469,84.50098991394043,0.0119913645353132,0.0,0.011508488163870961,0.1270762461740228,,,,
1469,0.001,adam,1470,84.54465746879578,0.01201574531607757,0.0,0.012431269767016676,0.13632844298624433,,,,
1470,0.001,adam,1471,84.59314465522766,0.01199611217676195,0.0,0.013772797074892512,0.14972408292568706,,,,
1471,0.001,adam,1472,84.64848828315735,0.01202623920949692,0.0,0.015010072352818603,0.16212696273768296,,,,
1472,0.001,adam,1473,84.70045208930969,0.012019036555282523,0.0,0.017513117735245307,0.1871502139077356,,,,
1473,0.001,adam,1474,84.75058341026306,0.011966128146257256,0.0,0.021289770237620416,0.2248638305224614,,,,
1474,0.001,adam,1475,84.79595184326172,0.011948178031217827,0.0,0.020188660157613093,0.21383477960734876,,,,
1475,0.001,adam,1476,84.83777165412903,0.01196490650938176,0.0,0.0152297965618892,0.16426287212827376,,,,
1476,0.001,adam,1477,84.8733823299408,0.011927140678736247,0.0,0.015137156146387035,0.16329870214260658,,,,
1477,0.001,adam,1478,84.9085419178009,0.011967441970395863,0.0,0.012355008457633838,0.13551752654673424,,,,
1478,0.001,adam,1479,84.95821499824524,0.011954951908862537,0.0,0.009582213121793493,0.10777708312679746,,,,
1479,0.001,adam,1480,85.00256824493408,0.011962695880933748,0.0,0.012429609346170599,0.13625878934263974,0.010330135342733183,0.0,0.011836182508578768,0.12869196042852088
1480,0.001,adam,1481,85.052072763443,0.012008961445974266,0.0,0.01292956628464641,0.14130462429243837,,,,
1481,0.001,adam,1482,85.09287190437317,0.01199713426386429,0.0,0.014797007787093797,0.15996721213480225,,,,
1482,0.001,adam,1483,85.13275814056396,0.012007607113238093,0.0,0.03360393140489785,0.3480469211622166,,,,
1483,0.001,adam,1484,85.17240643501282,0.012001166053549136,0.0,0.013550136603329216,0.1475025320868413,,,,
1484,0.001,adam,1485,85.21120882034302,0.011989137386784037,0.0,0.012543309050872259,0.13742222789550662,,,,
1485,0.001,adam,1486,85.24274396896362,0.011962419908637705,0.0,0.011903276511531568,0.13099518502395338,,,,
1486,0.001,adam,1487,85.28801774978638,0.011978676676058028,0.0,0.010935990298321313,0.12133857965927115,,,,
1487,0.001,adam,1488,85.33816075325012,0.011947046358721961,0.0,0.009205822750482772,0.10400527386354969,,,,
1488,0.001,adam,1489,85.39446711540222,0.01194386881254341,0.0,0.00999864350148065,0.1119303038273499,,,,
1489,0.001,adam,1490,85.43447208404541,0.011945374123295813,0.0,0.014249590332812815,0.15444127745142394,,,,
1490,0.001,adam,1491,85.47505497932434,0.011917436271548548,0.0,0.019767354994369504,0.20959098621524358,,,,
1491,0.001,adam,1492,85.51795411109924,0.011976247896357286,0.0,0.02315358138535571,0.24351206174991438,,,,
1492,0.001,adam,1493,85.55836653709412,0.011900657062128632,0.0,0.023015210136620414,0.2420527584283328,,,,
1493,0.001,adam,1494,85.5848536491394,0.011943742951374677,0.0,0.02422327733884567,0.2541765163398314,,,,
1494,0.001,adam,1495,85.6289701461792,0.011909615640424821,0.0,0.021745176973183622,0.22936138537226103,,,,
1495,0.001,adam,1496,85.68122339248657,0.01194285944848999,0.0,0.017259117924625093,0.18453403869474092,,,,
1496,0.001,adam,1497,85.71623134613037,0.011938326578591492,0.0,0.01089709308806945,0.12090925745928599,,,,
1497,0.001,adam,1498,85.76095128059387,0.011949833672950392,0.0,0.00859572698936122,0.09790710356656258,,,,
1498,0.001,adam,1499,85.80526804924011,0.011962161957491847,0.0,0.015895538376830616,0.17091754572579798,,,,
1499,0.001,adam,1500,85.8456768989563,0.011939120819926742,0.0,0.016456278178696968,0.1765019026068964,0.010338868821007208,0.0,0.02031618272508086,0.2135006960718158
1500,0.001,adam,1501,85.89225888252258,0.011984472617459923,0.0,0.020756513556745054,0.21954960818491046,,,,
1501,0.001,adam,1502,85.92810368537903,0.011946136079656593,0.0,0.015074457310190173,0.1626907091815583,,,,
1502,0.001,adam,1503,85.97532200813293,0.011970043408455923,0.0,0.010887569826508884,0.12084574167354475,,,,
1503,0.001,adam,1504,86.02156066894531,0.011998792993400943,0.0,0.012790846787822163,0.13990726087162259,,,,
1504,0.001,adam,1505,86.06570076942444,0.011975652969396264,0.0,0.014838980216902026,0.16036545513841652,,,,
1505,0.001,adam,1506,86.09299683570862,0.011977691993246534,0.0,0.015433525923984412,0.16631295123309064,,,,
1506,0.001,adam,1507,86.12391257286072,0.011930457332615272,0.0,0.013340566076099417,0.14533611809360944,,,,
1507,0.001,adam,1508,86.15586853027344,0.011931460902660933,0.0,0.011321679666564543,0.12514825756830636,,,,
1508,0.001,adam,1509,86.19890332221985,0.011875993541061298,0.0,0.010328837613397845,0.11516436967503975,,,,
1509,0.001,adam,1510,86.23477864265442,0.011847779421232347,0.0,0.009942456389249574,0.11127234331372808,,,,
1510,0.001,adam,1511,86.26470685005188,0.011887319812926253,0.0,0.013566786121661395,0.1475551810295402,,,,
1511,0.001,adam,1512,86.30540323257446,0.011840130862161638,0.0,0.01216182984048418,0.13345842926700344,,,,
1512,0.001,adam,1513,86.3448395729065,0.011855341061590287,0.0,0.012620597788678517,0.13806131894837545,,,,
1513,0.001,adam,1514,86.39805555343628,0.011859546781005785,0.0,0.011575382139617726,0.12761336817718305,,,,
1514,0.001,adam,1515,86.42432284355164,0.011869799169644642,0.0,0.010620064123326795,0.11807044040291259,,,,
1515,0.001,adam,1516,86.46077227592468,0.011903791558805117,0.0,0.010050545181361536,0.11240924337242048,,,,
1516,0.001,adam,1517,86.52382588386536,0.01189326527936427,0.0,0.012587179515367652,0.1377650604330408,,,,
1517,0.001,adam,1518,86.56704497337341,0.011917010380445191,0.0,0.02349747789555865,0.24689178933603168,,,,
1518,0.001,adam,1519,86.61887121200562,0.011893832009054696,0.0,0.011638076315775514,0.12827459516680983,,,,
1519,0.001,adam,1520,86.66196012496948,0.011886733388238391,0.0,0.010958470437122338,0.12147143775946177,0.01026635972320305,0.0,0.010084274023191614,0.1111090999551192
1520,0.001,adam,1521,86.72103834152222,0.011878987014588002,0.0,0.011196739024915105,0.12384637726373907,,,,
1521,0.001,adam,1522,86.77406764030457,0.01186935431012996,0.0,0.012586389762241034,0.1377332519325403,,,,
1522,0.001,adam,1523,86.84221291542053,0.011848308591058466,0.0,0.011799203748671074,0.1298403460777692,,,,
1523,0.001,adam,1524,86.88771176338196,0.011843242688434383,0.0,0.01224100409733155,0.13425328366174988,,,,
1524,0.001,adam,1525,86.92946481704712,0.011841394402087438,0.0,0.01140373181218174,0.12587871252390484,,,,
1525,0.001,adam,1526,86.97157669067383,0.011827219985713514,0.0,0.030601661856657813,0.31784383855229165,,,,
1526,0.001,adam,1527,87.0169448852539,0.011842944137073165,0.0,0.009793050980047121,0.10977345393754438,,,,
1527,0.001,adam,1528,87.05889129638672,0.011859494892484734,0.0,0.010682021373682087,0.1186797086293056,,,,
1528,0.001,adam,1529,87.1078269481659,0.011832236913628728,0.0,0.010689987902551448,0.1187321159391432,,,,
1529,0.001,adam,1530,87.1542649269104,0.011862796298257271,0.0,0.012813464555205595,0.1399974418503132,,,,
1530,0.001,adam,1531,87.20029520988464,0.011829654080573682,0.0,0.013126743378751271,0.1430970878680864,,,,
1531,0.001,adam,1532,87.23356556892395,0.01182806080195325,0.0,0.014846408455277006,0.1602921453547233,,,,
1532,0.001,adam,1533,87.28475689888,0.011829164043924012,0.0,0.010264874012681013,0.11447790417073414,,,,
1533,0.001,adam,1534,87.33829927444458,0.011806608192455173,0.0,0.009621348657924633,0.1080200947717015,,,,
1534,0.001,adam,1535,87.36517453193665,0.011803409495470336,0.0,0.010823775354832307,0.1200411630437934,,,,
1535,0.001,adam,1536,87.40031886100769,0.011827064026258504,0.0,0.011502705711607941,0.1268541211423379,,,,
1536,0.001,adam,1537,87.44147944450378,0.01180097145374359,0.0,0.013782285176515727,0.14962382321890086,,,,
1537,0.001,adam,1538,87.47544813156128,0.011805818606788848,0.0,0.01202198007485866,0.13202561935537546,,,,
1538,0.001,adam,1539,87.50703144073486,0.011809732443028218,0.0,0.2586074175104389,2.5978839075474176,,,,
1539,0.001,adam,1540,87.54438185691833,0.01182983680923323,0.0,0.012814096110562934,0.13997079791486255,0.010228325349648307,0.0,0.010398410826435767,0.11421243361400597
1540,0.001,adam,1541,87.60148549079895,0.011860899524248056,0.0,0.012125360887116856,0.1331145083954166,,,,
1541,0.001,adam,1542,87.64635467529297,0.011894670506498934,0.0,0.01291920927980276,0.14108676330452652,,,,
1542,0.001,adam,1543,87.69698524475098,0.01192740792244409,0.0,0.013667565963617198,0.14860306755861608,,,,
1543,0.001,adam,1544,87.73889493942261,0.011977931505032274,0.0,0.01723421682742312,0.18432009977926347,,,,
1544,0.001,adam,1545,87.78201150894165,0.011973810399968908,0.0,0.019200220671805567,0.2039760171180246,,,,
1545,0.001,adam,1546,87.82394361495972,0.01197603368049177,0.0,0.015274267861558982,0.1647187122960816,,,,
1546,0.001,adam,1547,87.86839818954468,0.011936758983777516,0.0,0.012820634304909545,0.14014310203287297,,,,
1547,0.001,adam,1548,87.90312433242798,0.01191723547351414,0.0,0.010074370250781499,0.11266093798132913,,,,
1548,0.001,adam,1549,87.94804668426514,0.011876712106906228,0.0,0.00924639420447984,0.10434065415170464,,,,
1549,0.001,adam,1550,87.98655700683594,0.011862408628373634,0.0,0.01377045292891541,0.14956693791752773,,,,
1550,0.001,adam,1551,88.03376698493958,0.011857528997544806,0.0,0.016608226242721732,0.17793979142476213,,,,
1551,0.001,adam,1552,88.09013342857361,0.011823265331474386,0.0,0.015780481781066162,0.169628083142136,,,,
1552,0.001,adam,1553,88.13002157211304,0.011836545071409018,0.0,0.011540229640788751,0.12723884147929654,,,,
1553,0.001,adam,1554,88.1706554889679,0.01180149130731119,0.0,0.022001277532253605,0.23181426662984725,,,,
1554,0.001,adam,1555,88.2171676158905,0.011815540885121763,0.0,0.020418354963653868,0.21599909052166044,,,,
1555,0.001,adam,1556,88.26437902450562,0.011871843396153213,0.0,0.012997503961727542,0.14184688301342863,,,,
1556,0.001,adam,1557,88.31197714805603,0.011865460218725435,0.0,0.01587921995814828,0.17065765980020825,,,,
1557,0.001,adam,1558,88.35190892219543,0.011929916916144728,0.0,0.020942471259198337,0.2213546295081281,,,,
1558,0.001,adam,1559,88.38232278823853,0.011896668023436523,0.0,0.01837548165589306,0.19565148458236714,,,,
1559,0.001,adam,1560,88.41907978057861,0.011903212279213971,0.0,0.01466309196973035,0.15853413197651747,0.010287162037200807,0.0,0.01111026050378049,0.1213897670750057
1560,0.001,adam,1561,88.46831631660461,0.011881066753384479,0.0,0.013398848544434645,0.14586955219773093,,,,
1561,0.001,adam,1562,88.49702882766724,0.011853400206777652,0.0,0.011584431598193539,0.12769771618871306,,,,
1562,0.001,adam,1563,88.53494477272034,0.011842972926452264,0.0,0.01226114458261993,0.13445441875265154,,,,
1563,0.001,adam,1564,88.57172107696533,0.011849713267784025,0.0,0.017880441738190138,0.19065413064968542,,,,
1564,0.001,adam,1565,88.61896991729736,0.011841635419051224,0.0,0.011883834748651411,0.13067998290556535,,,,
1565,0.001,adam,1566,88.66415214538574,0.011784741708661181,0.0,0.011510291015209558,0.12688765186075676,,,,
1566,0.001,adam,1567,88.70737600326538,0.011777868251775543,0.0,0.010000762925649716,0.11178549750827271,,,,
1567,0.001,adam,1568,88.74992895126343,0.01177294279430612,0.0,0.010516366923494428,0.11693661202925039,,,,
1568,0.001,adam,1569,88.7918529510498,0.011760355512939177,0.0,0.01087052389414087,0.12046559445434789,,,,
1569,0.001,adam,1570,88.84183430671692,0.011794864864900114,0.0,0.011300133103542498,0.12479619590032509,,,,
1570,0.001,adam,1571,88.8814959526062,0.011798636338727882,0.0,0.010926028396405609,0.12105892030278396,,,,
1571,0.001,adam,1572,88.93246674537659,0.011768204027702015,0.0,0.010889529624318115,0.12066350027088316,,,,
1572,0.001,adam,1573,88.97920775413513,0.011760847438109633,0.0,0.008623901460262927,0.0979998620407389,,,,
1573,0.001,adam,1574,89.03217649459839,0.01175091423353181,0.0,0.010321628752727425,0.11496720176080605,,,,
1574,0.001,adam,1575,89.07682275772095,0.011735069083828762,0.0,0.013046872147049162,0.1422037905543204,,,,
1575,0.001,adam,1576,89.11527442932129,0.011708609031643604,0.0,0.012024037209606302,0.13194898112770664,,,,
1576,0.001,adam,1577,89.1419894695282,0.011757676410023721,0.0,0.013023440392582571,0.14199208033584945,,,,
1577,0.001,adam,1578,89.18409180641174,0.011730614424257067,0.0,0.013431676614261225,0.14604738056686933,,,,
1578,0.001,adam,1579,89.2257468700409,0.011785170563462686,0.0,0.01516033395639228,0.16338851012738548,,,,
1579,0.001,adam,1580,89.26912927627563,0.011783748050932914,0.0,0.013288233573082875,0.14466608378176166,0.010179402420744324,0.0,0.011630852060009557,0.1264879230208399
1580,0.001,adam,1581,89.32663655281067,0.011791929928487507,0.0,0.010310773508216875,0.11489966501065625,,,,
1581,0.001,adam,1582,89.37305736541748,0.01177838165059099,0.0,0.011315128530421922,0.12492966695481021,,,,
1582,0.001,adam,1583,89.42652797698975,0.01179839381039558,0.0,0.009598125552699064,0.10777964933738622,,,,
1583,0.001,adam,1584,89.47573733329773,0.011771138924471859,0.0,0.01148064761772554,0.12657761510172724,,,,
1584,0.001,adam,1585,89.50928664207458,0.011731109901915044,0.0,0.009872681207077242,0.11045792197268746,,,,
1585,0.001,adam,1586,89.54426956176758,0.011733559661039224,0.0,0.0166141811070604,0.17787537073164322,,,,
1586,0.001,adam,1587,89.57694578170776,0.011717186934440318,0.0,0.01025514882532923,0.11426867518773262,,,,
1587,0.001,adam,1588,89.60853028297424,0.011698435983715363,0.0,0.011797362839876934,0.12967206438248471,,,,
1588,0.001,adam,1589,89.6512725353241,0.011720131537044657,0.0,0.011131379018952245,0.1230339217265671,,,,
1589,0.001,adam,1590,89.68854284286499,0.011725337737873515,0.0,0.011962570392540128,0.1313510416632748,,,,
1590,0.001,adam,1591,89.72782492637634,0.011707208421316909,0.0,0.00989888202285728,0.11069602864988971,,,,
1591,0.001,adam,1592,89.7710542678833,0.011747615252915001,0.0,0.012243100177157332,0.13417861702448833,,,,
1592,0.001,adam,1593,89.81751251220703,0.011692980213389074,0.0,0.011344655109128752,0.1251395313046766,,,,
1593,0.001,adam,1594,89.86001205444336,0.011705389897622976,0.0,0.28114844529323046,2.823189842829928,,,,
1594,0.001,adam,1595,89.90126943588257,0.011733390339264259,0.0,0.00972980190955296,0.10903140943479386,,,,
1595,0.001,adam,1596,89.94645643234253,0.011676905469492333,0.0,0.012142565913143364,0.13310256460092595,,,,
1596,0.001,adam,1597,89.99176716804504,0.011689125977622767,0.0,0.010424781482735766,0.11593694080498042,,,,
1597,0.001,adam,1598,90.03047251701355,0.011726657591873033,0.0,0.009565608248430594,0.10738274007617897,,,,
1598,0.001,adam,1599,90.0616991519928,0.01171907884584024,0.0,0.009632636202768488,0.10804544087352512,,,,
1599,0.001,adam,1600,90.10292911529541,0.011766356884919213,0.0,0.010323343550381121,0.11499979238873043,0.010165904350128261,0.0,0.009602820598819327,0.10619411033832153
1600,0.001,adam,1601,90.16349983215332,0.011749576677439227,0.0,0.008947132631440213,0.10122090299184136,,,,
1601,0.001,adam,1602,90.20877575874329,0.011734448377111784,0.0,0.007888062906767034,0.09061507744478213,,,,
1602,0.001,adam,1603,90.26328563690186,0.011729538912712357,0.0,0.009640910544851935,0.10813864436123172,,,,
1603,0.001,adam,1604,90.32751989364624,0.011699689478487213,0.0,0.013354120474787613,0.14524089422636333,,,,
1604,0.001,adam,1605,90.38456678390503,0.011701856725232508,0.0,0.011576361339364379,0.1274654701188763,,,,
1605,0.001,adam,1606,90.42350935935974,0.011673494656352623,0.0,0.012701401219039754,0.13868750684675016,,,,
1606,0.001,adam,1607,90.44988250732422,0.011658819176731727,0.0,0.013158495332209206,0.14324377249882378,,,,
1607,0.001,adam,1608,90.49298596382141,0.011657939982204974,0.0,0.015001782617917962,0.16167576616138457,,,,
1608,0.001,adam,1609,90.53391575813293,0.011673853921566816,0.0,0.015237141687106558,0.1640452707926324,,,,
1609,0.001,adam,1610,90.57386350631714,0.011691790503330777,0.0,0.015544519167568832,0.1671369821790191,,,,
1610,0.001,adam,1611,90.63015270233154,0.011756517171715225,0.0,0.018410051802659044,0.19585703519830566,,,,
1611,0.001,adam,1612,90.68359422683716,0.011711259580027002,0.0,0.015435115130336538,0.16606241088339238,,,,
1612,0.001,adam,1613,90.72894763946533,0.01176539774509879,0.0,0.01601665690672349,0.1719319668123337,,,,
1613,0.001,adam,1614,90.76614904403687,0.011725231541073973,0.0,0.016093710804173895,0.1726623395828129,,,,
1614,0.001,adam,1615,90.81579160690308,0.01172182370506109,0.0,0.020730304302304506,0.21902486672810614,,,,
1615,0.001,adam,1616,90.86663627624512,0.011705676135137517,0.0,0.03214125526931648,0.33311822882830233,,,,
1616,0.001,adam,1617,90.91228771209717,0.011731663660257687,0.0,0.040671619067309865,0.41844785433335635,,,,
1617,0.001,adam,1618,90.94958806037903,0.01161738510351211,0.0,0.03441883642849907,0.35580574938850285,,,,
1618,0.001,adam,1619,90.98045372962952,0.011657366474426238,0.0,0.024265442824350277,0.25431179471792903,,,,
1619,0.001,adam,1620,91.01990389823914,0.01159305024155548,0.0,0.013186010875177442,0.14345315899332992,0.010067121277216439,0.0,0.009779192509719852,0.10785904637441497
1620,0.001,adam,1621,91.07038044929504,0.011609576416218856,0.0,0.010109657912223688,0.11270615553845574,,,,
1621,0.001,adam,1622,91.11273050308228,0.01167641878917184,0.0,0.017627655322437447,0.1879529720135463,,,,
1622,0.001,adam,1623,91.15604019165039,0.01163364837690867,0.0,0.026430658209418072,0.2759402304710894,,,,
1623,0.001,adam,1624,91.19872307777405,0.011781496023107334,0.0,0.029500604862356655,0.3067875446466739,,,,
1624,0.001,adam,1625,91.23535084724426,0.011713417600187818,0.0,0.01884595369222339,0.2001729545224217,,,,
1625,0.001,adam,1626,91.27587652206421,0.011689936613839862,0.0,0.011818825794631685,0.1298781945601567,,,,
1626,0.001,adam,1627,91.31181597709656,0.011729511703909491,0.0,0.012786788751082412,0.1395973992147336,,,,
1627,0.001,adam,1628,91.34538102149963,0.011684950978110379,0.0,0.016587344072240214,0.17755839170051252,,,,
1628,0.001,adam,1629,91.37412214279175,0.011710876828709922,0.0,0.015245414748024686,0.16416502430895677,,,,
1629,0.001,adam,1630,91.41358804702759,0.01169279525105802,0.0,0.013708635662965351,0.14877915188071153,,,,
1630,0.001,adam,1631,91.44890093803406,0.01164908008374773,0.0,0.010770612621043337,0.11935520629418112,,,,
1631,0.001,adam,1632,91.49530506134033,0.011666595605378083,0.0,0.01242571300742494,0.1359237256796275,,,,
1632,0.001,adam,1633,91.54391288757324,0.011657546226460445,0.0,0.014075137038253078,0.15240891660899122,,,,
1633,0.001,adam,1634,91.58784770965576,0.01166475322673978,0.0,0.01122867971557815,0.12395155038252129,,,,
1634,0.001,adam,1635,91.62130808830261,0.011652508344999455,0.0,0.011217303172282622,0.12382554006782567,,,,
1635,0.001,adam,1636,91.65602016448975,0.011687989225893168,0.0,0.010246947253687966,0.11415746176277283,,,,
1636,0.001,adam,1637,91.68413209915161,0.011741910338251754,0.0,0.011703073241143048,0.12877264274968223,,,,
1637,0.001,adam,1638,91.72346019744873,0.011709790080064881,0.0,0.009780621531750489,0.10951600539756977,,,,
1638,0.001,adam,1639,91.76521730422974,0.011737285713696588,0.0,0.008181956219818204,0.09355684791187863,,,,
1639,0.001,adam,1640,91.80819153785706,0.011738745370636423,0.0,0.009378092440534943,0.10551966977598586,0.010243971080004535,0.0,0.00927791214447314,0.10302309252473593
1640,0.001,adam,1641,91.8756046295166,0.011742759661480627,0.0,0.007623788624407634,0.08798064590555697,,,,
1641,0.001,adam,1642,91.92206859588623,0.011730018781715873,0.0,0.009835068521011604,0.11008070399183191,,,,
1642,0.001,adam,1643,91.9692223072052,0.011688959465505803,0.0,0.009530760120352281,0.10699656066902861,,,,
1643,0.001,adam,1644,92.03082013130188,0.011661905465590934,0.0,0.010597318020087777,0.11763508566646869,,,,
1644,0.001,adam,1645,92.07465863227844,0.011601442881834251,0.0,0.01050443691207122,0.11664581200254644,,,,
1645,0.001,adam,1646,92.13126015663147,0.011590869351330383,0.0,0.010960252310308177,0.12119339245441216,,,,
1646,0.001,adam,1647,92.18839812278748,0.011591888532751136,0.0,0.013179150026527243,0.14338338879802356,,,,
1647,0.001,adam,1648,92.23091006278992,0.011549600061287543,0.0,0.014198360885244888,0.15353320891373642,,,,
1648,0.001,adam,1649,92.26886773109436,0.011617814427304196,0.0,0.01123496550672137,0.1239674694945179,,,,
1649,0.001,adam,1650,92.30853486061096,0.01158396115519627,0.0,0.008855005119385891,0.10013401234905517,,,,
1650,0.001,adam,1651,92.34921503067017,0.011563542510219071,0.0,0.011693799514733389,0.12850153765755296,,,,
1651,0.001,adam,1652,92.38577365875244,0.011598530046299741,0.0,0.011747391093076853,0.12907244097706827,,,,
1652,0.001,adam,1653,92.42430710792542,0.011527733340813796,0.0,0.011019518232676408,0.12172291566757788,,,,
1653,0.001,adam,1654,92.45271635055542,0.011525065211927421,0.0,0.01085073002194763,0.12003236543140372,,,,
1654,0.001,adam,1655,92.49400448799133,0.011547414941893635,0.0,0.014555923905904372,0.15710665400093735,,,,
1655,0.001,adam,1656,92.53729391098022,0.011537789901343505,0.0,0.010809503722716884,0.11963282712851235,,,,
1656,0.001,adam,1657,92.58037734031677,0.011574805011221372,0.0,0.012086578807950646,0.13244059309072784,,,,
1657,0.001,adam,1658,92.62369298934937,0.011596090500016854,0.0,0.011148045162287403,0.12307654212289088,,,,
1658,0.001,adam,1659,92.66938710212708,0.01159389030498404,0.0,0.011592301023368204,0.12751690053866607,,,,
1659,0.001,adam,1660,92.71653866767883,0.011587597421107794,0.0,0.009254929123592586,0.10413688865703366,0.010049134820288602,0.0,0.009590350994386038,0.10595264476414898
1660,0.001,adam,1661,92.7718334197998,0.011603631832624133,0.0,0.01378977554685643,0.14950138730118845,,,,
1661,0.001,adam,1662,92.82142949104309,0.011595289149993405,0.0,0.014417185036054292,0.15576713951053633,,,,
1662,0.001,adam,1663,92.86451697349548,0.011615241758300001,0.0,0.01610646866193966,0.1726799283776966,,,,
1663,0.001,adam,1664,92.90799570083618,0.011593694303744458,0.0,0.013794293297639284,0.1495366272801373,,,,
1664,0.001,adam,1665,92.95061612129211,0.011555301105439677,0.0,0.011176409250413253,0.1233193936095722,,,,
1665,0.001,adam,1666,92.9918863773346,0.01158008902415582,0.0,0.009754557587726174,0.10912566490141755,,,,
1666,0.001,adam,1667,93.04035496711731,0.011536634027610276,0.0,0.011318001700738954,0.12471665103499982,,,,
1667,0.001,adam,1668,93.08080172538757,0.011517333526413273,0.0,0.011630376603216365,0.12782109955857693,,,,
1668,0.001,adam,1669,93.12048721313477,0.011540652669654466,0.0,0.011855988181327453,0.130100534482929,,,,
1669,0.001,adam,1670,93.15933680534363,0.011519725782664423,0.0,0.011089717967386562,0.12241690545653004,,,,
1670,0.001,adam,1671,93.2104926109314,0.011533746312287678,0.0,0.012854080359714127,0.14007454990942894,,,,
1671,0.001,adam,1672,93.25721263885498,0.011542600559758094,0.0,0.009589792706460066,0.10744052762435874,,,,
1672,0.001,adam,1673,93.30497217178345,0.011517909959508578,0.0,0.009095489064139864,0.10247280060090722,,,,
1673,0.001,adam,1674,93.35480952262878,0.011514376644835437,0.0,0.008536738358737054,0.09688176023220599,,,,
1674,0.001,adam,1675,93.39616560935974,0.011524600004799473,0.0,0.010367826396422405,0.11520286396902353,,,,
1675,0.001,adam,1676,93.43920421600342,0.011504588367463927,0.0,0.009851689710160533,0.11002148546906926,,,,
1676,0.001,adam,1677,93.48217272758484,0.011496987436382186,0.0,0.24930241270584408,2.504521114494823,,,,
1677,0.001,adam,1678,93.52642607688904,0.011526452722221511,0.0,0.008649018151682047,0.09801663423904199,,,,
1678,0.001,adam,1679,93.57881832122803,0.011536073038876299,0.0,0.008158244236090902,0.09311851539978533,,,,
1679,0.001,adam,1680,93.63592863082886,0.011554295857080095,0.0,0.008634148970114951,0.09789578555822961,0.009957009961500327,0.0,0.008933372570322888,0.09929073566472921
1680,0.001,adam,1681,93.70055365562439,0.011566183004214631,0.0,0.013367328009817525,0.1452394631023899,,,,
1681,0.001,adam,1682,93.74602508544922,0.011579129908726052,0.0,0.009497099765049852,0.10655012755922456,,,,
1682,0.001,adam,1683,93.79580450057983,0.011622372757402901,0.0,0.009469251539975857,0.10631488815716146,,,,
1683,0.001,adam,1684,93.84816265106201,0.011597694915013482,0.0,0.009339225720739591,0.1049899521224094,,,,
1684,0.001,adam,1685,93.8982400894165,0.011615172654607047,0.0,0.00820835241994646,0.09369869685407164,,,,
1685,0.001,adam,1686,93.93989825248718,0.011617692165638828,0.0,0.010025530325954036,0.11187299542517917,,,,
1686,0.001,adam,1687,93.98355436325073,0.011573205982740009,0.0,0.011218360562455823,0.12375681160729823,,,,
1687,0.001,adam,1688,94.03202676773071,0.011563524648634561,0.0,0.00991686623041739,0.11073218695280845,,,,
1688,0.001,adam,1689,94.06552982330322,0.011544145998408396,0.0,0.010182735151170384,0.11337149751011222,,,,
1689,0.001,adam,1690,94.09975910186768,0.011539925800883791,0.0,0.011836344419740652,0.1299033699982903,,,,
1690,0.001,adam,1691,94.14276027679443,0.011549951798291713,0.0,0.010323405080594155,0.11478400260423327,,,,
1691,0.001,adam,1692,94.19191098213196,0.011580515462715317,0.0,0.013129955973980062,0.14288007520251594,,,,
1692,0.001,adam,1693,94.22838068008423,0.011576897348964192,0.0,0.011176425796385758,0.12334115531282178,,,,
1693,0.001,adam,1694,94.25814247131348,0.011609031421079701,0.0,0.009622150552908796,0.10783053695016767,,,,
1694,0.001,adam,1695,94.28943991661072,0.011613478050684767,0.0,0.008444891520117263,0.0960623932518574,,,,
1695,0.001,adam,1696,94.33708262443542,0.011621461969974907,0.0,0.00815968300879472,0.09321829205792209,,,,
1696,0.001,adam,1697,94.37265515327454,0.01164873039653109,0.0,0.012371045956354059,0.13535918996007168,,,,
1697,0.001,adam,1698,94.40457367897034,0.011630985927933693,0.0,0.010287892397706711,0.1145099099050008,,,,
1698,0.001,adam,1699,94.44011235237122,0.011607124979849271,0.0,0.011083153415867564,0.1224386591385249,,,,
1699,0.001,adam,1700,94.4773108959198,0.01158224483606789,0.0,0.011285869696053923,0.12444094179660713,0.009955145490114985,0.0,0.0115436530710769,0.12539167620088398
1700,0.001,adam,1701,94.52850127220154,0.011547140540275114,0.0,0.011867530601174509,0.1302224465520202,,,,
1701,0.001,adam,1702,94.5672059059143,0.011556750127799482,0.0,0.012419705141353323,0.1357538015413327,,,,
1702,0.001,adam,1703,94.61646246910095,0.011543071202382857,0.0,0.008393961964393648,0.09548269084631934,,,,
1703,0.001,adam,1704,94.65660166740417,0.011562454610010639,0.0,0.009888978107096482,0.11045223568097547,,,,
1704,0.001,adam,1705,94.7047004699707,0.011586436213750013,0.0,0.00806625975314138,0.09224903374516381,,,,
1705,0.001,adam,1706,94.74776244163513,0.01158598588283294,0.0,0.009942540219326269,0.11101138807609562,,,,
1706,0.001,adam,1707,94.78827452659607,0.01158807959054285,0.0,0.01071570637351675,0.11874514332571036,,,,
1707,0.001,adam,1708,94.83031415939331,0.011557862913452021,0.0,0.013267977643160877,0.1442376393450608,,,,
1708,0.001,adam,1709,94.87324070930481,0.01153654636166662,0.0,0.009864628720821647,0.11018283356988309,,,,
1709,0.001,adam,1710,94.90957403182983,0.01148879078584256,0.0,0.007164195493765674,0.0831307457234993,,,,
1710,0.001,adam,1711,94.9380042552948,0.011467447201661122,0.0,0.009735605539765968,0.1088235025993208,,,,
1711,0.001,adam,1712,94.97818613052368,0.011460635029717163,0.0,0.012363291120808237,0.13509354623779954,,,,
1712,0.001,adam,1713,95.0125949382782,0.011435200992114576,0.0,0.01675647665856762,0.17899996757779077,,,,
1713,0.001,adam,1714,95.04921889305115,0.011466426893010896,0.0,0.015195550659780014,0.16342193349081102,,,,
1714,0.001,adam,1715,95.08728528022766,0.011428992246523178,0.0,0.012222768418276722,0.1336566764292904,,,,
1715,0.001,adam,1716,95.14483904838562,0.011444145516057972,0.0,0.00998435437557524,0.11128768927181037,,,,
1716,0.001,adam,1717,95.19614577293396,0.011468551403675165,0.0,0.007790168963859051,0.08937024104226568,,,,
1717,0.001,adam,1718,95.26147770881653,0.011483153928471528,0.0,0.008961284881874632,0.10109600274721785,,,,
1718,0.001,adam,1719,95.30276918411255,0.011502794168799877,0.0,0.013350846071380327,0.14501125488260314,,,,
1719,0.001,adam,1720,95.34119915962219,0.011523496041694807,0.0,0.01354401269505559,0.14696362299225071,0.009942167015890378,0.0,0.011855306815547643,0.1284952351713668
1720,0.001,adam,1721,95.38569712638855,0.011540958161233007,0.0,0.01110479570821238,0.1225889152433568,,,,
1721,0.001,adam,1722,95.42342782020569,0.011517028135072821,0.0,0.010085235576402491,0.11236938389909774,,,,
1722,0.001,adam,1723,95.45048999786377,0.01152156043638854,0.0,0.009523333607024943,0.10675489650663796,,,,
1723,0.001,adam,1724,95.48669600486755,0.011484521969052645,0.0,0.011076918836017012,0.12225371032922276,,,,
1724,0.001,adam,1725,95.52758002281189,0.011479098064804015,0.0,0.007707146652218368,0.08855056458698769,,,,
1725,0.001,adam,1726,95.57406187057495,0.011510131077102867,0.0,0.008087574697277378,0.09238587804987665,,,,
1726,0.001,adam,1727,95.6192991733551,0.011493925117860477,0.0,0.007801628650868126,0.08951021162654173,,,,
1727,0.001,adam,1728,95.660240650177,0.01149983192065187,0.0,0.008072381357058489,0.09222364549123677,,,,
1728,0.001,adam,1729,95.70424056053162,0.011486752524110942,0.0,0.01301887271563718,0.14167547968048275,,,,
1729,0.001,adam,1730,95.7460765838623,0.011489714531683041,0.0,0.008915965581541074,0.10064937034709379,,,,
1730,0.001,adam,1731,95.78755640983582,0.01150301484472531,0.0,0.008020825267456242,0.09171126751928772,,,,
1731,0.001,adam,1732,95.83624792098999,0.011500038918321971,0.0,0.008273269646360347,0.09423273538192545,,,,
1732,0.001,adam,1733,95.88918852806091,0.011490895966812752,0.0,0.009231731780458127,0.10380821377139403,,,,
1733,0.001,adam,1734,95.93837380409241,0.011501048753770038,0.0,0.008354318988604397,0.09504423863981401,,,,
1734,0.001,adam,1735,95.98458790779114,0.011475373737128461,0.0,0.008077283039369557,0.09224820413082403,,,,
1735,0.001,adam,1736,96.0292432308197,0.011461858074021954,0.0,0.008963383223608165,0.1010956903101036,,,,
1736,0.001,adam,1737,96.07196474075317,0.011449037425347933,0.0,0.009170522282335714,0.10315426024870507,,,,
1737,0.001,adam,1738,96.1283049583435,0.011441888621056285,0.0,0.007337912539487042,0.0848210140159267,,,,
1738,0.001,adam,1739,96.17419290542603,0.011447569250889187,0.0,0.009213871530467608,0.10358628455556526,,,,
1739,0.001,adam,1740,96.21912693977356,0.011457409683030184,0.0,0.007911838126290887,0.09057579094593905,0.009896994032265178,0.0,0.007852223958579716,0.08841923361806234
1740,0.001,adam,1741,96.26581645011902,0.011453634901359208,0.0,0.008379695451442442,0.09525058941578364,,,,
1741,0.001,adam,1742,96.3043200969696,0.011434721799792224,0.0,0.009737263512331704,0.10880735692310926,,,,
1742,0.001,adam,1743,96.3476312160492,0.01143240906443668,0.0,0.008029179301285817,0.09172420207729484,,,,
1743,0.001,adam,1744,96.38781809806824,0.01141218380929499,0.0,0.007578676553755959,0.08719894934685457,,,,
1744,0.001,adam,1745,96.41965079307556,0.011406567136063722,0.0,0.008612008938218554,0.09752665651824927,,,,
1745,0.001,adam,1746,96.45605707168579,0.011416782919972156,0.0,0.00903291157728227,0.10174589869279485,,,,
1746,0.001,adam,1747,96.5044014453888,0.011405287047041359,0.0,0.008828116501662275,0.09968645206366411,,,,
1747,0.001,adam,1748,96.56905484199524,0.01140333503162724,0.0,0.007368978644328205,0.0850931214749093,,,,
1748,0.001,adam,1749,96.61550807952881,0.011396866645438387,0.0,0.007674590988685612,0.0881427765322945,,,,
1749,0.001,adam,1750,96.65510559082031,0.01138314061771574,0.0,0.00937878684666842,0.10517100908439993,,,,
1750,0.001,adam,1751,96.71807527542114,0.011390017886197507,0.0,0.01046558298243188,0.1160458477105163,,,,
1751,0.001,adam,1752,96.75456213951111,0.011398430760039453,0.0,0.011409260548751455,0.125491036247554,,,,
1752,0.001,adam,1753,96.79834008216858,0.01139584124608193,0.0,0.012568293452936747,0.13707877577544939,,,,
1753,0.001,adam,1754,96.84679365158081,0.011433046759165084,0.0,0.013552930164410403,0.14696234840326913,,,,
1754,0.001,adam,1755,96.88909459114075,0.01140917432768217,0.0,0.014450241763724397,0.15591159196492616,,,,
1755,0.001,adam,1756,96.93857169151306,0.01142347975582826,0.0,0.02127166864215558,0.22414016617738403,,,,
1756,0.001,adam,1757,96.986736536026,0.011425846596949868,0.0,0.02617767961629127,0.2732026427598626,,,,
1757,0.001,adam,1758,97.03357338905334,0.011437611198739452,0.0,0.029013246002290043,0.30157007122163987,,,,
1758,0.001,adam,1759,97.07128763198853,0.01140471422078091,0.0,0.03132544793854696,0.32465919360625056,,,,
1759,0.001,adam,1760,97.10677433013916,0.011435889128322623,0.0,0.03526096045141881,0.3640454936425107,0.009910860560690647,0.0,0.034191563739630525,0.3518264979569959
1760,0.001,adam,1761,97.15619111061096,0.01144303985591078,0.0,0.03855616207268035,0.39700466058271433,,,,
1761,0.001,adam,1762,97.19343376159668,0.011487395413889481,0.0,0.03717651981935784,0.38325259360746783,,,,
1762,0.001,adam,1763,97.22938394546509,0.011374107412977124,0.0,0.02454594734163365,0.2568335808293136,,,,
1763,0.001,adam,1764,97.26663875579834,0.011336507731619887,0.0,0.010332479196553807,0.11466129969715795,,,,
1764,0.001,adam,1765,97.2964916229248,0.011342039622544271,0.0,0.016366656805317476,0.17500860767571902,,,,
1765,0.001,adam,1766,97.35495948791504,0.011297914704299248,0.0,0.027848325476310554,0.2897811694674048,,,,
1766,0.001,adam,1767,97.41603398323059,0.011382415744701939,0.0,0.030573169913117863,0.3171141148758806,,,,
1767,0.001,adam,1768,97.45177626609802,0.011320186560037252,0.0,0.017460518715624262,0.18592537371627987,,,,
1768,0.001,adam,1769,97.51056790351868,0.011297608467972493,0.0,0.012943327975632735,0.14073088822429983,,,,
1769,0.001,adam,1770,97.55540084838867,0.011421770517167583,0.0,0.025817176210329584,0.2695935326204634,,,,
1770,0.001,adam,1771,97.60136842727661,0.011365826601848443,0.0,0.02789605078110018,0.2903263344128502,,,,
1771,0.001,adam,1772,97.66253137588501,0.011382678942298552,0.0,0.015506375939359917,0.16644643833589773,,,,
1772,0.001,adam,1773,97.72106504440308,0.011440932298545982,0.0,0.00935791809668798,0.10502011326542579,,,,
1773,0.001,adam,1774,97.76385712623596,0.011427389608934555,0.0,0.01750958601376936,0.18652324974662818,,,,
1774,0.001,adam,1775,97.80299925804138,0.011543793959344394,0.0,0.023274421267040987,0.24428800662975428,,,,
1775,0.001,adam,1776,97.83886408805847,0.011464656807109265,0.0,0.013001751941717205,0.1414821762242813,,,,
1776,0.001,adam,1777,97.88367986679077,0.011472348362336723,0.0,0.010040812602164233,0.11188047438397905,,,,
1777,0.001,adam,1778,97.92429089546204,0.01155523075501955,0.0,0.020645236330338195,0.2180075940584015,,,,
1778,0.001,adam,1779,97.96434593200684,0.011513394252204687,0.0,0.018853343416401054,0.2000468284162152,,,,
1779,0.001,adam,1780,97.99817943572998,0.011532319565774506,0.0,0.010757298330960702,0.11910530287538153,0.010054391502046916,0.0,0.011615332385767905,0.12620771535972597
1780,0.001,adam,1781,98.03940534591675,0.01154809634499434,0.0,0.013728437349450728,0.14883246983950163,,,,
1781,0.001,adam,1782,98.07910919189453,0.0115613449608951,0.0,0.015464678530021972,0.1662081302611148,,,,
1782,0.001,adam,1783,98.10900783538818,0.011575243496287484,0.0,0.012994911798988202,0.1415243614861695,,,,
1783,0.001,adam,1784,98.14569640159607,0.011538339146298156,0.0,0.014088575011793739,0.15242408926423553,,,,
1784,0.001,adam,1785,98.18326163291931,0.011596514377018977,0.0,0.010788183834704177,0.11947835272406074,,,,
1785,0.001,adam,1786,98.22826051712036,0.011580611855455804,0.0,0.01096609521284649,0.12124156398392072,,,,
1786,0.001,adam,1787,98.27695679664612,0.01152878865668877,0.0,0.008764176211164055,0.09917055076832933,,,,
1787,0.001,adam,1788,98.32588624954224,0.01158217598471543,0.0,0.017020280870087688,0.18178498468559232,,,,
1788,0.001,adam,1789,98.36607599258423,0.011548824712044976,0.0,0.009423798687361989,0.10578681158566487,,,,
1789,0.001,adam,1790,98.4159905910492,0.011523512182048844,0.0,0.013403499606049774,0.14555850824254657,,,,
1790,0.001,adam,1791,98.45210981369019,0.01155373031486008,0.0,0.009708335100358564,0.10863708131844572,,,,
1791,0.001,adam,1792,98.49420547485352,0.011495616916595463,0.0,0.00896288682784705,0.10112448519506596,,,,
1792,0.001,adam,1793,98.53479957580566,0.011503425461966178,0.0,0.009679435475730566,0.10829778021927183,,,,
1793,0.001,adam,1794,98.58048343658447,0.011570709025303556,0.0,0.010652204704758774,0.1180927560728913,,,,
1794,0.001,adam,1795,98.63945865631104,0.011524937074096183,0.0,0.010219531054756582,0.113720247621662,,,,
1795,0.001,adam,1796,98.69326400756836,0.011533248279876182,0.0,0.008759206854496718,0.09912531682484337,,,,
1796,0.001,adam,1797,98.74372887611389,0.01152432658693044,0.0,0.02604318952771536,0.271956221864084,,,,
1797,0.001,adam,1798,98.78687000274658,0.011458444407284782,0.0,0.009660012162359724,0.10805856603088203,,,,
1798,0.001,adam,1799,98.83322739601135,0.011460283294076522,0.0,0.009324045508976855,0.10470073838384508,,,,
1799,0.001,adam,1800,98.87863302230835,0.011437443569102115,0.0,0.008781537175647867,0.09925281532558078,0.009877745788705034,0.0,0.009344379574979035,0.10332154153849539
1800,0.001,adam,1801,98.93236899375916,0.011368806817602835,0.0,0.009801205431628107,0.1093808611338839,,,,
1801,0.001,adam,1802,98.97972536087036,0.011380427276497547,0.0,0.010165659898785465,0.11303702626435219,,,,
1802,0.001,adam,1803,99.04026484489441,0.011352085159695663,0.0,0.009189685084322077,0.10324893600291643,,,,
1803,0.001,adam,1804,99.08405494689941,0.011333117424382878,0.0,0.008884619037793428,0.10017930780231717,,,,
1804,0.001,adam,1805,99.12794923782349,0.011368374121985972,0.0,0.009097607484846162,0.1023444489704476,,,,
1805,0.001,adam,1806,99.1850175857544,0.011341343753208326,0.0,0.008535846022192786,0.0966998039751362,,,,
1806,0.001,adam,1807,99.22764348983765,0.011348016778609962,0.0,0.008133261367251824,0.09268063045112819,,,,
1807,0.001,adam,1808,99.27356934547424,0.011335117246619186,0.0,0.007900881931677917,0.09034393656339836,,,,
1808,0.001,adam,1809,99.3183388710022,0.01130128625324822,0.0,0.009473026486842036,0.10603155112166858,,,,
1809,0.001,adam,1810,99.35594177246094,0.011321265622708548,0.0,0.010306718698851228,0.11438845261122083,,,,
1810,0.001,adam,1811,99.3952898979187,0.011345120681367837,0.0,0.010312769619590165,0.11447281687726948,,,,
1811,0.001,adam,1812,99.43744611740112,0.011333952522147677,0.0,0.00935510236215289,0.10488497614367658,,,,
1812,0.001,adam,1813,99.46925115585327,0.011325836403655632,0.0,0.008663218857132313,0.09795802497497876,,,,
1813,0.001,adam,1814,99.50657534599304,0.01130421953943532,0.0,0.010908264767290487,0.1203868672123402,,,,
1814,0.001,adam,1815,99.54678297042847,0.011286758462085609,0.0,0.00978121225179791,0.10909888098006472,,,,
1815,0.001,adam,1816,99.58670902252197,0.011268702139946948,0.0,0.008265976201993683,0.09392846415988378,,,,
1816,0.001,adam,1817,99.62479567527771,0.011264544295993136,0.0,0.010004421365089706,0.1113087579468902,,,,
1817,0.001,adam,1818,99.66103100776672,0.011250860189941418,0.0,0.006642613384587197,0.07767699403581338,,,,
1818,0.001,adam,1819,99.69765543937683,0.01124592019162265,0.0,0.012692865869246487,0.13817457888408752,,,,
1819,0.001,adam,1820,99.7358546257019,0.011266481646501817,0.0,0.010848584713304058,0.1197523287795424,0.009747239572628335,0.0,0.010532446004620307,0.1150716996188314
1820,0.001,adam,1821,99.79985022544861,0.011285629994477393,0.0,0.011316564772832178,0.12445127772279917,,,,
1821,0.001,adam,1822,99.83656430244446,0.011317093288601868,0.0,0.010568510551531268,0.11700219880391455,,,,
1822,0.001,adam,1823,99.88406562805176,0.011333278871538578,0.0,0.007517605559661605,0.08650933446815463,,,,
1823,0.001,adam,1824,99.927565574646,0.01134824684234749,0.0,0.009236946601035922,0.10371771285270671,,,,
1824,0.001,adam,1825,99.97005867958069,0.011345790357033073,0.0,0.010760366694771087,0.11894945730474395,,,,
1825,0.001,adam,1826,100.01593351364136,0.01130586492796503,0.0,0.010166463028448355,0.11297049521244859,,,,
1826,0.001,adam,1827,100.05800938606262,0.01132031738410485,0.0,0.008501776581653481,0.09633808320063966,,,,
1827,0.001,adam,1828,100.09091877937317,0.011283816757449364,0.0,0.010772021796502102,0.11900403472247038,,,,
1828,0.001,adam,1829,100.12042021751404,0.011252293774910768,0.0,0.006712322694002931,0.07837552071494008,,,,
1829,0.001,adam,1830,100.15822553634644,0.011263563246881787,0.0,0.010039801686424033,0.11166158011112211,,,,
1830,0.001,adam,1831,100.19776797294617,0.011249772851247808,0.0,0.00983304998218316,0.1095802726730794,,,,
1831,0.001,adam,1832,100.240407705307,0.011270072477740792,0.0,0.010044770504536043,0.11171777752310123,,,,
1832,0.001,adam,1833,100.28275275230408,0.011281494995466995,0.0,0.00667003071628699,0.07798180215833689,,,,
1833,0.001,adam,1834,100.33178615570068,0.011271232968048831,0.0,0.007543727586822191,0.08670850883627074,,,,
1834,0.001,adam,1835,100.38383555412292,0.011277635538033692,0.0,0.007484436708073305,0.08612200261876675,,,,
1835,0.001,adam,1836,100.4260094165802,0.011268590920728917,0.0,0.010899735529818416,0.12026594621891308,,,,
1836,0.001,adam,1837,100.47187423706055,0.011262739239186484,0.0,0.011497103886087885,0.12623377810006534,,,,
1837,0.001,adam,1838,100.51960682868958,0.011260859034495902,0.0,0.008503496819781148,0.09629582723230738,,,,
1838,0.001,adam,1839,100.55222630500793,0.011273224768198996,0.0,0.007908737407365913,0.09036059884185813,,,,
1839,0.001,adam,1840,100.59316182136536,0.01126162166393116,0.0,0.008562191254088743,0.0968835342048186,0.009704562416814356,0.0,0.00930286629595376,0.10273322537635196
1840,0.001,adam,1841,100.64552879333496,0.011231653415950732,0.0,0.008361039253584605,0.09484204595179678,,,,
1841,0.001,adam,1842,100.70544457435608,0.011235070170713526,0.0,0.012666938921387238,0.1379044593845859,,,,
1842,0.001,adam,1843,100.74507141113281,0.01120911865162777,0.0,0.009498493982142463,0.1061940584730524,,,,
1843,0.001,adam,1844,100.778564453125,0.011225399693956431,0.0,0.007875076525739814,0.08997616495135458,,,,
1844,0.001,adam,1845,100.80958724021912,0.011234988317856038,0.0,0.009567130924042606,0.1069062975582821,,,,
1845,0.001,adam,1846,100.84541988372803,0.0112161429955974,0.0,0.010258939564472805,0.11380553864032544,,,,
1846,0.001,adam,1847,100.88821983337402,0.011231928946451175,0.0,0.011096215977325127,0.12219408871970244,,,,
1847,0.001,adam,1848,100.93933725357056,0.011233416440883943,0.0,0.011222584603605583,0.12345926247693978,,,,
1848,0.001,adam,1849,100.98861122131348,0.011240541665788304,0.0,0.00963615985747332,0.1076021402405215,,,,
1849,0.001,adam,1850,101.0380609035492,0.011254148690941226,0.0,0.007820462341796388,0.08945877210890511,,,,
1850,0.001,adam,1851,101.07060718536377,0.011270883801619964,0.0,0.01724689496839178,0.18373983348553777,,,,
1851,0.001,adam,1852,101.1050820350647,0.011263959989040064,0.0,0.008285719422461377,0.09412115421365383,,,,
1852,0.001,adam,1853,101.1435477733612,0.01126226462716542,0.0,0.007266619575791135,0.08392846038507677,,,,
1853,0.001,adam,1854,101.17621684074402,0.011267750376216036,0.0,0.007434819485579172,0.08561594523200776,,,,
1854,0.001,adam,1855,101.21182608604431,0.01124694115320663,0.0,0.007668835665718769,0.08793529781039432,,,,
1855,0.001,adam,1856,101.24551463127136,0.011247227170624041,0.0,0.021916156537999835,0.23040879255062238,,,,
1856,0.001,adam,1857,101.29072833061218,0.011239475396995132,0.0,0.007848887310773846,0.0897283485047336,,,,
1857,0.001,adam,1858,101.33433771133423,0.011209522962579347,0.0,0.007159977443016233,0.08280929739274168,,,,
1858,0.001,adam,1859,101.38369989395142,0.011222807364964027,0.0,0.008788049364778516,0.0991033010127492,,,,
1859,0.001,adam,1860,101.43172478675842,0.011230135490104659,0.0,0.006072419087838192,0.07195432636848657,0.00970623639035976,0.0,0.007364347853712313,0.0833497149274829
1860,0.001,adam,1861,101.48413515090942,0.011219246718252444,0.0,0.007307562298985576,0.0842948697081082,,,,
1861,0.001,adam,1862,101.51985621452332,0.011225320535804217,0.0,0.006448044830804125,0.07570576884384547,,,,
1862,0.001,adam,1863,101.55846810340881,0.01122087412934704,0.0,0.007941448837623695,0.09063536250558399,,,,
1863,0.001,adam,1864,101.61641359329224,0.011218054592091242,0.0,0.007350628531651335,0.08472433990860459,,,,
1864,0.001,adam,1865,101.66062450408936,0.011228183778785901,0.0,0.009300745126791585,0.10423563504670175,,,,
1865,0.001,adam,1866,101.69547247886658,0.011214317736555875,0.0,0.0074826061415669155,0.08604037915222502,,,,
1866,0.001,adam,1867,101.74139451980591,0.011203521228400203,0.0,0.0077356844968710925,0.08856036619711113,,,,
1867,0.001,adam,1868,101.78267574310303,0.011203727108854193,0.0,0.008896539532323666,0.10016912243209086,,,,
1868,0.001,adam,1869,101.83671021461487,0.011168572143420376,0.0,0.009279687020831364,0.10396544235173402,,,,
1869,0.001,adam,1870,101.87560272216797,0.011170723704671577,0.0,0.007766498429982211,0.08883570800449368,,,,
1870,0.001,adam,1871,101.91006565093994,0.011157510978151326,0.0,0.006575735780035401,0.07691486877850534,,,,
1871,0.001,adam,1872,101.9501416683197,0.011116578672270231,0.0,0.008440509353574127,0.0955216722080115,,,,
1872,0.001,adam,1873,101.98657464981079,0.01113477506793985,0.0,0.008662136500075381,0.09775614006869367,,,,
1873,0.001,adam,1874,102.03780674934387,0.011137052181760558,0.0,0.008141400877100833,0.09255106095276888,,,,
1874,0.001,adam,1875,102.08932328224182,0.011147836954745574,0.0,0.008039816055479316,0.09154599750953872,,,,
1875,0.001,adam,1876,102.13078308105469,0.01119341101372852,0.0,0.008927116584819211,0.10046457686192063,,,,
1876,0.001,adam,1877,102.17083263397217,0.011178252248955065,0.0,0.007845266737049418,0.08963091961944925,,,,
1877,0.001,adam,1878,102.2079119682312,0.011178593507597026,0.0,0.006731839767569303,0.07849699118329005,,,,
1878,0.001,adam,1879,102.24325275421143,0.011194142989443396,0.0,0.00792296008715609,0.09042374386100428,,,,
1879,0.001,adam,1880,102.27628087997437,0.011160102120310128,0.0,0.008671408186420008,0.09787418398451021,0.00962949814309962,0.0,0.00737784953634364,0.08340799350653602
1880,0.001,adam,1881,102.32751059532166,0.011165757602701786,0.0,0.00862136926542312,0.09737945025693298,,,,
1881,0.001,adam,1882,102.38516569137573,0.011167345410233762,0.0,0.0074927135595551685,0.08609448100578544,,,,
1882,0.001,adam,1883,102.42846488952637,0.011169057585226178,0.0,0.010513078189918774,0.11629983948441391,,,,
1883,0.001,adam,1884,102.46991872787476,0.011181601212672384,0.0,0.008312495219365583,0.09430655340632821,,,,
1884,0.001,adam,1885,102.50512433052063,0.011198153426809453,0.0,0.008288570768510198,0.09408386111191143,,,,
1885,0.001,adam,1886,102.54074549674988,0.011189884225458687,0.0,0.009235302471557485,0.10354290894103355,,,,
1886,0.001,adam,1887,102.58366084098816,0.011198484429267682,0.0,0.010822887422164508,0.11942735865091277,,,,
1887,0.001,adam,1888,102.62935519218445,0.011173336249718896,0.0,0.006770766064405723,0.07888099689377612,,,,
1888,0.001,adam,1889,102.68267393112183,0.011167413526355878,0.0,0.006309192615967796,0.07425933968603383,,,,
1889,0.001,adam,1890,102.72687196731567,0.01117777032872613,0.0,0.008874264362377659,0.09992041395250273,,,,
1890,0.001,adam,1891,102.77825117111206,0.011166817741893815,0.0,0.008488559608107658,0.09605241382297039,,,,
1891,0.001,adam,1892,102.81950449943542,0.01117005160902526,0.0,0.008904916697307433,0.10021921858209959,,,,
1892,0.001,adam,1893,102.86375594139099,0.011166628657413158,0.0,0.01583649280968688,0.16953155675428197,,,,
1893,0.001,adam,1894,102.90159630775452,0.011177962895538343,0.0,0.010551324083405287,0.1166912037295912,,,,
1894,0.001,adam,1895,102.94143843650818,0.011159763620387229,0.0,0.009178150869059664,0.10294127231098388,,,,
1895,0.001,adam,1896,102.97433972358704,0.011180287142332136,0.0,0.009088263283307023,0.10206291997540237,,,,
1896,0.001,adam,1897,103.00720596313477,0.011167694006287482,0.0,0.007520036220893806,0.08636805621522553,,,,
1897,0.001,adam,1898,103.04966402053833,0.01116451032896904,0.0,0.008029749869029346,0.09146200901926249,,,,
1898,0.001,adam,1899,103.09411478042603,0.011145457563287133,0.0,0.0068605589221335615,0.07975104678462275,,,,
1899,0.001,adam,1900,103.15343952178955,0.011134996035794511,0.0,0.008061761827711277,0.09175261431290728,0.009611075683140964,0.0,0.008199297729219075,0.09160405297533172
1900,0.001,adam,1901,103.21913504600525,0.011145837923262002,0.0,0.008141323308343438,0.09255907100669639,,,,
1901,0.001,adam,1902,103.26046633720398,0.011144205998841951,0.0,0.008026784958093693,0.09141205557977888,,,,
1902,0.001,adam,1903,103.3017783164978,0.011127802160332396,0.0,0.009810039524656571,0.10922819740689811,,,,
1903,0.001,adam,1904,103.33785247802734,0.011124180451513224,0.0,0.00769481129689836,0.08807229342049683,,,,
1904,0.001,adam,1905,103.3839783668518,0.011129696118973909,0.0,0.007830781750986041,0.08943751362883431,,,,
1905,0.001,adam,1906,103.42385697364807,0.011125931979515951,0.0,0.0063258847572840535,0.07438477955235648,,,,
1906,0.001,adam,1907,103.45670795440674,0.011127902615718234,0.0,0.008256552088118808,0.0936934234969063,,,,
1907,0.001,adam,1908,103.49198412895203,0.011137508024393238,0.0,0.008322125327859526,0.0943587613029885,,,,
1908,0.001,adam,1909,103.52803564071655,0.011121660891340085,0.0,0.01043506007438365,0.11547226163517658,,,,
1909,0.001,adam,1910,103.5694534778595,0.01112965687949718,0.0,0.011330373429366184,0.12443339117315903,,,,
1910,0.001,adam,1911,103.6037814617157,0.01111580467693143,0.0,0.016470922285707852,0.17582502753400994,,,,
1911,0.001,adam,1912,103.65437078475952,0.011144481470164514,0.0,0.01879654204308386,0.19910990190100308,,,,
1912,0.001,adam,1913,103.70146894454956,0.011075762351226358,0.0,0.017727243762541367,0.18834819997664004,,,,
1913,0.001,adam,1914,103.74509525299072,0.011112543873279814,0.0,0.016530623860237535,0.17641878247565518,,,,
1914,0.001,adam,1915,103.81201529502869,0.01109199001297948,0.0,0.012687950639955866,0.13797149641253814,,,,
1915,0.001,adam,1916,103.857586145401,0.01111950988144978,0.0,0.010538440817574114,0.11650391805719093,,,,
1916,0.001,adam,1917,103.89720010757446,0.011118124144959416,0.0,0.00938067875153173,0.1049249116602767,,,,
1917,0.001,adam,1918,103.94318985939026,0.011094423493895667,0.0,0.009415095908127395,0.1052453825751696,,,,
1918,0.001,adam,1919,103.98876190185547,0.011099028001453909,0.0,0.007002806182446425,0.08112708982591815,,,,
1919,0.001,adam,1920,104.03894257545471,0.01109656090223383,0.0,0.007980378126001922,0.09090034216225305,0.009575230046229859,0.0,0.009698637661245822,0.10656160665868807
1920,0.001,adam,1921,104.11076736450195,0.011097265728351638,0.0,0.009923598039561592,0.11033324612396757,,,,
1921,0.001,adam,1922,104.14905762672424,0.011089124896101067,0.0,0.009522139833170054,0.1063105232278016,,,,
1922,0.001,adam,1923,104.20776605606079,0.01108228282203605,0.0,0.010467255568489733,0.11575483850693338,,,,
1923,0.001,adam,1924,104.25099015235901,0.01106333572076448,0.0,0.009407645986703324,0.10513979558779772,,,,
1924,0.001,adam,1925,104.29917168617249,0.01109448558032321,0.0,0.011387213885584077,0.12496662443616398,,,,
1925,0.001,adam,1926,104.34168338775635,0.011053020592229134,0.0,0.008800118926572568,0.09905420985795481,,,,
1926,0.001,adam,1927,104.3837399482727,0.011059864598700777,0.0,0.006724562387652256,0.07830548847522333,,,,
1927,0.001,adam,1928,104.41673016548157,0.011047283493798105,0.0,0.009294348487384066,0.10399076836763876,,,,
1928,0.001,adam,1929,104.44925904273987,0.011035551643276392,0.0,0.008159776774462977,0.09263331938790616,,,,
1929,0.001,adam,1930,104.48356246948242,0.0110602756000484,0.0,0.01042866315767309,0.11534690717677928,,,,
1930,0.001,adam,1931,104.52459502220154,0.011035503832775477,0.0,0.012037376857963524,0.1314092724124107,,,,
1931,0.001,adam,1932,104.56076860427856,0.011067008336656536,0.0,0.010254890002482947,0.11361590836148601,,,,
1932,0.001,adam,1933,104.61360478401184,0.011057570802510996,0.0,0.011939953685808634,0.13045710766059734,,,,
1933,0.001,adam,1934,104.64954257011414,0.011029677284717373,0.0,0.02234913381577462,0.2345210154424636,,,,
1934,0.001,adam,1935,104.70236086845398,0.011039757324085422,0.0,0.007217786495605877,0.08321762228014419,,,,
1935,0.001,adam,1936,104.745854139328,0.011011857881333362,0.0,0.009168243117430797,0.10269428905564133,,,,
1936,0.001,adam,1937,104.80109548568726,0.010992249350431449,0.0,0.0068015947870611465,0.07900819722104291,,,,
1937,0.001,adam,1938,104.84849643707275,0.011007984965486646,0.0,0.027049175192854484,0.2814997368940315,,,,
1938,0.001,adam,1939,104.89928984642029,0.010992369492034193,0.0,0.010466963694528722,0.11566200643732141,,,,
1939,0.001,adam,1940,104.9420075416565,0.011012593265139191,0.0,0.011007313877109256,0.12108573203623176,0.00953089905354823,0.0,0.011318614174660513,0.12271704080015336
1940,0.001,adam,1941,104.98698115348816,0.011044463759217029,0.0,0.011236625084392821,0.12341071460314523,,,,
1941,0.001,adam,1942,105.02966737747192,0.011026510236806689,0.0,0.013261689719514363,0.1436434074319503,,,,
1942,0.001,adam,1943,105.07369899749756,0.011073435254441755,0.0,0.014421032694239694,0.1552837621968387,,,,
1943,0.001,adam,1944,105.11316299438477,0.01105467645309956,0.0,0.010879825165479915,0.11985292810789872,,,,
1944,0.001,adam,1945,105.14208054542542,0.011058978794121379,0.0,0.008764275141967426,0.09870173021379564,,,,
1945,0.001,adam,1946,105.1787338256836,0.01105291156862534,0.0,0.00805303340750197,0.09158324564364505,,,,
1946,0.001,adam,1947,105.22049570083618,0.011027610767008393,0.0,0.009376188454039338,0.10478949530740178,,,,
1947,0.001,adam,1948,105.26456332206726,0.011043279912876116,0.0,0.00984264853039673,0.10946976521684341,,,,
1948,0.001,adam,1949,105.30759644508362,0.011013424692731928,0.0,0.011759955979715502,0.12861298448988695,,,,
1949,0.001,adam,1950,105.35087370872498,0.01102631805447777,0.0,0.011174656078864425,0.12277287884312202,,,,
1950,0.001,adam,1951,105.41094517707825,0.010990963774623767,0.0,0.01332218860847478,0.14421284985937158,,,,
1951,0.001,adam,1952,105.45935130119324,0.011004076018143804,0.0,0.006566477041374788,0.07666884643189169,,,,
1952,0.001,adam,1953,105.50281357765198,0.011006251461962267,0.0,0.00991367612105763,0.11014301267253858,,,,
1953,0.001,adam,1954,105.55146908760071,0.011023662101704553,0.0,0.00881455765531749,0.09916923865487945,,,,
1954,0.001,adam,1955,105.5942771434784,0.011070102838515962,0.0,0.326096650035285,3.2720366031913657,,,,
1955,0.001,adam,1956,105.64960265159607,0.011044121344764327,0.0,0.009994279692659905,0.11098691827136338,,,,
1956,0.001,adam,1957,105.67655372619629,0.011054335093430012,0.0,0.010087984510504858,0.11193418019847859,,,,
1957,0.001,adam,1958,105.72008275985718,0.011048283977969742,0.0,0.009853586644149783,0.10958415041946758,,,,
1958,0.001,adam,1959,105.76315760612488,0.011038170678332493,0.0,0.01073590242481269,0.11839719492645939,,,,
1959,0.001,adam,1960,105.80938529968262,0.011038518224849784,0.0,0.008926641810762068,0.10030493633247047,0.009501285871363488,0.0,0.009039984346226321,0.0999011293336267
1960,0.001,adam,1961,105.8839020729065,0.011049908824731077,0.0,0.008812052295244588,0.09917043177717695,,,,
1961,0.001,adam,1962,105.92823266983032,0.01099466951154753,0.0,0.011865835947655114,0.12965302898809866,,,,
1962,0.001,adam,1963,105.98391127586365,0.01101875340916445,0.0,0.009768844148176024,0.10870719489092469,,,,
1963,0.001,adam,1964,106.02548050880432,0.010980388469715862,0.0,0.007079158074338819,0.08177196921310405,,,,
1964,0.001,adam,1965,106.07716488838196,0.01098018143356103,0.0,0.008024245967571259,0.09122264110927361,,,,
1965,0.001,adam,1966,106.11579132080078,0.011001787254939504,0.0,0.010306378354644194,0.11406557080138144,,,,
1966,0.001,adam,1967,106.14841175079346,0.01096338320171887,0.0,0.007412055335629643,0.0850839365580153,,,,
1967,0.001,adam,1968,106.18983030319214,0.010975126526615182,0.0,0.007346983673407133,0.08444496326068651,,,,
1968,0.001,adam,1969,106.22404479980469,0.010972486396283898,0.0,0.00910296569191291,0.10200214331541299,,,,
1969,0.001,adam,1970,106.26544976234436,0.010977013297094674,0.0,0.009359863218155786,0.10457564547865254,,,,
1970,0.001,adam,1971,106.30292391777039,0.011008312628006015,0.0,0.009777165908427853,0.10877997171228454,,,,
1971,0.001,adam,1972,106.33546042442322,0.011012684666559061,0.0,0.0069764100417513105,0.08077678508407217,,,,
1972,0.001,adam,1973,106.3685314655304,0.01103822222402499,0.0,0.009020299471510517,0.10124121693913017,,,,
1973,0.001,adam,1974,106.40361523628235,0.01108359579116738,0.0,0.011566032945820814,0.12674392524937553,,,,
1974,0.001,adam,1975,106.44809913635254,0.011073281114488989,0.0,0.013327769643932685,0.14435097755381585,,,,
1975,0.001,adam,1976,106.49187445640564,0.011041694191929415,0.0,0.01576309750460138,0.16867266923794322,,,,
1976,0.001,adam,1977,106.54243898391724,0.011059350745068752,0.0,0.022730472997994626,0.23836408072501503,,,,
1977,0.001,adam,1978,106.60843825340271,0.010979276576294938,0.0,0.02211089333126092,0.23208820988890416,,,,
1978,0.001,adam,1979,106.6665940284729,0.011049060763392023,0.0,0.016053794222416047,0.17158700298755247,,,,
1979,0.001,adam,1980,106.71748280525208,0.01097174845763528,0.0,0.010131794795914665,0.11228969641678194,0.009487082592752792,0.0,0.008405922308265677,0.09354630567540956
1980,0.001,adam,1981,106.78236770629883,0.010987199418433582,0.0,0.00818944247622321,0.09288162418066569,,,,
1981,0.001,adam,1982,106.84363627433777,0.011042381951121318,0.0,0.012264794385026373,0.13369032580138504,,,,
1982,0.001,adam,1983,106.8862738609314,0.011010067434445416,0.0,0.012964913724538831,0.14065920467983373,,,,
1983,0.001,adam,1984,106.93115162849426,0.011068357225096852,0.0,0.012552999875012072,0.13659835597521758,,,,
1984,0.001,adam,1985,106.97891902923584,0.011055945319144542,0.0,0.012591205532720126,0.1369680006463458,,,,
1985,0.001,adam,1986,107.02276754379272,0.011044715653826045,0.0,0.014556852471882945,0.1566132403726555,,,,
1986,0.001,adam,1987,107.06669902801514,0.01104468800255717,0.0,0.011289819824127967,0.12394288624383684,,,,
1987,0.001,adam,1988,107.11508274078369,0.010981214552963777,0.0,0.007550882278560753,0.0864900373385713,,,,
1988,0.001,adam,1989,107.162752866745,0.010968658574165503,0.0,0.007257046786762403,0.08353912644178953,,,,
1989,0.001,adam,1990,107.20516157150269,0.010984730275022843,0.0,0.012297157890594376,0.1339563091809666,,,,
1990,0.001,adam,1991,107.2576105594635,0.010976159016464277,0.0,0.011352945533917691,0.12450561435564118,,,,
1991,0.001,adam,1992,107.29826283454895,0.01094565879724854,0.0,0.011411276122492698,0.12505842002217551,,,,
1992,0.001,adam,1993,107.33259201049805,0.010985686650845611,0.0,0.010113838839576315,0.11212407504660875,,,,
1993,0.001,adam,1994,107.38036632537842,0.010934621941946696,0.0,0.007442884239712682,0.08536346433907352,,,,
1994,0.001,adam,1995,107.4186053276062,0.010948016687746458,0.0,0.008107621173300411,0.09202422842075057,,,,
1995,0.001,adam,1996,107.46612882614136,0.01095044079141214,0.0,0.011478016148245104,0.12573060227386318,,,,
1996,0.001,adam,1997,107.51266598701477,0.010930617716745849,0.0,0.009358276157300508,0.10451337928975092,,,,
1997,0.001,adam,1998,107.56073880195618,0.010973402279241512,0.0,0.010012234769835905,0.11109574997760056,,,,
1998,0.001,adam,1999,107.59799242019653,0.010997622456173277,0.0,0.009077077743327078,0.10176839988944406,,,,
1999,0.001,adam,2000,107.633535861969,0.01098950993689357,0.0,0.007992328517996871,0.09091279511686229,0.009475608501444934,0.0,0.0068740333303481125,0.07821594180492607
2000,0.001,adam,2001,107.70123338699341,0.010998294389356676,0.0,0.006528916003590605,0.07628745442526273,,,,
2001,0.001,adam,2002,107.7530448436737,0.011020813467720438,0.0,0.007628934313870328,0.08731015660642372,,,,
2002,0.001,adam,2003,107.80035972595215,0.011008612510454395,0.0,0.009367539731396373,0.10468400982441814,,,,
2003,0.001,adam,2004,107.84281873703003,0.010995183633791476,0.0,0.2699002087514441,2.7099972711482327,,,,
2004,0.001,adam,2005,107.90802907943726,0.011001934038550211,0.0,0.007797077911179301,0.08897271315034322,,,,
2005,0.001,adam,2006,107.94404554367065,0.011005439877990275,0.0,0.007389302395944227,0.08489846383743255,,,,
2006,0.001,adam,2007,107.97289729118347,0.010999364177112562,0.0,0.008046131050769909,0.09146067468481164,,,,
2007,0.001,adam,2008,108.0166244506836,0.010978008178349707,0.0,0.007360544785351505,0.08458345603186476,,,,
2008,0.001,adam,2009,108.04920744895935,0.010986528113149792,0.0,0.007192641115269023,0.08291293926584002,,,,
2009,0.001,adam,2010,108.07931065559387,0.010991715449547463,0.0,0.007156345580453046,0.08255517125407792,,,,
2010,0.001,adam,2011,108.13197231292725,0.011019417021897477,0.0,0.009473764427944254,0.10575706130134001,,,,
2011,0.001,adam,2012,108.17913913726807,0.010991858904829076,0.0,0.006933945845986442,0.0803313173646935,,,,
2012,0.001,adam,2013,108.22467708587646,0.010975271195775722,0.0,0.01057705580655014,0.11674582926127712,,,,
2013,0.001,adam,2014,108.28062462806702,0.01096010913804719,0.0,0.007011008557628246,0.08107019471432965,,,,
2014,0.001,adam,2015,108.32941389083862,0.010944482324030742,0.0,0.006199553745007217,0.07294001977410292,,,,
2015,0.001,adam,2016,108.36995840072632,0.010934750941210354,0.0,0.006314385319179797,0.07407860413300832,,,,
2016,0.001,adam,2017,108.40422368049622,0.01093292234679924,0.0,0.006106022924451133,0.07199315159131056,,,,
2017,0.001,adam,2018,108.44696116447449,0.010931116864341344,0.0,0.006129001496804854,0.07222113183238987,,,,
2018,0.001,adam,2019,108.47563314437866,0.010935632668707776,0.0,0.006310283192939181,0.07403846459809958,,,,
2019,0.001,adam,2020,108.51954579353333,0.010944936710348314,0.0,0.006406907572406323,0.07501401243441154,0.009434014071545389,0.0,0.006601808124438594,0.07545209531593132
2020,0.001,adam,2021,108.57700896263123,0.010961232287266873,0.0,0.006666688438875386,0.07762811667602074,,,,
2021,0.001,adam,2022,108.61014580726624,0.010967917817079129,0.0,0.006311302734152355,0.07408094515860268,,,,
2022,0.001,adam,2023,108.646648645401,0.010964308144471926,0.0,0.005710474319568905,0.06806905134016097,,,,
2023,0.001,adam,2024,108.69780445098877,0.010950920760538156,0.0,0.0072098592242946635,0.08304951300348479,,,,
2024,0.001,adam,2025,108.75202894210815,0.010938741827363811,0.0,0.006982066122944523,0.08075940305680904,,,,
2025,0.001,adam,2026,108.79779720306396,0.010921258473373191,0.0,0.027235843282947647,0.2832796913028497,,,,
2026,0.001,adam,2027,108.85307312011719,0.010896018391893922,0.0,0.011991970022002744,0.13081571861192137,,,,
2027,0.001,adam,2028,108.90137887001038,0.010901763982185762,0.0,0.013443078253327361,0.14533254651545938,,,,
2028,0.001,adam,2029,108.94345331192017,0.010884686829681533,0.0,0.015602361847679441,0.16690830530647593,,,,
2029,0.001,adam,2030,108.99012875556946,0.01090668379054612,0.0,0.01814776945871944,0.1923843783777405,,,,
2030,0.001,adam,2031,109.02828288078308,0.010907470263719733,0.0,0.017967396246138412,0.19058143272510386,,,,
2031,0.001,adam,2032,109.06749391555786,0.01091608666610751,0.0,0.27063340099570093,2.717250096623117,,,,
2032,0.001,adam,2033,109.10042119026184,0.010901433190563319,0.0,0.012426115547822667,0.13516258866879,,,,
2033,0.001,adam,2034,109.1370370388031,0.010924399390908108,0.0,0.008334651528008526,0.09427091467099337,,,,
2034,0.001,adam,2035,109.17788529396057,0.010923887484609807,0.0,0.009234997603444626,0.10327386351905606,,,,
2035,0.001,adam,2036,109.2143566608429,0.010938933480380974,0.0,0.009240362248914741,0.10334255596952838,,,,
2036,0.001,adam,2037,109.26719331741333,0.010989042639262505,0.0,0.013658687656463955,0.14757591920390206,,,,
2037,0.001,adam,2038,109.31216168403625,0.010931853374956833,0.0,0.013037741107761416,0.141309264452571,,,,
2038,0.001,adam,2039,109.35486674308777,0.010939745443252415,0.0,0.009950374525212075,0.11044349069537315,,,,
2039,0.001,adam,2040,109.39620733261108,0.010878489571143523,0.0,0.00906088016838886,0.10148729125503213,0.009389354104259513,0.0,0.006912555039995804,0.07851490450421755
2040,0.001,adam,2041,109.44854021072388,0.010865488198370363,0.0,0.007615781726986312,0.08702330546823349,,,,
2041,0.001,adam,2042,109.49370455741882,0.01088445273544928,0.0,0.008018641068620453,0.0910708634216538,,,,
2042,0.001,adam,2043,109.53886795043945,0.010866674912903993,0.0,0.010420341227671156,0.11507008718961556,,,,
2043,0.001,adam,2044,109.5795476436615,0.010889441345372492,0.0,0.316078832177809,3.1716777631234625,,,,
2044,0.001,adam,2045,109.62182307243347,0.010864039033513441,0.0,0.012265760951850477,0.1335216485520182,,,,
2045,0.001,adam,2046,109.66662788391113,0.010904561824417937,0.0,0.010982016562670378,0.12072472745112173,,,,
2046,0.001,adam,2047,109.7147741317749,0.010920809083548118,0.0,0.00724184096674817,0.08333921875102981,,,,
2047,0.001,adam,2048,109.7584297657013,0.010912988984804039,0.0,0.007057030814929132,0.08148329713409536,,,,
2048,0.001,adam,2049,109.79890584945679,0.010914286491821997,0.0,0.008752410795834036,0.09843839445016236,,,,
2049,0.001,adam,2050,109.83971786499023,0.010899052055089259,0.0,0.009440536481168563,0.10530441686677489,,,,
2050,0.001,adam,2051,109.87620258331299,0.010923306374380387,0.0,0.011003089171840558,0.12095419809278596,,,,
2051,0.001,adam,2052,109.91979622840881,0.010871658843452045,0.0,0.008698340558591778,0.09785506442936982,,,,
2052,0.001,adam,2053,109.95557284355164,0.01088513748860105,0.0,0.006475972454628583,0.07564486203488688,,,,
2053,0.001,adam,2054,109.99752068519592,0.010887934447542255,0.0,0.30869402739449214,3.0978282083924635,,,,
2054,0.001,adam,2055,110.04034185409546,0.010882666381300242,0.0,0.010185595067546445,0.11273861705676469,,,,
2055,0.001,adam,2056,110.0843894481659,0.010891225432811813,0.0,0.009900006551017417,0.10989129094298598,,,,
2056,0.001,adam,2057,110.12276458740234,0.010859000518198247,0.0,0.009870848750485732,0.10956748802305556,,,,
2057,0.001,adam,2058,110.16400957107544,0.010941103035571581,0.0,0.009800996605796202,0.10895106909353361,,,,
2058,0.001,adam,2059,110.20583844184875,0.010889406485970058,0.0,0.008633747411363118,0.09722688059960125,,,,
2059,0.001,adam,2060,110.2492024898529,0.010884145755863035,0.0,0.006778926516137912,0.07867341091724216,0.009411183572596573,0.0,0.008037846362736122,0.08978964719995779
2060,0.001,adam,2061,110.29929757118225,0.010896017234513293,0.0,0.008811612026983186,0.09901213750434516,,,,
2061,0.001,adam,2062,110.3317539691925,0.01085136046420602,0.0,0.009361313660837001,0.10446449707257603,,,,
2062,0.001,adam,2063,110.37284731864929,0.010867796900720688,0.0,0.007198045910981367,0.08284825601053436,,,,
2063,0.001,adam,2064,110.42618489265442,0.010843872472222594,0.0,0.007971104799989597,0.09055492047211856,,,,
2064,0.001,adam,2065,110.47768521308899,0.010802327985808846,0.0,0.007771701926881647,0.08851934725462532,,,,
2065,0.001,adam,2066,110.51213836669922,0.010817569030222782,0.0,0.008982288060691953,0.10064044963714232,,,,
2066,0.001,adam,2067,110.55209183692932,0.010812686871824942,0.0,0.0100280601511528,0.11109328838335296,,,,
2067,0.001,adam,2068,110.60494685173035,0.010809407486264118,0.0,0.007486040721918721,0.08566981470545133,,,,
2068,0.001,adam,2069,110.6423921585083,0.010847588160863907,0.0,0.009891578183588502,0.10976336999674893,,,,
2069,0.001,adam,2070,110.67694544792175,0.01083112930364461,0.0,0.007475082171260994,0.08558195101625454,,,,
2070,0.001,adam,2071,110.7085177898407,0.010809071167724027,0.0,0.007598126813370895,0.08679033930143298,,,,
2071,0.001,adam,2072,110.74844646453857,0.01083112556176109,0.0,0.00968105693018023,0.1076416948635634,,,,
2072,0.001,adam,2073,110.77721214294434,0.010802367034860198,0.0,0.011225180857145597,0.12305417560631618,,,,
2073,0.001,adam,2074,110.81619167327881,0.010897933146551209,0.0,0.01202215103524805,0.1311194434990317,,,,
2074,0.001,adam,2075,110.85824799537659,0.010829645410618682,0.0,0.008142096127561924,0.09225060668623791,,,,
2075,0.001,adam,2076,110.9058210849762,0.010821255141209402,0.0,0.00780437214295363,0.08886497657074571,,,,
2076,0.001,adam,2077,110.96443963050842,0.010820367811869699,0.0,0.008235132619062006,0.09317169400248974,,,,
2077,0.001,adam,2078,111.01021671295166,0.010777328764793294,0.0,0.007871638296515052,0.0894937117299438,,,,
2078,0.001,adam,2079,111.04102945327759,0.010815482916566489,0.0,0.00808917886165057,0.09170727153307219,,,,
2079,0.001,adam,2080,111.08368349075317,0.010797951104387957,0.0,0.009354009338317305,0.104338044487561,0.009287135934851042,0.0,0.009231851093175621,0.10160564686660725
2080,0.001,adam,2081,111.14371180534363,0.010803617134495059,0.0,0.009259259555101432,0.10339621268550937,,,,
2081,0.001,adam,2082,111.19578266143799,0.010815254946535492,0.0,0.009246307606731032,0.10327833101384581,,,,
2082,0.001,adam,2083,111.24204182624817,0.010793729911129757,0.0,0.008811423101694037,0.09890796092807014,,,,
2083,0.001,adam,2084,111.27866959571838,0.010809298851425952,0.0,0.006912652885084389,0.07993582770226984,,,,
2084,0.001,adam,2085,111.32348990440369,0.010846440045026556,0.0,0.007936299473704226,0.0902094347820688,,,,
2085,0.001,adam,2086,111.35950493812561,0.010798447593473466,0.0,0.008450954919057493,0.0953079967840484,,,,
2086,0.001,adam,2087,111.4011058807373,0.0107754789250355,0.0,0.008443812904882612,0.09521360797386161,,,,
2087,0.001,adam,2088,111.44303154945374,0.010798632211051944,0.0,0.013611918161783188,0.14691781382888383,,,,
2088,0.001,adam,2089,111.48739743232727,0.010790209750250997,0.0,0.015868364117531085,0.16947385092556186,,,,
2089,0.001,adam,2090,111.53419184684753,0.010843032678356986,0.0,0.015582413160703834,0.16666716428539533,,,,
2090,0.001,adam,2091,111.58121490478516,0.010794994872377853,0.0,0.01317389335381971,0.14253392841057494,,,,
2091,0.001,adam,2092,111.63716125488281,0.010768867482528827,0.0,0.012035074654281391,0.13111961402534275,,,,
2092,0.001,adam,2093,111.68680882453918,0.010769986101108266,0.0,0.009941745708886498,0.11018744318997326,,,,
2093,0.001,adam,2094,111.7319769859314,0.01079190585674433,0.0,0.007402486560964992,0.08481677146639426,,,,
2094,0.001,adam,2095,111.78632593154907,0.010769538476215788,0.0,0.007423021477215144,0.08499975324836723,,,,
2095,0.001,adam,2096,111.83314847946167,0.010784264619792115,0.0,0.30386262149435617,3.0494104795633534,,,,
2096,0.001,adam,2097,111.87741303443909,0.010771028510453777,0.0,0.008887598400910895,0.09964701251956273,,,,
2097,0.001,adam,2098,111.92032623291016,0.010748156516163598,0.0,0.01202435630965282,0.1309917196126918,,,,
2098,0.001,adam,2099,111.97480130195618,0.010808464972600261,0.0,0.01014822484992424,0.11229071347184266,,,,
2099,0.001,adam,2100,112.03029441833496,0.010792226731151532,0.0,0.006732035139888318,0.07811257813003471,0.009306569042131091,0.0,0.007023424626622224,0.07954081530835333
2100,0.001,adam,2101,112.08855199813843,0.010807090505388564,0.0,0.007954400297978535,0.09035109348517391,,,,
2101,0.001,adam,2102,112.13405132293701,0.010826001543293507,0.0,0.024945146183009848,0.26027746337339197,,,,
2102,0.001,adam,2103,112.18588328361511,0.010782312221828395,0.0,0.013908334277658438,0.14986565499841278,,,,
2103,0.001,adam,2104,112.22491550445557,0.010802787569720312,0.0,0.013290147841597249,0.1437042659856928,,,,
2104,0.001,adam,2105,112.27389764785767,0.010761932235647132,0.0,0.011954451726484124,0.1303064495004884,,,,
2105,0.001,adam,2106,112.32274794578552,0.010744979823862204,0.0,0.009292014535380004,0.10366512517766224,,,,
2106,0.001,adam,2107,112.37605500221252,0.010738657653841998,0.0,0.008471808357439613,0.09545674122823813,,,,
2107,0.001,adam,2108,112.41973638534546,0.010697951272163473,0.0,0.008424185906806292,0.09493981034022639,,,,
2108,0.001,adam,2109,112.46907639503479,0.010691224070438928,0.0,0.006449810049000806,0.075189324560447,,,,
2109,0.001,adam,2110,112.52007961273193,0.010722073982427796,0.0,0.007840645924201802,0.08912853322444582,,,,
2110,0.001,adam,2111,112.55909085273743,0.010723704178109484,0.0,0.007581697119150152,0.086540675369611,,,,
2111,0.001,adam,2112,112.60690259933472,0.010743135994536624,0.0,0.007833349903130688,0.0890766350258435,,,,
2112,0.001,adam,2113,112.64958643913269,0.010752886625613398,0.0,0.006572261595487103,0.07647550258048443,,,,
2113,0.001,adam,2114,112.70093250274658,0.010730689088865356,0.0,0.008625139046686107,0.09698207955572642,,,,
2114,0.001,adam,2115,112.75195837020874,0.010736667767396312,0.0,0.006198075649100817,0.0727174242584045,,,,
2115,0.001,adam,2116,112.78629088401794,0.010736491928979566,0.0,0.006279917234790486,0.07353566427688442,,,,
2116,0.001,adam,2117,112.84736728668213,0.010745864200949754,0.0,0.006580160972199009,0.07654747392293984,,,,
2117,0.001,adam,2118,112.89993381500244,0.010752862946378875,0.0,0.006912829290204951,0.07988115584842839,,,,
2118,0.001,adam,2119,112.95331120491028,0.010736709121073437,0.0,0.0068502543375008025,0.07923925249608146,,,,
2119,0.001,adam,2120,113.00021982192993,0.010761974359972651,0.0,0.007397206458742407,0.08473403894739673,0.009285474229377491,0.0,0.008169463316325381,0.09098010739263131
2120,0.001,adam,2121,113.05450701713562,0.010753603551643136,0.0,0.009673254456645863,0.10748614811810177,,,,
2121,0.001,adam,2122,113.09759569168091,0.010773608260087822,0.0,0.008136429118867982,0.09213789944876764,,,,
2122,0.001,adam,2123,113.14359498023987,0.010725913547815925,0.0,0.007929144275745672,0.09001735630527265,,,,
2123,0.001,adam,2124,113.18374705314636,0.010741125530287218,0.0,0.006525377108189597,0.07599489661218319,,,,
2124,0.001,adam,2125,113.22422409057617,0.010727915340147911,0.0,0.006086755565858809,0.071595470998736,,,,
2125,0.001,adam,2126,113.26649260520935,0.010731912438642622,0.0,0.007059421881266478,0.0813261312513074,,,,
2126,0.001,adam,2127,113.30878210067749,0.010728674605514039,0.0,0.00834636179247504,0.09419229253026444,,,,
2127,0.001,adam,2128,113.34698224067688,0.01072575699897067,0.0,0.010004598565594335,0.11077174265491403,,,,
2128,0.001,adam,2129,113.39867544174194,0.01074639808981459,0.0,0.0130217255086728,0.14096365317654258,,,,
2129,0.001,adam,2130,113.44454979896545,0.010732605709758508,0.0,0.011827607880782753,0.12900868451758604,,,,
2130,0.001,adam,2131,113.49301338195801,0.010735204386632642,0.0,0.011044218880844149,0.12117739319507413,,,,
2131,0.001,adam,2132,113.5408067703247,0.01071444407552712,0.0,0.012834449296440953,0.13905893703993666,,,,
2132,0.001,adam,2133,113.58650922775269,0.010720798525048033,0.0,0.01245231526714537,0.13524395119650173,,,,
2133,0.001,adam,2134,113.62860250473022,0.010699831727876096,0.0,0.008374373054005416,0.09444356226793026,,,,
2134,0.001,adam,2135,113.6680555343628,0.010718328736938306,0.0,0.0077674760080901645,0.08839308881783994,,,,
2135,0.001,adam,2136,113.71102118492126,0.010716228266901228,0.0,0.005940822890879138,0.07012445717569261,,,,
2136,0.001,adam,2137,113.7497832775116,0.010714409940335269,0.0,0.007862563544831377,0.08934004538864904,,,,
2137,0.001,adam,2138,113.7948362827301,0.010742107857592583,0.0,0.1842020878080984,1.8527629859385768,,,,
2138,0.001,adam,2139,113.83413791656494,0.010743628789061384,0.0,0.00783662948594778,0.08910992364853917,,,,
2139,0.001,adam,2140,113.88865447044373,0.010768061246096614,0.0,0.007562374101191992,0.08639180225801653,0.009304810218257886,0.0,0.006965373999847952,0.07895855021673741
2140,0.001,adam,2141,113.95040202140808,0.010797265861528392,0.0,0.006690430685280022,0.0777015727143286,,,,
2141,0.001,adam,2142,114.01248025894165,0.010790566293571092,0.0,0.007601492274644408,0.08680548904001517,,,,
2142,0.001,adam,2143,114.06397700309753,0.010806627740678035,0.0,0.008785600778401353,0.09866263552469157,,,,
2143,0.001,adam,2144,114.11169862747192,0.010825731788459981,0.0,0.011991995725275106,0.13074568904121103,,,,
2144,0.001,adam,2145,114.163090467453,0.010892351051649058,0.0,0.017623702029056117,0.18712937134221022,,,,
2145,0.001,adam,2146,114.2224702835083,0.010856713680993328,0.0,0.026941066372301127,0.2802673774040046,,,,
2146,0.001,adam,2147,114.28943753242493,0.010939704397850988,0.0,0.0338768766242508,0.3497084706403589,,,,
2147,0.001,adam,2148,114.34010791778564,0.01081451489135193,0.0,0.021506618335034967,0.2258806982417016,,,,
2148,0.001,adam,2149,114.38333678245544,0.010901800152077383,0.0,0.016581219053677054,0.17671399068884794,,,,
2149,0.001,adam,2150,114.42911624908447,0.010989885948943418,0.0,0.019062473916150544,0.20161462511044886,,,,
2150,0.001,adam,2151,114.47051501274109,0.010901048215121669,0.0,0.013040017513688097,0.14130122335200263,,,,
2151,0.001,adam,2152,114.51038527488708,0.010776830990477293,0.0,0.006268197428499435,0.07345880527547165,,,,
2152,0.001,adam,2153,114.55223822593689,0.010831001808391822,0.0,0.011422947381360116,0.125060475621993,,,,
2153,0.001,adam,2154,114.60453224182129,0.010891049702588952,0.0,0.015702388558901097,0.16791493529159993,,,,
2154,0.001,adam,2155,114.64178371429443,0.010738390278064038,0.0,0.009131381480337729,0.10205220508144133,,,,
2155,0.001,adam,2156,114.69355893135071,0.010740322959894995,0.0,0.008725538448236307,0.09799570744225806,,,,
2156,0.001,adam,2157,114.73398065567017,0.01076636108461875,0.0,0.011205084087638168,0.12281720196100042,,,,
2157,0.001,adam,2158,114.76842284202576,0.01068867695720717,0.0,0.009517706186993472,0.10586573882714188,,,,
2158,0.001,adam,2159,114.81190514564514,0.01068994900167888,0.0,0.008806295964723848,0.09875290864891736,,,,
2159,0.001,adam,2160,114.84732389450073,0.01068066632168715,0.0,0.011098997546469952,0.12167064178638667,0.009194201183783925,0.0,0.009654679574547477,0.1057409969292587
2160,0.001,adam,2161,114.91718125343323,0.01065418684028448,0.0,0.01019481883719162,0.11260237521220066,,,,
2161,0.001,adam,2162,114.96106171607971,0.010662200832361813,0.0,0.013340071247743035,0.14406291330979215,,,,
2162,0.001,adam,2163,115.00248384475708,0.010724804072805504,0.0,0.009373460482296037,0.10445940889576587,,,,
2163,0.001,adam,2164,115.04192447662354,0.010656585246216755,0.0,0.007470596537494356,0.08536255062116031,,,,
2164,0.001,adam,2165,115.09354615211487,0.01066549843689567,0.0,0.006770686963413588,0.07837236807103155,,,,
2165,0.001,adam,2166,115.14360046386719,0.010690710913433004,0.0,0.011318977473544878,0.12388048564888178,,,,
2166,0.001,adam,2167,115.1746506690979,0.010577236388570313,0.0,0.009537560299561963,0.10595283938418994,,,,
2167,0.001,adam,2168,115.22069334983826,0.01059085189058479,0.0,0.010852814993479301,0.1191190018253778,,,,
2168,0.001,adam,2169,115.25860571861267,0.010607117338163153,0.0,0.013457386391473657,0.14518098125289974,,,,
2169,0.001,adam,2170,115.29211521148682,0.010593426157707921,0.0,0.008860926046969652,0.09920268662740445,,,,
2170,0.001,adam,2171,115.32587695121765,0.010577518369976021,0.0,0.008318764378020094,0.09376516215017695,,,,
2171,0.001,adam,2172,115.36920714378357,0.010616698413028171,0.0,0.019139376911699216,0.20201046753002033,,,,
2172,0.001,adam,2173,115.4041793346405,0.010616745250321557,0.0,0.0059089213796564176,0.06970595904688573,,,,
2173,0.001,adam,2174,115.44342398643494,0.010631672880032493,0.0,0.010463924172492216,0.11527091460495464,,,,
2174,0.001,adam,2175,115.47922897338867,0.010687093694656239,0.0,0.010377088972369658,0.11445798341835282,,,,
2175,0.001,adam,2176,115.5139274597168,0.010628183855861504,0.0,0.009913243216813656,0.10976061602399806,,,,
2176,0.001,adam,2177,115.55369925498962,0.010682132837962436,0.0,0.009712340169285714,0.10780553453081956,,,,
2177,0.001,adam,2178,115.59713101387024,0.010712129412532733,0.0,0.008110405807951079,0.09181618749204352,,,,
2178,0.001,adam,2179,115.63098502159119,0.010682623026702998,0.0,0.006343033542429587,0.07411295845099887,,,,
2179,0.001,adam,2180,115.67084908485413,0.010668282523056695,0.0,0.007177655136811695,0.08244483389117364,0.009199904153230113,0.0,0.008508672027070856,0.09428662442393868
2180,0.001,adam,2181,115.71494674682617,0.010643565544491333,0.0,0.010245428773274563,0.11309785327723697,,,,
2181,0.001,adam,2182,115.75441384315491,0.010628417876014448,0.0,0.009638496313926484,0.10701338101527928,,,,
2182,0.001,adam,2183,115.81365323066711,0.010593753738148994,0.0,0.00971884792159928,0.1077822329541418,,,,
2183,0.001,adam,2184,115.85435938835144,0.010634115249912679,0.0,0.008638672620879775,0.09702084145871043,,,,
2184,0.001,adam,2185,115.89600372314453,0.010632618242186323,0.0,0.0076725859698254986,0.08735847794044131,,,,
2185,0.001,adam,2186,115.93903732299805,0.010675213239374657,0.0,0.007404525331086861,0.08472046655024328,,,,
2186,0.001,adam,2187,115.97888708114624,0.010675770489372483,0.0,0.007869177278032644,0.08936754326969892,,,,
2187,0.001,adam,2188,116.01617932319641,0.010675721274801516,0.0,0.008209535683438515,0.09277107810918667,,,,
2188,0.001,adam,2189,116.05977201461792,0.01070001367756739,0.0,0.008658435093856515,0.09728436461613253,,,,
2189,0.001,adam,2190,116.11318492889404,0.010669382077737643,0.0,0.0075817760088092365,0.08648714216583,,,,
2190,0.001,adam,2191,116.1555426120758,0.010659933343962825,0.0,0.00876305528562156,0.09829048620017843,,,,
2191,0.001,adam,2192,116.19808197021484,0.010647952601382451,0.0,0.0061510117566115794,0.07215807016749824,,,,
2192,0.001,adam,2193,116.24198174476624,0.010665868421389708,0.0,0.005131240500035853,0.061978273421748234,,,,
2193,0.001,adam,2194,116.28082227706909,0.010712768468120817,0.0,0.006907483130719217,0.079787599775313,,,,
2194,0.001,adam,2195,116.3140799999237,0.010677180135038373,0.0,0.008151864304392487,0.09219582317896324,,,,
2195,0.001,adam,2196,116.34762001037598,0.010661385311931313,0.0,0.007729068027099542,0.08795206558292673,,,,
2196,0.001,adam,2197,116.37979197502136,0.010630019656012896,0.0,0.006376236536127303,0.07439238501728593,,,,
2197,0.001,adam,2198,116.41231656074524,0.01060913481696738,0.0,0.006359403067332467,0.07420316549029204,,,,
2198,0.001,adam,2199,116.44247531890869,0.010599197339233141,0.0,0.006293707526433323,0.07353627260356638,,,,
2199,0.001,adam,2200,116.4813723564148,0.010601799265666494,0.0,0.0075661129636333535,0.08626292890200003,0.009103695430030458,0.0,0.006154680904331587,0.07065050447334634
2200,0.001,adam,2201,116.53679060935974,0.010604608362078721,0.0,0.0070625262784032635,0.08122987114611135,,,,
2201,0.001,adam,2202,116.57664799690247,0.010594489511074735,0.0,0.008146367983874506,0.0920581693498198,,,,
2202,0.001,adam,2203,116.61255979537964,0.01061499941575718,0.0,0.011210892231835166,0.12272392173410883,,,,
2203,0.001,adam,2204,116.66243863105774,0.010619460149400852,0.0,0.0071826780986162155,0.08244624113556301,,,,
2204,0.001,adam,2205,116.70360851287842,0.010654019213145646,0.0,0.007439958311546169,0.08505360232860733,,,,
2205,0.001,adam,2206,116.74209713935852,0.010648031418471506,0.0,0.022840208483766496,0.23905011625613648,,,,
2206,0.001,adam,2207,116.77734184265137,0.010661540639683439,0.0,0.0063096592875339225,0.07375813351502267,,,,
2207,0.001,adam,2208,116.82642483711243,0.010636661354143373,0.0,0.006571347376725797,0.07635013512140135,,,,
2208,0.001,adam,2209,116.87301778793335,0.010614518573019385,0.0,0.006754957555130736,0.07816409412432675,,,,
2209,0.001,adam,2210,116.91611289978027,0.010604106961655986,0.0,0.007995839392723197,0.09056250088888795,,,,
2210,0.001,adam,2211,116.96026563644409,0.010574929405426807,0.0,0.007697808693796823,0.08755301634339505,,,,
2211,0.001,adam,2212,117.00318646430969,0.01059842664327389,0.0,0.008356431828275687,0.09416274492603076,,,,
2212,0.001,adam,2213,117.04641270637512,0.010590025785489817,0.0,0.009365255544370458,0.10424258122919439,,,,
2213,0.001,adam,2214,117.10843229293823,0.01060817712905105,0.0,0.009568687479484021,0.10629505192389126,,,,
2214,0.001,adam,2215,117.16265845298767,0.010606459616767074,0.0,0.007992110494120238,0.09052756455796945,,,,
2215,0.001,adam,2216,117.20861196517944,0.010620660526797688,0.0,0.0070585714015069505,0.0812063745418672,,,,
2216,0.001,adam,2217,117.24814629554749,0.010605176413005709,0.0,0.006121993230046956,0.07182510871347528,,,,
2217,0.001,adam,2218,117.30065107345581,0.010618122176948188,0.0,0.0067543005300197785,0.07816112747714597,,,,
2218,0.001,adam,2219,117.33815741539001,0.01064086331233252,0.0,0.009590216967537582,0.10654303298770834,,,,
2219,0.001,adam,2220,117.38691115379333,0.010618139356315328,0.0,0.013804159969847681,0.14865973905479216,0.009113755969933447,0.0,0.014632289466021456,0.155436650630148
2220,0.001,adam,2221,117.44145178794861,0.010618480479351242,0.0,0.015769929580058524,0.16831777627993647,,,,
2221,0.001,adam,2222,117.47693300247192,0.010601347713176829,0.0,0.017738641613546286,0.1879877638486397,,,,
2222,0.001,adam,2223,117.52553105354309,0.010619015371462618,0.0,0.017343248766288167,0.18405150303434428,,,,
2223,0.001,adam,2224,117.58413553237915,0.010569968330144971,0.0,0.0115821526730554,0.12639149506069897,,,,
2224,0.001,adam,2225,117.63360810279846,0.010585820147255407,0.0,0.007097281719348754,0.08155863734074295,,,,
2225,0.001,adam,2226,117.67545318603516,0.010581558314781728,0.0,0.0064334881849650956,0.07491644016443269,,,,
2226,0.001,adam,2227,117.72769904136658,0.010602494073449362,0.0,0.011429489240715796,0.12489738648060732,,,,
2227,0.001,adam,2228,117.76813912391663,0.010642311650794331,0.0,0.012698022079773602,0.13762253244853034,,,,
2228,0.001,adam,2229,117.81440830230713,0.010641961412208738,0.0,0.01618368630738625,0.17247882448607127,,,,
2229,0.001,adam,2230,117.84973907470703,0.010684794956395714,0.0,0.019515718552047326,0.20584198047686897,,,,
2230,0.001,adam,2231,117.89089751243591,0.010630269730439212,0.0,0.01653325298734213,0.1759627996038605,,,,
2231,0.001,adam,2232,117.93299293518066,0.010672702946897986,0.0,0.012940024066824216,0.14007294361514014,,,,
2232,0.001,adam,2233,117.97226929664612,0.010621016380642417,0.0,0.007408990174154956,0.08471091812219197,,,,
2233,0.001,adam,2234,118.00387740135193,0.010623312266348169,0.0,0.00634955215405548,0.07411883380690296,,,,
2234,0.001,adam,2235,118.04120230674744,0.010652044316590416,0.0,0.01126959048187912,0.12334794913538161,,,,
2235,0.001,adam,2236,118.07820510864258,0.010609963689402806,0.0,0.016211719565715942,0.17272715934656224,,,,
2236,0.001,adam,2237,118.10980606079102,0.010665353169742178,0.0,0.01734855578066355,0.18415091097637767,,,,
2237,0.001,adam,2238,118.1412091255188,0.010622168673008647,0.0,0.010233463383702247,0.11295680251003112,,,,
2238,0.001,adam,2239,118.18235492706299,0.010659565801601972,0.0,0.008277868378061975,0.09343824958222173,,,,
2239,0.001,adam,2240,118.22290086746216,0.01066025549580537,0.0,0.007066541598512113,0.08132567148092651,0.009181413868696555,0.0,0.007232259756816344,0.08150401143686001
2240,0.001,adam,2241,118.27979969978333,0.010635098470565294,0.0,0.006940540288796632,0.08004050135853161,,,,
2241,0.001,adam,2242,118.33271718025208,0.0106612774775228,0.0,0.007353586376671935,0.08419714124424214,,,,
2242,0.001,adam,2243,118.3842465877533,0.010643752884103306,0.0,0.00790449994661252,0.08968875235022851,,,,
2243,0.001,adam,2244,118.43150043487549,0.010623638221887777,0.0,0.006987151627622333,0.08049515449811111,,,,
2244,0.001,adam,2245,118.46743321418762,0.010594382148622591,0.0,0.005670683313788065,0.06730121528650324,,,,
2245,0.001,adam,2246,118.52724289894104,0.010575801210425922,0.0,0.00744427216446984,0.08501852285512432,,,,
2246,0.001,adam,2247,118.57364082336426,0.010563269910431482,0.0,0.005928975053816607,0.06985302044859755,,,,
2247,0.001,adam,2248,118.61479949951172,0.010562842777510543,0.0,0.006252348383345918,0.07308632661096973,,,,
2248,0.001,adam,2249,118.65061092376709,0.010574970864645277,0.0,0.005801199549190432,0.0685869663565496,,,,
2249,0.001,adam,2250,118.68573784828186,0.010578279103523625,0.0,0.007674647524913819,0.08732475435266182,,,,
2250,0.001,adam,2251,118.72965836524963,0.010584214699102366,0.0,0.007877086041620067,0.08935507511530304,,,,
2251,0.001,adam,2252,118.76971864700317,0.010575810255036495,0.0,0.006717442871444518,0.07775023896948167,,,,
2252,0.001,adam,2253,118.82105040550232,0.010555684061434843,0.0,0.007097680649977,0.08153249056120483,,,,
2253,0.001,adam,2254,118.86764073371887,0.01056307313368024,0.0,0.006736835283957958,0.07793142597325982,,,,
2254,0.001,adam,2255,118.91794800758362,0.010578671318506391,0.0,0.00704318735147737,0.08101054483328009,,,,
2255,0.001,adam,2256,118.96435356140137,0.01057431562106379,0.0,0.0062873794075706466,0.07344810969677025,,,,
2256,0.001,adam,2257,118.99769687652588,0.010590080493094931,0.0,0.005855475819935923,0.06914483869245416,,,,
2257,0.001,adam,2258,119.04141902923584,0.010596270137030992,0.0,0.005650150098926247,0.06709777112629346,,,,
2258,0.001,adam,2259,119.09134101867676,0.010598075036988806,0.0,0.005570476383382065,0.06630283887080946,,,,
2259,0.001,adam,2260,119.1278817653656,0.010582996992483553,0.0,0.009864567182950822,0.10922866882199178,0.009142834475856213,0.0,0.00621467586387068,0.07128959311456301
2260,0.001,adam,2261,119.18828439712524,0.010578804352735454,0.0,0.0059102196919684465,0.06968100127241991,,,,
2261,0.001,adam,2262,119.2329089641571,0.010558690912207166,0.0,0.00689449810896816,0.07950367200188876,,,,
2262,0.001,adam,2263,119.26498508453369,0.010538552960187906,0.0,0.006532218121177204,0.07586073417195995,,,,
2263,0.001,adam,2264,119.30947256088257,0.010530613711779352,0.0,0.005924961859829634,0.06978023231007568,,,,
2264,0.001,adam,2265,119.34531807899475,0.010522537893579148,0.0,0.007012485952057659,0.08064739741415575,,,,
2265,0.001,adam,2266,119.38215613365173,0.010542199942892945,0.0,0.006447514902764369,0.07501734897053663,,,,
2266,0.001,adam,2267,119.43842768669128,0.010532889177640864,0.0,0.0060222830629279005,0.07075571980691987,,,,
2267,0.001,adam,2268,119.47929406166077,0.010516477197919384,0.0,0.006909621481339406,0.07961269201131345,,,,
2268,0.001,adam,2269,119.50885915756226,0.010537179923796405,0.0,0.005793804561810937,0.06847522554190577,,,,
2269,0.001,adam,2270,119.54462480545044,0.010526361282780857,0.0,0.005266026523214744,0.06318662651492829,,,,
2270,0.001,adam,2271,119.58609366416931,0.01053113397843524,0.0,0.00567374354931653,0.06726856947160054,,,,
2271,0.001,adam,2272,119.62484002113342,0.010534896157192072,0.0,0.006381910739336125,0.07435400355055331,,,,
2272,0.001,adam,2273,119.65639615058899,0.010505072996159619,0.0,0.009658893000691351,0.10709400300307313,,,,
2273,0.001,adam,2274,119.69530820846558,0.010521794736740222,0.0,0.011273989529631625,0.12326169003305648,,,,
2274,0.001,adam,2275,119.74262499809265,0.010508226733737342,0.0,0.010785250800296391,0.11836073473670126,,,,
2275,0.001,adam,2276,119.80327868461609,0.010495257302973146,0.0,0.010621876998428861,0.11671402728726175,,,,
2276,0.001,adam,2277,119.84091210365295,0.010485294710756324,0.0,0.009035937827173223,0.10084467298248856,,,,
2277,0.001,adam,2278,119.88750648498535,0.010477557369964854,0.0,0.00922671595896338,0.10274471695959865,,,,
2278,0.001,adam,2279,119.94360661506653,0.0104671806704186,0.0,0.00838179567721342,0.0942851374425528,,,,
2279,0.001,adam,2280,119.98401808738708,0.010484089100484392,0.0,0.005425528219674094,0.06473937129722533,0.00900719585735589,0.0,0.005850542432361355,0.06751262018096944
2280,0.001,adam,2281,120.05586314201355,0.010487114355884503,0.0,0.006299403421723243,0.07348114857311694,,,,
2281,0.001,adam,2282,120.1094057559967,0.010486351202526606,0.0,0.00803270245448896,0.09081337574741621,,,,
2282,0.001,adam,2283,120.15310192108154,0.010498105614206934,0.0,0.01011102553218414,0.11160836093604833,,,,
2283,0.001,adam,2284,120.20557689666748,0.010477932433589805,0.0,0.009171481582673998,0.10219274826032979,,,,
2284,0.001,adam,2285,120.2527186870575,0.010495802423732976,0.0,0.007090451258867739,0.08140031501241037,,,,
2285,0.001,adam,2286,120.29571580886841,0.010493043886147546,0.0,0.005567325825120507,0.06616630213735263,,,,
2286,0.001,adam,2287,120.33827495574951,0.01048367076230377,0.0,0.008005890470835123,0.090542575470655,,,,
2287,0.001,adam,2288,120.37294578552246,0.010482483966792983,0.0,0.01168515628574488,0.1273340468242418,,,,
2288,0.001,adam,2289,120.4097409248352,0.010459552618068975,0.0,0.010382479770058153,0.1142843503186505,,,,
2289,0.001,adam,2290,120.445645570755,0.01048274803326558,0.0,0.009897897070889816,0.10946171874216375,,,,
2290,0.001,adam,2291,120.47463417053223,0.010458850966655043,0.0,0.008025675388255597,0.09071560484921101,,,,
2291,0.001,adam,2292,120.52605628967285,0.010480569729292082,0.0,0.007246018257115005,0.08294075230044214,,,,
2292,0.001,adam,2293,120.56689190864563,0.010481837454961443,0.0,0.006717656416110262,0.07765840161606406,,,,
2293,0.001,adam,2294,120.6158971786499,0.010485411740619672,0.0,0.005373958845691735,0.06422500019753703,,,,
2294,0.001,adam,2295,120.64951300621033,0.01048684911074168,0.0,0.007203167389651914,0.08251852300726081,,,,
2295,0.001,adam,2296,120.68693804740906,0.010482833735283739,0.0,0.008034378679155213,0.09082662052683586,,,,
2296,0.001,adam,2297,120.74028515815735,0.0105046040145022,0.0,0.020164975854868032,0.21215436256318254,,,,
2297,0.001,adam,2298,120.78995370864868,0.010500851387835445,0.0,0.006084753081459409,0.07134838220242953,,,,
2298,0.001,adam,2299,120.85016250610352,0.010512219790539328,0.0,0.006283756762184173,0.07334978741238106,,,,
2299,0.001,adam,2300,120.89673709869385,0.01049155161406325,0.0,0.00633000843053981,0.07379163591946135,0.009022919584849479,0.0,0.005581662250142809,0.06483954208627757
2300,0.001,adam,2301,120.96964049339294,0.010488194142188443,0.0,0.005621267012559699,0.06670086426778543,,,,
2301,0.001,adam,2302,121.00980353355408,0.010472432507920014,0.0,0.004803331930877017,0.05850575181669018,,,,
2302,0.001,adam,2303,121.04031825065613,0.010456299361145564,0.0,0.008063838743586207,0.09109468679700763,,,,
2303,0.001,adam,2304,121.07504987716675,0.010429262823046207,0.0,0.0065193074291542905,0.07562233711458911,,,,
2304,0.001,adam,2305,121.1175627708435,0.010423515911680897,0.0,0.00538991120422221,0.06432262795390299,,,,
2305,0.001,adam,2306,121.14971780776978,0.010408997526390669,0.0,0.010166323554655214,0.11207223307294281,,,,
2306,0.001,adam,2307,121.18146967887878,0.010416868773784177,0.0,0.005931838369045891,0.06973525246424309,,,,
2307,0.001,adam,2308,121.2208685874939,0.01043340763277707,0.0,0.005911605759364788,0.06954946522642495,,,,
2308,0.001,adam,2309,121.25246524810791,0.010437999445897518,0.0,0.007367042511971728,0.08410842456561479,,,,
2309,0.001,adam,2310,121.295490026474,0.01046248251939158,0.0,0.006481130125972377,0.07527378377911535,,,,
2310,0.001,adam,2311,121.35251331329346,0.010475701524178782,0.0,0.005762044346676098,0.06809614499093976,,,,
2311,0.001,adam,2312,121.39648866653442,0.010495323233441189,0.0,0.006320447826847764,0.07369980150191882,,,,
2312,0.001,adam,2313,121.44062209129333,0.01047085631785521,0.0,0.006805849386721424,0.07852935018506946,,,,
2313,0.001,adam,2314,121.49159979820251,0.010470163395178918,0.0,0.006929965357813661,0.07976981697331553,,,,
2314,0.001,adam,2315,121.5324456691742,0.010470235025742888,0.0,0.005597189632472783,0.06644213135047072,,,,
2315,0.001,adam,2316,121.58123183250427,0.01045880423637546,0.0,0.007513404276370842,0.08559284700008388,,,,
2316,0.001,adam,2317,121.62245535850525,0.010459611309602474,0.0,0.006940518798262266,0.07986479929222513,,,,
2317,0.001,adam,2318,121.6659905910492,0.010451087930946911,0.0,0.005828593938388181,0.06873702731482872,,,,
2318,0.001,adam,2319,121.7048008441925,0.010449746445441267,0.0,0.006501631548811325,0.07546606193355451,,,,
2319,0.001,adam,2320,121.74186968803406,0.010438936502486843,0.0,0.005633532930406143,0.06677426580654827,0.009018960660845206,0.0,0.005775179988016079,0.06677076054100599
2320,0.001,adam,2321,121.79885816574097,0.010444415119987761,0.0,0.005314173771915522,0.06358615283914298,,,,
2321,0.001,adam,2322,121.84507060050964,0.010449662749710114,0.0,0.0061470722313008595,0.07192038506271871,,,,
2322,0.001,adam,2323,121.88590955734253,0.010440835609050477,0.0,0.007302899392083356,0.08346982952988403,,,,
2323,0.001,adam,2324,121.9258177280426,0.010432787093183344,0.0,0.006446491011485802,0.07489769720804137,,,,
2324,0.001,adam,2325,121.96627998352051,0.010424550455453454,0.0,0.00809682564880201,0.09139280694347357,,,,
2325,0.001,adam,2326,122.00832962989807,0.010414680602707711,0.0,0.009388349669782598,0.10429817730053369,,,,
2326,0.001,adam,2327,122.04501962661743,0.010425990095808715,0.0,0.014029462113310676,0.15072061122891547,,,,
2327,0.001,adam,2328,122.08738470077515,0.010382346461549162,0.0,0.027518292504743934,0.2855652715089885,,,,
2328,0.001,adam,2329,122.12342524528503,0.01041460140781951,0.0,0.014590873590472458,0.1563233373125441,,,,
2329,0.001,adam,2330,122.18850684165955,0.010412873582861686,0.0,0.012996230540753679,0.14037517899039847,,,,
2330,0.001,adam,2331,122.23064041137695,0.010432312229839234,0.0,0.01067757644192131,0.11720807664905233,,,,
2331,0.001,adam,2332,122.28579521179199,0.010425457489276155,0.0,0.007937565681435759,0.08980111430363376,,,,
2332,0.001,adam,2333,122.342036485672,0.010428878304474162,0.0,0.0058968056572735635,0.0693969348772098,,,,
2333,0.001,adam,2334,122.38765811920166,0.010418553664063036,0.0,0.00683434221658456,0.07876197582990864,,,,
2334,0.001,adam,2335,122.43491554260254,0.010426463417937142,0.0,0.007896447705835252,0.08939094047628966,,,,
2335,0.001,adam,2336,122.4793791770935,0.010443456805056832,0.0,0.009520587876978653,0.10564933557484336,,,,
2336,0.001,adam,2337,122.52587962150574,0.010400289284398434,0.0,0.009117250323358275,0.10157279251798118,,,,
2337,0.001,adam,2338,122.56895685195923,0.010424345786708412,0.0,0.007477349537310029,0.0851978411598087,,,,
2338,0.001,adam,2339,122.59559631347656,0.010389794091037501,0.0,0.006652222395494206,0.07691201804597957,,,,
2339,0.001,adam,2340,122.63939046859741,0.010360267418904093,0.0,0.00677862141699972,0.07814648158890129,0.008940766674000943,0.0,0.007839286080197148,0.08733362747597243
2340,0.001,adam,2341,122.7021951675415,0.010397060008817835,0.0,0.007779285710330109,0.08818991711211893,,,,
2341,0.001,adam,2342,122.74589371681213,0.010386713153565267,0.0,0.01027402245695692,0.11312693772313445,,,,
2342,0.001,adam,2343,122.77701330184937,0.010403613952079812,0.0,0.009387086092112215,0.10427447487320196,,,,
2343,0.001,adam,2344,122.80787944793701,0.010411212037685498,0.0,0.009238598451131213,0.10279719654899763,,,,
2344,0.001,adam,2345,122.8403422832489,0.010415677407008559,0.0,0.022245901164994353,0.23287468905695208,,,,
2345,0.001,adam,2346,122.87475085258484,0.010393316300785537,0.0,0.0066804468780489665,0.0771977850812752,,,,
2346,0.001,adam,2347,122.91323065757751,0.010406833622497192,0.0,0.0059432662779271275,0.06983949640176847,,,,
2347,0.001,adam,2348,122.94544410705566,0.010416697983752552,0.0,0.009072477835484125,0.1011414763385938,,,,
2348,0.001,adam,2349,123.00416278839111,0.010443470186114386,0.0,0.0115623376558397,0.12606684674451138,,,,
2349,0.001,adam,2350,123.03880953788757,0.010436085542821164,0.0,0.012648651105311173,0.1369225965959329,,,,
2350,0.001,adam,2351,123.06737947463989,0.010408243546908244,0.0,0.01165573718925238,0.12696561543943205,,,,
2351,0.001,adam,2352,123.107980966568,0.010445819050496323,0.0,0.01315841293395914,0.14202994839008773,,,,
2352,0.001,adam,2353,123.14965724945068,0.010412770814442656,0.0,0.012039733556568424,0.1308101063801269,,,,
2353,0.001,adam,2354,123.19601368904114,0.010443185284445348,0.0,0.006665700699330805,0.0771001922777534,,,,
2354,0.001,adam,2355,123.23828339576721,0.010441715759145397,0.0,0.005875851028209754,0.06920022604124293,,,,
2355,0.001,adam,2356,123.26707625389099,0.010420166107056279,0.0,0.0069355673125520295,0.07977583923257657,,,,
2356,0.001,adam,2357,123.30198955535889,0.010448674428857416,0.0,0.009655831867495246,0.10700699310380987,,,,
2357,0.001,adam,2358,123.3341417312622,0.010409659684494458,0.0,0.010766662258103573,0.1180762822655302,,,,
2358,0.001,adam,2359,123.37537336349487,0.010421845780715795,0.0,0.006287304030882393,0.07329488608953973,,,,
2359,0.001,adam,2360,123.42857623100281,0.010408522230699992,0.0,0.005511468507604274,0.06552320730674273,0.00897345871156556,0.0,0.005506068814748414,0.0640341468590497
2360,0.001,adam,2361,123.49005103111267,0.01040884963600848,0.0,0.005825892784165017,0.06866777747765865,,,,
2361,0.001,adam,2362,123.53507447242737,0.010405279133617742,0.0,0.005282217056580027,0.06322744969941801,,,,
2362,0.001,adam,2363,123.58281016349792,0.010398607963470297,0.0,0.007014710867554902,0.08054571663901931,,,,
2363,0.001,adam,2364,123.6255955696106,0.010388306137068511,0.0,0.18878209581749442,1.8982092643120125,,,,
2364,0.001,adam,2365,123.66730093955994,0.0103840855725088,0.0,0.006127558327628782,0.07165966884879663,,,,
2365,0.001,adam,2366,123.71009111404419,0.010390557457320038,0.0,0.007743742363063094,0.08782798108795098,,,,
2366,0.001,adam,2367,123.75017380714417,0.010388851264603684,0.0,0.008884986072520064,0.09923871198980433,,,,
2367,0.001,adam,2368,123.78846454620361,0.010414222035081576,0.0,0.006686545494270277,0.07727967697778435,,,,
2368,0.001,adam,2369,123.82729578018188,0.01041628901619059,0.0,0.007209520390061284,0.08251149291680343,,,,
2369,0.001,adam,2370,123.86088728904724,0.010434582537142975,0.0,0.005549119032380924,0.06592577286095222,,,,
2370,0.001,adam,2371,123.89690089225769,0.010434521775411331,0.0,0.005225089116960112,0.06268541294501245,,,,
2371,0.001,adam,2372,123.92995619773865,0.010434761701461893,0.0,0.0055729789571040455,0.06616455127250234,,,,
2372,0.001,adam,2373,123.9698896408081,0.010419896560213065,0.0,0.00554845968831402,0.06590449344335327,,,,
2373,0.001,adam,2374,124.00373315811157,0.010395535165731636,0.0,0.005723423177331333,0.06762976693904496,,,,
2374,0.001,adam,2375,124.06736826896667,0.010373967254245105,0.0,0.006667774659369652,0.07705171384794163,,,,
2375,0.001,adam,2376,124.11175847053528,0.010355537694906,0.0,0.005876110998806858,0.06911664768297458,,,,
2376,0.001,adam,2377,124.14685273170471,0.010366951545372495,0.0,0.00694302078991655,0.079797159444538,,,,
2377,0.001,adam,2378,124.19174647331238,0.010367603083119443,0.0,0.00703446188432374,0.08071222192635684,,,,
2378,0.001,adam,2379,124.23162817955017,0.010367512684773973,0.0,0.005410722158661128,0.06447473427138525,,,,
2379,0.001,adam,2380,124.26939487457275,0.010387033913719458,0.0,0.006190983597201083,0.07229686988573028,0.008978977598606401,0.0,0.005984049971694195,0.06881947731554836
2380,0.001,adam,2381,124.33788752555847,0.010389575880867023,0.0,0.006785235766988874,0.07824193355075576,,,,
2381,0.001,adam,2382,124.39938831329346,0.010387495929185742,0.0,0.006162974453630047,0.0720172404654862,,,,
2382,0.001,adam,2383,124.44436550140381,0.010373993704748827,0.0,0.006433304437271431,0.07470703807746314,,,,
2383,0.001,adam,2384,124.49566435813904,0.010359359029459525,0.0,0.005914778210795872,0.06950714113741825,,,,
2384,0.001,adam,2385,124.53779125213623,0.010342080655667052,0.0,0.005635953829275975,0.0667016189484268,,,,
2385,0.001,adam,2386,124.57940745353699,0.010364547389571464,0.0,0.005844655176218528,0.06881109915175675,,,,
2386,0.001,adam,2387,124.60880303382874,0.010346475455272664,0.0,0.0067036602201306725,0.07738307765657938,,,,
2387,0.001,adam,2388,124.64936780929565,0.010364731606617874,0.0,0.008975170526755543,0.1001164368741733,,,,
2388,0.001,adam,2389,124.69352602958679,0.010343018049988101,0.0,0.005797355916711893,0.06831657721710703,,,,
2389,0.001,adam,2390,124.74739980697632,0.010351776345851374,0.0,0.005103909166941703,0.061390868015268406,,,,
2390,0.001,adam,2391,124.80530309677124,0.01035281133140756,0.0,0.004989277666422761,0.06024558799563517,,,,
2391,0.001,adam,2392,124.85566830635071,0.010340972582936113,0.0,0.006091977937604377,0.07126075195897988,,,,
2392,0.001,adam,2393,124.8998703956604,0.010347055848352755,0.0,0.0064687071316366865,0.07503412716471962,,,,
2393,0.001,adam,2394,124.94560933113098,0.010321279183360496,0.0,0.01199148506949629,0.1302361298783234,,,,
2394,0.001,adam,2395,124.98591566085815,0.010352318778630736,0.0,0.015736183778290735,0.1677141565615381,,,,
2395,0.001,adam,2396,125.033212184906,0.010343022760328752,0.0,0.021929195168997103,0.2296349744502998,,,,
2396,0.001,adam,2397,125.06995391845703,0.010359340144603794,0.0,0.028371655682188014,0.2940758969664839,,,,
2397,0.001,adam,2398,125.11361050605774,0.010418182289923385,0.0,0.03637520286080696,0.374170210897993,,,,
2398,0.001,adam,2399,125.15799927711487,0.010432135926526795,0.0,0.04246645900139769,0.43509672594050375,,,,
2399,0.001,adam,2400,125.20707273483276,0.01043704412454213,0.0,0.03830288657930207,0.39346590991756286,0.008966573586962753,0.0,0.019203536111359956,0.20100193470056232
2400,0.001,adam,2401,125.26210403442383,0.010380217674468565,0.0,0.01794175428634739,0.18979776053794248,,,,
2401,0.001,adam,2402,125.31835985183716,0.010326219121837944,0.0,0.25214269081749235,2.5317531272967617,,,,
2402,0.001,adam,2403,125.3714816570282,0.010381293691417059,0.0,0.01805852437261717,0.19096653741758873,,,,
2403,0.001,adam,2404,125.41049075126648,0.01038170490579205,0.0,0.02611676970750696,0.27154940198086164,,,,
2404,0.001,adam,2405,125.45112681388855,0.010346498040090964,0.0,0.022633981683774472,0.2366863148778357,,,,
2405,0.001,adam,2406,125.48148584365845,0.01041898398247192,0.0,0.014111682346434982,0.15153580744682174,,,,
2406,0.001,adam,2407,125.53106570243835,0.010408048704754203,0.0,0.012877610837113413,0.13918415707588833,,,,
2407,0.001,adam,2408,125.57887721061707,0.010447686754000648,0.0,0.015097687541311845,0.1614245621671191,,,,
2408,0.001,adam,2409,125.63310980796814,0.010462402651880946,0.0,0.013999191672115057,0.15045431937303153,,,,
2409,0.001,adam,2410,125.67485857009888,0.010436804772949254,0.0,0.012125322943888406,0.1316900342118333,,,,
2410,0.001,adam,2411,125.71648669242859,0.010478095928957638,0.0,0.012034938400830694,0.13082747993726457,,,,
2411,0.001,adam,2412,125.76079154014587,0.010396344873251931,0.0,0.008508176816515311,0.09547811303840505,,,,
2412,0.001,adam,2413,125.80921149253845,0.010382023391986218,0.0,0.009216716493859346,0.10254918833057966,,,,
2413,0.001,adam,2414,125.8435926437378,0.010424975308379025,0.0,0.012566074553837259,0.1360857208467516,,,,
2414,0.001,adam,2415,125.8756194114685,0.010375583562232974,0.0,0.00723800804526567,0.08275566401488968,,,,
2415,0.001,adam,2416,125.91761255264282,0.010390437434138445,0.0,0.006840348736421945,0.0787939247983579,,,,
2416,0.001,adam,2417,125.96759390830994,0.010416680680022232,0.0,0.008900580777252661,0.09942248845254885,,,,
2417,0.001,adam,2418,126.0133695602417,0.010415179745641873,0.0,0.009876720581305745,0.10918238555869933,,,,
2418,0.001,adam,2419,126.05095434188843,0.010476419770434139,0.0,0.006600506011929683,0.07648147988973096,,,,
2419,0.001,adam,2420,126.09037160873413,0.010448986388471757,0.0,0.005342649235575464,0.0638754787442264,0.009076535735002063,0.0,0.006885319500480059,0.07792973073980267
2420,0.001,adam,2421,126.15895104408264,0.010424814704257577,0.0,0.008415193529182362,0.0945767499960812,,,,
2421,0.001,adam,2422,126.2000892162323,0.010420225199157912,0.0,0.006545080266316977,0.07587102786232769,,,,
2422,0.001,adam,2423,126.25602602958679,0.010371518015785005,0.0,0.00606083115415776,0.07097982955736261,,,,
2423,0.001,adam,2424,126.30329704284668,0.01036240554928832,0.0,0.00601921288875942,0.07055453443688252,,,,
2424,0.001,adam,2425,126.34915852546692,0.010365894820381857,0.0,0.006361468168055528,0.07398057650093715,,,,
2425,0.001,adam,2426,126.39050698280334,0.010339511371728324,0.0,0.006857030766148195,0.07890981903321027,,,,
2426,0.001,adam,2427,126.42885947227478,0.010346429593607213,0.0,0.006710969155925242,0.07745612115285963,,,,
2427,0.001,adam,2428,126.47460389137268,0.010343553852296102,0.0,0.006079585710047635,0.07113941095277244,,,,
2428,0.001,adam,2429,126.5161406993866,0.010318458315001914,0.0,0.005138136501777566,0.06169982333277758,,,,
2429,0.001,adam,2430,126.54720163345337,0.010344397849317954,0.0,0.006686965828209273,0.07721405613141069,,,,
2430,0.001,adam,2431,126.58019351959229,0.010305048508330127,0.0,0.008248398526777428,0.09278903377610441,,,,
2431,0.001,adam,2432,126.61393523216248,0.010298889208654764,0.0,0.007229326272524777,0.08259215193390254,,,,
2432,0.001,adam,2433,126.64491248130798,0.010288786702373449,0.0,0.1986507217751849,1.9967960044542226,,,,
2433,0.001,adam,2434,126.67651772499084,0.010295058631432775,0.0,0.006716545269519193,0.07746051132662471,,,,
2434,0.001,adam,2435,126.71194529533386,0.010316751309938598,0.0,0.006685478075187014,0.07717153206180874,,,,
2435,0.001,adam,2436,126.75423836708069,0.010315729384159169,0.0,0.00568492885210179,0.06716501790517707,,,,
2436,0.001,adam,2437,126.80173707008362,0.010342919776880538,0.0,0.007411746243765361,0.08446038221453414,,,,
2437,0.001,adam,2438,126.83729076385498,0.010333405784999703,0.0,0.008829541732920252,0.09862882311420222,,,,
2438,0.001,adam,2439,126.8922426700592,0.010333692870018174,0.0,0.2939984329833784,2.9503180227038026,,,,
2439,0.001,adam,2440,126.94197750091553,0.010353415158378983,0.0,0.007211330310088101,0.08246671825926,0.008966183989292801,0.0,0.007438735460858001,0.08335353859787281
2440,0.001,adam,2441,126.9902834892273,0.010341411463024497,0.0,0.007609026246762472,0.08643167393064922,,,,
2441,0.001,adam,2442,127.03436398506165,0.010347028853227372,0.0,0.007461719488587726,0.08496422373910463,,,,
2442,0.001,adam,2443,127.07657885551453,0.010330350793131035,0.0,0.011799793544571729,0.12832828623884834,,,,
2443,0.001,adam,2444,127.11592054367065,0.010292712061682153,0.0,0.00741891063273791,0.08448181838906126,,,,
2444,0.001,adam,2445,127.17223000526428,0.010318756046265302,0.0,0.00942207835246069,0.1045395395708722,,,,
2445,0.001,adam,2446,127.20635271072388,0.010301405608886134,0.0,0.0054787102321402275,0.0650885079302884,,,,
2446,0.001,adam,2447,127.26068043708801,0.01027829726641787,0.0,0.006967827931179438,0.07995657657821224,,,,
2447,0.001,adam,2448,127.31283068656921,0.010301577458244515,0.0,0.005749398265201791,0.06779556011026243,,,,
2448,0.001,adam,2449,127.36180424690247,0.010275969378936484,0.0,0.0051728832378727056,0.062004801757663534,,,,
2449,0.001,adam,2450,127.39962840080261,0.010288387564162088,0.0,0.005589393908415468,0.06618232664831676,,,,
2450,0.001,adam,2451,127.43221807479858,0.010290184873046488,0.0,0.005206554477828784,0.06235572965133433,,,,
2451,0.001,adam,2452,127.46184182167053,0.010261197987566958,0.0,0.0046338322813550105,0.05659952080111706,,,,
2452,0.001,adam,2453,127.50010085105896,0.010253365109272881,0.0,0.004805142089374737,0.05830478600302025,,,,
2453,0.001,adam,2454,127.54292273521423,0.010256809644548509,0.0,0.005704359959582872,0.06730040924037722,,,,
2454,0.001,adam,2455,127.58079838752747,0.010251534470004839,0.0,0.005450515914882978,0.06475669361883461,,,,
2455,0.001,adam,2456,127.61307120323181,0.010258038754945546,0.0,0.006020595229035674,0.0704639910453023,,,,
2456,0.001,adam,2457,127.68079376220703,0.010258826703205461,0.0,0.14877905312671325,1.498049357970338,,,,
2457,0.001,adam,2458,127.72743916511536,0.010268932525341381,0.0,0.004721204112155581,0.0574809736468972,,,,
2458,0.001,adam,2459,127.77532005310059,0.010289294810217484,0.0,0.009571939014146222,0.1060086849516797,,,,
2459,0.001,adam,2460,127.81811046600342,0.010318227131410828,0.0,0.005828977279652352,0.06860799992793436,0.008879293081220917,0.0,0.005570212728837618,0.06458142036959709
2460,0.001,adam,2461,127.87237548828125,0.010313968172358605,0.0,0.0059237569730174605,0.06955153790253321,,,,
2461,0.001,adam,2462,127.89927768707275,0.01032993799292905,0.0,0.005530507807185042,0.06563501606477948,,,,
2462,0.001,adam,2463,127.93927454948425,0.010339138657769803,0.0,0.005167161175748357,0.06201075041525337,,,,
2463,0.001,adam,2464,127.98453617095947,0.010344480190467966,0.0,0.004962369866378869,0.059968178854256655,,,,
2464,0.001,adam,2465,128.03164148330688,0.010345487407831902,0.0,0.004620351233185609,0.05654899973968799,,,,
2465,0.001,adam,2466,128.0684540271759,0.01032586218599622,0.0,0.005158126630715146,0.06190712849314768,,,,
2466,0.001,adam,2467,128.1174192428589,0.01031009737371636,0.0,0.005748794743504465,0.067798044808761,,,,
2467,0.001,adam,2468,128.15880703926086,0.010298264067178991,0.0,0.0058242322744275436,0.06854058681145442,,,,
2468,0.001,adam,2469,128.2060022354126,0.010289196954779888,0.0,0.0055521066488692546,0.06581026344347243,,,,
2469,0.001,adam,2470,128.25348711013794,0.010283606781525333,0.0,0.006230028584629098,0.07258389262781631,,,,
2470,0.001,adam,2471,128.30014729499817,0.010294522211867104,0.0,0.005624617131210317,0.06654069352397028,,,,
2471,0.001,adam,2472,128.3379807472229,0.010296874194668845,0.0,0.006705180647830796,0.0773486806729768,,,,
2472,0.001,adam,2473,128.37908673286438,0.010310543997534222,0.0,0.0073854205108813435,0.08416474910634766,,,,
2473,0.001,adam,2474,128.42018485069275,0.01034491112143709,0.0,0.00702806316837343,0.0806255428051714,,,,
2474,0.001,adam,2475,128.4681134223938,0.010341097403185949,0.0,0.004478864090612995,0.055129738309315904,,,,
2475,0.001,adam,2476,128.51346063613892,0.010348332902372097,0.0,0.005028058052272813,0.060628913425100225,,,,
2476,0.001,adam,2477,128.55537486076355,0.010342911978054875,0.0,0.006160036629034846,0.07194327826840333,,,,
2477,0.001,adam,2478,128.6012806892395,0.010332387976010647,0.0,0.009064086054602877,0.10097324852203941,,,,
2478,0.001,adam,2479,128.64356780052185,0.01030087946827472,0.0,0.011430062481431039,0.12460150428258511,,,,
2479,0.001,adam,2480,128.69410037994385,0.010274926211264756,0.0,0.02019818436523841,0.21225676986364883,0.008835495795281693,0.0,0.008131348773948879,0.0901489835347705
2480,0.001,adam,2481,128.74049758911133,0.010251325680402414,0.0,0.008170892229201848,0.09196024797242089,,,,
2481,0.001,adam,2482,128.78197169303894,0.010215252476521473,0.0,0.014901021182028944,0.15922546429681092,,,,
2482,0.001,adam,2483,128.82275700569153,0.01019619434233535,0.0,0.00430111798903355,0.05320737423267084,,,,
2483,0.001,adam,2484,128.86451959609985,0.010237298922630209,0.0,0.007474707186225548,0.08498437078488569,,,,
2484,0.001,adam,2485,128.912433385849,0.010296065591062232,0.0,0.008903800590893216,0.09933407149999439,,,,
2485,0.001,adam,2486,128.9504520893097,0.010352927834301653,0.0,0.010420220420675714,0.11455513204105879,,,,
2486,0.001,adam,2487,128.98446774482727,0.010364530719879014,0.0,0.010529849077812379,0.1156630214980028,,,,
2487,0.001,adam,2488,129.01969814300537,0.010286421906908918,0.0,0.006962291050416245,0.07990933241107136,,,,
2488,0.001,adam,2489,129.07171964645386,0.0102243253651259,0.0,0.005557646025647095,0.06580078562159684,,,,
2489,0.001,adam,2490,129.10784482955933,0.010250289819047713,0.0,0.016267669031005266,0.17292698012910038,,,,
2490,0.001,adam,2491,129.14643335342407,0.010314629174821241,0.0,0.017725208747518203,0.18756671665000327,,,,
2491,0.001,adam,2492,129.19399094581604,0.010346734023731693,0.0,0.016861391217995934,0.178960646203691,,,,
2492,0.001,adam,2493,129.2400243282318,0.010298321030405093,0.0,0.013254420717902648,0.14284252820943158,,,,
2493,0.001,adam,2494,129.28924417495728,0.010164839922959001,0.0,0.006357219484602841,0.07373703476898741,,,,
2494,0.001,adam,2495,129.33365845680237,0.010208968237580968,0.0,0.008316966346834338,0.09337863170592434,,,,
2495,0.001,adam,2496,129.374858379364,0.010292478673745208,0.0,0.016923626233653434,0.17952874101027955,,,,
2496,0.001,adam,2497,129.4358971118927,0.010161676596218812,0.0,0.011395131868987343,0.12411299528609224,,,,
2497,0.001,adam,2498,129.47625470161438,0.010134692810171458,0.0,0.006584350060024666,0.07597819341041812,,,,
2498,0.001,adam,2499,129.52733445167542,0.010221493640852761,0.0,0.009769682940030605,0.10791832304115881,,,,
2499,0.001,adam,2500,129.5734157562256,0.010231373545648497,0.0,0.011949099362624952,0.129722367171898,0.008792090575108973,0.0,0.007316220137786033,0.0819542919529693
2500,0.001,adam,2501,129.6476697921753,0.010195274477554386,0.0,0.007382325126991196,0.08401852574746635,,,,
2501,0.001,adam,2502,129.6838002204895,0.010180441668015482,0.0,0.006314277568486512,0.07332321735288061,,,,
2502,0.001,adam,2503,129.72890639305115,0.01017345346866552,0.0,0.00783616512643669,0.08853510473303242,,,,
2503,0.001,adam,2504,129.77974367141724,0.010227214235848284,0.0,0.006994300566960371,0.08017021990545199,,,,
2504,0.001,adam,2505,129.8158676624298,0.010211836363371259,0.0,0.00740175975082,0.08422943387157125,,,,
2505,0.001,adam,2506,129.85229587554932,0.010189972202220116,0.0,0.00862414603872588,0.09643143258947892,,,,
2506,0.001,adam,2507,129.88644814491272,0.01025267467797891,0.0,0.007951939948967177,0.08977207416765068,,,,
2507,0.001,adam,2508,129.93676471710205,0.01020661392042231,0.0,0.1772659064584735,1.7828656785051573,,,,
2508,0.001,adam,2509,129.9752037525177,0.01023567846715495,0.0,0.008142991733232192,0.09166559579947688,,,,
2509,0.001,adam,2510,130.0110023021698,0.010267907552382388,0.0,0.008515068935231088,0.09541859690469326,,,,
2510,0.001,adam,2511,130.06336903572083,0.010228243854646938,0.0,0.007170233200006158,0.08193057585470852,,,,
2511,0.001,adam,2512,130.10529208183289,0.010182214733641925,0.0,0.006195563905154703,0.07213785378518896,,,,
2512,0.001,adam,2513,130.16042637825012,0.010178888334484115,0.0,0.0055035349145410905,0.06521423747989502,,,,
2513,0.001,adam,2514,130.21404767036438,0.010154601352454929,0.0,0.004784244406746489,0.05799704541991982,,,,
2514,0.001,adam,2515,130.2681438922882,0.010160124633405834,0.0,0.006069800284033823,0.07085812747374406,,,,
2515,0.001,adam,2516,130.3165740966797,0.010199355703127312,0.0,0.008112890093930155,0.09132825664242886,,,,
2516,0.001,adam,2517,130.3596167564392,0.010178361549648868,0.0,0.007904583301758836,0.08922419456723722,,,,
2517,0.001,adam,2518,130.40000867843628,0.01021549126551063,0.0,0.008072660056080438,0.09094209182631502,,,,
2518,0.001,adam,2519,130.4401774406433,0.01023933786874448,0.0,0.0077070736861622885,0.08731007473036737,,,,
2519,0.001,adam,2520,130.48374032974243,0.010216763502240328,0.0,0.007390803390479907,0.08412479740703939,0.008890538067944383,0.0,0.00537871559246053,0.06267769399254969
2520,0.001,adam,2521,130.5323565006256,0.010226821894579075,0.0,0.004435252294426,0.05457934483883907,,,,
2521,0.001,adam,2522,130.57466292381287,0.010237747472862201,0.0,0.005330716687597244,0.06354491434883464,,,,
2522,0.001,adam,2523,130.60386109352112,0.01021898766008268,0.0,0.0064964112443091915,0.0751831001031746,,,,
2523,0.001,adam,2524,130.645277261734,0.010209448839246434,0.0,0.005870442698929998,0.06891387582854641,,,,
2524,0.001,adam,2525,130.69146704673767,0.010184695844585949,0.0,0.00654274720214626,0.07561216786604855,,,,
2525,0.001,adam,2526,130.7368607521057,0.010151710910748941,0.0,0.006834029705876025,0.0784920079695092,,,,
2526,0.001,adam,2527,130.7789125442505,0.01016882347834101,0.0,0.007019238222320648,0.08036120570154749,,,,
2527,0.001,adam,2528,130.82024788856506,0.010145528304050673,0.0,0.006269105684578341,0.07283658514983408,,,,
2528,0.001,adam,2529,130.86853194236755,0.010172952598174906,0.0,0.005127434803986974,0.06144730063804465,,,,
2529,0.001,adam,2530,130.91015577316284,0.010195083807794637,0.0,0.005499074496078388,0.06518582876857851,,,,
2530,0.001,adam,2531,130.9605007171631,0.010190889766366533,0.0,0.006245323263106783,0.07264412239743437,,,,
2531,0.001,adam,2532,130.99757599830627,0.010188432500794991,0.0,0.005685865143229499,0.06704708393308997,,,,
2532,0.001,adam,2533,131.0315659046173,0.010183912532248943,0.0,0.005806970915147848,0.06825362168372742,,,,
2533,0.001,adam,2534,131.07070469856262,0.010164330270738755,0.0,0.005187767102667521,0.062042001297413975,,,,
2534,0.001,adam,2535,131.10642766952515,0.010175563710635934,0.0,0.006237710784272459,0.07255267155336052,,,,
2535,0.001,adam,2536,131.13782787322998,0.010146036068241649,0.0,0.006406095914643281,0.07420699521467446,,,,
2536,0.001,adam,2537,131.17566800117493,0.010138872054059752,0.0,0.007205421209614924,0.082193084150209,,,,
2537,0.001,adam,2538,131.21802377700806,0.010126588464226555,0.0,0.007020148229496802,0.08032807075919457,,,,
2538,0.001,adam,2539,131.24645400047302,0.010114667127780726,0.0,0.00542272974879032,0.06434196461568392,,,,
2539,0.001,adam,2540,131.2853307723999,0.010117873940332011,0.0,0.012138114091533234,0.13149901485566434,0.008774129289500419,0.0,0.005114880252573788,0.05992293181523829
2540,0.001,adam,2541,131.33112859725952,0.010142221920180904,0.0,0.006549232518705386,0.07563454710723477,,,,
2541,0.001,adam,2542,131.37480211257935,0.010127877102321159,0.0,0.005690558790358989,0.06703346500591105,,,,
2542,0.001,adam,2543,131.4173936843872,0.010129359887293736,0.0,0.00692675492752023,0.07939690916249603,,,,
2543,0.001,adam,2544,131.46117067337036,0.010143491102988548,0.0,0.009047772417914907,0.10062121528213762,,,,
2544,0.001,adam,2545,131.51205277442932,0.010148058895907277,0.0,0.010549111159876563,0.11563917049467291,,,,
2545,0.001,adam,2546,131.55494451522827,0.010170975749952467,0.0,0.012097916800626652,0.13115014375621897,,,,
2546,0.001,adam,2547,131.59853601455688,0.010176255401043508,0.0,0.010963264208823693,0.11980889748928045,,,,
2547,0.001,adam,2548,131.6420500278473,0.010171407714733988,0.0,0.007335495324593548,0.08352636096066947,,,,
2548,0.001,adam,2549,131.68708276748657,0.010157515253680305,0.0,0.0052123944625165584,0.06228145987884589,,,,
2549,0.001,adam,2550,131.72698521614075,0.010137427266433331,0.0,0.02002087447760078,0.21034617204244113,,,,
2550,0.001,adam,2551,131.7850329875946,0.010125703115154087,0.0,0.007906578012477516,0.08919148323992926,,,,
2551,0.001,adam,2552,131.83394408226013,0.010116563619266635,0.0,0.012509276282457234,0.13520932644383898,,,,
2552,0.001,adam,2553,131.87642860412598,0.0101229490756254,0.0,0.015057763136793426,0.16070058044355964,,,,
2553,0.001,adam,2554,131.91863083839417,0.010089906774517342,0.0,0.016561321633069188,0.17570312310520922,,,,
2554,0.001,adam,2555,131.96238088607788,0.010108784662698721,0.0,0.014235341856251268,0.1524622032252114,,,,
2555,0.001,adam,2556,131.99579691886902,0.010126625364797848,0.0,0.01224115804092855,0.13253820577408337,,,,
2556,0.001,adam,2557,132.03548979759216,0.010144459520232116,0.0,0.008519322004915902,0.09533767956939114,,,,
2557,0.001,adam,2558,132.0884714126587,0.010129238382528254,0.0,0.0059536010895152305,0.06966524927768056,,,,
2558,0.001,adam,2559,132.12368249893188,0.010144291500183358,0.0,0.0063534346859767925,0.07367863835995128,,,,
2559,0.001,adam,2560,132.1643419265747,0.010168206498280844,0.0,0.008473168927680375,0.09489989577508459,0.008768110689119347,0.0,0.009354021018819977,0.10230832087731911
2560,0.001,adam,2561,132.2125482559204,0.010148882977992827,0.0,0.00911743319404033,0.10132321491839613,,,,
2561,0.001,adam,2562,132.24196696281433,0.010133740005717231,0.0,0.010525527951017025,0.11538901951588748,,,,
2562,0.001,adam,2563,132.28422355651855,0.010098161603095148,0.0,0.011054241588562457,0.12064057748871972,,,,
2563,0.001,adam,2564,132.32487630844116,0.010137208199248465,0.0,0.008251215295002286,0.09264936114927132,,,,
2564,0.001,adam,2565,132.3670585155487,0.010122107133938692,0.0,0.006346394633544443,0.07358605346938313,,,,
2565,0.001,adam,2566,132.4050328731537,0.010118545225429135,0.0,0.006315147477831818,0.07327002000374731,,,,
2566,0.001,adam,2567,132.44201064109802,0.010149415607356084,0.0,0.00748671797803378,0.08501659538769388,,,,
2567,0.001,adam,2568,132.4802815914154,0.010132522801947394,0.0,0.28930953380793933,2.903227860881341,,,,
2568,0.001,adam,2569,132.5231659412384,0.010150255045372699,0.0,0.00898507521343127,0.1000010071796854,,,,
2569,0.001,adam,2570,132.55325865745544,0.010156315671942515,0.0,0.009594497298373085,0.10610128865567336,,,,
2570,0.001,adam,2571,132.59670424461365,0.010170414485837151,0.0,0.008973646344079097,0.09990687792662813,,,,
2571,0.001,adam,2572,132.6344428062439,0.010145937508521316,0.0,0.005223014192038175,0.06237607942890307,,,,
2572,0.001,adam,2573,132.69088673591614,0.010143733899561014,0.0,0.0057025359120698995,0.06716909302026002,,,,
2573,0.001,adam,2574,132.74041152000427,0.010160996078942816,0.0,0.008670148919812168,0.0968624852770645,,,,
2574,0.001,adam,2575,132.7822618484497,0.01014611426644479,0.0,0.012184395485942578,0.13199006912587058,,,,
2575,0.001,adam,2576,132.81880688667297,0.010173535675055313,0.0,0.00961295119089874,0.1063030475840427,,,,
2576,0.001,adam,2577,132.8517940044403,0.010127961349406417,0.0,0.007835746964881853,0.08848543099822494,,,,
2577,0.001,adam,2578,132.90277409553528,0.010130901652583135,0.0,0.004858270913680266,0.05871361078938579,,,,
2578,0.001,adam,2579,132.94777417182922,0.01013768057606592,0.0,0.006721437161511981,0.07735205219118574,,,,
2579,0.001,adam,2580,132.9941132068634,0.010109803000291524,0.0,0.010364643788309449,0.11375624088338601,0.008712192352594825,0.0,0.00855435829906335,0.09425577534322832
2580,0.001,adam,2581,133.03328227996826,0.010115023838024621,0.0,0.00925140489563509,0.10262907279437553,,,,
2581,0.001,adam,2582,133.081707239151,0.010079188191189904,0.0,0.007211649484406146,0.08219568303525136,,,,
2582,0.001,adam,2583,133.12326908111572,0.010102252283592439,0.0,0.008374523871025078,0.09384749099384322,,,,
2583,0.001,adam,2584,133.1718852519989,0.010097403628881006,0.0,0.006808791502610036,0.07818531865498136,,,,
2584,0.001,adam,2585,133.1996042728424,0.01011223324138042,0.0,0.004172765156264336,0.05183988480402378,,,,
2585,0.001,adam,2586,133.2432599067688,0.01013232237512423,0.0,0.004904992343899299,0.05918224581411722,,,,
2586,0.001,adam,2587,133.27254605293274,0.01011706421716789,0.0,0.19346092663257047,1.9447263305428726,,,,
2587,0.001,adam,2588,133.30949568748474,0.010137836439441996,0.0,0.006412895402332572,0.07426679046276771,,,,
2588,0.001,adam,2589,133.34801840782166,0.01013823859935192,0.0,0.006171133169624493,0.07184957029559685,,,,
2589,0.001,adam,2590,133.38177490234375,0.010145072994746008,0.0,0.004716612419788853,0.057311197192634535,,,,
2590,0.001,adam,2591,133.41505432128906,0.010146116256794476,0.0,0.005096872785757494,0.061114844114369425,,,,
2591,0.001,adam,2592,133.45312452316284,0.010143621759621453,0.0,0.004752171677259805,0.0576653385322195,,,,
2592,0.001,adam,2593,133.49180793762207,0.010137358886161477,0.0,0.005073768665753073,0.060875045543692205,,,,
2593,0.001,adam,2594,133.53195118904114,0.010131253183051034,0.0,0.006884538130251823,0.07897663448556927,,,,
2594,0.001,adam,2595,133.56685853004456,0.010112425958745147,0.0,0.005006265800967923,0.06017508396842438,,,,
2595,0.001,adam,2596,133.60131931304932,0.010080534929103532,0.0,0.004691120325780737,0.0569917381869109,,,,
2596,0.001,adam,2597,133.63752222061157,0.010064223264184735,0.0,0.004744132716944914,0.057505550433633874,,,,
2597,0.001,adam,2598,133.67179417610168,0.01007001736059581,0.0,0.004442557212530957,0.05449558948590538,,,,
2598,0.001,adam,2599,133.70715808868408,0.010081322880122319,0.0,0.006295105532970226,0.07303237820982458,,,,
2599,0.001,adam,2600,133.7365210056305,0.010095878018373318,0.0,0.004256289626856731,0.05265877428694063,0.008702466763397703,0.0,0.004527066167811567,0.05397312844151338
2600,0.001,adam,2601,133.8142945766449,0.010101309086125925,0.0,0.004810803957953268,0.058209348665658606,,,,
2601,0.001,adam,2602,133.8578598499298,0.010111897876005369,0.0,0.004634837586794117,0.056460273743946535,,,,
2602,0.001,adam,2603,133.89005708694458,0.010120596147608279,0.0,0.005671723304262132,0.0668378291902296,,,,
2603,0.001,adam,2604,133.93581199645996,0.010103628806733498,0.0,0.005212456210326803,0.06222819091000152,,,,
2604,0.001,adam,2605,133.98407697677612,0.010104423910445541,0.0,0.004762007964441865,0.05772450355486419,,,,
2605,0.001,adam,2606,134.0240957736969,0.010079904961338105,0.0,0.005119864994759817,0.06127855490893628,,,,
2606,0.001,adam,2607,134.05770564079285,0.010079179802010585,0.0,0.006235406148763063,0.07243324128964122,,,,
2607,0.001,adam,2608,134.0877423286438,0.010076612903510956,0.0,0.004912636004087206,0.05920297294438302,,,,
2608,0.001,adam,2609,134.1206521987915,0.010077845330530822,0.0,0.005615407191971932,0.06623191725025014,,,,
2609,0.001,adam,2610,134.16020703315735,0.010089005274341853,0.0,0.006272085870078534,0.07280986397512719,,,,
2610,0.001,adam,2611,134.19493556022644,0.010091781982689356,0.0,0.009128771988596044,0.1013795018686498,,,,
2611,0.001,adam,2612,134.243586063385,0.010108100913227823,0.0,0.010071733707257054,0.11082543798579837,,,,
2612,0.001,adam,2613,134.2956805229187,0.010116248939841012,0.0,0.012553307348335707,0.13564932242319808,,,,
2613,0.001,adam,2614,134.34311056137085,0.010110974113448246,0.0,0.014190152516934257,0.15201249928279081,,,,
2614,0.001,adam,2615,134.3850498199463,0.010067821928015629,0.0,0.015978461064750343,0.16985243257551907,,,,
2615,0.001,adam,2616,134.42381930351257,0.010064645208684192,0.0,0.014067754968215362,0.15074219489083782,,,,
2616,0.001,adam,2617,134.46468496322632,0.010008206078067159,0.0,0.010268810805818821,0.11269631413625536,,,,
2617,0.001,adam,2618,134.49664330482483,0.010021535733149765,0.0,0.006082262709660012,0.07084416282974988,,,,
2618,0.001,adam,2619,134.52983903884888,0.010023319842787872,0.0,0.005467949147585434,0.06470281131864221,,,,
2619,0.001,adam,2620,134.56978511810303,0.010014288806455067,0.0,0.007134034604820571,0.08135463485466078,0.008622776646068548,0.0,0.007805496162333999,0.08667773826940854
2620,0.001,adam,2621,134.63600039482117,0.010030160884147725,0.0,0.008396723060478426,0.09399739148893198,,,,
2621,0.001,adam,2622,134.68161821365356,0.009991220864326888,0.0,0.009634572197028726,0.10633694283461415,,,,
2622,0.001,adam,2623,134.7316701412201,0.010013303966335122,0.0,0.009592468973969013,0.10593799370602525,,,,
2623,0.001,adam,2624,134.76544380187988,0.010003032074029554,0.0,0.007807789253686176,0.08808092461089131,,,,
2624,0.001,adam,2625,134.79832434654236,0.01001269967003652,0.0,0.006416349656366216,0.07417619623369867,,,,
2625,0.001,adam,2626,134.85255694389343,0.010014745214744318,0.0,0.007052042154027318,0.08053516675501751,,,,
2626,0.001,adam,2627,134.89133310317993,0.010005872305689662,0.0,0.00593892151478297,0.06939508745351937,,,,
2627,0.001,adam,2628,134.92758440971375,0.010013590046876495,0.0,0.005578036931409425,0.06579395936097074,,,,
2628,0.001,adam,2629,134.9732437133789,0.00998940229745912,0.0,0.005760204844651778,0.06759145074397689,,,,
2629,0.001,adam,2630,135.00486373901367,0.00997267365654791,0.0,0.00607386457561202,0.07071131941266812,,,,
2630,0.001,adam,2631,135.04285788536072,0.009972053410470711,0.0,0.006828174131711021,0.07825379472758091,,,,
2631,0.001,adam,2632,135.0842089653015,0.01000677487532738,0.0,0.006002223601941385,0.07002901089474123,,,,
2632,0.001,adam,2633,135.11901116371155,0.010017530326113296,0.0,0.004560352087592111,0.05562105120203441,,,,
2633,0.001,adam,2634,135.15491652488708,0.010017335603211892,0.0,0.003970516130655502,0.04972249690976691,,,,
2634,0.001,adam,2635,135.19311475753784,0.01001970238596742,0.0,0.005149741772575727,0.06151712011172468,,,,
2635,0.001,adam,2636,135.24204754829407,0.010000699951218784,0.0,0.006063010019031855,0.07063080014153733,,,,
2636,0.001,adam,2637,135.28709483146667,0.010036441724565732,0.0,0.008663170421186032,0.09666814593642604,,,,
2637,0.001,adam,2638,135.32824540138245,0.010032210801751762,0.0,0.008411308703924807,0.09414529784099983,,,,
2638,0.001,adam,2639,135.36053466796875,0.010041223760868905,0.0,0.008281588941850933,0.09285711317937825,,,,
2639,0.001,adam,2640,135.39601731300354,0.010017419320280772,0.0,0.007707468044534404,0.08709209976562482,0.008594179644617821,0.0,0.007730352695489986,0.08589770659951769
2640,0.001,adam,2641,135.46034955978394,0.009986270803121769,0.0,0.009787388735110028,0.10786015815422205,,,,
2641,0.001,adam,2642,135.50131750106812,0.009977780448187212,0.0,0.009596924758801677,0.105947028036204,,,,
2642,0.001,adam,2643,135.54283666610718,0.009955984514690014,0.0,0.005988227079884401,0.06983825531353402,,,,
2643,0.001,adam,2644,135.5832016468048,0.009940655022020196,0.0,0.005454592143060613,0.06448657645262633,,,,
2644,0.001,adam,2645,135.61893248558044,0.009971019190116913,0.0,0.007502518779473161,0.08499620698484853,,,,
2645,0.001,adam,2646,135.65328860282898,0.009972815905264177,0.0,0.007955077231969478,0.08952358822495896,,,,
2646,0.001,adam,2647,135.68597745895386,0.009978623298261779,0.0,0.005621087717178112,0.0661895004700429,,,,
2647,0.001,adam,2648,135.72180032730103,0.009968763555084068,0.0,0.005266190208052782,0.06263066563561188,,,,
2648,0.001,adam,2649,135.75190019607544,0.009948467857046313,0.0,0.0065262987248453945,0.07521145510550026,,,,
2649,0.001,adam,2650,135.7851996421814,0.00996510042952084,0.0,0.006567780918030394,0.07564290960982478,,,,
2650,0.001,adam,2651,135.8206262588501,0.009938762831738496,0.0,0.005931865776869305,0.06925742060043155,,,,
2651,0.001,adam,2652,135.85416507720947,0.0099514701163072,0.0,0.00452556956900768,0.055207165806384004,,,,
2652,0.001,adam,2653,135.8893322944641,0.009983518162395578,0.0,0.005450412489505803,0.06448764305745361,,,,
2653,0.001,adam,2654,135.92876720428467,0.009955814137635709,0.0,0.006101030532893505,0.07096611946657075,,,,
2654,0.001,adam,2655,135.9666724205017,0.009960203659043243,0.0,0.007013126666554302,0.08009147032458626,,,,
2655,0.001,adam,2656,136.00564336776733,0.00995661815368376,0.0,0.007526144348728189,0.08521806164096565,,,,
2656,0.001,adam,2657,136.04495644569397,0.009953719216889114,0.0,0.006180538622624064,0.07175910544312974,,,,
2657,0.001,adam,2658,136.08413290977478,0.009951932544704771,0.0,0.004936581986838139,0.05931775241308616,,,,
2658,0.001,adam,2659,136.11959385871887,0.009941245210702644,0.0,0.004965426559323227,0.059595510803934916,,,,
2659,0.001,adam,2660,136.16512489318848,0.009922847648526443,0.0,0.005993153305683815,0.0698543807053646,0.008611753499056064,0.0,0.007852105290979076,0.08713280640884681
2660,0.001,adam,2661,136.21484327316284,0.009961995964838141,0.0,0.008586157726081973,0.09582357322565786,,,,
2661,0.001,adam,2662,136.24870538711548,0.00996091150532913,0.0,0.00747954261918275,0.08475633769715663,,,,
2662,0.001,adam,2663,136.29237484931946,0.009981048676394527,0.0,0.007834715158398417,0.0883282002603787,,,,
2663,0.001,adam,2664,136.332622051239,0.010019868698675907,0.0,0.008664492514644125,0.09666479384511717,,,,
2664,0.001,adam,2665,136.37399220466614,0.009984491809636365,0.0,0.00783892017856216,0.08837369359525798,,,,
2665,0.001,adam,2666,136.41925406455994,0.009967742582279886,0.0,0.005568661378842819,0.06565435637070807,,,,
2666,0.001,adam,2667,136.45605540275574,0.009961485724089692,0.0,0.004004493408905797,0.05000641981314766,,,,
2667,0.001,adam,2668,136.4887194633484,0.009968876680041566,0.0,0.004969457465907266,0.05966345133911423,,,,
2668,0.001,adam,2669,136.5249466896057,0.009961072732275793,0.0,0.004787000212971554,0.057831074861991336,,,,
2669,0.001,adam,2670,136.57747650146484,0.00992848754918592,0.0,0.0043680321558195526,0.053608809107381444,,,,
2670,0.001,adam,2671,136.61020278930664,0.009916700310717449,0.0,0.004688099496224101,0.05679769527295846,,,,
2671,0.001,adam,2672,136.65294241905212,0.009942062886591135,0.0,0.004899482979882706,0.0589368926854182,,,,
2672,0.001,adam,2673,136.69949865341187,0.009949246885574891,0.0,0.005177658756865718,0.06172583445423207,,,,
2673,0.001,adam,2674,136.75152730941772,0.009941183531937332,0.0,0.005895988760568268,0.06890107113762,,,,
2674,0.001,adam,2675,136.7872507572174,0.009961763041520584,0.0,0.006302118332688023,0.0729829463684008,,,,
2675,0.001,adam,2676,136.8219780921936,0.009935695923575384,0.0,0.00564719126619936,0.06640760858556899,,,,
2676,0.001,adam,2677,136.87791323661804,0.009949248212288276,0.0,0.004203785317420479,0.05198710138649307,,,,
2677,0.001,adam,2678,136.9307177066803,0.009946001321485494,0.0,0.005158424452335359,0.061530245844839085,,,,
2678,0.001,adam,2679,136.97731018066406,0.009927899008598005,0.0,0.005013563576241444,0.060063534771012436,,,,
2679,0.001,adam,2680,137.0097713470459,0.009951700733308559,0.0,0.004629213131238459,0.05624383204569315,0.00857717047261445,0.0,0.004860616102076827,0.05718333149338272
2680,0.001,adam,2681,137.05185794830322,0.009934799964385205,0.0,0.005911546493083734,0.06905026489522254,,,,
2681,0.001,adam,2682,137.08558893203735,0.009931761518778294,0.0,0.005477161862379341,0.06470338014257171,,,,
2682,0.001,adam,2683,137.13696837425232,0.009953138768898544,0.0,0.0062711624307951064,0.0726647630768496,,,,
2683,0.001,adam,2684,137.18158960342407,0.009927292901617537,0.0,0.007897228037924394,0.08889957328086147,,,,
2684,0.001,adam,2685,137.2186098098755,0.009924638716138271,0.0,0.006442215522955375,0.07434679394569202,,,,
2685,0.001,adam,2686,137.2599959373474,0.009932759049387563,0.0,0.006782062675012702,0.07775338579951459,,,,
2686,0.001,adam,2687,137.3072066307068,0.009916520891768456,0.0,0.007893082411650749,0.08884734500827596,,,,
2687,0.001,adam,2688,137.35844492912292,0.009919009075034986,0.0,0.007565445931580754,0.08557346839084252,,,,
2688,0.001,adam,2689,137.3982446193695,0.009910525444459618,0.0,0.24800070951359388,2.4899176205803983,,,,
2689,0.001,adam,2690,137.4351999759674,0.009913787449885482,0.0,0.01050211900608071,0.11493497751069258,,,,
2690,0.001,adam,2691,137.48331451416016,0.009926769993344109,0.0,0.00553348116609638,0.06526158165430791,,,,
2691,0.001,adam,2692,137.53203701972961,0.009918415051457456,0.0,0.005137370404638427,0.061292119097841734,,,,
2692,0.001,adam,2693,137.57430696487427,0.009909260821497474,0.0,0.0045579533216030975,0.05548879403752845,,,,
2693,0.001,adam,2694,137.62849926948547,0.009934310515792907,0.0,0.005913372479125005,0.06906803530704296,,,,
2694,0.001,adam,2695,137.67943811416626,0.009922684809239368,0.0,0.005577287431193401,0.06569555912117338,,,,
2695,0.001,adam,2696,137.73014187812805,0.009940018364130184,0.0,0.0048497795773854505,0.05843781413798469,,,,
2696,0.001,adam,2697,137.7722532749176,0.009941124709517518,0.0,0.005005539717446207,0.05999652188397959,,,,
2697,0.001,adam,2698,137.81709384918213,0.009931028375312359,0.0,0.005744625380051619,0.06737728217582856,,,,
2698,0.001,adam,2699,137.8588843345642,0.009949925147850239,0.0,0.00702448132240884,0.08019473837193865,,,,
2699,0.001,adam,2700,137.89583683013916,0.009917298191637499,0.0,0.005749859226856094,0.06741589046019844,0.008515168392050292,0.0,0.004869535802759924,0.05721052641964953
2700,0.001,adam,2701,137.94332575798035,0.009930633338336235,0.0,0.0052313362890270216,0.06224399622860645,,,,
2701,0.001,adam,2702,137.98286318778992,0.009973217050712134,0.0,0.006032623555641078,0.07029945260712292,,,,
2702,0.001,adam,2703,138.01903128623962,0.009943103503088484,0.0,0.005610792103386915,0.06605102453695763,,,,
2703,0.001,adam,2704,138.0545072555542,0.009975975621505649,0.0,0.007251637893271745,0.0824923545542231,,,,
2704,0.001,adam,2705,138.0878882408142,0.009972434607845554,0.0,0.009073863581871594,0.1007110704265615,,,,
2705,0.001,adam,2706,138.12362217903137,0.01000043411811353,0.0,0.013096300700439146,0.14096344112250497,,,,
2706,0.001,adam,2707,138.16480207443237,0.01002354472237755,0.0,0.019689321368494717,0.2069167584073247,,,,
2707,0.001,adam,2708,138.2002613544464,0.009968300122266564,0.0,0.031119903877969063,0.3211673389019572,,,,
2708,0.001,adam,2709,138.23250079154968,0.009954453919488373,0.0,0.034829042579872384,0.3582448797182122,,,,
2709,0.001,adam,2710,138.26608729362488,0.009959039216529778,0.0,0.03545811287945243,0.3645401680110541,,,,
2710,0.001,adam,2711,138.3064353466034,0.009888304405082086,0.0,0.02798379903405044,0.2897262947455865,,,,
2711,0.001,adam,2712,138.34314227104187,0.009900086220504308,0.0,0.01567611729690808,0.16666125918958513,,,,
2712,0.001,adam,2713,138.37407803535461,0.009876950155455321,0.0,0.008030155512958307,0.09017850528503839,,,,
2713,0.001,adam,2714,138.4178159236908,0.009937702869107676,0.0,0.007821186440989536,0.08814956727900304,,,,
2714,0.001,adam,2715,138.45448207855225,0.009944596928859047,0.0,0.012255844413724144,0.13250304106610047,,,,
2715,0.001,adam,2716,138.49263763427734,0.009977491350689649,0.0,0.01045390492320601,0.11451654058274975,,,,
2716,0.001,adam,2717,138.52500224113464,0.010033908119840939,0.0,0.2821117591644766,2.8311514997646072,,,,
2717,0.001,adam,2718,138.56932497024536,0.010007813232287313,0.0,0.008270330170367369,0.092711114935961,,,,
2718,0.001,adam,2719,138.61363530158997,0.009979863251129442,0.0,0.009876945968034363,0.10874932293147306,,,,
2719,0.001,adam,2720,138.65542030334473,0.010008610904667115,0.0,0.01078265053401348,0.11783511624480192,0.00859104166211751,0.0,0.009704756220471882,0.10563860386683634
2720,0.001,adam,2721,138.7391574382782,0.009970987487278489,0.0,0.009577541248576573,0.10574639997304422,,,,
2721,0.001,adam,2722,138.7843792438507,0.009992098066394485,0.0,0.007507602189398654,0.08506811996038102,,,,
2722,0.001,adam,2723,138.8261535167694,0.00995777877560425,0.0,0.0074042790424316786,0.08400056919992104,,,,
2723,0.001,adam,2724,138.86493802070618,0.00994939107994043,0.0,0.007403216971471544,0.08398156079465587,,,,
2724,0.001,adam,2725,138.90104627609253,0.009970010825928662,0.0,0.007640887938864957,0.08637889021457823,,,,
2725,0.001,adam,2726,138.931489944458,0.009950304628154836,0.0,0.0067711367274208125,0.07766167190236296,,,,
2726,0.001,adam,2727,138.97301077842712,0.009969576071298801,0.0,0.005907465809558704,0.06904423416688585,,,,
2727,0.001,adam,2728,139.01311993598938,0.009970099723187745,0.0,0.006345679873938616,0.0734268984625739,,,,
2728,0.001,adam,2729,139.04701328277588,0.009964369839722324,0.0,0.007835956859799709,0.08832393843771941,,,,
2729,0.001,adam,2730,139.09006881713867,0.009964854509241625,0.0,0.006846613269508475,0.07843098720432638,,,,
2730,0.001,adam,2731,139.14227986335754,0.009941977378154524,0.0,0.005326461222142259,0.06320658959957712,,,,
2731,0.001,adam,2732,139.18001914024353,0.009934480483044232,0.0,0.005193146349432626,0.06186594397737049,,,,
2732,0.001,adam,2733,139.22496724128723,0.00994134689274145,0.0,0.008160910737653739,0.09155045426927884,,,,
2733,0.001,adam,2734,139.26180863380432,0.009887587724224668,0.0,0.005123015603053477,0.06111774375475944,,,,
2734,0.001,adam,2735,139.29472732543945,0.009887065636558598,0.0,0.005352231379380107,0.06340937943035967,,,,
2735,0.001,adam,2736,139.3370053768158,0.009898103780087208,0.0,0.006584107698181474,0.07573918076190195,,,,
2736,0.001,adam,2737,139.37994480133057,0.009884211040311367,0.0,0.007175351885010733,0.0816377298904187,,,,
2737,0.001,adam,2738,139.4246211051941,0.009895605119732087,0.0,0.006895487748762174,0.07885048260735383,,,,
2738,0.001,adam,2739,139.4683337211609,0.009861119138816175,0.0,0.005856934376147263,0.06843046290028881,,,,
2739,0.001,adam,2740,139.51053881645203,0.009866575219314711,0.0,0.005428497550564277,0.06415155072495748,0.008503285099665279,0.0,0.004990443913370808,0.058407724233373357
2740,0.001,adam,2741,139.55892539024353,0.009888211928272128,0.0,0.005488649845345797,0.0647747103817301,,,,
2741,0.001,adam,2742,139.59883499145508,0.00989911881629131,0.0,0.00497654891104355,0.059664607926726815,,,,
2742,0.001,adam,2743,139.63501572608948,0.009902138752155128,0.0,0.004903295624436679,0.058935094996521914,,,,
2743,0.001,adam,2744,139.70018029212952,0.009896848664887438,0.0,0.004426139159580881,0.05415824026069624,,,,
2744,0.001,adam,2745,139.74083614349365,0.009897139966477486,0.0,0.005748996949990164,0.06738710946637912,,,,
2745,0.001,adam,2746,139.7923686504364,0.009885917949102768,0.0,0.00477650738654087,0.057650991814511464,,,,
2746,0.001,adam,2747,139.84073328971863,0.009880483578228055,0.0,0.00443050400834724,0.05418552366170046,,,,
2747,0.001,adam,2748,139.89518880844116,0.009870634378887237,0.0,0.004198647922370851,0.051857113602595754,,,,
2748,0.001,adam,2749,139.93773889541626,0.00986154969450878,0.0,0.005423702085451159,0.06409857054902036,,,,
2749,0.001,adam,2750,139.98719310760498,0.009850942369814163,0.0,0.00977376753682585,0.10758861773807267,,,,
2750,0.001,adam,2751,140.03727746009827,0.009855417616468765,0.0,0.005364843363357006,0.06350385125003882,,,,
2751,0.001,adam,2752,140.08552885055542,0.009868128553656444,0.0,0.0050876655196992245,0.06074478375064869,,,,
2752,0.001,adam,2753,140.12562036514282,0.009880742998847523,0.0,0.00544622723616312,0.06434301536047873,,,,
2753,0.001,adam,2754,140.1688208580017,0.0098807761952924,0.0,0.006838473609724735,0.07826551229253975,,,,
2754,0.001,adam,2755,140.21361875534058,0.00987843916222352,0.0,0.005328131162624624,0.06315975078846975,,,,
2755,0.001,adam,2756,140.26385188102722,0.009903048615559691,0.0,0.005430026742469861,0.06420331604025831,,,,
2756,0.001,adam,2757,140.3107874393463,0.009879627642492485,0.0,0.005655441606530247,0.06643404370779496,,,,
2757,0.001,adam,2758,140.36661005020142,0.009872527230892285,0.0,0.005132233133465102,0.0611948585655433,,,,
2758,0.001,adam,2759,140.40477228164673,0.009876522944623134,0.0,0.0056220601474005726,0.06609712441862886,,,,
2759,0.001,adam,2760,140.44660663604736,0.009873726267156277,0.0,0.0053797303299408985,0.06367102956656527,0.00843520047390799,0.0,0.0058527788641959035,0.06696298911586702
2760,0.001,adam,2761,140.49581003189087,0.009893297305662508,0.0,0.005877094805795087,0.06866424536361337,,,,
2761,0.001,adam,2762,140.53106951713562,0.009886528906276074,0.0,0.0066537962716061525,0.0764244916223376,,,,
2762,0.001,adam,2763,140.5707402229309,0.009893363676256343,0.0,0.007497971866993911,0.08487308234619545,,,,
2763,0.001,adam,2764,140.63175058364868,0.009906283359587213,0.0,0.0067499724462296296,0.0774060078218835,,,,
2764,0.001,adam,2765,140.67574453353882,0.009919217953285443,0.0,0.00627196428308911,0.07263886078417654,,,,
2765,0.001,adam,2766,140.7176342010498,0.009903730598303684,0.0,0.005564366242019184,0.06554739301849552,,,,
2766,0.001,adam,2767,140.75678157806396,0.009916371999993531,0.0,0.004074315427599592,0.05065952627598946,,,,
2767,0.001,adam,2768,140.79422640800476,0.009899297727302789,0.0,0.00514046446721061,0.06130394239940888,,,,
2768,0.001,adam,2769,140.833110332489,0.009889237348700314,0.0,0.005895458302551018,0.0688438203742105,,,,
2769,0.001,adam,2770,140.87557888031006,0.009885623466699908,0.0,0.006188729530364416,0.07177291877034407,,,,
2770,0.001,adam,2771,140.91831707954407,0.009836573843538856,0.0,0.005627150535266023,0.06610807919619908,,,,
2771,0.001,adam,2772,140.96326184272766,0.00984798746272875,0.0,0.005544625148033988,0.06529423894306863,,,,
2772,0.001,adam,2773,141.01643347740173,0.009835556567061374,0.0,0.005184421473247676,0.06167977129953813,,,,
2773,0.001,adam,2774,141.05694365501404,0.00981935900116017,0.0,0.006066438506825569,0.07048374406941586,,,,
2774,0.001,adam,2775,141.0945909023285,0.009850980398600597,0.0,0.005891057527973688,0.06876155567833747,,,,
2775,0.001,adam,2776,141.1343479156494,0.009824848559422452,0.0,0.005600366028679569,0.06582850884621815,,,,
2776,0.001,adam,2777,141.170658826828,0.00983975862767725,0.0,0.004286808248014079,0.05270784110781804,,,,
2777,0.001,adam,2778,141.21241903305054,0.009862433992328485,0.0,0.27773613967276634,2.7872238307199915,,,,
2778,0.001,adam,2779,141.2635908126831,0.009855819455145496,0.0,0.005519048294823894,0.06504630240338444,,,,
2779,0.001,adam,2780,141.31403017044067,0.009871981967910759,0.0,0.005731795553958427,0.06718993750749502,0.008431059947723338,0.0,0.004773533095639541,0.05616639090411875
2780,0.001,adam,2781,141.37194895744324,0.009865060311653287,0.0,0.00550245095903166,0.06488956990196988,,,,
2781,0.001,adam,2782,141.44027161598206,0.009852280591607344,0.0,0.004975232428073072,0.05960460487233807,,,,
2782,0.001,adam,2783,141.47804856300354,0.009843397818963106,0.0,0.00652814053986141,0.07512480321757721,,,,
2783,0.001,adam,2784,141.51720786094666,0.009819116011338405,0.0,0.006068325278139135,0.07050236879272975,,,,
2784,0.001,adam,2785,141.55790328979492,0.009794188431153157,0.0,0.004769854622912607,0.05749273466027923,,,,
2785,0.001,adam,2786,141.59466075897217,0.009803145304387228,0.0,0.005369478813602841,0.06349793344041564,,,,
2786,0.001,adam,2787,141.65166521072388,0.009805941459266642,0.0,0.0050578588294892925,0.06038452975415957,,,,
2787,0.001,adam,2788,141.69328093528748,0.00982213959707689,0.0,0.00598061617172965,0.06962830131437339,,,,
2788,0.001,adam,2789,141.73719334602356,0.009788111011033405,0.0,0.009090105960396508,0.10068917061499849,,,,
2789,0.001,adam,2790,141.78104996681213,0.009772169231620154,0.0,0.006449298700386302,0.07426515623548317,,,,
2790,0.001,adam,2791,141.82676768302917,0.009774234925686829,0.0,0.004756151688301445,0.05733575180870128,,,,
2791,0.001,adam,2792,141.85833024978638,0.00979290689957916,0.0,0.0053931252307633185,0.06372415920721235,,,,
2792,0.001,adam,2793,141.89070916175842,0.009795511809461728,0.0,0.005187058416955987,0.06166609597902159,,,,
2793,0.001,adam,2794,141.9322271347046,0.009789119517480365,0.0,0.005071787242977917,0.06050699194725953,,,,
2794,0.001,adam,2795,141.96415853500366,0.009801263887678028,0.0,0.004984005955240551,0.05964132344008354,,,,
2795,0.001,adam,2796,141.99559807777405,0.009796244391539746,0.0,0.0046398963201122615,0.05619520759266236,,,,
2796,0.001,adam,2797,142.0540406703949,0.009822998581547568,0.0,0.005230686615293942,0.062129864734486985,,,,
2797,0.001,adam,2798,142.09676575660706,0.009823401443498699,0.0,0.004264572253847116,0.052469123981969866,,,,
2798,0.001,adam,2799,142.1446511745453,0.0098070024750918,0.0,0.004096773511716108,0.05077473759225288,,,,
2799,0.001,adam,2800,142.18993663787842,0.009798264975620637,0.0,0.00517097483431168,0.06150801331873744,0.008373425535666997,0.0,0.005043255706753179,0.05880598260319879
2800,0.001,adam,2801,142.23692989349365,0.009768672916673651,0.0,0.00528436256822745,0.06261229859894815,,,,
2801,0.001,adam,2802,142.28919386863708,0.009777129659357496,0.0,0.005517096064958019,0.06494809030893768,,,,
2802,0.001,adam,2803,142.33282923698425,0.009768168710129569,0.0,0.004575407368184654,0.055522242391976104,,,,
2803,0.001,adam,2804,142.39010906219482,0.00975857828982341,0.0,0.0039511334551588315,0.049269912841411724,,,,
2804,0.001,adam,2805,142.44627237319946,0.009745346828467586,0.0,0.004461939392957282,0.05436474075804041,,,,
2805,0.001,adam,2806,142.4834303855896,0.009755121643154003,0.0,0.004636737773043421,0.056122499373588215,,,,
2806,0.001,adam,2807,142.52404928207397,0.009768065838166215,0.0,0.004600066592474773,0.05576873176291395,,,,
2807,0.001,adam,2808,142.56556463241577,0.00978154977778963,0.0,0.005061299756120896,0.06039454733899859,,,,
2808,0.001,adam,2809,142.6081120967865,0.009783255601853433,0.0,0.005244602843033195,0.062229284032185375,,,,
2809,0.001,adam,2810,142.65462517738342,0.00977953174726369,0.0,0.004767558993475021,0.0574551216820139,,,,
2810,0.001,adam,2811,142.6991732120514,0.009781322381354925,0.0,0.004290202413358334,0.052683346514938265,,,,
2811,0.001,adam,2812,142.73732709884644,0.00978129855214011,0.0,0.005690873738794246,0.06669003594008258,,,,
2812,0.001,adam,2813,142.78805494308472,0.009777532666532465,0.0,0.004650759810618165,0.05628513077271411,,,,
2813,0.001,adam,2814,142.82714915275574,0.009753510920844682,0.0,0.00454005757562741,0.05515408667711878,,,,
2814,0.001,adam,2815,142.8818428516388,0.009738900285841737,0.0,0.004651558330437603,0.05625448359021776,,,,
2815,0.001,adam,2816,142.92126274108887,0.009726728642709015,0.0,0.00430128127816863,0.05273954142439532,,,,
2816,0.001,adam,2817,142.96288514137268,0.00973735077314274,0.0,0.005246689708632923,0.06220424785947197,,,,
2817,0.001,adam,2818,143.0100417137146,0.00974402076788392,0.0,0.00638995761115557,0.07364359687943961,,,,
2818,0.001,adam,2819,143.0507733821869,0.009740471803239666,0.0,0.006109343247248674,0.07083390427572642,,,,
2819,0.001,adam,2820,143.0943043231964,0.00973133128201741,0.0,0.007062583440498005,0.08035716568699745,0.008369760381572553,0.0,0.009400351241644492,0.10237327279801747
2820,0.001,adam,2821,143.1497700214386,0.009733066634431454,0.0,0.009994387114691384,0.10967693778134528,,,,
2821,0.001,adam,2822,143.19045066833496,0.009757861897567721,0.0,0.01168985314082876,0.12665639330585532,,,,
2822,0.001,adam,2823,143.22326254844666,0.009743968092750332,0.0,0.01404833650347292,0.15022733312747952,,,,
2823,0.001,adam,2824,143.25647950172424,0.009749134884661876,0.0,0.01959380636490065,0.20568719853366838,,,,
2824,0.001,adam,2825,143.28894758224487,0.009738544151941773,0.0,0.0229736869036146,0.23947541318808777,,,,
2825,0.001,adam,2826,143.3214910030365,0.009746821485793882,0.0,0.01628792326270618,0.17262605411285567,,,,
2826,0.001,adam,2827,143.3559534549713,0.009724905452329194,0.0,0.00713730302240414,0.0810979356763706,,,,
2827,0.001,adam,2828,143.3923568725586,0.00970833847728508,0.0,0.006645269986817123,0.07616103834545632,,,,
2828,0.001,adam,2829,143.42579746246338,0.009768049779107895,0.0,0.01311145456205691,0.14088259539967699,,,,
2829,0.001,adam,2830,143.46039533615112,0.009729930985521634,0.0,0.020554792664286538,0.215277857628387,,,,
2830,0.001,adam,2831,143.5112373828888,0.009775241288373414,0.0,0.02318627523611349,0.24163799364950833,,,,
2831,0.001,adam,2832,143.5440104007721,0.009753230395419093,0.0,0.0165314186925994,0.1750674173214131,,,,
2832,0.001,adam,2833,143.5809121131897,0.0097158960023666,0.0,0.007240499453658034,0.08212089053894693,,,,
2833,0.001,adam,2834,143.62875890731812,0.009725139181629231,0.0,0.007020346761597749,0.07992860679760672,,,,
2834,0.001,adam,2835,143.66281628608704,0.009704612075850568,0.0,0.01413089248102708,0.15101353688612137,,,,
2835,0.001,adam,2836,143.7167568206787,0.009727555373881605,0.0,0.01974180952427652,0.2071456506166468,,,,
2836,0.001,adam,2837,143.75870323181152,0.009686813862993637,0.0,0.026243080562766297,0.2721176194906566,,,,
2837,0.001,adam,2838,143.80747032165527,0.009731036223456424,0.0,0.007958294577952645,0.08931398200298288,,,,
2838,0.001,adam,2839,143.84676098823547,0.009714802988890625,0.0,0.006473940485656351,0.07445420784545415,,,,
2839,0.001,adam,2840,143.89717364311218,0.009742059356998175,0.0,0.008700204032781633,0.09674409968481451,0.008439176406031944,0.0,0.011958898665078363,0.12802816305681558
2840,0.001,adam,2841,143.9417896270752,0.009828806350465671,0.0,0.012914399524325031,0.138972801593716,,,,
2841,0.001,adam,2842,143.98012161254883,0.009745924003437136,0.0,0.01343840870435925,0.14413001104702963,,,,
2842,0.001,adam,2843,144.02053427696228,0.009783998805052622,0.0,0.009504386567907246,0.10482786448412508,,,,
2843,0.001,adam,2844,144.05741810798645,0.00975604714120464,0.0,0.005810035319451658,0.06785640033572121,,,,
2844,0.001,adam,2845,144.1004045009613,0.009764310697193152,0.0,0.012485764880857309,0.13462195950576625,,,,
2845,0.001,adam,2846,144.13871383666992,0.009841352804000982,0.0,0.01330753521678064,0.1429167049718074,,,,
2846,0.001,adam,2847,144.18112325668335,0.009736755080336246,0.0,0.007979156720450933,0.08952832228484559,,,,
2847,0.001,adam,2848,144.22688508033752,0.009757874527516933,0.0,0.00668528812176154,0.07661075574513233,,,,
2848,0.001,adam,2849,144.2696669101715,0.009779891115854821,0.0,0.007393222276439693,0.08371211388025175,,,,
2849,0.001,adam,2850,144.31183671951294,0.0097231057136785,0.0,0.007957850076391177,0.08930160647759026,,,,
2850,0.001,adam,2851,144.34852361679077,0.009773450984926985,0.0,0.007943720829221712,0.08921065927714411,,,,
2851,0.001,adam,2852,144.39166450500488,0.009744023675937984,0.0,0.0075424639648047215,0.0851686633239852,,,,
2852,0.001,adam,2853,144.4358468055725,0.009768437981799561,0.0,0.0056771396324918014,0.06653983430671757,,,,
2853,0.001,adam,2854,144.48420596122742,0.009771578131953096,0.0,0.005763711854324763,0.06740869667520072,,,,
2854,0.001,adam,2855,144.52287030220032,0.009714746896555522,0.0,0.007350206526929577,0.08321681216585129,,,,
2855,0.001,adam,2856,144.5749490261078,0.00974147552819947,0.0,0.007186647623783839,0.08160795176603786,,,,
2856,0.001,adam,2857,144.62407207489014,0.00971245839744528,0.0,0.005110985635802841,0.060822314755473686,,,,
2857,0.001,adam,2858,144.66700077056885,0.009701143530070889,0.0,0.005311501669285317,0.06281616022292406,,,,
2858,0.001,adam,2859,144.72438645362854,0.009743837845044576,0.0,0.008470751418060907,0.09445135202565365,,,,
2859,0.001,adam,2860,144.78128933906555,0.009699847048492194,0.0,0.007303616497347423,0.08273601202196643,0.00837222777594105,0.0,0.005068847310921991,0.05906070088516096
2860,0.001,adam,2861,144.8536937236786,0.009709129341459757,0.0,0.004796897104998124,0.057678100391441,,,,
2861,0.001,adam,2862,144.89193272590637,0.009715452592349778,0.0,0.00537902425597125,0.06350569515206228,,,,
2862,0.001,adam,2863,144.93928122520447,0.00969613943115822,0.0,0.006442124426837739,0.0741173836995356,,,,
2863,0.001,adam,2864,144.996178150177,0.009716175118444671,0.0,0.0057392213015402,0.06710838813384667,,,,
2864,0.001,adam,2865,145.0439305305481,0.009701348293694248,0.0,0.005165685889496709,0.061358207188661334,,,,
2865,0.001,adam,2866,145.07504320144653,0.009705000679006988,0.0,0.004418053760547101,0.053885538284478,,,,
2866,0.001,adam,2867,145.11458492279053,0.009700912536387886,0.0,0.00542085926493408,0.06390950518572869,,,,
2867,0.001,adam,2868,145.14827227592468,0.00966409175602714,0.0,0.0051804373479357605,0.06146846523538474,,,,
2868,0.001,adam,2869,145.1903076171875,0.009655947024305526,0.0,0.004939143423309617,0.0590473812574017,,,,
2869,0.001,adam,2870,145.2242841720581,0.009669781602439595,0.0,0.006631947617292767,0.07598925777536727,,,,
2870,0.001,adam,2871,145.26764607429504,0.00965591393828613,0.0,0.005703513117830114,0.06669104511658727,,,,
2871,0.001,adam,2872,145.3083634376526,0.009668749154943902,0.0,0.00580254502195891,0.067694199374533,,,,
2872,0.001,adam,2873,145.34725642204285,0.009649723649324676,0.0,0.004243056598882839,0.052080289638153074,,,,
2873,0.001,adam,2874,145.39017391204834,0.009653950114621468,0.0,0.006047917334204343,0.0701331234566649,,,,
2874,0.001,adam,2875,145.43939018249512,0.00966903821795055,0.0,0.004826974202077616,0.057938780238726714,,,,
2875,0.001,adam,2876,145.47782039642334,0.009660961290409756,0.0,0.006750173519231394,0.0771626964827237,,,,
2876,0.001,adam,2877,145.51647639274597,0.009668050591144691,0.0,0.005239370147797112,0.062061752069115815,,,,
2877,0.001,adam,2878,145.55463099479675,0.009667847395958728,0.0,0.005053131968192531,0.060199167077884044,,,,
2878,0.001,adam,2879,145.59084701538086,0.00966212122144234,0.0,0.004936951368028977,0.05903163490173211,,,,
2879,0.001,adam,2880,145.6263575553894,0.009684957080396007,0.0,0.004516430347954847,0.05484926055994448,0.00829301183190884,0.0,0.004252951318919937,0.050822525021108206
2880,0.001,adam,2881,145.6848783493042,0.009683766229477123,0.0,0.004203621906900953,0.051719985298486655,,,,
2881,0.001,adam,2882,145.72375535964966,0.009678836933214285,0.0,0.005032549423340968,0.060004331166623966,,,,
2882,0.001,adam,2883,145.76084733009338,0.009666101503949183,0.0,0.0044036463441348705,0.05370256494529789,,,,
2883,0.001,adam,2884,145.79604387283325,0.009636296177219934,0.0,0.004324981328953147,0.05288610946675141,,,,
2884,0.001,adam,2885,145.84442782402039,0.00964860233645202,0.0,0.0051539995014198885,0.0611885973506509,,,,
2885,0.001,adam,2886,145.88703656196594,0.009659805689906997,0.0,0.003828413795910619,0.04794394364901318,,,,
2886,0.001,adam,2887,145.93120694160461,0.009656487950987266,0.0,0.004396782664012383,0.0536243145911111,,,,
2887,0.001,adam,2888,145.97319436073303,0.009667923264261037,0.0,0.004589904272418439,0.05556696598844543,,,,
2888,0.001,adam,2889,146.01402616500854,0.009665281710812546,0.0,0.0045950978996625435,0.055616260707437984,,,,
2889,0.001,adam,2890,146.06751132011414,0.009666969267352065,0.0,0.005086638905462876,0.060533358321980826,,,,
2890,0.001,adam,2891,146.1094160079956,0.009687319862181918,0.0,0.005509827138387965,0.06478559124606158,,,,
2891,0.001,adam,2892,146.15232706069946,0.009661923972385704,0.0,0.0062468783405704355,0.07213070737809006,,,,
2892,0.001,adam,2893,146.1908302307129,0.009676078208987712,0.0,0.0052185209575033396,0.061861287784021106,,,,
2893,0.001,adam,2894,146.22917103767395,0.009675823706990438,0.0,0.007164652177062081,0.08132234547761125,,,,
2894,0.001,adam,2895,146.2568039894104,0.009652493853491921,0.0,0.006006979996575459,0.06972229381924652,,,,
2895,0.001,adam,2896,146.29358005523682,0.009661856506985865,0.0,0.006057742795678657,0.07023928446377244,,,,
2896,0.001,adam,2897,146.3288929462433,0.009643417632073104,0.0,0.005989067568108132,0.06953409331315442,,,,
2897,0.001,adam,2898,146.37089562416077,0.009635745457426795,0.0,0.005712876912889614,0.06676451458632293,,,,
2898,0.001,adam,2899,146.41269779205322,0.009638491967564045,0.0,0.005388393732490423,0.06352242929246828,,,,
2899,0.001,adam,2900,146.4559965133667,0.00962132955580316,0.0,0.004196082571225166,0.051582155268054826,0.008173732526922274,0.0,0.004715600101408433,0.05532973354100661
2900,0.001,adam,2901,146.50616002082825,0.00961053203905603,0.0,0.004589060633009788,0.05550113836915391,,,,
2901,0.001,adam,2902,146.5464165210724,0.009630258996866098,0.0,0.0062641935818918675,0.07227219481578477,,,,
2902,0.001,adam,2903,146.59044861793518,0.009626731272108172,0.0,0.0057116924778950594,0.06674365605105877,,,,
2903,0.001,adam,2904,146.63379740715027,0.00962947370367309,0.0,0.007037229444588516,0.08000176814955826,,,,
2904,0.001,adam,2905,146.6796658039093,0.009667943938746563,0.0,0.005791588021016694,0.06758382414891351,,,,
2905,0.001,adam,2906,146.72448015213013,0.009657640147735135,0.0,0.0061373479104990065,0.0710311192527252,,,,
2906,0.001,adam,2907,146.7680594921112,0.009671534730714195,0.0,0.0035016275637924587,0.04468781036863878,,,,
2907,0.001,adam,2908,146.80639266967773,0.009701129362210795,0.0,0.00422865437971955,0.05198767315940629,,,,
2908,0.001,adam,2909,146.8455104827881,0.00970209169674308,0.0,0.005614161129870131,0.06584370299544438,,,,
2909,0.001,adam,2910,146.87464356422424,0.00974255723535762,0.0,0.006496506108040763,0.07470761831576525,,,,
2910,0.001,adam,2911,146.91656589508057,0.009692046511638196,0.0,0.004609923407145403,0.055791280583092226,,,,
2911,0.001,adam,2912,146.95797443389893,0.009694438272506174,0.0,0.005983273281028502,0.06952717108279119,,,,
2912,0.001,adam,2913,147.005366563797,0.009712755402088538,0.0,0.0060271505146306335,0.06998426054839486,,,,
2913,0.001,adam,2914,147.04103088378906,0.009702064333776721,0.0,0.005969507592939792,0.06939714026317464,,,,
2914,0.001,adam,2915,147.07677555084229,0.009696942921286438,0.0,0.00470727503799371,0.056769693301223535,,,,
2915,0.001,adam,2916,147.11256957054138,0.009670022841142743,0.0,0.005285259738488509,0.06252262022602782,,,,
2916,0.001,adam,2917,147.15009570121765,0.009639581788923017,0.0,0.004571191280024814,0.05535149458917116,,,,
2917,0.001,adam,2918,147.2081916332245,0.009626397420769562,0.0,0.004052227162564956,0.05014866904641912,,,,
2918,0.001,adam,2919,147.2404010295868,0.009617539133617166,0.0,0.004040566276558981,0.050023201899206976,,,,
2919,0.001,adam,2920,147.27616167068481,0.009618137049967175,0.0,0.0055743075695555925,0.06536121274552309,0.008232402317902631,0.0,0.005810702783915184,0.06633943015705447
2920,0.001,adam,2921,147.32419657707214,0.009649192057299322,0.0,0.007604211094038417,0.08569130299768349,,,,
2921,0.001,adam,2922,147.36507725715637,0.009605524839630472,0.0,0.00663039940315351,0.07590951887116557,,,,
2922,0.001,adam,2923,147.40485906600952,0.009642605991914093,0.0,0.007681931176243431,0.0864619177543484,,,,
2923,0.001,adam,2924,147.45119404792786,0.009612629505956196,0.0,0.007226400018526315,0.08187662969121934,,,,
2924,0.001,adam,2925,147.50337553024292,0.009630399267569567,0.0,0.00742927716253468,0.08392317089291636,,,,
2925,0.001,adam,2926,147.54347229003906,0.009619251185067125,0.0,0.006031745257018241,0.06993670375524953,,,,
2926,0.001,adam,2927,147.58454823493958,0.009601515700573552,0.0,0.004518913622179629,0.05479065192236984,,,,
2927,0.001,adam,2928,147.62786483764648,0.009594574345933487,0.0,0.004867955755567134,0.058274131901604825,,,,
2928,0.001,adam,2929,147.66152834892273,0.009607361152907659,0.0,0.005490333555793449,0.06451069671084214,,,,
2929,0.001,adam,2930,147.69934964179993,0.009612949486500488,0.0,0.004689108695330397,0.056504036439804464,,,,
2930,0.001,adam,2931,147.74018692970276,0.009609956592657393,0.0,0.005436706569604244,0.06397702228869984,,,,
2931,0.001,adam,2932,147.77988481521606,0.009619882048342158,0.0,0.005917576241714284,0.068795644465485,,,,
2932,0.001,adam,2933,147.8152632713318,0.009604042981692408,0.0,0.004001010704949774,0.04961415003119015,,,,
2933,0.001,adam,2934,147.86114287376404,0.009609309548384055,0.0,0.005155415057606974,0.0611634601244538,,,,
2934,0.001,adam,2935,147.9061713218689,0.00960183128090221,0.0,0.005413837117177479,0.063740202452677,,,,
2935,0.001,adam,2936,147.9485445022583,0.009572855447484447,0.0,0.006323088702174644,0.07280374246923088,,,,
2936,0.001,adam,2937,147.9963822364807,0.009588447623430904,0.0,0.0048260421256438755,0.05784886887986966,,,,
2937,0.001,adam,2938,148.04403638839722,0.009602726183690435,0.0,0.004466231411668038,0.05426504030037082,,,,
2938,0.001,adam,2939,148.09701251983643,0.009608262340078392,0.0,0.00419529609982746,0.05156122333835299,,,,
2939,0.001,adam,2940,148.14258217811584,0.00962263210703573,0.0,0.006726924458987801,0.07689187669691375,0.008217012638366173,0.0,0.007878941532850686,0.08700642796687304
2940,0.001,adam,2941,148.19038248062134,0.009607155477246603,0.0,0.010124347327755755,0.11085062875480417,,,,
2941,0.001,adam,2942,148.22539854049683,0.009630388535314305,0.0,0.009387498779842587,0.10350537633374018,,,,
2942,0.001,adam,2943,148.25847935676575,0.009614014180753935,0.0,0.011297017768187475,0.12258419186262869,,,,
2943,0.001,adam,2944,148.29218459129333,0.00964253804064392,0.0,0.012923019971040062,0.13887273775104453,,,,
2944,0.001,adam,2945,148.32632446289062,0.009606964020221343,0.0,0.011174696374439994,0.12135392776462128,,,,
2945,0.001,adam,2946,148.37462854385376,0.009618892220770862,0.0,0.008986961375987517,0.09948850598064604,,,,
2946,0.001,adam,2947,148.42509269714355,0.009599734157872672,0.0,0.005564728718673977,0.06524702134461244,,,,
2947,0.001,adam,2948,148.4737024307251,0.009591007138087292,0.0,0.005056347716876662,0.06015448430685391,,,,
2948,0.001,adam,2949,148.5098752975464,0.009595046406834342,0.0,0.0036925643097197427,0.046520689504031765,,,,
2949,0.001,adam,2950,148.56409192085266,0.009566511129206508,0.0,0.0074499000637168935,0.08406551176637544,,,,
2950,0.001,adam,2951,148.61856842041016,0.009550016458596287,0.0,0.006000311120523235,0.06955312766382864,,,,
2951,0.001,adam,2952,148.65490770339966,0.009548707925596667,0.0,0.005908619517343373,0.0686349030990304,,,,
2952,0.001,adam,2953,148.69239234924316,0.00957743448186676,0.0,0.0052430075995569415,0.06200751047743617,,,,
2953,0.001,adam,2954,148.72575879096985,0.009553081491739213,0.0,0.004356441639992071,0.05311749789165991,,,,
2954,0.001,adam,2955,148.777729511261,0.009545176880236173,0.0,0.00506669262297115,0.06021210310994767,,,,
2955,0.001,adam,2956,148.82511353492737,0.009545823993273998,0.0,0.005385844447259597,0.06340426846586997,,,,
2956,0.001,adam,2957,148.85516595840454,0.00955562506248001,0.0,0.006901324537143799,0.078568870433918,,,,
2957,0.001,adam,2958,148.8924057483673,0.00957844257153452,0.0,0.008272250905271028,0.0923009516242448,,,,
2958,0.001,adam,2959,148.94039678573608,0.009529970880875377,0.0,0.009505549492497538,0.10458546580585075,,,,
2959,0.001,adam,2960,148.99203038215637,0.009533031873729001,0.0,0.0064586215597851535,0.07411924747158054,0.008147912476292062,0.0,0.004346799222048013,0.05161590469677219
2960,0.001,adam,2961,149.04269099235535,0.009516587371828202,0.0,0.004073311763625987,0.050249705008088064,,,,
2961,0.001,adam,2962,149.07606077194214,0.009513648539287208,0.0,0.004894693445834003,0.05846058299762724,,,,
2962,0.001,adam,2963,149.11238145828247,0.009518927015679093,0.0,0.007936636544352175,0.08888529245920083,,,,
2963,0.001,adam,2964,149.14823985099792,0.009514027894749377,0.0,0.01264811877940609,0.13599521568881026,,,,
2964,0.001,adam,2965,149.21555161476135,0.00955959337686801,0.0,0.014492834964606915,0.15448794302293717,,,,
2965,0.001,adam,2966,149.25762176513672,0.00952004865945302,0.0,0.010698250359033466,0.11650255224978767,,,,
2966,0.001,adam,2967,149.30225443840027,0.009535825974233038,0.0,0.15156986868892328,1.525234512863466,,,,
2967,0.001,adam,2968,149.33930206298828,0.009542941575718954,0.0,0.004636696954654078,0.05590991112225974,,,,
2968,0.001,adam,2969,149.37515139579773,0.009549043502757388,0.0,0.006449993217569558,0.07404897567845296,,,,
2969,0.001,adam,2970,149.40795826911926,0.009567577976478564,0.0,0.009726128469109164,0.10682886266757019,,,,
2970,0.001,adam,2971,149.4511022567749,0.009581928631883419,0.0,0.01278660432471469,0.13744797187903032,,,,
2971,0.001,adam,2972,149.48178577423096,0.009654334983538312,0.0,0.012453944235920295,0.13419377734274127,,,,
2972,0.001,adam,2973,149.51948809623718,0.009604596752013736,0.0,0.006759422663939288,0.07719882339140662,,,,
2973,0.001,adam,2974,149.56186604499817,0.0096146873935803,0.0,0.00525845518433454,0.062199239236925705,,,,
2974,0.001,adam,2975,149.6018784046173,0.009592136072017208,0.0,0.00800843930256922,0.08967652909770941,,,,
2975,0.001,adam,2976,149.6358199119568,0.009571463470126756,0.0,0.012843663623576232,0.13800809970588906,,,,
2976,0.001,adam,2977,149.68597984313965,0.009594195284168418,0.0,0.01393717333433268,0.14896592862749522,,,,
2977,0.001,adam,2978,149.72801518440247,0.009564493361730047,0.0,0.009244392537824803,0.10200841873997807,,,,
2978,0.001,adam,2979,149.77129483222961,0.009565860979017451,0.0,0.005018473140486408,0.059750592383881536,,,,
2979,0.001,adam,2980,149.7993302345276,0.009563664515424177,0.0,0.005566425692447483,0.065227921439899,0.008248538138418228,0.0,0.009258109195720765,0.10082963009562587
2980,0.001,adam,2981,149.8493402004242,0.009552853613896068,0.0,0.010994898472642105,0.11950183834031713,,,,
2981,0.001,adam,2982,149.88216638565063,0.009625530629747829,0.0,0.01652109446123269,0.17483647524207474,,,,
2982,0.001,adam,2983,149.9256203174591,0.009620904022631206,0.0,0.01608732688707673,0.17049417289339852,,,,
2983,0.001,adam,2984,149.96702361106873,0.00966113511892428,0.0,0.011470505595959085,0.12436619107851513,,,,
2984,0.001,adam,2985,150.01214504241943,0.009624646270884843,0.0,0.005269667453633395,0.06232132080721879,,,,
2985,0.001,adam,2986,150.05062532424927,0.009613821305840188,0.0,0.0065090982907503574,0.07470480421334377,,,,
2986,0.001,adam,2987,150.08942365646362,0.009675191337769751,0.0,0.013201137462960838,0.14168656596737814,,,,
2987,0.001,adam,2988,150.1232042312622,0.009631019069044518,0.0,0.01844497894868358,0.1940808085558803,,,,
2988,0.001,adam,2989,150.15715551376343,0.009620960868310291,0.0,0.01205206302189142,0.13014159108722448,,,,
2989,0.001,adam,2990,150.1892991065979,0.009610800004438412,0.0,0.008500653456436113,0.09461733456879955,,,,
2990,0.001,adam,2991,150.22572875022888,0.009577937439877546,0.0,0.006583388762644059,0.07541182506631813,,,,
2991,0.001,adam,2992,150.25529384613037,0.00960542202979004,0.0,0.009137023479371727,0.10097565682350731,,,,
2992,0.001,adam,2993,150.28480505943298,0.009596910660125883,0.0,0.011220803806203094,0.12180494872215682,,,,
2993,0.001,adam,2994,150.32729172706604,0.009582170718301669,0.0,0.008490231610726184,0.09448448682556351,,,,
2994,0.001,adam,2995,150.36623167991638,0.009587361676403484,0.0,0.006290510087403998,0.07249246255044348,,,,
2995,0.001,adam,2996,150.39551401138306,0.009538197649802516,0.0,0.006921731874818114,0.07875551639798366,,,,
2996,0.001,adam,2997,150.44533920288086,0.009580299754019108,0.0,0.00977231249314707,0.10730342468548981,,,,
2997,0.001,adam,2998,150.48778581619263,0.00957593853829954,0.0,0.011139141456395574,0.12096735310225527,,,,
2998,0.001,adam,2999,150.5283329486847,0.009552647887899814,0.0,0.007084402800833982,0.08039667589623964,,,,
2999,0.001,adam,3000,150.56403517723083,0.00953213586678512,0.0,0.004748491880470935,0.057017054671494476,0.008200953243142163,0.0,0.006511655530522694,0.0733175085483691
3000,0.001,adam,3001,150.6467399597168,0.009519498456111115,0.0,0.00595630965303862,0.06908259498649731,,,,
3001,0.001,adam,3002,150.69298672676086,0.009559623290584839,0.0,0.008748743521790297,0.0970470585084878,,,,
3002,0.001,adam,3003,150.72990083694458,0.009539752318153011,0.0,0.00549373053743729,0.06447705769252592,,,,
3003,0.001,adam,3004,150.78378129005432,0.009518848160209202,0.0,0.004641365527424704,0.05593250343445624,,,,
3004,0.001,adam,3005,150.82845067977905,0.009515331799317255,0.0,0.0048743337545155635,0.05825866934447289,,,,
3005,0.001,adam,3006,150.87293243408203,0.009509457499552468,0.0,0.005775839889030127,0.06726785638985373,,,,
3006,0.001,adam,3007,150.917888879776,0.009535028476251907,0.0,0.005248016937804479,0.062015197854296704,,,,
3007,0.001,adam,3008,150.95704650878906,0.009525529480561077,0.0,0.004227186053163104,0.051797390012192114,,,,
3008,0.001,adam,3009,151.0100381374359,0.009516988686409298,0.0,0.004322036173869944,0.05273735042510874,,,,
3009,0.001,adam,3010,151.04873204231262,0.00951414035173378,0.0,0.005293661680854593,0.06245075716027971,,,,
3010,0.001,adam,3011,151.0956540107727,0.009496256448684624,0.0,0.005598935247538596,0.06548560892407058,,,,
3011,0.001,adam,3012,151.134779214859,0.009487678406809684,0.0,0.00464150148641217,0.055902693270931385,,,,
3012,0.001,adam,3013,151.17428731918335,0.009474809044775757,0.0,0.004536314593056138,0.05483795497533714,,,,
3013,0.001,adam,3014,151.2186906337738,0.00946811883904006,0.0,0.004562107314573634,0.055089191984776395,,,,
3014,0.001,adam,3015,151.26188230514526,0.009448678632428173,0.0,0.0040453446116933325,0.0499021247493615,,,,
3015,0.001,adam,3016,151.30802989006042,0.009463264765568519,0.0,0.0042719688585024515,0.05218295335059303,,,,
3016,0.001,adam,3017,151.3500075340271,0.009474223683511869,0.0,0.004998820268578139,0.05946242636929326,,,,
3017,0.001,adam,3018,151.3903889656067,0.00948407868963574,0.0,0.004333955297685941,0.05282363166649515,,,,
3018,0.001,adam,3019,151.43087363243103,0.00949124492410028,0.0,0.004959480942196732,0.0590860543460676,,,,
3019,0.001,adam,3020,151.47537994384766,0.009484970285911531,0.0,0.0042427583948799275,0.051912554234710806,0.0081890466452336,0.0,0.0041481110769179316,0.04967015741441292
3020,0.001,adam,3021,151.53272414207458,0.009500194490541156,0.0,0.004513199455160178,0.054632189042142926,,,,
3021,0.001,adam,3022,151.57366132736206,0.009520248629964397,0.0,0.004768799868283233,0.05720824731279673,,,,
3022,0.001,adam,3023,151.61689162254333,0.009508701426603488,0.0,0.005532302500938055,0.06483172643598403,,,,
3023,0.001,adam,3024,151.6777367591858,0.009484593861221422,0.0,0.005288795271252809,0.062372546573749514,,,,
3024,0.001,adam,3025,151.74850463867188,0.009473825290841358,0.0,0.004010732156647283,0.049581146857314184,,,,
3025,0.001,adam,3026,151.79262804985046,0.009454322628410401,0.0,0.0038851245367654717,0.04830556799606512,,,,
3026,0.001,adam,3027,151.83653926849365,0.009451743850682356,0.0,0.004427099848000083,0.053722742330683186,,,,
3027,0.001,adam,3028,151.8887300491333,0.009452167719088583,0.0,0.005296003472982324,0.062412202448911824,,,,
3028,0.001,adam,3029,151.93502140045166,0.009444744736997914,0.0,0.005443103010154634,0.06387577483854426,,,,
3029,0.001,adam,3030,151.99539971351624,0.009461806968091131,0.0,0.00373569122901498,0.04681871925824093,,,,
3030,0.001,adam,3031,152.04540014266968,0.009457700007193339,0.0,0.004320813044795318,0.05266583045514653,,,,
3031,0.001,adam,3032,152.0768222808838,0.009439899811631151,0.0,0.004145565989011662,0.05089555970174777,,,,
3032,0.001,adam,3033,152.11865186691284,0.009437909408688243,0.0,0.004083254297664556,0.0502704523853338,,,,
3033,0.001,adam,3034,152.1600570678711,0.009441797342933251,0.0,0.005196062675942834,0.061402424102361595,,,,
3034,0.001,adam,3035,152.20525979995728,0.009457217637079362,0.0,0.004806054752868698,0.057517765165766344,,,,
3035,0.001,adam,3036,152.24841976165771,0.009463457419399605,0.0,0.00487622129786304,0.058225670398030005,,,,
3036,0.001,adam,3037,152.31030416488647,0.009448857453283057,0.0,0.0043679249021885205,0.05312810647516826,,,,
3037,0.001,adam,3038,152.34547519683838,0.009442792242071675,0.0,0.003985375849370549,0.04929655073577716,,,,
3038,0.001,adam,3039,152.40606236457825,0.009464818665623008,0.0,0.005151969408501563,0.06098451275063863,,,,
3039,0.001,adam,3040,152.43861436843872,0.009471996422549488,0.0,0.007775513408012054,0.08722713050267003,0.008154323247582723,0.0,0.0042926443395583744,0.051080766643166464
3040,0.001,adam,3041,152.4943549633026,0.00947079626675169,0.0,0.0038753273229305595,0.04822406949605729,,,,
3041,0.001,adam,3042,152.5615200996399,0.009461044305672265,0.0,0.0035987021154902698,0.04544806546057496,,,,
3042,0.001,adam,3043,152.60006594657898,0.009471840314521494,0.0,0.004410051747971724,0.05357235779423874,,,,
3043,0.001,adam,3044,152.6421399116516,0.009483717258814162,0.0,0.0041294754977262565,0.050778472236076726,,,,
3044,0.001,adam,3045,152.69013381004333,0.009462957888863255,0.0,0.004901003338354191,0.05847299127240517,,,,
3045,0.001,adam,3046,152.72054886817932,0.009450252659970144,0.0,0.00381909889148501,0.04764124157482025,,,,
3046,0.001,adam,3047,152.76258087158203,0.009463508380341669,0.0,0.004395918354574969,0.05342269192609136,,,,
3047,0.001,adam,3048,152.80334043502808,0.009460287036373551,0.0,0.003575292866027628,0.045213215696649836,,,,
3048,0.001,adam,3049,152.84335088729858,0.00946123594904751,0.0,0.004953199957154703,0.05899323552059454,,,,
3049,0.001,adam,3050,152.88023114204407,0.009440543075181787,0.0,0.003839530010287466,0.04783584317805645,,,,
3050,0.001,adam,3051,152.9268536567688,0.00941417468078114,0.0,0.004175304903782484,0.05116722371860598,,,,
3051,0.001,adam,3052,152.9754376411438,0.009434753301422877,0.0,0.005046486727665008,0.05989962057807296,,,,
3052,0.001,adam,3053,153.01993227005005,0.009411054894477662,0.0,0.003649355866776573,0.04590461356224339,,,,
3053,0.001,adam,3054,153.06217503547668,0.009427322696301192,0.0,0.0038696951689224587,0.04812427438552578,,,,
3054,0.001,adam,3055,153.11190247535706,0.00944646720202597,0.0,0.004982741975447314,0.05927388695649911,,,,
3055,0.001,adam,3056,153.15231919288635,0.009451027697914541,0.0,0.004360084160533182,0.05305186930324637,,,,
3056,0.001,adam,3057,153.2043387889862,0.009479065784377332,0.0,0.27426968814749875,2.752175947259365,,,,
3057,0.001,adam,3058,153.24528646469116,0.009453761659140447,0.0,0.0035401249308964445,0.044855010968104896,,,,
3058,0.001,adam,3059,153.3032832145691,0.009438976010285333,0.0,0.004396502255333286,0.05340399856361819,,,,
3059,0.001,adam,3060,153.3342080116272,0.00942822317841302,0.0,0.0032201112372704844,0.04162933555111786,0.008083837650176104,0.0,0.004037763626740946,0.04846147391758557
3060,0.001,adam,3061,153.41514825820923,0.009410169203290814,0.0,0.004469089430079872,0.054101063504089525,,,,
3061,0.001,adam,3062,153.4833800792694,0.009423354662264467,0.0,0.007406329232957501,0.08348664699183947,,,,
3062,0.001,adam,3063,153.5190818309784,0.009401279417322767,0.0,0.004047799208353939,0.04987927150086215,,,,
3063,0.001,adam,3064,153.54586386680603,0.00940660952592434,0.0,0.004702620462166017,0.05643281414758451,,,,
3064,0.001,adam,3065,153.58060908317566,0.009418347630254831,0.0,0.005430811352431555,0.06372646115457038,,,,
3065,0.001,adam,3066,153.61779356002808,0.009410968794609578,0.0,0.004184213812869477,0.05125310692330434,,,,
3066,0.001,adam,3067,153.65374398231506,0.009418755007190666,0.0,0.0036757557557302602,0.04617631256449327,,,,
3067,0.001,adam,3068,153.68640756607056,0.009409280641754315,0.0,0.0035795763789258097,0.04520504443101241,,,,
3068,0.001,adam,3069,153.72019577026367,0.009401710537285626,0.0,0.0037171845229206114,0.04657355576649174,,,,
3069,0.001,adam,3070,153.75723671913147,0.00939439842086363,0.0,0.0033285635847265286,0.042680034268128914,,,,
3070,0.001,adam,3071,153.7872838973999,0.009383965745597073,0.0,0.0036888232724395288,0.04627219846999236,,,,
3071,0.001,adam,3072,153.82306623458862,0.009364968026293618,0.0,0.004066168962518669,0.050026657651480316,,,,
3072,0.001,adam,3073,153.85258674621582,0.009358157592051799,0.0,0.0034790922020982743,0.04414907961303455,,,,
3073,0.001,adam,3074,153.88731741905212,0.009358062680419508,0.0,0.0037155541494569384,0.04651360417498889,,,,
3074,0.001,adam,3075,153.9170560836792,0.009385654201425599,0.0,0.004662109449632594,0.05600674869775154,,,,
3075,0.001,adam,3076,153.95016717910767,0.009396637263441332,0.0,0.003683036801299183,0.04622700527643316,,,,
3076,0.001,adam,3077,153.98338627815247,0.009410575775041575,0.0,0.002949812641708826,0.038908702192129836,,,,
3077,0.001,adam,3078,154.02841091156006,0.009406011690216069,0.0,0.004073769817049947,0.05014370986071554,,,,
3078,0.001,adam,3079,154.06378293037415,0.0094000384612316,0.0,0.003956087687572038,0.04896091533695198,,,,
3079,0.001,adam,3080,154.10811305046082,0.00940915225112463,0.0,0.004674491979751058,0.05615407204863521,0.00805331320613695,0.0,0.0039001665888912596,0.04705497909504955
3080,0.001,adam,3081,154.15150713920593,0.009393244757869002,0.0,0.0030940323657539016,0.040333568415408014,,,,
3081,0.001,adam,3082,154.18496131896973,0.00938159903358156,0.0,0.004915891542700464,0.058540514460586196,,,,
3082,0.001,adam,3083,154.2199068069458,0.00936765538424269,0.0,0.004459464218469636,0.05396229756893905,,,,
3083,0.001,adam,3084,154.2500913143158,0.009348261127649127,0.0,0.005450526455998805,0.06385352568763718,,,,
3084,0.001,adam,3085,154.28215527534485,0.009350605285554293,0.0,0.009735190640111585,0.10670251168667014,,,,
3085,0.001,adam,3086,154.31620502471924,0.009359867885717986,0.0,0.0047279461300972925,0.05663932918669091,,,,
3086,0.001,adam,3087,154.34908938407898,0.009376279042045962,0.0,0.004420501442197491,0.053581293464020865,,,,
3087,0.001,adam,3088,154.38345074653625,0.009382540735122527,0.0,0.003888752321873698,0.04827006395385951,,,,
3088,0.001,adam,3089,154.41496896743774,0.0093962204534106,0.0,0.00477597876356301,0.0571560080890407,,,,
3089,0.001,adam,3090,154.44802737236023,0.009432028556747204,0.0,0.004480217463320815,0.05423420318995535,,,,
3090,0.001,adam,3091,154.48116374015808,0.009436171560090998,0.0,0.0038036656728268822,0.04747282828835982,,,,
3091,0.001,adam,3092,154.5163929462433,0.00944244761753442,0.0,0.0063333625168220204,0.07277607278575463,,,,
3092,0.001,adam,3093,154.55343747138977,0.009408409031202802,0.0,0.005210475064516379,0.06151315967636659,,,,
3093,0.001,adam,3094,154.58668899536133,0.009388797300311901,0.0,0.0039766983582233476,0.04915578088254538,,,,
3094,0.001,adam,3095,154.62108302116394,0.009372754769531975,0.0,0.004220261927502683,0.0515753740445588,,,,
3095,0.001,adam,3096,154.6537263393402,0.009367549956136872,0.0,0.004474414528537357,0.05411169524151044,,,,
3096,0.001,adam,3097,154.68524479866028,0.00936593587707763,0.0,0.004373860051870156,0.05310453639577919,,,,
3097,0.001,adam,3098,154.7189702987671,0.009344406254298724,0.0,0.003959162580891294,0.04893603206321166,,,,
3098,0.001,adam,3099,154.75172901153564,0.009351455970250888,0.0,0.004103329276107586,0.05038474873132674,,,,
3099,0.001,adam,3100,154.78430652618408,0.009337994815788906,0.0,0.004840669854102401,0.05774469335681292,0.008008134213281422,0.0,0.0038163421167972103,0.046171555381253525
3100,0.001,adam,3101,154.84278178215027,0.009346902632095838,0.0,0.004248797700723219,0.051834879639328035,,,,
3101,0.001,adam,3102,154.88191771507263,0.009356913419763604,0.0,0.004093729102470259,0.050294204444466195,,,,
3102,0.001,adam,3103,154.92081952095032,0.009347077215375359,0.0,0.004251678622248464,0.051863863437859994,,,,
3103,0.001,adam,3104,154.9599747657776,0.009392451738828403,0.0,0.004435533045369918,0.053747782192527585,,,,
3104,0.001,adam,3105,154.99945545196533,0.009372068212663134,0.0,0.004040408090292337,0.049776149115586504,,,,
3105,0.001,adam,3106,155.0376420021057,0.009375261292785797,0.0,0.005704504692787898,0.06642030822066478,,,,
3106,0.001,adam,3107,155.07770657539368,0.00937005971240916,0.0,0.003529120258292,0.04466126229532916,,,,
3107,0.001,adam,3108,155.11729335784912,0.009369994635636751,0.0,0.0044308099841835185,0.05367809447747194,,,,
3108,0.001,adam,3109,155.15658140182495,0.009382597573890534,0.0,0.004139000898155274,0.05077260655544328,,,,
3109,0.001,adam,3110,155.1941840648651,0.009357879623764305,0.0,0.003270740302873985,0.04206528265250415,,,,
3110,0.001,adam,3111,155.23339581489563,0.00933355086641142,0.0,0.003568247092581969,0.04501602179223111,,,,
3111,0.001,adam,3112,155.2686483860016,0.009333697958117044,0.0,0.003925127694934034,0.04858497490745739,,,,
3112,0.001,adam,3113,155.30233311653137,0.009327369663981592,0.0,0.004496699998785492,0.05429436965183651,,,,
3113,0.001,adam,3114,155.3353111743927,0.00934862954889256,0.0,0.004040874227892666,0.049757371827819225,,,,
3114,0.001,adam,3115,155.3650941848755,0.009340635428483384,0.0,0.004359888389012573,0.052939519318609116,,,,
3115,0.001,adam,3116,155.3983736038208,0.009345565675947885,0.0,0.004835720434436423,0.057702770020312114,,,,
3116,0.001,adam,3117,155.43218183517456,0.009365422364942165,0.0,0.00696544914318743,0.07901991379681647,,,,
3117,0.001,adam,3118,155.46476316452026,0.009372256243793377,0.0,0.008699055930686124,0.09636281555065462,,,,
3118,0.001,adam,3119,155.49842882156372,0.009378408979023055,0.0,0.011316821895131893,0.12254662793034199,,,,
3119,0.001,adam,3120,155.5296151638031,0.00939146738148623,0.0,0.015027670417060915,0.15966817155209537,0.00808041140372457,0.0,0.01989023353611939,0.20698274676491846
3120,0.001,adam,3121,155.58002281188965,0.0093721877441125,0.0,0.020247019301853596,0.21184238076264847,,,,
3121,0.001,adam,3122,155.61230158805847,0.00939583720381647,0.0,0.027456207457231062,0.2839579117761271,,,,
3122,0.001,adam,3123,155.6431930065155,0.00938489501056556,0.0,0.034278569527812504,0.3521705902886906,,,,
3123,0.001,adam,3124,155.6753134727478,0.009468974852942647,0.0,0.037947467767464035,0.388943652527583,,,,
3124,0.001,adam,3125,155.70783972740173,0.009482192911457972,0.0,0.029846436535298154,0.3079465582644395,,,,
3125,0.001,adam,3126,155.7412097454071,0.009434416739950716,0.0,0.016032468265196463,0.16975909939191536,,,,
3126,0.001,adam,3127,155.77516651153564,0.009374285814902805,0.0,0.007250096527883379,0.0818752510937366,,,,
3127,0.001,adam,3128,155.80860114097595,0.009335890109024686,0.0,0.008113617074286896,0.09047206085189366,,,,
3128,0.001,adam,3129,155.84230780601501,0.009370016719967776,0.0,0.017781761970780952,0.1871876364277773,,,,
3129,0.001,adam,3130,155.8723704814911,0.009415530372585454,0.0,0.019425985109407434,0.2036753814666598,,,,
3130,0.001,adam,3131,155.906569480896,0.009435892360565103,0.0,0.009007970144383223,0.09951559380439734,,,,
3131,0.001,adam,3132,155.9426736831665,0.009410647153447657,0.0,0.006259807188562419,0.07200871903907184,,,,
3132,0.001,adam,3133,155.98248600959778,0.009388829430646208,0.0,0.011723208435760513,0.12662091378825133,,,,
3133,0.001,adam,3134,156.01606845855713,0.009427527894445424,0.0,0.009631455954326072,0.10574208743770615,,,,
3134,0.001,adam,3135,156.04829216003418,0.00942711910714468,0.0,0.005908415708920426,0.06851127619634895,,,,
3135,0.001,adam,3136,156.08228850364685,0.009398134718731554,0.0,0.004978822452297755,0.059186359241709105,,,,
3136,0.001,adam,3137,156.11486625671387,0.00942214741190192,0.0,0.00921130887945271,0.10153523620642901,,,,
3137,0.001,adam,3138,156.14998936653137,0.009358351813707476,0.0,0.008289961881035477,0.09225797062406225,,,,
3138,0.001,adam,3139,156.18370127677917,0.009416789844172938,0.0,0.005604125271467823,0.06545804255885117,,,,
3139,0.001,adam,3140,156.21624732017517,0.009449230324556373,0.0,0.006526953306887682,0.0747187633934332,0.008223582719317621,0.0,0.008823714855921906,0.09646073127853669
3140,0.001,adam,3141,156.270658493042,0.009465940674217221,0.0,0.009512527602224225,0.10459121669645946,,,,
3141,0.001,adam,3142,156.3080804347992,0.009520154311432402,0.0,0.008182072233868536,0.09134087665011775,,,,
3142,0.001,adam,3143,156.34477853775024,0.009455924293854605,0.0,0.007846209809001314,0.08791802238386776,,,,
3143,0.001,adam,3144,156.37503743171692,0.00948493843392739,0.0,0.00601549427221139,0.06963988115604129,,,,
3144,0.001,adam,3145,156.40414309501648,0.009479528858779215,0.0,0.00682419283962792,0.07772145725505841,,,,
3145,0.001,adam,3146,156.44166493415833,0.009441198605066157,0.0,0.005547270590074175,0.06491390450580792,,,,
3146,0.001,adam,3147,156.47711992263794,0.009411982369934567,0.0,0.006292560101190936,0.07233758338184393,,,,
3147,0.001,adam,3148,156.51287937164307,0.009362749965482482,0.0,0.007071747468778258,0.08008022465326506,,,,
3148,0.001,adam,3149,156.54769945144653,0.009391801462987109,0.0,0.004917933794769264,0.05857113941067975,,,,
3149,0.001,adam,3150,156.58676385879517,0.009382717252314416,0.0,0.0045596809637201505,0.05497952688951592,,,,
3150,0.001,adam,3151,156.62544178962708,0.009372964692543204,0.0,0.005804178786068742,0.06741475255323062,,,,
3151,0.001,adam,3152,156.665447473526,0.009381553081489611,0.0,0.005819048273562563,0.06757203581711524,,,,
3152,0.001,adam,3153,156.69414639472961,0.009340865196124582,0.0,0.004973390643476389,0.059074771630888465,,,,
3153,0.001,adam,3154,156.72673177719116,0.009357337574390903,0.0,0.004301607207488756,0.05237340964927846,,,,
3154,0.001,adam,3155,156.76015710830688,0.009344354813010639,0.0,0.004831323050698752,0.05765758531999816,,,,
3155,0.001,adam,3156,156.79656457901,0.009327541800933491,0.0,0.005778578637632808,0.06711332817726157,,,,
3156,0.001,adam,3157,156.83046913146973,0.009341386072497309,0.0,0.005555181382198781,0.06489319989448511,,,,
3157,0.001,adam,3158,156.85909152030945,0.009311025313594786,0.0,0.004608830016157625,0.05539932547517104,,,,
3158,0.001,adam,3159,156.8933708667755,0.009309570003232355,0.0,0.012835172348957763,0.13766129349280998,,,,
3159,0.001,adam,3160,156.92578649520874,0.009324733413898318,0.0,0.004856386667910289,0.0578886000930012,0.008001486200978167,0.0,0.004275180537485099,0.050753291575829154
3160,0.001,adam,3161,156.98153471946716,0.00931350750871288,0.0,0.005157269230133999,0.06088619981005286,,,,
3161,0.001,adam,3162,157.02094793319702,0.0093200027913979,0.0,0.0045563883265613715,0.05488388605701161,,,,
3162,0.001,adam,3163,157.0609085559845,0.009292081401558641,0.0,0.00540193202192954,0.06331140162085404,,,,
3163,0.001,adam,3164,157.0967779159546,0.009273396643138069,0.0,0.004907140323648162,0.058344799879619685,,,,
3164,0.001,adam,3165,157.12490820884705,0.009277974508994133,0.0,0.0049251623454230785,0.05852959796322492,,,,
3165,0.001,adam,3166,157.15760803222656,0.00927560543934106,0.0,0.016833418238497343,0.1776097878243145,,,,
3166,0.001,adam,3167,157.19132924079895,0.009274486629443688,0.0,0.0036681076116522847,0.04595556274596654,,,,
3167,0.001,adam,3168,157.22572112083435,0.009297438011190956,0.0,0.005148342456713149,0.06078086257832245,,,,
3168,0.001,adam,3169,157.25860261917114,0.009311749138496517,0.0,0.004848764961548064,0.057799398753977146,,,,
3169,0.001,adam,3170,157.29447555541992,0.009302847685349018,0.0,0.00372235514796913,0.04652639916504032,,,,
3170,0.001,adam,3171,157.32682967185974,0.009293895695665978,0.0,0.004642699554930285,0.05572089124496883,,,,
3171,0.001,adam,3172,157.36014914512634,0.009269616157154928,0.0,0.004045176487511715,0.04972138103227208,,,,
3172,0.001,adam,3173,157.39488124847412,0.009250192337624696,0.0,0.003981506613515441,0.04906525847277911,,,,
3173,0.001,adam,3174,157.43084120750427,0.009230761811827772,0.0,0.00508317034030758,0.060062465214903576,,,,
3174,0.001,adam,3175,157.46495604515076,0.009220883911703457,0.0,0.004367741059809723,0.05289829450980068,,,,
3175,0.001,adam,3176,157.5005328655243,0.009245934533982222,0.0,0.004888439999412875,0.05813033452811097,,,,
3176,0.001,adam,3177,157.534423828125,0.009251379437951712,0.0,0.003987820519123476,0.04912958462918648,,,,
3177,0.001,adam,3178,157.5674238204956,0.009258191645381086,0.0,0.0038684945981421115,0.047943137626802204,,,,
3178,0.001,adam,3179,157.6012830734253,0.009258563024074502,0.0,0.27104174450264795,2.7196760080505538,,,,
3179,0.001,adam,3180,157.64279985427856,0.009257818621607152,0.0,0.004978586468084382,0.05904368330245098,0.007957574647058678,0.0,0.004366662423925645,0.05162419888631513
3180,0.001,adam,3181,157.70029044151306,0.00928300853884502,0.0,0.004822229964033262,0.057505308179177636,,,,
3181,0.001,adam,3182,157.7374246120453,0.00927996742158898,0.0,0.00580312812737971,0.06731124869538609,,,,
3182,0.001,adam,3183,157.7780900001526,0.00929649684313182,0.0,0.00516331576103997,0.06092965445353152,,,,
3183,0.001,adam,3184,157.80760526657104,0.009297392171967508,0.0,0.0037685164964000708,0.04698255713596822,,,,
3184,0.001,adam,3185,157.84242391586304,0.009301139337270257,0.0,0.0038431441699205288,0.04773258103647554,,,,
3185,0.001,adam,3186,157.88338136672974,0.009299677863280176,0.0,0.004044188368189134,0.04974156154517152,,,,
3186,0.001,adam,3187,157.92915225028992,0.009292061157171183,0.0,0.004167231734035483,0.05096437849752601,,,,
3187,0.001,adam,3188,157.96755242347717,0.009271295804898569,0.0,0.005109461106809615,0.06036590687299472,,,,
3188,0.001,adam,3189,158.0073459148407,0.009268264684082891,0.0,0.004417715011151087,0.05344541479559376,,,,
3189,0.001,adam,3190,158.0452208518982,0.009259670209174458,0.0,0.004373183677315533,0.05299150698232979,,,,
3190,0.001,adam,3191,158.08432149887085,0.009264711629401587,0.0,0.003915300710865008,0.048417718738051674,,,,
3191,0.001,adam,3192,158.1155755519867,0.009274175774645305,0.0,0.005112533202308975,0.06039950779773505,,,,
3192,0.001,adam,3193,158.15134358406067,0.009247992330102204,0.0,0.0044429384690698945,0.05367737702080115,,,,
3193,0.001,adam,3194,158.18290638923645,0.009244047390162843,0.0,0.012239512418051846,0.1316391715706813,,,,
3194,0.001,adam,3195,158.21909189224243,0.009243285015728755,0.0,0.004335392706630706,0.05259721208203581,,,,
3195,0.001,adam,3196,158.25920939445496,0.009240294927546059,0.0,0.0032324769190723,0.04156506411826905,,,,
3196,0.001,adam,3197,158.295419216156,0.009242169186210646,0.0,0.003436156687380995,0.0436037360600206,,,,
3197,0.001,adam,3198,158.32469820976257,0.009228531187543548,0.0,0.0037417687183720046,0.04664621837126359,,,,
3198,0.001,adam,3199,158.36139488220215,0.009213152563975674,0.0,0.003508850510236925,0.044301657666344925,,,,
3199,0.001,adam,3200,158.39662647247314,0.009211001672204986,0.0,0.0038957257858594453,0.04816825953079944,0.007887752408582105,0.0,0.003613845303212512,0.044026205440707226
3200,0.001,adam,3201,158.4582540988922,0.009208740619389616,0.0,0.005352753220780962,0.06273627282719924,,,,
3201,0.001,adam,3202,158.49878811836243,0.009208927045810196,0.0,0.0038443904810997846,0.04765283185680804,,,,
3202,0.001,adam,3203,158.53301072120667,0.009226660777058094,0.0,0.004158975597790224,0.050816416754960334,,,,
3203,0.001,adam,3204,158.56548047065735,0.009235847846292788,0.0,0.005972551763858695,0.06896136548487973,,,,
3204,0.001,adam,3205,158.5989511013031,0.009221062201479183,0.0,0.004691115281972738,0.056132215021206563,,,,
3205,0.001,adam,3206,158.63200044631958,0.00922758205540317,0.0,0.0034600384500144744,0.04382796655554791,,,,
3206,0.001,adam,3207,158.6690173149109,0.00921628684009044,0.0,0.003505749665659673,0.04427378349668717,,,,
3207,0.001,adam,3208,158.701162815094,0.009215759885355945,0.0,0.003867600293068833,0.04789176281604428,,,,
3208,0.001,adam,3209,158.73473739624023,0.009228333015986646,0.0,0.003839877437751972,0.04762710739350637,,,,
3209,0.001,adam,3210,158.79597282409668,0.009225049860839848,0.0,0.004437165832705094,0.053596708187890786,,,,
3210,0.001,adam,3211,158.83635926246643,0.00924849980306312,0.0,0.003689364889371333,0.04614214869677645,,,,
3211,0.001,adam,3212,158.88404774665833,0.009225197120922258,0.0,0.004978500080891929,0.059010197929841544,,,,
3212,0.001,adam,3213,158.92146968841553,0.009216657587019419,0.0,0.00384833283321553,0.04769998591917472,,,,
3213,0.001,adam,3214,158.95965671539307,0.009222427270306907,0.0,0.004947866896851907,0.05870109623882598,,,,
3214,0.001,adam,3215,158.99327039718628,0.009188265222920218,0.0,0.003877289922806085,0.047961164450981066,,,,
3215,0.001,adam,3216,159.03189086914062,0.009194588299484678,0.0,0.004147580787140398,0.05067039617088866,,,,
3216,0.001,adam,3217,159.06797885894775,0.009164069947476998,0.0,0.0038182042237694114,0.04734611218517111,,,,
3217,0.001,adam,3218,159.10400867462158,0.009165710944144605,0.0,0.0034745880094377915,0.04391159103852252,,,,
3218,0.001,adam,3219,159.135586977005,0.009185764070432725,0.0,0.004344850505997665,0.052634269130409375,,,,
3219,0.001,adam,3220,159.16885375976562,0.009163436412362655,0.0,0.004357699492210971,0.05274043133447237,0.007864612504872205,0.0,0.004081873264406567,0.04868334514893787
3220,0.001,adam,3221,159.22667527198792,0.009194412024431555,0.0,0.003939295427514068,0.048587366299572235,,,,
3221,0.001,adam,3222,159.2653443813324,0.009186318293320082,0.0,0.00389061447196517,0.048092463012971785,,,,
3222,0.001,adam,3223,159.29511618614197,0.009188336120222663,0.0,0.004127677021433641,0.05046510633455908,,,,
3223,0.001,adam,3224,159.33212566375732,0.00920537610629744,0.0,0.004110924254261709,0.05031461864891454,,,,
3224,0.001,adam,3225,159.36615204811096,0.009194813239352513,0.0,0.003280282289112142,0.041997636130473935,,,,
3225,0.001,adam,3226,159.3974368572235,0.009185345840309798,0.0,0.003820608037361839,0.04739142621392819,,,,
3226,0.001,adam,3227,159.43305253982544,0.009195110114012627,0.0,0.0033134654907035913,0.042329765021048536,,,,
3227,0.001,adam,3228,159.468026638031,0.009164906504262453,0.0,0.003747682726012344,0.04664173376438589,,,,
3228,0.001,adam,3229,159.49942684173584,0.00915845830983921,0.0,0.0035542642328812357,0.04470110063865157,,,,
3229,0.001,adam,3230,159.53080677986145,0.00916953800800426,0.0,0.0038630578837730986,0.04780011684573525,,,,
3230,0.001,adam,3231,159.56853866577148,0.009160250979028856,0.0,0.0040466878501085575,0.049627129480114426,,,,
3231,0.001,adam,3232,159.608460187912,0.009189921077748861,0.0,0.004388428906829828,0.053074210146047136,,,,
3232,0.001,adam,3233,159.6454939842224,0.00915563484664745,0.0,0.005158723541773434,0.06074287026438179,,,,
3233,0.001,adam,3234,159.68307852745056,0.00916378815060991,0.0,0.0034746537127199753,0.043910325277809664,,,,
3234,0.001,adam,3235,159.72285747528076,0.009176645927347696,0.0,0.003966140694221773,0.048838052869565426,,,,
3235,0.001,adam,3236,159.7635521888733,0.00916110503606473,0.0,0.0038640135334223765,0.047801240370288496,,,,
3236,0.001,adam,3237,159.8046395778656,0.009188654416601964,0.0,0.005877224928908434,0.0679609037056863,,,,
3237,0.001,adam,3238,159.8402225971222,0.009155734827294322,0.0,0.004402283387112814,0.05317856869842246,,,,
3238,0.001,adam,3239,159.8703534603119,0.00915676415770645,0.0,0.005716784916966921,0.06632461332737566,,,,
3239,0.001,adam,3240,159.90135383605957,0.009178929636452548,0.0,0.005421390296898245,0.06339283260543499,0.007848147076002187,0.0,0.004465789397751087,0.05250604105351306
3240,0.001,adam,3241,159.94799160957336,0.00916789617024417,0.0,0.003971444772501752,0.048882343895261686,,,,
3241,0.001,adam,3242,159.97744703292847,0.009187169569345966,0.0,0.004707894479227298,0.05626611436161895,,,,
3242,0.001,adam,3243,160.00919437408447,0.009179699258028721,0.0,0.00357557630546156,0.04493546231264432,,,,
3243,0.001,adam,3244,160.04304766654968,0.009180668337017446,0.0,0.004744306524181911,0.05662373357883655,,,,
3244,0.001,adam,3245,160.0767707824707,0.009195719018268246,0.0,0.003961975496364588,0.048815473981914125,,,,
3245,0.001,adam,3246,160.11118960380554,0.009179281428042169,0.0,0.00489317009042133,0.058110982332255465,,,,
3246,0.001,adam,3247,160.14519095420837,0.00917145265348079,0.0,0.005330646289544733,0.06247791554892812,,,,
3247,0.001,adam,3248,160.1794557571411,0.009159319097222484,0.0,0.003972434685154273,0.04888366594876522,,,,
3248,0.001,adam,3249,160.22161221504211,0.009141712104372306,0.0,0.003889627039495934,0.048037982499331645,,,,
3249,0.001,adam,3250,160.2532947063446,0.009139060788150546,0.0,0.004117895945529869,0.05031802024344924,,,,
3250,0.001,adam,3251,160.28175020217896,0.009143425775029761,0.0,0.004199598623191454,0.0511394120069443,,,,
3251,0.001,adam,3252,160.3170609474182,0.009138794345012104,0.0,0.003725026988712933,0.04638906423214144,,,,
3252,0.001,adam,3253,160.3558943271637,0.009134891983039378,0.0,0.004208418574355255,0.051219077726591934,,,,
3253,0.001,adam,3254,160.39501094818115,0.009149895680961782,0.0,0.004012307905206405,0.04927297473302583,,,,
3254,0.001,adam,3255,160.43529629707336,0.009148035309536532,0.0,0.0042602405900511306,0.05175044121004784,,,,
3255,0.001,adam,3256,160.47245502471924,0.009171105123071328,0.0,0.004893521718842438,0.05810632231149571,,,,
3256,0.001,adam,3257,160.51065826416016,0.009173541727007272,0.0,0.004950078632765012,0.058674328054657394,,,,
3257,0.001,adam,3258,160.55294370651245,0.009183670498859488,0.0,0.005925429848925497,0.06843796898811445,,,,
3258,0.001,adam,3259,160.58385586738586,0.00918631198940175,0.0,0.007188051842904744,0.0810668304184492,,,,
3259,0.001,adam,3260,160.6167185306549,0.009195245758332379,0.0,0.00747160910899834,0.08391133684831577,0.007863602507808357,0.0,0.007622905222013381,0.08409265472794217
3260,0.001,adam,3261,160.66010642051697,0.009157543342961304,0.0,0.007722668180994971,0.08638422515291101,,,,
3261,0.001,adam,3262,160.6915853023529,0.009177576237351688,0.0,0.008780411371015689,0.09698168994750858,,,,
3262,0.001,adam,3263,160.72714948654175,0.00914766323142984,0.0,0.007329283953133507,0.0824405027627649,,,,
3263,0.001,adam,3264,160.75832200050354,0.009155306584520935,0.0,0.007615025123997895,0.08530555782449989,,,,
3264,0.001,adam,3265,160.79102158546448,0.009149388489680697,0.0,0.005556548267790092,0.06471487116758161,,,,
3265,0.001,adam,3266,160.82607102394104,0.009163827396747657,0.0,0.004965768840305727,0.05882151579980492,,,,
3266,0.001,adam,3267,160.86123037338257,0.009152678710127914,0.0,0.004277092982716769,0.0519236085372956,,,,
3267,0.001,adam,3268,160.89035201072693,0.009149110791585723,0.0,0.0040889794153520466,0.05003890494510619,,,,
3268,0.001,adam,3269,160.92425727844238,0.009142474287424844,0.0,0.004501587506563286,0.0541583493530577,,,,
3269,0.001,adam,3270,160.9553141593933,0.009156768729958211,0.0,0.003941679281650114,0.04857356154645935,,,,
3270,0.001,adam,3271,160.9898817539215,0.009129015214948962,0.0,0.00546743427872059,0.06380335800215486,,,,
3271,0.001,adam,3272,161.0258436203003,0.009145354491598624,0.0,0.004132563916319103,0.05047099365478965,,,,
3272,0.001,adam,3273,161.0697205066681,0.009133490277296973,0.0,0.003463383167982375,0.04376732195712072,,,,
3273,0.001,adam,3274,161.11018085479736,0.009126456042485218,0.0,0.004060606871486432,0.049732524757349544,,,,
3274,0.001,adam,3275,161.14847826957703,0.009119774529351917,0.0,0.003313655653315979,0.04225633106251171,,,,
3275,0.001,adam,3276,161.18930768966675,0.009100645844517023,0.0,0.006686135019597829,0.0759619960404953,,,,
3276,0.001,adam,3277,161.2270064353943,0.009110322248323154,0.0,0.00457304846811518,0.05484080692947496,,,,
3277,0.001,adam,3278,161.25912141799927,0.009114500231809982,0.0,0.014686647497096186,0.15598097520277185,,,,
3278,0.001,adam,3279,161.29145669937134,0.00911798877412052,0.0,0.004257735655709539,0.05169534533121591,,,,
3279,0.001,adam,3280,161.324955701828,0.00912987373907427,0.0,0.005127235244085897,0.060402226179933245,0.007777586121130511,0.0,0.0040562806071945,0.04834039219307551
3280,0.001,adam,3281,161.37346386909485,0.009114343468558179,0.0,0.003490491548877954,0.044019258957337715,,,,
3281,0.001,adam,3282,161.40246272087097,0.009138707390702388,0.0,0.004299433375512233,0.052133041145824725,,,,
3282,0.001,adam,3283,161.43278694152832,0.009119246763328306,0.0,0.0037867989708526987,0.04698723647185529,,,,
3283,0.001,adam,3284,161.4685184955597,0.00911249565391405,0.0,0.006423156743322017,0.07334406308713422,,,,
3284,0.001,adam,3285,161.50031185150146,0.00909367341054458,0.0,0.006278500752538288,0.07187868093592746,,,,
3285,0.001,adam,3286,161.53340911865234,0.009103176508177832,0.0,0.008517612807087979,0.09427930457905763,,,,
3286,0.001,adam,3287,161.5670084953308,0.009092321288230992,0.0,0.009180700672718548,0.10089932801541647,,,,
3287,0.001,adam,3288,161.6025767326355,0.009115827934147445,0.0,0.011394992937235317,0.12306575730650061,,,,
3288,0.001,adam,3289,161.65117645263672,0.009107079665884196,0.0,0.018964769950303297,0.19875477916891718,,,,
3289,0.001,adam,3290,161.68746137619019,0.009150214451845442,0.0,0.03528650291386663,0.3620152435905118,,,,
3290,0.001,adam,3291,161.72790122032166,0.009165487782885284,0.0,0.053319599502490746,0.5423614828077927,,,,
3291,0.001,adam,3292,161.78208184242249,0.009325992594214594,0.0,0.057017601061791455,0.5795020032121292,,,,
3292,0.001,adam,3293,161.8114640712738,0.009187411957398375,0.0,0.04848372585383103,0.4940246704957087,,,,
3293,0.001,adam,3294,161.84643650054932,0.009248268291681279,0.0,0.025532132004900166,0.26456958834068295,,,,
3294,0.001,adam,3295,161.88666105270386,0.009164892172906882,0.0,0.011179751989288077,0.12096241206578764,,,,
3295,0.001,adam,3296,161.92218780517578,0.009160287529504254,0.0,0.021729842388727653,0.2264587114167808,,,,
3296,0.001,adam,3297,161.95480966567993,0.009272516273590043,0.0,0.017868800669424915,0.18796052296783922,,,,
3297,0.001,adam,3298,161.9863805770874,0.009161243655369864,0.0,0.013417941197325877,0.14334065562862863,,,,
3298,0.001,adam,3299,162.0216681957245,0.0091273035229259,0.0,0.014522194058967047,0.15434924411259637,,,,
3299,0.001,adam,3300,162.05554103851318,0.009246203121853813,0.0,0.017197033008076946,0.18121653320262326,0.007946427226821835,0.0,0.01238383405692307,0.13178476779605255
3300,0.001,adam,3301,162.11087703704834,0.009161184794150953,0.0,0.012645660566742984,0.1356177904615808,,,,
3301,0.001,adam,3302,162.15036940574646,0.009191905214308875,0.0,0.008298148906851873,0.09217339428282761,,,,
3302,0.001,adam,3303,162.18792581558228,0.009251976763380255,0.0,0.01073352492099105,0.11658722597329076,,,,
3303,0.001,adam,3304,162.2263240814209,0.009204635220827387,0.0,0.014109576254465937,0.15030039776548676,,,,
3304,0.001,adam,3305,162.28539061546326,0.009338718997570938,0.0,0.008560279206521082,0.09494151106278176,,,,
3305,0.001,adam,3306,162.32263827323914,0.00924291237934883,0.0,0.006178403621541151,0.07102694859476034,,,,
3306,0.001,adam,3307,162.35533118247986,0.009266489516321287,0.0,0.007863092320650586,0.08789741272282714,,,,
3307,0.001,adam,3308,162.38080501556396,0.009347862632868782,0.0,0.009959328578757634,0.10894114842044512,,,,
3308,0.001,adam,3309,162.42407703399658,0.009225586423277456,0.0,0.01042222797948368,0.11344786621811426,,,,
3309,0.001,adam,3310,162.45555305480957,0.0093073188799649,0.0,0.006788708349185518,0.07719440237182008,,,,
3310,0.001,adam,3311,162.48221445083618,0.009266522329351682,0.0,0.009530970287224143,0.10457622520159313,,,,
3311,0.001,adam,3312,162.5144908428192,0.009273686009609148,0.0,0.012927049821683861,0.13854418422644776,,,,
3312,0.001,adam,3313,162.5545527935028,0.00933305993967215,0.0,0.007761239956825233,0.08694545950792448,,,,
3313,0.001,adam,3314,162.59177827835083,0.009254058806917586,0.0,0.003996990707608919,0.04922396588300677,,,,
3314,0.001,adam,3315,162.62227606773376,0.009261680793560318,0.0,0.006936123190074278,0.0786229126943031,,,,
3315,0.001,adam,3316,162.65443229675293,0.00925867583604941,0.0,0.006676827798584123,0.07602695382189063,,,,
3316,0.001,adam,3317,162.71181988716125,0.009229347952701878,0.0,0.004170061783009886,0.050929965782800735,,,,
3317,0.001,adam,3318,162.74340152740479,0.0092238321766871,0.0,0.00472601368667459,0.056483969043433,,,,
3318,0.001,adam,3319,162.77646470069885,0.00924999951175591,0.0,0.005903938687985225,0.06828938639160817,,,,
3319,0.001,adam,3320,162.81184935569763,0.009241122472497025,0.0,0.004130502845891127,0.0505461509314083,0.008020761862071558,0.0,0.004634289354504498,0.05436365540711653
3320,0.001,adam,3321,162.85804748535156,0.00924333769689414,0.0,0.004897148460499779,0.05821482230189194,,,,
3321,0.001,adam,3322,162.88698196411133,0.009250901220435263,0.0,0.00506266242903748,0.05987752551081006,,,,
3322,0.001,adam,3323,162.9367265701294,0.009246581461400458,0.0,0.004007717674886266,0.049323758210263115,,,,
3323,0.001,adam,3324,162.97588801383972,0.009224083549845592,0.0,0.004100965615107711,0.05023373970092271,,,,
3324,0.001,adam,3325,163.00333786010742,0.009217330903508205,0.0,0.007250956687492221,0.08172689777843042,,,,
3325,0.001,adam,3326,163.03618168830872,0.009171638453889873,0.0,0.00739289033607142,0.08310054181460408,,,,
3326,0.001,adam,3327,163.06900095939636,0.009175305393693885,0.0,0.004461146046305478,0.053786765856748665,,,,
3327,0.001,adam,3328,163.10585045814514,0.009181307819405068,0.0,0.004448843001689523,0.0536697378363003,,,,
3328,0.001,adam,3329,163.14215898513794,0.009174762724814302,0.0,0.0049828136736691266,0.05900289946150557,,,,
3329,0.001,adam,3330,163.1938076019287,0.009152645916926166,0.0,0.004839657648802444,0.057549222404950605,,,,
3330,0.001,adam,3331,163.22795224189758,0.00911325993040084,0.0,0.004685275680170076,0.055966016732101595,,,,
3331,0.001,adam,3332,163.26722860336304,0.009125045914211035,0.0,0.003743045872645387,0.04655550464066491,,,,
3332,0.001,adam,3333,163.30054807662964,0.009135109990186017,0.0,0.0045356402063805885,0.0544915120539919,,,,
3333,0.001,adam,3334,163.33313751220703,0.009114179051972383,0.0,0.0050441473957943015,0.0595556530099154,,,,
3334,0.001,adam,3335,163.3858163356781,0.00911853603811641,0.0,0.0050621471740886995,0.0597400077790034,,,,
3335,0.001,adam,3336,163.42445707321167,0.009114548492637379,0.0,0.004338986741093337,0.052504415903570745,,,,
3336,0.001,adam,3337,163.46144247055054,0.009124501519837899,0.0,0.0039503361067019125,0.04862786258685703,,,,
3337,0.001,adam,3338,163.49279522895813,0.009125668386100932,0.0,0.004945171161155703,0.05857737999765797,,,,
3338,0.001,adam,3339,163.54443168640137,0.009105684296352147,0.0,0.0037800622789825045,0.04690630708617719,,,,
3339,0.001,adam,3340,163.58370518684387,0.009095402792173869,0.0,0.003932480258211906,0.04842020537429293,0.007768590200964678,0.0,0.003534861910962526,0.043117209310589946
3340,0.001,adam,3341,163.6317319869995,0.009073116753865363,0.0,0.004464081383642453,0.05371393059028989,,,,
3341,0.001,adam,3342,163.661602973938,0.009063687704967282,0.0,0.0038233974231328544,0.04729766193629582,,,,
3342,0.001,adam,3343,163.69800329208374,0.009065012569969309,0.0,0.004645074363929512,0.055515756209264425,,,,
3343,0.001,adam,3344,163.7319712638855,0.009059084385814216,0.0,0.004207176705471162,0.051130851440525836,,,,
3344,0.001,adam,3345,163.7607889175415,0.00906328566975757,0.0,0.0035767963397977296,0.04483124906773486,,,,
3345,0.001,adam,3346,163.79453301429749,0.009070276490721221,0.0,0.003454727726696924,0.04361755375769046,,,,
3346,0.001,adam,3347,163.84690976142883,0.009074561096979655,0.0,0.0039056519856871725,0.04813108095385138,,,,
3347,0.001,adam,3348,163.89439368247986,0.009084743616626688,0.0,0.003179106867238552,0.04087581228901221,,,,
3348,0.001,adam,3349,163.93081498146057,0.009093848149179795,0.0,0.0032857700321906073,0.04195154847108587,,,,
3349,0.001,adam,3350,163.96504068374634,0.009113640735079958,0.0,0.0034690085729247094,0.04380372646432705,,,,
3350,0.001,adam,3351,164.00049328804016,0.009124681335610178,0.0,0.0032005286597385726,0.041129967932995906,,,,
3351,0.001,adam,3352,164.03376626968384,0.009124016071793294,0.0,0.0036049095549988202,0.045173111621781496,,,,
3352,0.001,adam,3353,164.06695103645325,0.00911728146076842,0.0,0.0031006310417816163,0.04012359187858458,,,,
3353,0.001,adam,3354,164.0987479686737,0.009100274939791021,0.0,0.004231434050510536,0.05141461544489638,,,,
3354,0.001,adam,3355,164.13289403915405,0.009093040179309954,0.0,0.003906434481233496,0.048157384991644916,,,,
3355,0.001,adam,3356,164.16657042503357,0.00908940755181781,0.0,0.0036753180070774605,0.04584258762259241,,,,
3356,0.001,adam,3357,164.20111560821533,0.009080621384171277,0.0,0.0038938349300584223,0.048018970684755496,,,,
3357,0.001,adam,3358,164.23162961006165,0.00908160412910731,0.0,0.003455890054649456,0.04364050467560187,,,,
3358,0.001,adam,3359,164.2652645111084,0.009076472301823464,0.0,0.004065084050899943,0.0497273128108229,,,,
3359,0.001,adam,3360,164.30145478248596,0.009069874621499193,0.0,0.0033642266701104213,0.042712141322603404,0.007772374260346764,0.0,0.0037936892918031687,0.04570926717837845
3360,0.001,adam,3361,164.34349155426025,0.009067250364854578,0.0,0.0036213542914935184,0.04528079327978976,,,,
3361,0.001,adam,3362,164.37828612327576,0.009069438429397798,0.0,0.0037941203340009617,0.04701064176940742,,,,
3362,0.001,adam,3363,164.41085028648376,0.009072810795556443,0.0,0.003002860864264924,0.03910141943820568,,,,
3363,0.001,adam,3364,164.44414830207825,0.009077924398163578,0.0,0.004110290118929839,0.05018082558746197,,,,
3364,0.001,adam,3365,164.47837662696838,0.00907325693801802,0.0,0.004079245121056762,0.049865708148585645,,,,
3365,0.001,adam,3366,164.5127513408661,0.009075981351663237,0.0,0.0060724815152387954,0.06980079650405119,,,,
3366,0.001,adam,3367,164.54348373413086,0.009070707303571223,0.0,0.004204074919421326,0.05111145649778448,,,,
3367,0.001,adam,3368,164.5810263156891,0.009046631903665971,0.0,0.2689890906958571,2.6989375388622365,,,,
3368,0.001,adam,3369,164.62242317199707,0.009045523603793,0.0,0.00359106086011044,0.0449561322048974,,,,
3369,0.001,adam,3370,164.65621876716614,0.009031560786520607,0.0,0.003380425915866922,0.042835819945189826,,,,
3370,0.001,adam,3371,164.68932509422302,0.009029183539409461,0.0,0.003273776249736995,0.04176694603677941,,,,
3371,0.001,adam,3372,164.7213432788849,0.00904233333195028,0.0,0.0038430615521335464,0.04747294885328574,,,,
3372,0.001,adam,3373,164.75669765472412,0.009032276041015547,0.0,0.0034877938437130745,0.04391021447814629,,,,
3373,0.001,adam,3374,164.79042100906372,0.009030775289031758,0.0,0.003767719250977427,0.046707967798806024,,,,
3374,0.001,adam,3375,164.82441520690918,0.00902902015227931,0.0,0.0043959837381257515,0.052988857533536826,,,,
3375,0.001,adam,3376,164.85775709152222,0.009019877656302746,0.0,0.0031457660094491406,0.04047753775079415,,,,
3376,0.001,adam,3377,164.90609407424927,0.009022091986554306,0.0,0.0036530901781623125,0.04555299376817743,,,,
3377,0.001,adam,3378,164.94243669509888,0.009022649482541676,0.0,0.0038918154225082687,0.04794080370762436,,,,
3378,0.001,adam,3379,164.97746872901917,0.009021037473509328,0.0,0.003995329339202219,0.04897433086553152,,,,
3379,0.001,adam,3380,165.01542448997498,0.009013451815879767,0.0,0.0034281069724228634,0.0432945215401084,0.007711863320676437,0.0,0.0035246844723447203,0.04295870804412364
3380,0.001,adam,3381,165.07684922218323,0.009006826201613123,0.0,0.003883199730681127,0.047838823508424395,,,,
3381,0.001,adam,3382,165.1123752593994,0.009011764063369744,0.0,0.0036988862287122767,0.04600062635049251,,,,
3382,0.001,adam,3383,165.14625430107117,0.009011756973891814,0.0,0.003362012308652751,0.04263188006041932,,,,
3383,0.001,adam,3384,165.1796395778656,0.009018532953318057,0.0,0.0038713337409499483,0.04773187036281754,,,,
3384,0.001,adam,3385,165.21330499649048,0.00901972790033235,0.0,0.003694341188237167,0.04596313978270402,,,,
3385,0.001,adam,3386,165.24781441688538,0.009017127021861495,0.0,0.0037246614409058116,0.04626374143091962,,,,
3386,0.001,adam,3387,165.2861716747284,0.009013186707731118,0.0,0.003860803944639846,0.04762122615412957,,,,
3387,0.001,adam,3388,165.32007217407227,0.009010826274140933,0.0,0.003448319809658361,0.04349402437072454,,,,
3388,0.001,adam,3389,165.35441398620605,0.009006414241928553,0.0,0.0036769014811998887,0.04577542905392744,,,,
3389,0.001,adam,3390,165.38633060455322,0.009007576685837746,0.0,0.005063286197522051,0.059640438661058254,,,,
3390,0.001,adam,3391,165.4222183227539,0.008995108685120103,0.0,0.004240394329228447,0.051399051977404575,,,,
3391,0.001,adam,3392,165.45152926445007,0.008983656631981352,0.0,0.0035782211240110557,0.04476586787209191,,,,
3392,0.001,adam,3393,165.48365950584412,0.008986840551268383,0.0,0.003960339199760064,0.04859023254886902,,,,
3393,0.001,adam,3394,165.52082133293152,0.008989623905701549,0.0,0.00392858164393429,0.04827544034504445,,,,
3394,0.001,adam,3395,165.5599639415741,0.00899992475098575,0.0,0.003988371913600857,0.04888364388699433,,,,
3395,0.001,adam,3396,165.5984501838684,0.008995285992348459,0.0,0.003862627001510422,0.04762155600745268,,,,
3396,0.001,adam,3397,165.63525462150574,0.008991825373159264,0.0,0.003581669355260503,0.04480851892576429,,,,
3397,0.001,adam,3398,165.67261838912964,0.009003462709891916,0.0,0.003594544332814664,0.044948906038038555,,,,
3398,0.001,adam,3399,165.70692443847656,0.009010861056302867,0.0,0.004433502611182723,0.053345887168130095,,,,
3399,0.001,adam,3400,165.74179363250732,0.009007349146391683,0.0,0.005563166344771426,0.06463901259410595,0.007714168194946475,0.0,0.005561108813281135,0.06332525632775782
3400,0.001,adam,3401,165.78970766067505,0.009020185805301398,0.0,0.006262667654632957,0.07164686235163097,,,,
3401,0.001,adam,3402,165.82077527046204,0.009007001389706506,0.0,0.004341339108879825,0.05242039247850475,,,,
3402,0.001,adam,3403,165.85243153572083,0.009017197236988336,0.0,0.004046501866143015,0.04948221589841849,,,,
3403,0.001,adam,3404,165.88668584823608,0.009030264578555037,0.0,0.004085668368199267,0.04988694826054771,,,,
3404,0.001,adam,3405,165.91874814033508,0.009008415076614372,0.0,0.00427043849880627,0.05171280006467707,,,,
3405,0.001,adam,3406,165.9547131061554,0.009019215410772859,0.0,0.004359116722989273,0.05261038264066559,,,,
3406,0.001,adam,3407,165.98142862319946,0.009017629618467615,0.0,0.004215769324503241,0.05117532286350003,,,,
3407,0.001,adam,3408,166.01597809791565,0.009016929456103885,0.0,0.0042810813188923665,0.05182774264502755,,,,
3408,0.001,adam,3409,166.04907369613647,0.009042247231881052,0.0,0.004119397854177117,0.05023622577365223,,,,
3409,0.001,adam,3410,166.0827648639679,0.009010337559186425,0.0,0.004025627943949683,0.04926661699868325,,,,
3410,0.001,adam,3411,166.11732149124146,0.008996628717667494,0.0,0.003973156213289202,0.04872819085055951,,,,
3411,0.001,adam,3412,166.15000176429749,0.008985560655276573,0.0,0.003315580259730503,0.0421413632525816,,,,
3412,0.001,adam,3413,166.18597030639648,0.00897663194480927,0.0,0.006665873609209889,0.07563536803690817,,,,
3413,0.001,adam,3414,166.21824598312378,0.00898390709745065,0.0,0.004426258629625339,0.05324649339370404,,,,
3414,0.001,adam,3415,166.24889659881592,0.008962961933550187,0.0,0.004027743586125145,0.04924039779480164,,,,
3415,0.001,adam,3416,166.2998902797699,0.008995954836061136,0.0,0.003489600188472196,0.043891956720783096,,,,
3416,0.001,adam,3417,166.33771061897278,0.008992409089426119,0.0,0.0032768017486391353,0.04176042657581747,,,,
3417,0.001,adam,3418,166.3755235671997,0.009010584314165643,0.0,0.0027830602660186277,0.03684118697435192,,,,
3418,0.001,adam,3419,166.4145348072052,0.009030110534654077,0.0,0.0032818016676389892,0.04184812721104397,,,,
3419,0.001,adam,3420,166.44896292686462,0.00900314410475689,0.0,0.003789039256553577,0.04689353667029266,0.007691458037186878,0.0,0.0038650508271276243,0.04634196630846312
3420,0.001,adam,3421,166.4962821006775,0.009001569169283737,0.0,0.004062389336377032,0.049625462533054054,,,,
3421,0.001,adam,3422,166.52447843551636,0.008961838786059545,0.0,0.004659698311623809,0.05555882190229763,,,,
3422,0.001,adam,3423,166.5593385696411,0.008949726592704495,0.0,0.0037275487311362833,0.04622521390406733,,,,
3423,0.001,adam,3424,166.59332847595215,0.008955762019912685,0.0,0.0033851572106506937,0.04280733412641963,,,,
3424,0.001,adam,3425,166.62843012809753,0.008925462507778049,0.0,0.00393199118837524,0.048245374391530454,,,,
3425,0.001,adam,3426,166.688330411911,0.008940821489535464,0.0,0.003867931618759794,0.047620137677133405,,,,
3426,0.001,adam,3427,166.72575497627258,0.008943748019429935,0.0,0.003602143874979087,0.0449651867692208,,,,
3427,0.001,adam,3428,166.78807067871094,0.008964293122147013,0.0,0.002834311231703384,0.03730740543918085,,,,
3428,0.001,adam,3429,166.8185052871704,0.008989304547624408,0.0,0.003670422044228433,0.04569352498990874,,,,
3429,0.001,adam,3430,166.85016250610352,0.008965405718115198,0.0,0.004211006612479262,0.051075471842907824,,,,
3430,0.001,adam,3431,166.8850507736206,0.008969118744946061,0.0,0.003670619371086664,0.0456753124558127,,,,
3431,0.001,adam,3432,166.91912817955017,0.00894057325474046,0.0,0.005362211010319473,0.06256268335793519,,,,
3432,0.001,adam,3433,166.95139718055725,0.008915480589613731,0.0,0.005613667463544617,0.0650521552250599,,,,
3433,0.001,adam,3434,166.98598074913025,0.008937901144891486,0.0,0.006754983879119875,0.07648773993609023,,,,
3434,0.001,adam,3435,167.01914381980896,0.008928361389189354,0.0,0.009695258740002809,0.10588094878921744,,,,
3435,0.001,adam,3436,167.0494155883789,0.00897794410086206,0.0,0.008967044299442017,0.09864838709528223,,,,
3436,0.001,adam,3437,167.10098505020142,0.00893656679432532,0.0,0.008408191721765925,0.09301848401198458,,,,
3437,0.001,adam,3438,167.1419084072113,0.008955132180880626,0.0,0.008099187581895014,0.08994700799983076,,,,
3438,0.001,adam,3439,167.1804482936859,0.008940488249161854,0.0,0.005383727195704091,0.06277776020620277,,,,
3439,0.001,adam,3440,167.2206220626831,0.008934501239770168,0.0,0.003966724463514154,0.04860174587491171,0.007636689331861237,0.0,0.0036974399836721497,0.04461108916858273
3440,0.001,adam,3441,167.27152705192566,0.008942854117131983,0.0,0.004159779638671412,0.05054065050384611,,,,
3441,0.001,adam,3442,167.3002004623413,0.00894162008717397,0.0,0.004419717766461101,0.05313879775178498,,,,
3442,0.001,adam,3443,167.33653259277344,0.008938279276250844,0.0,0.005206046865041489,0.06099874792666573,,,,
3443,0.001,adam,3444,167.37659621238708,0.008944139601974438,0.0,0.00497790660263842,0.058723205628358636,,,,
3444,0.001,adam,3445,167.41136360168457,0.008930765841321587,0.0,0.005548458043267525,0.06441534627399684,,,,
3445,0.001,adam,3446,167.44463920593262,0.008936318944354859,0.0,0.0036025583501574712,0.04496190244592957,,,,
3446,0.001,adam,3447,167.486341714859,0.00893834640715203,0.0,0.003342036350104496,0.042358709908196984,,,,
3447,0.001,adam,3448,167.51668000221252,0.008943172828605874,0.0,0.003430546865424447,0.04324864148285035,,,,
3448,0.001,adam,3449,167.5486695766449,0.00894125555693122,0.0,0.004669388582646057,0.05563514138339179,,,,
3449,0.001,adam,3450,167.58737087249756,0.008942421507426095,0.0,0.0061065284535378435,0.07000770604280453,,,,
3450,0.001,adam,3451,167.62505197525024,0.008935048877558537,0.0,0.006844616711032229,0.07738121598788084,,,,
3451,0.001,adam,3452,167.6542706489563,0.00894337872912882,0.0,0.005735100747593739,0.0662943862050662,,,,
3452,0.001,adam,3453,167.68744230270386,0.008925814442731824,0.0,0.0047318739388017535,0.05624455383074936,,,,
3453,0.001,adam,3454,167.71961617469788,0.008942151302239451,0.0,0.0042786239844108485,0.05172839114634793,,,,
3454,0.001,adam,3455,167.7546420097351,0.008922918987984798,0.0,0.0041318705160218105,0.05024162414820291,,,,
3455,0.001,adam,3456,167.78460574150085,0.008922849262701356,0.0,0.003009135873037315,0.03901420799307451,,,,
3456,0.001,adam,3457,167.8210961818695,0.008911168050882597,0.0,0.0032647097007101633,0.041558265057984226,,,,
3457,0.001,adam,3458,167.8611454963684,0.008905603394941557,0.0,0.0035453393219742253,0.04435899661468381,,,,
3458,0.001,adam,3459,167.8962721824646,0.00891805090263497,0.0,0.0035374057887220395,0.044292108789855365,,,,
3459,0.001,adam,3460,167.93113827705383,0.008916179915631796,0.0,0.004473804394935765,0.05365422386498945,0.007634496960833305,0.0,0.0033068197674847697,0.040702694635681005
3460,0.001,adam,3461,167.98433637619019,0.00891616538581629,0.0,0.0032537664344095135,0.04145382972991143,,,,
3461,0.001,adam,3462,168.01621866226196,0.008926275701239206,0.0,0.014193087012654565,0.15085714582778487,,,,
3462,0.001,adam,3463,168.0440971851349,0.008924123446446197,0.0,0.004311700574927168,0.052041129195717885,,,,
3463,0.001,adam,3464,168.07796692848206,0.008916683867006043,0.0,0.003630569131757878,0.04522237518458483,,,,
3464,0.001,adam,3465,168.114511013031,0.008901316898238866,0.0,0.0048597408873427925,0.05749872577166679,,,,
3465,0.001,adam,3466,168.1507875919342,0.00889742679102818,0.0,0.0054412930786217496,0.06331035757724568,,,,
3466,0.001,adam,3467,168.1860933303833,0.00889596974508465,0.0,0.006245350367182621,0.07134947341691086,,,,
3467,0.001,adam,3468,168.22297859191895,0.008879059685545488,0.0,0.009388078444025656,0.10275984412580205,,,,
3468,0.001,adam,3469,168.25827836990356,0.008871327153833247,0.0,0.010576355786081492,0.11463488501464818,,,,
3469,0.001,adam,3470,168.3157136440277,0.008874469384435741,0.0,0.008461903414636911,0.09349350353080486,,,,
3470,0.001,adam,3471,168.35159730911255,0.008892957641110245,0.0,0.00608925680030851,0.06978552564419534,,,,
3471,0.001,adam,3472,168.39034152030945,0.008902301920735501,0.0,0.006736282468806584,0.07626512660880135,,,,
3472,0.001,adam,3473,168.41974329948425,0.008908104162525148,0.0,0.006687766177328908,0.07578576593581422,,,,
3473,0.001,adam,3474,168.47560167312622,0.00888355185256526,0.0,0.005360869144243349,0.06249224329499875,,,,
3474,0.001,adam,3475,168.50686478614807,0.008867915047560796,0.0,0.006349908819158928,0.07236700323915007,,,,
3475,0.001,adam,3476,168.54121947288513,0.00887988989936274,0.0,0.006652657679930002,0.07540646669866276,,,,
3476,0.001,adam,3477,168.5816023349762,0.00885833489032996,0.0,0.0060488830475704195,0.06934716536603415,,,,
3477,0.001,adam,3478,168.62209367752075,0.008884255343963933,0.0,0.005080124705060578,0.05968550239456971,,,,
3478,0.001,adam,3479,168.6504852771759,0.008897603421548397,0.0,0.015598665356579411,0.1648842569873425,,,,
3479,0.001,adam,3480,168.6833291053772,0.00888321645190778,0.0,0.004782124078415231,0.056704457236060095,0.00760485113578643,0.0,0.006303386357323255,0.07063871470901899
3480,0.001,adam,3481,168.73360443115234,0.008891817396907881,0.0,0.007529087602047934,0.08418269341738722,,,,
3481,0.001,adam,3482,168.77375888824463,0.008863007366009609,0.0,0.005735147472757819,0.0662144820935878,,,,
3482,0.001,adam,3483,168.8127589225769,0.00887287638400813,0.0,0.004235361723791042,0.05122649362191854,,,,
3483,0.001,adam,3484,168.84498238563538,0.008864522942334887,0.0,0.004331843136584688,0.052182954308181775,,,,
3484,0.001,adam,3485,168.87966418266296,0.008864263977360122,0.0,0.004270207442999337,0.05156633840735349,,,,
3485,0.001,adam,3486,168.90849781036377,0.00886891361979675,0.0,0.00348176387201065,0.04368655233990325,,,,
3486,0.001,adam,3487,168.9444224834442,0.00886324101425638,0.0,0.0037229001147127323,0.046092242161383704,,,,
3487,0.001,adam,3488,168.98619985580444,0.008868867644104921,0.0,0.004176908309958554,0.05063795074369046,,,,
3488,0.001,adam,3489,169.01895809173584,0.008866417749628383,0.0,0.003619889061177983,0.045065308361408214,,,,
3489,0.001,adam,3490,169.04675126075745,0.008873192348282904,0.0,0.0033013567434991495,0.0418867597832744,,,,
3490,0.001,adam,3491,169.08324265480042,0.008873653214828395,0.0,0.003951941486990707,0.04839306808473546,,,,
3491,0.001,adam,3492,169.12046003341675,0.0088873340977924,0.0,0.003755608629134411,0.046443420389136514,,,,
3492,0.001,adam,3493,169.1519227027893,0.008873454769860924,0.0,0.0035084395125356957,0.04395784989521788,,,,
3493,0.001,adam,3494,169.1859085559845,0.008880482338546786,0.0,0.003598089366043694,0.044861375998983724,,,,
3494,0.001,adam,3495,169.21939325332642,0.008875791951410174,0.0,0.009277107960963652,0.10164687156104668,,,,
3495,0.001,adam,3496,169.25147604942322,0.008871174989754167,0.0,0.003466717954415277,0.043538354533906934,,,,
3496,0.001,adam,3497,169.28165006637573,0.008884404353625405,0.0,0.004067653974277889,0.0495609440964043,,,,
3497,0.001,adam,3498,169.31286072731018,0.008872424476354838,0.0,0.003740017784106353,0.046272602317418365,,,,
3498,0.001,adam,3499,169.3474977016449,0.008879307376758624,0.0,0.003365468231762121,0.04253398969437984,,,,
3499,0.001,adam,3500,169.38166213035583,0.008887801296756407,0.0,0.003924647640315282,0.04813427769990923,0.007589512185103615,0.0,0.0037358339786318587,0.0449478519714222
3500,0.001,adam,3501,169.42271900177002,0.008881232069488865,0.0,0.004024213968467616,0.04912337175416502,,,,
3501,0.001,adam,3502,169.4554693698883,0.008897342112008204,0.0,0.003792069231692467,0.04681803442893288,,,,
3502,0.001,adam,3503,169.4879014492035,0.008886010167925448,0.0,0.0035450453376120496,0.04433646354404594,,,,
3503,0.001,adam,3504,169.51900386810303,0.00889010888224598,0.0,0.004322835141964585,0.05211846030189182,,,,
3504,0.001,adam,3505,169.55136680603027,0.008916175294835755,0.0,0.004713408212655988,0.05605025742139563,,,,
3505,0.001,adam,3506,169.58632063865662,0.00892222750152897,0.0,0.005403664155365187,0.06295886905518085,,,,
3506,0.001,adam,3507,169.6130063533783,0.008924350541444701,0.0,0.00807205061416984,0.0896448566831431,,,,
3507,0.001,adam,3508,169.65101981163025,0.008936510267769824,0.0,0.004840542052973511,0.05734193079750493,,,,
3508,0.001,adam,3509,169.68531227111816,0.008918734942867929,0.0,0.005495003728839369,0.06386877223126163,,,,
3509,0.001,adam,3510,169.71946835517883,0.00894582564878523,0.0,0.005109938785361399,0.06004521350239922,,,,
3510,0.001,adam,3511,169.75264644622803,0.008910961645530494,0.0,0.004564411248212716,0.05455507412765765,,,,
3511,0.001,adam,3512,169.78496670722961,0.008895814379106255,0.0,0.004608683883823845,0.05498265321734471,,,,
3512,0.001,adam,3513,169.82048392295837,0.00887501317987014,0.0,0.00368736816089705,0.04574869478884064,,,,
3513,0.001,adam,3514,169.86379718780518,0.008861868259613468,0.0,0.0031462078757206633,0.0403239470168201,,,,
3514,0.001,adam,3515,169.91014313697815,0.008887100735287024,0.0,0.004935716007833954,0.05824426081362656,,,,
3515,0.001,adam,3516,169.94993591308594,0.008880963375632763,0.0,0.004841129474504086,0.05729225812067362,,,,
3516,0.001,adam,3517,169.9825780391693,0.008890312828150863,0.0,0.0052555089173728425,0.06144540200187929,,,,
3517,0.001,adam,3518,170.0177412033081,0.008884442203992716,0.0,0.005071274241838476,0.05959718462237748,,,,
3518,0.001,adam,3519,170.05275535583496,0.008897724966036665,0.0,0.004101529974562835,0.04991302471166502,,,,
3519,0.001,adam,3520,170.08715891838074,0.008901088966526567,0.0,0.004940268821277248,0.05830377717929905,0.007586258434425102,0.0,0.003925288164199734,0.04683914007642245
3520,0.001,adam,3521,170.12927794456482,0.008913520669828399,0.0,0.0037865795119720095,0.0467793157895485,,,,
3521,0.001,adam,3522,170.1620888710022,0.008913246213865758,0.0,0.004048441680074682,0.04939766301461258,,,,
3522,0.001,adam,3523,170.19877171516418,0.008932511434708126,0.0,0.0035031568178340335,0.04396407961304846,,,,
3523,0.001,adam,3524,170.22886180877686,0.008927801752261016,0.0,0.0034761568152236787,0.0436893699044978,,,,
3524,0.001,adam,3525,170.2771511077881,0.008913068946042242,0.0,0.0033494273100743246,0.042407342046785486,,,,
3525,0.001,adam,3526,170.30475687980652,0.008891606223062093,0.0,0.0038163203298416603,0.0470548095214787,,,,
3526,0.001,adam,3527,170.34409475326538,0.008871455031260713,0.0,0.002921174442993714,0.038083199461197856,,,,
3527,0.001,adam,3528,170.3837275505066,0.008865710037194828,0.0,0.003408643990244903,0.04295214993964386,,,,
3528,0.001,adam,3529,170.42355918884277,0.008869628745889738,0.0,0.00369883406159304,0.045857969361820135,,,,
3529,0.001,adam,3530,170.46477508544922,0.00887012454980936,0.0,0.0047453218737168405,0.05632334328697776,,,,
3530,0.001,adam,3531,170.49178671836853,0.008863992049499598,0.0,0.005736290562270993,0.06622689767220952,,,,
3531,0.001,adam,3532,170.52336621284485,0.008872552288865698,0.0,0.00793066055061568,0.08817915779502251,,,,
3532,0.001,adam,3533,170.55976819992065,0.008881949915452677,0.0,0.009047690030883532,0.09935885022428799,,,,
3533,0.001,adam,3534,170.59660840034485,0.008906521167717283,0.0,0.010541571480241914,0.11432223597013642,,,,
3534,0.001,adam,3535,170.6279580593109,0.00886717121157944,0.0,0.011458386869469922,0.12345103990627866,,,,
3535,0.001,adam,3536,170.6636552810669,0.008887534602283783,0.0,0.012674353640853692,0.1356310710108207,,,,
3536,0.001,adam,3537,170.69515180587769,0.008858601356320897,0.0,0.01259444440423577,0.1348030453986786,,,,
3537,0.001,adam,3538,170.72886514663696,0.008889604601867033,0.0,0.012185510440691077,0.1307447090087778,,,,
3538,0.001,adam,3539,170.76115798950195,0.008844518269187831,0.0,0.00884798172744713,0.09732433554365913,,,,
3539,0.001,adam,3540,170.82164669036865,0.008841567615666863,0.0,0.0043909309480310065,0.05275087709597692,0.007526421854400676,0.0,0.003291124202355965,0.04043766387796033
3540,0.001,adam,3541,170.8779013156891,0.008834773501376174,0.0,0.0037091652890665515,0.04592642639204169,,,,
3541,0.001,adam,3542,170.93495845794678,0.008844552875678898,0.0,0.00755115643111524,0.0843561171868313,,,,
3542,0.001,adam,3543,170.97726917266846,0.008867887083544962,0.0,0.00786824067093794,0.08755029379292437,,,,
3543,0.001,adam,3544,171.0110890865326,0.00885712535896774,0.0,0.009067516714532145,0.09953229250428919,,,,
3544,0.001,adam,3545,171.04644918441772,0.008854327074164805,0.0,0.0077941126865560175,0.08679545393972499,,,,
3545,0.001,adam,3546,171.08486533164978,0.008837654493178805,0.0,0.006430657415169622,0.07314422864487502,,,,
3546,0.001,adam,3547,171.1192331314087,0.00888316955533426,0.0,0.006980397993228182,0.07868714948761608,,,,
3547,0.001,adam,3548,171.15392398834229,0.008860695478163762,0.0,0.005939883629862619,0.06825953177678995,,,,
3548,0.001,adam,3549,171.18728709220886,0.008898579984911984,0.0,0.004824244159374882,0.05714102157866081,,,,
3549,0.001,adam,3550,171.21979331970215,0.00889574459377055,0.0,0.004397446373562421,0.052870208329394756,,,,
3550,0.001,adam,3551,171.25332498550415,0.008885802934959738,0.0,0.0045554740880086346,0.05444054381504609,,,,
3551,0.001,adam,3552,171.28618836402893,0.008913034739042269,0.0,0.005817135473883905,0.06708438947788133,,,,
3552,0.001,adam,3553,171.31670570373535,0.008884111922827835,0.0,0.006075756263369405,0.06964167455652188,,,,
3553,0.001,adam,3554,171.3468086719513,0.008891861641521203,0.0,0.0045024493566871,0.05391635520839221,,,,
3554,0.001,adam,3555,171.3745083808899,0.008876875186391832,0.0,0.003568592865675578,0.04456280384314761,,,,
3555,0.001,adam,3556,171.4085078239441,0.00887091881090565,0.0,0.004969383188275715,0.058564750693662807,,,,
3556,0.001,adam,3557,171.44063925743103,0.008891579623266182,0.0,0.0040010071857997775,0.048901651481263964,,,,
3557,0.001,adam,3558,171.47381925582886,0.008869399481432526,0.0,0.005898712163651232,0.06785652111794485,,,,
3558,0.001,adam,3559,171.50371766090393,0.008869070914270659,0.0,0.009391322668542085,0.10278229759969151,,,,
3559,0.001,adam,3560,171.53790044784546,0.008854694622886568,0.0,0.004355760450320152,0.052412299126088094,0.007581879480940793,0.0,0.00549172925693892,0.06249917205032999
3560,0.001,adam,3561,171.5937306880951,0.008871741212749846,0.0,0.00546505647387447,0.06352230595149455,,,,
3561,0.001,adam,3562,171.63669157028198,0.008856636952368354,0.0,0.006312250390473745,0.0719791408571058,,,,
3562,0.001,adam,3563,171.6744740009308,0.008829548132150988,0.0,0.005054372433029392,0.059373272462444907,,,,
3563,0.001,adam,3564,171.71618151664734,0.008797427869982772,0.0,0.003668868306395032,0.04548611093393309,,,,
3564,0.001,adam,3565,171.75480341911316,0.008792119431370708,0.0,0.00305689451332267,0.03936106456459741,,,,
3565,0.001,adam,3566,171.78233647346497,0.008790004094720624,0.0,0.004679559739776064,0.05558560149248126,,,,
3566,0.001,adam,3567,171.82045722007751,0.008811375016119347,0.0,0.006431633286229921,0.07312770787841856,,,,
3567,0.001,adam,3568,171.860098361969,0.008817520674541795,0.0,0.005654079896919351,0.0653583196437353,,,,
3568,0.001,adam,3569,171.8913426399231,0.008820576418049175,0.0,0.005434877273645564,0.06316934915450481,,,,
3569,0.001,adam,3570,171.925683259964,0.008819697161433075,0.0,0.006199994025585529,0.07081963741728836,,,,
3570,0.001,adam,3571,171.95873522758484,0.008804938760422737,0.0,0.005067645548836763,0.05948139424879037,,,,
3571,0.001,adam,3572,171.99151062965393,0.008816060003867227,0.0,0.004692169520737321,0.055737755211240435,,,,
3572,0.001,adam,3573,172.02663159370422,0.008808050982650105,0.0,0.003984788865586535,0.04865593963851546,,,,
3573,0.001,adam,3574,172.07272148132324,0.008800567118180494,0.0,0.003070873918552396,0.03950930630370445,,,,
3574,0.001,adam,3575,172.1089859008789,0.008793940980825561,0.0,0.0035787802514128777,0.044581743494954335,,,,
3575,0.001,adam,3576,172.13919520378113,0.008796394311344068,0.0,0.003804738470023744,0.04684377901158151,,,,
3576,0.001,adam,3577,172.17151856422424,0.008801542266859782,0.0,0.003726121467596538,0.04606275694282516,,,,
3577,0.001,adam,3578,172.21130442619324,0.008798779982475552,0.0,0.0030852044801292114,0.03965082478376766,,,,
3578,0.001,adam,3579,172.25200581550598,0.0088194998330971,0.0,0.0039332442924510285,0.04815194275760738,,,,
3579,0.001,adam,3580,172.29299068450928,0.008832629865588337,0.0,0.003709973637567216,0.0459323662412605,0.007560654892781905,0.0,0.0032684392586266207,0.04024504747904811
3580,0.001,adam,3581,172.35275506973267,0.00883566234409743,0.0,0.0031990577122503307,0.04082623946660074,,,,
3581,0.001,adam,3582,172.39287638664246,0.008828083252687361,0.0,0.003158293789031088,0.040411021142998244,,,,
3582,0.001,adam,3583,172.43250489234924,0.008815144403787965,0.0,0.003726769556398988,0.046082839967777844,,,,
3583,0.001,adam,3584,172.47180318832397,0.008811752797796902,0.0,0.003630088346482234,0.04511263626261924,,,,
3584,0.001,adam,3585,172.51236963272095,0.00880738502389903,0.0,0.0028845333965369876,0.037652718989268905,,,,
3585,0.001,adam,3586,172.55135846138,0.008798139978095048,0.0,0.003482661981012941,0.04362475978822446,,,,
3586,0.001,adam,3587,172.61551666259766,0.008802067689509311,0.0,0.003072765647701587,0.039529724166525185,,,,
3587,0.001,adam,3588,172.64154243469238,0.008793786438205482,0.0,0.005071768384404989,0.05951147028225537,,,,
3588,0.001,adam,3589,172.67470574378967,0.008796642681192682,0.0,0.004838841009480575,0.05718505277599843,,,,
3589,0.001,adam,3590,172.6994228363037,0.008804932110773664,0.0,0.012397998860298638,0.13278492071376005,,,,
3590,0.001,adam,3591,172.7366588115692,0.008819431438116088,0.0,0.006197282588674256,0.07079225732485865,,,,
3591,0.001,adam,3592,172.79574179649353,0.008805512354847124,0.0,0.004710838114967463,0.05591389350452175,,,,
3592,0.001,adam,3593,172.8280327320099,0.008814297901016666,0.0,0.00401213357670867,0.04893563366810336,,,,
3593,0.001,adam,3594,172.8625247478485,0.008805309339136912,0.0,0.0031890227538179813,0.040695536877316724,,,,
3594,0.001,adam,3595,172.89468145370483,0.00881667634156667,0.0,0.002977169057274705,0.03858836691431372,,,,
3595,0.001,adam,3596,172.92852973937988,0.008816819745131965,0.0,0.0023412493365081452,0.03222931311021342,,,,
3596,0.001,adam,3597,172.9627721309662,0.008805860210094699,0.0,0.0035538705985186936,0.04434456619528163,,,,
3597,0.001,adam,3598,172.99586653709412,0.008806228130255604,0.0,0.0029400666619049673,0.038206894749305276,,,,
3598,0.001,adam,3599,173.0290105342865,0.008788595849110726,0.0,0.004012341184270914,0.04891200769181986,,,,
3599,0.001,adam,3600,173.061053276062,0.008787804325761707,0.0,0.003303578909021607,0.04182359341597777,0.007539724538839288,0.0,0.0037870875299673705,0.045410599838513
3600,0.001,adam,3601,173.1185817718506,0.008790783218738382,0.0,0.003725278013322239,0.046043563351960776,,,,
3601,0.001,adam,3602,173.1596827507019,0.008787244592638249,0.0,0.0035438349344739,0.04422559393737725,,,,
3602,0.001,adam,3603,173.1988754272461,0.008772181015727796,0.0,0.003226412784870343,0.04103630886443123,,,,
3603,0.001,adam,3604,173.2385151386261,0.008767394357818994,0.0,0.004227570311603021,0.051043097473849205,,,,
3604,0.001,adam,3605,173.27854180335999,0.008763157678515585,0.0,0.00502740145648012,0.05903717224331678,,,,
3605,0.001,adam,3606,173.30880880355835,0.008770587689342349,0.0,0.004270185178183871,0.05147243947118107,,,,
3606,0.001,adam,3607,173.3444640636444,0.008766880915656612,0.0,0.00273142635367108,0.03608114445236742,,,,
3607,0.001,adam,3608,173.38534259796143,0.008759586555880076,0.0,0.0031318018462104377,0.040077605017984456,,,,
3608,0.001,adam,3609,173.41945457458496,0.008767580690494782,0.0,0.0030153736753972477,0.03892131744446726,,,,
3609,0.001,adam,3610,173.4526195526123,0.00877767190753665,0.0,0.0034307707542218574,0.043085379449755226,,,,
3610,0.001,adam,3611,173.49204874038696,0.00877967132625291,0.0,0.005014057607837394,0.05892024740462685,,,,
3611,0.001,adam,3612,173.52359580993652,0.008771822246177357,0.0,0.004817057879591297,0.05694240104209032,,,,
3612,0.001,adam,3613,173.55614805221558,0.008760306321742064,0.0,0.006109788906198058,0.06985819538372265,,,,
3613,0.001,adam,3614,173.59021043777466,0.008782937973886433,0.0,0.007459784137901911,0.08338077935290554,,,,
3614,0.001,adam,3615,173.6211802959442,0.008749058113464872,0.0,0.008048752373519093,0.08923658184865581,,,,
3615,0.001,adam,3616,173.65712070465088,0.008757431847922527,0.0,0.006648949895843951,0.07524693080636202,,,,
3616,0.001,adam,3617,173.6869261264801,0.008759934912053985,0.0,0.005724819008085891,0.06600812499291289,,,,
3617,0.001,adam,3618,173.72082138061523,0.008762366943643338,0.0,0.0036113982790540117,0.04487634973418345,,,,
3618,0.001,adam,3619,173.7561137676239,0.008772219418392941,0.0,0.0031371324204841704,0.04014354362323465,,,,
3619,0.001,adam,3620,173.7897367477417,0.00875996705336652,0.0,0.005463370481173066,0.06339367186509717,0.0074892501925272114,0.0,0.004801890769801116,0.05550815789053837
3620,0.001,adam,3621,173.84029722213745,0.008767662156390136,0.0,0.004868587258101558,0.05745353473740572,,,,
3621,0.001,adam,3622,173.87643241882324,0.008759645317596975,0.0,0.006057813434470318,0.06933777966230015,,,,
3622,0.001,adam,3623,173.90124130249023,0.008772016863468162,0.0,0.017215964883473295,0.1809316656982011,,,,
3623,0.001,adam,3624,173.93648886680603,0.008767215161401477,0.0,0.006256828469169811,0.07133549985309959,,,,
3624,0.001,adam,3625,173.97225689888,0.008779708668392783,0.0,0.004250155947203275,0.05128126814042554,,,,
3625,0.001,adam,3626,174.01285767555237,0.008754015104531155,0.0,0.004448388782144275,0.0532379029259739,,,,
3626,0.001,adam,3627,174.05223512649536,0.008758268424214831,0.0,0.003865227248696089,0.04741054091117572,,,,
3627,0.001,adam,3628,174.08538365364075,0.008756075206939154,0.0,0.0033115489816356813,0.04187156502329597,,,,
3628,0.001,adam,3629,174.13646936416626,0.008750608730112458,0.0,0.005309453447700545,0.061845143207117904,,,,
3629,0.001,adam,3630,174.1723701953888,0.008740098011749098,0.0,0.003450719309680378,0.043247291108552875,,,,
3630,0.001,adam,3631,174.21518206596375,0.008743628032773785,0.0,0.0038421300227882206,0.04716492826065599,,,,
3631,0.001,adam,3632,174.26441502571106,0.008773841380718395,0.0,0.005738298311755127,0.06615682449826966,,,,
3632,0.001,adam,3633,174.30381393432617,0.008756126179099944,0.0,0.00813639805476658,0.09012010672676575,,,,
3633,0.001,adam,3634,174.33662223815918,0.008751852001225935,0.0,0.01088052415013207,0.11755709350254664,,,,
3634,0.001,adam,3635,174.36404037475586,0.008730509293752785,0.0,0.01197452195500597,0.1284757288438125,,,,
3635,0.001,adam,3636,174.39706444740295,0.008757165561402918,0.0,0.010617062240743057,0.1149277879688335,,,,
3636,0.001,adam,3637,174.43712949752808,0.008724974945085102,0.0,0.008920192777273002,0.09792690271781512,,,,
3637,0.001,adam,3638,174.4794089794159,0.008725058754009559,0.0,0.007155320510622421,0.08027826386023376,,,,
3638,0.001,adam,3639,174.51538801193237,0.008696687529935488,0.0,0.005353212838390712,0.06222881591384261,,,,
3639,0.001,adam,3640,174.54931449890137,0.00872361854551319,0.0,0.003659612918634188,0.04531974773185507,0.007495966280426174,0.0,0.004026818310346554,0.047764149383891716
3640,0.001,adam,3641,174.59512615203857,0.008739086571386698,0.0,0.004906552954277846,0.05780461611416515,,,,
3641,0.001,adam,3642,174.62546038627625,0.008736597811518422,0.0,0.004151301222918375,0.05024961004070217,,,,
3642,0.001,adam,3643,174.66055607795715,0.008732969410607352,0.0,0.003932385650052401,0.04805682591113136,,,,
3643,0.001,adam,3644,174.69538831710815,0.008714865963168632,0.0,0.0041057992364968475,0.049772858328137104,,,,
3644,0.001,adam,3645,174.72872972488403,0.008734931939321124,0.0,0.0053812798160430275,0.0625477300997514,,,,
3645,0.001,adam,3646,174.7647602558136,0.008744012422100787,0.0,0.004628674609556861,0.0550307585176694,,,,
3646,0.001,adam,3647,174.7979612350464,0.008750455726614616,0.0,0.0034600019692723532,0.04335047541933815,,,,
3647,0.001,adam,3648,174.83384895324707,0.008744407279317988,0.0,0.002701726412480736,0.035761671404125346,,,,
3648,0.001,adam,3649,174.88748049736023,0.008723778090064124,0.0,0.004030155775320498,0.0490253358432691,,,,
3649,0.001,adam,3650,174.92760753631592,0.008732441029059831,0.0,0.005257717273951756,0.06130961376857739,,,,
3650,0.001,adam,3651,174.96698093414307,0.008716236173604251,0.0,0.005908393005117656,0.0678001662247808,,,,
3651,0.001,adam,3652,175.00628638267517,0.008730478606093352,0.0,0.005322580078571598,0.06195627939180934,,,,
3652,0.001,adam,3653,175.0471112728119,0.008714217521822082,0.0,0.005038514628840368,0.05909936381022576,,,,
3653,0.001,adam,3654,175.08167433738708,0.008732051783894117,0.0,0.005746392244661448,0.06619597423050859,,,,
3654,0.001,adam,3655,175.1149036884308,0.008721061550514489,0.0,0.006804577803903431,0.07676683958954879,,,,
3655,0.001,adam,3656,175.1479320526123,0.00873565025609592,0.0,0.008382371911588875,0.09255936937198467,,,,
3656,0.001,adam,3657,175.18107557296753,0.008739453884962325,0.0,0.009519663783896156,0.10393609172392387,,,,
3657,0.001,adam,3658,175.21523141860962,0.008758063024649935,0.0,0.010206792246299322,0.11082598548764315,,,,
3658,0.001,adam,3659,175.24995613098145,0.008704760846431334,0.0,0.010535654848585495,0.1140613093322863,,,,
3659,0.001,adam,3660,175.28404641151428,0.008718917947951826,0.0,0.010413892122807081,0.11285783917602263,0.007499091140018684,0.0,0.008644955416359798,0.09394864530361667
3660,0.001,adam,3661,175.32866215705872,0.008724517907425997,0.0,0.008551527940978798,0.09423979731721398,,,,
3661,0.001,adam,3662,175.36014652252197,0.008756421178473094,0.0,0.00632862395982117,0.0720426607766848,,,,
3662,0.001,adam,3663,175.39285564422607,0.00873698751314781,0.0,0.0057078199989785364,0.06581518750293316,,,,
3663,0.001,adam,3664,175.42760467529297,0.00871052322015077,0.0,0.004650659204003229,0.05521711526018306,,,,
3664,0.001,adam,3665,175.46168303489685,0.008738782333561517,0.0,0.004591377658372336,0.05465255891728488,,,,
3665,0.001,adam,3666,175.49650382995605,0.008728623809330859,0.0,0.005984488457892404,0.0685735083882549,,,,
3666,0.001,adam,3667,175.53373408317566,0.008709463735839943,0.0,0.005835821293634795,0.0670676766721879,,,,
3667,0.001,adam,3668,175.570716381073,0.008671569502499383,0.0,0.0052468518035965386,0.06114008753846477,,,,
3668,0.001,adam,3669,175.61101174354553,0.008670622768899227,0.0,0.004261114080236277,0.05128176357126199,,,,
3669,0.001,adam,3670,175.6559727191925,0.008667329716888756,0.0,0.0036676980170597616,0.045344309887486375,,,,
3670,0.001,adam,3671,175.69201707839966,0.008684799294257113,0.0,0.005598464860519125,0.06466944789944837,,,,
3671,0.001,adam,3672,175.72421622276306,0.008691058551540204,0.0,0.006336385008129613,0.07205490863283634,,,,
3672,0.001,adam,3673,175.75887441635132,0.0086923659785312,0.0,0.005622655255571688,0.06491891853424807,,,,
3673,0.001,adam,3674,175.79027771949768,0.008713893826320367,0.0,0.004611936439029762,0.05483325821661798,,,,
3674,0.001,adam,3675,175.82281494140625,0.00870381842316588,0.0,0.003709966578033133,0.04580348420349721,,,,
3675,0.001,adam,3676,175.85979461669922,0.008711876647171424,0.0,0.004369850824913155,0.05241038489630297,,,,
3676,0.001,adam,3677,175.89098453521729,0.008726357104152253,0.0,0.004927282885196213,0.057999185956114384,,,,
3677,0.001,adam,3678,175.92413020133972,0.008694511449254566,0.0,0.0029983749247368863,0.03867826069662343,,,,
3678,0.001,adam,3679,175.95650386810303,0.008686733628740164,0.0,0.003330511561438948,0.041991849243129646,,,,
3679,0.001,adam,3680,175.98964262008667,0.00868401628924974,0.0,0.00468982171350336,0.05558223342428334,0.0074543050016590544,0.0,0.004715425480293728,0.054608559804596335
3680,0.001,adam,3681,176.03944301605225,0.00867844714463201,0.0,0.0048746843766019204,0.05742529091065121,,,,
3681,0.001,adam,3682,176.06605577468872,0.008682537378242615,0.0,0.003839341117214216,0.04707594855038477,,,,
3682,0.001,adam,3683,176.1294083595276,0.008668891204419413,0.0,0.004687460292139935,0.05554349412581876,,,,
3683,0.001,adam,3684,176.1593930721283,0.008686011096812024,0.0,0.006190285737147963,0.07058886846829165,,,,
3684,0.001,adam,3685,176.19530820846558,0.008682419011006104,0.0,0.0054999864457678845,0.06368228346868496,,,,
3685,0.001,adam,3686,176.23710942268372,0.008695034906438994,0.0,0.004126499332012505,0.04996002822656405,,,,
3686,0.001,adam,3687,176.2709710597992,0.008698010869542253,0.0,0.003594623838379299,0.04464424925333524,,,,
3687,0.001,adam,3688,176.30331993103027,0.008697469716843365,0.0,0.003136165266440734,0.0400591223812507,,,,
3688,0.001,adam,3689,176.33701157569885,0.00869667807832148,0.0,0.0035523782226386143,0.04422046030470762,,,,
3689,0.001,adam,3690,176.3712124824524,0.008683058863998326,0.0,0.0026747976307346607,0.03543103517134493,,,,
3690,0.001,adam,3691,176.40422558784485,0.008677181344785295,0.0,0.0029467216324580445,0.03814439766936574,,,,
3691,0.001,adam,3692,176.43834018707275,0.008677592128221778,0.0,0.00427101678272186,0.051387759955440385,,,,
3692,0.001,adam,3693,176.47215342521667,0.008664927162043978,0.0,0.003883000385628026,0.04749493101832424,,,,
3693,0.001,adam,3694,176.50147676467896,0.008671612318553276,0.0,0.0036638879722890273,0.04531049204144355,,,,
3694,0.001,adam,3695,176.53251934051514,0.008670384566640018,0.0,0.003290123593874408,0.04157162050538409,,,,
3695,0.001,adam,3696,176.5650224685669,0.008685049791247713,0.0,0.004298709324243892,0.051672143033686634,,,,
3696,0.001,adam,3697,176.5959894657135,0.008674238318026876,0.0,0.1873541006251893,1.88221524456992,,,,
3697,0.001,adam,3698,176.62751650810242,0.008684335861014608,0.0,0.0027177833926684456,0.035862169787699065,,,,
3698,0.001,adam,3699,176.6602966785431,0.008702481954495038,0.0,0.0031636097509926122,0.04033857946442116,,,,
3699,0.001,adam,3700,176.692950963974,0.008721142043164945,0.0,0.00411804945781547,0.04990163662131965,0.007479548063659561,0.0,0.004737245691534846,0.054852004979008016
3700,0.001,adam,3701,176.7430760860443,0.008733825736621162,0.0,0.0049480298619123874,0.05821412435574504,,,,
3701,0.001,adam,3702,176.7742726802826,0.008725835606081983,0.0,0.004525280743823843,0.053978643044320415,,,,
3702,0.001,adam,3703,176.80447554588318,0.008727478784552906,0.0,0.003778813131605249,0.0465156101006054,,,,
3703,0.001,adam,3704,176.83847498893738,0.008706109424513806,0.0,0.004675880886879616,0.05546491829330996,,,,
3704,0.001,adam,3705,176.86612010002136,0.008689953251332677,0.0,0.004308363556709343,0.0517735888184261,,,,
3705,0.001,adam,3706,176.8986256122589,0.008667216564478613,0.0,0.004113915915219727,0.04980637571667589,,,,
3706,0.001,adam,3707,176.9361698627472,0.008672177413901958,0.0,0.004744621042771202,0.05611838784161397,,,,
3707,0.001,adam,3708,176.97100043296814,0.00867074561780813,0.0,0.003944141421524572,0.04811215983305385,,,,
3708,0.001,adam,3709,177.00426483154297,0.00866859195911784,0.0,0.004961065323511164,0.05827924519422947,,,,
3709,0.001,adam,3710,177.0343463420868,0.008655129431067502,0.0,0.004348453346861415,0.05213966289968165,,,,
3710,0.001,adam,3711,177.06740021705627,0.008640678520105957,0.0,0.003021149259998743,0.038852171120093384,,,,
3711,0.001,adam,3712,177.10195183753967,0.008628392491918067,0.0,0.0032499088549308567,0.041127481041226634,,,,
3712,0.001,adam,3713,177.1356270313263,0.008628705010149158,0.0,0.0032227506770036566,0.040856211780185725,,,,
3713,0.001,adam,3714,177.16978359222412,0.00863594155277525,0.0,0.004169914874898121,0.050335090301756466,,,,
3714,0.001,adam,3715,177.20344614982605,0.008627175850194924,0.0,0.003244997010994337,0.04107714596013829,,,,
3715,0.001,adam,3716,177.23721766471863,0.008632525304548319,0.0,0.0031427308433647576,0.040059833738195896,,,,
3716,0.001,adam,3717,177.2694809436798,0.008623733380581115,0.0,0.003085363239069009,0.03947736577127121,,,,
3717,0.001,adam,3718,177.3019573688507,0.008628271550898068,0.0,0.0033566204175283125,0.042194475726181194,,,,
3718,0.001,adam,3719,177.3353362083435,0.008628443477486562,0.0,0.002683043734860248,0.03545888082608904,,,,
3719,0.001,adam,3720,177.36922955513,0.008629949253070542,0.0,0.00284078745206949,0.03703782377376544,0.007405961150411687,0.0,0.0032587454852930167,0.03999341600334185
3720,0.001,adam,3721,177.42737793922424,0.00862157938854193,0.0,0.0029814023931127856,0.03843560331966979,,,,
3721,0.001,adam,3722,177.46464157104492,0.008585578817712769,0.0,0.003701250060691057,0.045598079424623336,,,,
3722,0.001,adam,3723,177.50238347053528,0.008570983968753458,0.0,0.003825989567351487,0.04683087964226833,,,,
3723,0.001,adam,3724,177.53411984443665,0.008549879785961683,0.0,0.004350974403748296,0.05205962382344464,,,,
3724,0.001,adam,3725,177.56720972061157,0.008567377009901516,0.0,0.0047022629545356385,0.0555900065552579,,,,
3725,0.001,adam,3726,177.6048707962036,0.008571451732660716,0.0,0.004580963483196658,0.0543810865646273,,,,
3726,0.001,adam,3727,177.64676117897034,0.008576086176954812,0.0,0.003993730104106178,0.04851338721801658,,,,
3727,0.001,adam,3728,177.68098616600037,0.008595550838361526,0.0,0.004428609410121543,0.05288164493957695,,,,
3728,0.001,adam,3729,177.71546530723572,0.008616440069980535,0.0,0.005557411222445563,0.06419055229443617,,,,
3729,0.001,adam,3730,177.74971103668213,0.008618947985443541,0.0,0.006086680903512662,0.06948575702057017,,,,
3730,0.001,adam,3731,177.7817211151123,0.008640510434987578,0.0,0.008955071278096284,0.09819122321595042,,,,
3731,0.001,adam,3732,177.81527662277222,0.008602205731569283,0.0,0.01077735471606687,0.11637575289223798,,,,
3732,0.001,adam,3733,177.8501012325287,0.008619771285053465,0.0,0.01384242461136614,0.14704401739871487,,,,
3733,0.001,adam,3734,177.88246774673462,0.008605438400144808,0.0,0.015913081635988115,0.16773625476002596,,,,
3734,0.001,adam,3735,177.91400241851807,0.008653262059024065,0.0,0.016865983794566643,0.17731310000469047,,,,
3735,0.001,adam,3736,177.9475519657135,0.008602191659268541,0.0,0.02005130727321014,0.20911526439136993,,,,
3736,0.001,adam,3737,177.98346376419067,0.00863328427242555,0.0,0.01870105763937195,0.19564386066614506,,,,
3737,0.001,adam,3738,178.0160415172577,0.008587465580812765,0.0,0.012499607575056792,0.13358354133138067,,,,
3738,0.001,adam,3739,178.05007004737854,0.008594009850354226,0.0,0.0067927642862792206,0.07652165271314644,,,,
3739,0.001,adam,3740,178.08214116096497,0.008581186240219606,0.0,0.004291509519874074,0.051496281438960345,0.007380422882825661,0.0,0.0036594678020708217,0.043975100903533876
3740,0.001,adam,3741,178.1277265548706,0.008577219334394634,0.0,0.0037688163890018398,0.04626538322441303,,,,
3741,0.001,adam,3742,178.16095614433289,0.008610289118748674,0.0,0.005432866705627542,0.0629389561750241,,,,
3742,0.001,adam,3743,178.1928231716156,0.008584492115106243,0.0,0.005562302647995456,0.0642075185950608,,,,
3743,0.001,adam,3744,178.22525691986084,0.008619001497122136,0.0,0.004782556918449287,0.056444570681615014,,,,
3744,0.001,adam,3745,178.25890135765076,0.00860454207168625,0.0,0.004548251461832008,0.054087056690006324,,,,
3745,0.001,adam,3746,178.29435682296753,0.008631165673535472,0.0,0.0035647199475515963,0.04427836514905144,,,,
3746,0.001,adam,3747,178.32984399795532,0.00862081420888636,0.0,0.004422593893889088,0.05284675314777723,,,,
3747,0.001,adam,3748,178.37058019638062,0.008610257108156816,0.0,0.005744740068833909,0.0660576577964959,,,,
3748,0.001,adam,3749,178.41120672225952,0.008663710784548358,0.0,0.006012318561758973,0.06878689640213809,,,,
3749,0.001,adam,3750,178.45040035247803,0.008617783899182881,0.0,0.004290969317771079,0.051527477076893674,,,,
3750,0.001,adam,3751,178.4896194934845,0.008664136935741494,0.0,0.0035001519040222654,0.04366565597596415,,,,
3751,0.001,adam,3752,178.52867031097412,0.008643294523417453,0.0,0.003239806081056214,0.04104135533397959,,,,
3752,0.001,adam,3753,178.5684266090393,0.008650819734990222,0.0,0.003690925485202455,0.045560074587014776,,,,
3753,0.001,adam,3754,178.60754680633545,0.008633302447217817,0.0,0.0036613900415297606,0.04524720286251542,,,,
3754,0.001,adam,3755,178.64678239822388,0.008609679895681623,0.0,0.0034399186659803517,0.04300886655548514,,,,
3755,0.001,adam,3756,178.68695497512817,0.00863849827898939,0.0,0.0032456448009296757,0.041094946288286145,,,,
3756,0.001,adam,3757,178.72807669639587,0.008597621529048253,0.0,0.00330079048379353,0.04160552636698356,,,,
3757,0.001,adam,3758,178.76937413215637,0.008575947291878182,0.0,0.003903426048994895,0.04761020778182713,,,,
3758,0.001,adam,3759,178.80843925476074,0.008569834078474298,0.0,0.0030334209394332554,0.03890404347280685,,,,
3759,0.001,adam,3760,178.84865975379944,0.008572561982620859,0.0,0.005172760603690647,0.06030016801952733,0.007384233978774556,0.0,0.00417706200421984,0.049154854020972964
3760,0.001,adam,3761,178.89138197898865,0.008579686908212453,0.0,0.0041681257443169735,0.05026094435138219,,,,
3761,0.001,adam,3762,178.9252631664276,0.008570346071693663,0.0,0.0038355742955669112,0.046926089027362776,,,,
3762,0.001,adam,3763,178.95730638504028,0.008585066265037779,0.0,0.003683439017286373,0.04541945643790151,,,,
3763,0.001,adam,3764,178.99080157279968,0.00858656165474294,0.0,0.004698147057881135,0.0555680322335543,,,,
3764,0.001,adam,3765,179.0254852771759,0.008592494067391074,0.0,0.004551607629458334,0.054108570361974404,,,,
3765,0.001,adam,3766,179.06039476394653,0.008582099841845733,0.0,0.00600800863657895,0.06866218620763523,,,,
3766,0.001,adam,3767,179.0986716747284,0.008569979595658668,0.0,0.007618677569358918,0.08475675528924785,,,,
3767,0.001,adam,3768,179.1376428604126,0.00857958913370047,0.0,0.007105447998536542,0.07963406911906588,,,,
3768,0.001,adam,3769,179.17024540901184,0.008550437755135632,0.0,0.0046547230785879325,0.05509766854101496,,,,
3769,0.001,adam,3770,179.20599365234375,0.008573139533898804,0.0,0.003776900124944603,0.04634214078334484,,,,
3770,0.001,adam,3771,179.23414993286133,0.008571998748228745,0.0,0.0038380203084237992,0.04695220183246674,,,,
3771,0.001,adam,3772,179.26793575286865,0.008562158613512772,0.0,0.004248076052592503,0.0510429191394378,,,,
3772,0.001,adam,3773,179.3153154850006,0.008566690368476529,0.0,0.004207696469672456,0.05064365506520109,,,,
3773,0.001,adam,3774,179.3519628047943,0.008560054817289739,0.0,0.003837565019473367,0.04693570501202341,,,,
3774,0.001,adam,3775,179.38400268554688,0.008564372232614522,0.0,0.0027577536972165405,0.03614190920477993,,,,
3775,0.001,adam,3776,179.41561222076416,0.0085594837419311,0.0,0.0031125331093085043,0.03968481483501614,,,,
3776,0.001,adam,3777,179.44713759422302,0.00855386063935388,0.0,0.003936334659109133,0.047917207230445215,,,,
3777,0.001,adam,3778,179.48048305511475,0.008554825288751379,0.0,0.003755998546390679,0.04611481075265817,,,,
3778,0.001,adam,3779,179.5137972831726,0.008547044759739237,0.0,0.003787960725374632,0.04642665201348556,,,,
3779,0.001,adam,3780,179.5468430519104,0.008550230155707685,0.0,0.003600888912291758,0.04455911927862527,0.0073373554690967634,0.0,0.003397808915783054,0.04131544462692731
3780,0.001,adam,3781,179.59371542930603,0.008531108587882525,0.0,0.0031033604705746507,0.03956471329362903,,,,
3781,0.001,adam,3782,179.62340092658997,0.00852583408249795,0.0,0.005143891266266376,0.05996474674516171,,,,
3782,0.001,adam,3783,179.6528925895691,0.008506781890720733,0.0,0.002973679691514782,0.03824357880586855,,,,
3783,0.001,adam,3784,179.69149708747864,0.008499928188428851,0.0,0.0030343383182165904,0.038843311370594755,,,,
3784,0.001,adam,3785,179.72424602508545,0.008501048210004348,0.0,0.004728738251478874,0.05578843072479309,,,,
3785,0.001,adam,3786,179.75584650039673,0.008503271654396932,0.0,0.003616328772614731,0.04466655938054424,,,,
3786,0.001,adam,3787,179.78604745864868,0.00852366285535395,0.0,0.0034190510575888068,0.042714173431242015,,,,
3787,0.001,adam,3788,179.81363821029663,0.008524291749540542,0.0,0.0032385089626019202,0.040909381375559745,,,,
3788,0.001,adam,3789,179.85485744476318,0.008539581647694965,0.0,0.0034452161332077097,0.04299174297977206,,,,
3789,0.001,adam,3790,179.88794803619385,0.008549965890886352,0.0,0.0041006380384475665,0.04955634627536202,,,,
3790,0.001,adam,3791,179.91839694976807,0.008545240887515316,0.0,0.004717631302500732,0.055721553912522634,,,,
3791,0.001,adam,3792,179.95065689086914,0.008564342438604993,0.0,0.004719593452859728,0.05576027696720228,,,,
3792,0.001,adam,3793,179.98497128486633,0.008565726855723002,0.0,0.0058839532845979545,0.06740525970170255,,,,
3793,0.001,adam,3794,180.020494222641,0.008557642020569151,0.0,0.006653036875657064,0.0750880107771398,,,,
3794,0.001,adam,3795,180.05283904075623,0.00855005987949659,0.0,0.012786691122271852,0.1364169711022151,,,,
3795,0.001,adam,3796,180.08550834655762,0.008517489390689593,0.0,0.003345201250010693,0.041969501890796526,,,,
3796,0.001,adam,3797,180.11978888511658,0.008506781892002598,0.0,0.0035550359573382666,0.044057141465385266,,,,
3797,0.001,adam,3798,180.15153622627258,0.008504459914870515,0.0,0.004057040807772616,0.04907486799259668,,,,
3798,0.001,adam,3799,180.18466305732727,0.008516496745197178,0.0,0.005163717097686835,0.06015366772206553,,,,
3799,0.001,adam,3800,180.21840596199036,0.00852757991470461,0.0,0.0061041212012148596,0.06956879192685321,0.0072834979239171415,0.0,0.0047425639292092096,0.054709137216009236
3800,0.001,adam,3801,180.2654733657837,0.008525467598304368,0.0,0.004692908787895108,0.05545455547725544,,,,
3801,0.001,adam,3802,180.2917206287384,0.008530031327968226,0.0,0.004115785368174564,0.04968788500971387,,,,
3802,0.001,adam,3803,180.32486176490784,0.008526509903427593,0.0,0.0032900020711252066,0.04142653061467966,,,,
3803,0.001,adam,3804,180.3600630760193,0.008528075795366291,0.0,0.003346590357894435,0.04199397937431064,,,,
3804,0.001,adam,3805,180.39348030090332,0.008526002093200145,0.0,0.003069070580791764,0.03921670790111779,,,,
3805,0.001,adam,3806,180.4273543357849,0.008521455128988739,0.0,0.0032037997792414554,0.0405594529214033,,,,
3806,0.001,adam,3807,180.46233081817627,0.008523677850915536,0.0,0.005210323725332061,0.06062691510423615,,,,
3807,0.001,adam,3808,180.50035095214844,0.008514484868929506,0.0,0.00523469815868916,0.06086146645582111,,,,
3808,0.001,adam,3809,180.53692960739136,0.008525791777648242,0.0,0.004922510250122093,0.057750894278869175,,,,
3809,0.001,adam,3810,180.57005429267883,0.008536777726152477,0.0,0.004998292934421516,0.058519707070367646,,,,
3810,0.001,adam,3811,180.60260272026062,0.008541022021230233,0.0,0.0048028186149196754,0.05656920817042699,,,,
3811,0.001,adam,3812,180.63418459892273,0.008554198577297268,0.0,0.004319210084130332,0.05174629941860058,,,,
3812,0.001,adam,3813,180.66754031181335,0.008544463573362566,0.0,0.0034516741684540012,0.04306120525790258,,,,
3813,0.001,adam,3814,180.70272183418274,0.008543826381738662,0.0,0.0027365092313119607,0.035908918694858266,,,,
3814,0.001,adam,3815,180.73482942581177,0.008542994069488651,0.0,0.002982683955175137,0.038369833621240024,,,,
3815,0.001,adam,3816,180.76875281333923,0.008527619439036025,0.0,0.004058364271857193,0.04911126215760795,,,,
3816,0.001,adam,3817,180.8009958267212,0.008537959869783007,0.0,0.004156432230163915,0.05010228217142215,,,,
3817,0.001,adam,3818,180.83462166786194,0.008528976204520674,0.0,0.00397035058086702,0.04823248201319087,,,,
3818,0.001,adam,3819,180.86818957328796,0.00853822722628431,0.0,0.0032943753976963975,0.04148198120324828,,,,
3819,0.001,adam,3820,180.90152883529663,0.008536613854444201,0.0,0.003349620734557881,0.04203282120002301,0.007292874440156676,0.0,0.0034823850447592455,0.04211672488774913
3820,0.001,adam,3821,180.94138097763062,0.008522810378662782,0.0,0.003490785116883441,0.04343066154749719,,,,
3821,0.001,adam,3822,180.97388172149658,0.008514663212075115,0.0,0.01392640344177358,0.1477786976298109,,,,
3822,0.001,adam,3823,181.008380651474,0.008518177258661488,0.0,0.0026611546155076013,0.035129723413737504,,,,
3823,0.001,adam,3824,181.0477111339569,0.008520043875678411,0.0,0.003716000107436855,0.04568004495004696,,,,
3824,0.001,adam,3825,181.08645629882812,0.008529507806892543,0.0,0.0035688312997606297,0.04421782080449884,,,,
3825,0.001,adam,3826,181.1257939338684,0.008523330914669116,0.0,0.003342607176539854,0.04194940268006765,,,,
3826,0.001,adam,3827,181.16568684577942,0.008531296790897537,0.0,0.0029882164348963534,0.03841346113986107,,,,
3827,0.001,adam,3828,181.20011162757874,0.008537975455167145,0.0,0.0031197626766890315,0.03973560222205746,,,,
3828,0.001,adam,3829,181.23022866249084,0.008533263300145076,0.0,0.0026424002974639884,0.03495726627478496,,,,
3829,0.001,adam,3830,181.25693821907043,0.008538226839942027,0.0,0.00360475310228238,0.04458575786276583,,,,
3830,0.001,adam,3831,181.2945454120636,0.008536512371765108,0.0,0.003144425914609826,0.03998077151786337,,,,
3831,0.001,adam,3832,181.33276176452637,0.008533748518619651,0.0,0.0036564081753276438,0.045097830271896094,,,,
3832,0.001,adam,3833,181.36275959014893,0.008510390474654527,0.0,0.0034523218648753453,0.04303360912340798,,,,
3833,0.001,adam,3834,181.39584636688232,0.008513056529205079,0.0,0.0027615187468899363,0.036128243998104444,,,,
3834,0.001,adam,3835,181.42949962615967,0.008507226381519711,0.0,0.0024899181641428263,0.033406408022947975,,,,
3835,0.001,adam,3836,181.46291160583496,0.008501391111416222,0.0,0.0027916637348655736,0.03641802846007196,,,,
3836,0.001,adam,3837,181.49640488624573,0.008499131877074137,0.0,0.00296242854350334,0.038123417312107534,,,,
3837,0.001,adam,3838,181.53411483764648,0.008491950081406355,0.0,0.0033634204088845874,0.04212615417025223,,,,
3838,0.001,adam,3839,181.5633101463318,0.008502167899013221,0.0,0.0046416932445101765,0.05491910034411499,,,,
3839,0.001,adam,3840,181.59628701210022,0.008491407389929866,0.0,0.005684314140604396,0.06533454879597383,0.00727403752316708,0.0,0.005448636671892956,0.06176040424209664
3840,0.001,adam,3841,181.63904476165771,0.008502234340407765,0.0,0.005397270978371387,0.062474944124121634,,,,
3841,0.001,adam,3842,181.67133378982544,0.008492072730168363,0.0,0.006233895041674998,0.07083102314691835,,,,
3842,0.001,adam,3843,181.70565962791443,0.008508441926009943,0.0,0.007379694065428513,0.08230538258029507,,,,
3843,0.001,adam,3844,181.7394895553589,0.008477324546619236,0.0,0.009670447645078769,0.10518180099740691,,,,
3844,0.001,adam,3845,181.76882481575012,0.008500804350772575,0.0,0.009816602639094387,0.10666683074171646,,,,
3845,0.001,adam,3846,181.80200481414795,0.008486249728289139,0.0,0.01108255068779091,0.11931175660619824,,,,
3846,0.001,adam,3847,181.8360345363617,0.008519310193066917,0.0,0.011535541168586272,0.12387472187892963,,,,
3847,0.001,adam,3848,181.87162137031555,0.00847247366943754,0.0,0.010867804100461748,0.11715051467405502,,,,
3848,0.001,adam,3849,181.9088113307953,0.008501189338607332,0.0,0.009935417330262684,0.10785536264123416,,,,
3849,0.001,adam,3850,181.9441692829132,0.008482373239943686,0.0,0.00766493433248059,0.08513171656474959,,,,
3850,0.001,adam,3851,181.97957801818848,0.008476354793797118,0.0,0.003800814017807802,0.04648449497187514,,,,
3851,0.001,adam,3852,182.0118224620819,0.008485963255571662,0.0,0.004616844390463251,0.05465440716020417,,,,
3852,0.001,adam,3853,182.04184103012085,0.00845133607508931,0.0,0.006920763377886038,0.0776589698539497,,,,
3853,0.001,adam,3854,182.08246207237244,0.00846997576541342,0.0,0.008287865866544716,0.09134863443086058,,,,
3854,0.001,adam,3855,182.11126494407654,0.008435472316231409,0.0,0.007406848225194118,0.08250395456817258,,,,
3855,0.001,adam,3856,182.14342331886292,0.008439436478286272,0.0,0.008465808568417697,0.09309752216246323,,,,
3856,0.001,adam,3857,182.16947317123413,0.008461971199253137,0.0,0.008795385998915616,0.09641583118840931,,,,
3857,0.001,adam,3858,182.20347666740417,0.008491944580125414,0.0,0.009251689840059283,0.10100884298071824,,,,
3858,0.001,adam,3859,182.23993229866028,0.00849172008047928,0.0,0.008478058381295828,0.09327230389343756,,,,
3859,0.001,adam,3860,182.2730040550232,0.00849380377992833,0.0,0.005819632200162475,0.06669012578155308,0.00731114761585165,0.0,0.004810157309740127,0.055412720713252914
3860,0.001,adam,3861,182.31476950645447,0.008496138972487488,0.0,0.004283218783602373,0.05132832680851122,,,,
3861,0.001,adam,3862,182.34988260269165,0.008476971763100133,0.0,0.0066853154693852805,0.07533012645695294,,,,
3862,0.001,adam,3863,182.3831331729889,0.00849776012417684,0.0,0.005963049530370703,0.06812825542788387,,,,
3863,0.001,adam,3864,182.41664052009583,0.008455194545246097,0.0,0.005133119655060995,0.059786391095856053,,,,
3864,0.001,adam,3865,182.45089673995972,0.00845819825356397,0.0,0.005784877578488664,0.06630697403845061,,,,
3865,0.001,adam,3866,182.4833767414093,0.00842591010474109,0.0,0.008932982624121524,0.09775573634595633,,,,
3866,0.001,adam,3867,182.51696729660034,0.008458732428999093,0.0,0.009166873726653755,0.10012746969553665,,,,
3867,0.001,adam,3868,182.5498378276825,0.008501267032270316,0.0,0.010188228902624672,0.11038355605851703,,,,
3868,0.001,adam,3869,182.58637714385986,0.008518097808717007,0.0,0.00805694991612081,0.08908759696992512,,,,
3869,0.001,adam,3870,182.6181743144989,0.008471026063887584,0.0,0.0057565571286655945,0.06603659735054353,,,,
3870,0.001,adam,3871,182.65128993988037,0.00848218052451591,0.0,0.0044214784321449496,0.05269696484596541,,,,
3871,0.001,adam,3872,182.67761301994324,0.008477414637899548,0.0,0.0039442058640370625,0.047919473278270175,,,,
3872,0.001,adam,3873,182.71936345100403,0.008464991599576041,0.0,0.004155589570484644,0.05002088730442248,,,,
3873,0.001,adam,3874,182.77237510681152,0.008442922449676336,0.0,0.00499806818764592,0.05842360432613554,,,,
3874,0.001,adam,3875,182.80345964431763,0.008419288452799854,0.0,0.004988409812457105,0.0583033865773709,,,,
3875,0.001,adam,3876,182.83997774124146,0.008434675667632802,0.0,0.004491979278937354,0.05335446845700634,,,,
3876,0.001,adam,3877,182.86818718910217,0.008387151195473053,0.0,0.15707612580669256,1.5791484092623986,,,,
3877,0.001,adam,3878,182.9059603214264,0.008423654621412908,0.0,0.0033636664102160976,0.04206031872357389,,,,
3878,0.001,adam,3879,182.9359941482544,0.008454444360834746,0.0,0.004261522743770753,0.05106967179854227,,,,
3879,0.001,adam,3880,182.97136235237122,0.008481090986759863,0.0,0.00521283999806109,0.06060949096737076,0.007282777779497598,0.0,0.004286313864253881,0.050145916422036405
3880,0.001,adam,3881,183.01716828346252,0.008495230537209233,0.0,0.004216920877992025,0.05066443931712949,,,,
3881,0.001,adam,3882,183.04723072052002,0.008507110486090253,0.0,0.0030921133142046957,0.03942824362813721,,,,
3882,0.001,adam,3883,183.08030343055725,0.008529982344939537,0.0,0.15264295602933223,1.5349595426382618,,,,
3883,0.001,adam,3884,183.11191201210022,0.008559507305296315,0.0,0.0053906747673348535,0.06246625497864485,,,,
3884,0.001,adam,3885,183.1464602947235,0.00855646353109966,0.0,0.005818523037239487,0.06674169390349453,,,,
3885,0.001,adam,3886,183.17958879470825,0.008557062225103072,0.0,0.003773349173073612,0.04629055395583919,,,,
3886,0.001,adam,3887,183.20868253707886,0.008546667774641742,0.0,0.0035541114817071798,0.04408778259171354,,,,
3887,0.001,adam,3888,183.25919008255005,0.008549750754373472,0.0,0.004677110228634656,0.05532085304072004,,,,
3888,0.001,adam,3889,183.28586602210999,0.008535764731210774,0.0,0.0040232472622261485,0.04876823735347226,,,,
3889,0.001,adam,3890,183.3244652748108,0.008543100752157334,0.0,0.0032913906052347746,0.04145700680450508,,,,
3890,0.001,adam,3891,183.3576328754425,0.008536636404323526,0.0,0.004712302642159217,0.055659662825915696,,,,
3891,0.001,adam,3892,183.39013123512268,0.008528507193081528,0.0,0.004464412784170392,0.05317263503478545,,,,
3892,0.001,adam,3893,183.42355704307556,0.008541720356174084,0.0,0.0046244094039595346,0.05478581439576943,,,,
3893,0.001,adam,3894,183.4727737903595,0.008524495291166159,0.0,0.004308019097987854,0.0516046862710447,,,,
3894,0.001,adam,3895,183.51134610176086,0.0085332454501176,0.0,0.004122221519256812,0.04975546064268572,,,,
3895,0.001,adam,3896,183.55180621147156,0.008521694228433746,0.0,0.004723594347173404,0.05575763770016779,,,,
3896,0.001,adam,3897,183.58777046203613,0.00852250272279916,0.0,0.004766726116882662,0.056189763891625784,,,,
3897,0.001,adam,3898,183.63478469848633,0.0085092876987663,0.0,0.00441016990509255,0.05261098674969179,,,,
3898,0.001,adam,3899,183.66419672966003,0.008519495527751976,0.0,0.006480953229981472,0.0733290278275667,,,,
3899,0.001,adam,3900,183.69598746299744,0.008518858195026858,0.0,0.004811380262336492,0.05663266081839177,0.0073429618044447975,0.0,0.004675009043473566,0.054093052239180456
3900,0.001,adam,3901,183.73974752426147,0.008536173111704305,0.0,0.0046493551474938105,0.05502972458664241,,,,
3901,0.001,adam,3902,183.76669883728027,0.008520015849094665,0.0,0.004374321857855021,0.05226323442764487,,,,
3902,0.001,adam,3903,183.81285691261292,0.008483822422720897,0.0,0.005045135498501582,0.05893517740773672,,,,
3903,0.001,adam,3904,183.841481924057,0.00847410374054056,0.0,0.0037444450927487426,0.04591855466802798,,,,
3904,0.001,adam,3905,183.87353467941284,0.008475555498152574,0.0,0.0034012345796614668,0.04248790129476725,,,,
3905,0.001,adam,3906,183.90558552742004,0.008484503301342605,0.0,0.004783655487676284,0.056321058178105454,,,,
3906,0.001,adam,3907,183.9382655620575,0.008477387738044804,0.0,0.006483234549422036,0.07330973323226517,,,,
3907,0.001,adam,3908,183.97970294952393,0.008476648879030385,0.0,0.0076954803904931614,0.085431452783962,,,,
3908,0.001,adam,3909,184.02996444702148,0.008446484474954502,0.0,0.007522719533016579,0.08367367980512029,,,,
3909,0.001,adam,3910,184.06987714767456,0.008451215895501482,0.0,0.006825632660271372,0.0767075424982152,,,,
3910,0.001,adam,3911,184.1046597957611,0.008442371648957165,0.0,0.006262940463871959,0.07107177628767676,,,,
3911,0.001,adam,3912,184.1365668773651,0.008460286250376549,0.0,0.005902086752453812,0.06748115377491466,,,,
3912,0.001,adam,3913,184.16557121276855,0.00844625233737172,0.0,0.005876253029037305,0.06720878262774477,,,,
3913,0.001,adam,3914,184.21571493148804,0.008454990260555248,0.0,0.006797886160972497,0.07643385187028022,,,,
3914,0.001,adam,3915,184.25063610076904,0.00845451909935068,0.0,0.006320186217387428,0.07165638127322495,,,,
3915,0.001,adam,3916,184.2879683971405,0.008437148566704125,0.0,0.006595608865692865,0.07439323722363277,,,,
3916,0.001,adam,3917,184.33242392539978,0.008426280631162717,0.0,0.00624911662038561,0.07091744683501881,,,,
3917,0.001,adam,3918,184.3666181564331,0.008444253458670158,0.0,0.006512964239306647,0.07357389585173663,,,,
3918,0.001,adam,3919,184.4016830921173,0.008437215679729191,0.0,0.00500053918436187,0.0584426075233479,,,,
3919,0.001,adam,3920,184.4376585483551,0.00841138901915102,0.0,0.004385403993681343,0.05226542895596445,0.007231310570603361,0.0,0.004008704948808987,0.047318360058693235
3920,0.001,adam,3921,184.50059294700623,0.008418125828448645,0.0,0.004089843835145738,0.04931656417990603,,,,
3921,0.001,adam,3922,184.53646397590637,0.008404480104107855,0.0,0.0049284068763154176,0.05768854886726203,,,,
3922,0.001,adam,3923,184.58592581748962,0.008427227033399239,0.0,0.005873279419049413,0.06716002122389336,,,,
3923,0.001,adam,3924,184.62303972244263,0.00840380720695558,0.0,0.005171033620725868,0.060114143414214255,,,,
3924,0.001,adam,3925,184.66357469558716,0.008362832813792138,0.0,0.003844883287526214,0.04681166568905428,,,,
3925,0.001,adam,3926,184.70526099205017,0.008375366373311275,0.0,0.004213297160829149,0.050508337981602765,,,,
3926,0.001,adam,3927,184.73955845832825,0.008377006030591308,0.0,0.006840553550479353,0.07678254153538484,,,,
3927,0.001,adam,3928,184.77296781539917,0.008422879914881281,0.0,0.00850245922387871,0.09344747215366837,,,,
3928,0.001,adam,3929,184.8026475906372,0.008398041348995704,0.0,0.007989487826352873,0.08829291961252443,,,,
3929,0.001,adam,3930,184.83485412597656,0.008406655096208237,0.0,0.007500701394073867,0.0834136690369469,,,,
3930,0.001,adam,3931,184.86744856834412,0.008416828540557718,0.0,0.006526201245447144,0.07367884099502917,,,,
3931,0.001,adam,3932,184.90099930763245,0.008439303523557968,0.0,0.006008524950395911,0.06852455302751707,,,,
3932,0.001,adam,3933,184.93409156799316,0.008395600169009485,0.0,0.0043865103683983,0.05226070385299249,,,,
3933,0.001,adam,3934,184.9646656513214,0.008388203975598748,0.0,0.0032768045093724135,0.04115624906932289,,,,
3934,0.001,adam,3935,185.00232982635498,0.008390867471914535,0.0,0.0035877794654713504,0.04426866212662804,,,,
3935,0.001,adam,3936,185.03606939315796,0.008379071258555684,0.0,0.005004123795070643,0.05842030920926212,,,,
3936,0.001,adam,3937,185.0708248615265,0.008383112154600983,0.0,0.006092450725462122,0.0693076194092222,,,,
3937,0.001,adam,3938,185.10540437698364,0.008377120416321103,0.0,0.007143390710263662,0.07981102751895772,,,,
3938,0.001,adam,3939,185.13766431808472,0.008406897300213831,0.0,0.006837765370630289,0.07678455100651672,,,,
3939,0.001,adam,3940,185.17057132720947,0.008415890997617831,0.0,0.006479469544727545,0.07321058644489328,0.007247097314604565,0.0,0.004227652038206314,0.04952361769666771
3940,0.001,adam,3941,185.21655654907227,0.008426662889499168,0.0,0.0039939972642855075,0.04836663553235425,,,,
3941,0.001,adam,3942,185.24582505226135,0.008434742976478024,0.0,0.0029853929666193674,0.038288672642671696,,,,
3942,0.001,adam,3943,185.2784538269043,0.008439246006889936,0.0,0.004375102023434477,0.052190266241234705,,,,
3943,0.001,adam,3944,185.31576561927795,0.00844376567364923,0.0,0.004400876059834876,0.052452526271998,,,,
3944,0.001,adam,3945,185.34663438796997,0.008437945531363103,0.0,0.005241346659601182,0.06085141212737492,,,,
3945,0.001,adam,3946,185.38408041000366,0.008456326152180477,0.0,0.007073457408984465,0.07919090024202513,,,,
3946,0.001,adam,3947,185.41195845603943,0.008431091345272895,0.0,0.005244859391280414,0.060879685258077035,,,,
3947,0.001,adam,3948,185.4447340965271,0.008441485868724953,0.0,0.00520533800279481,0.06049486589667305,,,,
3948,0.001,adam,3949,185.4804379940033,0.00843265072200638,0.0,0.004240921700516797,0.050841867727174354,,,,
3949,0.001,adam,3950,185.5107033252716,0.00843810007940504,0.0,0.0033288547565402627,0.04172664764480767,,,,
3950,0.001,adam,3951,185.5393922328949,0.008431264377774353,0.0,0.002615279539192158,0.03458405976969593,,,,
3951,0.001,adam,3952,185.56964230537415,0.008421676060859414,0.0,0.003842407256302885,0.04684574862388827,,,,
3952,0.001,adam,3953,185.60034465789795,0.008430912088332592,0.0,0.00527940683064917,0.06122498039482428,,,,
3953,0.001,adam,3954,185.63193249702454,0.008422776372750414,0.0,0.004746744476859671,0.055890221141347125,,,,
3954,0.001,adam,3955,185.66614890098572,0.008429434783328107,0.0,0.004093359461252261,0.049363029395850716,,,,
3955,0.001,adam,3956,185.69847965240479,0.008430036811997853,0.0,0.0035752956293099137,0.04418299310509699,,,,
3956,0.001,adam,3957,185.74277591705322,0.008435405426179128,0.0,0.004028958636486815,0.04872499179104727,,,,
3957,0.001,adam,3958,185.7732970714569,0.00843419955479381,0.0,0.003240755676814222,0.04084175632293603,,,,
3958,0.001,adam,3959,185.8031485080719,0.008422343333550738,0.0,0.00399245795832519,0.048346922916802634,,,,
3959,0.001,adam,3960,185.83319354057312,0.008420298855687442,0.0,0.00301883130889652,0.03860861194465264,0.007267893747042109,0.0,0.003270959192990822,0.03997748567695033
3960,0.001,adam,3961,185.8801567554474,0.008412916673169497,0.0,0.003435211412546613,0.042765030798635625,,,,
3961,0.001,adam,3962,185.9124710559845,0.008405902419592135,0.0,0.0035590396756068356,0.04399629917566049,,,,
3962,0.001,adam,3963,185.94481682777405,0.008397555240975288,0.0,0.0032077210713053485,0.040474765954028775,,,,
3963,0.001,adam,3964,185.9780466556549,0.008403360060909046,0.0,0.0035912863230157356,0.0443162232910664,,,,
3964,0.001,adam,3965,186.01194787025452,0.008385878845224081,0.0,0.0030282193130106326,0.03866807197533041,,,,
3965,0.001,adam,3966,186.044495344162,0.008381931443314838,0.0,0.0028089149312791307,0.036471080756106146,,,,
3966,0.001,adam,3967,186.08081340789795,0.008384990468379781,0.0,0.003885327620381607,0.04723826667219585,,,,
3967,0.001,adam,3968,186.12064909934998,0.008379920503822967,0.0,0.003034142705995381,0.03872134756377678,,,,
3968,0.001,adam,3969,186.15503787994385,0.008369400652618578,0.0,0.0027146049190087964,0.03551544984270654,,,,
3969,0.001,adam,3970,186.18914127349854,0.008358767501658098,0.0,0.003452147313436127,0.04288024063601937,,,,
3970,0.001,adam,3971,186.22251152992249,0.008366927968332319,0.0,0.0036163661557973028,0.04453058952630535,,,,
3971,0.001,adam,3972,186.2558434009552,0.008378573698521104,0.0,0.004084806705288612,0.04922664075140722,,,,
3972,0.001,adam,3973,186.2882330417633,0.00837605804111457,0.0,0.003612038890342646,0.04449644694454103,,,,
3973,0.001,adam,3974,186.32213187217712,0.008361127964168661,0.0,0.003402118454829542,0.042382312512464076,,,,
3974,0.001,adam,3975,186.35359477996826,0.008349778385104926,0.0,0.0035800812876826,0.044150591261930924,,,,
3975,0.001,adam,3976,186.38661885261536,0.00836049664229621,0.0,0.002598875109834379,0.03434924774064,,,,
3976,0.001,adam,3977,186.4201955795288,0.008389089487902422,0.0,0.0032326482052113413,0.04071557154001584,,,,
3977,0.001,adam,3978,186.45593976974487,0.00837441920972565,0.0,0.0033361399487939606,0.04173581869766525,,,,
3978,0.001,adam,3979,186.49117612838745,0.008377597414271427,0.0,0.0030157108957143816,0.03853470637141525,,,,
3979,0.001,adam,3980,186.52181768417358,0.008373472917564505,0.0,0.002792091553000283,0.036294388447567334,0.00721604818846169,0.0,0.0030047332879077743,0.03726338106753943
3980,0.001,adam,3981,186.5813488960266,0.0083671835318007,0.0,0.0032600126192009345,0.04096730972381005,,,,
3981,0.001,adam,3982,186.61936259269714,0.008380292779555574,0.0,0.003709888292137213,0.0454791757009277,,,,
3982,0.001,adam,3983,186.65339064598083,0.008363120799471092,0.0,0.004132660056768153,0.04968972136715262,,,,
3983,0.001,adam,3984,186.69033193588257,0.008370955859782104,0.0,0.003934757428269421,0.04771853014247632,,,,
3984,0.001,adam,3985,186.72138381004333,0.008371953056838717,0.0,0.015366038388883441,0.16203233694567312,,,,
3985,0.001,adam,3986,186.7547585964203,0.008386974186069391,0.0,0.005151189425000202,0.05989886843607141,,,,
3986,0.001,adam,3987,186.78936553001404,0.008372216625686008,0.0,0.004453062231552487,0.05290283894121088,,,,
3987,0.001,adam,3988,186.82537198066711,0.008353767818545117,0.0,0.003910793327606395,0.04746170109460907,,,,
3988,0.001,adam,3989,186.87473678588867,0.008332348339474306,0.0,0.0035619953529811453,0.04395230186928576,,,,
3989,0.001,adam,3990,186.90473175048828,0.00834577341996225,0.0,0.004265895738952421,0.05100473080948646,,,,
3990,0.001,adam,3991,186.96232771873474,0.008335094477121323,0.0,0.004586419193449348,0.054199286411614804,,,,
3991,0.001,adam,3992,187.01074719429016,0.008326566263633775,0.0,0.003937528488473746,0.047701851148371235,,,,
3992,0.001,adam,3993,187.04110431671143,0.008333499758964602,0.0,0.005043670420749132,0.058770203966455915,,,,
3993,0.001,adam,3994,187.07294964790344,0.00832748853710506,0.0,0.008295851571083753,0.0912860042479426,,,,
3994,0.001,adam,3995,187.1037402153015,0.008380742889854204,0.0,0.010514192250731424,0.11352266539716845,,,,
3995,0.001,adam,3996,187.13629150390625,0.00838583050842645,0.0,0.010250838326797166,0.1108942137763981,,,,
3996,0.001,adam,3997,187.17147707939148,0.00839381820318115,0.0,0.009892329311617678,0.10731711131935794,,,,
3997,0.001,adam,3998,187.2037377357483,0.008396113274515555,0.0,0.007957650092405937,0.08797261419857494,,,,
3998,0.001,adam,3999,187.2393763065338,0.00838288028433491,0.0,0.005247703030096741,0.060859910585302324,,,,
3999,0.001,adam,4000,187.2703297138214,0.008363866420298016,0.0,0.003443097401485433,0.042794840435152345,0.007222500900936615,0.0,0.003433846069855184,0.04156096159948846
4000,0.001,adam,4001,187.32235431671143,0.008351040698538849,0.0,0.0033545890765272826,0.041896931463811675,,,,
4001,0.001,adam,4002,187.35223698616028,0.008350511434309104,0.0,0.006466091351118711,0.07301142494549621,,,,
4002,0.001,adam,4003,187.38810420036316,0.008329585876015448,0.0,0.007749945854928583,0.08582904442530129,,,,
4003,0.001,adam,4004,187.4491057395935,0.008321485025192995,0.0,0.009155166509643656,0.09987315012162955,,,,
4004,0.001,adam,4005,187.49909138679504,0.008308771625300358,0.0,0.009694002848381518,0.10524880010911554,,,,
4005,0.001,adam,4006,187.53802609443665,0.008332871528902714,0.0,0.009251835868695588,0.1008512302158586,,,,
4006,0.001,adam,4007,187.5755729675293,0.008325213684595227,0.0,0.007440651889319749,0.08273173257779272,,,,
4007,0.001,adam,4008,187.61831164360046,0.008340722166846106,0.0,0.004772729177571397,0.05606801394256008,,,,
4008,0.001,adam,4009,187.65454721450806,0.008355427050089686,0.0,0.003859231925387188,0.04694774630396157,,,,
4009,0.001,adam,4010,187.6880223751068,0.008378508024969982,0.0,0.003359802348830861,0.0419765315132786,,,,
4010,0.001,adam,4011,187.71970677375793,0.008373702785167669,0.0,0.0034431140700103406,0.042804843485271075,,,,
4011,0.001,adam,4012,187.76808285713196,0.008372455422003502,0.0,0.003200738402496075,0.04037983944696425,,,,
4012,0.001,adam,4013,187.8068208694458,0.008349939878285735,0.0,0.003222662473504649,0.04057656461333223,,,,
4013,0.001,adam,4014,187.8456256389618,0.00832867991376443,0.0,0.003862840371729615,0.04695708363106058,,,,
4014,0.001,adam,4015,187.88376879692078,0.008374427359602754,0.0,0.00567596893942434,0.06513411675384616,,,,
4015,0.001,adam,4016,187.92244362831116,0.008342674899073728,0.0,0.005689440986953484,0.06523708476860857,,,,
4016,0.001,adam,4017,187.97352242469788,0.008373795502523184,0.0,0.005105138808186039,0.05942518358438358,,,,
4017,0.001,adam,4018,188.01202917099,0.008357990153467615,0.0,0.0036006466439695932,0.04436445659316355,,,,
4018,0.001,adam,4019,188.0489058494568,0.008368639318676492,0.0,0.0037440512375313665,0.045809151693990156,,,,
4019,0.001,adam,4020,188.0783350467682,0.008410615671623285,0.0,0.004058247062103471,0.048993086292657986,0.007188944497005808,0.0,0.003861013540101285,0.04579907989801866
4020,0.001,adam,4021,188.12079071998596,0.008366165249653593,0.0,0.17573862916081287,1.7657524568577823,,,,
4021,0.001,adam,4022,188.15888595581055,0.008369533220418765,0.0,0.005636898309999928,0.06473851632041805,,,,
4022,0.001,adam,4023,188.19445419311523,0.008373058155894297,0.0,0.005314546755622667,0.061518525712120964,,,,
4023,0.001,adam,4024,188.2342028617859,0.008383214259374258,0.0,0.0061801630931935525,0.07018484519130978,,,,
4024,0.001,adam,4025,188.27574348449707,0.008410236465074125,0.0,0.0056429343701596335,0.06483958016667046,,,,
4025,0.001,adam,4026,188.31761407852173,0.008385670255353693,0.0,0.004924508290536861,0.0576307531607223,,,,
4026,0.001,adam,4027,188.34832787513733,0.008387940957004895,0.0,0.003459980907130225,0.042987750028307146,,,,
4027,0.001,adam,4028,188.38080716133118,0.008388442215409655,0.0,0.0032936741926427706,0.04132518414183736,,,,
4028,0.001,adam,4029,188.41618275642395,0.008375358080441089,0.0,0.003071335069471601,0.0390887087751571,,,,
4029,0.001,adam,4030,188.4472532272339,0.008380458203824576,0.0,0.0035551455327560337,0.04393191353138491,,,,
4030,0.001,adam,4031,188.48155093193054,0.00836082290553919,0.0,0.0033981438347697804,0.04234226125323699,,,,
4031,0.001,adam,4032,188.51889896392822,0.008355099399164446,0.0,0.0031014794806035278,0.03936989420519972,,,,
4032,0.001,adam,4033,188.551584482193,0.008349857594384306,0.0,0.003401790551061127,0.04236776310499558,,,,
4033,0.001,adam,4034,188.58633184432983,0.008327273046396213,0.0,0.0029420863147022074,0.03774813619341828,,,,
4034,0.001,adam,4035,188.62054014205933,0.008363857204268394,0.0,0.004209876259617283,0.05046261980044123,,,,
4035,0.001,adam,4036,188.65468907356262,0.008354652706273242,0.0,0.0054927061102407375,0.06328171380868061,,,,
4036,0.001,adam,4037,188.68976664543152,0.008344735481439793,0.0,0.0038782995111727773,0.04712773059316756,,,,
4037,0.001,adam,4038,188.7238986492157,0.00832419338302379,0.0,0.0032151998277119864,0.04047619166014366,,,,
4038,0.001,adam,4039,188.75743675231934,0.008333743825390837,0.0,0.0026806319735677587,0.03514006356106843,,,,
4039,0.001,adam,4040,188.79297065734863,0.008348710062013974,0.0,0.002577973591702692,0.03412844597904089,0.0072098192461285395,0.0,0.0031543939768414603,0.03875375901454314
4040,0.001,adam,4041,188.84657430648804,0.008368943581591754,0.0,0.0031562864938136604,0.03993180851972836,,,,
4041,0.001,adam,4042,188.8831787109375,0.008372116573181205,0.0,0.0038832465878424413,0.047204582451605616,,,,
4042,0.001,adam,4043,188.91825532913208,0.008363771255323123,0.0,0.004042676511555302,0.04879053637087614,,,,
4043,0.001,adam,4044,188.9597945213318,0.008344680773916799,0.0,0.004189123349429711,0.05023591426821391,,,,
4044,0.001,adam,4045,188.99543285369873,0.008337781226745642,0.0,0.0034157283910804187,0.04249506513754983,,,,
4045,0.001,adam,4046,189.0299882888794,0.00832853338008576,0.0,0.003223549465825276,0.04056402803833852,,,,
4046,0.001,adam,4047,189.06278681755066,0.008304867772305801,0.0,0.11962080700180162,1.204512937790322,,,,
4047,0.001,adam,4048,189.09426045417786,0.00831996444471496,0.0,0.003604117999496665,0.04436114443968161,,,,
4048,0.001,adam,4049,189.1291012763977,0.008336714818577617,0.0,0.0036780429134380755,0.04511714395295837,,,,
4049,0.001,adam,4050,189.16631078720093,0.008356727913559344,0.0,0.004129789071225805,0.049654618625817395,,,,
4050,0.001,adam,4051,189.1947886943817,0.008371164201921374,0.0,0.0043297731466745955,0.05166889566866733,,,,
4051,0.001,adam,4052,189.23177862167358,0.008377534033763828,0.0,0.004717121952106551,0.05554875355482934,,,,
4052,0.001,adam,4053,189.2678143978119,0.008361974762972523,0.0,0.004662512925809744,0.05498710402106996,,,,
4053,0.001,adam,4054,189.30684280395508,0.008353082595797505,0.0,0.004777409348107617,0.056127176076873675,,,,
4054,0.001,adam,4055,189.34175157546997,0.008319181071886386,0.0,0.0038594979092898274,0.04691416016478466,,,,
4055,0.001,adam,4056,189.37572407722473,0.008314432233633226,0.0,0.003015308854020964,0.03846752077384287,,,,
4056,0.001,adam,4057,189.41196417808533,0.00829654850952541,0.0,0.0031851936196987353,0.04014848470651276,,,,
4057,0.001,adam,4058,189.44104886054993,0.008295166238680502,0.0,0.0030349632394313358,0.03864479863299386,,,,
4058,0.001,adam,4059,189.47765684127808,0.00829680621470751,0.0,0.004395042165351452,0.052247227868222036,,,,
4059,0.001,adam,4060,189.51104617118835,0.008294363973522557,0.0,0.00372890598035275,0.04558342377705006,0.00718699062725203,0.0,0.0031520941123265853,0.038707931750517885
4060,0.001,adam,4061,189.5616066455841,0.00831377035998982,0.0,0.0031159454942763405,0.039473225302753226,,,,
4061,0.001,adam,4062,189.59914708137512,0.008315914914119633,0.0,0.0046244517517240865,0.0545604324313605,,,,
4062,0.001,adam,4063,189.63165140151978,0.008306098923626335,0.0,0.004020194508419307,0.048508044007819405,,,,
4063,0.001,adam,4064,189.67265057563782,0.00831142187537116,0.0,0.003911554331034852,0.04742696518571968,,,,
4064,0.001,adam,4065,189.71485495567322,0.008271926003004625,0.0,0.007094192615321957,0.07921385215622419,,,,
4065,0.001,adam,4066,189.75729751586914,0.008280909462088502,0.0,0.0037623915365632603,0.045904824827721104,,,,
4066,0.001,adam,4067,189.7985122203827,0.008254674194244669,0.0,0.00321166069222146,0.04037128111645927,,,,
4067,0.001,adam,4068,189.84039115905762,0.008264459626245892,0.0,0.005032465476157063,0.05858911438781653,,,,
4068,0.001,adam,4069,189.88189458847046,0.008297856336656759,0.0,0.007760677726407017,0.08590463360072693,,,,
4069,0.001,adam,4070,189.92372155189514,0.008324785563599328,0.0,0.008489503845619254,0.09321982401979187,,,,
4070,0.001,adam,4071,189.96568894386292,0.008326900179567397,0.0,0.007041147803231967,0.07873837821188708,,,,
4071,0.001,adam,4072,190.00498914718628,0.00830226353911419,0.0,0.005833073233663506,0.06663299587574925,,,,
4072,0.001,adam,4073,190.04442763328552,0.008331868454093465,0.0,0.007073496833590741,0.07906683679000087,,,,
4073,0.001,adam,4074,190.08756923675537,0.008320249528626396,0.0,0.007920155444150683,0.08752180397013323,,,,
4074,0.001,adam,4075,190.12970614433289,0.008420510574352093,0.0,0.011181075458221616,0.12023126515656823,,,,
4075,0.001,adam,4076,190.17275166511536,0.0083889630183709,0.0,0.010960964245849763,0.11799860547686852,,,,
4076,0.001,adam,4077,190.21156406402588,0.008303688869476548,0.0,0.006265677255696866,0.07096046142644521,,,,
4077,0.001,adam,4078,190.25051164627075,0.008262436288275889,0.0,0.005275816881149721,0.0610206050997731,,,,
4078,0.001,adam,4079,190.28973031044006,0.008296784545734827,0.0,0.007745193750826584,0.08574872205400066,,,,
4079,0.001,adam,4080,190.3244981765747,0.008292265934750324,0.0,0.007851227661219854,0.08680454254694886,0.0071622496853380345,0.0,0.006621502190977544,0.07337727159511347
4080,0.001,adam,4081,190.38091850280762,0.008317454412057352,0.0,0.007061592436759792,0.07893337877965527,,,,
4081,0.001,adam,4082,190.42526507377625,0.008293040137574086,0.0,0.006600384645409305,0.07429688659166714,,,,
4082,0.001,adam,4083,190.4635510444641,0.00830390068860472,0.0,0.006189142600849127,0.070195326697096,,,,
4083,0.001,adam,4084,190.50170040130615,0.008312113510584149,0.0,0.004964346338885446,0.05795557689943861,,,,
4084,0.001,adam,4085,190.5400116443634,0.00829922127537035,0.0,0.0045604249390472345,0.053903470665842695,,,,
4085,0.001,adam,4086,190.57197546958923,0.008279128736708536,0.0,0.004065204603081772,0.04893117476752626,,,,
4086,0.001,adam,4087,190.60277843475342,0.008257585354863121,0.0,0.016003898527524273,0.16829657063010586,,,,
4087,0.001,adam,4088,190.64185690879822,0.008248754172381877,0.0,0.005569032860861934,0.06393908278100122,,,,
4088,0.001,adam,4089,190.67496299743652,0.00819801034863211,0.0,0.004521456358248492,0.05341257393111703,,,,
4089,0.001,adam,4090,190.70782256126404,0.008201472692761672,0.0,0.004389967664842891,0.052101149341190575,,,,
4090,0.001,adam,4091,190.73973441123962,0.008230185801695811,0.0,0.006661166244732468,0.07484184824902049,,,,
4091,0.001,adam,4092,190.77687168121338,0.008256691954065394,0.0,0.005893749375695615,0.06719418571102154,,,,
4092,0.001,adam,4093,190.81411409378052,0.008230598712256145,0.0,0.003934761406518527,0.047578212777441425,,,,
4093,0.001,adam,4094,190.84797954559326,0.008228464229911067,0.0,0.0037007942414262985,0.045236406644174054,,,,
4094,0.001,adam,4095,190.8789529800415,0.00826069304258752,0.0,0.0046296112392484445,0.054556805435071964,,,,
4095,0.001,adam,4096,190.91481351852417,0.00824987048563853,0.0,0.004754325967591938,0.05579313016155791,,,,
4096,0.001,adam,4097,190.94971442222595,0.008257677011980548,0.0,0.003678130147550611,0.045038978487486656,,,,
4097,0.001,adam,4098,190.98674941062927,0.008240055807303616,0.0,0.0038211247264122923,0.04645130307142654,,,,
4098,0.001,adam,4099,191.01993346214294,0.008247456615157646,0.0,0.0058717932033384955,0.0669653886485426,,,,
4099,0.001,adam,4100,191.05719351768494,0.00825373685807971,0.0,0.00401221277684153,0.048375864626495006,0.007102550440344341,0.0,0.002952031063364072,0.03662286107398506
4100,0.001,adam,4101,191.11781859397888,0.008232589402445317,0.0,0.0033460002779658617,0.04169259218210394,,,,
4101,0.001,adam,4102,191.16208577156067,0.008236545679349823,0.0,0.0037606066742207635,0.04584261242155746,,,,
4102,0.001,adam,4103,191.20406556129456,0.008251077159235795,0.0,0.003702205842376803,0.045273135583003825,,,,
4103,0.001,adam,4104,191.24660515785217,0.008261165796769814,0.0,0.004045513997760644,0.04871630577437626,,,,
4104,0.001,adam,4105,191.2896888256073,0.00827093987356844,0.0,0.003801765931264067,0.04628859918620911,,,,
4105,0.001,adam,4106,191.33806777000427,0.008287415398225955,0.0,0.004636520104526677,0.05465261644349273,,,,
4106,0.001,adam,4107,191.38947129249573,0.00828876116022885,0.0,0.005652771193298212,0.06481647309321097,,,,
4107,0.001,adam,4108,191.4398331642151,0.008314073444609332,0.0,0.006879873862160038,0.07711281206620971,,,,
4108,0.001,adam,4109,191.48945116996765,0.008292961643256458,0.0,0.006568287303640218,0.07397583467965864,,,,
4109,0.001,adam,4110,191.54056906700134,0.008303768444218628,0.0,0.0054868805932287035,0.06317257437650566,,,,
4110,0.001,adam,4111,191.58869886398315,0.00828513216399776,0.0,0.21275842442915566,2.1358693764555543,,,,
4111,0.001,adam,4112,191.6420133113861,0.008282717957857141,0.0,0.005424003329715365,0.06252275125501079,,,,
4112,0.001,adam,4113,191.69347858428955,0.008289274632904334,0.0,0.00643094268749423,0.07259870150784664,,,,
4113,0.001,adam,4114,191.74489307403564,0.008303198582839453,0.0,0.006144249481244814,0.06974569339528759,,,,
4114,0.001,adam,4115,191.7865755558014,0.008285690976435972,0.0,0.005841319658862983,0.0666988875650658,,,,
4115,0.001,adam,4116,191.8282606601715,0.008291244250864548,0.0,0.005560497279437724,0.06389621704524179,,,,
4116,0.001,adam,4117,191.8729145526886,0.008265094265215519,0.0,0.006425902880282125,0.07252412306803677,,,,
4117,0.001,adam,4118,191.9210844039917,0.008295096521273165,0.0,0.006345524346171598,0.07175033998298914,,,,
4118,0.001,adam,4119,191.96018314361572,0.008281383514348298,0.0,0.00760571395278789,0.0843385230422272,,,,
4119,0.001,adam,4120,192.00144696235657,0.008290397690968782,0.0,0.007386494894341386,0.08215534663438265,0.007137136816264068,0.0,0.007268813842641812,0.0798252752426822
4120,0.001,adam,4121,192.0557496547699,0.008256244772004038,0.0,0.0075437341306954925,0.08369358607895896,,,,
4121,0.001,adam,4122,192.09927606582642,0.008264210743520973,0.0,0.2353814481347991,2.362078692091512,,,,
4122,0.001,adam,4123,192.14110827445984,0.008257592267064956,0.0,0.005355425213517789,0.06181184440224285,,,,
4123,0.001,adam,4124,192.18980407714844,0.008261478954726746,0.0,0.0035567133105748735,0.04382861206047548,,,,
4124,0.001,adam,4125,192.23731422424316,0.00826752533585024,0.0,0.0028346615485184776,0.036614140821035014,,,,
4125,0.001,adam,4126,192.2762415409088,0.008263255476878935,0.0,0.002978840204403544,0.03805165752091438,,,,
4126,0.001,adam,4127,192.32203006744385,0.008268543331972881,0.0,0.004050402957773268,0.04877257290970556,,,,
4127,0.001,adam,4128,192.35797119140625,0.008261797736431093,0.0,0.0036929520582477454,0.04519131831890855,,,,
4128,0.001,adam,4129,192.392840385437,0.008275743644144956,0.0,0.004455846381470601,0.052834207458850965,,,,
4129,0.001,adam,4130,192.42763948440552,0.008252544434974541,0.0,0.0037699544949447716,0.04595208938442226,,,,
4130,0.001,adam,4131,192.4607448577881,0.008258943979992085,0.0,0.00430307360130059,0.05128967999299799,,,,
4131,0.001,adam,4132,192.4966959953308,0.008256819527822075,0.0,0.004411856899983439,0.05237538852765647,,,,
4132,0.001,adam,4133,192.53536128997803,0.008272744288960488,0.0,0.003864057165293047,0.04691331594189096,,,,
4133,0.001,adam,4134,192.5731439590454,0.008225611321276208,0.0,0.0035776435995803018,0.044002047317079226,,,,
4134,0.001,adam,4135,192.61351132392883,0.008208370968330488,0.0,0.0028777678668549566,0.036986049636880056,,,,
4135,0.001,adam,4136,192.65001726150513,0.008186510133390237,0.0,0.0029208823455831204,0.03739533358922144,,,,
4136,0.001,adam,4137,192.6895523071289,0.00818495533862181,0.0,0.004262536667981046,0.050810322018432275,,,,
4137,0.001,adam,4138,192.73067808151245,0.008198331431008734,0.0,0.0042698523027390415,0.05089685445839914,,,,
4138,0.001,adam,4139,192.76597332954407,0.008188614737585387,0.0,0.004709275153899744,0.05528136627658283,,,,
4139,0.001,adam,4140,192.79805636405945,0.008196056521537374,0.0,0.003971945039010718,0.04791550691164456,0.007029786589013008,0.0,0.0036932985305215163,0.04396277189422817
4140,0.001,adam,4141,192.86607933044434,0.008177944851673521,0.0,0.004657413924881291,0.05475208410048644,,,,
4141,0.001,adam,4142,192.90075588226318,0.008182475489386012,0.0,0.004158689342107701,0.04976936891046302,,,,
4142,0.001,adam,4143,192.9433035850525,0.008192707164224027,0.0,0.01472328949119949,0.15542560207621892,,,,
4143,0.001,adam,4144,192.98081636428833,0.008213855479513575,0.0,0.006236318076198917,0.07057703624150274,,,,
4144,0.001,adam,4145,193.02984595298767,0.008193335847015497,0.0,0.006513887528440565,0.07333221113142115,,,,
4145,0.001,adam,4146,193.06444454193115,0.008195766632071264,0.0,0.005253434097213338,0.060730107604204636,,,,
4146,0.001,adam,4147,193.10146164894104,0.008197589751396955,0.0,0.004855360136012608,0.05675119111152303,,,,
4147,0.001,adam,4148,193.1457724571228,0.008203602396996114,0.0,0.2325098450786361,2.333302053183357,,,,
4148,0.001,adam,4149,193.19586777687073,0.008204871602368366,0.0,0.004351406145091305,0.051718933053281416,,,,
4149,0.001,adam,4150,193.23770833015442,0.008212038197539497,0.0,0.004517568326758313,0.05338772146512263,,,,
4150,0.001,adam,4151,193.28260564804077,0.008210802067195254,0.0,0.004146395378741747,0.04967475585461272,,,,
4151,0.001,adam,4152,193.32800936698914,0.008225826902881709,0.0,0.003939697890406924,0.047622805806950955,,,,
4152,0.001,adam,4153,193.36750555038452,0.008218579510071608,0.0,0.0038832047249325,0.047050626759396606,,,,
4153,0.001,adam,4154,193.40438055992126,0.008231356058671755,0.0,0.0027555672112322366,0.03578702817099412,,,,
4154,0.001,adam,4155,193.45247101783752,0.008233355069775744,0.0,0.004115047308556667,0.04938382815534242,,,,
4155,0.001,adam,4156,193.48832440376282,0.008222562778867813,0.0,0.0030455008792226253,0.03867757157109407,,,,
4156,0.001,adam,4157,193.52142477035522,0.008228936682007148,0.0,0.0035490081125755905,0.04371901780776305,,,,
4157,0.001,adam,4158,193.556631565094,0.008220825276902786,0.0,0.005297692781499927,0.061197753091902056,,,,
4158,0.001,adam,4159,193.60146260261536,0.008210080615670122,0.0,0.003675675505651577,0.04496683567218589,,,,
4159,0.001,adam,4160,193.65275025367737,0.008187056835722606,0.0,0.004583976400388755,0.054026820839610155,0.006984497566465439,0.0,0.004507427189180241,0.05205876945826785
4160,0.001,adam,4161,193.70967769622803,0.008189122685187837,0.0,0.00396907492927142,0.047879871977902035,,,,
4161,0.001,adam,4162,193.75392389297485,0.008178694338291156,0.0,0.0046597971808167386,0.05477666614645854,,,,
4162,0.001,adam,4163,193.80082821846008,0.00818667969205801,0.0,0.005361830295219959,0.0618049826442576,,,,
4163,0.001,adam,4164,193.84230637550354,0.008171147893744629,0.0,0.005533073567764092,0.06350188357138555,,,,
4164,0.001,adam,4165,193.88282370567322,0.008180700939460783,0.0,0.004542490136567644,0.05360560230513722,,,,
4165,0.001,adam,4166,193.92979073524475,0.008186033658313252,0.0,0.005550542790472856,0.06369146156304181,,,,
4166,0.001,adam,4167,193.97700381278992,0.008194477770289324,0.0,0.004403478948000394,0.05222926725029327,,,,
4167,0.001,adam,4168,194.0129256248474,0.00816982429037806,0.0,0.005331341013478595,0.06148323442516401,,,,
4168,0.001,adam,4169,194.04544687271118,0.008182410458014535,0.0,0.004431810840006929,0.05250051885808383,,,,
4169,0.001,adam,4170,194.0781397819519,0.008196503666556014,0.0,0.005487090355273368,0.06306740721928969,,,,
4170,0.001,adam,4171,194.12475180625916,0.008197658333421022,0.0,0.005117379918449001,0.059371457517911036,,,,
4171,0.001,adam,4172,194.1567347049713,0.008169200332723824,0.0,0.004750057257728303,0.055669772910006854,,,,
4172,0.001,adam,4173,194.19151520729065,0.00816438647873647,0.0,0.003630419929282895,0.04446858577156542,,,,
4173,0.001,adam,4174,194.23662614822388,0.008188131813531231,0.0,0.004079025438527388,0.04897838619880511,,,,
4174,0.001,adam,4175,194.2876842021942,0.008168303159878314,0.0,0.003325672691173459,0.041425030071612905,,,,
4175,0.001,adam,4176,194.32898449897766,0.008169315507964235,0.0,0.0026415707951280244,0.03458502345924448,,,,
4176,0.001,adam,4177,194.37098264694214,0.008165670032964735,0.0,0.0030077397806774846,0.03824306783973958,,,,
4177,0.001,adam,4178,194.41246724128723,0.008146003216901057,0.0,0.0035471514310260106,0.04361751752716116,,,,
4178,0.001,adam,4179,194.45401000976562,0.008137415789400906,0.0,0.0037598601983814513,0.04573601777321542,,,,
4179,0.001,adam,4180,194.4951639175415,0.00813113063168874,0.0,0.004014033193106694,0.048271462562755676,0.006978670636724906,0.0,0.0033440716874636634,0.040419387511361544
4180,0.001,adam,4181,194.5514566898346,0.008145693749455219,0.0,0.0035649341270067485,0.0437950350195227,,,,
4181,0.001,adam,4182,194.5931854248047,0.00814596010541693,0.0,0.0035887562401835946,0.04403352250725287,,,,
4182,0.001,adam,4183,194.63530826568604,0.008182639894854947,0.0,0.0038385667190870957,0.0465683070857259,,,,
4183,0.001,adam,4184,194.6789083480835,0.008171859848281353,0.0,0.004677391753051015,0.0549457773787915,,,,
4184,0.001,adam,4185,194.72283148765564,0.00818910124666209,0.0,0.0051732669948876195,0.059921771195538286,,,,
4185,0.001,adam,4186,194.76348328590393,0.008208073539825085,0.0,0.006299630487353389,0.07120437841335897,,,,
4186,0.001,adam,4187,194.80132627487183,0.008202048296821382,0.0,0.006588293728864372,0.0740849855854651,,,,
4187,0.001,adam,4188,194.83564591407776,0.008190740319724835,0.0,0.005427547899460322,0.06246621931432805,,,,
4188,0.001,adam,4189,194.86716651916504,0.008178856331631798,0.0,0.004199953241308612,0.05017838874471792,,,,
4189,0.001,adam,4190,194.89910697937012,0.0081725970810347,0.0,0.004448038447006119,0.05265298155109589,,,,
4190,0.001,adam,4191,194.9349799156189,0.008182376883185906,0.0,0.005943717361008667,0.06761955049327258,,,,
4191,0.001,adam,4192,194.96860265731812,0.008194014861843913,0.0,0.009211740532360041,0.10031142018544432,,,,
4192,0.001,adam,4193,195.00356078147888,0.008230175769643725,0.0,0.011809500344880831,0.12632517921845204,,,,
4193,0.001,adam,4194,195.03538918495178,0.008204982805165245,0.0,0.01517881791313459,0.15999316193651114,,,,
4194,0.001,adam,4195,195.0738525390625,0.008207118605065048,0.0,0.02045661733233929,0.21277329192845795,,,,
4195,0.001,adam,4196,195.10662484169006,0.008132285900237374,0.0,0.02156780821120794,0.22381036801231677,,,,
4196,0.001,adam,4197,195.141854763031,0.008171939559268053,0.0,0.01693992116895662,0.17757115124883427,,,,
4197,0.001,adam,4198,195.17418146133423,0.008138459663421268,0.0,0.013500912995944908,0.14314758962287036,,,,
4198,0.001,adam,4199,195.21003317832947,0.008167225701445374,0.0,0.012646983177074819,0.13463705747219357,,,,
4199,0.001,adam,4200,195.2460217475891,0.00824373566870236,0.0,0.010923763611385544,0.1174813717825578,0.007002266420387676,0.0,0.007398438313619012,0.08098664955657779
4200,0.001,adam,4201,195.30125546455383,0.0081361943731832,0.0,0.007228668518479695,0.08042287955798015,,,,
4201,0.001,adam,4202,195.33783745765686,0.008107124729523399,0.0,0.0067230922707189975,0.07533804743671337,,,,
4202,0.001,adam,4203,195.36901593208313,0.008167383517930591,0.0,0.013828905869716824,0.14645644221509882,,,,
4203,0.001,adam,4204,195.40253949165344,0.00818659385695588,0.0,0.011590306512463799,0.12408965898159388,,,,
4204,0.001,adam,4205,195.4369511604309,0.008093642623426869,0.0,0.005209418868613247,0.06018783130955934,,,,
4205,0.001,adam,4206,195.46935558319092,0.008066408609131704,0.0,0.003894566368833656,0.04701207229746826,,,,
4206,0.001,adam,4207,195.50364089012146,0.008122941414928144,0.0,0.006878832479886023,0.07691126621378837,,,,
4207,0.001,adam,4208,195.53798580169678,0.008109886332596272,0.0,0.008125605798630206,0.08936594431889833,,,,
4208,0.001,adam,4209,195.5722553730011,0.008158902039915199,0.0,0.005764830815002323,0.06580721018993843,,,,
4209,0.001,adam,4210,195.60486149787903,0.008090168042234197,0.0,0.0058101737803087,0.0661919058453212,,,,
4210,0.001,adam,4211,195.64150428771973,0.00809834719390676,0.0,0.004453189627593909,0.05263024346984585,,,,
4211,0.001,adam,4212,195.67792439460754,0.00810918655796146,0.0,0.004245464299285769,0.050563829550819145,,,,
4212,0.001,adam,4213,195.71283197402954,0.008081978222399764,0.0,0.25585701024227886,2.5666520806451882,,,,
4213,0.001,adam,4214,195.7440745830536,0.008118841866565116,0.0,0.0054004838243646115,0.06212368011021123,,,,
4214,0.001,adam,4215,195.77663254737854,0.008138976455210094,0.0,0.0071069361786938205,0.0792083382421483,,,,
4215,0.001,adam,4216,195.813894033432,0.008175069790248107,0.0,0.006925361412757023,0.07742868391781833,,,,
4216,0.001,adam,4217,195.85000848770142,0.008160088203569126,0.0,0.004982203378364761,0.057982121987216736,,,,
4217,0.001,adam,4218,195.88282990455627,0.00817244807448605,0.0,0.0028030963874556255,0.0362034119490423,,,,
4218,0.001,adam,4219,195.91918563842773,0.008187389663129433,0.0,0.0034358379930459287,0.04254576959358872,,,,
4219,0.001,adam,4220,195.95165085792542,0.008164808369932053,0.0,0.004012100779014755,0.0482858161600796,0.007030558779280804,0.0,0.004561697927140301,0.05264753805068382
4220,0.001,adam,4221,196.00223231315613,0.008163947252576752,0.0,0.004785995546456326,0.056023902717140014,,,,
4221,0.001,adam,4222,196.03696727752686,0.008150621845459262,0.0,0.004500304163597947,0.05315366348143873,,,,
4222,0.001,adam,4223,196.07073068618774,0.008192115849123367,0.0,0.00483884451554981,0.056580561004621464,,,,
4223,0.001,adam,4224,196.1040849685669,0.008120582223502624,0.0,0.003615086316230004,0.04427144538580266,,,,
4224,0.001,adam,4225,196.13929533958435,0.008107249382273949,0.0,0.0030677879550865994,0.03878512893313994,,,,
4225,0.001,adam,4226,196.172709941864,0.008118888592642455,0.0,0.002926418877716892,0.03738307736981138,,,,
4226,0.001,adam,4227,196.20425152778625,0.008123449436019168,0.0,0.002997615065565811,0.03809960009167728,,,,
4227,0.001,adam,4228,196.23885560035706,0.00814063815802072,0.0,0.003621274518062862,0.04435338333864934,,,,
4228,0.001,adam,4229,196.27660608291626,0.008134350771304998,0.0,0.0047886284852182975,0.056020635623487976,,,,
4229,0.001,adam,4230,196.31371998786926,0.0081554735096424,0.0,0.0030154971313838892,0.03831044482348129,,,,
4230,0.001,adam,4231,196.34793305397034,0.00816103337473234,0.0,0.0028910032077107857,0.0370710654518402,,,,
4231,0.001,adam,4232,196.37790942192078,0.008154210007706482,0.0,0.0026846544735193026,0.03500075474289951,,,,
4232,0.001,adam,4233,196.41432857513428,0.008158606786627007,0.0,0.003410720493614486,0.042265811722771864,,,,
4233,0.001,adam,4234,196.45244789123535,0.008134694440222395,0.0,0.005093900445399591,0.059073698894218304,,,,
4234,0.001,adam,4235,196.4858636856079,0.008136057160143383,0.0,0.005019622288587854,0.05833228004602192,,,,
4235,0.001,adam,4236,196.5228395462036,0.008121797912799275,0.0,0.0031873280662874483,0.039995078575673755,,,,
4236,0.001,adam,4237,196.55340814590454,0.008129337788418196,0.0,0.002738893395175962,0.03551827174017781,,,,
4237,0.001,adam,4238,196.59192276000977,0.00812713799427363,0.0,0.002918881463401179,0.037315952628285416,,,,
4238,0.001,adam,4239,196.62519311904907,0.00811204698094803,0.0,0.005000272591546301,0.05811477289641104,,,,
4239,0.001,adam,4240,196.6596484184265,0.008151183648281872,0.0,0.006774228470768412,0.075893468355966,0.006987392845322185,0.0,0.006404377023449871,0.0710311630798209
4240,0.001,adam,4241,196.71162271499634,0.008157500865206122,0.0,0.006280922561227883,0.07096672647748496,,,,
4241,0.001,adam,4242,196.7445991039276,0.008177290913934657,0.0,0.004856385718161069,0.056741148095545355,,,,
4242,0.001,adam,4243,196.77931427955627,0.008150712898990674,0.0,0.0026740268237448704,0.034890981136439375,,,,
4243,0.001,adam,4244,196.81357622146606,0.00813135798409732,0.0,0.003741543147494003,0.045546789459037354,,,,
4244,0.001,adam,4245,196.84723472595215,0.008139387496774904,0.0,0.005372429731887757,0.06186368481565247,,,,
4245,0.001,adam,4246,196.88341355323792,0.008127330101623167,0.0,0.008239705362007533,0.0905243837216985,,,,
4246,0.001,adam,4247,196.9135708808899,0.00812599017505481,0.0,0.009751273489072157,0.10563872506577637,,,,
4247,0.001,adam,4248,196.95060992240906,0.008109833936219755,0.0,0.010429742914240443,0.11240726307862417,,,,
4248,0.001,adam,4249,196.98839211463928,0.008128786268933751,0.0,0.005439815274072399,0.06252693900965774,,,,
4249,0.001,adam,4250,197.02524065971375,0.00811489992188877,0.0,0.0032913929126447703,0.04102882904833647,,,,
4250,0.001,adam,4251,197.06053376197815,0.008124620390151466,0.0,0.0037011565884651184,0.04513618627480265,,,,
4251,0.001,adam,4252,197.09494948387146,0.008139394442979803,0.0,0.004490429489026107,0.05304368933324087,,,,
4252,0.001,adam,4253,197.12795734405518,0.008123191919855676,0.0,0.005515164007746729,0.06327483199732296,,,,
4253,0.001,adam,4254,197.16404700279236,0.00813000843585091,0.0,0.003922100873376818,0.0473510171696191,,,,
4254,0.001,adam,4255,197.1978371143341,0.008109674500749646,0.0,0.0028887562993592103,0.03699723749434175,,,,
4255,0.001,adam,4256,197.231547832489,0.008105537786889076,0.0,0.002426057262328524,0.032366110410174315,,,,
4256,0.001,adam,4257,197.26319313049316,0.008102506012937072,0.0,0.003996924037711626,0.04807174639005333,,,,
4257,0.001,adam,4258,197.29858827590942,0.00807839859072764,0.0,0.004084066886026445,0.04891906745099209,,,,
4258,0.001,adam,4259,197.33812928199768,0.008068672000984186,0.0,0.151816720991166,1.5262358819126443,,,,
4259,0.001,adam,4260,197.36655855178833,0.008071161549645633,0.0,0.0026986959874011783,0.03505812142365742,0.006947668345047757,0.0,0.0031229412717509995,0.03817708106255775
4260,0.001,adam,4261,197.4203884601593,0.008080686864280222,0.0,0.0036925030363419652,0.045005717227699873,,,,
4261,0.001,adam,4262,197.45435452461243,0.008103973626413973,0.0,0.004652495418135376,0.054628927807767735,,,,
4262,0.001,adam,4263,197.49025321006775,0.0080985426997476,0.0,0.004820147926458377,0.05630002196433138,,,,
4263,0.001,adam,4264,197.52433824539185,0.008112456147995271,0.0,0.004477846923448067,0.052890925382475945,,,,
4264,0.001,adam,4265,197.55621552467346,0.008118513214722307,0.0,0.004784085699716024,0.05595937021188255,,,,
4265,0.001,adam,4266,197.59233736991882,0.008106472689154594,0.0,0.003811801535558902,0.04622448804474362,,,,
4266,0.001,adam,4267,197.62230730056763,0.008098940396347187,0.0,0.002858391783203846,0.03668285822838564,,,,
4267,0.001,adam,4268,197.66336369514465,0.00808714826236037,0.0,0.004589508942944796,0.053982237691808335,,,,
4268,0.001,adam,4269,197.69611382484436,0.008101078435993338,0.0,0.2517700339983455,2.5258014184194484,,,,
4269,0.001,adam,4270,197.73010325431824,0.008088643886463909,0.0,0.007178574467096454,0.07987438855742844,,,,
4270,0.001,adam,4271,197.76165390014648,0.008096929293363015,0.0,0.0046649315750712725,0.05474624504407574,,,,
4271,0.001,adam,4272,197.7994921207428,0.008072003873627758,0.0,0.0027206623084154256,0.035278626957782014,,,,
4272,0.001,adam,4273,197.83769369125366,0.008103137486656562,0.0,0.004237802563997649,0.05048116312663305,,,,
4273,0.001,adam,4274,197.8723623752594,0.008123724982987,0.0,0.005080161785335139,0.05892534283633838,,,,
4274,0.001,adam,4275,197.90735602378845,0.008117979158411587,0.0,0.005270798081686296,0.06082595997527455,,,,
4275,0.001,adam,4276,197.94069623947144,0.008110120056509827,0.0,0.004340912287297013,0.05151924292947996,,,,
4276,0.001,adam,4277,197.97492265701294,0.008090122139174847,0.0,0.0043448100945839814,0.051538223085014656,,,,
4277,0.001,adam,4278,198.0062665939331,0.008099981316343843,0.0,0.0039649672063486255,0.0477496533798301,,,,
4278,0.001,adam,4279,198.0395472049713,0.008084327005846478,0.0,0.003891210085603769,0.04699642786188417,,,,
4279,0.001,adam,4280,198.07403469085693,0.008065199595133169,0.0,0.003580254102412116,0.043867740619254324,0.00694320914434708,0.0,0.004112840591323181,0.04807161505757889
4280,0.001,adam,4281,198.12351417541504,0.008063022284693867,0.0,0.003985462564275628,0.04791764792745015,,,,
4281,0.001,adam,4282,198.1580286026001,0.008063968504153328,0.0,0.004204672671400718,0.05011069521816051,,,,
4282,0.001,adam,4283,198.1966962814331,0.008067570348448424,0.0,0.0028771278914978384,0.03683884926342681,,,,
4283,0.001,adam,4284,198.22850346565247,0.00806336633784808,0.0,0.0032365773250167687,0.040429139588015764,,,,
4284,0.001,adam,4285,198.26211833953857,0.008078555325382167,0.0,0.004296310976953924,0.05104166509492141,,,,
4285,0.001,adam,4286,198.29715871810913,0.00808240083673779,0.0,0.005112922502051219,0.05921162585724998,,,,
4286,0.001,adam,4287,198.33028650283813,0.008059606608169923,0.0,0.003869156716283818,0.046751173771008105,,,,
4287,0.001,adam,4288,198.36681365966797,0.008054930699687157,0.0,0.003348008589349444,0.041535016593181595,,,,
4288,0.001,adam,4289,198.39973902702332,0.008059849953762948,0.0,0.004748858136847348,0.05554843132223643,,,,
4289,0.001,adam,4290,198.43260073661804,0.00805923717404578,0.0,0.0037648800866343516,0.045708038040389296,,,,
4290,0.001,adam,4291,198.46476101875305,0.00803363349322367,0.0,0.0037019134804605683,0.04505276829782935,,,,
4291,0.001,adam,4292,198.50250005722046,0.008030653023946888,0.0,0.0040140510463163295,0.04817116348711019,,,,
4292,0.001,adam,4293,198.5360803604126,0.008023906145145199,0.0,0.003684295608890301,0.044866862234048205,,,,
4293,0.001,adam,4294,198.56949925422668,0.008028477271488999,0.0,0.003273137084810698,0.04075984811959598,,,,
4294,0.001,adam,4295,198.60930824279785,0.008034344241391168,0.0,0.0027765393296568896,0.035799737537960064,,,,
4295,0.001,adam,4296,198.64538502693176,0.008042847120279722,0.0,0.0035913066664169544,0.04395591378444927,,,,
4296,0.001,adam,4297,198.67857003211975,0.008058439647057245,0.0,0.0035871913089268446,0.04393035273632569,,,,
4297,0.001,adam,4298,198.71111750602722,0.008039484972885305,0.0,0.0029525734447426993,0.037565219420312296,,,,
4298,0.001,adam,4299,198.74695253372192,0.008033232948227453,0.0,0.0029678503664097473,0.03771173661232492,,,,
4299,0.001,adam,4300,198.77720665931702,0.008032456594872795,0.0,0.0023021317824240524,0.03105377441911332,0.006905620975314514,0.0,0.0029628279974639824,0.03653390094995434
4300,0.001,adam,4301,198.83526301383972,0.008032145212466663,0.0,0.0038589109065319074,0.04662125427778574,,,,
4301,0.001,adam,4302,198.86904191970825,0.008016615368382366,0.0,0.00305161138904861,0.03853272925886846,,,,
4302,0.001,adam,4303,198.9042627811432,0.008007106461396034,0.0,0.003240370048747075,0.040410806948866784,,,,
4303,0.001,adam,4304,198.9361710548401,0.008006934907929843,0.0,0.0032736933072628704,0.04074386798055855,,,,
4304,0.001,adam,4305,198.96777534484863,0.008000640254725645,0.0,0.0038596581100650658,0.046597221355376306,,,,
4305,0.001,adam,4306,199.0026936531067,0.007995062353873414,0.0,0.0029188539390303304,0.03718360174417672,,,,
4306,0.001,adam,4307,199.03775358200073,0.008010346600886467,0.0,0.0024405414498681354,0.03241576109956782,,,,
4307,0.001,adam,4308,199.07941055297852,0.008012485891119503,0.0,0.0028438221118164196,0.0364507070092837,,,,
4308,0.001,adam,4309,199.11134552955627,0.008024377690526226,0.0,0.002938684054310533,0.037411218233631555,,,,
4309,0.001,adam,4310,199.14430332183838,0.008012111513016675,0.0,0.00254427820642256,0.033454893577242274,,,,
4310,0.001,adam,4311,199.17642498016357,0.007999475574959562,0.0,0.0024819921219435275,0.032819396794394835,,,,
4311,0.001,adam,4312,199.21161103248596,0.007989396542306175,0.0,0.0023076392633225,0.031065789175531173,,,,
4312,0.001,adam,4313,199.25076127052307,0.007983486393979135,0.0,0.0036087420547551126,0.04407090694153026,,,,
4313,0.001,adam,4314,199.2834038734436,0.007991784649623907,0.0,0.0033134621772480852,0.04112640642210476,,,,
4314,0.001,adam,4315,199.31848430633545,0.00798965640302859,0.0,0.00483714990082137,0.05636115541124229,,,,
4315,0.001,adam,4316,199.35034799575806,0.008018131433923825,0.0,0.0038812840049316207,0.04683097148324003,,,,
4316,0.001,adam,4317,199.38676190376282,0.007997905749719954,0.0,0.0038713923518443618,0.04671182926816357,,,,
4317,0.001,adam,4318,199.41768074035645,0.00800109844188802,0.0,0.0035311847295731516,0.04331294573761954,,,,
4318,0.001,adam,4319,199.45462822914124,0.008006791684601196,0.0,0.003296823893756537,0.040975030622166564,,,,
4319,0.001,adam,4320,199.4959089756012,0.008006252853412549,0.0,0.002900185415599043,0.03700810700940298,0.006891687814608901,0.0,0.002692127931659216,0.033812967131201056
4320,0.001,adam,4321,199.55622720718384,0.008011671371802837,0.0,0.002789508364068402,0.03590675501248686,,,,
4321,0.001,adam,4322,199.59001636505127,0.007997779411008474,0.0,0.0031852656203521005,0.03985043561452948,,,,
4322,0.001,adam,4323,199.62186861038208,0.008004833070178713,0.0,0.004168437098820428,0.049689204058382994,,,,
4323,0.001,adam,4324,199.65645956993103,0.007987462753352033,0.0,0.005996417030488492,0.06795163305823695,,,,
4324,0.001,adam,4325,199.68901324272156,0.0079947351864958,0.0,0.005352234344947583,0.061517078635971625,,,,
4325,0.001,adam,4326,199.72415208816528,0.007975424647221676,0.0,0.00658200169661695,0.07379544161339117,,,,
4326,0.001,adam,4327,199.75599002838135,0.007991242464154386,0.0,0.008417126928735644,0.09216251175151083,,,,
4327,0.001,adam,4328,199.79256963729858,0.007988557438514291,0.0,0.009347577222153097,0.10146432966004526,,,,
4328,0.001,adam,4329,199.82761216163635,0.00800269774622906,0.0,0.007630517695020239,0.08430787469643145,,,,
4329,0.001,adam,4330,199.8593680858612,0.00803744861902521,0.0,0.0066007016019818355,0.07404446463884357,,,,
4330,0.001,adam,4331,199.89536714553833,0.00803535970523756,0.0,0.005837427658670699,0.06640963629194455,,,,
4331,0.001,adam,4332,199.92908596992493,0.008035970918466149,0.0,0.004461661170852528,0.05265258262699143,,,,
4332,0.001,adam,4333,199.96218037605286,0.008015342786070738,0.0,0.004117064200592785,0.04918598479199859,,,,
4333,0.001,adam,4334,199.99619436264038,0.008003964090114682,0.0,0.0029208574824567714,0.037212538914682396,,,,
4334,0.001,adam,4335,200.03324484825134,0.007999336403268692,0.0,0.00313123007462499,0.03931163714951859,,,,
4335,0.001,adam,4336,200.06802129745483,0.007971098390833417,0.0,0.002775758151806096,0.035728679908894376,,,,
4336,0.001,adam,4337,200.09723615646362,0.007963929124427121,0.0,0.0025812343523886638,0.03377627264831376,,,,
4337,0.001,adam,4338,200.1352574825287,0.007955725044317873,0.0,0.003139893122883879,0.03935465627315666,,,,
4338,0.001,adam,4339,200.17049884796143,0.007952850105347176,0.0,0.003927647962152836,0.04722932972687553,,,,
4339,0.001,adam,4340,200.20649790763855,0.007971464015879096,0.0,0.00421081299423986,0.05007959395827769,0.006891009474665418,0.0,0.004834617239000203,0.055237181864667445
4340,0.001,adam,4341,200.2640664577484,0.007987110059341164,0.0,0.00491855737003741,0.057172683759715265,,,,
4341,0.001,adam,4342,200.29890513420105,0.00802306048942195,0.0,0.00636464590739221,0.07166951956334405,,,,
4342,0.001,adam,4343,200.33224034309387,0.00801290279057382,0.0,0.004907880764238662,0.057091710432960435,,,,
4343,0.001,adam,4344,200.3657419681549,0.008010622727419564,0.0,0.0038855249365786783,0.04686587209320635,,,,
4344,0.001,adam,4345,200.40111470222473,0.007983376306543033,0.0,0.003107558940886503,0.03905896571540807,,,,
4345,0.001,adam,4346,200.43822646141052,0.007960793854681219,0.0,0.002722552898103648,0.035186322835717695,,,,
4346,0.001,adam,4347,200.47008895874023,0.007944931434603054,0.0,0.002980555106865022,0.037750482503253274,,,,
4347,0.001,adam,4348,200.50301432609558,0.007927871117189149,0.0,0.0035325257732552557,0.04325312884974171,,,,
4348,0.001,adam,4349,200.53780460357666,0.007932645552221316,0.0,0.004468560209548567,0.05261824764770698,,,,
4349,0.001,adam,4350,200.57439517974854,0.007937709305701235,0.0,0.23161759677435492,2.3241136770492505,,,,
4350,0.001,adam,4351,200.60729813575745,0.007959237085615332,0.0,0.005569599792909842,0.06365523501471375,,,,
4351,0.001,adam,4352,200.6422643661499,0.00796515850552816,0.0,0.005424060352807318,0.06220576203360134,,,,
4352,0.001,adam,4353,200.6784086227417,0.007998707648918418,0.0,0.005668524510595541,0.06468395275487382,,,,
4353,0.001,adam,4354,200.7146897315979,0.007985205330241501,0.0,0.004363100533886226,0.05161621066910376,,,,
4354,0.001,adam,4355,200.74425411224365,0.008004153760117882,0.0,0.003702936318029619,0.045033516940414076,,,,
4355,0.001,adam,4356,200.77759909629822,0.007971373494243266,0.0,0.0043283200634787414,0.05125457412903068,,,,
4356,0.001,adam,4357,200.81530141830444,0.00795973517128011,0.0,0.0036711711597214995,0.044671446768495104,,,,
4357,0.001,adam,4358,200.85013103485107,0.007935442643808242,0.0,0.003121939548395903,0.03915483812776727,,,,
4358,0.001,adam,4359,200.88396310806274,0.007917561838514789,0.0,0.0030072541314572826,0.037990103153087616,,,,
4359,0.001,adam,4360,200.9198796749115,0.007926828114059753,0.0,0.003058519671707035,0.0385120248311301,0.0068288268089115945,0.0,0.003575692371552471,0.042585750524436305
4360,0.001,adam,4361,200.96666550636292,0.007937322294639271,0.0,0.004330867144873018,0.05124599374336945,,,,
4361,0.001,adam,4362,201.0056610107422,0.007979155302767958,0.0,0.005071811778888468,0.058697273091652645,,,,
4362,0.001,adam,4363,201.03547501564026,0.007970207309704566,0.0,0.005470412665676704,0.0626743339664716,,,,
4363,0.001,adam,4364,201.06835532188416,0.007974986808774369,0.0,0.004182321620015081,0.04979820300892518,,,,
4364,0.001,adam,4365,201.1025629043579,0.007960297610112351,0.0,0.004226880126094757,0.05022909887105992,,,,
4365,0.001,adam,4366,201.14236545562744,0.007955327611543616,0.0,0.003780340305595254,0.04575873066749615,,,,
4366,0.001,adam,4367,201.18310379981995,0.007946009285831246,0.0,0.0027582911862550578,0.035528921148381826,,,,
4367,0.001,adam,4368,201.21934938430786,0.007939565513176348,0.0,0.006029643458106004,0.06823600009423639,,,,
4368,0.001,adam,4369,201.2525987625122,0.007935521253530314,0.0,0.004452051128363675,0.05245603253716707,,,,
4369,0.001,adam,4370,201.285062789917,0.007932293483725749,0.0,0.0042700170023116145,0.05063246350684189,,,,
4370,0.001,adam,4371,201.31697511672974,0.007938619096838791,0.0,0.003967456122112814,0.047613180317966936,,,,
4371,0.001,adam,4372,201.35299921035767,0.007939841102477528,0.0,0.0035650711414081187,0.04359055251655872,,,,
4372,0.001,adam,4373,201.38672828674316,0.007953723886219061,0.0,0.0027397597138148623,0.035351321024367686,,,,
4373,0.001,adam,4374,201.42060732841492,0.007966711261267462,0.0,0.0026374063577742626,0.03434077483901009,,,,
4374,0.001,adam,4375,201.4560830593109,0.007982820730090323,0.0,0.0028226755282161394,0.03620957601225172,,,,
4375,0.001,adam,4376,201.49063158035278,0.007986055607268214,0.0,0.0028925171629309914,0.03691122723657813,,,,
4376,0.001,adam,4377,201.52531170845032,0.007988526973894124,0.0,0.0030778065318414287,0.038766592292308416,,,,
4377,0.001,adam,4378,201.56080889701843,0.007981535284384896,0.0,0.003995913031090974,0.04794066559529463,,,,
4378,0.001,adam,4379,201.59076046943665,0.007979777034645122,0.0,0.003105805874788871,0.03903783578253383,,,,
4379,0.001,adam,4380,201.62882208824158,0.007964408461744487,0.0,0.003334450888377387,0.04130891734551836,0.006801319167941474,0.0,0.003234098817732195,0.03914230734526342
4380,0.001,adam,4381,201.67878699302673,0.007956903688434647,0.0,0.0032680770659467063,0.040637674347901706,,,,
4381,0.001,adam,4382,201.71254014968872,0.007954264278974933,0.0,0.0036235270773670144,0.04418953505264507,,,,
4382,0.001,adam,4383,201.7465581893921,0.007951302766328612,0.0,0.003560971482010819,0.0435610175864368,,,,
4383,0.001,adam,4384,201.78064799308777,0.007974288219047372,0.0,0.0047956269307470305,0.05593055752651768,,,,
4384,0.001,adam,4385,201.815603017807,0.007959018510904966,0.0,0.004561487788561416,0.05357389639651913,,,,
4385,0.001,adam,4386,201.84852147102356,0.007986952850692465,0.0,0.004698513832004359,0.05497209117073606,,,,
4386,0.001,adam,4387,201.88431477546692,0.007948814845627053,0.0,0.0049668423072138255,0.05761723791776531,,,,
4387,0.001,adam,4388,201.91737484931946,0.007961083430461448,0.0,0.005313168419044346,0.06109276762090492,,,,
4388,0.001,adam,4389,201.9539930820465,0.007934059751752804,0.0,0.004586312125663113,0.05379718100838394,,,,
4389,0.001,adam,4390,201.986474275589,0.007942364528276326,0.0,0.003596466211101608,0.043907026639292406,,,,
4390,0.001,adam,4391,202.02041244506836,0.007945802970240225,0.0,0.0062735538131518855,0.07068134110175908,,,,
4391,0.001,adam,4392,202.0544934272766,0.007959291691183487,0.0,0.004009795091979948,0.048057242610982966,,,,
4392,0.001,adam,4393,202.08864426612854,0.007945149201451616,0.0,0.002482925102101213,0.032774400222463744,,,,
4393,0.001,adam,4394,202.12447023391724,0.007944425198081147,0.0,0.0035947913963105095,0.04389233916118624,,,,
4394,0.001,adam,4395,202.15826988220215,0.007942197620784118,0.0,0.0024853168874682226,0.03279536649546634,,,,
4395,0.001,adam,4396,202.1930160522461,0.00794824363094949,0.0,0.00239694664709119,0.03191771010186139,,,,
4396,0.001,adam,4397,202.22755002975464,0.007940303923821963,0.0,0.003256414701004344,0.0405044509338654,,,,
4397,0.001,adam,4398,202.2647557258606,0.007939299766998193,0.0,0.003398913129096871,0.041928431057966904,,,,
4398,0.001,adam,4399,202.297016620636,0.007922929524385718,0.0,0.004463518020423292,0.052558109728618636,,,,
4399,0.001,adam,4400,202.33112740516663,0.007901355655169808,0.0,0.004130357507953056,0.049204930734700364,0.006748156402134194,0.0,0.004367814018243997,0.05042629658457416
4400,0.001,adam,4401,202.38070273399353,0.00790212819148987,0.0,0.00411329689270139,0.049035097118503776,,,,
4401,0.001,adam,4402,202.41807460784912,0.007904794922928986,0.0,0.005252807151663176,0.06043286643956075,,,,
4402,0.001,adam,4403,202.4547312259674,0.007938908619472568,0.0,0.004940964557166414,0.0573485541911367,,,,
4403,0.001,adam,4404,202.48864245414734,0.007932043391711854,0.0,0.004410380157069804,0.0520358449624099,,,,
4404,0.001,adam,4405,202.52243208885193,0.007955216554640819,0.0,0.003792858960447229,0.04588380615911311,,,,
4405,0.001,adam,4406,202.55682468414307,0.007940305607608068,0.0,0.004402895437398108,0.05196925998158915,,,,
4406,0.001,adam,4407,202.5931224822998,0.007943828607339498,0.0,0.0036049555374694287,0.043993383982033785,,,,
4407,0.001,adam,4408,202.6271481513977,0.007948199083044812,0.0,0.004575711252493905,0.053705311607983856,,,,
4408,0.001,adam,4409,202.66907930374146,0.007924016025161448,0.0,0.005792755084492347,0.06585156687008492,,,,
4409,0.001,adam,4410,202.70398998260498,0.00795220384173176,0.0,0.006706702670964319,0.07501923055137495,,,,
4410,0.001,adam,4411,202.75067830085754,0.007923663597135717,0.0,0.007596033893075572,0.08388400252789144,,,,
4411,0.001,adam,4412,202.78642201423645,0.007947745602737095,0.0,0.0074695355219021,0.0826431008217581,,,,
4412,0.001,adam,4413,202.82251858711243,0.007951403865962024,0.0,0.007486873707931237,0.08282014094527439,,,,
4413,0.001,adam,4414,202.8544774055481,0.007954651786593298,0.0,0.006724071958142755,0.07519537136802085,,,,
4414,0.001,adam,4415,202.88799834251404,0.00793988350927826,0.0,0.007868156621771484,0.0866214497269931,,,,
4415,0.001,adam,4416,202.92187571525574,0.007967044099668337,0.0,0.007821018089686063,0.08617722499652897,,,,
4416,0.001,adam,4417,202.9580900669098,0.00796476470186787,0.0,0.007534780883087361,0.08331257353274148,,,,
4417,0.001,adam,4418,202.98860883712769,0.007972089722340831,0.0,0.005302311279255164,0.060995202514892474,,,,
4418,0.001,adam,4419,203.0249834060669,0.00793613408546848,0.0,0.0031796647139066825,0.0397327812245353,,,,
4419,0.001,adam,4420,203.05840277671814,0.007908180854468256,0.0,0.0028378974386962684,0.03628715524143094,0.006760790988349355,0.0,0.003357434893229885,0.0403351399206482
4420,0.001,adam,4421,203.11506032943726,0.007914949571040072,0.0,0.003247336480740745,0.040388314378447525,,,,
4421,0.001,adam,4422,203.1474802494049,0.00790006161062374,0.0,0.005078888761970187,0.0586889492303256,,,,
4422,0.001,adam,4423,203.17695474624634,0.007903869400061757,0.0,0.007254924914489767,0.08045311854495943,,,,
4423,0.001,adam,4424,203.21434545516968,0.007889829081202953,0.0,0.006594623628161278,0.07383606536281573,,,,
4424,0.001,adam,4425,203.25355172157288,0.007895980328708235,0.0,0.005452153340152831,0.062417513730236546,,,,
4425,0.001,adam,4426,203.28416109085083,0.00788745373437552,0.0,0.003612335205233971,0.04401080578671523,,,,
4426,0.001,adam,4427,203.32083582878113,0.007898473810993534,0.0,0.0029454649885627487,0.03735312369662102,,,,
4427,0.001,adam,4428,203.35296320915222,0.00790024781328046,0.0,0.0026646506017192094,0.03454675383047255,,,,
4428,0.001,adam,4429,203.38801336288452,0.007894465288123763,0.0,0.003425246923864135,0.042146934526765115,,,,
4429,0.001,adam,4430,203.42230224609375,0.007902876532491849,0.0,0.0037713243963142435,0.04561612049563428,,,,
4430,0.001,adam,4431,203.45577883720398,0.007885459021665951,0.0,0.0034352520053163387,0.04223797907482934,,,,
4431,0.001,adam,4432,203.49118375778198,0.00788823004300192,0.0,0.0035974995126686594,0.04386322516968851,,,,
4432,0.001,adam,4433,203.52669048309326,0.007882667203194247,0.0,0.004218664464854469,0.050069311851738935,,,,
4433,0.001,adam,4434,203.55989456176758,0.007883833361292596,0.0,0.0029195639854178103,0.0370794732154707,,,,
4434,0.001,adam,4435,203.59194493293762,0.00788330014370965,0.0,0.0030503136072897986,0.03838643621660764,,,,
4435,0.001,adam,4436,203.62695288658142,0.007895011486079441,0.0,0.0036058462150390823,0.043953473636470265,,,,
4436,0.001,adam,4437,203.65647149085999,0.007910191321372939,0.0,0.0031258832109975405,0.03916902343134834,,,,
4437,0.001,adam,4438,203.69440007209778,0.007902110237893115,0.0,0.0034551886375397073,0.04245399661329019,,,,
4438,0.001,adam,4439,203.7322814464569,0.00789239531743269,0.0,0.002998945132522398,0.03788184664265667,,,,
4439,0.001,adam,4440,203.76693892478943,0.007883779774961987,0.0,0.004082924408787168,0.048713023862833674,0.006742575183109555,0.0,0.003021159286310525,0.036954168046214805
4440,0.001,adam,4441,203.81152844429016,0.00789070299615947,0.0,0.003058842360376299,0.03847912659992246,,,,
4441,0.001,adam,4442,203.84869766235352,0.007882380981707805,0.0,0.00311892240579533,0.03907160503966111,,,,
4442,0.001,adam,4443,203.88670349121094,0.007873853674406269,0.0,0.003143383533204821,0.039307689006454476,,,,
4443,0.001,adam,4444,203.92562174797058,0.007863555066216879,0.0,0.00322942112648614,0.04015776633107828,,,,
4444,0.001,adam,4445,203.96020531654358,0.007882518129587526,0.0,0.0039828326297328695,0.04771084442691622,,,,
4445,0.001,adam,4446,203.99489092826843,0.007873321353874965,0.0,0.0036069579864734342,0.04394290121860931,,,,
4446,0.001,adam,4447,204.02934169769287,0.007881051992509195,0.0,0.0036709230538002555,0.04459028253051175,,,,
4447,0.001,adam,4448,204.06436848640442,0.00786852419935322,0.0,0.003078993160969667,0.03865845580904989,,,,
4448,0.001,adam,4449,204.09845232963562,0.007875118315487834,0.0,0.0027245169942779947,0.03512028825826778,,,,
4449,0.001,adam,4450,204.13217759132385,0.007876313413383875,0.0,0.0026579950051292245,0.03445626346467612,,,,
4450,0.001,adam,4451,204.16707134246826,0.007872080670717155,0.0,0.0033216947049918718,0.04108902772063587,,,,
4451,0.001,adam,4452,204.20133757591248,0.007870823722538006,0.0,0.0035397534749388782,0.04326835847192679,,,,
4452,0.001,adam,4453,204.2357850074768,0.007850175468954754,0.0,0.003665801841687323,0.04450819388582798,,,,
4453,0.001,adam,4454,204.26934361457825,0.007859339242275632,0.0,0.003931278310654483,0.04717212234882046,,,,
4454,0.001,adam,4455,204.30372714996338,0.007855581977559228,0.0,0.0028065192472175567,0.035920774449734794,,,,
4455,0.001,adam,4456,204.33877849578857,0.007864809865255002,0.0,0.002832695450062169,0.03619176436587669,,,,
4456,0.001,adam,4457,204.37153434753418,0.007863659171402559,0.0,0.002888442675937213,0.03674808593077469,,,,
4457,0.001,adam,4458,204.40688228607178,0.00785516365125169,0.0,0.0023726080314005376,0.031581243965257064,,,,
4458,0.001,adam,4459,204.4372308254242,0.00785680444502653,0.0,0.0027495228175539693,0.03535203262056622,,,,
4459,0.001,adam,4460,204.47421002388,0.007860718828611358,0.0,0.0035796204935828425,0.04365692376443978,0.006737609895678625,0.0,0.004118684574373579,0.04792445563941442
4460,0.001,adam,4461,204.52550959587097,0.007873947799658287,0.0,0.003906692584935182,0.046940873649010104,,,,
4461,0.001,adam,4462,204.56048727035522,0.007846745640950425,0.0,0.003443865107686489,0.04228539671781532,,,,
4462,0.001,adam,4463,204.5918378829956,0.00782962026103055,0.0,0.3665564406431701,3.6733940266927316,,,,
4463,0.001,adam,4464,204.62781620025635,0.007844052199850344,0.0,0.0026976798463746393,0.034820850663596734,,,,
4464,0.001,adam,4465,204.6591649055481,0.00787994207240321,0.0,0.002823798266677057,0.03611792473917378,,,,
4465,0.001,adam,4466,204.69512963294983,0.00790496407486706,0.0,0.0030555670542057665,0.03846063461692473,,,,
4466,0.001,adam,4467,204.72901248931885,0.007914609163285824,0.0,0.003356892033142738,0.041483529494713206,,,,
4467,0.001,adam,4468,204.76306080818176,0.007900560708440616,0.0,0.003356721902354553,0.04146777973198615,,,,
4468,0.001,adam,4469,204.79681968688965,0.007908250876012726,0.0,0.0030621917561764454,0.03853016843777718,,,,
4469,0.001,adam,4470,204.8319821357727,0.007895022431841094,0.0,0.0029706784881606946,0.03760180731344804,,,,
4470,0.001,adam,4471,204.8678286075592,0.00787958415980592,0.0,0.0025554148621231274,0.033433732781037194,,,,
4471,0.001,adam,4472,204.90248203277588,0.007862196468112963,0.0,0.003047337598852474,0.0383355724566377,,,,
4472,0.001,adam,4473,204.93361282348633,0.00785107141332274,0.0,0.0041344723631944495,0.049195795045267235,,,,
4473,0.001,adam,4474,204.97143459320068,0.007841567975603508,0.0,0.002914212111792318,0.03698368909352669,,,,
4474,0.001,adam,4475,205.00210642814636,0.007850753198951071,0.0,0.003206272621467582,0.03991347941362689,,,,
4475,0.001,adam,4476,205.0369095802307,0.007842004158502116,0.0,0.00362045006355654,0.04404650479406751,,,,
4476,0.001,adam,4477,205.07695198059082,0.007852431788188306,0.0,0.0038460955613474346,0.04631338740166265,,,,
4477,0.001,adam,4478,205.11026048660278,0.007856219300743908,0.0,0.005546015084975241,0.06331637015049632,,,,
4478,0.001,adam,4479,205.1450378894806,0.007911555900820322,0.0,0.008293741283873229,0.09084896873955262,,,,
4479,0.001,adam,4480,205.1760184764862,0.007896007076147168,0.0,0.010808767625513358,0.11598368333128076,0.006844367893219889,0.0,0.012959340995552713,0.136437777848747
4480,0.001,adam,4481,205.2252004146576,0.007982445981226001,0.0,0.012061264521587584,0.12859509119710183,,,,
4481,0.001,adam,4482,205.26091194152832,0.007915804121345798,0.0,0.011343396081479806,0.12134976493614386,,,,
4482,0.001,adam,4483,205.2937295436859,0.00785645431112859,0.0,0.007264791199824036,0.08050436630936895,,,,
4483,0.001,adam,4484,205.32882499694824,0.007805766225278333,0.0,0.0036913328795677505,0.044719095020955835,,,,
4484,0.001,adam,4485,205.36533904075623,0.007793569147436254,0.0,0.004307932824050663,0.050872897387942886,,,,
4485,0.001,adam,4486,205.39919686317444,0.007838052728291932,0.0,0.006874655288469989,0.07658460561299182,,,,
4486,0.001,adam,4487,205.43338871002197,0.007799966152359439,0.0,0.007973617901307774,0.08753614516543717,,,,
4487,0.001,adam,4488,205.46532201766968,0.007803688418958748,0.0,0.12380936378216294,1.2458973262405881,,,,
4488,0.001,adam,4489,205.50370860099792,0.007795363084205182,0.0,0.0047462780190255,0.055258143274460186,,,,
4489,0.001,adam,4490,205.53502941131592,0.00784995969142196,0.0,0.0045237392848751015,0.05308735254017297,,,,
4490,0.001,adam,4491,205.57075572013855,0.007895508988124236,0.0,0.006999327037022424,0.07788877935834847,,,,
4491,0.001,adam,4492,205.60827112197876,0.007928242570243377,0.0,0.009111815480859781,0.09904639737884119,,,,
4492,0.001,adam,4493,205.64095211029053,0.007918084852907738,0.0,0.008627517317099723,0.09419325802390496,,,,
4493,0.001,adam,4494,205.67680478096008,0.007889704268979315,0.0,0.00709518701931363,0.07884157446211562,,,,
4494,0.001,adam,4495,205.71179366111755,0.007826284415407414,0.0,0.005615994962801373,0.06398623404342114,,,,
4495,0.001,adam,4496,205.74625539779663,0.007822098331215064,0.0,0.007541469213988923,0.0832367904711043,,,,
4496,0.001,adam,4497,205.77914905548096,0.0078063068148679395,0.0,0.012595074676449347,0.1337570535793614,,,,
4497,0.001,adam,4498,205.8113739490509,0.007898204765118804,0.0,0.015678020829803622,0.16467841306315503,,,,
4498,0.001,adam,4499,205.85033202171326,0.007855495454723057,0.0,0.016982457978471012,0.17768007523943316,,,,
4499,0.001,adam,4500,205.88516521453857,0.007913340902447595,0.0,0.013418513991465259,0.1420984808171002,0.00675205325998603,0.0,0.008040067941139342,0.08715273267137945
4500,0.001,adam,4501,205.9351191520691,0.007821123480840846,0.0,0.008325178958144563,0.09107291306228649,,,,
4501,0.001,adam,4502,205.96934843063354,0.007845620601354585,0.0,0.004319350412438773,0.05103912472574232,,,,
4502,0.001,adam,4503,206.00284624099731,0.007849085534934998,0.0,0.00394160205607086,0.0472651060956436,,,,
4503,0.001,adam,4504,206.037700176239,0.007841630367749942,0.0,0.0053042270663169,0.06088390103091894,,,,
4504,0.001,adam,4505,206.0720841884613,0.007884974348809604,0.0,0.008521632748385553,0.09310130183266513,,,,
4505,0.001,adam,4506,206.10699558258057,0.00787444672693596,0.0,0.012798278812168034,0.1358572348486163,,,,
4506,0.001,adam,4507,206.14122486114502,0.007967465071869828,0.0,0.014293122681394887,0.1508986918858187,,,,
4507,0.001,adam,4508,206.1757950782776,0.007900816543434948,0.0,0.013324854711190121,0.14114936365533615,,,,
4508,0.001,adam,4509,206.20692205429077,0.007975552298063054,0.0,0.011559408730396018,0.12356963960202323,,,,
4509,0.001,adam,4510,206.24182653427124,0.007892794978794498,0.0,0.005414891637567665,0.062041711354471146,,,,
4510,0.001,adam,4511,206.27583742141724,0.007905954650940222,0.0,0.003029224416879992,0.03819819881974014,,,,
4511,0.001,adam,4512,206.31035947799683,0.007969515560622248,0.0,0.007473001623742632,0.08269953179804858,,,,
4512,0.001,adam,4513,206.34559607505798,0.007888408914271602,0.0,0.010576902125910665,0.11365743017337825,,,,
4513,0.001,adam,4514,206.38408041000366,0.007942837154595733,0.0,0.00889643866647319,0.09690722381932763,,,,
4514,0.001,adam,4515,206.41254663467407,0.007880723032825804,0.0,0.005394376283249553,0.06182448586532134,,,,
4515,0.001,adam,4516,206.4496819972992,0.007856565053751347,0.0,0.003930798152130303,0.04716454657505438,,,,
4516,0.001,adam,4517,206.48620581626892,0.007934995215353761,0.0,0.007522449087387204,0.0831594860892258,,,,
4517,0.001,adam,4518,206.52568364143372,0.007886954762013836,0.0,0.007625763937345195,0.0841445941354658,,,,
4518,0.001,adam,4519,206.5550684928894,0.00792224975509759,0.0,0.00511986430837804,0.05912089283887799,,,,
4519,0.001,adam,4520,206.5903081893921,0.007929446492561793,0.0,0.004409734179491303,0.052026788287474826,0.0068507398847367255,0.0,0.005154533400356867,0.058396073888305394
4520,0.001,adam,4521,206.64254903793335,0.007894934745548986,0.0,0.007412105397561759,0.08201598872116658,,,,
4521,0.001,adam,4522,206.6746165752411,0.007943106700124864,0.0,0.005254069913248702,0.060483805832611884,,,,
4522,0.001,adam,4523,206.70597743988037,0.007851298573866341,0.0,0.0047677589482922585,0.055528888056788926,,,,
4523,0.001,adam,4524,206.74093580245972,0.007845661155123836,0.0,0.005060849591810976,0.05845415707323359,,,,
4524,0.001,adam,4525,206.7758183479309,0.007881860612962591,0.0,0.00408031324782111,0.04868499309117369,,,,
4525,0.001,adam,4526,206.81195163726807,0.007840773215542465,0.0,0.0037441691727898305,0.045282464943440764,,,,
4526,0.001,adam,4527,206.84468579292297,0.007844355564136945,0.0,0.0034640571881940753,0.042484927446077694,,,,
4527,0.001,adam,4528,206.87917637825012,0.007853794504709018,0.0,0.00393849104827111,0.047238704987420124,,,,
4528,0.001,adam,4529,206.91220545768738,0.00789345541619669,0.0,0.003909882377613583,0.046992279192332516,,,,
4529,0.001,adam,4530,206.94707918167114,0.007911943714739581,0.0,0.007744348851670882,0.0853554322314484,,,,
4530,0.001,adam,4531,206.9792504310608,0.007878503985408718,0.0,0.0024015780005592078,0.03189428399100079,,,,
4531,0.001,adam,4532,207.01543045043945,0.007863126428186037,0.0,0.0032441142882831224,0.04030426931101726,,,,
4532,0.001,adam,4533,207.04944515228271,0.007850109854175329,0.0,0.003586906570308519,0.04371917555726052,,,,
4533,0.001,adam,4534,207.08729529380798,0.007844445348994722,0.0,0.0038951311043213172,0.04679575639220789,,,,
4534,0.001,adam,4535,207.1205723285675,0.007818802163461844,0.0,0.003050909458435962,0.038327896747821465,,,,
4535,0.001,adam,4536,207.15366196632385,0.007814599562261146,0.0,0.002405970975452607,0.03187430931678722,,,,
4536,0.001,adam,4537,207.1890730857849,0.007821438603182013,0.0,0.002369839560999132,0.03151983421317333,,,,
4537,0.001,adam,4538,207.22495889663696,0.007817632495436667,0.0,0.003721891046915791,0.04503654296459458,,,,
4538,0.001,adam,4539,207.25824093818665,0.007839170519849009,0.0,0.004130010937853485,0.04913927989838386,,,,
4539,0.001,adam,4540,207.30070877075195,0.007831363262430144,0.0,0.003915061291347043,0.04698197617590057,0.006774132697105733,0.0,0.0032352777321882995,0.03912691001898873
4540,0.001,adam,4541,207.35196900367737,0.007834483279396506,0.0,0.003087303516662818,0.038707518446024686,,,,
4541,0.001,adam,4542,207.38568592071533,0.007813420124872034,0.0,0.0022169643846436876,0.02998306397130891,,,,
4542,0.001,adam,4543,207.42023015022278,0.00781287739192161,0.0,0.0030028881123712096,0.037841758515633706,,,,
4543,0.001,adam,4544,207.45353865623474,0.00783526850745751,0.0,0.004451331560843536,0.05234858411589287,,,,
4544,0.001,adam,4545,207.48712539672852,0.007817957712676432,0.0,0.0036788881720714595,0.04460683943339103,,,,
4545,0.001,adam,4546,207.52290320396423,0.007823778732822442,0.0,0.0039537589886128365,0.04736136861895081,,,,
4546,0.001,adam,4547,207.55474472045898,0.007824058609993035,0.0,0.004487565535738591,0.05269971396737895,,,,
4547,0.001,adam,4548,207.59043550491333,0.007840585145396935,0.0,0.008068075831489727,0.0885213434602942,,,,
4548,0.001,adam,4549,207.62348532676697,0.007819477094535359,0.0,0.00345337010642547,0.042353178158790056,,,,
4549,0.001,adam,4550,207.65502333641052,0.007825543353905423,0.0,0.003332203422832085,0.04114757758222627,,,,
4550,0.001,adam,4551,207.68968176841736,0.007851555827536492,0.0,0.003469841062125359,0.04254996644879008,,,,
4551,0.001,adam,4552,207.72650480270386,0.007864433528512075,0.0,0.0037641765593454057,0.04550619912196613,,,,
4552,0.001,adam,4553,207.75944900512695,0.007867591532825353,0.0,0.0030222172462638563,0.03808976399546392,,,,
4553,0.001,adam,4554,207.7936224937439,0.007885598047163218,0.0,0.003865781503310309,0.046543413080266306,,,,
4554,0.001,adam,4555,207.8245871067047,0.007879887109333366,0.0,0.010874003134041386,0.11661991844974721,,,,
4555,0.001,adam,4556,207.86408042907715,0.007882111056949213,0.0,0.0029592690715784685,0.0374748017727339,,,,
4556,0.001,adam,4557,207.90383625030518,0.00787356481572099,0.0,0.002791330738737806,0.03578687220309905,,,,
4557,0.001,adam,4558,207.94171023368835,0.007884608986530386,0.0,0.0035654148692497965,0.04353875767902835,,,,
4558,0.001,adam,4559,207.9817409515381,0.007901268245435316,0.0,0.003528924361165393,0.04319051185708924,,,,
4559,0.001,adam,4560,208.0148823261261,0.007879021099152162,0.0,0.002777413190380581,0.035653153002957974,0.006735043973656681,0.0,0.002989532105313076,0.03663036502678744
4560,0.001,adam,4561,208.0627624988556,0.007860328640555199,0.0,0.0026320589609572127,0.034180918250127326,,,,
4561,0.001,adam,4562,208.09904885292053,0.007846637747323217,0.0,0.0032264632969376803,0.04011127071670002,,,,
4562,0.001,adam,4563,208.132182598114,0.00783825304019833,0.0,0.00314273433933526,0.03926559643355093,,,,
4563,0.001,adam,4564,208.16700649261475,0.007827649815013037,0.0,0.0032922582954507534,0.04075023276952057,,,,
4564,0.001,adam,4565,208.19949340820312,0.00781556087083157,0.0,0.002790961572271807,0.03572517659354964,,,,
4565,0.001,adam,4566,208.23320937156677,0.007812377916196101,0.0,0.0025199193809594964,0.03301157172579106,,,,
4566,0.001,adam,4567,208.26916313171387,0.007822303813513884,0.0,0.002462233520307922,0.032444639016593106,,,,
4567,0.001,adam,4568,208.30550360679626,0.00781750416039205,0.0,0.003741822491114828,0.04523572907154033,,,,
4568,0.001,adam,4569,208.33913278579712,0.007818921706644867,0.0,0.002253758831038423,0.0303565100170291,,,,
4569,0.001,adam,4570,208.37475895881653,0.007813830074224927,0.0,0.003038190562594929,0.03819573570017422,,,,
4570,0.001,adam,4571,208.40769362449646,0.007810349235292881,0.0,0.0025430179988633465,0.03324052922392635,,,,
4571,0.001,adam,4572,208.44208431243896,0.00781992006228705,0.0,0.0030512021174811748,0.0383319412370988,,,,
4572,0.001,adam,4573,208.47608065605164,0.007813312610764688,0.0,0.0019679836079827687,0.027493148690592373,,,,
4573,0.001,adam,4574,208.50962615013123,0.0078035809135762945,0.0,0.0026211645856003916,0.03401522676958021,,,,
4574,0.001,adam,4575,208.54141092300415,0.007808544710489076,0.0,0.0021149268244123327,0.028957812954612402,,,,
4575,0.001,adam,4576,208.58110165596008,0.007805481464343916,0.0,0.0026834125872294053,0.03463960733663797,,,,
4576,0.001,adam,4577,208.61571097373962,0.007811641920551466,0.0,0.002934769491853188,0.037159336839083346,,,,
4577,0.001,adam,4578,208.64750599861145,0.007805043201246765,0.0,0.002932464153227103,0.0371296847335178,,,,
4578,0.001,adam,4579,208.68423509597778,0.007800592487220999,0.0,0.14941212572490806,1.5019218497363016,,,,
4579,0.001,adam,4580,208.71777510643005,0.007804122534819942,0.0,0.0038561877907040227,0.04636600044186017,0.006725935408602807,0.0,0.002763999073036902,0.034365926138971825
4580,0.001,adam,4581,208.76567554473877,0.007812782564718583,0.0,0.0026886726084904117,0.0346995086496227,,,,
4581,0.001,adam,4582,208.80069637298584,0.00782129231053713,0.0,0.0034108058456500507,0.04192935076703764,,,,
4582,0.001,adam,4583,208.83562898635864,0.007834009407084893,0.0,0.003047988889548019,0.03831389830256508,,,,
4583,0.001,adam,4584,208.871173620224,0.007839771553219198,0.0,0.0030780235294563044,0.038620006847782246,,,,
4584,0.001,adam,4585,208.90418362617493,0.00784484468023584,0.0,0.002704554220567367,0.03489038688590951,,,,
4585,0.001,adam,4586,208.93894505500793,0.007839825298200665,0.0,0.002406091838922348,0.03190074368742415,,,,
4586,0.001,adam,4587,208.9736008644104,0.007833523203687971,0.0,0.0028015586984606144,0.03584911018829412,,,,
4587,0.001,adam,4588,209.00699734687805,0.00783169775648882,0.0,0.0033609130210916077,0.0414408279674049,,,,
4588,0.001,adam,4589,209.04064965248108,0.007821187701415181,0.0,0.002907646275247378,0.036897650453888965,,,,
4589,0.001,adam,4590,209.073322057724,0.007820713648406143,0.0,0.002846427940463199,0.03628499305303813,,,,
4590,0.001,adam,4591,209.10845518112183,0.0078079003380255585,0.0,0.002835029747549481,0.036158197813520365,,,,
4591,0.001,adam,4592,209.14459228515625,0.007799053915721473,0.0,0.002528740291187896,0.03308645682760043,,,,
4592,0.001,adam,4593,209.1757264137268,0.007813153545175599,0.0,0.003177614733511418,0.03958930088028978,,,,
4593,0.001,adam,4594,209.2102701663971,0.007803065255892561,0.0,0.011381774778543,0.12162081304132255,,,,
4594,0.001,adam,4595,209.24718260765076,0.00781183359839225,0.0,0.0026978065288290414,0.034789898886682664,,,,
4595,0.001,adam,4596,209.28006982803345,0.007826998304152847,0.0,0.0037389487553463096,0.04521648585761594,,,,
4596,0.001,adam,4597,209.31940746307373,0.007814745788059152,0.0,0.004586914257075418,0.05368388835881333,,,,
4597,0.001,adam,4598,209.34902691841125,0.007805526606134876,0.0,0.004517351165092673,0.05297903825706161,,,,
4598,0.001,adam,4599,209.38440799713135,0.007784452507358462,0.0,0.0043621237377905,0.05140568988526346,,,,
4599,0.001,adam,4600,209.41542387008667,0.007778669155868516,0.0,0.00536960715290386,0.06147474068490712,0.006696584578717369,0.0,0.00611074596129265,0.06780404419164388
4600,0.001,adam,4601,209.46323990821838,0.007786500749318873,0.0,0.005820473474607778,0.06599123549539665,,,,
4601,0.001,adam,4602,209.50622582435608,0.0077452998199023255,0.0,0.007588091914765503,0.08362621896755736,,,,
4602,0.001,adam,4603,209.54598355293274,0.0077623698106846885,0.0,0.006876457699852445,0.07652694680920914,,,,
4603,0.001,adam,4604,209.57768368721008,0.00775923098390594,0.0,0.0078897809761096,0.08665704074500194,,,,
4604,0.001,adam,4605,209.61229872703552,0.007770598273201611,0.0,0.0074473831139206526,0.08224442941240814,,,,
4605,0.001,adam,4606,209.64833450317383,0.00777932376919633,0.0,0.007721676680313547,0.0849960905723318,,,,
4606,0.001,adam,4607,209.68329739570618,0.007791699657870177,0.0,0.008747683924984265,0.09526853890771282,,,,
4607,0.001,adam,4608,209.71619701385498,0.0077757597186061235,0.0,0.010258929193438251,0.11036505165298864,,,,
4608,0.001,adam,4609,209.75407600402832,0.007774066321090984,0.0,0.010156068279352948,0.10933474911462046,,,,
4609,0.001,adam,4610,209.78961086273193,0.0077720575966970275,0.0,0.008462182575544836,0.09239388335214538,,,,
4610,0.001,adam,4611,209.82104325294495,0.0077772341615106886,0.0,0.005923381237743519,0.06701104653894588,,,,
4611,0.001,adam,4612,209.8546531200409,0.007763221045978274,0.0,0.004546838659868617,0.05323160764466445,,,,
4612,0.001,adam,4613,209.88624215126038,0.007761731288039539,0.0,0.004046948374878841,0.04823121503682795,,,,
4613,0.001,adam,4614,209.92167687416077,0.007755097085602564,0.0,0.003738069794302301,0.045135795028625574,,,,
4614,0.001,adam,4615,209.95602107048035,0.0077587856857431435,0.0,0.005834737280609123,0.06610615849183438,,,,
4615,0.001,adam,4616,209.99187684059143,0.007773745017955434,0.0,0.009014615990180072,0.09791990491975616,,,,
4616,0.001,adam,4617,210.0253303050995,0.007754391045693373,0.0,0.008550754759718676,0.09326193864288014,,,,
4617,0.001,adam,4618,210.05928492546082,0.007776762087983434,0.0,0.005149743488854228,0.05927419697652571,,,,
4618,0.001,adam,4619,210.09288787841797,0.0077884637936814684,0.0,0.003003104282042663,0.0378195066141081,,,,
4619,0.001,adam,4620,210.12689638137817,0.007778936474623565,0.0,0.003059284718803483,0.03837178366265839,0.006721937741762036,0.0,0.004376987321079851,0.05049181095256054
4620,0.001,adam,4621,210.1753270626068,0.0077736654602086706,0.0,0.004244375395578452,0.05021741941599319,,,,
4621,0.001,adam,4622,210.2135112285614,0.007769742318956437,0.0,0.004715346990841697,0.05492321222737341,,,,
4622,0.001,adam,4623,210.2535741329193,0.007786994105772905,0.0,0.004251417579512412,0.05030116990089702,,,,
4623,0.001,adam,4624,210.28984546661377,0.007756689112666068,0.0,0.003425180890783637,0.04200849802050244,,,,
4624,0.001,adam,4625,210.32894015312195,0.007769454705023202,0.0,0.004866769728004439,0.05643715198506759,,,,
4625,0.001,adam,4626,210.36105227470398,0.007774577164890653,0.0,0.0038665526344554397,0.04644010350944505,,,,
4626,0.001,adam,4627,210.3939118385315,0.007771090095000253,0.0,0.003434564689028695,0.0421167369852872,,,,
4627,0.001,adam,4628,210.42792463302612,0.007749157417064286,0.0,0.004279229220723465,0.05054144962429894,,,,
4628,0.001,adam,4629,210.46143221855164,0.007738178622017574,0.0,0.005262009864921021,0.060358277271227785,,,,
4629,0.001,adam,4630,210.49643397331238,0.007793605440675745,0.0,0.004883425721897,0.05662786265964575,,,,
4630,0.001,adam,4631,210.53035879135132,0.007743782029663891,0.0,0.003543783702406595,0.043181619053729844,,,,
4631,0.001,adam,4632,210.5649058818817,0.0077419088151919535,0.0,0.002576123074740107,0.03350313956259302,,,,
4632,0.001,adam,4633,210.60317635536194,0.007745547964668699,0.0,0.002352317849878649,0.03126872646345519,,,,
4633,0.001,adam,4634,210.63504099845886,0.007745001883169087,0.0,0.0037071311779803737,0.044816313662972826,,,,
4634,0.001,adam,4635,210.6696105003357,0.007749716432537646,0.0,0.003799245623108856,0.04574217266362621,,,,
4635,0.001,adam,4636,210.70446968078613,0.0077323382392912865,0.0,0.0038587127543350725,0.04631946578264201,,,,
4636,0.001,adam,4637,210.7388048171997,0.007733402961672234,0.0,0.0031718135032995725,0.03945153799466796,,,,
4637,0.001,adam,4638,210.7728660106659,0.007722626974977087,0.0,0.0036344256616932745,0.044066883591909835,,,,
4638,0.001,adam,4639,210.81289744377136,0.007722247204686056,0.0,0.0026023448996227816,0.033745696200913874,,,,
4639,0.001,adam,4640,210.84868478775024,0.007714851125191615,0.0,0.0025390799227410867,0.03310565035260248,0.006670353069630059,0.0,0.0025032990483681,0.03170334355331106
4640,0.001,adam,4641,210.90980195999146,0.007721218137929559,0.0,0.0023756709180270926,0.03147792731820048,,,,
4641,0.001,adam,4642,210.94667077064514,0.007719339846394578,0.0,0.002564424264738476,0.03336358249377934,,,,
4642,0.001,adam,4643,210.98186707496643,0.007699605852288969,0.0,0.0027835042776199552,0.03553464862848852,,,,
4643,0.001,adam,4644,211.01393461227417,0.0076986154158056475,0.0,0.0028548820535760997,0.036247435951566646,,,,
4644,0.001,adam,4645,211.04688119888306,0.007702636447123541,0.0,0.0026279829919699663,0.0339824663668232,,,,
4645,0.001,adam,4646,211.08231258392334,0.007702439636513631,0.0,0.002512743499010818,0.03282987462662181,,,,
4646,0.001,adam,4647,211.11643767356873,0.007691551540486913,0.0,0.0025726583180684984,0.033418134721171895,,,,
4647,0.001,adam,4648,211.15039134025574,0.00769033434109871,0.0,0.002165733475132448,0.029347669092423194,,,,
4648,0.001,adam,4649,211.18555283546448,0.007690177656512402,0.0,0.0024375491139835537,0.03206566879634794,,,,
4649,0.001,adam,4650,211.21836352348328,0.007677773327862895,0.0,0.0023031651509835744,0.03070942483769864,,,,
4650,0.001,adam,4651,211.24839329719543,0.007671164099272615,0.0,0.0034592060416629585,0.0422632245159022,,,,
4651,0.001,adam,4652,211.2888753414154,0.0076760153497415756,0.0,0.0037331631137746376,0.04500764648748795,,,,
4652,0.001,adam,4653,211.32723808288574,0.007692867236858352,0.0,0.004317688312447452,0.050869750361332865,,,,
4653,0.001,adam,4654,211.364848613739,0.007687324599306293,0.0,0.004951646883958757,0.05720379343889387,,,,
4654,0.001,adam,4655,211.39702820777893,0.007692595103118923,0.0,0.004798161975568785,0.055674214858806775,,,,
4655,0.001,adam,4656,211.43107986450195,0.007687543245584973,0.0,0.003222103218433997,0.039908575429924945,,,,
4656,0.001,adam,4657,211.46756505966187,0.007683613055917218,0.0,0.002468694616176279,0.032370559217680006,,,,
4657,0.001,adam,4658,211.50002551078796,0.007669962061368014,0.0,0.0027588784275781055,0.035258746337149066,,,,
4658,0.001,adam,4659,211.53559494018555,0.00766256934578756,0.0,0.003064647119552975,0.03830904054131731,,,,
4659,0.001,adam,4660,211.56795477867126,0.007673165369020674,0.0,0.0032105886863003203,0.03977905223202388,0.00663006649900608,0.0,0.0037949951840214337,0.044580018339220415
4660,0.001,adam,4661,211.61880445480347,0.007664143875117066,0.0,0.00405697128028986,0.04823385667801567,,,,
4661,0.001,adam,4662,211.65330600738525,0.007678623547261718,0.0,0.005132258049474445,0.05900120404200617,,,,
4662,0.001,adam,4663,211.68931603431702,0.0076650247405863495,0.0,0.004169946084742249,0.049364485588008836,,,,
4663,0.001,adam,4664,211.72118210792542,0.007670544379468922,0.0,0.003447508762472448,0.042145632004193405,,,,
4664,0.001,adam,4665,211.75213861465454,0.007663398116327565,0.0,0.002071437741418109,0.028377775530508655,,,,
4665,0.001,adam,4666,211.788188457489,0.007662592091489114,0.0,0.002548684793755313,0.03314944002904224,,,,
4666,0.001,adam,4667,211.82347512245178,0.0076712882012025555,0.0,0.0033293876637119613,0.04096516483832217,,,,
4667,0.001,adam,4668,211.85675692558289,0.007665417764047422,0.0,0.004840940170751023,0.05607481947155765,,,,
4668,0.001,adam,4669,211.890385389328,0.007685824205268327,0.0,0.005609034050837276,0.06377616471364109,,,,
4669,0.001,adam,4670,211.9278495311737,0.007664377280299681,0.0,0.005075544318775038,0.05841982046805006,,,,
4670,0.001,adam,4671,211.96618247032166,0.0076774516520668615,0.0,0.003659147620595574,0.0442689278580226,,,,
4671,0.001,adam,4672,211.99705410003662,0.00765180727918447,0.0,0.004823992866008373,0.055891735939268196,,,,
4672,0.001,adam,4673,212.03120613098145,0.00764308627134421,0.0,0.0022230721679766664,0.029873807951110873,,,,
4673,0.001,adam,4674,212.0658314228058,0.007646305504022699,0.0,0.0030011424874918343,0.03765773037894104,,,,
4674,0.001,adam,4675,212.09912014007568,0.007637866045761479,0.0,0.002955409490250231,0.03719196094826379,,,,
4675,0.001,adam,4676,212.1316089630127,0.0076459796122514915,0.0,0.0033341718868916508,0.040987698481168,,,,
4676,0.001,adam,4677,212.168310880661,0.00765236802676021,0.0,0.0033000252814743385,0.040652620841503596,,,,
4677,0.001,adam,4678,212.2050552368164,0.007660446933098825,0.0,0.003960266383517427,0.047263110768273095,,,,
4678,0.001,adam,4679,212.2406234741211,0.007658717243891816,0.0,0.003410777379647661,0.04176649104036843,,,,
4679,0.001,adam,4680,212.27283334732056,0.007657477282721732,0.0,0.002843540013436845,0.03609287741709018,0.006645513736925147,0.0,0.002493841027244102,0.03158392400936617
4680,0.001,adam,4681,212.33197593688965,0.007661864845527282,0.0,0.002355941933025406,0.03122128417578134,,,,
4681,0.001,adam,4682,212.36775541305542,0.007641202102219455,0.0,0.0035627193218181834,0.04326839532040129,,,,
4682,0.001,adam,4683,212.39815282821655,0.007631874878355298,0.0,0.0031026503648270555,0.038658378526625854,,,,
4683,0.001,adam,4684,212.43113780021667,0.007627324541721168,0.0,0.0032060007350163283,0.03968733189188445,,,,
4684,0.001,adam,4685,212.46513056755066,0.007635284858180238,0.0,0.003022570812577371,0.03786099298395394,,,,
4685,0.001,adam,4686,212.49774146080017,0.0076467293358352196,0.0,0.0033606099477248436,0.041252828813083654,,,,
4686,0.001,adam,4687,212.53129124641418,0.00764441066380302,0.0,0.0027421242836499667,0.03506565350030269,,,,
4687,0.001,adam,4688,212.56629920005798,0.007628288354093769,0.0,0.0026863699489166164,0.034491987843259936,,,,
4688,0.001,adam,4689,212.60410976409912,0.007628242175006828,0.0,0.0025548589240829214,0.03317683141583604,,,,
4689,0.001,adam,4690,212.6414976119995,0.007630654134902412,0.0,0.0027025913408918883,0.03465656754382129,,,,
4690,0.001,adam,4691,212.67459654808044,0.00763128715913252,0.0,0.002411668294545306,0.031747970104585584,,,,
4691,0.001,adam,4692,212.7090606689453,0.007634291769893993,0.0,0.0027538499135662583,0.03517279090555658,,,,
4692,0.001,adam,4693,212.7424898147583,0.00763721586937156,0.0,0.0023135724572197792,0.030772940441569353,,,,
4693,0.001,adam,4694,212.77672672271729,0.007652278536603614,0.0,0.0023048554535923553,0.03070083307252717,,,,
4694,0.001,adam,4695,212.80807209014893,0.00766017398492134,0.0,0.002359727136561639,0.03125744535053773,,,,
4695,0.001,adam,4696,212.84515070915222,0.007660043071612222,0.0,0.003008592430464231,0.03774596737625453,,,,
4696,0.001,adam,4697,212.8796193599701,0.0076633605203143265,0.0,0.0031388034534697725,0.03905139505501205,,,,
4697,0.001,adam,4698,212.91667771339417,0.007646996577259369,0.0,0.0027669944431917316,0.035316941009176685,,,,
4698,0.001,adam,4699,212.9529800415039,0.0076367529620004915,0.0,0.0033661379652727987,0.04129813261472848,,,,
4699,0.001,adam,4700,212.98647570610046,0.007619458521323884,0.0,0.003094631291580388,0.03856577143712776,0.006573245145227236,0.0,0.00300561587389091,0.03662940388413634
4700,0.001,adam,4701,213.03173661231995,0.007622438031081939,0.0,0.0031735444194608284,0.03935788222569022,,,,
4701,0.001,adam,4702,213.06939029693604,0.007614027168660621,0.0,0.002783388768964842,0.03544791485830904,,,,
4702,0.001,adam,4703,213.10715889930725,0.007604930948898257,0.0,0.0025102557674454113,0.03270748862335237,,,,
4703,0.001,adam,4704,213.1436538696289,0.007602694103152656,0.0,0.004177666524855935,0.049379359351712,,,,
4704,0.001,adam,4705,213.17733144760132,0.007614947959766479,0.0,0.002271853653902479,0.030333484498791266,,,,
4705,0.001,adam,4706,213.21099090576172,0.007609091196070658,0.0,0.0027395232830492167,0.035004324026562825,,,,
4706,0.001,adam,4707,213.2445628643036,0.007613931699962816,0.0,0.0023875762233899326,0.03148969393386214,,,,
4707,0.001,adam,4708,213.2797040939331,0.00760988349796273,0.0,0.0022451408603117048,0.03006129210107978,,,,
4708,0.001,adam,4709,213.31629467010498,0.007607116988468991,0.0,0.0022921896965949276,0.030529013954418267,,,,
4709,0.001,adam,4710,213.3492887020111,0.007596994923836031,0.0,0.002403623910742049,0.03163323403125652,,,,
4710,0.001,adam,4711,213.38370323181152,0.007591554636252103,0.0,0.0026724459222374646,0.034316013858626745,,,,
4711,0.001,adam,4712,213.41595435142517,0.0075921557602172274,0.0,0.0031163347228538715,0.03875550298875594,,,,
4712,0.001,adam,4713,213.4525282382965,0.007594863368174664,0.0,0.0020804961913462308,0.028399825281636974,,,,
4713,0.001,adam,4714,213.48283982276917,0.00759283293419168,0.0,0.002160615980634186,0.02919899274053354,,,,
4714,0.001,adam,4715,213.5195710659027,0.007598473733814511,0.0,0.002373112658462783,0.03132960031844234,,,,
4715,0.001,adam,4716,213.55212712287903,0.007608859569129782,0.0,0.0022402057821095194,0.030010917390224975,,,,
4716,0.001,adam,4717,213.58843326568604,0.007614265466476084,0.0,0.0018578908151837797,0.02619317361831388,,,,
4717,0.001,adam,4718,213.62282633781433,0.007609940268277093,0.0,0.001969323867029453,0.027303178938571624,,,,
4718,0.001,adam,4719,213.65821242332458,0.00761919644268354,0.0,0.00242683842643716,0.03188758070705514,,,,
4719,0.001,adam,4720,213.69026517868042,0.007623932382424199,0.0,0.003668424511754303,0.044308177499967225,0.006586303187363578,0.0,0.0023972141879988504,0.030558445067352082
4720,0.001,adam,4721,213.74798130989075,0.007631445302369832,0.0,0.0024966282239893543,0.03259772754226337,,,,
4721,0.001,adam,4722,213.78040313720703,0.0076291855330305235,0.0,0.0027243844617014226,0.034873030150044754,,,,
4722,0.001,adam,4723,213.81420755386353,0.0076278887616438255,0.0,0.003081463579596388,0.0384425245576077,,,,
4723,0.001,adam,4724,213.84655928611755,0.007615271492360473,0.0,0.003287608454500858,0.04049135603736905,,,,
4724,0.001,adam,4725,213.8818552494049,0.007617484479245718,0.0,0.002367431229875189,0.03129179677799761,,,,
4725,0.001,adam,4726,213.9163293838501,0.0076133852198654,0.0,0.0024491592841752534,0.03210497806161793,,,,
4726,0.001,adam,4727,213.95077347755432,0.007641885446638332,0.0,0.0030302376578807654,0.037944262025445985,,,,
4727,0.001,adam,4728,213.98667311668396,0.007639695286167628,0.0,0.002840927534033681,0.03604897062650444,,,,
4728,0.001,adam,4729,214.02146649360657,0.0076472216518717285,0.0,0.003220698397379243,0.039854205625664156,,,,
4729,0.001,adam,4730,214.05355381965637,0.007647536054951343,0.0,0.004100563860924529,0.048653174664196636,,,,
4730,0.001,adam,4731,214.08760118484497,0.0076436299757329206,0.0,0.0061546511018033935,0.06919014099376686,,,,
4731,0.001,adam,4732,214.11857891082764,0.0076415653964322415,0.0,0.010125745978964611,0.10889902518607834,,,,
4732,0.001,adam,4733,214.1559202671051,0.0076711550887519405,0.0,0.017529581595004697,0.18296697103879891,,,,
4733,0.001,adam,4734,214.19129729270935,0.0076519773395377485,0.0,0.029580291554666027,0.30345489288619804,,,,
4734,0.001,adam,4735,214.2233076095581,0.007738277755963003,0.0,0.05026986028113656,0.5104368805673286,,,,
4735,0.001,adam,4736,214.25826978683472,0.00771977287025683,0.0,0.07156535198516356,0.7233732927218924,,,,
4736,0.001,adam,4737,214.29268527030945,0.007895730723882596,0.0,0.06398361490480514,0.647731879771934,,,,
4737,0.001,adam,4738,214.32759833335876,0.007708065192337631,0.0,0.028381298322321176,0.2915210484155494,,,,
4738,0.001,adam,4739,214.36188673973083,0.007683386073862815,0.0,0.011951418949976114,0.12719757557362396,,,,
4739,0.001,adam,4740,214.39514303207397,0.007741254958525641,0.0,0.026807592163297568,0.2758171765915013,0.006695417176969735,0.0,0.02031886363271505,0.20988405350412023
4740,0.001,adam,4741,214.44784688949585,0.007712637632835398,0.0,0.02037715118108934,0.2114841494437288,,,,
4741,0.001,adam,4742,214.48292541503906,0.00774621948521461,0.0,0.009366302935614893,0.10140924884136354,,,,
4742,0.001,adam,4743,214.51393747329712,0.0077382328465687945,0.0,0.02050566969343138,0.21279492978088257,,,,
4743,0.001,adam,4744,214.54799365997314,0.0077598094622436265,0.0,0.015887590962157673,0.16663571908382036,,,,
4744,0.001,adam,4745,214.58527040481567,0.007833404849462709,0.0,0.007933231232065671,0.08716571717011942,,,,
4745,0.001,adam,4746,214.61731243133545,0.0077660248512280315,0.0,0.013904272369174315,0.14680874854297118,,,,
4746,0.001,adam,4747,214.6523141860962,0.007833849392794452,0.0,0.01101282810773498,0.11796213047014424,,,,
4747,0.001,adam,4748,214.68655014038086,0.007892222096636599,0.0,0.006156769192145628,0.06945991401809287,,,,
4748,0.001,adam,4749,214.72629976272583,0.007814862107982674,0.0,0.011532400072697688,0.12313886283495955,,,,
4749,0.001,adam,4750,214.75937938690186,0.007908747488240055,0.0,0.16545897906884222,1.6624985381766622,,,,
4750,0.001,adam,4751,214.79298615455627,0.007886501104919608,0.0,0.0032893606193960005,0.04078010729887961,,,,
4751,0.001,adam,4752,214.8265998363495,0.007936357731842734,0.0,0.008521320869219556,0.0931495664240383,,,,
4752,0.001,adam,4753,214.86101388931274,0.00804508555484716,0.0,0.007332296151686157,0.08136804707170874,,,,
4753,0.001,adam,4754,214.89917421340942,0.007946995400559789,0.0,0.0033002920547682605,0.04094991594824239,,,,
4754,0.001,adam,4755,214.9347472190857,0.007934177267015431,0.0,0.005789554831432517,0.06582972558134059,,,,
4755,0.001,adam,4756,214.9673216342926,0.007980991458643946,0.0,0.005262680902749049,0.06060780048613443,,,,
4756,0.001,adam,4757,214.99786114692688,0.007991265133448505,0.0,0.0036023838765219017,0.04401510389866752,,,,
4757,0.001,adam,4758,215.03180837631226,0.007901970797132299,0.0,0.0056289832226646954,0.06419180302377925,,,,
4758,0.001,adam,4759,215.06936311721802,0.007944864378933986,0.0,0.00472595306558596,0.05520439503479358,,,,
4759,0.001,adam,4760,215.1047646999359,0.007854834023782462,0.0,0.002935418421957754,0.03720901824336,0.006856769693700821,0.0,0.0043576077175820375,0.050432846869521195
4760,0.001,adam,4761,215.16110563278198,0.007845935648599613,0.0,0.004283353318292534,0.05067946883152495,,,,
4761,0.001,adam,4762,215.1964976787567,0.00787053415830592,0.0,0.004477948404912309,0.05265001820742901,,,,
4762,0.001,adam,4763,215.22647500038147,0.007811521195457934,0.0,0.0032727542243431323,0.04053906343888926,,,,
4763,0.001,adam,4764,215.25696849822998,0.0077935792955275305,0.0,0.004452376511765992,0.052317344413187444,,,,
4764,0.001,adam,4765,215.29639315605164,0.007778586035527561,0.0,0.0037526621993234878,0.045305208028762436,,,,
4765,0.001,adam,4766,215.3308961391449,0.007738915994750963,0.0,0.003190096790647963,0.03963988390123059,,,,
4766,0.001,adam,4767,215.368408203125,0.0077158467152198835,0.0,0.0035619301048087602,0.043335147763307484,,,,
4767,0.001,adam,4768,215.40105032920837,0.0076856872720644474,0.0,0.16230921191284822,1.6307778064005467,,,,
4768,0.001,adam,4769,215.43770122528076,0.007722887195175078,0.0,0.0034337548102012943,0.04206043529718802,,,,
4769,0.001,adam,4770,215.47224068641663,0.007685389360579595,0.0,0.003581595413060648,0.043501343491186076,,,,
4770,0.001,adam,4771,215.50392174720764,0.0077052931397300455,0.0,0.003072132917651917,0.038426622316249215,,,,
4771,0.001,adam,4772,215.54138588905334,0.007721217616364824,0.0,0.0020756917997115524,0.028478135613480345,,,,
4772,0.001,adam,4773,215.57473230361938,0.007718758982900161,0.0,0.00344972613126071,0.042216020295507264,,,,
4773,0.001,adam,4774,215.6076545715332,0.007713341856170618,0.0,0.002707719530259956,0.03479053715877018,,,,
4774,0.001,adam,4775,215.64102149009705,0.007683091801770095,0.0,0.0026898309956069036,0.03458140175783913,,,,
4775,0.001,adam,4776,215.67594194412231,0.007688855074585319,0.0,0.0032458237612538786,0.0401470926871241,,,,
4776,0.001,adam,4777,215.70919966697693,0.007678796665586101,0.0,0.0027019528863791637,0.03469832552937774,,,,
4777,0.001,adam,4778,215.74389457702637,0.007668444483897895,0.0,0.0031550566362405163,0.03921901084630306,,,,
4778,0.001,adam,4779,215.77918577194214,0.0076615397539182,0.0,0.00507917860880983,0.0584533258420165,,,,
4779,0.001,adam,4780,215.81301426887512,0.007645848422446476,0.0,0.0024543083805173087,0.032188932227619566,0.006619739878857674,0.0,0.002643146145939045,0.033051201338248126
4780,0.001,adam,4781,215.8628282546997,0.007652345592024312,0.0,0.0024959720460234172,0.032612066052258484,,,,
4781,0.001,adam,4782,215.89661741256714,0.007632909318006719,0.0,0.0026551464267519495,0.034184373585526215,,,,
4782,0.001,adam,4783,215.9325623512268,0.007631826389453335,0.0,0.0026189549731802787,0.03382137612125612,,,,
4783,0.001,adam,4784,215.9651551246643,0.00762307134549107,0.0,0.002113254828024884,0.028755619625739907,,,,
4784,0.001,adam,4785,215.9997947216034,0.007616719977733487,0.0,0.003168719484537406,0.03930391482310754,,,,
4785,0.001,adam,4786,216.0321168899536,0.007603698714771366,0.0,0.0026015858566198714,0.03361955728097008,,,,
4786,0.001,adam,4787,216.06990456581116,0.00759551823102246,0.0,0.002598857341140411,0.03358409164242657,,,,
4787,0.001,adam,4788,216.1069016456604,0.007588818988414602,0.0,0.002472717849813728,0.03231599748655189,,,,
4788,0.001,adam,4789,216.14137840270996,0.007582946909013633,0.0,0.002919464638837504,0.036777593297388673,,,,
4789,0.001,adam,4790,216.17883110046387,0.007580034806161744,0.0,0.002551345426837379,0.033093489074535534,,,,
4790,0.001,adam,4791,216.2133822441101,0.007581027589178396,0.0,0.002137387929554182,0.028954906884720216,,,,
4791,0.001,adam,4792,216.24566960334778,0.007593891193341817,0.0,0.002047676585582259,0.028070657049164404,,,,
4792,0.001,adam,4793,216.2815363407135,0.007598053156208573,0.0,0.0022172329406439984,0.029770382562648558,,,,
4793,0.001,adam,4794,216.31200170516968,0.007591132149152321,0.0,0.002784033973959591,0.035431471888748234,,,,
4794,0.001,adam,4795,216.34772729873657,0.007586654762907496,0.0,0.0020748722837970884,0.02833537760087838,,,,
4795,0.001,adam,4796,216.38038754463196,0.0075815354725670605,0.0,0.002934656770324969,0.036928103175816754,,,,
4796,0.001,adam,4797,216.41715598106384,0.007577199336940666,0.0,0.002570063466331514,0.0332778340002558,,,,
4797,0.001,adam,4798,216.453115940094,0.007561888795736792,0.0,0.0024649869661452473,0.032211758457189266,,,,
4798,0.001,adam,4799,216.49036407470703,0.007568725108155605,0.0,0.002260722070655332,0.030175945814708924,,,,
4799,0.001,adam,4800,216.52227973937988,0.007577331133816297,0.0,0.0024365776620238937,0.03194310775405523,0.006560563688077649,0.0,0.002745121699671121,0.034011780684788856
4800,0.001,adam,4801,216.57260847091675,0.007584104079856716,0.0,0.002731163898059962,0.034895743060456334,,,,
4801,0.001,adam,4802,216.60385489463806,0.007586120768235556,0.0,0.0033151215234860283,0.040737336003095835,,,,
4802,0.001,adam,4803,216.64468812942505,0.007580491949527054,0.0,0.003345962649371154,0.0410401184432386,,,,
4803,0.001,adam,4804,216.68084406852722,0.007562140275765673,0.0,0.0030068775526141296,0.03763091580190697,,,,
4804,0.001,adam,4805,216.71176099777222,0.0075516610147666995,0.0,0.0029585551909215705,0.03713721292398241,,,,
4805,0.001,adam,4806,216.74456119537354,0.007544800681509882,0.0,0.0021495793225534926,0.02904059390704481,,,,
4806,0.001,adam,4807,216.77551317214966,0.007542749994966604,0.0,0.002548497932281195,0.03302772931777856,,,,
4807,0.001,adam,4808,216.8142454624176,0.007544297504720271,0.0,0.002660466822137232,0.03414896572609259,,,,
4808,0.001,adam,4809,216.84844422340393,0.0075470167150663925,0.0,0.0025345715049210488,0.03289273176427688,,,,
4809,0.001,adam,4810,216.88180875778198,0.007552212348826567,0.0,0.01156908498657236,0.12324306221455017,,,,
4810,0.001,adam,4811,216.91443967819214,0.007555594490374959,0.0,0.0028751828937522914,0.036307423427897875,,,,
4811,0.001,adam,4812,216.95058226585388,0.0075664046436281565,0.0,0.00279559824632673,0.03552238710689545,,,,
4812,0.001,adam,4813,216.98464274406433,0.007561292057016837,0.0,0.003011968733867669,0.03768097939569353,,,,
4813,0.001,adam,4814,217.0227813720703,0.007551199838795552,0.0,0.00369288940074175,0.044480093846213056,,,,
4814,0.001,adam,4815,217.0568835735321,0.007541611713995806,0.0,0.0032794993719780924,0.04033660543377673,,,,
4815,0.001,adam,4816,217.09037113189697,0.007542731805110373,0.0,0.0027098227127605326,0.034640958932715696,,,,
4816,0.001,adam,4817,217.1256935596466,0.007532274335598771,0.0,0.002624475380173231,0.03377702813733108,,,,
4817,0.001,adam,4818,217.15958380699158,0.007537484725510278,0.0,0.0027698779636032866,0.035236264361543146,,,,
4818,0.001,adam,4819,217.19365453720093,0.0075435869423970785,0.0,0.002521990007788616,0.03276348702028324,,,,
4819,0.001,adam,4820,217.22889757156372,0.007547532659251835,0.0,0.0024349994579550374,0.03189752723880221,0.006510273923101341,0.0,0.002810485321955043,0.034615127142651775
4820,0.001,adam,4821,217.27671885490417,0.007554802540947182,0.0,0.0027493741634867707,0.03504854417581489,,,,
4821,0.001,adam,4822,217.31094455718994,0.007532060630212634,0.0,0.0029996634855171114,0.03752869548538375,,,,
4822,0.001,adam,4823,217.3454511165619,0.007527860719713866,0.0,0.0028986217311641415,0.036514078031355285,,,,
4823,0.001,adam,4824,217.37797856330872,0.007511280524982513,0.0,0.002104210662809049,0.028553387153073005,,,,
4824,0.001,adam,4825,217.41125655174255,0.007512510655939485,0.0,0.0022704278739691225,0.03021678939563071,,,,
4825,0.001,adam,4826,217.44531536102295,0.007513980551856706,0.0,0.0025897552247320095,0.0334115327991768,,,,
4826,0.001,adam,4827,217.48216581344604,0.007514845348510252,0.0,0.002695467487788819,0.034469520226398445,,,,
4827,0.001,adam,4828,217.5165090560913,0.007527106302506829,0.0,0.002787125191214541,0.03539835821465224,,,,
4828,0.001,adam,4829,217.55127120018005,0.0075330462916220016,0.0,0.002733111037873246,0.03486415667035446,,,,
4829,0.001,adam,4830,217.58576369285583,0.007542626502629179,0.0,0.0031270954460937113,0.03881358096356629,,,,
4830,0.001,adam,4831,217.62098121643066,0.0075541153396091855,0.0,0.0033876781141906247,0.041430896481515433,,,,
4831,0.001,adam,4832,217.6535997390747,0.007538388045268076,0.0,0.003581497193020644,0.043353359975474515,,,,
4832,0.001,adam,4833,217.6894690990448,0.007538660842841699,0.0,0.0035369338796623897,0.0429079996394656,,,,
4833,0.001,adam,4834,217.72327423095703,0.007539291680006852,0.0,0.0025447595005462396,0.03298688668546925,,,,
4834,0.001,adam,4835,217.7570924758911,0.007519168039195673,0.0,0.003835225783574587,0.04587142587494154,,,,
4835,0.001,adam,4836,217.791264295578,0.00752155850190629,0.0,0.0034004767702477913,0.041526326204384206,,,,
4836,0.001,adam,4837,217.82480359077454,0.007523475205226233,0.0,0.0033422005565576464,0.0409454807708027,,,,
4837,0.001,adam,4838,217.8593692779541,0.007513171299262369,0.0,0.0028915691451810678,0.03642886275107305,,,,
4838,0.001,adam,4839,217.89325261116028,0.007521456031034816,0.0,0.0029794896383487164,0.03731635241452198,,,,
4839,0.001,adam,4840,217.9244475364685,0.007509242396992547,0.0,0.003726143111233483,0.044770673509327376,0.006476300045999056,0.0,0.004373050829753504,0.050206808343534096
4840,0.001,adam,4841,217.97296118736267,0.007529752347811757,0.0,0.00417733350571846,0.04930308740499636,,,,
4841,0.001,adam,4842,218.0104479789734,0.00751387296470287,0.0,0.003787255900099452,0.04538643196569739,,,,
4842,0.001,adam,4843,218.0464425086975,0.0075061786506272835,0.0,0.002998006968457389,0.03748624833520117,,,,
4843,0.001,adam,4844,218.08047533035278,0.007520584620391818,0.0,0.0031814004274502484,0.0393345888948943,,,,
4844,0.001,adam,4845,218.11544489860535,0.007527364015934353,0.0,0.004285069382126527,0.050378057837199626,,,,
4845,0.001,adam,4846,218.1506745815277,0.00753565748454979,0.0,0.004855535237690457,0.05609100986145436,,,,
4846,0.001,adam,4847,218.18345427513123,0.007515128515210598,0.0,0.004034282604822627,0.04785795456343687,,,,
4847,0.001,adam,4848,218.21844601631165,0.007508375172851898,0.0,0.0027739847582100986,0.03524822275495289,,,,
4848,0.001,adam,4849,218.25113582611084,0.0074947335048309895,0.0,0.003168547541122836,0.03918020891605935,,,,
4849,0.001,adam,4850,218.28740763664246,0.007508515041925098,0.0,0.004317092294349116,0.050679437985416256,,,,
4850,0.001,adam,4851,218.32209086418152,0.007499078510328816,0.0,0.0037823590079142004,0.045322668589470816,,,,
4851,0.001,adam,4852,218.36166095733643,0.007490438111408986,0.0,0.00298120761854648,0.03730251429687379,,,,
4852,0.001,adam,4853,218.3929603099823,0.007500601997961287,0.0,0.0031286707365262775,0.03878730936322406,,,,
4853,0.001,adam,4854,218.4309606552124,0.00750294164991437,0.0,0.0027969969928737103,0.03547291157865147,,,,
4854,0.001,adam,4855,218.46201729774475,0.00750202471759534,0.0,0.003115532862416424,0.038657353341759584,,,,
4855,0.001,adam,4856,218.49649906158447,0.007504506099487979,0.0,0.002944704264147286,0.03695154874096084,,,,
4856,0.001,adam,4857,218.53011202812195,0.007485087280238784,0.0,0.002593695002266696,0.033422037302905744,,,,
4857,0.001,adam,4858,218.56549501419067,0.007483330384133047,0.0,0.0028257169372139534,0.03574049975627258,,,,
4858,0.001,adam,4859,218.59853839874268,0.007496144524423535,0.0,0.0030680446674734053,0.03817659119915759,,,,
4859,0.001,adam,4860,218.63187193870544,0.007496515306495206,0.0,0.004131988539519421,0.04881640070168942,0.006488816808681551,0.0,0.003301875748620469,0.039507574294886244
4860,0.001,adam,4861,218.68221378326416,0.007504720685244193,0.0,0.002978344299808018,0.037288163683324375,,,,
4861,0.001,adam,4862,218.71582007408142,0.007493605913017548,0.0,0.0024672350150693008,0.03216595606371056,,,,
4862,0.001,adam,4863,218.7504599094391,0.007497411977372743,0.0,0.003332602069823911,0.04082343267561185,,,,
4863,0.001,adam,4864,218.7867555618286,0.007516165565339277,0.0,0.0035325653336603065,0.042841818901942344,,,,
4864,0.001,adam,4865,218.81993174552917,0.007492927727176002,0.0,0.0023060322115293352,0.030553249842469356,,,,
4865,0.001,adam,4866,218.85413026809692,0.007497000884586184,0.0,0.0031684433969195553,0.03918143485378174,,,,
4866,0.001,adam,4867,218.88801097869873,0.007501446231595132,0.0,0.002938998721645226,0.03689143344804739,,,,
4867,0.001,adam,4868,218.92255806922913,0.0074938535890910814,0.0,0.002754385500033753,0.03503770858942861,,,,
4868,0.001,adam,4869,218.95739817619324,0.007500998767224197,0.0,0.003863357479966483,0.04613457356688903,,,,
4869,0.001,adam,4870,218.99315404891968,0.0074856821645124015,0.0,0.0024928956718802153,0.032414638883314556,,,,
4870,0.001,adam,4871,219.02675223350525,0.0074793579078034555,0.0,0.0023945585527343043,0.0314249434351465,,,,
4871,0.001,adam,4872,219.05996012687683,0.007482299051353911,0.0,0.002132073837087421,0.028803037422228124,,,,
4872,0.001,adam,4873,219.09506845474243,0.007478502115734395,0.0,0.0025573593486502054,0.033052095602236445,,,,
4873,0.001,adam,4874,219.12886023521423,0.007478871063356388,0.0,0.0031152119656813757,0.03863099072017014,,,,
4874,0.001,adam,4875,219.16329216957092,0.007477467424405512,0.0,0.0032157175368072457,0.03963464279247797,,,,
4875,0.001,adam,4876,219.1999852657318,0.007479074290049867,0.0,0.0026325345892964013,0.033804420183013884,,,,
4876,0.001,adam,4877,219.22789478302002,0.007494265991597399,0.0,0.004124905402993555,0.04874332002153295,,,,
4877,0.001,adam,4878,219.26379537582397,0.007488058439323531,0.0,0.003182898724710266,0.03931704568642619,,,,
4878,0.001,adam,4879,219.2987778186798,0.007487026373584373,0.0,0.003594005090785314,0.043427077281437514,,,,
4879,0.001,adam,4880,219.33235454559326,0.007477776643410115,0.0,0.003900347336581739,0.0464812500092275,0.006471653063607747,0.0,0.002981312255134324,0.036284775614950984
4880,0.001,adam,4881,219.37970280647278,0.007504255590265825,0.0,0.0027483524129018476,0.0349877797192843,,,,
4881,0.001,adam,4882,219.42079758644104,0.007498140606397175,0.0,0.0029218036681165622,0.036716177287562796,,,,
4882,0.001,adam,4883,219.46436762809753,0.007496210803092168,0.0,0.0026888462188730785,0.03438467299182295,,,,
4883,0.001,adam,4884,219.50714826583862,0.007490406157899281,0.0,0.0025236511396217846,0.03272691755411713,,,,
4884,0.001,adam,4885,219.5417606830597,0.0074881612889063165,0.0,0.0027722241085005985,0.0352104023739123,,,,
4885,0.001,adam,4886,219.57506251335144,0.007489312946126559,0.0,0.002363257660659665,0.031121889552723207,,,,
4886,0.001,adam,4887,219.6092140674591,0.007477354979997455,0.0,0.0025164106560361813,0.03264146154035927,,,,
4887,0.001,adam,4888,219.64125752449036,0.007459131729133384,0.0,0.003695126093804775,0.04441039266718114,,,,
4888,0.001,adam,4889,219.67758321762085,0.0074609815689874156,0.0,0.00440787490030366,0.05153973057202402,,,,
4889,0.001,adam,4890,219.70959758758545,0.007453126735603609,0.0,0.004677948734310665,0.05423261407871026,,,,
4890,0.001,adam,4891,219.74461674690247,0.007467468144066328,0.0,0.004200733301244527,0.049474801156511594,,,,
4891,0.001,adam,4892,219.7808394432068,0.00746804645896357,0.0,0.0036116525572844568,0.043584572031808134,,,,
4892,0.001,adam,4893,219.81388545036316,0.007474571577423826,0.0,0.0028728852125660927,0.03620342370308475,,,,
4893,0.001,adam,4894,219.84596586227417,0.007484013485092138,0.0,0.0032637498191108354,0.04012151167620049,,,,
4894,0.001,adam,4895,219.88120818138123,0.007468935474109191,0.0,0.0031094310986231827,0.03856324646034102,,,,
4895,0.001,adam,4896,219.9154758453369,0.007479426801745516,0.0,0.0029973617945274044,0.03745304474701956,,,,
4896,0.001,adam,4897,219.95358061790466,0.007484385895423088,0.0,0.0029284330282878797,0.03676871617830189,,,,
4897,0.001,adam,4898,219.98855328559875,0.007479390572530306,0.0,0.0031047604461209724,0.038526995033740026,,,,
4898,0.001,adam,4899,220.01710724830627,0.007478603579748375,0.0,0.00259105845210076,0.03338918810075597,,,,
4899,0.001,adam,4900,220.0519723892212,0.007467004304835623,0.0,0.0028417361907609345,0.035884366212444965,0.006459211551774652,0.0,0.0027885272996707165,0.03434448454848182
4900,0.001,adam,4901,220.10260009765625,0.007479053028777626,0.0,0.0034083888549378944,0.04156294157815657,,,,
4901,0.001,adam,4902,220.1357581615448,0.007475098165373187,0.0,0.0024678005674947335,0.032153103840320524,,,,
4902,0.001,adam,4903,220.17076897621155,0.007470986216819992,0.0,0.003340041096652127,0.04087139718334126,,,,
4903,0.001,adam,4904,220.20296335220337,0.007487557216022929,0.0,0.0032983996242543917,0.040471553458566845,,,,
4904,0.001,adam,4905,220.23778080940247,0.007473586093706126,0.0,0.0034052321095670206,0.04152590718937633,,,,
4905,0.001,adam,4906,220.27196764945984,0.007479375065417555,0.0,0.003815942808858519,0.04563880315400275,,,,
4906,0.001,adam,4907,220.31048822402954,0.007472534726237697,0.0,0.004196291632020179,0.04943545104643948,,,,
4907,0.001,adam,4908,220.3412823677063,0.007479608125513808,0.0,0.0024922066832462576,0.032401674957976384,,,,
4908,0.001,adam,4909,220.37694144248962,0.007481483409625572,0.0,0.0022518855048207975,0.03000033845783355,,,,
4909,0.001,adam,4910,220.4104835987091,0.0074823290562536695,0.0,0.0030327365976645093,0.037809695032898764,,,,
4910,0.001,adam,4911,220.44715189933777,0.007497473968229691,0.0,0.0032854956714784373,0.040352430683014064,,,,
4911,0.001,adam,4912,220.48193049430847,0.007480673417994515,0.0,0.0040146772661572945,0.04762744607956746,,,,
4912,0.001,adam,4913,220.5120096206665,0.007467602770803433,0.0,0.0037820410664584727,0.04528801343538816,,,,
4913,0.001,adam,4914,220.54813385009766,0.007451037132825965,0.0,0.0033198258253175988,0.040649295386001955,,,,
4914,0.001,adam,4915,220.58264064788818,0.007452229543296045,0.0,0.002857498570278041,0.03602721524607645,,,,
4915,0.001,adam,4916,220.61423087120056,0.007450424593958391,0.0,0.0025583884364905503,0.033034308958863896,,,,
4916,0.001,adam,4917,220.6515610218048,0.007459223290425281,0.0,0.0028032593587258093,0.03549181687768337,,,,
4917,0.001,adam,4918,220.68442273139954,0.007477285941715439,0.0,0.0030922570008935007,0.03839985595065045,,,,
4918,0.001,adam,4919,220.71911025047302,0.007475967434563772,0.0,0.003373648604813483,0.041212453482698606,,,,
4919,0.001,adam,4920,220.754576921463,0.007480446313204009,0.0,0.0033598041061416394,0.0410784873746204,0.0064262301632969,0.0,0.0034714154723570674,0.041140384886867574
4920,0.001,adam,4921,220.80495524406433,0.007456872502388546,0.0,0.0032196536696293943,0.03965340919868249,,,,
4921,0.001,adam,4922,220.85088467597961,0.007441815436034336,0.0,0.00407437752277902,0.04818559066382454,,,,
4922,0.001,adam,4923,220.88433074951172,0.007452043608113519,0.0,0.004023833055554879,0.04769037416366231,,,,
4923,0.001,adam,4924,220.9151210784912,0.007460483172882434,0.0,0.0031311771871493413,0.03877225504437585,,,,
4924,0.001,adam,4925,220.94836044311523,0.007467886632240227,0.0,0.004886408328329305,0.05633196991553327,,,,
4925,0.001,adam,4926,220.9820592403412,0.007470080192980425,0.0,0.0028882511027798086,0.03635259122077851,,,,
4926,0.001,adam,4927,221.01766085624695,0.007461986770750726,0.0,0.003114727558302605,0.03860926235377678,,,,
4927,0.001,adam,4928,221.05004024505615,0.007487301091105021,0.0,0.003192636437203041,0.03941366546313543,,,,
4928,0.001,adam,4929,221.0858860015869,0.0074750139613568,0.0,0.0036618443429816037,0.04409345739117284,,,,
4929,0.001,adam,4930,221.11733031272888,0.007476293759360763,0.0,0.003442436159212259,0.04190065535148335,,,,
4930,0.001,adam,4931,221.15263199806213,0.007482601359171744,0.0,0.004114232462520604,0.04862492598437779,,,,
4931,0.001,adam,4932,221.18772745132446,0.007480888051840839,0.0,0.005287214745409701,0.060353035505937846,,,,
4932,0.001,adam,4933,221.2187967300415,0.007496691042084627,0.0,0.005574832072900837,0.063245011771093,,,,
4933,0.001,adam,4934,221.25767922401428,0.007520400204838408,0.0,0.00666363091233498,0.07415670932818821,,,,
4934,0.001,adam,4935,221.29225540161133,0.007492615055203137,0.0,0.005431052945268983,0.06180314450789297,,,,
4935,0.001,adam,4936,221.32491397857666,0.007470529312451803,0.0,0.004150788680212535,0.04897841611457715,,,,
4936,0.001,adam,4937,221.36293148994446,0.007446630089468638,0.0,0.003018797533907412,0.03763460542854276,,,,
4937,0.001,adam,4938,221.39239358901978,0.007458009462928001,0.0,0.003901138209335257,0.046469391556280576,,,,
4938,0.001,adam,4939,221.42987942695618,0.007456290101787437,0.0,0.004206564918292854,0.04952193928471598,,,,
4939,0.001,adam,4940,221.4643793106079,0.0074423381471659805,0.0,0.003372613130538161,0.04116846945254759,0.0064083257077576835,0.0,0.0027298900221835007,0.03370722592959269
4940,0.001,adam,4941,221.51141595840454,0.0074158432303187485,0.0,0.0028068363402636784,0.03548420663295553,,,,
4941,0.001,adam,4942,221.54656052589417,0.007416192384221512,0.0,0.0033932022646561205,0.04134821503078272,,,,
4942,0.001,adam,4943,221.58239102363586,0.00744672141251697,0.0,0.0054531999010159465,0.06197872042267644,,,,
4943,0.001,adam,4944,221.61280918121338,0.007451255344209399,0.0,0.007257215822851821,0.08002341357272762,,,,
4944,0.001,adam,4945,221.65179824829102,0.007470983468657997,0.0,0.009329679950540657,0.10076778297406457,,,,
4945,0.001,adam,4946,221.68797492980957,0.007457575567742654,0.0,0.010919476391264418,0.11665233948038684,,,,
4946,0.001,adam,4947,221.72045302391052,0.0074787789757071255,0.0,0.008751654152692028,0.09499532050262742,,,,
4947,0.001,adam,4948,221.754878282547,0.007444991325568624,0.0,0.007621856770288619,0.08366355902845482,,,,
4948,0.001,adam,4949,221.7874047756195,0.0074726069221196754,0.0,0.006311000033249,0.07058260725460967,,,,
4949,0.001,adam,4950,221.82820391654968,0.007459679992058328,0.0,0.13520354697485387,1.359495149740597,,,,
4950,0.001,adam,4951,221.8584303855896,0.007478670111690133,0.0,0.004160190606984748,0.04908057618153762,,,,
4951,0.001,adam,4952,221.89322185516357,0.007499093791444194,0.0,0.003511550570443253,0.042614599495876725,,,,
4952,0.001,adam,4953,221.9266393184662,0.007511357771422917,0.0,0.0053730425489661145,0.06124178326108406,,,,
4953,0.001,adam,4954,221.96318340301514,0.0075766700270415935,0.0,0.00672194400743244,0.074796110101366,,,,
4954,0.001,adam,4955,221.9921395778656,0.007550910995347285,0.0,0.006174385775960101,0.06929476875494829,,,,
4955,0.001,adam,4956,222.02865529060364,0.007578107920123873,0.0,0.004898196651537241,0.05656007443549629,,,,
4956,0.001,adam,4957,222.06409120559692,0.007545209021041719,0.0,0.003961416370543159,0.04715937272647332,,,,
4957,0.001,adam,4958,222.09723353385925,0.0075319529268611345,0.0,0.003304129605846922,0.04057324898533035,,,,
4958,0.001,adam,4959,222.132009267807,0.007507051469673087,0.0,0.002462117468536384,0.032128226155036924,,,,
4959,0.001,adam,4960,222.16928386688232,0.00749356233149707,0.0,0.0033761639989047564,0.04125520232054463,0.0064897978238152776,0.0,0.0039027477927222505,0.04551727575103778
4960,0.001,adam,4961,222.21685552597046,0.007501452249575135,0.0,0.004261301832697294,0.05011447057654808,,,,
4961,0.001,adam,4962,222.2525646686554,0.007486321538359836,0.0,0.004409425038629434,0.05158057192465417,,,,
4962,0.001,adam,4963,222.28422021865845,0.007486875110623936,0.0,0.0030384006253480196,0.03787088136410413,,,,
4963,0.001,adam,4964,222.32075834274292,0.007489542193052725,0.0,0.0023116724041228505,0.03060626623428123,,,,
4964,0.001,adam,4965,222.35699892044067,0.0075041382914354925,0.0,0.0029614466038790518,0.03711860433022601,,,,
4965,0.001,adam,4966,222.39447283744812,0.007496728188120412,0.0,0.002767523710296623,0.03517196529108664,,,,
4966,0.001,adam,4967,222.43062090873718,0.007488593699075935,0.0,0.0028837761586969456,0.03632635528604539,,,,
4967,0.001,adam,4968,222.4631130695343,0.007477596718589865,0.0,0.0028720705468110955,0.03619830218670082,,,,
4968,0.001,adam,4969,222.49638628959656,0.007461189337472163,0.0,0.002966340945791961,0.03712459879539177,,,,
4969,0.001,adam,4970,222.53267812728882,0.007448336972569234,0.0,0.00336349512411886,0.04108328821375783,,,,
4970,0.001,adam,4971,222.56513833999634,0.007426154538824231,0.0,0.002614922395071874,0.03357537848954297,,,,
4971,0.001,adam,4972,222.59870529174805,0.007431353061370001,0.0,0.002265622814232986,0.030087581203699858,,,,
4972,0.001,adam,4973,222.6343593597412,0.007440031054889676,0.0,0.002245429632790131,0.029894327382790985,,,,
4973,0.001,adam,4974,222.6692430973053,0.0074515201348046576,0.0,0.0031391510650095773,0.03884303078490043,,,,
4974,0.001,adam,4975,222.702374458313,0.007453318253417787,0.0,0.0032438744428821297,0.039892062682239084,,,,
4975,0.001,adam,4976,222.735591173172,0.0074599799852445355,0.0,0.0025158477630199795,0.03261845761544433,,,,
4976,0.001,adam,4977,222.7680537700653,0.007469931398222183,0.0,0.0023702906385893166,0.03117283778411535,,,,
4977,0.001,adam,4978,222.8021342754364,0.007464155971784461,0.0,0.002673043712055448,0.03419459309233894,,,,
4978,0.001,adam,4979,222.83680081367493,0.007459313618700604,0.0,0.00210836953556812,0.028543008974381803,,,,
4979,0.001,adam,4980,222.87217211723328,0.007446433027848818,0.0,0.0029035499499827965,0.03648193252767678,0.00643135827337199,0.0,0.003537395639325253,0.041805314666624516
4980,0.001,adam,4981,222.9219150543213,0.007449673199192828,0.0,0.003707905307227321,0.044528726271466035,,,,
4981,0.001,adam,4982,222.95337200164795,0.007435286182352033,0.0,0.004258545310021409,0.05002073928256612,,,,
4982,0.001,adam,4983,222.98820614814758,0.007433946250224372,0.0,0.004361305973980026,0.05104700599002463,,,,
4983,0.001,adam,4984,223.02305054664612,0.0074359073086803645,0.0,0.0035225121214899806,0.04266102852358017,,,,
4984,0.001,adam,4985,223.05614233016968,0.007444027206842274,0.0,0.0023857951300627635,0.03130197850746991,,,,
4985,0.001,adam,4986,223.0918893814087,0.007448324122650066,0.0,0.002176099752145779,0.029209321644107857,,,,
4986,0.001,adam,4987,223.12981963157654,0.00745326078994333,0.0,0.003101274236182222,0.03846600315176555,,,,
4987,0.001,adam,4988,223.16084790229797,0.007451158685293193,0.0,0.0024729080406550364,0.03218023909184356,,,,
4988,0.001,adam,4989,223.1905381679535,0.007453538316720079,0.0,0.003323173862122451,0.04068527693794459,,,,
4989,0.001,adam,4990,223.22837615013123,0.0074487515306241635,0.0,0.004359052333811368,0.05103927486873785,,,,
4990,0.001,adam,4991,223.2624316215515,0.007461272558468257,0.0,0.0038645352923283387,0.046106625481751644,,,,
4991,0.001,adam,4992,223.297780752182,0.007444126300494301,0.0,0.0038373915711198254,0.04581804201169255,,,,
4992,0.001,adam,4993,223.33230876922607,0.007428923447642236,0.0,0.002545279649879114,0.03288171994643338,,,,
4993,0.001,adam,4994,223.36725449562073,0.0074097116764412305,0.0,0.001965158267417214,0.02706129435061337,,,,
4994,0.001,adam,4995,223.40258693695068,0.007393325052880841,0.0,0.0025904728679874136,0.033298053732754976,,,,
4995,0.001,adam,4996,223.4350504875183,0.0073978595689661855,0.0,0.0036562356894088823,0.04396021646305501,,,,
4996,0.001,adam,4997,223.46987962722778,0.007399060731060075,0.0,0.005889912505921029,0.06629818579027036,,,,
4997,0.001,adam,4998,223.50493669509888,0.007419721771970174,0.0,0.006633575417257298,0.07375547594454315,,,,
4998,0.001,adam,4999,223.5392360687256,0.007427400264398806,0.0,0.0062496319902774775,0.06992372016717358,,,,
4999,0.001,adam,5000,223.57729959487915,0.007433955066016483,0.0,0.004080921524507794,0.04824317031109442,0.006460786191779741,0.0,0.002424415196875572,0.03070493816053546
5000,0.001,adam,5001,223.63052344322205,0.007430802201299124,0.0,0.002424138340190974,0.03167218560320886,,,,
5001,0.001,adam,5002,223.66748023033142,0.007429134375495947,0.0,0.0027180923419206473,0.034610057794702415,,,,
5002,0.001,adam,5003,223.6991319656372,0.007422436776626424,0.0,0.0032977824594610113,0.040400261371236534,,,,
5003,0.001,adam,5004,223.729389667511,0.0074001128877612486,0.0,0.0048495664812159955,0.055895777699921205,,,,
5004,0.001,adam,5005,223.76436066627502,0.007400033346486887,0.0,0.0042948783103464155,0.050348816449951046,,,,
5005,0.001,adam,5006,223.79646682739258,0.00738974691395048,0.0,0.004042522175093729,0.047814968664887776,,,,
5006,0.001,adam,5007,223.83309769630432,0.0074005324251347785,0.0,0.00280796951979181,0.035480227623052876,,,,
5007,0.001,adam,5008,223.86885619163513,0.00739647760261389,0.0,0.002411660538672111,0.031513082989335,,,,
5008,0.001,adam,5009,223.90456652641296,0.0073884430650131665,0.0,0.0038252599793095255,0.045641042858108424,,,,
5009,0.001,adam,5010,223.93599677085876,0.007402690134929782,0.0,0.004140833420073484,0.048811024335664616,,,,
5010,0.001,adam,5011,223.97249555587769,0.007395601834504842,0.0,0.005218978248574042,0.059585384320245266,,,,
5011,0.001,adam,5012,224.0078525543213,0.007415615719453291,0.0,0.006074570223551792,0.06816131795497121,,,,
5012,0.001,adam,5013,224.04597330093384,0.007422021251793889,0.0,0.0050687606792660924,0.05810962804445481,,,,
5013,0.001,adam,5014,224.07799077033997,0.007433904956490798,0.0,0.23583304661787996,2.3657643711352905,,,,
5014,0.001,adam,5015,224.1138210296631,0.007425444246301322,0.0,0.0022448385703734875,0.029873829950036197,,,,
5015,0.001,adam,5016,224.14821028709412,0.007427641781604653,0.0,0.0022077335711819164,0.029504977493423817,,,,
5016,0.001,adam,5017,224.17936396598816,0.007435682884566367,0.0,0.0025147999225874447,0.03258368211044081,,,,
5017,0.001,adam,5018,224.21435165405273,0.007418759702555019,0.0,0.0030543216090573463,0.03796197579312848,,,,
5018,0.001,adam,5019,224.2465717792511,0.007409119068788203,0.0,0.004247427455135384,0.04988339362014205,,,,
5019,0.001,adam,5020,224.28236317634583,0.007386875858360443,0.0,0.0076041668397840104,0.08342854425620054,0.006416938613902796,0.0,0.009124679387511037,0.09766373248901317
5020,0.001,adam,5021,224.33337235450745,0.007442103630788372,0.0,0.009865678197989622,0.10609888561068459,,,,
5021,0.001,adam,5022,224.36830806732178,0.0074200781445687885,0.0,0.012454908328308017,0.13196916142764897,,,,
5022,0.001,adam,5023,224.40186882019043,0.007440666568846213,0.0,0.01347980373543754,0.1422387039232216,,,,
5023,0.001,adam,5024,224.43468976020813,0.007420068826989176,0.0,0.008748031518594832,0.09490038401293749,,,,
5024,0.001,adam,5025,224.47065472602844,0.007432686449433156,0.0,0.004414274558576313,0.05157543203519629,,,,
5025,0.001,adam,5026,224.5016746520996,0.007405821630682266,0.0,0.0027156354581222676,0.03456217621190494,,,,
5026,0.001,adam,5027,224.5360550880432,0.007403325455057225,0.0,0.006332897458369615,0.07073230003875339,,,,
5027,0.001,adam,5028,224.5710973739624,0.0074246194500870305,0.0,0.0067138797054980244,0.07456341650506727,,,,
5028,0.001,adam,5029,224.60825753211975,0.007392011007591347,0.0,0.007660883323937359,0.08400084424696494,,,,
5029,0.001,adam,5030,224.64302396774292,0.007399132346939625,0.0,0.0058556308733902504,0.06595544108084213,,,,
5030,0.001,adam,5031,224.67522978782654,0.0073828480155250335,0.0,0.0036327033279839717,0.04370988129536475,,,,
5031,0.001,adam,5032,224.7112638950348,0.007390610844830028,0.0,0.002585033030630413,0.03324094115113416,,,,
5032,0.001,adam,5033,224.7409119606018,0.007406069572022423,0.0,0.003174946271252968,0.039155532284552104,,,,
5033,0.001,adam,5034,224.78041577339172,0.007387444542566303,0.0,0.00616028142927776,0.0689902588353439,,,,
5034,0.001,adam,5035,224.8133111000061,0.00742440957426503,0.0,0.005219218660906385,0.059616596183328874,,,,
5035,0.001,adam,5036,224.84803700447083,0.007420870433314722,0.0,0.003948557596452519,0.04690644639783991,,,,
5036,0.001,adam,5037,224.88010597229004,0.007412524387998841,0.0,0.0025686338394384873,0.03309886278238371,,,,
5037,0.001,adam,5038,224.9162256717682,0.007408925100272801,0.0,0.003328406013191167,0.04069298523218447,,,,
5038,0.001,adam,5039,224.95217061042786,0.007378957711623431,0.0,0.0037467556114762074,0.044846513826385506,,,,
5039,0.001,adam,5040,224.98627972602844,0.00738753376395976,0.0,0.0035130089270331262,0.04251762303429102,0.006328340129228737,0.0,0.002891247600631557,0.035240816135544306
5040,0.001,adam,5041,225.03471875190735,0.007370699693646916,0.0,0.0033474110450065152,0.040844810143712065,,,,
5041,0.001,adam,5042,225.06603598594666,0.007357227995095744,0.0,0.008226128326045499,0.08961851125555073,,,,
5042,0.001,adam,5043,225.1079568862915,0.007388224534158404,0.0,0.003321323354955824,0.040601458083716645,,,,
5043,0.001,adam,5044,225.13940477371216,0.0073707576894633435,0.0,0.0037068702249327947,0.044439459938791295,,,,
5044,0.001,adam,5045,225.1705882549286,0.007407125797911897,0.0,0.003530729873547889,0.042714424533390784,,,,
5045,0.001,adam,5046,225.20695638656616,0.007396982946328791,0.0,0.09431967623512963,0.9505937452976251,,,,
5046,0.001,adam,5047,225.23952984809875,0.0074041238841057325,0.0,0.0028627456767538447,0.03603158065164418,,,,
5047,0.001,adam,5048,225.2782337665558,0.007440682661270682,0.0,0.003445428164934046,0.04189496431061114,,,,
5048,0.001,adam,5049,225.31609797477722,0.007413070959717101,0.0,0.005994379575844197,0.06735686671815908,,,,
5049,0.001,adam,5050,225.35399222373962,0.007423712335022406,0.0,0.004655916514106954,0.05398287747609194,,,,
5050,0.001,adam,5051,225.387704372406,0.00737838273321138,0.0,0.003333606764042855,0.040714450373639924,,,,
5051,0.001,adam,5052,225.42493867874146,0.0073829701347709435,0.0,0.002406153921478915,0.0314445093495601,,,,
5052,0.001,adam,5053,225.4579312801361,0.007383761344253495,0.0,0.0032107130884168563,0.03949089222842206,,,,
5053,0.001,adam,5054,225.49241018295288,0.007382536318867642,0.0,0.003449271257788032,0.041875248896747964,,,,
5054,0.001,adam,5055,225.5236415863037,0.007412649607625343,0.0,0.004916153069784379,0.05657418030546914,,,,
5055,0.001,adam,5056,225.56081104278564,0.007402153178218823,0.0,0.004722462028840311,0.05462677346662194,,,,
5056,0.001,adam,5057,225.59609365463257,0.007413999197377821,0.0,0.005281637328451641,0.06023037248189423,,,,
5057,0.001,adam,5058,225.6297676563263,0.007378907796006439,0.0,0.0023109384974535963,0.0304882927705424,,,,
5058,0.001,adam,5059,225.66447830200195,0.00737669297014433,0.0,0.0024319578451822824,0.031696271421967154,,,,
5059,0.001,adam,5060,225.6990828514099,0.007389441952337035,0.0,0.003221475550642991,0.03960419745876694,0.0063821771865439185,0.0,0.004249299808017925,0.048875175266723164
5060,0.001,adam,5061,225.74888443946838,0.0073945684065275285,0.0,0.00399327190279518,0.04732728743447933,,,,
5061,0.001,adam,5062,225.7824568748474,0.0074207172912724405,0.0,0.004888998140039147,0.05631069869166391,,,,
5062,0.001,adam,5063,225.81687259674072,0.007385628890687846,0.0,0.004513290746175282,0.052518536352440665,,,,
5063,0.001,adam,5064,225.84916067123413,0.007389795955056428,0.0,0.0030957947505503283,0.03834774346055971,,,,
5064,0.001,adam,5065,225.8890814781189,0.007387214834810931,0.0,0.003031697323995159,0.03770418807476252,,,,
5065,0.001,adam,5066,225.9203429222107,0.007384273024258698,0.0,0.0018989609246653587,0.026373882270912287,,,,
5066,0.001,adam,5067,225.95343327522278,0.00736789162351378,0.0,0.0027361757011852995,0.034729648635366775,,,,
5067,0.001,adam,5068,225.9876754283905,0.007352500530304255,0.0,0.0030203799985181984,0.03755630051548624,,,,
5068,0.001,adam,5069,226.02184653282166,0.00735193221228172,0.0,0.003144304335259053,0.03879497556487225,,,,
5069,0.001,adam,5070,226.05401420593262,0.007341081416991938,0.0,0.0035817274290421185,0.043158355707413124,,,,
5070,0.001,adam,5071,226.0919017791748,0.007328685915410534,0.0,0.0020697944879687373,0.028026630795097908,,,,
5071,0.001,adam,5072,226.12436389923096,0.00731955298822671,0.0,0.0020219799185801114,0.027539352174027823,,,,
5072,0.001,adam,5073,226.16052150726318,0.0073197424728475855,0.0,0.0027146484611620864,0.03446622708446845,,,,
5073,0.001,adam,5074,226.19722771644592,0.007336842280767446,0.0,0.003086681497374369,0.038203657254511136,,,,
5074,0.001,adam,5075,226.22930335998535,0.007331148163319875,0.0,0.0031829868169124566,0.03916101633244444,,,,
5075,0.001,adam,5076,226.26285243034363,0.007343552407572435,0.0,0.0033936301030107418,0.041279853437679856,,,,
5076,0.001,adam,5077,226.29746198654175,0.00734469521496195,0.0,0.00252671696130201,0.03261186482798205,,,,
5077,0.001,adam,5078,226.3298099040985,0.007353398719278064,0.0,0.002203995815854688,0.029393356877824944,,,,
5078,0.001,adam,5079,226.36776542663574,0.007356293388197344,0.0,0.0023558261188642076,0.03091455457683942,,,,
5079,0.001,adam,5080,226.40017199516296,0.007346433993885106,0.0,0.0029625488823753934,0.036971922817639044,0.006313060913104648,0.0,0.003886854437872403,0.04518160529182868
5080,0.001,adam,5081,226.45033073425293,0.007346921551353395,0.0,0.0035922658357892255,0.043269579909245647,,,,
5081,0.001,adam,5082,226.4828724861145,0.007336615437509538,0.0,0.0033772136022812054,0.04110875146032159,,,,
5082,0.001,adam,5083,226.5167531967163,0.007328147111506334,0.0,0.0026086933168515776,0.03341508028002211,,,,
5083,0.001,adam,5084,226.54818773269653,0.0073233766869157816,0.0,0.0025205888363492787,0.03252926505040857,,,,
5084,0.001,adam,5085,226.58452081680298,0.007328382447772562,0.0,0.0029729008819678287,0.03705739126745085,,,,
5085,0.001,adam,5086,226.6198856830597,0.00733652159617433,0.0,0.003089075038508752,0.03822727198126185,,,,
5086,0.001,adam,5087,226.6555736064911,0.007342469197562015,0.0,0.002767051050682925,0.03501297970439126,,,,
5087,0.001,adam,5088,226.68685007095337,0.007345473875818868,0.0,0.0029958186086775467,0.037303659962594334,,,,
5088,0.001,adam,5089,226.7249460220337,0.007355518394238354,0.0,0.00264216653522542,0.03377718374649256,,,,
5089,0.001,adam,5090,226.76008439064026,0.007337661458357544,0.0,0.003098405921313082,0.03832172067148836,,,,
5090,0.001,adam,5091,226.7919056415558,0.007350345014474197,0.0,0.004377506804098315,0.05112541305545734,,,,
5091,0.001,adam,5092,226.82692623138428,0.007332118334291442,0.0,0.005733975099955345,0.06467186933384489,,,,
5092,0.001,adam,5093,226.8643181324005,0.007350926765494674,0.0,0.007983308644031134,0.08718401320580602,,,,
5093,0.001,adam,5094,226.89545392990112,0.0073428972484176425,0.0,0.009583136505833886,0.10317426230675651,,,,
5094,0.001,adam,5095,226.93185257911682,0.00738233731517075,0.0,0.008834348557920325,0.09572582289437401,,,,
5095,0.001,adam,5096,226.96720933914185,0.007340560813822114,0.0,0.006893026974099961,0.07627083055482173,,,,
5096,0.001,adam,5097,227.003005027771,0.007334777562739562,0.0,0.005143087988168235,0.058765657444421915,,,,
5097,0.001,adam,5098,227.03414630889893,0.0073253285430955675,0.0,0.004351150059821679,0.05083682914131236,,,,
5098,0.001,adam,5099,227.07154536247253,0.0073314459440248754,0.0,0.003149108875903333,0.03882253470305821,,,,
5099,0.001,adam,5100,227.10505628585815,0.007332696756116209,0.0,0.00202156711779324,0.027548367934048613,0.0063240107356187176,0.0,0.0024269284956696725,0.03059329569231544
5100,0.001,adam,5101,227.15321588516235,0.00733090179100584,0.0,0.002238004101547379,0.02971094280647963,,,,
5101,0.001,adam,5102,227.18765091896057,0.007332182582231267,0.0,0.0029311041259193153,0.03664322384142442,,,,
5102,0.001,adam,5103,227.22348618507385,0.007333122070368471,0.0,0.0036238683546795476,0.04357180561716395,,,,
5103,0.001,adam,5104,227.25858736038208,0.007324269969256318,0.0,0.002713313154154596,0.034457401510802274,,,,
5104,0.001,adam,5105,227.29054236412048,0.007313786311520264,0.0,0.0027478523767198388,0.03479231007871865,,,,
5105,0.001,adam,5106,227.32462668418884,0.00731540311586999,0.0,0.0024603981425681846,0.03191938454155184,,,,
5106,0.001,adam,5107,227.3625030517578,0.007328787477111737,0.0,0.002881026696360575,0.03613905444071749,,,,
5107,0.001,adam,5108,227.39731454849243,0.00733023274566357,0.0,0.0022167616927519004,0.029497849673182572,,,,
5108,0.001,adam,5109,227.42681193351746,0.007336586084403268,0.0,0.0029313990621507914,0.03665057670591118,,,,
5109,0.001,adam,5110,227.46327662467957,0.007339174733555035,0.0,0.003698920304925998,0.044328377782815016,,,,
5110,0.001,adam,5111,227.50105094909668,0.007349366065240681,0.0,0.004994953421993099,0.05729890028517168,,,,
5111,0.001,adam,5112,227.53696274757385,0.007330830643800414,0.0,0.004285402292652849,0.0501848535703289,,,,
5112,0.001,adam,5113,227.57173609733582,0.0073189774656763715,0.0,0.003012933700704879,0.03744831447272516,,,,
5113,0.001,adam,5114,227.60696530342102,0.007313738489402652,0.0,0.002259377673477351,0.02990751522417616,,,,
5114,0.001,adam,5115,227.64078831672668,0.007325255287696212,0.0,0.00323889659995443,0.03971422128724051,,,,
5115,0.001,adam,5116,227.67579102516174,0.007333214119748271,0.0,0.004148158839092408,0.048814802510672356,,,,
5116,0.001,adam,5117,227.7075216770172,0.007340433622783984,0.0,0.004596896579788483,0.05330939942066882,,,,
5117,0.001,adam,5118,227.74256777763367,0.007327995483701594,0.0,0.003927471657577226,0.04660271205947386,,,,
5118,0.001,adam,5119,227.77941060066223,0.007320452272830372,0.0,0.0032157593954618992,0.03947804622744937,,,,
5119,0.001,adam,5120,227.81040716171265,0.007318990515608047,0.0,0.003067017982604691,0.03798917034165496,0.006329902348897264,0.0,0.0030246593986112307,0.03657649633500957
5120,0.001,adam,5121,227.8625774383545,0.00731372907755722,0.0,0.0028583738798482797,0.03589746787604002,,,,
5121,0.001,adam,5122,227.89474058151245,0.007313185202183749,0.0,0.002178743568765695,0.0291006208898407,,,,
5122,0.001,adam,5123,227.9291307926178,0.007300045814510704,0.0,0.0021423137268650415,0.02872318308316112,,,,
5123,0.001,adam,5124,227.96591806411743,0.007291704314230566,0.0,0.0028669822236189217,0.03596152655041979,,,,
5124,0.001,adam,5125,228.00200653076172,0.0072972877176924154,0.0,0.004398859325727714,0.051285880974969555,,,,
5125,0.001,adam,5126,228.03415989875793,0.007290077564224822,0.0,0.005738133471229645,0.06467141227652128,,,,
5126,0.001,adam,5127,228.06766653060913,0.007321279957515975,0.0,0.006692400872642332,0.07424528868393929,,,,
5127,0.001,adam,5128,228.10212206840515,0.007330601395017058,0.0,0.008884868804065964,0.09617928943567669,,,,
5128,0.001,adam,5129,228.1339237689972,0.007348968444494964,0.0,0.008119381821965182,0.08854278666414679,,,,
5129,0.001,adam,5130,228.16699171066284,0.007311962434650511,0.0,0.005770404397269514,0.06501600640734566,,,,
5130,0.001,adam,5131,228.2019441127777,0.007314209152661052,0.0,0.002296663714244767,0.030280846295108722,,,,
5131,0.001,adam,5132,228.24012684822083,0.007315211307128301,0.0,0.002636142255373065,0.03367663386085895,,,,
5132,0.001,adam,5133,228.2758994102478,0.007292489900137412,0.0,0.004679647420534693,0.05408896410548435,,,,
5133,0.001,adam,5134,228.30979990959167,0.007307676096957037,0.0,0.007106389362227417,0.0783715697192312,,,,
5134,0.001,adam,5135,228.34674787521362,0.007295750583346966,0.0,0.006041203198150885,0.06770778256485582,,,,
5135,0.001,adam,5136,228.37985968589783,0.007313009033367541,0.0,0.0045958350917522945,0.05327135995089048,,,,
5136,0.001,adam,5137,228.4151782989502,0.007297759893055138,0.0,0.003678324642051102,0.04408100631356616,,,,
5137,0.001,adam,5138,228.44584393501282,0.007280036813213698,0.0,0.003099032852615054,0.03827036533936423,,,,
5138,0.001,adam,5139,228.48137736320496,0.007299624520232581,0.0,0.003637043978763431,0.04367006430786689,,,,
5139,0.001,adam,5140,228.51572227478027,0.007270781719676932,0.0,0.004463473004936822,0.05190551176904515,0.006309863279826886,0.0,0.004980926468159777,0.05611912796142465
5140,0.001,adam,5141,228.56608986854553,0.007289973243815035,0.0,0.0051297632053039464,0.0585876052968545,,,,
5141,0.001,adam,5142,228.60183548927307,0.007280149634055137,0.0,0.004038733566182865,0.04766748529588379,,,,
5142,0.001,adam,5143,228.636323928833,0.007280998431054766,0.0,0.0029278493616755183,0.03655949204780995,,,,
5143,0.001,adam,5144,228.6713969707489,0.007283396377333225,0.0,0.002144645416450125,0.028729850541834474,,,,
5144,0.001,adam,5145,228.7048888206482,0.0072819469481638635,0.0,0.00239888086278432,0.031270755576007066,,,,
5145,0.001,adam,5146,228.73765444755554,0.007295394894240943,0.0,0.0035997826424386302,0.04329322131862724,,,,
5146,0.001,adam,5147,228.77136039733887,0.007276938380353053,0.0,0.0028144630743042686,0.03542156912339574,,,,
5147,0.001,adam,5148,228.80794477462769,0.007284539650246805,0.0,0.0029822502518412576,0.037107042168659385,,,,
5148,0.001,adam,5149,228.84133744239807,0.007288204249683144,0.0,0.002460522703792554,0.03189343128760868,,,,
5149,0.001,adam,5150,228.87500429153442,0.007300558263846048,0.0,0.0021524659510898272,0.02882521777474432,,,,
5150,0.001,adam,5151,228.90806365013123,0.00729499666121649,0.0,0.006770223412938678,0.07499723079060328,,,,
5151,0.001,adam,5152,228.94451522827148,0.007275663152387371,0.0,0.002501605905638508,0.032291722208772446,,,,
5152,0.001,adam,5153,228.9816391468048,0.007271934421022664,0.0,0.0024625686475923123,0.03189762089694578,,,,
5153,0.001,adam,5154,229.012836933136,0.007266382443053549,0.0,0.0024764677494804885,0.03203105993785843,,,,
5154,0.001,adam,5155,229.04613542556763,0.007277480093386332,0.0,0.0022681496864250493,0.029958976957636826,,,,
5155,0.001,adam,5156,229.08574628829956,0.007265190414531827,0.0,0.002355473656114672,0.030819926975678546,,,,
5156,0.001,adam,5157,229.1206157207489,0.007266633190832759,0.0,0.0025262635934772044,0.032529269125604804,,,,
5157,0.001,adam,5158,229.15444421768188,0.007270389954983517,0.0,0.0023770307893892445,0.03104069784887596,,,,
5158,0.001,adam,5159,229.18737411499023,0.007267727463944243,0.0,0.002285205177590706,0.0301197792398513,,,,
5159,0.001,adam,5160,229.22161960601807,0.007262394458325045,0.0,0.002501285342127775,0.03227524787960279,0.006258494797207076,0.0,0.0023081679326068722,0.029340174123275796
5160,0.001,adam,5161,229.28207802772522,0.007256330752084802,0.0,0.0022444028472374433,0.029700359224459235,,,,
5161,0.001,adam,5162,229.31421327590942,0.00724932855995811,0.0,0.002332490475538259,0.0305742333153407,,,,
5162,0.001,adam,5163,229.34739899635315,0.007250327792917379,0.0,0.0020768765566285007,0.028019093359202385,,,,
5163,0.001,adam,5164,229.3817720413208,0.007259171397026064,0.0,0.0023334414869569968,0.030593586266596032,,,,
5164,0.001,adam,5165,229.41153073310852,0.007263882837076015,0.0,0.0021933203936048383,0.0291970867731244,,,,
5165,0.001,adam,5166,229.45536422729492,0.0072668181734173685,0.0,0.0025727545797648646,0.03299436397106602,,,,
5166,0.001,adam,5167,229.4892463684082,0.007260820024471501,0.0,0.003458868495682432,0.041849504981295825,,,,
5167,0.001,adam,5168,229.52065086364746,0.007269982705880256,0.0,0.0023624528283689846,0.030894510989570103,,,,
5168,0.001,adam,5169,229.55682063102722,0.007265735699971211,0.0,0.0022746026289161476,0.030011761989132687,,,,
5169,0.001,adam,5170,229.58780193328857,0.007263560866040345,0.0,0.002525481577931712,0.032518376645357464,,,,
5170,0.001,adam,5171,229.62452292442322,0.007261456757659576,0.0,0.0028091637810861796,0.03535309456852137,,,,
5171,0.001,adam,5172,229.66011214256287,0.0072699246662410654,0.0,0.002751525107230949,0.034785175738550556,,,,
5172,0.001,adam,5173,229.69456219673157,0.007253006343708694,0.0,0.002858696505114218,0.03583997139485087,,,,
5173,0.001,adam,5174,229.72918438911438,0.007247650986992869,0.0,0.0019839214741084587,0.027086865728077454,,,,
5174,0.001,adam,5175,229.76237416267395,0.007237737259633641,0.0,0.0022104559793317577,0.02934229705295122,,,,
5175,0.001,adam,5176,229.79599356651306,0.007241701887518477,0.0,0.002132897949235519,0.028570681379873668,,,,
5176,0.001,adam,5177,229.82865381240845,0.007239794077703054,0.0,0.0019607233156722346,0.026847027234425398,,,,
5177,0.001,adam,5178,229.8641278743744,0.007244198715122265,0.0,0.0019374365200895073,0.026618563916017336,,,,
5178,0.001,adam,5179,229.896390914917,0.007251718017420062,0.0,0.0023006889491783257,0.030258607509203318,,,,
5179,0.001,adam,5180,229.9324128627777,0.00724602867885909,0.0,0.0022862116432578175,0.030108145111437265,0.006256390746410691,0.0,0.0027031621806477618,0.03328801255288831
5180,0.001,adam,5181,229.9845380783081,0.007262772231931135,0.0,0.0024431534595057386,0.031694306826988525,,,,
5181,0.001,adam,5182,230.02205610275269,0.0072558220748029185,0.0,0.0024553479866856265,0.03180930194165918,,,,
5182,0.001,adam,5183,230.0567524433136,0.007253855600329143,0.0,0.0024623092896871287,0.03187694849720043,,,,
5183,0.001,adam,5184,230.09178638458252,0.0072469943077190235,0.0,0.002150155868215082,0.028748552989869842,,,,
5184,0.001,adam,5185,230.12333059310913,0.007243557255918745,0.0,0.0020295445823930334,0.02753900307984908,,,,
5185,0.001,adam,5186,230.15841388702393,0.007252846140022961,0.0,0.002634192900544687,0.03359477514546983,,,,
5186,0.001,adam,5187,230.19329023361206,0.00725603356984492,0.0,0.004422180178164778,0.051477835351492696,,,,
5187,0.001,adam,5188,230.22515606880188,0.00726895424554597,0.0,0.006949122337306117,0.07676017761860714,,,,
5188,0.001,adam,5189,230.26005387306213,0.007252506475973177,0.0,0.008649459343543395,0.09374709991140713,,,,
5189,0.001,adam,5190,230.29644012451172,0.007258910335804447,0.0,0.011034610190724123,0.11760501224304568,,,,
5190,0.001,adam,5191,230.32982635498047,0.007233001586704598,0.0,0.012729620287895472,0.1345292044656593,,,,
5191,0.001,adam,5192,230.36323857307434,0.0072665286605559844,0.0,0.012236784559094068,0.12963437425149668,,,,
5192,0.001,adam,5193,230.40059781074524,0.007231144593548555,0.0,0.009217793470154858,0.09940907929509714,,,,
5193,0.001,adam,5194,230.43086695671082,0.007255478906717937,0.0,0.005705413738748242,0.06430961629420036,,,,
5194,0.001,adam,5195,230.46350121498108,0.007243201002363826,0.0,0.003647220157278448,0.043715402575148304,,,,
5195,0.001,adam,5196,230.5063991546631,0.007251873551654547,0.0,0.004550054453669458,0.05275241808834913,,,,
5196,0.001,adam,5197,230.54512524604797,0.007232051257404534,0.0,0.004245387189046881,0.049685923147873345,,,,
5197,0.001,adam,5198,230.57950925827026,0.007216185271053442,0.0,0.003478746053504845,0.04200364580610189,,,,
5198,0.001,adam,5199,230.61031532287598,0.00722347030752525,0.0,0.002800257022304744,0.03522604053057269,,,,
5199,0.001,adam,5200,230.64182567596436,0.0072276300742321,0.0,0.0033044216311334156,0.04027184638556625,0.0062635621667637,0.0,0.003798779243507045,0.04425135460183415
5200,0.001,adam,5201,230.69403219223022,0.007221103224799714,0.0,0.0038520985550742426,0.04574208877554214,,,,
5201,0.001,adam,5202,230.72920608520508,0.0072486338395323655,0.0,0.011199256139603257,0.11924119523556494,,,,
5202,0.001,adam,5203,230.76420044898987,0.007228020663973421,0.0,0.003974835707620647,0.04697637774017989,,,,
5203,0.001,adam,5204,230.79656219482422,0.007271493472353096,0.0,0.00338136452598962,0.041085138732249296,,,,
5204,0.001,adam,5205,230.8322455883026,0.0072420839592104444,0.0,0.003578433192958587,0.04302641588879631,,,,
5205,0.001,adam,5206,230.86523699760437,0.007237685822922063,0.0,0.0037508425286312923,0.04474611110923499,,,,
5206,0.001,adam,5207,230.90252041816711,0.007230153702095762,0.0,0.003347503622965824,0.040705189931753996,,,,
5207,0.001,adam,5208,230.9347047805786,0.007209522962751146,0.0,0.002485284827457611,0.032062371237327254,,,,
5208,0.001,adam,5209,230.97036337852478,0.00722463738858381,0.0,0.0034602010824544465,0.04182664821312827,,,,
5209,0.001,adam,5210,231.0031533241272,0.0072154404515780415,0.0,0.004408640291156285,0.05130184336314089,,,,
5210,0.001,adam,5211,231.03813004493713,0.007259342783209544,0.0,0.004956475080961621,0.05682409359282575,,,,
5211,0.001,adam,5212,231.07054328918457,0.0071944259119478115,0.0,0.0028507434308741707,0.03570186022068952,,,,
5212,0.001,adam,5213,231.1023769378662,0.007187098880310715,0.0,0.0026485796172345077,0.03367289505265579,,,,
5213,0.001,adam,5214,231.1382851600647,0.007193280081132752,0.0,0.002800615192537233,0.03519943200650508,,,,
5214,0.001,adam,5215,231.17420172691345,0.00718547462247395,0.0,0.004016270714505045,0.0473481817675244,,,,
5215,0.001,adam,5216,231.21497988700867,0.007194662897851015,0.0,0.004640713927716906,0.05360180217502008,,,,
5216,0.001,adam,5217,231.25147819519043,0.007187755694714238,0.0,0.004038529824389584,0.04757305393861008,,,,
5217,0.001,adam,5218,231.28488492965698,0.007220534710302761,0.0,0.004463494926983497,0.05185548398013773,,,,
5218,0.001,adam,5219,231.31550431251526,0.007227256244586762,0.0,0.004222141555195739,0.04944867179654415,,,,
5219,0.001,adam,5220,231.35063409805298,0.007241553288081094,0.0,0.004025058159802639,0.04749213488610748,0.006279904164795444,0.0,0.002730763202214119,0.033587536186936634
5220,0.001,adam,5221,231.40227007865906,0.007234376530979094,0.0,0.003040204122061383,0.037636417751592925,,,,
5221,0.001,adam,5222,231.4342555999756,0.007224378694489405,0.0,0.0020592020306915843,0.02781639900140525,,,,
5222,0.001,adam,5223,231.46864414215088,0.0072160072509701205,0.0,0.0027656618523542605,0.03487262577451273,,,,
5223,0.001,adam,5224,231.50378966331482,0.007197860915338456,0.0,0.003659794341054114,0.043795804325879595,,,,
5224,0.001,adam,5225,231.53783679008484,0.007206545148805626,0.0,0.004062135062610654,0.04782789577491217,,,,
5225,0.001,adam,5226,231.57083535194397,0.0071905845780543785,0.0,0.004039535461012084,0.04758593918817522,,,,
5226,0.001,adam,5227,231.60524010658264,0.007212491677433583,0.0,0.00426636379705995,0.04987612964803308,,,,
5227,0.001,adam,5228,231.6399965286255,0.007206846212222242,0.0,0.003842196688274654,0.04562881309496878,,,,
5228,0.001,adam,5229,231.67474269866943,0.007225936073053916,0.0,0.003512941553997751,0.04235535161303143,,,,
5229,0.001,adam,5230,231.7092261314392,0.007220046834939448,0.0,0.0021606570449236567,0.028826617284176015,,,,
5230,0.001,adam,5231,231.7421042919159,0.007215625560637415,0.0,0.0019650537035280505,0.026866162595917918,,,,
5231,0.001,adam,5232,231.77778387069702,0.0072166655124133,0.0,0.002590977306142009,0.03312643857383339,,,,
5232,0.001,adam,5233,231.81133317947388,0.007213953264895454,0.0,0.003471429163852195,0.04192824490341741,,,,
5233,0.001,adam,5234,231.85237336158752,0.007211531538075372,0.0,0.003599359658155264,0.04320512811962801,,,,
5234,0.001,adam,5235,231.88549709320068,0.0071947471240458,0.0,0.0031072722617755282,0.038267469741801084,,,,
5235,0.001,adam,5236,231.9233365058899,0.007190072662387296,0.0,0.0037198529524534335,0.04438860218692163,,,,
5236,0.001,adam,5237,231.9571189880371,0.0071816863593277954,0.0,0.0041974856572809865,0.04915654293213766,,,,
5237,0.001,adam,5238,231.99074530601501,0.007193198259707608,0.0,0.003359554182025556,0.040788740079963165,,,,
5238,0.001,adam,5239,232.02483344078064,0.0071901881804923365,0.0,0.002407124430595581,0.031261432486448144,,,,
5239,0.001,adam,5240,232.05716371536255,0.00719534466856976,0.0,0.002466399241832142,0.03185933708689118,0.006233746323729595,0.0,0.002344238612379079,0.02967613244752039
5240,0.001,adam,5241,232.10833287239075,0.007199205756710648,0.0,0.0028877963783178356,0.036077169539889,,,,
5241,0.001,adam,5242,232.14022707939148,0.007200010451544086,0.0,0.002326357603669473,0.030463586488238818,,,,
5242,0.001,adam,5243,232.17763018608093,0.007201182201315802,0.0,0.002740213621371314,0.03460331841502894,,,,
5243,0.001,adam,5244,232.21185088157654,0.0071964518358547565,0.0,0.0033226932429019605,0.040423384264874365,,,,
5244,0.001,adam,5245,232.24831080436707,0.007204889517777139,0.0,0.0037974361928862373,0.045179251446639514,,,,
5245,0.001,adam,5246,232.28382635116577,0.007189688589351141,0.0,0.003758136755972123,0.044771056149072376,,,,
5246,0.001,adam,5247,232.31515383720398,0.007195842780316175,0.0,0.00358648342261233,0.04306067700643947,,,,
5247,0.001,adam,5248,232.35278058052063,0.007180745004576849,0.0,0.0032723873161203177,0.039904618165780024,,,,
5248,0.001,adam,5249,232.38468384742737,0.0071973864384643005,0.0,0.0026742162098422556,0.033939548536886854,,,,
5249,0.001,adam,5250,232.41706037521362,0.00719488079254856,0.0,0.0019368503034960585,0.026563383827509144,,,,
5250,0.001,adam,5251,232.45319032669067,0.007191153013932079,0.0,0.0019229142154311763,0.026420295168243842,,,,
5251,0.001,adam,5252,232.48392605781555,0.007196573866143014,0.0,0.003192938373904999,0.03912595760519301,,,,
5252,0.001,adam,5253,232.52030873298645,0.007188263147685215,0.0,0.003725977426404551,0.04444803741173073,,,,
5253,0.001,adam,5254,232.55406832695007,0.0072021285225184,0.0,0.004126754211819583,0.04846967064071423,,,,
5254,0.001,adam,5255,232.58560848236084,0.00720129102570649,0.0,0.003997071960654556,0.04717201063225206,,,,
5255,0.001,adam,5256,232.61994647979736,0.007208319769342705,0.0,0.0032039041412914677,0.039247361182257384,,,,
5256,0.001,adam,5257,232.6563618183136,0.007179496443656919,0.0,0.002205117705788003,0.02923067350153695,,,,
5257,0.001,adam,5258,232.6899266242981,0.007172755024088704,0.0,0.00217858843672686,0.028958639391357302,,,,
5258,0.001,adam,5259,232.72592210769653,0.007176253630537244,0.0,0.0026918424491613915,0.03409467812215116,,,,
5259,0.001,adam,5260,232.7588233947754,0.00718097358534642,0.0,0.0024709308230554277,0.031890281815900694,0.00622650564933733,0.0,0.002656736085089595,0.032793866500233276
5260,0.001,adam,5261,232.80537152290344,0.0071827337419003755,0.0,0.0023041667838298694,0.030224401580199067,,,,
5261,0.001,adam,5262,232.8445246219635,0.007175816770783734,0.0,0.0024428520552267105,0.03160433732305084,,,,
5262,0.001,adam,5263,232.88509392738342,0.007180617842833636,0.0,0.0031159932083580297,0.03834054992641393,,,,
5263,0.001,adam,5264,232.91954040527344,0.007172987809938948,0.0,0.0029151322364908737,0.036324310174847683,,,,
5264,0.001,adam,5265,232.9537103176117,0.0071803201762632085,0.0,0.002744732292799437,0.03462764310425758,,,,
5265,0.001,adam,5266,232.99012351036072,0.007174857596505419,0.0,0.002946308842099104,0.03663794601749646,,,,
5266,0.001,adam,5267,233.02137565612793,0.007177328692138933,0.0,0.003598359256723955,0.04316092125937848,,,,
5267,0.001,adam,5268,233.0550549030304,0.007163531427334609,0.0,0.0029857528528079475,0.03702105995541408,,,,
5268,0.001,adam,5269,233.08953642845154,0.007159929779278903,0.0,0.002159916297281297,0.02875909275209187,,,,
5269,0.001,adam,5270,233.1247432231903,0.0071585434217582705,0.0,0.0018317887091956273,0.025476430513714544,,,,
5270,0.001,adam,5271,233.16588878631592,0.007153524948167859,0.0,0.002370026532728122,0.03085379027544908,,,,
5271,0.001,adam,5272,233.1965274810791,0.0071564517706839996,0.0,0.002822174162762278,0.03537819339830678,,,,
5272,0.001,adam,5273,233.22936820983887,0.007156629104775125,0.0,0.0034830411040109857,0.04198704014488498,,,,
5273,0.001,adam,5274,233.26129174232483,0.0071683185310738124,0.0,0.0032124674643650908,0.03929299317472472,,,,
5274,0.001,adam,5275,233.30163979530334,0.007154919569340937,0.0,0.0033099734823977037,0.040254654393317976,,,,
5275,0.001,adam,5276,233.33794689178467,0.007170743685416846,0.0,0.002718712606799733,0.03435786975341418,,,,
5276,0.001,adam,5277,233.37301778793335,0.0071696084063554225,0.0,0.001986439889300114,0.027034007299356563,,,,
5277,0.001,adam,5278,233.40754866600037,0.00716327050483832,0.0,0.0021212912863495187,0.028376183368333505,,,,
5278,0.001,adam,5279,233.4423382282257,0.007156226841500434,0.0,0.0034131296066328464,0.041287522907828896,,,,
5279,0.001,adam,5280,233.4712836742401,0.007141332858927989,0.0,0.0035662340246858187,0.04280367310578618,0.006157202252726777,0.0,0.0033284098902644113,0.03944130115537089
5280,0.001,adam,5281,233.52622866630554,0.007146813808856997,0.0,0.0031283202479124965,0.03843001628798196,,,,
5281,0.001,adam,5282,233.56097769737244,0.0071404156370618605,0.0,0.0038966765625217505,0.04610718126227936,,,,
5282,0.001,adam,5283,233.59412574768066,0.007164247695293696,0.0,0.004401866331405702,0.05118291100935072,,,,
5283,0.001,adam,5284,233.62705063819885,0.007144090390161971,0.0,0.00432232421192377,0.05036733250939967,,,,
5284,0.001,adam,5285,233.66312503814697,0.00717010531916723,0.0,0.004770783311023602,0.05487793842940325,,,,
5285,0.001,adam,5286,233.6974105834961,0.007175264501995902,0.0,0.004877862867220984,0.05595389317420575,,,,
5286,0.001,adam,5287,233.73162603378296,0.007181111025354613,0.0,0.0024897173972628613,0.03207828499798322,,,,
5287,0.001,adam,5288,233.76294922828674,0.007188404662321591,0.0,0.002258578945665809,0.029774194118979677,,,,
5288,0.001,adam,5289,233.79865837097168,0.007200147371306976,0.0,0.0028973183477607315,0.03617333084891429,,,,
5289,0.001,adam,5290,233.83291816711426,0.007207914746062733,0.0,0.003406606089121224,0.04127397563727497,,,,
5290,0.001,adam,5291,233.86933493614197,0.0072141809800919405,0.0,0.003585262472059069,0.04306680570068263,,,,
5291,0.001,adam,5292,233.90235543251038,0.007207362902498377,0.0,0.004096217389379629,0.04816953679629467,,,,
5292,0.001,adam,5293,233.93745183944702,0.007194070930721923,0.0,0.005562117824274549,0.06281524917346741,,,,
5293,0.001,adam,5294,233.96933436393738,0.0071992257780749865,0.0,0.00726855128174488,0.07988473859552378,,,,
5294,0.001,adam,5295,234.00497007369995,0.007183926619356675,0.0,0.010052471408220607,0.10770864070156273,,,,
5295,0.001,adam,5296,234.0400207042694,0.007201268592307906,0.0,0.012860418451792689,0.1358054531102348,,,,
5296,0.001,adam,5297,234.07409048080444,0.007181846847757748,0.0,0.00986466223026415,0.10582846915039924,,,,
5297,0.001,adam,5298,234.10659790039062,0.007199650112316647,0.0,0.006027326186771882,0.06747291198003547,,,,
5298,0.001,adam,5299,234.14087891578674,0.007178742592108948,0.0,0.004919958633678364,0.05637832892889258,,,,
5299,0.001,adam,5300,234.17421054840088,0.007178867329403504,0.0,0.00396905134944036,0.0468693808238071,0.006222956656447163,0.0,0.003406142417930811,0.04028438083575527
5300,0.001,adam,5301,234.22436690330505,0.0071790074277171614,0.0,0.0031813048479158133,0.038992055906875295,,,,
5301,0.001,adam,5302,234.25610446929932,0.007171011704933203,0.0,0.004468173872147563,0.05185275042640883,,,,
5302,0.001,adam,5303,234.29489421844482,0.0071851619322020385,0.0,0.004730039174238662,0.05448555367458866,,,,
5303,0.001,adam,5304,234.3269908428192,0.0071769478514578395,0.0,0.0044213051305773705,0.05138999915723154,,,,
5304,0.001,adam,5305,234.36358332633972,0.00717241825071653,0.0,0.004158793818482512,0.04876035643554165,,,,
5305,0.001,adam,5306,234.4003746509552,0.007174388951671083,0.0,0.0027881515923442544,0.035055904875113626,,,,
5306,0.001,adam,5307,234.43291425704956,0.007146127530133054,0.0,0.0028042361092273137,0.035188488622406186,,,,
5307,0.001,adam,5308,234.4658863544464,0.007165142956368843,0.0,0.0032422508799491005,0.03958765175585985,,,,
5308,0.001,adam,5309,234.49906659126282,0.007149662841238742,0.0,0.004067955097571967,0.047829213816958406,,,,
5309,0.001,adam,5310,234.53221201896667,0.007163316379134365,0.0,0.005323912445464778,0.06040244083378214,,,,
5310,0.001,adam,5311,234.565500497818,0.007162939057548114,0.0,0.004860507168444988,0.05576801074199799,,,,
5311,0.001,adam,5312,234.6002697944641,0.007146300514984299,0.0,0.003698975811569469,0.04413605863067899,,,,
5312,0.001,adam,5313,234.6371715068817,0.0071766458829762994,0.0,0.0036780336379368846,0.043956982262345144,,,,
5313,0.001,adam,5314,234.67107677459717,0.007159304322854324,0.0,0.004004478285337282,0.04720408717622714,,,,
5314,0.001,adam,5315,234.7049367427826,0.007178995250586408,0.0,0.004014256400265818,0.047321559253244584,,,,
5315,0.001,adam,5316,234.73968935012817,0.007167090040620504,0.0,0.00452557600075759,0.052422850048196405,,,,
5316,0.001,adam,5317,234.77367687225342,0.007159449358568587,0.0,0.0057477444803725975,0.06463689416229457,,,,
5317,0.001,adam,5318,234.8081111907959,0.00716427923565125,0.0,0.0056329069935283395,0.06349334917093465,,,,
5318,0.001,adam,5319,234.84372687339783,0.007143415109345994,0.0,0.0040954174632177615,0.0480975897415236,,,,
5319,0.001,adam,5320,234.87675142288208,0.007136785790276492,0.0,0.002333438806102258,0.030471173851299074,0.0061590102806304845,0.0,0.0023053000964433374,0.029212011245063858
5320,0.001,adam,5321,234.94100213050842,0.00711137645628381,0.0,0.003266033403433749,0.0397717104906213,,,,
5321,0.001,adam,5322,234.98116064071655,0.00712197011898329,0.0,0.0036016700018850502,0.04313867013783379,,,,
5322,0.001,adam,5323,235.01662635803223,0.0071422256446476385,0.0,0.005054622019376141,0.05768844583840905,,,,
5323,0.001,adam,5324,235.05085158348083,0.007158535425958266,0.0,0.005083868215252826,0.057997217578486526,,,,
5324,0.001,adam,5325,235.08121013641357,0.007143693903533008,0.0,0.0037556634432614777,0.04470032833614779,,,,
5325,0.001,adam,5326,235.11718034744263,0.00714194147733202,0.0,0.0026482914538413283,0.0336248560157453,,,,
5326,0.001,adam,5327,235.15077233314514,0.007131568314569159,0.0,0.0030210601445937344,0.037342169760506506,,,,
5327,0.001,adam,5328,235.18437504768372,0.0071291279545219926,0.0,0.0023065959341337385,0.030195087295859378,,,,
5328,0.001,adam,5329,235.2193739414215,0.0071424887943378436,0.0,0.004009285821360805,0.0472353470079459,,,,
5329,0.001,adam,5330,235.25493574142456,0.007132489224600301,0.0,0.004450489106802427,0.051637380292624574,,,,
5330,0.001,adam,5331,235.28569555282593,0.007149275191705155,0.0,0.004102580226016771,0.04817507745187286,,,,
5331,0.001,adam,5332,235.32110285758972,0.007120899405633279,0.0,0.004363463359971215,0.050755533005345424,,,,
5332,0.001,adam,5333,235.3543722629547,0.007142709134597577,0.0,0.00716248983123071,0.07876760744690468,,,,
5333,0.001,adam,5334,235.390522480011,0.007138808369663544,0.0,0.002973374609479904,0.03687255446446259,,,,
5334,0.001,adam,5335,235.42530155181885,0.007153065481062076,0.0,0.0024679403900217827,0.0318324693812799,,,,
5335,0.001,adam,5336,235.45863795280457,0.007133664998744211,0.0,0.0024571250722131765,0.03170491572087598,,,,
5336,0.001,adam,5337,235.49258518218994,0.007134282774297816,0.0,0.002378630804544173,0.03092059081973955,,,,
5337,0.001,adam,5338,235.5267369747162,0.007146454939335916,0.0,0.0026079862053944207,0.033226316993280124,,,,
5338,0.001,adam,5339,235.56249165534973,0.007121188897292498,0.0,0.0029344726431129987,0.036465915328422485,,,,
5339,0.001,adam,5340,235.59888291358948,0.007107743917163367,0.0,0.002697522778403998,0.03408297170120335,0.006112956787222713,0.0,0.0026773081594496082,0.032886038381718795
5340,0.001,adam,5341,235.64615654945374,0.007079046766396763,0.0,0.0026944631006453335,0.0340236777728501,,,,
5341,0.001,adam,5342,235.6805169582367,0.007078375428107436,0.0,0.002320082608366694,0.03027920151177438,,,,
5342,0.001,adam,5343,235.71336364746094,0.007077794693932836,0.0,0.0035623488344531306,0.04270128303846414,,,,
5343,0.001,adam,5344,235.74560499191284,0.00708348115060071,0.0,0.0020563490583140375,0.02764697173374108,,,,
5344,0.001,adam,5345,235.7805690765381,0.00709417078196083,0.0,0.003565182978937137,0.042746000571332196,,,,
5345,0.001,adam,5346,235.81367993354797,0.0070934064679179475,0.0,0.0035356134055288062,0.042449540523206014,,,,
5346,0.001,adam,5347,235.8543722629547,0.007109721550734612,0.0,0.003839176165274487,0.04550148320347948,,,,
5347,0.001,adam,5348,235.88868141174316,0.007105351745032897,0.0,0.003374380312995119,0.04084915487498409,,,,
5348,0.001,adam,5349,235.91977834701538,0.007111505024491356,0.0,0.002464924357810897,0.03176074860260033,,,,
5349,0.001,adam,5350,235.95569610595703,0.00710428497450892,0.0,0.001983246889606511,0.02693675387057403,,,,
5350,0.001,adam,5351,235.99172568321228,0.007108798827588416,0.0,0.003020985863002568,0.0373186574576141,,,,
5351,0.001,adam,5352,236.02516841888428,0.007123548803874749,0.0,0.0023187560599671553,0.0303111094035463,,,,
5352,0.001,adam,5353,236.0588665008545,0.007118984592608382,0.0,0.0030742382646714124,0.037861367239322506,,,,
5353,0.001,adam,5354,236.09456396102905,0.007127383252868296,0.0,0.00347620165819394,0.041889399834807696,,,,
5354,0.001,adam,5355,236.1294128894806,0.007123819208714215,0.0,0.0038927747235791054,0.04605156644450527,,,,
5355,0.001,adam,5356,236.16435551643372,0.0071346537658325505,0.0,0.0026350603547691796,0.03348525731352434,,,,
5356,0.001,adam,5357,236.19512271881104,0.007125732706730892,0.0,0.0026319035586838723,0.03344476829356961,,,,
5357,0.001,adam,5358,236.23265767097473,0.007123223998557799,0.0,0.001981002844738616,0.026933252445943953,,,,
5358,0.001,adam,5359,236.2641429901123,0.0071318313628681565,0.0,0.002746139051578758,0.03459322187865574,,,,
5359,0.001,adam,5360,236.30037903785706,0.007127777531167381,0.0,0.0033824674079727113,0.040952451610894496,0.006124770498695798,0.0,0.0030859714572998506,0.0369844850716943
5360,0.001,adam,5361,236.3524672985077,0.0071330593338164335,0.0,0.0033243610595313595,0.04037666992913003,,,,
5361,0.001,adam,5362,236.38510823249817,0.007124060930233986,0.0,0.002691141725345625,0.03403547818369024,,,,
5362,0.001,adam,5363,236.42208647727966,0.0071304161170599855,0.0,0.0031525040647265674,0.03865545676432566,,,,
5363,0.001,adam,5364,236.45456266403198,0.0071247350751198904,0.0,0.0037745349847240427,0.04487008492236032,,,,
5364,0.001,adam,5365,236.48617672920227,0.007119067167836117,0.0,0.0037966461631730826,0.04508552879956695,,,,
5365,0.001,adam,5366,236.520916223526,0.007108308990621195,0.0,0.003391077716358031,0.04101908615420151,,,,
5366,0.001,adam,5367,236.5555601119995,0.007093784191166772,0.0,0.002863763066625086,0.03573141485741763,,,,
5367,0.001,adam,5368,236.59183549880981,0.007097549042499928,0.0,0.0026037302588613194,0.03313485163111312,,,,
5368,0.001,adam,5369,236.62412524223328,0.007109534293119668,0.0,0.0021002374213596525,0.028111908506716195,,,,
5369,0.001,adam,5370,236.6583092212677,0.007114730464864624,0.0,0.0019533610489353855,0.02664834095421848,,,,
5370,0.001,adam,5371,236.6937346458435,0.007128247451187627,0.0,0.0019442718516159113,0.02657096596734674,,,,
5371,0.001,adam,5372,236.72476935386658,0.007128975113594058,0.0,0.0019136892808107576,0.026265867921701633,,,,
5372,0.001,adam,5373,236.76144862174988,0.00712823231185379,0.0,0.0026383488752299814,0.0335117210641536,,,,
5373,0.001,adam,5374,236.79625749588013,0.0071188621434654185,0.0,0.002533075019852538,0.0324496123419908,,,,
5374,0.001,adam,5375,236.83044838905334,0.0071084231967692806,0.0,0.0023526263930559814,0.030634687127329096,,,,
5375,0.001,adam,5376,236.86645579338074,0.0071054872482414705,0.0,0.0029300385777586307,0.036405873025827776,,,,
5376,0.001,adam,5377,236.89888405799866,0.007088103237665611,0.0,0.002924144451993211,0.036329547757597724,,,,
5377,0.001,adam,5378,236.9343297481537,0.0070838975239989966,0.0,0.002412430694468064,0.031208204468679633,,,,
5378,0.001,adam,5379,236.96803307533264,0.0070768986521956324,0.0,0.002319713278650908,0.030274031438704715,,,,
5379,0.001,adam,5380,236.9999532699585,0.0070760044621233096,0.0,0.0022413332386980746,0.029489336849104056,0.006084717214290814,0.0,0.002193535492870546,0.028020072142996275
5380,0.001,adam,5381,237.05305886268616,0.007070021324045172,0.0,0.004197702984080062,0.049047051164845784,,,,
5381,0.001,adam,5382,237.08670115470886,0.007069880405158703,0.0,0.002157334673165814,0.02864322713681684,,,,
5382,0.001,adam,5383,237.1213800907135,0.007068625556869532,0.0,0.0019125106731969223,0.026193732288838756,,,,
5383,0.001,adam,5384,237.15742826461792,0.00707404168630016,0.0,0.002775396536878571,0.03482800705508587,,,,
5384,0.001,adam,5385,237.1911690235138,0.0070635017061930665,0.0,0.0020388708459784617,0.027452210165977684,,,,
5385,0.001,adam,5386,237.22940731048584,0.0070606747705808945,0.0,0.002237311230895645,0.029433787079537345,,,,
5386,0.001,adam,5387,237.2620449066162,0.007052760760589269,0.0,0.0019402453085402983,0.026455213845992254,,,,
5387,0.001,adam,5388,237.29650115966797,0.00705466502922839,0.0,0.0024280831871562178,0.03133549690079057,,,,
5388,0.001,adam,5389,237.32826256752014,0.007055501679401382,0.0,0.0023039306142323196,0.03009480782172458,,,,
5389,0.001,adam,5390,237.3657557964325,0.007054155353900753,0.0,0.0023165234798491084,0.030219390152391837,,,,
5390,0.001,adam,5391,237.39876103401184,0.007055007691232526,0.0,0.002051997894340968,0.027574986634642203,,,,
5391,0.001,adam,5392,237.43719267845154,0.007067655124563196,0.0,0.0021569871603786548,0.02863752672834974,,,,
5392,0.001,adam,5393,237.47101521492004,0.007067705118452859,0.0,0.003362389788052883,0.04069160299898169,,,,
5393,0.001,adam,5394,237.50350403785706,0.00707850831661345,0.0,0.0022222393989711877,0.029300902306325323,,,,
5394,0.001,adam,5395,237.5380597114563,0.007066060058871486,0.0,0.0029461630919417757,0.03652769097828924,,,,
5395,0.001,adam,5396,237.56906247138977,0.00705992629957631,0.0,0.002131606421668019,0.0283759905162565,,,,
5396,0.001,adam,5397,237.6037518978119,0.007058619129438062,0.0,0.002393283202139355,0.030991451150831614,,,,
5397,0.001,adam,5398,237.63947439193726,0.007054654226240674,0.0,0.0022064351618216473,0.029119005844457146,,,,
5398,0.001,adam,5399,237.67479753494263,0.007060543377085531,0.0,0.005594511295679928,0.06300565633388482,,,,
5399,0.001,adam,5400,237.70973467826843,0.007048995688504428,0.0,0.00260623580465278,0.033111353735032226,0.006085996064681837,0.0,0.0027041130548035794,0.03312712661271763
5400,0.001,adam,5401,237.76576709747314,0.0070624893365786616,0.0,0.0029425185478805147,0.03648767481538381,,,,
5401,0.001,adam,5402,237.80210065841675,0.007064871186718452,0.0,0.002401723229339237,0.03108210348011082,,,,
5402,0.001,adam,5403,237.8323094844818,0.007065579718956781,0.0,0.0024911516543052294,0.03197709626200907,,,,
5403,0.001,adam,5404,237.8670425415039,0.007055933391388008,0.0,0.0019005276277258322,0.02606120966864633,,,,
5404,0.001,adam,5405,237.9040870666504,0.007054796688842248,0.0,0.0023647559690142183,0.030702356378984434,,,,
5405,0.001,adam,5406,237.9361710548401,0.007049204738931607,0.0,0.0022401540315012563,0.02945074505394417,,,,
5406,0.001,adam,5407,237.96732091903687,0.007049583737464078,0.0,0.0025544881290587894,0.032594465028051973,,,,
5407,0.001,adam,5408,238.00370621681213,0.007052135779080943,0.0,0.003173611840732944,0.03878825418641038,,,,
5408,0.001,adam,5409,238.0352602005005,0.007039248847276613,0.0,0.00328295932749079,0.039868842122184514,,,,
5409,0.001,adam,5410,238.06885528564453,0.007047668399821137,0.0,0.0030008891591196225,0.03705655999101736,,,,
5410,0.001,adam,5411,238.10608577728271,0.007040272282994998,0.0,0.0028977001886423244,0.03601727416941824,,,,
5411,0.001,adam,5412,238.1436116695404,0.007042281136863638,0.0,0.0040046926977037895,0.04708920811390153,,,,
5412,0.001,adam,5413,238.18061423301697,0.007033988154680594,0.0,0.001943196277543187,0.02646595093011246,,,,
5413,0.001,adam,5414,238.21480894088745,0.0070278734624645125,0.0,0.0022075004449563724,0.029102877912028233,,,,
5414,0.001,adam,5415,238.2500319480896,0.007036119221806992,0.0,0.0022852551109033307,0.0298886703308403,,,,
5415,0.001,adam,5416,238.2849099636078,0.007021962435551009,0.0,0.003228408616688854,0.03930604860243955,,,,
5416,0.001,adam,5417,238.3188533782959,0.00702899648208686,0.0,0.0026882752743769703,0.03391174922585656,,,,
5417,0.001,adam,5418,238.35238409042358,0.007019361122662045,0.0,0.0021427318298238435,0.02844667942090048,,,,
5418,0.001,adam,5419,238.3862590789795,0.00701115019690222,0.0,0.0018819005169637849,0.02583015536654007,,,,
5419,0.001,adam,5420,238.42414832115173,0.0070143345504630975,0.0,0.0018630463100554387,0.025644797651017487,0.006075743868888521,0.0,0.0022064507601032616,0.02814025146992114
5420,0.001,adam,5421,238.47321343421936,0.007011110887773659,0.0,0.0022963239539775466,0.029974350427549125,,,,
5421,0.001,adam,5422,238.51223945617676,0.0070251228642441545,0.0,0.0029141755206515034,0.03616687807075919,,,,
5422,0.001,adam,5423,238.54418921470642,0.007020339008294768,0.0,0.002805979461133629,0.035080133619631054,,,,
5423,0.001,adam,5424,238.57848262786865,0.007038469416382677,0.0,0.0025312692576692705,0.03235116199307538,,,,
5424,0.001,adam,5425,238.610337972641,0.007042477148863539,0.0,0.003030282243643945,0.037345299585302985,,,,
5425,0.001,adam,5426,238.64492559432983,0.007049129262954969,0.0,0.0031780267750559665,0.038829397013514635,,,,
5426,0.001,adam,5427,238.68174123764038,0.00703738273141986,0.0,0.002626638509054434,0.0333037678219642,,,,
5427,0.001,adam,5428,238.71487188339233,0.007029518554930959,0.0,0.003314037038018659,0.040169888935117554,,,,
5428,0.001,adam,5429,238.748309135437,0.007014020812375372,0.0,0.003956226184376928,0.04657628265614465,,,,
5429,0.001,adam,5430,238.78458857536316,0.0070225880085109296,0.0,0.0055281112232302585,0.06230370024081352,,,,
5430,0.001,adam,5431,238.8170201778412,0.0070018867926821896,0.0,0.005487409565918723,0.06187598245186942,,,,
5431,0.001,adam,5432,238.85191178321838,0.0070175949568530545,0.0,0.007871477318804856,0.08573236814490162,,,,
5432,0.001,adam,5433,238.8850109577179,0.0070231229424615495,0.0,0.006463961856697023,0.07166274150943178,,,,
5433,0.001,adam,5434,238.920175075531,0.007052686560242921,0.0,0.006237048808865097,0.06942317464889389,,,,
5434,0.001,adam,5435,238.95484042167664,0.007038824159724636,0.0,0.005057321114431566,0.05761203530404029,,,,
5435,0.001,adam,5436,238.98773312568665,0.007051507560504685,0.0,0.0037915799880789717,0.0449673074412944,,,,
5436,0.001,adam,5437,239.02145338058472,0.007033895043016073,0.0,0.0027581900163372187,0.03461579520638826,,,,
5437,0.001,adam,5438,239.05730676651,0.0070323174109225605,0.0,0.007954587315698836,0.08657819056791091,,,,
5438,0.001,adam,5439,239.09168076515198,0.007020377270967674,0.0,0.0027146034057832446,0.03416641132880012,,,,
5439,0.001,adam,5440,239.12506675720215,0.007009087345287277,0.0,0.0022752257099816313,0.029761344445103588,0.0060621087297659405,0.0,0.002406233030855251,0.03012443903831845
5440,0.001,adam,5441,239.1747088432312,0.007009919087595719,0.0,0.0023595444581241943,0.030605363668837662,,,,
5441,0.001,adam,5442,239.20759797096252,0.007023521704098264,0.0,0.0026254352411001253,0.03327787411509951,,,,
5442,0.001,adam,5443,239.24364709854126,0.007020127801719448,0.0,0.002334742095128741,0.03036754875300686,,,,
5443,0.001,adam,5444,239.27676701545715,0.007046799305905339,0.0,0.0028929287347277824,0.035976086653183165,,,,
5444,0.001,adam,5445,239.31473112106323,0.007035541142403246,0.0,0.003041012549647194,0.03744566663887519,,,,
5445,0.001,adam,5446,239.34801626205444,0.007040482859766353,0.0,0.003377177233255993,0.040812255192326286,,,,
5446,0.001,adam,5447,239.37779259681702,0.007039875316392958,0.0,0.0034572010485386896,0.04161188580177985,,,,
5447,0.001,adam,5448,239.41377639770508,0.0070238051756950255,0.0,0.0039056711285311075,0.046080516461006096,,,,
5448,0.001,adam,5449,239.4538185596466,0.007028636051027708,0.0,0.008107511145951698,0.0881037475105447,,,,
5449,0.001,adam,5450,239.48808526992798,0.007024531826273175,0.0,0.0066044753532104135,0.07306928535837731,,,,
5450,0.001,adam,5451,239.52473068237305,0.007070063551412548,0.0,0.008715819015512171,0.09422825370653426,,,,
5451,0.001,adam,5452,239.5591299533844,0.007042882872339773,0.0,0.011033033562807427,0.11737321850041403,,,,
5452,0.001,adam,5453,239.59369254112244,0.0070683807495943544,0.0,0.011151594531689499,0.11858432606648935,,,,
5453,0.001,adam,5454,239.62828397750854,0.007052320793259392,0.0,0.011410375606731138,0.12115607686057077,,,,
5454,0.001,adam,5455,239.66218376159668,0.0071111004614232125,0.0,0.011978635243334642,0.12689745289476964,,,,
5455,0.001,adam,5456,239.69648933410645,0.007113026629125201,0.0,0.013879168840323955,0.14590471503236474,,,,
5456,0.001,adam,5457,239.72935557365417,0.007138623710335118,0.0,0.015127708141786498,0.15841570512820008,,,,
5457,0.001,adam,5458,239.76515102386475,0.007121357801270793,0.0,0.010033893270399582,0.1074602905052666,,,,
5458,0.001,adam,5459,239.79781699180603,0.007141168855397861,0.0,0.006489321325125788,0.07203438210665575,,,,
5459,0.001,adam,5460,239.83219718933105,0.007107762607832057,0.0,0.0026825580183624373,0.03393334279145643,0.00616055292469725,0.0,0.002911978490754284,0.03528033783224009
5460,0.001,adam,5461,239.88415622711182,0.007108425070939559,0.0,0.002900040981181877,0.03610883488275833,,,,
5461,0.001,adam,5462,239.91418480873108,0.0071235936147353495,0.0,0.004637243630731083,0.05349602992204618,,,,
5462,0.001,adam,5463,239.95022296905518,0.007152384784811966,0.0,0.005585556594990749,0.06300795073471946,,,,
5463,0.001,adam,5464,239.9845540523529,0.0071034368526830495,0.0,0.003912344423885732,0.04622688109154036,,,,
5464,0.001,adam,5465,240.01630783081055,0.0071104151608149205,0.0,0.002219438093445848,0.0293047960952734,,,,
5465,0.001,adam,5466,240.05106663703918,0.007154666892183783,0.0,0.0034771064585201682,0.041925731477385465,,,,
5466,0.001,adam,5467,240.08682012557983,0.007095220940991797,0.0,0.004916115184850876,0.05625637278950056,,,,
5467,0.001,adam,5468,240.11924600601196,0.007135136390289061,0.0,0.00446848892308368,0.05182002562112586,,,,
5468,0.001,adam,5469,240.15475964546204,0.007074636138046838,0.0,0.0024036510629740744,0.031111146767787583,,,,
5469,0.001,adam,5470,240.19100546836853,0.007087875728839556,0.0,0.0022605669033140376,0.02969354476197993,,,,
5470,0.001,adam,5471,240.22338438034058,0.0071429335333040725,0.0,0.0034443332914768946,0.04158626644807302,,,,
5471,0.001,adam,5472,240.25738430023193,0.007073521010155642,0.0,0.003850933705535771,0.04558285806551335,,,,
5472,0.001,adam,5473,240.28972816467285,0.007114540825980686,0.0,0.0027042876659400536,0.03415741748538122,,,,
5473,0.001,adam,5474,240.32717776298523,0.00710512725222702,0.0,0.0019741935537699517,0.02684706278992654,,,,
5474,0.001,adam,5475,240.35907006263733,0.0070753245873518235,0.0,0.0030465584276560486,0.03754090886391231,,,,
5475,0.001,adam,5476,240.39524149894714,0.007111505473125436,0.0,0.003739451523903592,0.04450602071216136,,,,
5476,0.001,adam,5477,240.4303915500641,0.007077262237986997,0.0,0.0032604535618978615,0.039681797856965614,,,,
5477,0.001,adam,5478,240.46070909500122,0.007063337024503285,0.0,0.002676218935442891,0.03382552637893219,,,,
5478,0.001,adam,5479,240.50064945220947,0.007069317690703055,0.0,0.0030564583347773844,0.0376339010384769,,,,
5479,0.001,adam,5480,240.53394293785095,0.007033432363237047,0.0,0.0041194334850388915,0.048227767213625955,0.006111422104250136,0.0,0.004623161993378858,0.05234304203803872
5480,0.001,adam,5481,240.58201217651367,0.007062088992654518,0.0,0.004928653552870624,0.05634862452136075,,,,
5481,0.001,adam,5482,240.6158139705658,0.007015381551729976,0.0,0.0046348327396210885,0.05336370894794086,,,,
5482,0.001,adam,5483,240.65132331848145,0.007026766864609792,0.0,0.005042153603848078,0.05744830290309057,,,,
5483,0.001,adam,5484,240.69138741493225,0.00704164634889632,0.0,0.004271275015206901,0.049754396500965324,,,,
5484,0.001,adam,5485,240.72524118423462,0.007057836281155113,0.0,0.0034048163902493404,0.04110600018364852,,,,
5485,0.001,adam,5486,240.7572627067566,0.007041296615966823,0.0,0.0029475455766699724,0.036516752382666544,,,,
5486,0.001,adam,5487,240.79191303253174,0.007045160402846896,0.0,0.00272799415170134,0.034325101919860296,,,,
5487,0.001,adam,5488,240.82613706588745,0.007074567684357497,0.0,0.003917899998453308,0.04625356766889058,,,,
5488,0.001,adam,5489,240.85868287086487,0.007058326297336778,0.0,0.004924728684263505,0.05630561313997182,,,,
5489,0.001,adam,5490,240.89628076553345,0.007060474340728693,0.0,0.0030951972763898408,0.0380124471046271,,,,
5490,0.001,adam,5491,240.9370539188385,0.007050970282465835,0.0,0.0028044493905407444,0.03509546418787328,,,,
5491,0.001,adam,5492,240.97402715682983,0.007054998066180116,0.0,0.002763590536735269,0.0346909034335328,,,,
5492,0.001,adam,5493,241.01261019706726,0.007056647202052191,0.0,0.003275563676942035,0.039812283971472545,,,,
5493,0.001,adam,5494,241.04054737091064,0.007047569671422161,0.0,0.003296758462276501,0.04001515429418717,,,,
5494,0.001,adam,5495,241.08079934120178,0.0070502475177428555,0.0,0.0047682958352778994,0.054733205870521856,,,,
5495,0.001,adam,5496,241.11446237564087,0.00705076948020708,0.0,0.005280351287649179,0.05985428235669887,,,,
5496,0.001,adam,5497,241.14909052848816,0.0070665225633302865,0.0,0.005195286012080807,0.05901938268413836,,,,
5497,0.001,adam,5498,241.18308067321777,0.00706401866098823,0.0,0.004774069009405925,0.05480470875504748,,,,
5498,0.001,adam,5499,241.21664381027222,0.007071203803192282,0.0,0.005240286459964059,0.059474068402832876,,,,
5499,0.001,adam,5500,241.24978613853455,0.007050041179045093,0.0,0.004237289524573647,0.04942293642478156,0.006047910317333233,0.0,0.0029295649437082807,0.03534355975441604
5500,0.001,adam,5501,241.30270624160767,0.007036120572824683,0.0,0.002748158427102976,0.03451770484385444,,,,
5501,0.001,adam,5502,241.3366904258728,0.007017497972856505,0.0,0.002413273932976919,0.031150237302625693,,,,
5502,0.001,adam,5503,241.3739137649536,0.0070202181740064784,0.0,0.002703710662590833,0.03405732479991481,,,,
5503,0.001,adam,5504,241.40600776672363,0.007035123736710039,0.0,0.004828444661660963,0.05531957035331967,,,,
5504,0.001,adam,5505,241.43982601165771,0.007017213259850408,0.0,0.006880422690270985,0.07582144016256026,,,,
5505,0.001,adam,5506,241.47244715690613,0.007039400100593832,0.0,0.006877516685436553,0.07581456695495936,,,,
5506,0.001,adam,5507,241.5070869922638,0.007030106003683568,0.0,0.005364217156001108,0.06067227756369465,,,,
5507,0.001,adam,5508,241.5433931350708,0.007060982794714413,0.0,0.0028025638000899037,0.03508662079561345,,,,
5508,0.001,adam,5509,241.57532835006714,0.007062708415685388,0.0,0.002781036435062241,0.0348730727663078,,,,
5509,0.001,adam,5510,241.6100902557373,0.007050363362618955,0.0,0.004793586862490962,0.054986231987528576,,,,
5510,0.001,adam,5511,241.64187812805176,0.007057499865022291,0.0,0.0068418492979426095,0.07547599284444838,,,,
5511,0.001,adam,5512,241.67701363563538,0.007025817287599497,0.0,0.0081741478659276,0.0887672959468755,,,,
5512,0.001,adam,5513,241.71421766281128,0.007038302229917716,0.0,0.008749248201262858,0.0945307842425463,,,,
5513,0.001,adam,5514,241.74537205696106,0.007014313660217846,0.0,0.0069389976212524875,0.07640428987274273,,,,
5514,0.001,adam,5515,241.7813799381256,0.007019754369581193,0.0,0.003758704840638927,0.04460680277597046,,,,
5515,0.001,adam,5516,241.81723022460938,0.0070118691253512454,0.0,0.0028753419002887624,0.03576528812823887,,,,
5516,0.001,adam,5517,241.85437536239624,0.007013371923171346,0.0,0.0034512555338663048,0.04152592726183439,,,,
5517,0.001,adam,5518,241.8864300251007,0.007015435028569274,0.0,0.004532692788343246,0.052342362912001734,,,,
5518,0.001,adam,5519,241.92344880104065,0.00700143350447494,0.0,0.005573002595223371,0.06273145945670865,,,,
5519,0.001,adam,5520,241.9564926624298,0.007008500718180343,0.0,0.004344623388446816,0.0504547346026485,0.00604183372936495,0.0,0.002768257237863662,0.03372440610800157
5520,0.001,adam,5521,242.0087378025055,0.00701259427719654,0.0,0.00265312215882945,0.03354381586549104,,,,
5521,0.001,adam,5522,242.04395604133606,0.007020812093482371,0.0,0.004333616157637289,0.05035697366985526,,,,
5522,0.001,adam,5523,242.07278180122375,0.007026530069799003,0.0,0.005555079181812203,0.06257732188792103,,,,
5523,0.001,adam,5524,242.11846017837524,0.007014109370533135,0.0,0.0064716412989915175,0.07173052236044831,,,,
5524,0.001,adam,5525,242.15527248382568,0.00704152310525102,0.0,0.006112627567434037,0.0681677987795914,,,,
5525,0.001,adam,5526,242.18674325942993,0.007025334134111108,0.0,0.004434107010064992,0.05136640423476102,,,,
5526,0.001,adam,5527,242.21953177452087,0.007032463843770837,0.0,0.003272860480284396,0.0397610686466148,,,,
5527,0.001,adam,5528,242.25657176971436,0.007017527699195491,0.0,0.003211085619039484,0.03912838388959033,,,,
5528,0.001,adam,5529,242.29398226737976,0.007030894770589441,0.0,0.00307578274029783,0.03778872217356774,,,,
5529,0.001,adam,5530,242.32450795173645,0.0070153069768979365,0.0,0.0024151553919167608,0.031166860896065546,,,,
5530,0.001,adam,5531,242.3575336933136,0.007006558804635523,0.0,0.0028181133363541838,0.03518769216817736,,,,
5531,0.001,adam,5532,242.39245796203613,0.007008443231762505,0.0,0.002546869218347335,0.03247713541523585,,,,
5532,0.001,adam,5533,242.42764377593994,0.007000686117484781,0.0,0.003111288620227532,0.038113572319760106,,,,
5533,0.001,adam,5534,242.46393275260925,0.006983539197276946,0.0,0.002110543002240026,0.02808896921967721,,,,
5534,0.001,adam,5535,242.50361728668213,0.0069735143815706675,0.0,0.0023954091194605303,0.03092760557617597,,,,
5535,0.001,adam,5536,242.53564929962158,0.006976782607168784,0.0,0.002355744242429547,0.030534225031464253,,,,
5536,0.001,adam,5537,242.57047724723816,0.00698864601396719,0.0,0.0028993208044498795,0.03598185405846598,,,,
5537,0.001,adam,5538,242.60515642166138,0.006971655132682713,0.0,0.0023082318727642376,0.030053973860325087,,,,
5538,0.001,adam,5539,242.6384460926056,0.006982922043499394,0.0,0.002856048173791128,0.035543403781410673,,,,
5539,0.001,adam,5540,242.67183351516724,0.006993596181517793,0.0,0.001897473501927313,0.025968331200790923,0.006031522833545586,0.0,0.0019631204740050015,0.025662727573595598
5540,0.001,adam,5541,242.72475910186768,0.0069885398070625784,0.0,0.0019405617833980649,0.026394157641043227,,,,
5541,0.001,adam,5542,242.75686812400818,0.006979597250914688,0.0,0.0022648103314940886,0.029627700565855574,,,,
5542,0.001,adam,5543,242.79402327537537,0.006979105084733397,0.0,0.002188993624863165,0.028869041333365045,,,,
5543,0.001,adam,5544,242.8276195526123,0.006979276092921208,0.0,0.0022239308136474947,0.029218584229396157,,,,
5544,0.001,adam,5545,242.85923838615417,0.006973796654641411,0.0,0.001920078504726423,0.02617458170190564,,,,
5545,0.001,adam,5546,242.89580297470093,0.0069709834591454335,0.0,0.002296690092984756,0.029937884388992992,,,,
5546,0.001,adam,5547,242.9270055294037,0.006979332144533094,0.0,0.0019502361737425834,0.02648169388195893,,,,
5547,0.001,adam,5548,242.96234035491943,0.0069964498670588935,0.0,0.0021730395000439735,0.02872684486749863,,,,
5548,0.001,adam,5549,243.00012612342834,0.007005327105818393,0.0,0.002739746815125424,0.034402795257072634,,,,
5549,0.001,adam,5550,243.0349006652832,0.006997685593574792,0.0,0.002190446038653207,0.02890214598010686,,,,
5550,0.001,adam,5551,243.06799745559692,0.007004135962746675,0.0,0.0021155700103838333,0.02815983606658501,,,,
5551,0.001,adam,5552,243.0991394519806,0.006997141854362591,0.0,0.0023128542236609375,0.030125684090971966,,,,
5552,0.001,adam,5553,243.1335244178772,0.0069976585858274685,0.0,0.0030338472039432096,0.03733613062525956,,,,
5553,0.001,adam,5554,243.1678066253662,0.006992042116947499,0.0,0.00254749377303245,0.032466979847272,,,,
5554,0.001,adam,5555,243.20552706718445,0.00697884134475251,0.0,0.0017766888491461542,0.024745729836214054,,,,
5555,0.001,adam,5556,243.23832321166992,0.006968901978658818,0.0,0.0020491656378737863,0.02746055835739668,,,,
5556,0.001,adam,5557,243.27384281158447,0.006967143135523907,0.0,0.002119144543287048,0.028158588568394385,,,,
5557,0.001,adam,5558,243.3043885231018,0.006980260287818345,0.0,0.002560800546679639,0.03258826575461474,,,,
5558,0.001,adam,5559,243.33837580680847,0.006969377194761374,0.0,0.0022739971994318016,0.029709349189079387,,,,
5559,0.001,adam,5560,243.37419366836548,0.00696695211357779,0.0,0.0019672641825216894,0.026639593938794684,0.006015589821994881,0.0,0.002003899873079666,0.02605458855279154
5560,0.001,adam,5561,243.42481517791748,0.006976002017863493,0.0,0.002077637645281271,0.027752378470676204,,,,
5561,0.001,adam,5562,243.45936465263367,0.0069730747266632444,0.0,0.0025404605787434555,0.0323776805140978,,,,
5562,0.001,adam,5563,243.48971676826477,0.006975507685284696,0.0,0.0030257117970408677,0.03723262565569337,,,,
5563,0.001,adam,5564,243.52841138839722,0.006970995009846726,0.0,0.002914196707212026,0.03611296208196699,,,,
5564,0.001,adam,5565,243.56246042251587,0.00697705315087229,0.0,0.0021327414325410863,0.028304467476283155,,,,
5565,0.001,adam,5566,243.59768223762512,0.006971124072188598,0.0,0.002412686474106287,0.031097988813251466,,,,
5566,0.001,adam,5567,243.62922477722168,0.0069677837728294835,0.0,0.003124483493775511,0.038212618710584595,,,,
5567,0.001,adam,5568,243.66447186470032,0.006984735694361991,0.0,0.004213543487415826,0.04912017056852025,,,,
5568,0.001,adam,5569,243.69672107696533,0.006956802468991624,0.0,0.004080404045044006,0.04776084291943168,,,,
5569,0.001,adam,5570,243.7317931652069,0.00694912991561094,0.0,0.003784501577272898,0.04479414568833992,,,,
5570,0.001,adam,5571,243.7687795162201,0.006940889728501621,0.0,0.005703739790040184,0.06397828762890347,,,,
5571,0.001,adam,5572,243.8035385608673,0.006958234205548629,0.0,0.004014270079569755,0.04710093500124617,,,,
5572,0.001,adam,5573,243.83640432357788,0.006961826883715471,0.0,0.004342330233239087,0.05038512921610634,,,,
5573,0.001,adam,5574,243.8722825050354,0.006956139121383834,0.0,0.0031979050961056256,0.03893519008244009,,,,
5574,0.001,adam,5575,243.90424942970276,0.006950828105450097,0.0,0.0029768440027015323,0.03671926813246542,,,,
5575,0.001,adam,5576,243.9369158744812,0.006964198753251516,0.0,0.0028230675301987784,0.0351948740552393,,,,
5576,0.001,adam,5577,243.9691252708435,0.006956357145469908,0.0,0.003025153251343127,0.03720788965890118,,,,
5577,0.001,adam,5578,244.00582122802734,0.006948076751184008,0.0,0.0025451542024154472,0.03239961877533848,,,,
5578,0.001,adam,5579,244.04298639297485,0.0069466640326885,0.0,0.002033491769844973,0.02728158173113823,,,,
5579,0.001,adam,5580,244.07863640785217,0.006941453669788563,0.0,0.003236925345482304,0.039310707124611606,0.00601556235156401,0.0,0.0037128357152458377,0.04314391950402239
5580,0.001,adam,5581,244.13419604301453,0.0069537397869948794,0.0,0.003904629989264677,0.04600003967964165,,,,
5581,0.001,adam,5582,244.17352390289307,0.006948663700902796,0.0,0.0047219722102005675,0.05416838580290847,,,,
5582,0.001,adam,5583,244.206848859787,0.0069651151460533665,0.0,0.005410454062897715,0.06106965577503052,,,,
5583,0.001,adam,5584,244.23555994033813,0.006947652548011269,0.0,0.005933367793874397,0.06628133048675525,,,,
5584,0.001,adam,5585,244.2691707611084,0.006973979404495135,0.0,0.0063672355369109425,0.07064633477360456,,,,
5585,0.001,adam,5586,244.30161690711975,0.006964640504685691,0.0,0.009022202146380063,0.09718666196848631,,,,
5586,0.001,adam,5587,244.33369612693787,0.0069956649384411975,0.0,0.008275571688893013,0.08975138182737133,,,,
5587,0.001,adam,5588,244.36580324172974,0.006975524395646431,0.0,0.006615857052725249,0.07313409492289892,,,,
5588,0.001,adam,5589,244.4042205810547,0.006977604313718524,0.0,0.004647106501868141,0.05344866933239993,,,,
5589,0.001,adam,5590,244.44549894332886,0.00696969550787785,0.0,0.0023942722495497422,0.03091241800337527,,,,
5590,0.001,adam,5591,244.4843430519104,0.006961194257281573,0.0,0.0027924700777755412,0.03488589503503699,,,,
5591,0.001,adam,5592,244.5108983516693,0.006949327946830462,0.0,0.0024567004369922805,0.031516332316753264,,,,
5592,0.001,adam,5593,244.54745817184448,0.006922115728999285,0.0,0.00240665415037196,0.03098865723271888,,,,
5593,0.001,adam,5594,244.60218000411987,0.006929024451499602,0.0,0.003201960581204653,0.038948630263546134,,,,
5594,0.001,adam,5595,244.65494775772095,0.006915264865513439,0.0,0.004185533680345944,0.048770601668972874,,,,
5595,0.001,adam,5596,244.70657634735107,0.006925387878513305,0.0,0.004447698485390153,0.05140237273241484,,,,
5596,0.001,adam,5597,244.76619148254395,0.006912286054562984,0.0,0.00399822049063053,0.046894490960868285,,,,
5597,0.001,adam,5598,244.81871366500854,0.006932284897294312,0.0,0.0033821650861398113,0.040753935758692426,,,,
5598,0.001,adam,5599,244.86498737335205,0.006931398712469689,0.0,0.003357720242874259,0.04050860114121228,,,,
5599,0.001,adam,5600,244.92024540901184,0.006952201085236507,0.0,0.0023201320893449797,0.030153521978686305,0.006029042839128571,0.0,0.0023990938376565385,0.030019981215693957
5600,0.001,adam,5601,244.97023820877075,0.006941997975657498,0.0,0.002298367674108449,0.029925674716741988,,,,
5601,0.001,adam,5602,245.0081729888916,0.006943774547469627,0.0,0.0026468109634704947,0.03341188418217457,,,,
5602,0.001,adam,5603,245.06791400909424,0.006958079383959449,0.0,0.0029154261792671728,0.036112341176631174,,,,
5603,0.001,adam,5604,245.11119318008423,0.006930441874029376,0.0,0.002781765395945964,0.034748095833489014,,,,
5604,0.001,adam,5605,245.15797996520996,0.00691594410793042,0.0,0.0023367008807214235,0.030282952915144656,,,,
5605,0.001,adam,5606,245.2116506099701,0.006905396790879538,0.0,0.0018640078060604547,0.025545474851484083,,,,
5606,0.001,adam,5607,245.24453926086426,0.006916235665570506,0.0,0.0021466008831127793,0.028382244496698298,,,,
5607,0.001,adam,5608,245.28240180015564,0.006930981597439327,0.0,0.002540197289680437,0.0323329544942437,,,,
5608,0.001,adam,5609,245.33853960037231,0.006923258666760281,0.0,0.0028514130123019937,0.03543738878978022,,,,
5609,0.001,adam,5610,245.37888622283936,0.006924710447649927,0.0,0.002727839689516561,0.034203107342815536,,,,
5610,0.001,adam,5611,245.41044211387634,0.006908684158726379,0.0,0.0030671565492632674,0.03758024965135905,,,,
5611,0.001,adam,5612,245.43993997573853,0.006927147337533762,0.0,0.003690163830342972,0.04382878564096348,,,,
5612,0.001,adam,5613,245.4820477962494,0.0069186994552813755,0.0,0.003326527216700602,0.040183971622287394,,,,
5613,0.001,adam,5614,245.5134904384613,0.006919281198630278,0.0,0.0022439773405726025,0.029359054604356304,,,,
5614,0.001,adam,5615,245.555725812912,0.006899587990734051,0.0,0.001922586795067617,0.02612545594141022,,,,
5615,0.001,adam,5616,245.59018182754517,0.006901771759396141,0.0,0.0018819234555610392,0.025721006315006532,,,,
5616,0.001,adam,5617,245.65082931518555,0.006905230426045587,0.0,0.0028114454267455713,0.0350196846935013,,,,
5617,0.001,adam,5618,245.69554352760315,0.0068885409666106685,0.0,0.002026592863962384,0.02715446960623451,,,,
5618,0.001,adam,5619,245.74334979057312,0.00688642668628629,0.0,0.0022648987636451254,0.029535414322737544,,,,
5619,0.001,adam,5620,245.80213975906372,0.006878887993902337,0.0,0.0027893719461667696,0.03477260745557003,0.005970824640893605,0.0,0.002083807494576922,0.026808899586662823
5620,0.001,adam,5621,245.85854077339172,0.006897319714895911,0.0,0.0031649176629375783,0.038546496344271694,,,,
5621,0.001,adam,5622,245.9005000591278,0.006902586808617589,0.0,0.0019126134429455536,0.026028721238073125,,,,
5622,0.001,adam,5623,245.95603346824646,0.006904779825363488,0.0,0.001758057605925799,0.02448535588462148,,,,
5623,0.001,adam,5624,245.997882604599,0.006902515729486633,0.0,0.0018152668981310988,0.02505518471079762,,,,
5624,0.001,adam,5625,246.0407636165619,0.006899088259699243,0.0,0.002259850924492681,0.029497597504626053,,,,
5625,0.001,adam,5626,246.09904527664185,0.006906130210011037,0.0,0.0034966581081815815,0.041872711291826854,,,,
5626,0.001,adam,5627,246.1423442363739,0.006902285848963592,0.0,0.003326993071580669,0.04017221656477028,,,,
5627,0.001,adam,5628,246.18087911605835,0.006908322122064331,0.0,0.003457971633542734,0.041488038457491674,,,,
5628,0.001,adam,5629,246.21528387069702,0.006900535303266255,0.0,0.002992984119166111,0.03683037649492737,,,,
5629,0.001,adam,5630,246.24989986419678,0.006900468536234572,0.0,0.002041971733309117,0.02732018586932574,,,,
5630,0.001,adam,5631,246.28530621528625,0.0068875128712446295,0.0,0.002620863650554527,0.0330961493767899,,,,
5631,0.001,adam,5632,246.31547045707703,0.0068899619351973545,0.0,0.002323656807241579,0.030126530007613145,,,,
5632,0.001,adam,5633,246.3586699962616,0.006884567064555153,0.0,0.0026039644755752,0.03292421182030716,,,,
5633,0.001,adam,5634,246.39877033233643,0.006880922071654358,0.0,0.002725577133690047,0.03413669340855483,,,,
5634,0.001,adam,5635,246.44770407676697,0.0068792018461056575,0.0,0.0027463408779983952,0.03434261062608961,,,,
5635,0.001,adam,5636,246.49278163909912,0.006870656875296939,0.0,0.003281105950141332,0.03968171637671026,,,,
5636,0.001,adam,5637,246.54340863227844,0.0068847900957984,0.0,0.004486397885006215,0.05174876894586054,,,,
5637,0.001,adam,5638,246.58680534362793,0.006873498573129737,0.0,0.0054949501608087745,0.06182300018121748,,,,
5638,0.001,adam,5639,246.6322739124298,0.006895005573540291,0.0,0.00559422992863441,0.0628373048598844,,,,
5639,0.001,adam,5640,246.66433238983154,0.006875701712493356,0.0,0.004403172663396833,0.05090742834646168,0.005964223745543197,0.0,0.0029057152648122807,0.035021376393666
5640,0.001,adam,5641,246.72540593147278,0.006891153843634132,0.0,0.0028160298540551992,0.035051452384186124,,,,
5641,0.001,adam,5642,246.7526535987854,0.006894531184432304,0.0,0.005103024370457301,0.05792477488900532,,,,
5642,0.001,adam,5643,246.79309344291687,0.006882245553425741,0.0,0.002750516402199725,0.034387409575422995,,,,
5643,0.001,adam,5644,246.83609867095947,0.006880626829189534,0.0,0.005139591674385029,0.058276543573039824,,,,
5644,0.001,adam,5645,246.86745166778564,0.006881843620936612,0.0,0.0031129649157309014,0.03801149277824563,,,,
5645,0.001,adam,5646,246.91896772384644,0.006890580767085417,0.0,0.003987692630927998,0.0467675070763654,,,,
5646,0.001,adam,5647,246.96369433403015,0.0068875139815301285,0.0,0.01306589719155185,0.13754648589704863,,,,
5647,0.001,adam,5648,247.00773286819458,0.006898570929907096,0.0,0.003483632036893519,0.04173489129884229,,,,
5648,0.001,adam,5649,247.05090260505676,0.006896712241362219,0.0,0.002999437516175146,0.03689108740311368,,,,
5649,0.001,adam,5650,247.08943510055542,0.006907731350315373,0.0,0.001853602809368775,0.025443759444003122,,,,
5650,0.001,adam,5651,247.12587356567383,0.006914542195911983,0.0,0.0024565852458207035,0.03148039465411902,,,,
5651,0.001,adam,5652,247.1635868549347,0.006930693500396512,0.0,0.0024375467603580205,0.031306161103976715,,,,
5652,0.001,adam,5653,247.23055028915405,0.00695585420621153,0.0,0.003589860445735193,0.04285445866356346,,,,
5653,0.001,adam,5654,247.2761311531067,0.0069592053686374986,0.0,0.006089534270008412,0.06785454806872163,,,,
5654,0.001,adam,5655,247.31627798080444,0.006976568959237885,0.0,0.009845828273084408,0.10543485169008197,,,,
5655,0.001,adam,5656,247.35926914215088,0.006956868174767261,0.0,0.01456842363117759,0.15264110448654317,,,,
5656,0.001,adam,5657,247.4097762107849,0.006994276836635837,0.0,0.01685797028214587,0.17557397965809451,,,,
5657,0.001,adam,5658,247.456547498703,0.0069426459741697985,0.0,0.018650328555477182,0.19344593152894163,,,,
5658,0.001,adam,5659,247.4906849861145,0.006989561305394668,0.0,0.018587184399241168,0.19286140529780635,,,,
5659,0.001,adam,5660,247.52133321762085,0.00692266268671612,0.0,0.015169502942453608,0.1586176921112522,0.005972494022676289,0.0,0.006203592259297462,0.06800841661565091
5660,0.001,adam,5661,247.57319402694702,0.006940991679227338,0.0,0.006610096475359231,0.07304195643281965,,,,
5661,0.001,adam,5662,247.6141860485077,0.006920416936938797,0.0,0.003030844294919966,0.03722885988613846,,,,
5662,0.001,adam,5663,247.65406966209412,0.0069106290590383165,0.0,0.00481075123615179,0.05501814142055622,,,,
5663,0.001,adam,5664,247.68274593353271,0.006960656129970266,0.0,0.007894189901950007,0.08590255514947034,,,,
5664,0.001,adam,5665,247.72086238861084,0.00688573037541943,0.0,0.00672923765671572,0.07417810694257662,,,,
5665,0.001,adam,5666,247.76536917686462,0.006921708529509462,0.0,0.003969230362161019,0.046614012151119655,,,,
5666,0.001,adam,5667,247.8172562122345,0.0069360889302283735,0.0,0.0033428254679428366,0.04036434360965674,,,,
5667,0.001,adam,5668,247.87371015548706,0.00693341837467467,0.0,0.0034468464794875143,0.04140188316954981,,,,
5668,0.001,adam,5669,247.91529846191406,0.0069886761458581685,0.0,0.005238499205885694,0.05937366820471511,,,,
5669,0.001,adam,5670,247.95326972007751,0.006929120945518493,0.0,0.004936559993564821,0.0562947208811667,,,,
5670,0.001,adam,5671,247.9867742061615,0.006986936555900241,0.0,0.0032684180659599315,0.039671117215499554,,,,
5671,0.001,adam,5672,248.03696966171265,0.0069653760201371,0.0,0.0020826499661940286,0.027791875682077385,,,,
5672,0.001,adam,5673,248.07586193084717,0.006950817013884358,0.0,0.0033794971148744628,0.040745788162628985,,,,
5673,0.001,adam,5674,248.10597133636475,0.0070032130745501025,0.0,0.004796643545608855,0.05496964853063865,,,,
5674,0.001,adam,5675,248.14733338356018,0.006905774650166261,0.0,0.005894944071061518,0.06585521536078144,,,,
5675,0.001,adam,5676,248.19208025932312,0.0069546391058906264,0.0,0.004917440319504261,0.05612904230093324,,,,
5676,0.001,adam,5677,248.24465799331665,0.00693554263685283,0.0,0.003610940885501826,0.04304495149187109,,,,
5677,0.001,adam,5678,248.29903745651245,0.006897345725950949,0.0,0.002966314095127198,0.036560486677222934,,,,
5678,0.001,adam,5679,248.34491395950317,0.006971108852157259,0.0,0.0034381115437203944,0.0413522242893612,,,,
5679,0.001,adam,5680,248.40038633346558,0.006918225401571213,0.0,0.00409539689909329,0.04787219439250411,0.006002703442515494,0.0,0.0038392921362608804,0.044395624805124295
5680,0.001,adam,5681,248.46660828590393,0.006927912333498369,0.0,0.0038548544467361056,0.045476456800859426,,,,
5681,0.001,adam,5682,248.50506329536438,0.006918262999813317,0.0,0.0029579126531414585,0.0364973895312279,,,,
5682,0.001,adam,5683,248.53597211837769,0.006898651874719751,0.0,0.0030377090880363486,0.03727574275508324,,,,
5683,0.001,adam,5684,248.57096552848816,0.0069228831179636826,0.0,0.0030005148975630396,0.03692803209359408,,,,
5684,0.001,adam,5685,248.61251640319824,0.006913903114167223,0.0,0.004124591156256645,0.04815981467673367,,,,
5685,0.001,adam,5686,248.65044021606445,0.006913940858330605,0.0,0.0030195613125112053,0.03710955398344266,,,,
5686,0.001,adam,5687,248.70961022377014,0.006904739756064601,0.0,0.0027013291759725856,0.03391803151579046,,,,
5687,0.001,adam,5688,248.76450300216675,0.006875123026533724,0.0,0.003231782812624884,0.03919295115278256,,,,
5688,0.001,adam,5689,248.80379962921143,0.00688861782863066,0.0,0.002654865144497647,0.03343726927360713,,,,
5689,0.001,adam,5690,248.85607194900513,0.006883502654337222,0.0,0.0031552382991274727,0.03843588564561195,,,,
5690,0.001,adam,5691,248.90140438079834,0.0068954948254199965,0.0,0.00356424094599391,0.0425379042853591,,,,
5691,0.001,adam,5692,248.94334268569946,0.006892104657120268,0.0,0.003240799691769444,0.039300101574814714,,,,
5692,0.001,adam,5693,248.98364233970642,0.00689904310683624,0.0,0.002836810469723555,0.035267147804071794,,,,
5693,0.001,adam,5694,249.01581144332886,0.006912118893207481,0.0,0.002813747215483895,0.03504959104804643,,,,
5694,0.001,adam,5695,249.06045007705688,0.006896338657369388,0.0,0.0023384815687234163,0.03028115434460355,,,,
5695,0.001,adam,5696,249.098295211792,0.0068840722242897966,0.0,0.002786680115400533,0.034750873378295126,,,,
5696,0.001,adam,5697,249.15925884246826,0.006870588120952786,0.0,0.0028024073795638476,0.03489466191659126,,,,
5697,0.001,adam,5698,249.19166946411133,0.0068710993003488026,0.0,0.0026571883427664715,0.033442982728013514,,,,
5698,0.001,adam,5699,249.2274889945984,0.006852230020438572,0.0,0.002053726172201348,0.02738949174245205,,,,
5699,0.001,adam,5700,249.2725236415863,0.0068435080588079645,0.0,0.0021130715149638977,0.02797422320844694,0.0059121371481042065,0.0,0.002330899111338983,0.02922112826149404
5700,0.001,adam,5701,249.32200264930725,0.006836208023132868,0.0,0.0024205316064765713,0.031041524087898578,,,,
5701,0.001,adam,5702,249.36907410621643,0.006835132973467199,0.0,0.003096447815194188,0.03779961112540908,,,,
5702,0.001,adam,5703,249.42052841186523,0.00683666501365674,0.0,0.0024989947963441907,0.03182661297709865,,,,
5703,0.001,adam,5704,249.46658658981323,0.006835573410681384,0.0,0.0018444578419977453,0.025280151830658834,,,,
5704,0.001,adam,5705,249.5055434703827,0.0068470598899145925,0.0,0.0019761112827861977,0.02660817271777657,,,,
5705,0.001,adam,5706,249.57808542251587,0.006849642876618489,0.0,0.0021199753441104594,0.02804939631772308,,,,
5706,0.001,adam,5707,249.61642956733704,0.0068462839052026115,0.0,0.001911690801330059,0.0259631919185032,,,,
5707,0.001,adam,5708,249.64943552017212,0.006854232028879153,0.0,0.0018226294126902592,0.025080526155781747,,,,
5708,0.001,adam,5709,249.69235253334045,0.006853107537504323,0.0,0.0022114486362885804,0.028967593900390127,,,,
5709,0.001,adam,5710,249.72853136062622,0.006850112440839838,0.0,0.001559298662758078,0.022443099068420617,,,,
5710,0.001,adam,5711,249.77324151992798,0.006848497791237108,0.0,0.001863551812677335,0.025484015918010458,,,,
5711,0.001,adam,5712,249.81557250022888,0.006848706062070164,0.0,0.0021434656088918994,0.028283362150989158,,,,
5712,0.001,adam,5713,249.8613085746765,0.006846728756517584,0.0,0.0020573746082018503,0.027420474838536088,,,,
5713,0.001,adam,5714,249.90220284461975,0.006840437265215179,0.0,0.0018495567145560671,0.025336004410775853,,,,
5714,0.001,adam,5715,249.94608688354492,0.006832800586838158,0.0,0.0016777263186976976,0.023610063773815134,,,,
5715,0.001,adam,5716,249.98038864135742,0.006832709570636647,0.0,0.0014472047923505236,0.02130475749414188,,,,
5716,0.001,adam,5717,250.0248351097107,0.006833274168648196,0.0,0.0021552959035152177,0.028386233203800373,,,,
5717,0.001,adam,5718,250.06480646133423,0.006840378593239675,0.0,0.0022277948483551855,0.02911832707679153,,,,
5718,0.001,adam,5719,250.10040616989136,0.006846231298732474,0.0,0.0020009140483322396,0.02685537178205487,,,,
5719,0.001,adam,5720,250.1424264907837,0.006845428273553691,0.0,0.002232811870147321,0.029173546975026898,0.005907014124494758,0.0,0.0017829101044987794,0.02373611516948255
5720,0.001,adam,5721,250.21134161949158,0.006845835015190807,0.0,0.0016706581736382945,0.023552416751573754,,,,
5721,0.001,adam,5722,250.24836349487305,0.006837724611212067,0.0,0.0022980025729220357,0.029817750340432426,,,,
5722,0.001,adam,5723,250.2815170288086,0.006841803352472523,0.0,0.00219567814740155,0.028798584826488026,,,,
5723,0.001,adam,5724,250.3258776664734,0.006833922219672711,0.0,0.002131704331144054,0.02815096553111325,,,,
5724,0.001,adam,5725,250.36079692840576,0.006826191374322022,0.0,0.0020478485875634785,0.027304677249956805,,,,
5725,0.001,adam,5726,250.39722084999084,0.0068282437560386626,0.0,0.0024102465340248964,0.030930709096287628,,,,
5726,0.001,adam,5727,250.43152499198914,0.006819059192715464,0.0,0.002541184832381597,0.03223090751653143,,,,
5727,0.001,adam,5728,250.4799873828888,0.006815043613104516,0.0,0.0027117240980233533,0.03393228459333805,,,,
5728,0.001,adam,5729,250.5208296775818,0.006817436616169141,0.0,0.00202101396637249,0.027027576279894043,,,,
5729,0.001,adam,5730,250.5601463317871,0.006806594623822701,0.0,0.0022790000378302986,0.029596595002125685,,,,
5730,0.001,adam,5731,250.596049785614,0.006808524818764792,0.0,0.0027696078283380625,0.03450460310214541,,,,
5731,0.001,adam,5732,250.63837432861328,0.006801851704316101,0.0,0.0023160190746682628,0.029962042450998733,,,,
5732,0.001,adam,5733,250.6802761554718,0.006806388309882395,0.0,0.0028521407786247753,0.03532779609613015,,,,
5733,0.001,adam,5734,250.7165093421936,0.006820141007227669,0.0,0.0027269225126524015,0.034089366133751686,,,,
5734,0.001,adam,5735,250.75098729133606,0.006811596875893219,0.0,0.001957108551883561,0.026382682394728827,,,,
5735,0.001,adam,5736,250.79729509353638,0.0068211313816659664,0.0,0.0021016006560943745,0.027837137942609714,,,,
5736,0.001,adam,5737,250.83833479881287,0.006828761877681312,0.0,0.002201158668775067,0.02884034856543198,,,,
5737,0.001,adam,5738,250.87343549728394,0.006826613439622463,0.0,0.0022870129548074577,0.029696742987697037,,,,
5738,0.001,adam,5739,250.9339988231659,0.006827477277838595,0.0,0.23266018549972514,2.33342933227509,,,,
5739,0.001,adam,5740,250.9727110862732,0.006823782603129604,0.0,0.003181434109362234,0.038638123696751944,0.005902216322364566,0.0,0.0024909345791190854,0.030811562113555423
5740,0.001,adam,5741,251.03370428085327,0.006837210685322842,0.0,0.0024303529353763473,0.031140740039086318,,,,
5741,0.001,adam,5742,251.05877423286438,0.006833918530908972,0.0,0.0022865439027638214,0.029699357558547183,,,,
5742,0.001,adam,5743,251.0998146533966,0.006832633054710788,0.0,0.0022649473880684613,0.0294821069353954,,,,
5743,0.001,adam,5744,251.14427995681763,0.006830446170228082,0.0,0.00214841834805169,0.028314629650744983,,,,
5744,0.001,adam,5745,251.18499755859375,0.006828806821274478,0.0,0.0018515500418357811,0.02534430723963229,,,,
5745,0.001,adam,5746,251.2161042690277,0.006838210276594725,0.0,0.0016129955585645443,0.022968165862240167,,,,
5746,0.001,adam,5747,251.25789523124695,0.0068405413669138625,0.0,0.002321488743832488,0.030055428805238742,,,,
5747,0.001,adam,5748,251.29388904571533,0.0068463625518673,0.0,0.002337650050319395,0.03022286305506125,,,,
5748,0.001,adam,5749,251.32578420639038,0.006833040615155417,0.0,0.0024251352886844766,0.031084393502000186,,,,
5749,0.001,adam,5750,251.35882830619812,0.006828920057172085,0.0,0.0021652389894607172,0.02848130995177926,,,,
5750,0.001,adam,5751,251.41003727912903,0.006821635840598532,0.0,0.0017723666768042756,0.024545302608641288,,,,
5751,0.001,adam,5752,251.45664477348328,0.006818698900974817,0.0,0.001744599999323418,0.024264698894208996,,,,
5752,0.001,adam,5753,251.4964554309845,0.0068177634621565605,0.0,0.002326929066808296,0.030087054130239523,,,,
5753,0.001,adam,5754,251.55045866966248,0.0068103492816780995,0.0,0.0026755777002717895,0.033566126284395995,,,,
5754,0.001,adam,5755,251.59464693069458,0.0068194006946636,0.0,0.0036248149280723127,0.043067549975386726,,,,
5755,0.001,adam,5756,251.63658094406128,0.006826289535346856,0.0,0.002906803283630608,0.03589432237165294,,,,
5756,0.001,adam,5757,251.67563152313232,0.00683794013434911,0.0,0.0033311778137458435,0.04014971827180754,,,,
5757,0.001,adam,5758,251.73083019256592,0.006819975910418012,0.0,0.003039830667572965,0.037218282586147663,,,,
5758,0.001,adam,5759,251.78034663200378,0.006823445064996722,0.0,0.003049417526558773,0.03731762033058445,,,,
5759,0.001,adam,5760,251.82156491279602,0.006808408226892081,0.0,0.002783999987928173,0.03464840810617381,0.005851438760426403,0.0,0.003102338204650679,0.03687482080693319
5760,0.001,adam,5761,251.87369012832642,0.006805357243619558,0.0,0.0028850352563461567,0.035655709807081125,,,,
5761,0.001,adam,5762,251.91967821121216,0.00679200776062432,0.0,0.003154259200582964,0.03833459976645395,,,,
5762,0.001,adam,5763,251.95848941802979,0.0067839661012587685,0.0,0.002447791135507315,0.03126187745633192,,,,
5763,0.001,adam,5764,251.99275946617126,0.006763977682841604,0.0,0.002968461164657236,0.036448589329413965,,,,
5764,0.001,adam,5765,252.0250780582428,0.006764928562651461,0.0,0.001972779230583215,0.02649272086848361,,,,
5765,0.001,adam,5766,252.06856226921082,0.006763749485899538,0.0,0.0023615846564592918,0.030379596050492456,,,,
5766,0.001,adam,5767,252.11066222190857,0.006776364729034086,0.0,0.0027270739574165536,0.03404710430319962,,,,
5767,0.001,adam,5768,252.1586151123047,0.006770542091290027,0.0,0.003947332983389386,0.04624387192518389,,,,
5768,0.001,adam,5769,252.20711278915405,0.006786474362240752,0.0,0.0019869794590590844,0.026656268952831595,,,,
5769,0.001,adam,5770,252.2450532913208,0.006792587686292656,0.0,0.0019308020250483886,0.026100607936776543,,,,
5770,0.001,adam,5771,252.28025436401367,0.006790835629508641,0.0,0.2307081012017856,2.3138718476473645,,,,
5771,0.001,adam,5772,252.32435369491577,0.006800270125972507,0.0,0.002567092650295013,0.03247119662892264,,,,
5772,0.001,adam,5773,252.36045169830322,0.006799665004726854,0.0,0.002863495773906046,0.035434622743787315,,,,
5773,0.001,adam,5774,252.3987684249878,0.00684093185253952,0.0,0.003622752916493774,0.04306846101747726,,,,
5774,0.001,adam,5775,252.43850302696228,0.006834503910987641,0.0,0.004660520108740007,0.05343970499838771,,,,
5775,0.001,adam,5776,252.47881817817688,0.006879147812663681,0.0,0.004561787055524877,0.05249701836791245,,,,
5776,0.001,adam,5777,252.51487398147583,0.006836188939788932,0.0,0.004628561009423832,0.05312179903402726,,,,
5777,0.001,adam,5778,252.56747364997864,0.006853598695633348,0.0,0.004152622925788392,0.048379827953517265,,,,
5778,0.001,adam,5779,252.6155800819397,0.006827242758318051,0.0,0.0036260661309207554,0.043087904067525606,,,,
5779,0.001,adam,5780,252.66131472587585,0.006829808498933869,0.0,0.003440708545455392,0.041236893953487785,0.005818141792421028,0.0,0.002794627165648094,0.033764413448901964
5780,0.001,adam,5781,252.73468947410583,0.006803170157823001,0.0,0.002829309008330964,0.03509626024113264,,,,
5781,0.001,adam,5782,252.78474950790405,0.006799888232620086,0.0,0.0023914835025836633,0.03071472325845672,,,,
5782,0.001,adam,5783,252.82767271995544,0.006798082359788478,0.0,0.002076833682936,0.027566419189148476,,,,
5783,0.001,adam,5784,252.88447904586792,0.006792123796184643,0.0,0.0019522969922499828,0.02631509371868447,,,,
5784,0.001,adam,5785,252.93457961082458,0.0067952803323930696,0.0,0.0024210630851978147,0.031005911184371217,,,,
5785,0.001,adam,5786,252.9715440273285,0.006800686866609405,0.0,0.002643466958595069,0.033235356452560094,,,,
5786,0.001,adam,5787,253.01704287528992,0.0068066747841764,0.0,0.0028709173330418113,0.03551584811459452,,,,
5787,0.001,adam,5788,253.0698971748352,0.006799485966084248,0.0,0.0044971357974348414,0.05177084394043266,,,,
5788,0.001,adam,5789,253.11534142494202,0.006805430597343983,0.0,0.004711047180472676,0.05391590240207074,,,,
5789,0.001,adam,5790,253.15666890144348,0.006793360703493932,0.0,0.008824371175870507,0.095037072462199,,,,
5790,0.001,adam,5791,253.2071144580841,0.006818973151169193,0.0,0.0088333274227169,0.09515224737833819,,,,
5791,0.001,adam,5792,253.2592635154724,0.0067947680752671585,0.0,0.008366637436637268,0.09046114244163983,,,,
5792,0.001,adam,5793,253.29022598266602,0.006832573741573012,0.0,0.00958874602652814,0.1027200340068544,,,,
5793,0.001,adam,5794,253.35344290733337,0.00685177359296334,0.0,0.010793204084096907,0.11478381443393242,,,,
5794,0.001,adam,5795,253.40781450271606,0.006914245843487798,0.0,0.012256923479141974,0.12948348063490753,,,,
5795,0.001,adam,5796,253.44262862205505,0.006877129714215849,0.0,0.00866907519393361,0.09356788165355195,,,,
5796,0.001,adam,5797,253.47466325759888,0.006842512660650712,0.0,0.0032360521870793265,0.03920303453144398,,,,
5797,0.001,adam,5798,253.51149606704712,0.006840559202277705,0.0,0.0029255552859899225,0.03609611206217693,,,,
5798,0.001,adam,5799,253.55615377426147,0.006826659008433812,0.0,0.004236304576448015,0.04918970477291396,,,,
5799,0.001,adam,5800,253.59026980400085,0.006851509767351591,0.0,0.00787879573016094,0.08563946706896099,0.0058726264155207555,0.0,0.009950300887701866,0.1053756352925394
5800,0.001,adam,5801,253.64916491508484,0.0068381949884246535,0.0,0.010374840218629217,0.11058659717471682,,,,
5801,0.001,adam,5802,253.68937063217163,0.006893033658122265,0.0,0.0106602788969203,0.11349582262732527,,,,
5802,0.001,adam,5803,253.73606133460999,0.006808622306072675,0.0,0.007223805770027289,0.07904668000634557,,,,
5803,0.001,adam,5804,253.7771029472351,0.0068035555460254585,0.0,0.0047700961846542465,0.05450451739256792,,,,
5804,0.001,adam,5805,253.816734790802,0.006828454613066173,0.0,0.0052164884406481985,0.058993339019548154,,,,
5805,0.001,adam,5806,253.85391497612,0.006812249107597216,0.0,0.006712581645112757,0.07393806555872479,,,,
5806,0.001,adam,5807,253.89936304092407,0.006879482738372073,0.0,0.0065709483841420195,0.07258896657979227,,,,
5807,0.001,adam,5808,253.94174456596375,0.006818156433212782,0.0,0.004142408144589156,0.048242237879104345,,,,
5808,0.001,adam,5809,253.98287796974182,0.0068461562253738124,0.0,0.004121918290039995,0.048065339125773765,,,,
5809,0.001,adam,5810,254.02040457725525,0.00684800769897469,0.0,0.0058545997027691045,0.06539400472666573,,,,
5810,0.001,adam,5811,254.05482697486877,0.006846166101286191,0.0,0.00722950849882111,0.0791412510894973,,,,
5811,0.001,adam,5812,254.09019994735718,0.006850205777119925,0.0,0.004697139894038765,0.053821604717507576,,,,
5812,0.001,adam,5813,254.1289255619049,0.006827176925725131,0.0,0.0022455814358266317,0.02928299128399145,,,,
5813,0.001,adam,5814,254.16003227233887,0.006829336295498785,0.0,0.003996186691606401,0.0467912032115628,,,,
5814,0.001,adam,5815,254.20671153068542,0.0068319328994456315,0.0,0.005627687973526146,0.06310881263470709,,,,
5815,0.001,adam,5816,254.26852011680603,0.006821739343876343,0.0,0.004421073870147911,0.051032478045355455,,,,
5816,0.001,adam,5817,254.3031942844391,0.006792883629547286,0.0,0.0029858916139349862,0.03665179976889715,,,,
5817,0.001,adam,5818,254.34190464019775,0.006799558241343699,0.0,0.0032281223291914032,0.03908078153325773,,,,
5818,0.001,adam,5819,254.3828752040863,0.0067956077745427255,0.0,0.004202502800668739,0.048820635781230116,,,,
5819,0.001,adam,5820,254.42367434501648,0.006782691542823986,0.0,0.0036096731909020753,0.04287942345184474,0.005808335314971245,0.0,0.0029401995732861127,0.035210331047832374
5820,0.001,adam,5821,254.47087335586548,0.006766662905341036,0.0,0.0029313800390287524,0.03608046329562856,,,,
5821,0.001,adam,5822,254.5202991962433,0.006751770771413586,0.0,0.002803313530002408,0.034784906071437666,,,,
5822,0.001,adam,5823,254.56822609901428,0.006772932348641814,0.0,0.0036111972842130967,0.04288490519077278,,,,
5823,0.001,adam,5824,254.61637926101685,0.006755540652743714,0.0,0.0027096293044288123,0.03385183369703183,,,,
5824,0.001,adam,5825,254.66446137428284,0.006753479445001261,0.0,0.001830237527453088,0.02505585471953214,,,,
5825,0.001,adam,5826,254.6939024925232,0.006775469548908016,0.0,0.002372320968631862,0.030498679235226638,,,,
5826,0.001,adam,5827,254.7404546737671,0.00676330122995862,0.0,0.003450031016646747,0.04126361139642609,,,,
5827,0.001,adam,5828,254.7880253791809,0.006759509054021374,0.0,0.0030256456521759283,0.03701596557578066,,,,
5828,0.001,adam,5829,254.836571931839,0.006738005530585212,0.0,0.0027371756137977705,0.034109761668562916,,,,
5829,0.001,adam,5830,254.8815426826477,0.006755271836261811,0.0,0.00263920531355556,0.03314732497181741,,,,
5830,0.001,adam,5831,254.9188356399536,0.006742045856603437,0.0,0.0025056281680537126,0.03179832753714056,,,,
5831,0.001,adam,5832,254.96244192123413,0.0067461526669373014,0.0,0.0022577372781988577,0.02932352544892588,,,,
5832,0.001,adam,5833,255.00516033172607,0.006745526052081777,0.0,0.002460133507831288,0.03134686113039466,,,,
5833,0.001,adam,5834,255.0422761440277,0.006747949561172296,0.0,0.0022025201783749835,0.028773151344922133,,,,
5834,0.001,adam,5835,255.07953572273254,0.006767458013749452,0.0,0.002783239969622227,0.03459985770997172,,,,
5835,0.001,adam,5836,255.11427640914917,0.006759446321669407,0.0,0.003072835048557927,0.03748779680724868,,,,
5836,0.001,adam,5837,255.15697598457336,0.006769646789570934,0.0,0.003085708142565784,0.03762672821522878,,,,
5837,0.001,adam,5838,255.20737600326538,0.006764247880007586,0.0,0.0030430907667631374,0.03719515554763896,,,,
5838,0.001,adam,5839,255.26106810569763,0.006778494996452811,0.0,0.002633967495690297,0.03311816995335578,,,,
5839,0.001,adam,5840,255.30260562896729,0.006780418870078986,0.0,0.0021227521798932803,0.028007940669011785,0.005808514141130299,0.0,0.002010546665405875,0.02591398079518905
5840,0.001,adam,5841,255.35020470619202,0.006767480356678071,0.0,0.0017972705228998618,0.02474018558567669,,,,
5841,0.001,adam,5842,255.39845776557922,0.006758064144117892,0.0,0.0019637078647700566,0.026395142791818458,,,,
5842,0.001,adam,5843,255.44780015945435,0.006747798169448324,0.0,0.002693376784590932,0.03368156601535764,,,,
5843,0.001,adam,5844,255.4884786605835,0.006750311761204205,0.0,0.0024022672899748874,0.03077298466095308,,,,
5844,0.001,adam,5845,255.53630876541138,0.006743740242123954,0.0,0.002903077892411728,0.035774519166241234,,,,
5845,0.001,adam,5846,255.59410405158997,0.006742751021948768,0.0,0.0028625454448020496,0.035368205469969265,,,,
5846,0.001,adam,5847,255.6406168937683,0.006739355808897222,0.0,0.0030049052379324684,0.036788408188221905,,,,
5847,0.001,adam,5848,255.67244839668274,0.006754658836971067,0.0,0.0029080760298013015,0.03583541913498408,,,,
5848,0.001,adam,5849,255.73207426071167,0.0067553097253516175,0.0,0.0023598091581137756,0.030353401306489374,,,,
5849,0.001,adam,5850,255.773282289505,0.006771155973152535,0.0,0.002692198155220141,0.03369313752535394,,,,
5850,0.001,adam,5851,255.80632400512695,0.006766587416917602,0.0,0.0027991133158629645,0.03475772057554725,,,,
5851,0.001,adam,5852,255.84930729866028,0.006767956887721223,0.0,0.0019852105273610336,0.02662006216133156,,,,
5852,0.001,adam,5853,255.88952803611755,0.006756328972824588,0.0,0.0018064609579378943,0.02482093855220353,,,,
5853,0.001,adam,5854,255.93850803375244,0.006746408428057131,0.0,0.002160876686317686,0.028355175291233988,,,,
5854,0.001,adam,5855,255.97617959976196,0.0067386808444400625,0.0,0.0022952274850278295,0.029690955694718357,,,,
5855,0.001,adam,5856,256.02375841140747,0.006742682356419556,0.0,0.0017917238644252127,0.024659921000671683,,,,
5856,0.001,adam,5857,256.0795331001282,0.006739204453124816,0.0,0.0018919657952447162,0.025658862405571976,,,,
5857,0.001,adam,5858,256.12056398391724,0.006745286391046559,0.0,0.0018845441106995534,0.025590727498042094,,,,
5858,0.001,adam,5859,256.1678931713104,0.006755851332337968,0.0,0.002013256066284375,0.026888411995181716,,,,
5859,0.001,adam,5860,256.20578026771545,0.006755649066400684,0.0,0.0020971994520766766,0.02772764358716745,0.005809989208362289,0.0,0.0019986140837170495,0.025796130045532786
5860,0.001,adam,5861,256.273334980011,0.0067446069132842705,0.0,0.002193681048225709,0.02868141739554136,,,,
5861,0.001,adam,5862,256.3282914161682,0.0067305931708414295,0.0,0.0020506130325591344,0.027236723496432774,,,,
5862,0.001,adam,5863,256.382364988327,0.006724228210112517,0.0,0.0015316706041456538,0.022040934251569055,,,,
5863,0.001,adam,5864,256.4241542816162,0.0067177155167501,0.0,0.003443046702453057,0.04114818254128067,,,,
5864,0.001,adam,5865,256.44997000694275,0.0067085706801106254,0.0,0.0015183114491581248,0.021891685171691874,,,,
5865,0.001,adam,5866,256.49231576919556,0.006703905402022621,0.0,0.0020079935482445704,0.026783840884468328,,,,
5866,0.001,adam,5867,256.5299651622772,0.006704739136327826,0.0,0.0018201309257092186,0.024906048393420012,,,,
5867,0.001,adam,5868,256.5693838596344,0.006702905747968254,0.0,0.0022732695690079996,0.02943560143804825,,,,
5868,0.001,adam,5869,256.6085867881775,0.006703350767805637,0.0,0.002240980640151887,0.029113157169324506,,,,
5869,0.001,adam,5870,256.6562194824219,0.006702593767896985,0.0,0.0019652635757697635,0.02635522952559462,,,,
5870,0.001,adam,5871,256.7038357257843,0.006699382283553902,0.0,0.002656284398156948,0.03326222626512338,,,,
5871,0.001,adam,5872,256.7397782802582,0.006712425414002201,0.0,0.0027107813390634915,0.033820238804637116,,,,
5872,0.001,adam,5873,256.78463983535767,0.006707686925115263,0.0,0.005732481556137112,0.06403250248648638,,,,
5873,0.001,adam,5874,256.83013343811035,0.006708265137814983,0.0,0.0030876466784403563,0.03758473192221855,,,,
5874,0.001,adam,5875,256.8663351535797,0.006701690765630983,0.0,0.004039320687995595,0.04709489764558694,,,,
5875,0.001,adam,5876,256.8985643386841,0.006725820904575545,0.0,0.004943831506569727,0.05616413597027282,,,,
5876,0.001,adam,5877,256.92942547798157,0.006700550511641371,0.0,0.004722437394362557,0.053924924455266934,,,,
5877,0.001,adam,5878,256.97250604629517,0.006716570971833329,0.0,0.006465770770955577,0.0713742786813891,,,,
5878,0.001,adam,5879,257.011554479599,0.0067239940014206965,0.0,0.006787062523044206,0.07459461923186275,,,,
5879,0.001,adam,5880,257.044312953949,0.006755624228734006,0.0,0.00649928663391382,0.0717484905678722,0.005808891714151327,0.0,0.005477728115829295,0.06058617287244428
5880,0.001,adam,5881,257.10228657722473,0.006722124377208896,0.0,0.005770075925095911,0.064422883628168,,,,
5881,0.001,adam,5882,257.1434519290924,0.006739742462507907,0.0,0.004267210739740875,0.04941184985991665,,,,
5882,0.001,adam,5883,257.19490480422974,0.00672808369457846,0.0,0.003137777374636801,0.038105857440946474,,,,
5883,0.001,adam,5884,257.24246525764465,0.006726719953256307,0.0,0.002549030630208635,0.03221702625534266,,,,
5884,0.001,adam,5885,257.28474378585815,0.006722890269844348,0.0,0.0027761418935392,0.034484309205236346,,,,
5885,0.001,adam,5886,257.3359520435333,0.0067080386258959734,0.0,0.004127821572173528,0.04798625434763125,,,,
5886,0.001,adam,5887,257.37170457839966,0.006701116240995887,0.0,0.005253926889487037,0.05924038513586626,,,,
5887,0.001,adam,5888,257.40465903282166,0.006696709621743878,0.0,0.005697711923645193,0.06367382885819581,,,,
5888,0.001,adam,5889,257.4483461380005,0.006724686913101766,0.0,0.005511714070467695,0.06184182761777872,,,,
5889,0.001,adam,5890,257.492751121521,0.006709146876447756,0.0,0.004790625339897224,0.054615400275419994,,,,
5890,0.001,adam,5891,257.53484296798706,0.0067173137720648425,0.0,0.0036876483473864963,0.04359379724592981,,,,
5891,0.001,adam,5892,257.59193992614746,0.006711152168279054,0.0,0.0020496696952206394,0.027207849120485447,,,,
5892,0.001,adam,5893,257.6202838420868,0.006719034011866823,0.0,0.0022406831495428046,0.02912586550729487,,,,
5893,0.001,adam,5894,257.65706276893616,0.006712784470219804,0.0,0.002541394028577401,0.03212672475599382,,,,
5894,0.001,adam,5895,257.6947808265686,0.006697712858313642,0.0,0.003345711057498315,0.040154823433296793,,,,
5895,0.001,adam,5896,257.7369165420532,0.006714700699199384,0.0,0.00492880777004152,0.05600277839961458,,,,
5896,0.001,adam,5897,257.77384090423584,0.006701103259421709,0.0,0.0058668491930386705,0.06536959518980841,,,,
5897,0.001,adam,5898,257.8160333633423,0.006723706237347548,0.0,0.008074953520791132,0.08747324144525886,,,,
5898,0.001,adam,5899,257.86019253730774,0.006703579152292274,0.0,0.00792747964062646,0.08597837555855686,,,,
5899,0.001,adam,5900,257.9167137145996,0.006728006296819882,0.0,0.006879133649246699,0.07551934278928688,0.005807526448910453,0.0,0.0037985390805432267,0.04379291725434272
5900,0.001,adam,5901,257.96863532066345,0.006708299307275318,0.0,0.0038080280356133983,0.0447885796634093,,,,
5901,0.001,adam,5902,258.00717186927795,0.006716201079299236,0.0,0.0019943912507669834,0.02666011358696907,,,,
5902,0.001,adam,5903,258.0497975349426,0.006729521542245429,0.0,0.003146032871691186,0.03818985025915729,,,,
5903,0.001,adam,5904,258.09271788597107,0.006694996356287416,0.0,0.005199239076766797,0.05868738712395539,,,,
5904,0.001,adam,5905,258.13659286499023,0.006710807778725211,0.0,0.007587293548770158,0.08258374326642678,,,,
5905,0.001,adam,5906,258.18569779396057,0.0067082908253987715,0.0,0.008551436341680516,0.09222265424220392,,,,
5906,0.001,adam,5907,258.2364275455475,0.006730567377328574,0.0,0.007220032440984387,0.07893089178717246,,,,
5907,0.001,adam,5908,258.2770812511444,0.00670126591753681,0.0,0.006117736016486989,0.0678786260824067,,,,
5908,0.001,adam,5909,258.314040184021,0.006714855994069701,0.0,0.004353865972413802,0.05025351571820772,,,,
5909,0.001,adam,5910,258.35349583625793,0.006707861986500412,0.0,0.00361038157446735,0.04281167773117391,,,,
5910,0.001,adam,5911,258.3954532146454,0.006686440306977772,0.0,0.004086186117233224,0.047548301479310016,,,,
5911,0.001,adam,5912,258.44063663482666,0.0067054389364570085,0.0,0.005997132603014528,0.06667676496660228,,,,
5912,0.001,adam,5913,258.4742646217346,0.006681359314382576,0.0,0.007439859697892024,0.08107995629330281,,,,
5913,0.001,adam,5914,258.51003336906433,0.006727983521339297,0.0,0.00929374688307123,0.0996654523520516,,,,
5914,0.001,adam,5915,258.541615486145,0.0067259239292522975,0.0,0.007626763064244474,0.08299355457169703,,,,
5915,0.001,adam,5916,258.58294653892517,0.00670816020830527,0.0,0.0045410149959432084,0.05211831016773735,,,,
5916,0.001,adam,5917,258.61443567276,0.0067219062029857425,0.0,0.004322942729609783,0.04995133349908357,,,,
5917,0.001,adam,5918,258.6674835681915,0.006676469112669488,0.0,0.005447568269977646,0.061152151812445946,,,,
5918,0.001,adam,5919,258.7082767486572,0.006728675914759793,0.0,0.006143504297443295,0.06816371888919275,,,,
5919,0.001,adam,5920,258.7515079975128,0.006725948658564849,0.0,0.0059812597301567155,0.066538545960132,0.005775392204722873,0.0,0.005563226309931994,0.06140765530404282
5920,0.001,adam,5921,258.8238191604614,0.006696895383604654,0.0,0.005323805346488794,0.0599349488484926,,,,
5921,0.001,adam,5922,258.85636830329895,0.006712350230989671,0.0,0.003554873838836661,0.04226108861935628,,,,
5922,0.001,adam,5923,258.89744687080383,0.006685780689083543,0.0,0.0024203885836288942,0.030889666525372485,,,,
5923,0.001,adam,5924,258.93221640586853,0.006712906579094641,0.0,0.003509457369929878,0.04180748027839343,,,,
5924,0.001,adam,5925,258.9775354862213,0.006726076913059026,0.0,0.004871005725109991,0.055436134164158934,,,,
5925,0.001,adam,5926,259.00995993614197,0.006717774302002253,0.0,0.004860917940858518,0.055326953710587434,,,,
5926,0.001,adam,5927,259.0513651371002,0.006732721467184787,0.0,0.0039074522045749295,0.04580724351293408,,,,
5927,0.001,adam,5928,259.0881164073944,0.006713341211566598,0.0,0.002181095165831325,0.02852429286987985,,,,
5928,0.001,adam,5929,259.1363866329193,0.006714873104152767,0.0,0.0028889533260511155,0.03560440636466392,,,,
5929,0.001,adam,5930,259.1770887374878,0.006702024604562861,0.0,0.004264530887454485,0.049347333479107705,,,,
5930,0.001,adam,5931,259.23475766181946,0.006696073125420213,0.0,0.004389425998551809,0.0505903331109383,,,,
5931,0.001,adam,5932,259.26801109313965,0.00668072278489602,0.0,0.003086228889395721,0.037543011678853225,,,,
5932,0.001,adam,5933,259.3095591068268,0.006690775460921589,0.0,0.002497733489914753,0.03166811036006912,,,,
5933,0.001,adam,5934,259.3411154747009,0.006668176031149983,0.0,0.0024411927400953136,0.03108010343210312,,,,
5934,0.001,adam,5935,259.3863401412964,0.006650056833177308,0.0,0.003052439228721055,0.03717444912038786,,,,
5935,0.001,adam,5936,259.4240560531616,0.006646048680444131,0.0,0.0027709245506783104,0.034355294187227235,,,,
5936,0.001,adam,5937,259.465873003006,0.006635963268416873,0.0,0.0030466851692300644,0.03710281496071752,,,,
5937,0.001,adam,5938,259.4976055622101,0.0066503319621721265,0.0,0.002364364851233566,0.03029398047450779,,,,
5938,0.001,adam,5939,259.5527136325836,0.006654897262743538,0.0,0.0021684848420463676,0.028339745683207216,,,,
5939,0.001,adam,5940,259.5999388694763,0.006659259963641603,0.0,0.0022648697995057846,0.02930795795869945,0.005768083754365384,0.0,0.0025032484791589955,0.030800568545955337
5940,0.001,adam,5941,259.66138339042664,0.006672408230633102,0.0,0.0026795315744680744,0.03346772397531385,,,,
5941,0.001,adam,5942,259.7016952037811,0.00665332244584778,0.0,0.0023524203344703226,0.030177525790551003,,,,
5942,0.001,adam,5943,259.74551153182983,0.0066651441906179,0.0,0.0032196262048244566,0.038861406238862466,,,,
5943,0.001,adam,5944,259.7917425632477,0.006650570563417998,0.0,0.002213856618575715,0.02878913674917515,,,,
5944,0.001,adam,5945,259.83953833580017,0.006662795676538781,0.0,0.0022458568473612576,0.02912136415015136,,,,
5945,0.001,adam,5946,259.88451647758484,0.006661704999100888,0.0,0.001608038472683066,0.02274208972593155,,,,
5946,0.001,adam,5947,259.92406153678894,0.006670389814983457,0.0,0.0024217125769652,0.03088751558463546,,,,
5947,0.001,adam,5948,259.9755322933197,0.006681366944342084,0.0,0.002613731815060719,0.03281868509494927,,,,
5948,0.001,adam,5949,260.0318343639374,0.006661233500513302,0.0,0.0024674645133559926,0.03133587863407323,,,,
5949,0.001,adam,5950,260.07196736335754,0.006657207308880029,0.0,0.0029970122033262823,0.036627329342142856,,,,
5950,0.001,adam,5951,260.1094796657562,0.006646857197212184,0.0,0.0028386738597749425,0.03503359579496161,,,,
5951,0.001,adam,5952,260.1409080028534,0.0066417785490919526,0.0,0.0023022854454790623,0.029664633003882578,,,,
5952,0.001,adam,5953,260.1900670528412,0.006634829490970766,0.0,0.0026162793742714767,0.032797623233685534,,,,
5953,0.001,adam,5954,260.2270121574402,0.006623690678959679,0.0,0.0024316197988037453,0.03093988866699713,,,,
5954,0.001,adam,5955,260.2610869407654,0.006636290611427262,0.0,0.0029884370513833525,0.036520661125260784,,,,
5955,0.001,adam,5956,260.29908084869385,0.00663746892905625,0.0,0.0039816138456381985,0.04645360738543824,,,,
5956,0.001,adam,5957,260.3362157344818,0.006647914807105693,0.0,0.004187162167471036,0.04851953648181605,,,,
5957,0.001,adam,5958,260.3820924758911,0.006649204741152215,0.0,0.002854417424480623,0.035193378985958444,,,,
5958,0.001,adam,5959,260.41356229782104,0.006649324233541901,0.0,0.0023800932751076556,0.030450256984618458,,,,
5959,0.001,adam,5960,260.44204354286194,0.006650913008525623,0.0,0.002382377764367253,0.030474690652198152,0.00573353713270008,0.0,0.0022379527275587356,0.028113064408287435
5960,0.001,adam,5961,260.4917342662811,0.006632020763686984,0.0,0.0022563768103128884,0.02919578886681587,,,,
5961,0.001,adam,5962,260.53422713279724,0.006640849117611037,0.0,0.0026832287402519207,0.033473136520130245,,,,
5962,0.001,adam,5963,260.58420586586,0.0066478164343936625,0.0,0.0019672707409426,0.02632052384381966,,,,
5963,0.001,adam,5964,260.64290261268616,0.006644946989048033,0.0,0.0028016911601971093,0.034661858591019126,,,,
5964,0.001,adam,5965,260.6969459056854,0.006641122034611882,0.0,0.0030211377752723326,0.03685249978733521,,,,
5965,0.001,adam,5966,260.7371678352356,0.006614439099538395,0.0,0.0024777031988381356,0.031391471087919745,,,,
5966,0.001,adam,5967,260.7707772254944,0.006612116678236697,0.0,0.0030727140369329006,0.0373392570475657,,,,
5967,0.001,adam,5968,260.817667722702,0.006616326337777824,0.0,0.0020170927970026846,0.026787254307804667,,,,
5968,0.001,adam,5969,260.8647758960724,0.0066268280161840155,0.0,0.0021962819548028414,0.02858964756421243,,,,
5969,0.001,adam,5970,260.91798996925354,0.0066403796074508735,0.0,0.002323385876745561,0.029874238374906482,,,,
5970,0.001,adam,5971,260.95327281951904,0.006620858917022304,0.0,0.00274354095183854,0.034056268435407704,,,,
5971,0.001,adam,5972,260.9840657711029,0.006617029865912865,0.0,0.0018463743473011891,0.025080773338924757,,,,
5972,0.001,adam,5973,261.01644229888916,0.006622309644233042,0.0,0.0019674892673403094,0.026297202317636135,,,,
5973,0.001,adam,5974,261.04063510894775,0.006630165680032197,0.0,0.002640958444344044,0.033039750123472635,,,,
5974,0.001,adam,5975,261.06474256515503,0.0066450116712094935,0.0,0.0026245883328302492,0.03289089499951199,,,,
5975,0.001,adam,5976,261.0917344093323,0.006622028493176554,0.0,0.002528846527626346,0.03191049376944001,,,,
5976,0.001,adam,5977,261.1302101612091,0.006631252521967363,0.0,0.002567904682990772,0.032310299351875085,,,,
5977,0.001,adam,5978,261.15961360931396,0.006626592479031518,0.0,0.0021963002870185964,0.028589595349217484,,,,
5978,0.001,adam,5979,261.1942014694214,0.006633368871627782,0.0,0.002912593635301065,0.03575930522463843,,,,
5979,0.001,adam,5980,261.2375249862671,0.006648104347003611,0.0,0.003075787926551119,0.0374059836125148,0.0057325088192081534,0.0,0.002438593935429892,0.030118448173507076
5980,0.001,adam,5981,261.2745146751404,0.006636046654547759,0.0,0.0022833442360798823,0.029469489015346583,,,,
5981,0.001,adam,5982,261.3025493621826,0.006630554388462733,0.0,0.0021714705625952807,0.028345260014415542,,,,
5982,0.001,adam,5983,261.33225750923157,0.006640929800331242,0.0,0.0023536888587848705,0.03017781838817995,,,,
5983,0.001,adam,5984,261.3797209262848,0.00663309649354011,0.0,0.002727968936695322,0.03391278586049333,,,,
5984,0.001,adam,5985,261.4131965637207,0.006633408311108763,0.0,0.0022095899812492542,0.028729308123601305,,,,
5985,0.001,adam,5986,261.4452359676361,0.006610609328434842,0.0,0.0024395479250448825,0.031006088578883668,,,,
5986,0.001,adam,5987,261.4708580970764,0.006604685045402542,0.0,0.010709744859634763,0.11370213364175016,,,,
5987,0.001,adam,5988,261.49716210365295,0.006613781556489246,0.0,0.0037514807132495546,0.044128588688984796,,,,
5988,0.001,adam,5989,261.526486158371,0.006590079471769471,0.0,0.0047116854188774815,0.053706933660544284,,,,
5989,0.001,adam,5990,261.5777471065521,0.006612569480651032,0.0,0.0050737772564349816,0.05735034204500085,,,,
5990,0.001,adam,5991,261.61399698257446,0.0066132039191446265,0.0,0.003910719159668957,0.0457203955158342,,,,
5991,0.001,adam,5992,261.6487121582031,0.006624889226953569,0.0,0.0036968133331182146,0.04359302255813571,,,,
5992,0.001,adam,5993,261.6925542354584,0.006625548131121789,0.0,0.003424728948431055,0.04087283761543234,,,,
5993,0.001,adam,5994,261.7320783138275,0.006628067916354358,0.0,0.003141216279718748,0.03804023071354183,,,,
5994,0.001,adam,5995,261.7683551311493,0.006613268981403828,0.0,0.0018445621558146649,0.025058890539550478,,,,
5995,0.001,adam,5996,261.7931878566742,0.006614707802491283,0.0,0.002002752326388169,0.026642231066372975,,,,
5996,0.001,adam,5997,261.8304522037506,0.0066284065215283135,0.0,0.0026429488391217586,0.0330578949127459,,,,
5997,0.001,adam,5998,261.8592643737793,0.006621034813105462,0.0,0.00429080054410283,0.04952904025413376,,,,
5998,0.001,adam,5999,261.8903319835663,0.006624868430791861,0.0,0.006611640558883171,0.07274127401962358,,,,
5999,0.001,adam,6000,261.9174439907074,0.006609531672892686,0.0,0.007350180302777837,0.08011133470067106,0.005740765446095671,0.0,0.007162183966207758,0.07736260510817325
6020,0.0,lbfgs,6020,266.2836949825287,,,,0.021936704777062967,0.005903182630515667,0.0,0.0015576497400595479,0.021479680031111146
6040,0.0,lbfgs,6040,269.0368745326996,,,,0.020900978423256673,0.005866104652657532,0.0,0.0015158632980449788,0.021024737633107318
6060,0.0,lbfgs,6060,271.6754717826843,,,,0.019614522207921533,0.00575132349098576,0.0,0.0014338383806386558,0.02008970729737232
6080,0.0,lbfgs,6080,274.51127910614014,,,,0.01859606044404908,0.005631323622916127,0.0,0.0013851475166636361,0.01948279878955249
6100,0.0,lbfgs,6100,277.49527168273926,,,,0.01754660124284513,0.005506219357699295,0.0,0.0013076518614992692,0.018582737972691988
6120,0.0,lbfgs,6120,280.7618019580841,,,,0.016506039305352348,0.005346202284270119,0.0,0.0012545662385085097,0.017891864669355217
6140,0.0,lbfgs,6140,283.640789270401,,,,0.015444928906221678,0.00514096703445711,0.0,0.0011875712649185373,0.017016679683642483
6160,0.0,lbfgs,6160,286.51361107826233,,,,0.014636353104533276,0.005007020821617737,0.0,0.0011237639449338413,0.016244660270956147
6180,0.0,lbfgs,6180,289.39202904701233,,,,0.01391125193675298,0.004890981222066242,0.0,0.0010765292541839557,0.015656273763905798
6200,0.0,lbfgs,6200,292.18940806388855,,,,0.013225952352952552,0.00479512779177687,0.0,0.0010319091500832283,0.015114219292609154
6220,0.0,lbfgs,6220,295.10342168807983,,,,0.012597589391560287,0.004650644767179351,0.0,0.0009974897890716564,0.014625542657895913
6240,0.0,lbfgs,6240,298.3801727294922,,,,0.012031002401685642,0.004553587386606208,0.0,0.0009460536549478519,0.014014123936084727
6260,0.0,lbfgs,6260,301.50508427619934,,,,0.011457444072697078,0.004492681148475633,0.0,0.0008820028531240115,0.013312709679715748
6280,0.0,lbfgs,6280,304.57747316360474,,,,0.011025876184815708,0.004373735607685263,0.0,0.0008402667340917955,0.012776402948603218
6300,0.0,lbfgs,6300,307.2779586315155,,,,0.010590568465215226,0.00426749784646669,0.0,0.0008055821815996568,0.012323319662463257
6320,0.0,lbfgs,6320,309.95052790641785,,,,0.010192756309675189,0.004188054907186807,0.0,0.0007627981720342913,0.01181603662752972
6340,0.0,lbfgs,6340,312.6346437931061,,,,0.009831377495490533,0.004077498335647866,0.0,0.0007238872229658325,0.011316370565306192
6360,0.0,lbfgs,6360,315.654913187027,,,,0.009518932839641598,0.003978066010904522,0.0,0.000692282345554433,0.010900889466448852
6380,0.0,lbfgs,6380,318.50931692123413,,,,0.00921068345036873,0.0038895645626362396,0.0,0.0006705177703966085,0.010594742266602324
6400,0.0,lbfgs,6400,321.56598234176636,,,,0.00894860975034363,0.003832423228628548,0.0,0.0006492730366083936,0.010325153594712484
6420,0.0,lbfgs,6420,324.645281791687,,,,0.008658675549182308,0.003781811096134551,0.0,0.0006168960597602814,0.009950771693737365
6440,0.0,lbfgs,6440,327.7264082431793,,,,0.008400778878049298,0.0037181897616382045,0.0,0.0005874688525077327,0.00959287828671553
6460,0.0,lbfgs,6460,330.41075134277344,,,,0.008233072491436916,0.0036891629707664123,0.0,0.0005733363272684965,0.009422526243451378
6480,0.0,lbfgs,6480,332.97767663002014,,,,0.00803141516353341,0.003656284051445854,0.0,0.0005602000695581696,0.00925828474702755
6500,0.0,lbfgs,6500,335.75528740882874,,,,0.007839019548682439,0.003619141948073312,0.0,0.0005415801409392804,0.009034943357466116
6520,0.0,lbfgs,6520,338.96178698539734,,,,0.007663359860032709,0.0035952246406886486,0.0,0.0005324595309578388,0.008919819950267036
6540,0.0,lbfgs,6540,341.90519523620605,,,,0.007477714472384619,0.003575261186158017,0.0,0.0005194872884089357,0.008770134070247374
6560,0.0,lbfgs,6560,345.211306810379,,,,0.007322469154533074,0.003529612979060939,0.0,0.000509512817120771,0.00862474115026865
6580,0.0,lbfgs,6580,348.16148018836975,,,,0.007126043459339064,0.0034684156562541147,0.0,0.0004951606144075558,0.008420021800329672
6600,0.0,lbfgs,6600,351.1734251976013,,,,0.006973096380101408,0.003401393323747381,0.0,0.0004866247061438582,0.008267640385185963
6620,0.0,lbfgs,6620,353.9760437011719,,,,0.006798163036223588,0.003380590484769034,0.0,0.00047627197704157374,0.008143310255184772
6640,0.0,lbfgs,6640,357.1384243965149,,,,0.00664799958973456,0.0033471299527749565,0.0,0.00045793157217977417,0.007926445674572699
6660,0.0,lbfgs,6660,360.17696809768677,,,,0.006494397523431834,0.0033120559481832758,0.0,0.000443882892182218,0.007750884870005456
6680,0.0,lbfgs,6680,363.0415828227997,,,,0.006361246674027838,0.0032886646871445905,0.0,0.00043762787848964323,0.007664943472041023
6700,0.0,lbfgs,6700,365.7921266555786,,,,0.006234032612999034,0.003255907947580079,0.0,0.0004264062522570073,0.007519970470150152
6720,0.0,lbfgs,6720,368.85920453071594,,,,0.006122964588288697,0.003236332097661633,0.0,0.00041817756158105395,0.007418107713472172
6740,0.0,lbfgs,6740,371.6082718372345,,,,0.0060120425177411,0.003214830403819243,0.0,0.0004102515579151143,0.007317345982970386
6760,0.0,lbfgs,6760,374.36627101898193,,,,0.005908382438355341,0.0032014975659179017,0.0,0.0003975999021002432,0.007177496586920334
6780,0.0,lbfgs,6780,377.2621235847473,,,,0.005821490070835066,0.003200831952477055,0.0,0.0003869195437948583,0.007070027390425638
6800,0.0,lbfgs,6800,380.005273103714,,,,0.0057158475618963684,0.0031865518999002677,0.0,0.0003769070235057174,0.006955622134957442
6820,0.0,lbfgs,6820,383.1436548233032,,,,0.00561091859302079,0.003175798391476502,0.0,0.00036881921701655923,0.006863990561642094
6840,0.0,lbfgs,6840,386.02494192123413,,,,0.005508410036460031,0.0031637550023138877,0.0,0.0003613818926456749,0.006777573928770637
6860,0.0,lbfgs,6860,389.03855419158936,,,,0.005430294155241476,0.003140722645517569,0.0,0.0003573971865270958,0.006714694510788527
6880,0.0,lbfgs,6880,392.12354159355164,,,,0.005344545537030983,0.0031232224620811955,0.0,0.00034808310095525957,0.006604053471633791
6900,0.0,lbfgs,6900,395.3976948261261,,,,0.0052465944467344535,0.003112393932876444,0.0,0.0003360303880048819,0.006472697812925263
6920,0.0,lbfgs,6920,398.55091428756714,,,,0.005176894573904113,0.0030874481143350068,0.0,0.00032941234651328157,0.006381571579467822
6940,0.0,lbfgs,6940,401.57072734832764,,,,0.005130437508882429,0.003078343135738136,0.0,0.00032427650549733856,0.006321108190711522
6960,0.0,lbfgs,6960,404.52671551704407,,,,0.005048627268071334,0.0030813841322015188,0.0,0.0003185166725911863,0.006266550858113382
6980,0.0,lbfgs,6980,407.627965927124,,,,0.004991442220308329,0.003068306254214641,0.0,0.0003118582653779646,0.006186888907994287
7000,0.0,lbfgs,7000,410.8051493167877,,,,0.004943275155065034,0.0030635000666233664,0.0,0.000306322322095832,0.0061267232875816865
7020,0.0,lbfgs,7020,413.5895161628723,,,,0.0048740242494111465,0.0030503751658327743,0.0,0.0003004191771733461,0.0060545669375662355
7040,0.0,lbfgs,7040,416.82113122940063,,,,0.004819162883871306,0.0030340818298614522,0.0,0.00029360377199127985,0.005970119549774251
7060,0.0,lbfgs,7060,419.86096477508545,,,,0.0047632449076549215,0.0030267015462246112,0.0,0.0002916877818476373,0.005943579364700984
7080,0.0,lbfgs,7080,423.22666096687317,,,,0.004707465340484315,0.0030183047334154957,0.0,0.0002890364210043148,0.005908668943458643
7100,0.0,lbfgs,7100,426.0759298801422,,,,0.004660805899409949,0.0030136672405595257,0.0,0.0002852151529884494,0.005865818770444019
7120,0.0,lbfgs,7120,429.0304026603699,,,,0.0046185030796802255,0.0029966813840858002,0.0,0.0002844026556843358,0.005840707940929158
7140,0.0,lbfgs,7140,431.6834387779236,,,,0.004576983990353006,0.0029899141316148004,0.0,0.00027809432033815373,0.005770857334996338
7160,0.0,lbfgs,7160,434.7876477241516,,,,0.004524124669911907,0.0029871285257907364,0.0,0.00027145412188178317,0.005701669744608569
7180,0.0,lbfgs,7180,437.800883769989,,,,0.00447551673616114,0.002970630278502312,0.0,0.0002667828383404669,0.005638458661906981
7200,0.0,lbfgs,7200,441.3862314224243,,,,0.0044282137342276096,0.002953028307858406,0.0,0.0002634181025987025,0.005587209333845431
7220,0.0,lbfgs,7220,444.36321115493774,,,,0.004384805338674894,0.0029495274793923357,0.0,0.000258721601129261,0.005536743490684946
7240,0.0,lbfgs,7240,447.3572645187378,,,,0.004342685646649357,0.0029257805612971153,0.0,0.00025456201513960426,0.0054714007126931575
7260,0.0,lbfgs,7260,450.34587121009827,,,,0.004307053441210159,0.002925655908145281,0.0,0.0002502730836190182,0.005428386744335463
7280,0.0,lbfgs,7280,453.1870450973511,,,,0.004266029958260085,0.00291132112693033,0.0,0.00024772351877527045,0.005388556314683034
7300,0.0,lbfgs,7300,456.478568315506,,,,0.004226241970897264,0.0029026885995090414,0.0,0.00024362426242465407,0.005338931223755582
7320,0.0,lbfgs,7320,459.6078805923462,,,,0.004182024462665743,0.002890321581787641,0.0,0.00023888168825012598,0.005279138464288901
7340,0.0,lbfgs,7340,462.83804750442505,,,,0.004146945528768162,0.00289086307693218,0.0,0.00023542084197180496,0.005245071496650229
7360,0.0,lbfgs,7360,465.5649800300598,,,,0.004108948555388254,0.002869942799704628,0.0,0.000230970654719943,0.005179649346904057
7380,0.0,lbfgs,7380,468.6066563129425,,,,0.004070149326740511,0.002862766435126268,0.0,0.00022866019645496714,0.00514936839967594
7400,0.0,lbfgs,7400,471.45441722869873,,,,0.004038942801987569,0.002855106425309008,0.0,0.00022732699792339003,0.005128376404542908
7420,0.0,lbfgs,7420,474.21003460884094,,,,0.004011161840973411,0.002844864710323159,0.0,0.00022358525991358785,0.005080717309459038
7440,0.0,lbfgs,7440,476.9150507450104,,,,0.003986031019427399,0.0028426634505501324,0.0,0.00022114948610318645,0.005054158311581997
7460,0.0,lbfgs,7460,479.5050673484802,,,,0.003957368206380809,0.0028337153102131413,0.0,0.0002210187535947425,0.005043902846160566
7480,0.0,lbfgs,7480,482.5567967891693,,,,0.003925984614547993,0.0028212169373946364,0.0,0.0002194129750802276,0.005015346688196912
7500,0.0,lbfgs,7500,485.7476062774658,,,,0.0038878409944630597,0.0028142533867996614,0.0,0.00021696574688102624,0.004983910855609924
7520,0.0,lbfgs,7520,488.99306750297546,,,,0.0038579488916466653,0.0028101317937136426,0.0,0.00021491739871407889,0.004959305780854431
7540,0.0,lbfgs,7540,491.8652374744415,,,,0.0038263380794289867,0.002805764821382082,0.0,0.0002134901015825585,0.004940665837207666
7560,0.0,lbfgs,7560,494.36446928977966,,,,0.003796442492082292,0.0028005328270948697,0.0,0.00021210451783143695,0.004921578005409239
7580,0.0,lbfgs,7580,497.5439805984497,,,,0.0037640920173361717,0.0027934283205919342,0.0,0.00021174231805648342,0.004910851501156768
7600,0.0,lbfgs,7600,500.3302118778229,,,,0.0037361376797597975,0.0027862557908891984,0.0,0.00021079342900558447,0.004894190080945044
7620,0.0,lbfgs,7620,502.9486675262451,,,,0.003713592047102785,0.002775423416222071,0.0,0.00020880348849782528,0.004863458301200324
7640,0.0,lbfgs,7640,506.1481285095215,,,,0.0036825672319300653,0.002765174591515654,0.0,0.00020627478466653048,0.004827922438180959
7660,0.0,lbfgs,7660,509.0612123012543,,,,0.003651087221311784,0.002748281122730275,0.0,0.00020595088445519495,0.004807789967282225
7680,0.0,lbfgs,7680,512.9516990184784,,,,0.003629963187724457,0.002744223171148796,0.0,0.00020412280121798353,0.004785451183328631
7700,0.0,lbfgs,7700,515.7975337505341,,,,0.0036027882820266295,0.0027298461833551464,0.0,0.00020162650313220647,0.004746111214677211
7720,0.0,lbfgs,7720,518.6971483230591,,,,0.003577733969134855,0.0027201468396144696,0.0,0.00019721334988426312,0.004692280338457101
7740,0.0,lbfgs,7740,521.4661331176758,,,,0.0035585118224611893,0.002717602851146728,0.0,0.00019424086680823685,0.004660011519229097
7760,0.0,lbfgs,7760,524.3018679618835,,,,0.0035332910023760902,0.002700198862891149,0.0,0.00019205364304612004,0.004620735293352349
7780,0.0,lbfgs,7780,527.2531666755676,,,,0.0035014568829786737,0.002699935628610767,0.0,0.00018767096138484686,0.004576645242459236
7800,0.0,lbfgs,7800,530.5444207191467,,,,0.0034769054421621886,0.0026941044265979294,0.0,0.00018466472833099666,0.0045407517099078955
7820,0.0,lbfgs,7820,533.3537094593048,,,,0.003449136028727192,0.0026903491376794675,0.0,0.00018048097365300095,0.0044951588742094765
7840,0.0,lbfgs,7840,536.5392248630524,,,,0.0034303742260517467,0.002684410233538958,0.0,0.00017782367052727245,0.004462646938811683
7860,0.0,lbfgs,7860,539.1648938655853,,,,0.0034093142803094736,0.0026751010116354765,0.0,0.00017612341890344512,0.004436335200669928
7880,0.0,lbfgs,7880,542.2477777004242,,,,0.003381142970510252,0.00267251335845296,0.0,0.00017589198244728166,0.004431433182925777
7900,0.0,lbfgs,7900,545.3719272613525,,,,0.0033655388212245722,0.0026685733097103876,0.0,0.0001754166167065912,0.004422739476776299
7920,0.0,lbfgs,7920,548.5476622581482,,,,0.003340114994689906,0.0026684373826902055,0.0,0.0001731248917221111,0.004399686299911316
7940,0.0,lbfgs,7940,551.5347816944122,,,,0.003320301661691718,0.002662850092112852,0.0,0.00017231638178749506,0.004386013909987803
7960,0.0,lbfgs,7960,554.1651513576508,,,,0.0033013997615321386,0.0026551660729686125,0.0,0.00017229680200618586,0.004378134093030471
7980,0.0,lbfgs,7980,556.6525933742523,,,,0.0032793187582600587,0.0026429264046711246,0.0,0.0001714349244802211,0.004357275649473335
8000,0.0,lbfgs,8000,558.7680668830872,,,,0.003258900314499445,0.002637313219671683,0.0,0.00017058364092109002,0.004343149628882583
